x_m,y_m,E_diam_given_detectable_m
0.0,-1800.0,
-360.0,-1760.0,
-320.0,-1760.0,
-280.0,-1760.0,
-240.0,-1760.0,
-200.0,-1760.0,
-160.0,-1760.0,
-120.0,-1760.0,
-80.0,-1760.0,
-40.0,-1760.0,
0.0,-1760.0,
40.0,-1760.0,
80.0,-1760.0,
120.0,-1760.0,
160.0,-1760.0,
200.0,-1760.0,
240.0,-1760.0,
280.0,-1760.0,
320.0,-1760.0,
360.0,-1760.0,
-520.0,-1720.0,
-480.0,-1720.0,
-440.0,-1720.0,
-400.0,-1720.0,
-360.0,-1720.0,
-320.0,-1720.0,
-280.0,-1720.0,
-240.0,-1720.0,
-200.0,-1720.0,
-160.0,-1720.0,
-120.0,-1720.0,
-80.0,-1720.0,
-40.0,-1720.0,
0.0,-1720.0,
40.0,-1720.0,
80.0,-1720.0,
120.0,-1720.0,
160.0,-1720.0,
200.0,-1720.0,
240.0,-1720.0,
280.0,-1720.0,
320.0,-1720.0,
360.0,-1720.0,
400.0,-1720.0,
440.0,-1720.0,
480.0,-1720.0,
520.0,-1720.0,
-640.0,-1680.0,
-600.0,-1680.0,
-560.0,-1680.0,
-520.0,-1680.0,
-480.0,-1680.0,
-440.0,-1680.0,
-400.0,-1680.0,
-360.0,-1680.0,
-320.0,-1680.0,
-280.0,-1680.0,
-240.0,-1680.0,
-200.0,-1680.0,
-160.0,-1680.0,
-120.0,-1680.0,
-80.0,-1680.0,
-40.0,-1680.0,
0.0,-1680.0,
40.0,-1680.0,
80.0,-1680.0,
120.0,-1680.0,
160.0,-1680.0,
200.0,-1680.0,
240.0,-1680.0,
280.0,-1680.0,
320.0,-1680.0,
360.0,-1680.0,
400.0,-1680.0,
440.0,-1680.0,
480.0,-1680.0,
520.0,-1680.0,
560.0,-1680.0,
600.0,-1680.0,
640.0,-1680.0,
-720.0,-1640.0,
-680.0,-1640.0,
-640.0,-1640.0,
-600.0,-1640.0,
-560.0,-1640.0,
-520.0,-1640.0,
-480.0,-1640.0,
-440.0,-1640.0,
-400.0,-1640.0,
-360.0,-1640.0,
-320.0,-1640.0,
-280.0,-1640.0,
-240.0,-1640.0,
-200.0,-1640.0,
-160.0,-1640.0,
-120.0,-1640.0,
-80.0,-1640.0,
-40.0,-1640.0,
0.0,-1640.0,
40.0,-1640.0,
80.0,-1640.0,
120.0,-1640.0,
160.0,-1640.0,
200.0,-1640.0,
240.0,-1640.0,
280.0,-1640.0,
320.0,-1640.0,
360.0,-1640.0,
400.0,-1640.0,
440.0,-1640.0,
480.0,-1640.0,
520.0,-1640.0,
560.0,-1640.0,
600.0,-1640.0,
640.0,-1640.0,
680.0,-1640.0,
720.0,-1640.0,
-800.0,-1600.0,
-760.0,-1600.0,
-720.0,-1600.0,
-680.0,-1600.0,
-640.0,-1600.0,
-600.0,-1600.0,
-560.0,-1600.0,
-520.0,-1600.0,
-480.0,-1600.0,
-440.0,-1600.0,
-400.0,-1600.0,
-360.0,-1600.0,
-320.0,-1600.0,
-280.0,-1600.0,
-240.0,-1600.0,
-200.0,-1600.0,
-160.0,-1600.0,
-120.0,-1600.0,
-80.0,-1600.0,
-40.0,-1600.0,
0.0,-1600.0,
40.0,-1600.0,
80.0,-1600.0,
120.0,-1600.0,
160.0,-1600.0,
200.0,-1600.0,
240.0,-1600.0,
280.0,-1600.0,
320.0,-1600.0,
360.0,-1600.0,
400.0,-1600.0,
440.0,-1600.0,
480.0,-1600.0,
520.0,-1600.0,
560.0,-1600.0,
600.0,-1600.0,
640.0,-1600.0,
680.0,-1600.0,
720.0,-1600.0,
760.0,-1600.0,
800.0,-1600.0,
-880.0,-1560.0,
-840.0,-1560.0,
-800.0,-1560.0,
-760.0,-1560.0,
-720.0,-1560.0,
-680.0,-1560.0,
-640.0,-1560.0,
-600.0,-1560.0,
-560.0,-1560.0,
-520.0,-1560.0,
-480.0,-1560.0,
-440.0,-1560.0,
-400.0,-1560.0,
-360.0,-1560.0,
-320.0,-1560.0,
-280.0,-1560.0,
-240.0,-1560.0,
-200.0,-1560.0,
-160.0,-1560.0,
-120.0,-1560.0,
-80.0,-1560.0,
-40.0,-1560.0,
0.0,-1560.0,
40.0,-1560.0,
80.0,-1560.0,
120.0,-1560.0,
160.0,-1560.0,
200.0,-1560.0,
240.0,-1560.0,
280.0,-1560.0,
320.0,-1560.0,
360.0,-1560.0,
400.0,-1560.0,
440.0,-1560.0,
480.0,-1560.0,
520.0,-1560.0,
560.0,-1560.0,
600.0,-1560.0,
640.0,-1560.0,
680.0,-1560.0,
720.0,-1560.0,
760.0,-1560.0,
800.0,-1560.0,
840.0,-1560.0,
880.0,-1560.0,
-960.0,-1520.0,
-920.0,-1520.0,
-880.0,-1520.0,
-840.0,-1520.0,
-800.0,-1520.0,
-760.0,-1520.0,
-720.0,-1520.0,
-680.0,-1520.0,
-640.0,-1520.0,
-600.0,-1520.0,
-560.0,-1520.0,
-520.0,-1520.0,
-480.0,-1520.0,
-440.0,-1520.0,
-400.0,-1520.0,
-360.0,-1520.0,
-320.0,-1520.0,
-280.0,-1520.0,
-240.0,-1520.0,
-200.0,-1520.0,
-160.0,-1520.0,
-120.0,-1520.0,
-80.0,-1520.0,
-40.0,-1520.0,
0.0,-1520.0,
40.0,-1520.0,
80.0,-1520.0,
120.0,-1520.0,
160.0,-1520.0,
200.0,-1520.0,
240.0,-1520.0,
280.0,-1520.0,
320.0,-1520.0,
360.0,-1520.0,
400.0,-1520.0,
440.0,-1520.0,
480.0,-1520.0,
520.0,-1520.0,
560.0,-1520.0,
600.0,-1520.0,
640.0,-1520.0,
680.0,-1520.0,
720.0,-1520.0,
760.0,-1520.0,
800.0,-1520.0,
840.0,-1520.0,
880.0,-1520.0,
920.0,-1520.0,
960.0,-1520.0,
-1000.0,-1480.0,
-960.0,-1480.0,
-920.0,-1480.0,
-880.0,-1480.0,
-840.0,-1480.0,
-800.0,-1480.0,
-760.0,-1480.0,
-720.0,-1480.0,
-680.0,-1480.0,
-640.0,-1480.0,
-600.0,-1480.0,
-560.0,-1480.0,
-520.0,-1480.0,
-480.0,-1480.0,
-440.0,-1480.0,
-400.0,-1480.0,
-360.0,-1480.0,
-320.0,-1480.0,
-280.0,-1480.0,
-240.0,-1480.0,
-200.0,-1480.0,59.424464
-160.0,-1480.0,58.433364
-120.0,-1480.0,57.517325
-80.0,-1480.0,56.676275
-40.0,-1480.0,55.910141
0.0,-1480.0,55.218853
40.0,-1480.0,54.602347
80.0,-1480.0,54.061785
120.0,-1480.0,53.603218
160.0,-1480.0,53.236331
200.0,-1480.0,52.974671
240.0,-1480.0,52.835552
280.0,-1480.0,52.840057
320.0,-1480.0,53.012879
360.0,-1480.0,53.379873
400.0,-1480.0,53.868084
440.0,-1480.0,54.430413
480.0,-1480.0,55.067139
520.0,-1480.0,55.778321
560.0,-1480.0,56.563963
600.0,-1480.0,
640.0,-1480.0,
680.0,-1480.0,
720.0,-1480.0,
760.0,-1480.0,
800.0,-1480.0,
840.0,-1480.0,
880.0,-1480.0,
920.0,-1480.0,
960.0,-1480.0,
1000.0,-1480.0,
-1080.0,-1440.0,
-1040.0,-1440.0,
-1000.0,-1440.0,
-960.0,-1440.0,
-920.0,-1440.0,
-880.0,-1440.0,
-840.0,-1440.0,
-800.0,-1440.0,
-760.0,-1440.0,
-720.0,-1440.0,
-680.0,-1440.0,
-640.0,-1440.0,
-600.0,-1440.0,
-560.0,-1440.0,
-520.0,-1440.0,
-480.0,-1440.0,
-440.0,-1440.0,
-400.0,-1440.0,64.493484
-360.0,-1440.0,63.088406
-320.0,-1440.0,61.760851
-280.0,-1440.0,60.510751
-240.0,-1440.0,59.338034
-200.0,-1440.0,58.242539
-160.0,-1440.0,57.224229
-120.0,-1440.0,56.2831
-80.0,-1440.0,55.419074
-40.0,-1440.0,54.632071
0.0,-1440.0,53.92201
40.0,-1440.0,53.288824
80.0,-1440.0,52.733758
120.0,-1440.0,52.263014
160.0,-1440.0,51.88653
200.0,-1440.0,51.618221
240.0,-1440.0,51.475856
280.0,-1440.0,51.48095
320.0,-1440.0,51.658891
360.0,-1440.0,52.03617
400.0,-1440.0,52.537661
440.0,-1440.0,53.115552
480.0,-1440.0,53.769724
520.0,-1440.0,54.500234
560.0,-1440.0,55.307307
600.0,-1440.0,56.191003
640.0,-1440.0,57.150934
680.0,-1440.0,58.187614
720.0,-1440.0,59.300989
760.0,-1440.0,60.490767
800.0,-1440.0,
840.0,-1440.0,
880.0,-1440.0,
920.0,-1440.0,
960.0,-1440.0,
1000.0,-1440.0,
1040.0,-1440.0,
1080.0,-1440.0,
-1120.0,-1400.0,
-1080.0,-1400.0,
-1040.0,-1400.0,
-1000.0,-1400.0,
-960.0,-1400.0,
-920.0,-1400.0,
-880.0,-1400.0,
-840.0,-1400.0,
-800.0,-1400.0,
-760.0,-1400.0,
-720.0,-1400.0,
-680.0,-1400.0,
-640.0,-1400.0,
-600.0,-1400.0,
-560.0,-1400.0,
-520.0,-1400.0,68.313368
-480.0,-1400.0,66.629135
-440.0,-1400.0,65.024529
-400.0,-1400.0,63.49983
-360.0,-1400.0,62.054972
-320.0,-1400.0,60.689885
-280.0,-1400.0,59.404279
-240.0,-1400.0,58.198313
-200.0,-1400.0,57.071914
-160.0,-1400.0,56.024999
-120.0,-1400.0,55.057482
-80.0,-1400.0,54.169275
-40.0,-1400.0,53.36029
0.0,-1400.0,52.630438
40.0,-1400.0,51.979643
80.0,-1400.0,51.40924
120.0,-1400.0,50.925586
160.0,-1400.0,50.53889
200.0,-1400.0,50.263445
240.0,-1400.0,50.117518
280.0,-1400.0,50.123339
320.0,-1400.0,50.306889
360.0,-1400.0,50.695154
400.0,-1400.0,51.210614
440.0,-1400.0,51.804613
480.0,-1400.0,52.47722
520.0,-1400.0,53.228436
560.0,-1400.0,54.058075
600.0,-1400.0,54.966522
640.0,-1400.0,55.953825
680.0,-1400.0,57.019601
720.0,-1400.0,58.164396
760.0,-1400.0,59.38799
800.0,-1400.0,60.690388
840.0,-1400.0,62.071854
880.0,-1400.0,63.531964
920.0,-1400.0,
960.0,-1400.0,
1000.0,-1400.0,
1040.0,-1400.0,
1080.0,-1400.0,
1120.0,-1400.0,
-1160.0,-1360.0,
-1120.0,-1360.0,
-1080.0,-1360.0,
-1040.0,-1360.0,
-1000.0,-1360.0,
-960.0,-1360.0,
-920.0,-1360.0,
-880.0,-1360.0,
-840.0,-1360.0,
-800.0,-1360.0,
-760.0,-1360.0,
-720.0,-1360.0,
-680.0,-1360.0,
-640.0,-1360.0,
-600.0,-1360.0,71.198075
-560.0,-1360.0,69.299758
-520.0,-1360.0,67.483785
-480.0,-1360.0,65.749915
-440.0,-1360.0,64.098411
-400.0,-1360.0,62.529207
-360.0,-1360.0,61.04203
-320.0,-1360.0,59.63695
-280.0,-1360.0,58.313974
-240.0,-1360.0,57.073019
-200.0,-1360.0,55.913998
-160.0,-1360.0,54.836819
-120.0,-1360.0,53.841313
-80.0,-1360.0,52.927453
-40.0,-1360.0,52.095175
0.0,-1360.0,51.344378
40.0,-1360.0,50.674977
80.0,-1360.0,50.0884
120.0,-1360.0,49.591166
160.0,-1360.0,49.193772
200.0,-1360.0,48.910828
240.0,-1360.0,48.761147
280.0,-1360.0,48.767588
320.0,-1360.0,48.956852
360.0,-1360.0,49.356674
400.0,-1360.0,49.887169
440.0,-1360.0,50.498296
480.0,-1360.0,51.190198
520.0,-1360.0,51.963063
560.0,-1360.0,52.816957
600.0,-1360.0,53.751564
640.0,-1360.0,54.767371
680.0,-1360.0,55.864349
720.0,-1360.0,57.04225
760.0,-1360.0,58.301586
800.0,-1360.0,59.64189
840.0,-1360.0,61.063619
880.0,-1360.0,62.566457
920.0,-1360.0,64.150687
960.0,-1360.0,65.815993
1000.0,-1360.0,
1040.0,-1360.0,
1080.0,-1360.0,
1120.0,-1360.0,
1160.0,-1360.0,
-1200.0,-1320.0,
-1160.0,-1320.0,
-1120.0,-1320.0,
-1080.0,-1320.0,
-1040.0,-1320.0,
-1000.0,-1320.0,
-960.0,-1320.0,
-920.0,-1320.0,
-880.0,-1320.0,
-840.0,-1320.0,
-800.0,-1320.0,
-760.0,-1320.0,
-720.0,-1320.0,
-680.0,-1320.0,74.680963
-640.0,-1320.0,72.555211
-600.0,-1320.0,70.514453
-560.0,-1320.0,68.558645
-520.0,-1320.0,66.687505
-480.0,-1320.0,64.901342
-440.0,-1320.0,63.200052
-400.0,-1320.0,61.583314
-360.0,-1320.0,60.051374
-320.0,-1320.0,58.604151
-280.0,-1320.0,57.241561
-240.0,-1320.0,55.963384
-200.0,-1320.0,54.769618
-160.0,-1320.0,53.660226
-120.0,-1320.0,52.635107
-80.0,-1320.0,51.694152
-40.0,-1320.0,50.837253
0.0,-1320.0,50.0643
40.0,-1320.0,49.375198
80.0,-1320.0,48.771467
120.0,-1320.0,48.259801
160.0,-1320.0,47.850999
200.0,-1320.0,47.560173
240.0,-1320.0,47.406676
280.0,-1320.0,47.413959
320.0,-1320.0,47.609325
360.0,-1320.0,48.02127
400.0,-1320.0,48.567395
440.0,-1320.0,49.196748
480.0,-1320.0,49.909333
520.0,-1320.0,50.705043
560.0,-1320.0,51.584236
600.0,-1320.0,52.546979
640.0,-1320.0,53.592947
680.0,-1320.0,54.722671
720.0,-1320.0,55.935968
760.0,-1320.0,57.23287
800.0,-1320.0,58.613632
840.0,-1320.0,60.077896
880.0,-1320.0,61.626149
920.0,-1320.0,63.257901
960.0,-1320.0,64.973585
1000.0,-1320.0,66.772888
1040.0,-1320.0,68.655852
1080.0,-1320.0,
1120.0,-1320.0,
1160.0,-1320.0,
1200.0,-1320.0,
-1240.0,-1280.0,
-1200.0,-1280.0,
-1160.0,-1280.0,
-1120.0,-1280.0,
-1080.0,-1280.0,
-1040.0,-1280.0,
-1000.0,-1280.0,
-960.0,-1280.0,
-920.0,-1280.0,
-880.0,-1280.0,
-840.0,-1280.0,
-800.0,-1280.0,
-760.0,-1280.0,78.818698
-720.0,-1280.0,76.451257
-680.0,-1280.0,74.171424
-640.0,-1280.0,71.979128
-600.0,-1280.0,69.874616
-560.0,-1280.0,67.857434
-520.0,-1280.0,65.928004
-480.0,-1280.0,64.086155
-440.0,-1280.0,62.331666
-400.0,-1280.0,60.664756
-360.0,-1280.0,59.085346
-320.0,-1280.0,57.5932
-280.0,-1280.0,56.1883
-240.0,-1280.0,54.870655
-200.0,-1280.0,53.640163
-160.0,-1280.0,52.496713
-120.0,-1280.0,51.440192
-80.0,-1280.0,50.470481
-40.0,-1280.0,49.587461
0.0,-1280.0,48.791007
40.0,-1280.0,48.081014
80.0,-1280.0,47.4591
120.0,-1280.0,46.932135
160.0,-1280.0,46.511247
200.0,-1280.0,46.211988
240.0,-1280.0,46.054302
280.0,-1280.0,46.062302
320.0,-1280.0,46.264239
360.0,-1280.0,46.689271
400.0,-1280.0,47.252016
440.0,-1280.0,47.900481
480.0,-1280.0,48.634822
520.0,-1280.0,49.455115
560.0,-1280.0,50.361121
600.0,-1280.0,51.353309
640.0,-1280.0,52.431679
680.0,-1280.0,53.596032
720.0,-1280.0,54.846875
760.0,-1280.0,56.183784
800.0,-1280.0,57.607233
840.0,-1280.0,59.11691
880.0,-1280.0,60.713153
920.0,-1280.0,62.3956
960.0,-1280.0,64.16475
1000.0,-1280.0,66.01987
1040.0,-1280.0,67.961588
1080.0,-1280.0,69.989565
1120.0,-1280.0,72.103585
1160.0,-1280.0,
1200.0,-1280.0,
1240.0,-1280.0,
-1280.0,-1240.0,
-1240.0,-1240.0,
-1200.0,-1240.0,
-1160.0,-1240.0,
-1120.0,-1240.0,
-1080.0,-1240.0,
-1040.0,-1240.0,
-1000.0,-1240.0,
-960.0,-1240.0,
-920.0,-1240.0,
-880.0,-1240.0,
-840.0,-1240.0,
-800.0,-1240.0,81.050928
-760.0,-1240.0,78.516121
-720.0,-1240.0,76.072125
-680.0,-1240.0,73.718298
-640.0,-1240.0,71.455252
-600.0,-1240.0,69.282482
-560.0,-1240.0,67.200328
-520.0,-1240.0,65.208703
-480.0,-1240.0,63.307364
-440.0,-1240.0,61.496569
-400.0,-1240.0,59.776214
-360.0,-1240.0,58.145972
-320.0,-1240.0,56.606052
-280.0,-1240.0,55.156357
-240.0,-1240.0,53.796782
-200.0,-1240.0,52.527172
-160.0,-1240.0,51.347358
-120.0,-1240.0,50.257334
-80.0,-1240.0,49.256971
-40.0,-1240.0,48.346134
0.0,-1240.0,47.524685
40.0,-1240.0,46.792505
80.0,-1240.0,46.151316
120.0,-1240.0,45.60817
160.0,-1240.0,45.174547
200.0,-1240.0,44.866473
240.0,-1240.0,44.704464
280.0,-1240.0,44.713237
320.0,-1240.0,44.921995
360.0,-1240.0,45.360665
400.0,-1240.0,45.941229
440.0,-1240.0,46.6102
480.0,-1240.0,47.367557
520.0,-1240.0,48.213636
560.0,-1240.0,49.148529
600.0,-1240.0,50.171977
640.0,-1240.0,51.284507
680.0,-1240.0,52.485974
720.0,-1240.0,53.776448
760.0,-1240.0,55.156183
800.0,-1240.0,56.624891
840.0,-1240.0,58.183013
880.0,-1240.0,59.830169
920.0,-1240.0,61.566692
960.0,-1240.0,63.392428
1000.0,-1240.0,65.307254
1040.0,-1240.0,67.311477
1080.0,-1240.0,69.404536
1120.0,-1240.0,71.586668
1160.0,-1240.0,73.857898
1200.0,-1240.0,
1240.0,-1240.0,
1280.0,-1240.0,
-1320.0,-1200.0,
-1280.0,-1200.0,
-1240.0,-1200.0,
-1200.0,-1200.0,
-1160.0,-1200.0,
-1120.0,-1200.0,
-1080.0,-1200.0,
-1040.0,-1200.0,
-1000.0,-1200.0,
-960.0,-1200.0,
-920.0,-1200.0,
-880.0,-1200.0,86.425219
-840.0,-1200.0,83.618494
-800.0,-1200.0,80.905423
-760.0,-1200.0,78.285833
-720.0,-1200.0,75.759794
-680.0,-1200.0,73.327359
-640.0,-1200.0,70.988512
-600.0,-1200.0,68.743216
-560.0,-1200.0,66.591659
-520.0,-1200.0,64.533444
-480.0,-1200.0,62.568935
-440.0,-1200.0,60.697956
-400.0,-1200.0,58.920295
-360.0,-1200.0,57.236129
-320.0,-1200.0,55.645362
-280.0,-1200.0,54.147792
-240.0,-1200.0,52.743306
-200.0,-1200.0,51.431909
-160.0,-1200.0,50.213471
-120.0,-1200.0,49.087855
-80.0,-1200.0,48.054916
-40.0,-1200.0,47.114503
0.0,-1200.0,46.266464
40.0,-1200.0,45.510663
80.0,-1200.0,44.84893
120.0,-1200.0,44.288515
160.0,-1200.0,43.841254
200.0,-1200.0,43.523695
240.0,-1200.0,43.357004
280.0,-1200.0,43.366794
320.0,-1200.0,43.583025
360.0,-1200.0,44.0362
400.0,-1200.0,44.635485
440.0,-1200.0,45.326162
480.0,-1200.0,46.108327
520.0,-1200.0,46.98182
560.0,-1200.0,47.947101
600.0,-1200.0,49.00421
640.0,-1200.0,50.153005
680.0,-1200.0,51.393999
720.0,-1200.0,52.726817
760.0,-1200.0,54.151959
800.0,-1200.0,55.669124
840.0,-1200.0,57.27871
880.0,-1200.0,58.980317
920.0,-1200.0,60.774473
960.0,-1200.0,62.660569
1000.0,-1200.0,64.639043
1040.0,-1200.0,66.709827
1080.0,-1200.0,68.872398
1120.0,-1200.0,71.127153
1160.0,-1200.0,73.473967
1200.0,-1200.0,75.91242
1240.0,-1200.0,78.442438
1280.0,-1200.0,
1320.0,-1200.0,
-1360.0,-1160.0,
-1320.0,-1160.0,
-1280.0,-1160.0,
-1240.0,-1160.0,
-1200.0,-1160.0,
-1160.0,-1160.0,
-1120.0,-1160.0,
-1080.0,-1160.0,
-1040.0,-1160.0,
-1000.0,-1160.0,
-960.0,-1160.0,
-920.0,-1160.0,89.557756
-880.0,-1160.0,86.557014
-840.0,-1160.0,83.652989
-800.0,-1160.0,80.845623
-760.0,-1160.0,78.135337
-720.0,-1160.0,75.521573
-680.0,-1160.0,73.005009
-640.0,-1160.0,70.585058
-600.0,-1160.0,68.262279
-560.0,-1160.0,66.036174
-520.0,-1160.0,63.907087
-480.0,-1160.0,61.874895
-440.0,-1160.0,59.939387
-400.0,-1160.0,58.100768
-360.0,-1160.0,56.358935
-320.0,-1160.0,54.713546
-280.0,-1160.0,53.164772
-240.0,-1160.0,51.712491
-200.0,-1160.0,50.356573
-160.0,-1160.0,49.096875
-120.0,-1160.0,47.933188
-80.0,-1160.0,46.865391
-40.0,-1160.0,45.893364
0.0,-1160.0,45.016933
40.0,-1160.0,44.235948
80.0,-1160.0,43.552346
120.0,-1160.0,42.97359
160.0,-1160.0,42.511894
200.0,-1160.0,42.184252
240.0,-1160.0,42.012562
280.0,-1160.0,42.023265
320.0,-1160.0,42.247251
360.0,-1160.0,42.71612
400.0,-1160.0,43.335521
440.0,-1160.0,44.049229
480.0,-1160.0,44.857565
520.0,-1160.0,45.760655
560.0,-1160.0,46.75832
600.0,-1160.0,47.851087
640.0,-1160.0,49.038867
680.0,-1160.0,50.321775
720.0,-1160.0,51.700073
760.0,-1160.0,53.173556
800.0,-1160.0,54.742624
840.0,-1160.0,56.407018
880.0,-1160.0,58.166973
920.0,-1160.0,60.0225
960.0,-1160.0,61.973315
1000.0,-1160.0,64.019791
1040.0,-1160.0,66.161598
1080.0,-1160.0,68.398592
1120.0,-1160.0,70.730951
1160.0,-1160.0,73.158537
1200.0,-1160.0,75.680914
1240.0,-1160.0,78.298054
1280.0,-1160.0,81.009909
1320.0,-1160.0,
1360.0,-1160.0,
-1400.0,-1120.0,
-1360.0,-1120.0,
-1320.0,-1120.0,
-1280.0,-1120.0,
-1240.0,-1120.0,
-1200.0,-1120.0,
-1160.0,-1120.0,
-1120.0,-1120.0,
-1080.0,-1120.0,
-1040.0,-1120.0,
-1000.0,-1120.0,
-960.0,-1120.0,93.115543
-920.0,-1120.0,89.906397
-880.0,-1120.0,86.797553
-840.0,-1120.0,83.789145
-800.0,-1120.0,80.880752
-760.0,-1120.0,78.072913
-720.0,-1120.0,75.365423
-680.0,-1120.0,72.758359
-640.0,-1120.0,70.251775
-600.0,-1120.0,67.845634
-560.0,-1120.0,65.539922
-520.0,-1120.0,63.334778
-480.0,-1120.0,61.229853
-440.0,-1120.0,59.225453
-400.0,-1120.0,57.321397
-360.0,-1120.0,55.517477
-320.0,-1120.0,53.813825
-280.0,-1120.0,52.210323
-240.0,-1120.0,50.706796
-200.0,-1120.0,49.303027
-160.0,-1120.0,47.999011
-120.0,-1120.0,46.794582
-80.0,-1120.0,45.689562
-40.0,-1120.0,44.683765
0.0,-1120.0,43.776996
40.0,-1120.0,42.969085
80.0,-1120.0,42.262085
120.0,-1120.0,41.663676
160.0,-1120.0,41.186481
200.0,-1120.0,40.848189
240.0,-1120.0,40.671333
280.0,-1120.0,40.683167
320.0,-1120.0,40.915446
360.0,-1120.0,41.400817
400.0,-1120.0,42.041652
440.0,-1120.0,42.780234
480.0,-1120.0,43.616492
520.0,-1120.0,44.550891
560.0,-1120.0,45.583522
600.0,-1120.0,46.714312
640.0,-1120.0,47.943793
680.0,-1120.0,49.271655
720.0,-1120.0,50.698433
760.0,-1120.0,52.223849
800.0,-1120.0,53.848373
840.0,-1120.0,55.571569
880.0,-1120.0,57.393991
920.0,-1120.0,59.315198
960.0,-1120.0,61.335401
1000.0,-1120.0,63.454705
1040.0,-1120.0,65.67263
1080.0,-1120.0,67.989339
1120.0,-1120.0,70.404822
1160.0,-1120.0,72.918928
1200.0,-1120.0,75.53126
1240.0,-1120.0,78.241723
1280.0,-1120.0,81.050253
1320.0,-1120.0,83.956618
1360.0,-1120.0,
1400.0,-1120.0,
-1440.0,-1080.0,
-1400.0,-1080.0,
-1360.0,-1080.0,
-1320.0,-1080.0,
-1280.0,-1080.0,
-1240.0,-1080.0,
-1200.0,-1080.0,
-1160.0,-1080.0,
-1120.0,-1080.0,
-1080.0,-1080.0,
-1040.0,-1080.0,
-1000.0,-1080.0,97.14563
-960.0,-1080.0,93.712945
-920.0,-1080.0,90.384008
-880.0,-1080.0,87.158994
-840.0,-1080.0,84.038181
-800.0,-1080.0,81.021412
-760.0,-1080.0,78.10874
-720.0,-1080.0,75.300497
-680.0,-1080.0,72.596186
-640.0,-1080.0,69.996429
-600.0,-1080.0,67.50069
-560.0,-1080.0,65.109481
-520.0,-1080.0,62.822309
-480.0,-1080.0,60.639521
-440.0,-1080.0,58.560959
-400.0,-1080.0,56.586435
-360.0,-1080.0,54.716103
-320.0,-1080.0,52.949852
-280.0,-1080.0,51.287335
-240.0,-1080.0,49.72866
-200.0,-1080.0,48.273681
-160.0,-1080.0,46.922231
-120.0,-1080.0,45.674127
-80.0,-1080.0,44.529174
-40.0,-1080.0,43.487162
0.0,-1080.0,42.547864
40.0,-1080.0,41.711112
80.0,-1080.0,40.979057
120.0,-1080.0,40.359613
160.0,-1080.0,39.86585
200.0,-1080.0,39.51606
240.0,-1080.0,39.333547
280.0,-1080.0,39.346524
320.0,-1080.0,39.587911
360.0,-1080.0,40.091054
400.0,-1080.0,40.754705
440.0,-1080.0,41.519687
480.0,-1080.0,42.386174
520.0,-1080.0,43.354076
560.0,-1080.0,44.423942
600.0,-1080.0,45.59575
640.0,-1080.0,46.86968
680.0,-1080.0,48.246016
720.0,-1080.0,49.724649
760.0,-1080.0,51.305951
800.0,-1080.0,52.989794
840.0,-1080.0,54.776323
880.0,-1080.0,56.665727
920.0,-1080.0,58.657558
960.0,-1080.0,60.752258
1000.0,-1080.0,62.949744
1040.0,-1080.0,65.249471
1080.0,-1080.0,67.651782
1120.0,-1080.0,70.156531
1160.0,-1080.0,72.763548
1200.0,-1080.0,75.472541
1240.0,-1080.0,78.283224
1280.0,-1080.0,81.19557
1320.0,-1080.0,84.209331
1360.0,-1080.0,87.324236
1400.0,-1080.0,
1440.0,-1080.0,
-1440.0,-1040.0,
-1400.0,-1040.0,
-1360.0,-1040.0,
-1320.0,-1040.0,
-1280.0,-1040.0,
-1240.0,-1040.0,
-1200.0,-1040.0,
-1160.0,-1040.0,
-1120.0,-1040.0,
-1080.0,-1040.0,
-1040.0,-1040.0,101.703595
-1000.0,-1040.0,98.029664
-960.0,-1040.0,94.463654
-920.0,-1040.0,91.005581
-880.0,-1040.0,87.655382
-840.0,-1040.0,84.413445
-800.0,-1040.0,81.27985
-760.0,-1040.0,78.254216
-720.0,-1040.0,75.337101
-680.0,-1040.0,72.528274
-640.0,-1040.0,69.827826
-600.0,-1040.0,67.235807
-560.0,-1040.0,64.752162
-520.0,-1040.0,62.376899
-480.0,-1040.0,60.110108
-440.0,-1040.0,57.951484
-400.0,-1040.0,55.901278
-360.0,-1040.0,53.9593
-320.0,-1040.0,52.125338
-280.0,-1040.0,50.399476
-240.0,-1040.0,48.781567
-200.0,-1040.0,47.271448
-160.0,-1040.0,45.868812
-120.0,-1040.0,44.573603
-80.0,-1040.0,43.385615
-40.0,-1040.0,42.304614
0.0,-1040.0,41.330354
40.0,-1040.0,40.462618
80.0,-1040.0,39.703695
120.0,-1040.0,39.061749
160.0,-1040.0,38.550321
200.0,-1040.0,38.188343
240.0,-1040.0,37.999851
280.0,-1040.0,38.014038
320.0,-1040.0,38.265002
360.0,-1040.0,38.787204
400.0,-1040.0,39.475562
440.0,-1040.0,40.268824
480.0,-1040.0,41.167474
520.0,-1040.0,42.171673
560.0,-1040.0,43.281438
600.0,-1040.0,44.497339
640.0,-1040.0,45.81915
680.0,-1040.0,47.247462
720.0,-1040.0,48.782032
760.0,-1040.0,50.423418
800.0,-1040.0,52.171161
840.0,-1040.0,54.025847
880.0,-1040.0,55.987217
920.0,-1040.0,58.055251
960.0,-1040.0,60.230157
1000.0,-1040.0,62.511741
1040.0,-1040.0,64.89968
1080.0,-1040.0,67.394167
1120.0,-1040.0,69.995037
1160.0,-1040.0,72.702102
1200.0,-1040.0,75.515148
1240.0,-1040.0,78.433842
1280.0,-1040.0,81.457978
1320.0,-1040.0,84.587377
1360.0,-1040.0,87.821748
1400.0,-1040.0,91.160781
1440.0,-1040.0,
-1480.0,-1000.0,
-1440.0,-1000.0,
-1400.0,-1000.0,
-1360.0,-1000.0,
-1320.0,-1000.0,
-1280.0,-1000.0,
-1240.0,-1000.0,
-1200.0,-1000.0,
-1160.0,-1000.0,
-1120.0,-1000.0,
-1080.0,-1000.0,106.853287
-1040.0,-1000.0,102.918738
-1000.0,-1000.0,99.096335
-960.0,-1000.0,95.386225
-920.0,-1000.0,91.788528
-880.0,-1000.0,88.303034
-840.0,-1000.0,84.930191
-800.0,-1000.0,81.670101
-760.0,-1000.0,78.522577
-720.0,-1000.0,75.487792
-680.0,-1000.0,72.565981
-640.0,-1000.0,69.75672
-600.0,-1000.0,67.060565
-560.0,-1000.0,64.477033
-520.0,-1000.0,62.006593
-480.0,-1000.0,59.648758
-440.0,-1000.0,57.40387
-400.0,-1000.0,55.271743
-360.0,-1000.0,53.252203
-320.0,-1000.0,51.345353
-280.0,-1000.0,49.551057
-240.0,-1000.0,47.868988
-200.0,-1000.0,46.29915
-160.0,-1000.0,44.84137
-120.0,-1000.0,43.495432
-80.0,-1000.0,42.261096
-40.0,-1000.0,41.138103
0.0,-1000.0,40.126175
40.0,-1000.0,39.225067
80.0,-1000.0,38.437185
120.0,-1000.0,37.77097
160.0,-1000.0,37.240464
200.0,-1000.0,36.865284
240.0,-1000.0,36.670438
280.0,-1000.0,36.68615
320.0,-1000.0,36.94751
360.0,-1000.0,37.490063
400.0,-1000.0,38.204812
440.0,-1000.0,39.028791
480.0,-1000.0,39.962019
520.0,-1000.0,41.005091
560.0,-1000.0,42.158079
600.0,-1000.0,43.421248
640.0,-1000.0,44.794931
680.0,-1000.0,46.279135
720.0,-1000.0,47.874223
760.0,-1000.0,49.580215
800.0,-1000.0,51.397178
840.0,-1000.0,53.325433
880.0,-1000.0,55.364544
920.0,-1000.0,57.514857
960.0,-1000.0,59.77637
1000.0,-1000.0,62.148824
1040.0,-1000.0,64.632028
1080.0,-1000.0,67.226062
1120.0,-1000.0,69.93074
1160.0,-1000.0,72.745853
1200.0,-1000.0,75.671164
1240.0,-1000.0,78.706411
1280.0,-1000.0,81.851313
1320.0,-1000.0,85.105566
1360.0,-1000.0,88.468847
1400.0,-1000.0,91.940812
1440.0,-1000.0,95.521102
1480.0,-1000.0,
-1520.0,-960.0,
-1480.0,-960.0,
-1440.0,-960.0,
-1400.0,-960.0,
-1360.0,-960.0,
-1320.0,-960.0,
-1280.0,-960.0,
-1240.0,-960.0,
-1200.0,-960.0,
-1160.0,-960.0,
-1120.0,-960.0,112.669361
-1080.0,-960.0,108.452365
-1040.0,-960.0,104.352087
-1000.0,-960.0,100.368692
-960.0,-960.0,96.502335
-920.0,-960.0,92.753158
-880.0,-960.0,89.121013
-840.0,-960.0,85.60624
-800.0,-960.0,82.20899
-760.0,-960.0,78.929283
-720.0,-960.0,75.766926
-680.0,-960.0,72.722355
-640.0,-960.0,69.795352
-600.0,-960.0,66.986035
-560.0,-960.0,64.294443
-520.0,-960.0,61.720508
-480.0,-960.0,59.264257
-440.0,-960.0,56.925734
-400.0,-960.0,54.704675
-360.0,-960.0,52.601272
-320.0,-960.0,50.61533
-280.0,-960.0,48.746621
-240.0,-960.0,46.995176
-200.0,-960.0,45.360811
-160.0,-960.0,43.843313
-120.0,-960.0,42.44241
-80.0,-960.0,41.157837
-40.0,-960.0,39.989371
0.0,-960.0,38.9367
40.0,-960.0,37.999548
80.0,-960.0,37.180441
120.0,-960.0,36.488109
160.0,-960.0,35.937122
200.0,-960.0,35.547744
240.0,-960.0,35.345996
280.0,-960.0,35.363206
320.0,-960.0,35.635878
360.0,-960.0,36.200561
400.0,-960.0,36.943708
440.0,-960.0,37.800572
480.0,-960.0,38.771414
520.0,-960.0,39.856369
560.0,-960.0,41.056078
600.0,-960.0,42.370428
640.0,-960.0,43.800091
680.0,-960.0,45.34489
720.0,-960.0,47.005461
760.0,-960.0,48.781427
800.0,-960.0,50.673333
840.0,-960.0,52.681146
880.0,-960.0,54.804613
920.0,-960.0,57.044052
960.0,-960.0,59.399384
1000.0,-960.0,61.870339
1040.0,-960.0,64.456753
1080.0,-960.0,67.158636
1120.0,-960.0,69.97578
1160.0,-960.0,72.90795
1200.0,-960.0,75.954882
1240.0,-960.0,79.11629
1280.0,-960.0,82.391864
1320.0,-960.0,85.781274
1360.0,-960.0,89.284168
1400.0,-960.0,92.900178
1440.0,-960.0,96.628914
1480.0,-960.0,100.469971
1520.0,-960.0,
-1520.0,-920.0,
-1480.0,-920.0,
-1440.0,-920.0,
-1400.0,-920.0,
-1360.0,-920.0,
-1320.0,-920.0,
-1280.0,-920.0,
-1240.0,-920.0,
-1200.0,-920.0,
-1160.0,-920.0,119.239694
-1120.0,-920.0,114.715515
-1080.0,-920.0,110.313027
-1040.0,-920.0,106.032412
-1000.0,-920.0,101.873842
-960.0,-920.0,97.837479
-920.0,-920.0,93.923471
-880.0,-920.0,90.131733
-840.0,-920.0,86.462546
-800.0,-920.0,82.916073
-760.0,-920.0,79.492421
-720.0,-920.0,76.19137
-680.0,-920.0,73.013224
-640.0,-920.0,69.958111
-600.0,-920.0,67.025688
-560.0,-920.0,64.216445
-520.0,-920.0,61.529952
-480.0,-920.0,58.966634
-440.0,-920.0,56.526016
-400.0,-920.0,54.208432
-360.0,-920.0,52.013668
-320.0,-920.0,49.94156
-280.0,-920.0,47.992155
-240.0,-920.0,46.165287
-200.0,-920.0,44.460641
-160.0,-920.0,42.878097
-120.0,-920.0,41.417443
-80.0,-920.0,40.07839
-40.0,-920.0,38.860617
0.0,-920.0,37.763771
40.0,-920.0,36.787545
80.0,-920.0,35.934581
120.0,-920.0,35.213928
160.0,-920.0,34.64075
200.0,-920.0,34.236186
240.0,-920.0,34.027186
280.0,-920.0,34.046115
320.0,-920.0,34.330891
360.0,-920.0,34.919371
400.0,-920.0,35.693483
440.0,-920.0,36.58589
480.0,-920.0,37.597268
520.0,-920.0,38.727819
560.0,-920.0,39.977935
600.0,-920.0,41.348034
640.0,-920.0,42.838275
680.0,-920.0,44.449038
720.0,-920.0,46.180521
760.0,-920.0,48.032728
800.0,-920.0,50.006058
840.0,-920.0,52.100314
880.0,-920.0,54.31553
920.0,-920.0,56.651848
960.0,-920.0,59.109168
1000.0,-920.0,61.687261
1040.0,-920.0,64.385878
1080.0,-920.0,67.205008
1120.0,-920.0,70.144415
1160.0,-920.0,73.203834
1200.0,-920.0,76.382974
1240.0,-920.0,79.681518
1280.0,-920.0,83.099126
1320.0,-920.0,86.635439
1360.0,-920.0,90.290074
1400.0,-920.0,94.062544
1440.0,-920.0,97.9521
1480.0,-920.0,101.958601
1520.0,-920.0,106.081586
-1560.0,-880.0,
-1520.0,-880.0,
-1480.0,-880.0,
-1440.0,-880.0,
-1400.0,-880.0,
-1360.0,-880.0,
-1320.0,-880.0,
-1280.0,-880.0,
-1240.0,-880.0,
-1200.0,-880.0,126.668356
-1160.0,-880.0,121.808927
-1120.0,-880.0,117.076488
-1080.0,-880.0,112.471377
-1040.0,-880.0,107.993783
-1000.0,-880.0,103.643882
-960.0,-880.0,99.421842
-920.0,-880.0,95.327809
-880.0,-880.0,91.361732
-840.0,-880.0,87.523915
-800.0,-880.0,83.814486
-760.0,-880.0,80.233559
-720.0,-880.0,76.781088
-680.0,-880.0,73.457081
-640.0,-880.0,70.261846
-600.0,-880.0,67.195178
-560.0,-880.0,64.257229
-520.0,-880.0,61.448023
-480.0,-880.0,58.767486
-440.0,-880.0,56.215661
-400.0,-880.0,53.792554
-360.0,-880.0,51.497932
-320.0,-880.0,49.331934
-280.0,-880.0,47.294358
-240.0,-880.0,45.384947
-200.0,-880.0,43.603672
-160.0,-880.0,41.950297
-120.0,-880.0,40.424545
-80.0,-880.0,39.0261
-40.0,-880.0,37.754606
0.0,-880.0,36.609649
40.0,-880.0,35.590925
80.0,-880.0,34.701175
120.0,-880.0,33.94978
160.0,-880.0,33.352526
200.0,-880.0,32.931409
240.0,-880.0,32.714452
280.0,-880.0,32.735448
320.0,-880.0,33.033549
360.0,-880.0,33.647769
400.0,-880.0,34.455256
440.0,-880.0,35.38651
480.0,-880.0,36.441832
520.0,-880.0,37.621981
560.0,-880.0,38.927009
600.0,-880.0,40.357716
640.0,-880.0,41.914027
680.0,-880.0,43.596661
720.0,-880.0,45.405451
760.0,-880.0,47.34082
800.0,-880.0,49.402957
840.0,-880.0,51.59156
880.0,-880.0,53.906878
920.0,-880.0,56.348901
960.0,-880.0,58.917508
1000.0,-880.0,61.612532
1040.0,-880.0,64.433625
1080.0,-880.0,67.380693
1120.0,-880.0,70.453507
1160.0,-880.0,73.651768
1200.0,-880.0,76.975154
1240.0,-880.0,80.423313
1280.0,-880.0,83.995785
1320.0,-880.0,87.692013
1360.0,-880.0,91.511724
1400.0,-880.0,95.454478
1440.0,-880.0,99.519813
1480.0,-880.0,103.707052
1520.0,-880.0,108.015186
1560.0,-880.0,112.444261
-1560.0,-840.0,
-1520.0,-840.0,
-1480.0,-840.0,
-1440.0,-840.0,
-1400.0,-840.0,
-1360.0,-840.0,
-1320.0,-840.0,
-1280.0,-840.0,
-1240.0,-840.0,
-1200.0,-840.0,129.852002
-1160.0,-840.0,124.758164
-1120.0,-840.0,119.797552
-1080.0,-840.0,114.970376
-1040.0,-840.0,110.276835
-1000.0,-840.0,105.717108
-960.0,-840.0,101.291408
-920.0,-840.0,96.99987
-880.0,-840.0,92.842664
-840.0,-840.0,88.819935
-800.0,-840.0,84.931819
-760.0,-840.0,81.178439
-720.0,-840.0,77.559892
-680.0,-840.0,74.075952
-640.0,-840.0,70.727039
-600.0,-840.0,67.513173
-560.0,-840.0,64.434102
-520.0,-840.0,61.490251
-480.0,-840.0,58.681237
-440.0,-840.0,56.007448
-400.0,-840.0,53.46844
-360.0,-840.0,51.064516
-320.0,-840.0,48.79545
-280.0,-840.0,46.661075
-240.0,-840.0,44.661385
-200.0,-840.0,42.796171
-160.0,-840.0,41.065118
-120.0,-840.0,39.46796
-80.0,-840.0,38.004421
-40.0,-840.0,36.674106
0.0,-840.0,35.476571
40.0,-840.0,34.411427
80.0,-840.0,33.481557
120.0,-840.0,32.696734
160.0,-840.0,32.073388
200.0,-840.0,31.634427
240.0,-840.0,31.408894
280.0,-840.0,31.432057
320.0,-840.0,31.744635
360.0,-840.0,32.387091
400.0,-840.0,33.230862
440.0,-840.0,34.204269
480.0,-840.0,35.307709
520.0,-840.0,36.541762
560.0,-840.0,37.906991
600.0,-840.0,39.403763
640.0,-840.0,41.032527
680.0,-840.0,42.793699
720.0,-840.0,44.687248
760.0,-840.0,46.713677
800.0,-840.0,48.873048
840.0,-840.0,51.165082
880.0,-840.0,53.590068
920.0,-840.0,56.147906
960.0,-840.0,58.838445
1000.0,-840.0,61.661485
1040.0,-840.0,64.616783
1080.0,-840.0,67.704057
1120.0,-840.0,70.922995
1160.0,-840.0,74.273252
1200.0,-840.0,77.754456
1240.0,-840.0,81.366211
1280.0,-840.0,85.108098
1320.0,-840.0,88.979679
1360.0,-840.0,92.980492
1400.0,-840.0,97.109623
1440.0,-840.0,101.366609
1480.0,-840.0,105.751186
1520.0,-840.0,110.262329
1560.0,-840.0,114.899174
-1600.0,-800.0,
-1560.0,-800.0,
-1520.0,-800.0,
-1480.0,-800.0,
-1440.0,-800.0,
-1400.0,-800.0,
-1360.0,-800.0,
-1320.0,-800.0,
-1280.0,-800.0,
-1240.0,-800.0,138.989596
-1200.0,-800.0,133.498046
-1160.0,-800.0,128.145731
-1120.0,-800.0,122.933486
-1080.0,-800.0,117.861523
-1040.0,-800.0,112.93004
-1000.0,-800.0,108.13923
-960.0,-800.0,103.489273
-920.0,-800.0,98.98034
-880.0,-800.0,94.612593
-840.0,-800.0,90.386183
-800.0,-800.0,86.30125
-760.0,-800.0,82.357923
-720.0,-800.0,78.556319
-680.0,-800.0,74.896318
-640.0,-800.0,71.378147
-600.0,-800.0,68.001975
-560.0,-800.0,64.767613
-520.0,-800.0,61.675255
-480.0,-800.0,58.724907
-440.0,-800.0,55.9165
-400.0,-800.0,53.250091
-360.0,-800.0,50.725654
-320.0,-800.0,48.342989
-280.0,-800.0,46.102182
-240.0,-800.0,44.00302
-200.0,-800.0,42.045209
-160.0,-800.0,40.22865
-120.0,-800.0,38.553032
-80.0,-800.0,37.017984
-40.0,-800.0,35.623075
0.0,-800.0,34.367805
40.0,-800.0,33.251737
80.0,-800.0,32.277881
120.0,-800.0,31.456417
160.0,-800.0,30.804483
200.0,-800.0,30.345993
240.0,-800.0,30.111364
280.0,-800.0,30.137104
320.0,-800.0,30.46549
360.0,-800.0,31.138606
400.0,-800.0,32.022256
440.0,-800.0,33.041679
480.0,-800.0,34.197838
520.0,-800.0,35.491029
560.0,-800.0,36.922255
600.0,-800.0,38.491617
640.0,-800.0,40.199971
680.0,-800.0,42.04741
720.0,-800.0,44.034264
760.0,-800.0,46.160859
800.0,-800.0,48.4272
840.0,-800.0,50.833123
880.0,-800.0,53.378803
920.0,-800.0,56.064106
960.0,-800.0,58.888843
1000.0,-800.0,61.852772
1040.0,-800.0,64.955608
1080.0,-800.0,68.197027
1120.0,-800.0,71.576672
1160.0,-800.0,75.094157
1200.0,-800.0,78.749067
1240.0,-800.0,82.540964
1280.0,-800.0,86.46936
1320.0,-800.0,90.533204
1360.0,-800.0,94.732454
1400.0,-800.0,99.066582
1440.0,-800.0,103.534389
1480.0,-800.0,108.135424
1520.0,-800.0,112.869289
1560.0,-800.0,117.734208
1600.0,-800.0,122.730592
-1600.0,-760.0,
-1560.0,-760.0,
-1520.0,-760.0,
-1480.0,-760.0,
-1440.0,-760.0,
-1400.0,-760.0,
-1360.0,-760.0,
-1320.0,-760.0,
-1280.0,-760.0,149.396425
-1240.0,-760.0,143.464854
-1200.0,-760.0,137.679541
-1160.0,-760.0,132.041556
-1120.0,-760.0,126.551124
-1080.0,-760.0,121.2081
-1040.0,-760.0,116.013115
-1000.0,-760.0,110.966408
-960.0,-760.0,106.06816
-920.0,-760.0,101.318541
-880.0,-760.0,96.717713
-840.0,-760.0,92.265827
-800.0,-760.0,87.963028
-760.0,-760.0,83.809449
-720.0,-760.0,79.805211
-680.0,-760.0,75.950301
-640.0,-760.0,72.244789
-600.0,-760.0,68.688915
-560.0,-760.0,65.282685
-520.0,-760.0,62.025953
-480.0,-760.0,58.919072
-440.0,-760.0,55.961717
-400.0,-760.0,53.154234
-360.0,-760.0,50.49624
-320.0,-760.0,47.987989
-280.0,-760.0,45.629255
-240.0,-760.0,43.419865
-200.0,-760.0,41.359755
-160.0,-760.0,39.448664
-120.0,-760.0,37.686256
-80.0,-760.0,36.072089
-40.0,-760.0,34.605779
0.0,-760.0,33.286773
40.0,-760.0,32.114578
80.0,-760.0,31.092334
120.0,-760.0,30.230665
160.0,-760.0,29.547426
200.0,-760.0,29.067583
240.0,-760.0,28.822935
280.0,-760.0,28.851593
320.0,-760.0,29.197596
360.0,-760.0,29.904292
400.0,-760.0,30.831542
440.0,-760.0,31.901696
480.0,-760.0,33.115628
520.0,-760.0,34.474155
560.0,-760.0,35.977949
600.0,-760.0,37.627609
640.0,-760.0,39.423835
680.0,-760.0,41.366624
720.0,-760.0,43.456606
760.0,-760.0,45.693943
800.0,-760.0,48.07863
840.0,-760.0,50.610513
880.0,-760.0,53.289686
920.0,-760.0,56.115973
960.0,-760.0,59.089135
1000.0,-760.0,62.208881
1040.0,-760.0,65.474877
1080.0,-760.0,68.886749
1120.0,-760.0,72.444089
1160.0,-760.0,76.146464
1200.0,-760.0,79.993122
1240.0,-760.0,83.983597
1280.0,-760.0,88.117516
1320.0,-760.0,92.394344
1360.0,-760.0,96.812726
1400.0,-760.0,101.372579
1440.0,-760.0,106.073106
1480.0,-760.0,110.912932
1520.0,-760.0,115.892038
1560.0,-760.0,121.008502
1600.0,-760.0,126.262222
-1640.0,-720.0,
-1600.0,-720.0,
-1560.0,-720.0,
-1520.0,-720.0,
-1480.0,-720.0,
-1440.0,-720.0,
-1400.0,-720.0,
-1360.0,-720.0,
-1320.0,-720.0,
-1280.0,-720.0,154.866218
-1240.0,-720.0,148.599678
-1200.0,-720.0,142.488018
-1160.0,-720.0,136.531913
-1120.0,-720.0,130.73118
-1080.0,-720.0,125.086721
-1040.0,-720.0,119.598736
-1000.0,-720.0,114.267204
-960.0,-720.0,109.092505
-920.0,-720.0,104.074929
-880.0,-720.0,99.214633
-840.0,-720.0,94.511767
-800.0,-720.0,89.966472
-760.0,-720.0,85.578884
-720.0,-720.0,81.349127
-680.0,-720.0,77.277248
-640.0,-720.0,73.363249
-600.0,-720.0,69.607388
-560.0,-720.0,66.009758
-520.0,-720.0,62.570181
-480.0,-720.0,59.288907
-440.0,-720.0,56.165925
-400.0,-720.0,53.201184
-360.0,-720.0,50.394754
-320.0,-720.0,47.746596
-280.0,-720.0,45.25654
-240.0,-720.0,42.924628
-200.0,-720.0,40.750637
-160.0,-720.0,38.734224
-120.0,-720.0,36.875201
-80.0,-720.0,35.173156
-40.0,-720.0,33.627578
0.0,-720.0,32.237854
40.0,-720.0,31.003434
80.0,-720.0,29.927595
120.0,-720.0,29.021443
160.0,-720.0,28.303721
200.0,-720.0,27.800574
240.0,-720.0,27.545113
280.0,-720.0,27.577063
320.0,-720.0,27.942435
360.0,-720.0,28.686333
400.0,-720.0,29.661552
440.0,-720.0,30.787745
480.0,-720.0,32.065595
520.0,-720.0,33.496441
560.0,-720.0,35.0807
600.0,-720.0,36.819445
640.0,-720.0,38.71312
680.0,-720.0,40.762011
720.0,-720.0,42.966618
760.0,-720.0,45.32708
800.0,-720.0,47.84342
840.0,-720.0,50.515395
880.0,-720.0,53.343032
920.0,-720.0,56.326107
960.0,-720.0,59.464321
1000.0,-720.0,62.757326
1040.0,-720.0,66.204728
1080.0,-720.0,69.805946
1120.0,-720.0,73.560442
1160.0,-720.0,77.467827
1200.0,-720.0,81.527577
1240.0,-720.0,85.739077
1280.0,-720.0,90.101031
1320.0,-720.0,94.613481
1360.0,-720.0,99.275332
1400.0,-720.0,104.085566
1440.0,-720.0,109.043771
1480.0,-720.0,114.148399
1520.0,-720.0,119.398937
1560.0,-720.0,124.794284
1600.0,-720.0,130.332718
1640.0,-720.0,136.01384
-1640.0,-680.0,
-1600.0,-680.0,
-1560.0,-680.0,
-1520.0,-680.0,
-1480.0,-680.0,
-1440.0,-680.0,
-1400.0,-680.0,
-1360.0,-680.0,
-1320.0,-680.0,167.959818
-1280.0,-680.0,161.154588
-1240.0,-680.0,154.513094
-1200.0,-680.0,148.035807
-1160.0,-680.0,141.723
-1120.0,-680.0,135.5753
-1080.0,-680.0,129.593151
-1040.0,-680.0,123.776474
-1000.0,-680.0,118.126025
-960.0,-680.0,112.641975
-920.0,-680.0,107.32443
-880.0,-680.0,102.173502
-840.0,-680.0,97.189539
-800.0,-680.0,92.372676
-760.0,-680.0,87.723041
-720.0,-680.0,83.240759
-680.0,-680.0,78.925886
-640.0,-680.0,74.778454
-600.0,-680.0,70.798681
-560.0,-680.0,66.986669
-520.0,-680.0,63.342409
-480.0,-680.0,59.865871
-440.0,-680.0,56.557343
-400.0,-680.0,53.416559
-360.0,-680.0,50.443846
-320.0,-680.0,47.638884
-280.0,-680.0,45.001895
-240.0,-680.0,42.532661
-200.0,-680.0,40.231008
-160.0,-680.0,38.096811
-120.0,-680.0,36.129744
-80.0,-680.0,34.329383
-40.0,-680.0,32.695181
0.0,-680.0,31.226459
40.0,-680.0,29.922642
80.0,-680.0,28.787137
120.0,-680.0,27.831557
160.0,-680.0,27.075578
200.0,-680.0,26.546604
240.0,-680.0,26.279355
280.0,-680.0,26.315304
320.0,-680.0,26.702209
360.0,-680.0,27.487165
400.0,-680.0,28.515683
440.0,-680.0,29.703874
480.0,-680.0,31.052999
520.0,-680.0,32.564211
560.0,-680.0,34.238412
600.0,-680.0,36.076611
640.0,-680.0,38.079216
680.0,-680.0,40.246741
720.0,-680.0,42.579557
760.0,-680.0,45.077768
800.0,-680.0,47.741345
840.0,-680.0,50.570145
880.0,-680.0,53.56393
920.0,-680.0,56.722382
960.0,-680.0,60.045123
1000.0,-680.0,63.53172
1040.0,-680.0,67.181698
1080.0,-680.0,70.994548
1120.0,-680.0,74.969729
1160.0,-680.0,79.106427
1200.0,-680.0,83.403776
1240.0,-680.0,87.861537
1280.0,-680.0,92.47847
1320.0,-680.0,97.25387
1360.0,-680.0,102.186967
1400.0,-680.0,107.27654
1440.0,-680.0,112.521699
1480.0,-680.0,117.921685
1520.0,-680.0,123.474378
1560.0,-680.0,129.179487
1600.0,-680.0,135.035611
1640.0,-680.0,141.040867
-1680.0,-640.0,
-1640.0,-640.0,
-1600.0,-640.0,
-1560.0,-640.0,
-1520.0,-640.0,
-1480.0,-640.0,
-1440.0,-640.0,
-1400.0,-640.0,
-1360.0,-640.0,
-1320.0,-640.0,175.656566
-1280.0,-640.0,168.418205
-1240.0,-640.0,161.353954
-1200.0,-640.0,154.464068
-1160.0,-640.0,147.749184
-1120.0,-640.0,141.210072
-1080.0,-640.0,134.846694
-1040.0,-640.0,128.659834
-1000.0,-640.0,122.649748
-960.0,-640.0,116.816415
-920.0,-640.0,111.16046
-880.0,-640.0,105.682025
-840.0,-640.0,100.381246
-800.0,-640.0,95.258251
-760.0,-640.0,90.313153
-720.0,-640.0,85.546157
-680.0,-640.0,80.957296
-640.0,-640.0,76.546719
-600.0,-640.0,72.31454
-560.0,-640.0,68.260867
-520.0,-640.0,64.385801
-480.0,-640.0,60.689175
-440.0,-640.0,57.171313
-400.0,-640.0,53.832186
-360.0,-640.0,50.671784
-320.0,-640.0,47.6902
-280.0,-640.0,44.887402
-240.0,-640.0,42.263265
-200.0,-640.0,39.8178
-160.0,-640.0,37.550785
-120.0,-640.0,35.461814
-80.0,-640.0,33.550595
-40.0,-640.0,31.816564
0.0,-640.0,30.258997
40.0,-640.0,28.877219
80.0,-640.0,27.674827
120.0,-640.0,26.664032
160.0,-640.0,25.865504
200.0,-640.0,25.307929
240.0,-640.0,25.027682
280.0,-640.0,25.068212
320.0,-640.0,25.479442
360.0,-640.0,26.310033
400.0,-640.0,27.397978
440.0,-640.0,28.655446
480.0,-640.0,30.084334
520.0,-640.0,31.685693
560.0,-640.0,33.460911
600.0,-640.0,35.410933
640.0,-640.0,37.536173
680.0,-640.0,39.83728
720.0,-640.0,42.314507
760.0,-640.0,44.967903
800.0,-640.0,47.797364
840.0,-640.0,50.802661
880.0,-640.0,53.983468
920.0,-640.0,57.33938
960.0,-640.0,60.869928
1000.0,-640.0,64.574595
1040.0,-640.0,68.452825
1080.0,-640.0,72.503617
1120.0,-640.0,76.72648
1160.0,-640.0,81.120913
1200.0,-640.0,85.685541
1240.0,-640.0,90.419923
1280.0,-640.0,95.32296
1320.0,-640.0,100.393714
1360.0,-640.0,105.630948
1400.0,-640.0,111.034128
1440.0,-640.0,116.60098
1480.0,-640.0,122.331083
1520.0,-640.0,128.223065
1560.0,-640.0,134.275394
1600.0,-640.0,140.485971
1640.0,-640.0,146.853624
1680.0,-640.0,153.376647
-1680.0,-600.0,
-1640.0,-600.0,
-1600.0,-600.0,
-1560.0,-600.0,
-1520.0,-600.0,
-1480.0,-600.0,
-1440.0,-600.0,
-1400.0,-600.0,
-1360.0,-600.0,192.502978
-1320.0,-600.0,184.587549
-1280.0,-600.0,176.856968
-1240.0,-600.0,169.311725
-1200.0,-600.0,161.95276
-1160.0,-600.0,154.780946
-1120.0,-600.0,147.796688
-1080.0,-600.0,141.000203
-1040.0,-600.0,134.3925
-1000.0,-600.0,127.973271
-960.0,-600.0,121.743405
-920.0,-600.0,115.703008
-880.0,-600.0,109.852067
-840.0,-600.0,104.191099
-800.0,-600.0,98.720211
-760.0,-600.0,93.439509
-720.0,-600.0,88.349101
-680.0,-600.0,83.449092
-640.0,-600.0,78.73959
-600.0,-600.0,74.220701
-560.0,-600.0,69.892531
-520.0,-600.0,65.755185
-480.0,-600.0,61.808632
-440.0,-600.0,58.052981
-400.0,-600.0,54.488453
-360.0,-600.0,51.114859
-320.0,-600.0,47.932526
-280.0,-600.0,44.941222
-240.0,-600.0,42.141159
-200.0,-600.0,39.53216
-160.0,-600.0,37.114058
-120.0,-600.0,34.886679
-80.0,-600.0,32.84962
-40.0,-600.0,31.002315
0.0,-600.0,29.343998
40.0,-600.0,27.873937
80.0,-600.0,26.595924
120.0,-600.0,25.522824
160.0,-600.0,24.676418
200.0,-600.0,24.086971
240.0,-600.0,23.79255
280.0,-600.0,23.838468
320.0,-600.0,24.27705
360.0,-600.0,25.15891
400.0,-600.0,26.313316
440.0,-600.0,27.648898
480.0,-600.0,29.167634
520.0,-600.0,30.871015
560.0,-600.0,32.76059
600.0,-600.0,34.837349
640.0,-600.0,37.101774
680.0,-600.0,39.554496
720.0,-600.0,42.195675
760.0,-600.0,45.025268
800.0,-600.0,48.043065
840.0,-600.0,51.248726
880.0,-600.0,54.641811
920.0,-600.0,58.221805
960.0,-600.0,61.988065
1000.0,-600.0,65.939622
1040.0,-600.0,70.076105
1080.0,-600.0,74.396825
1120.0,-600.0,78.90028
1160.0,-600.0,83.586244
1200.0,-600.0,88.45331
1240.0,-600.0,93.500777
1280.0,-600.0,98.727085
1320.0,-600.0,104.131753
1360.0,-600.0,109.712759
1400.0,-600.0,115.469142
1440.0,-600.0,121.399677
1480.0,-600.0,127.502777
1520.0,-600.0,133.776764
1560.0,-600.0,140.219699
1600.0,-600.0,146.829939
1640.0,-600.0,153.605652
1680.0,-600.0,160.544669
-1680.0,-560.0,
-1640.0,-560.0,
-1600.0,-560.0,
-1560.0,-560.0,
-1520.0,-560.0,
-1480.0,-560.0,
-1440.0,-560.0,
-1400.0,-560.0,
-1360.0,-560.0,203.517635
-1320.0,-560.0,195.023974
-1280.0,-560.0,186.728366
-1240.0,-560.0,178.631774
-1200.0,-560.0,170.735085
-1160.0,-560.0,163.038949
-1120.0,-560.0,155.543835
-1080.0,-560.0,148.250743
-1040.0,-560.0,141.160181
-1000.0,-560.0,134.271995
-960.0,-560.0,127.587365
-920.0,-560.0,121.105757
-880.0,-560.0,114.828106
-840.0,-560.0,108.754403
-800.0,-560.0,102.884602
-760.0,-560.0,97.219125
-720.0,-560.0,91.758044
-680.0,-560.0,86.501435
-640.0,-560.0,81.449379
-600.0,-560.0,76.601964
-560.0,-560.0,71.959283
-520.0,-560.0,67.521432
-480.0,-560.0,63.28848
-440.0,-560.0,59.260379
-400.0,-560.0,55.437431
-360.0,-560.0,51.819637
-320.0,-560.0,48.407051
-280.0,-560.0,45.199819
-240.0,-560.0,42.197956
-200.0,-560.0,39.401413
-160.0,-560.0,36.810207
-120.0,-560.0,34.424128
-80.0,-560.0,32.242763
-40.0,-560.0,30.265636
0.0,-560.0,28.491984
40.0,-560.0,26.921032
80.0,-560.0,25.556808
120.0,-560.0,24.412925
160.0,-560.0,23.512315
200.0,-560.0,22.886911
240.0,-560.0,22.576727
280.0,-560.0,22.629255
320.0,-560.0,23.098897
360.0,-560.0,24.038661
400.0,-560.0,25.2682
440.0,-560.0,26.692369
480.0,-560.0,28.313314
520.0,-560.0,30.1331
560.0,-560.0,32.153332
600.0,-560.0,34.375091
640.0,-560.0,36.798897
680.0,-560.0,39.425263
720.0,-560.0,42.254243
760.0,-560.0,45.285655
800.0,-560.0,48.519146
840.0,-560.0,51.954227
880.0,-560.0,55.590062
920.0,-560.0,59.426089
960.0,-560.0,63.461638
1000.0,-560.0,67.695924
1040.0,-560.0,72.127432
1080.0,-560.0,76.755975
1120.0,-560.0,81.579901
1160.0,-560.0,86.598686
1200.0,-560.0,91.81047
1240.0,-560.0,97.214786
1280.0,-560.0,102.809836
1320.0,-560.0,108.594138
1360.0,-560.0,114.566584
1400.0,-560.0,120.725518
1440.0,-560.0,127.069191
1480.0,-560.0,133.595752
1520.0,-560.0,140.303254
1560.0,-560.0,147.189647
1600.0,-560.0,154.252782
1640.0,-560.0,161.490405
1680.0,-560.0,168.900162
-1720.0,-520.0,
-1680.0,-520.0,
-1640.0,-520.0,
-1600.0,-520.0,
-1560.0,-520.0,
-1520.0,-520.0,
-1480.0,-520.0,
-1440.0,-520.0,
-1400.0,-520.0,225.863564
-1360.0,-520.0,216.488033
-1320.0,-520.0,207.324314
-1280.0,-520.0,198.373745
-1240.0,-520.0,189.637776
-1200.0,-520.0,181.117375
-1160.0,-520.0,172.813434
-1120.0,-520.0,164.726761
-1080.0,-520.0,156.858084
-1040.0,-520.0,149.207557
-1000.0,-520.0,141.776139
-960.0,-520.0,134.564378
-920.0,-520.0,127.571977
-880.0,-520.0,120.799967
-840.0,-520.0,114.247876
-800.0,-520.0,107.91644
-760.0,-520.0,101.805632
-720.0,-520.0,95.915327
-680.0,-520.0,90.245871
-640.0,-520.0,84.797298
-600.0,-520.0,79.569656
-560.0,-520.0,74.563005
-520.0,-520.0,69.777422
-480.0,-520.0,65.212994
-440.0,-520.0,60.869657
-400.0,-520.0,56.74767
-360.0,-520.0,52.847194
-320.0,-520.0,49.168135
-280.0,-520.0,45.710863
-240.0,-520.0,42.475272
-200.0,-520.0,39.461623
-160.0,-520.0,36.669837
-120.0,-520.0,34.099801
-80.0,-520.0,31.75133
-40.0,-520.0,29.623944
0.0,-520.0,27.716882
40.0,-520.0,26.029363
80.0,-520.0,24.565714
120.0,-520.0,23.340421
160.0,-520.0,22.37791
200.0,-520.0,21.711769
240.0,-520.0,21.383969
280.0,-520.0,21.444384
320.0,-520.0,21.94982
360.0,-520.0,22.955308
400.0,-520.0,24.270696
440.0,-520.0,25.796299
480.0,-520.0,27.534802
520.0,-520.0,29.488756
560.0,-520.0,31.659866
600.0,-520.0,34.049246
640.0,-520.0,36.657501
680.0,-520.0,39.484803
720.0,-520.0,42.53105
760.0,-520.0,45.795809
800.0,-520.0,49.278528
840.0,-520.0,52.978515
880.0,-520.0,56.894998
920.0,-520.0,61.026983
960.0,-520.0,65.373205
1000.0,-520.0,69.933177
1040.0,-520.0,74.705099
1080.0,-520.0,79.688558
1120.0,-520.0,84.881408
1160.0,-520.0,90.283153
1200.0,-520.0,95.892175
1240.0,-520.0,101.706489
1280.0,-520.0,107.725064
1320.0,-520.0,113.946158
1360.0,-520.0,120.367931
1400.0,-520.0,126.988441
1440.0,-520.0,133.805641
1480.0,-520.0,140.817383
1520.0,-520.0,148.021408
1560.0,-520.0,155.415352
1600.0,-520.0,162.996163
1640.0,-520.0,170.76089
1680.0,-520.0,178.707406
1720.0,-520.0,186.831717
-1720.0,-480.0,
-1680.0,-480.0,
-1640.0,-480.0,
-1600.0,-480.0,
-1560.0,-480.0,
-1520.0,-480.0,
-1480.0,-480.0,
-1440.0,-480.0,
-1400.0,-480.0,242.100023
-1360.0,-480.0,231.920768
-1320.0,-480.0,221.970351
-1280.0,-480.0,212.25165
-1240.0,-480.0,202.765712
-1200.0,-480.0,193.513327
-1160.0,-480.0,184.49613
-1120.0,-480.0,175.714988
-1080.0,-480.0,167.17069
-1040.0,-480.0,158.863941
-1000.0,-480.0,150.795365
-960.0,-480.0,142.965213
-920.0,-480.0,135.373967
-880.0,-480.0,128.022242
-840.0,-480.0,120.909794
-800.0,-480.0,114.037277
-760.0,-480.0,107.404346
-720.0,-480.0,101.011501
-680.0,-480.0,94.858696
-640.0,-480.0,88.94575
-600.0,-480.0,83.272888
-560.0,-480.0,77.840129
-520.0,-480.0,72.647497
-480.0,-480.0,67.695044
-440.0,-480.0,62.982739
-400.0,-480.0,58.510746
-360.0,-480.0,54.279253
-320.0,-480.0,50.288329
-280.0,-480.0,46.53814
-240.0,-480.0,43.028928
-200.0,-480.0,39.760832
-160.0,-480.0,36.733956
-120.0,-480.0,33.948415
-80.0,-480.0,31.404079
-40.0,-480.0,29.100588
0.0,-480.0,27.037252
40.0,-480.0,25.213384
80.0,-480.0,23.633681
120.0,-480.0,22.31367
160.0,-480.0,21.279389
200.0,-480.0,20.566414
240.0,-480.0,20.218917
280.0,-480.0,20.288892
320.0,-480.0,20.835917
360.0,-480.0,21.916968
400.0,-480.0,23.331297
440.0,-480.0,24.974389
480.0,-480.0,26.849784
520.0,-480.0,28.960315
560.0,-480.0,31.307819
600.0,-480.0,33.893369
640.0,-480.0,36.717398
680.0,-480.0,39.779853
720.0,-480.0,43.08032
760.0,-480.0,46.618135
800.0,-480.0,50.392472
840.0,-480.0,54.402125
880.0,-480.0,58.646
920.0,-480.0,63.123284
960.0,-480.0,67.832005
1000.0,-480.0,72.771736
1040.0,-480.0,77.940159
1080.0,-480.0,83.336572
1120.0,-480.0,88.959415
1160.0,-480.0,94.806532
1200.0,-480.0,100.876592
1240.0,-480.0,107.167849
1280.0,-480.0,113.678347
1320.0,-480.0,120.406026
1360.0,-480.0,127.348722
1400.0,-480.0,134.504157
1440.0,-480.0,141.869788
1480.0,-480.0,149.442309
1520.0,-480.0,157.219719
1560.0,-480.0,165.199254
1600.0,-480.0,173.375931
1640.0,-480.0,181.748381
1680.0,-480.0,190.310984
1720.0,-480.0,199.061643
-1720.0,-440.0,
-1680.0,-440.0,
-1640.0,-440.0,
-1600.0,-440.0,
-1560.0,-440.0,
-1520.0,-440.0,
-1480.0,-440.0,
-1440.0,-440.0,
-1400.0,-440.0,261.65237
-1360.0,-440.0,250.515646
-1320.0,-440.0,239.629668
-1280.0,-440.0,228.995818
-1240.0,-440.0,218.616469
-1200.0,-440.0,208.492876
-1160.0,-440.0,198.626913
-1120.0,-440.0,189.018951
-1080.0,-440.0,179.67054
-1040.0,-440.0,170.582502
-1000.0,-440.0,161.755479
-960.0,-440.0,153.190035
-920.0,-440.0,144.886651
-880.0,-440.0,136.845611
-840.0,-440.0,129.066941
-800.0,-440.0,121.551262
-760.0,-440.0,114.298329
-720.0,-440.0,107.308443
-680.0,-440.0,100.581315
-640.0,-440.0,94.117221
-600.0,-440.0,87.916038
-560.0,-440.0,81.977663
-520.0,-440.0,76.302049
-480.0,-440.0,70.889256
-440.0,-440.0,65.739224
-400.0,-440.0,60.852071
-360.0,-440.0,56.227931
-320.0,-440.0,51.866985
-280.0,-440.0,47.769258
-240.0,-440.0,43.935229
-200.0,-440.0,40.364992
-160.0,-440.0,37.058974
-120.0,-440.0,34.017321
-80.0,-440.0,31.240109
-40.0,-440.0,28.727252
0.0,-440.0,26.478243
40.0,-440.0,24.492506
80.0,-440.0,22.775323
120.0,-440.0,21.343531
160.0,-440.0,20.224989
200.0,-440.0,19.457404
240.0,-440.0,19.087372
280.0,-440.0,19.169238
320.0,-440.0,19.764998
360.0,-440.0,20.934097
400.0,-440.0,22.463957
440.0,-440.0,24.245187
480.0,-440.0,26.28222
520.0,-440.0,28.578176
560.0,-440.0,31.134924
600.0,-440.0,33.953338
640.0,-440.0,37.033527
680.0,-440.0,40.375054
720.0,-440.0,43.977113
760.0,-440.0,47.83831
800.0,-440.0,51.95763
840.0,-440.0,56.333846
880.0,-440.0,60.9649
920.0,-440.0,65.85002
960.0,-440.0,70.986948
1000.0,-440.0,76.374477
1040.0,-440.0,82.010981
1080.0,-440.0,87.894484
1120.0,-440.0,94.02292
1160.0,-440.0,100.394622
1200.0,-440.0,107.007479
1240.0,-440.0,113.859281
1280.0,-440.0,120.947668
1320.0,-440.0,128.269534
1360.0,-440.0,135.822727
1400.0,-440.0,143.604547
1440.0,-440.0,151.611338
1480.0,-440.0,159.83974
1520.0,-440.0,168.286728
1560.0,-440.0,176.947657
1600.0,-440.0,185.818866
1640.0,-440.0,194.896467
1680.0,-440.0,204.174454
1720.0,-440.0,213.64856
-1720.0,-400.0,
-1680.0,-400.0,
-1640.0,-400.0,
-1600.0,-400.0,
-1560.0,-400.0,
-1520.0,-400.0,
-1480.0,-400.0,
-1440.0,-400.0,298.136669
-1400.0,-400.0,285.568048
-1360.0,-400.0,273.271763
-1320.0,-400.0,261.251166
-1280.0,-400.0,249.508713
-1240.0,-400.0,238.04652
-1200.0,-400.0,226.867087
-1160.0,-400.0,215.972302
-1120.0,-400.0,205.362716
-1080.0,-400.0,195.04066
-1040.0,-400.0,185.006568
-1000.0,-400.0,175.261319
-960.0,-400.0,165.805817
-920.0,-400.0,156.640498
-880.0,-400.0,147.76572
-840.0,-400.0,139.181767
-800.0,-400.0,130.888841
-760.0,-400.0,122.886608
-720.0,-400.0,115.175525
-680.0,-400.0,107.755313
-640.0,-400.0,100.625933
-600.0,-400.0,93.787074
-560.0,-400.0,87.238791
-520.0,-400.0,80.980872
-480.0,-400.0,75.013162
-440.0,-400.0,69.335577
-400.0,-400.0,63.9481
-360.0,-400.0,58.850797
-320.0,-400.0,54.043813
-280.0,-400.0,49.527288
-240.0,-400.0,45.301546
-200.0,-400.0,41.367009
-160.0,-400.0,37.724077
-120.0,-400.0,34.373183
-80.0,-400.0,31.314749
-40.0,-400.0,28.548933
0.0,-400.0,26.075537
40.0,-400.0,23.894289
80.0,-400.0,22.011273
120.0,-400.0,20.445003
160.0,-400.0,19.225634
200.0,-400.0,18.393366
240.0,-400.0,17.997109
280.0,-400.0,18.093814
320.0,-400.0,18.747719
360.0,-400.0,20.020789
400.0,-400.0,21.687761
440.0,-400.0,23.634235
480.0,-400.0,25.865521
520.0,-400.0,28.384943
560.0,-400.0,31.194181
600.0,-400.0,34.293659
640.0,-400.0,37.682848
680.0,-400.0,41.360528
720.0,-400.0,45.325476
760.0,-400.0,49.576023
800.0,-400.0,54.110032
840.0,-400.0,58.926137
880.0,-400.0,64.022026
920.0,-400.0,69.395919
960.0,-400.0,75.046002
1000.0,-400.0,80.970153
1040.0,-400.0,87.166181
1080.0,-400.0,93.631815
1120.0,-400.0,100.364697
1160.0,-400.0,107.362372
1200.0,-400.0,114.62228
1240.0,-400.0,122.141751
1280.0,-400.0,129.917999
1320.0,-400.0,137.946538
1360.0,-400.0,146.225428
1400.0,-400.0,154.749695
1440.0,-400.0,163.51666
1480.0,-400.0,172.520177
1520.0,-400.0,181.757031
1560.0,-400.0,191.22212
1600.0,-400.0,200.909953
1640.0,-400.0,210.814714
1680.0,-400.0,220.930258
1720.0,-400.0,231.250114
-1760.0,-360.0,
-1720.0,-360.0,
-1680.0,-360.0,
-1640.0,-360.0,
-1600.0,-360.0,
-1560.0,-360.0,
-1520.0,-360.0,
-1480.0,-360.0,
-1440.0,-360.0,329.42941
-1400.0,-360.0,315.395059
-1360.0,-360.0,301.662743
-1320.0,-360.0,288.237357
-1280.0,-360.0,275.121346
-1240.0,-360.0,262.318416
-1200.0,-360.0,249.831295
-1160.0,-360.0,237.66227
-1120.0,-360.0,225.813244
-1080.0,-360.0,214.285399
-1040.0,-360.0,203.080846
-1000.0,-360.0,192.200135
-960.0,-360.0,181.644511
-920.0,-360.0,171.413936
-880.0,-360.0,161.509365
-840.0,-360.0,151.930924
-800.0,-360.0,142.67867
-760.0,-360.0,133.752594
-720.0,-360.0,125.152617
-680.0,-360.0,116.878286
-640.0,-360.0,108.929528
-600.0,-360.0,101.306026
-560.0,-360.0,94.007397
-520.0,-360.0,87.033223
-480.0,-360.0,80.383333
-440.0,-360.0,74.057413
-400.0,-360.0,68.05525
-360.0,-360.0,62.376748
-320.0,-360.0,57.021937
-280.0,-360.0,51.990974
-240.0,-360.0,47.284022
-200.0,-360.0,42.901715
-160.0,-360.0,38.844493
-120.0,-360.0,35.113168
-80.0,-360.0,31.708411
-40.0,-360.0,28.630816
0.0,-360.0,25.880728
40.0,-360.0,23.458418
80.0,-360.0,21.37115
120.0,-360.0,19.639637
160.0,-360.0,18.296842
200.0,-360.0,17.385964
240.0,-360.0,16.958541
280.0,-360.0,17.073816
320.0,-360.0,17.798467
360.0,-360.0,19.196649
400.0,-360.0,21.029707
440.0,-360.0,23.178131
480.0,-360.0,25.64793
520.0,-360.0,28.442352
560.0,-360.0,31.56236
600.0,-360.0,35.00754
640.0,-360.0,38.776513
680.0,-360.0,42.867191
720.0,-360.0,47.277148
760.0,-360.0,52.004235
800.0,-360.0,57.045837
840.0,-360.0,62.399424
880.0,-360.0,68.062797
920.0,-360.0,74.033421
960.0,-360.0,80.308732
1000.0,-360.0,86.886119
1040.0,-360.0,93.762911
1080.0,-360.0,100.93636
1120.0,-360.0,108.403626
1160.0,-360.0,116.161154
1200.0,-360.0,124.205532
1240.0,-360.0,132.533714
1280.0,-360.0,141.140741
1320.0,-360.0,150.023172
1360.0,-360.0,159.176577
1400.0,-360.0,168.595011
1440.0,-360.0,178.2738
1480.0,-360.0,188.207343
1520.0,-360.0,198.389468
1560.0,-360.0,208.813646
1600.0,-360.0,219.472984
1640.0,-360.0,230.359201
1680.0,-360.0,241.464576
1720.0,-360.0,252.781559
1760.0,-360.0,264.299638
-1760.0,-320.0,
-1720.0,-320.0,
-1680.0,-320.0,
-1640.0,-320.0,
-1600.0,-320.0,
-1560.0,-320.0,
-1520.0,-320.0,
-1480.0,-320.0,
-1440.0,-320.0,369.433273
-1400.0,-320.0,353.532474
-1360.0,-320.0,337.971537
-1320.0,-320.0,322.756141
-1280.0,-320.0,307.891455
-1240.0,-320.0,293.380392
-1200.0,-320.0,279.228427
-1160.0,-320.0,265.437184
-1120.0,-320.0,252.010098
-1080.0,-320.0,238.949269
-1040.0,-320.0,226.256394
-1000.0,-320.0,213.932919
-960.0,-320.0,201.979747
-920.0,-320.0,190.397413
-880.0,-320.0,179.186956
-840.0,-320.0,168.347956
-800.0,-320.0,157.88073
-760.0,-320.0,147.785115
-720.0,-320.0,138.060707
-680.0,-320.0,128.707049
-640.0,-320.0,119.723639
-600.0,-320.0,111.109748
-560.0,-320.0,102.864707
-520.0,-320.0,94.988009
-480.0,-320.0,87.478891
-440.0,-320.0,80.33672
-400.0,-320.0,73.561086
-360.0,-320.0,67.151566
-320.0,-320.0,61.107917
-280.0,-320.0,55.430096
-240.0,-320.0,50.118201
-200.0,-320.0,45.172707
-160.0,-320.0,40.594305
-120.0,-320.0,36.383898
-80.0,-320.0,32.54261
-40.0,-320.0,29.071671
0.0,-320.0,25.972094
40.0,-320.0,23.245028
80.0,-320.0,20.899506
120.0,-320.0,18.959369
160.0,-320.0,17.461287
200.0,-320.0,16.451952
240.0,-320.0,15.986043
280.0,-320.0,16.124935
320.0,-320.0,16.937571
360.0,-320.0,18.490057
400.0,-320.0,20.529647
440.0,-320.0,22.931428
480.0,-320.0,25.7018
520.0,-320.0,28.843224
560.0,-320.0,32.355416
600.0,-320.0,36.236192
640.0,-320.0,40.482645
680.0,-320.0,45.091533
720.0,-320.0,50.059477
760.0,-320.0,55.382842
800.0,-320.0,61.058669
840.0,-320.0,67.08371
880.0,-320.0,73.454781
920.0,-320.0,80.168729
960.0,-320.0,87.222401
1000.0,-320.0,94.612594
1040.0,-320.0,102.33498
1080.0,-320.0,110.386931
1120.0,-320.0,118.763736
1160.0,-320.0,127.461915
1200.0,-320.0,136.475651
1240.0,-320.0,145.80104
1280.0,-320.0,155.43256
1320.0,-320.0,165.364303
1360.0,-320.0,175.589975
1400.0,-320.0,186.102883
1440.0,-320.0,196.89594
1480.0,-320.0,207.961654
1520.0,-320.0,219.290731
1560.0,-320.0,230.874717
1600.0,-320.0,242.70452
1640.0,-320.0,254.768835
1680.0,-320.0,267.057155
1720.0,-320.0,279.558436
1760.0,-320.0,292.259611
-1760.0,-280.0,
-1720.0,-280.0,
-1680.0,-280.0,
-1640.0,-280.0,
-1600.0,-280.0,
-1560.0,-280.0,
-1520.0,-280.0,
-1480.0,-280.0,
-1440.0,-280.0,422.290511
-1400.0,-280.0,403.922687
-1360.0,-280.0,385.9446
-1320.0,-280.0,368.362897
-1280.0,-280.0,351.185719
-1240.0,-280.0,334.41856
-1200.0,-280.0,318.06643
-1160.0,-280.0,302.133837
-1120.0,-280.0,286.624764
-1080.0,-280.0,271.542292
-1040.0,-280.0,256.888165
-1000.0,-280.0,242.664716
-960.0,-280.0,228.873263
-920.0,-280.0,215.514544
-880.0,-280.0,202.589054
-840.0,-280.0,190.097042
-800.0,-280.0,178.037898
-760.0,-280.0,166.411584
-720.0,-280.0,155.216967
-680.0,-280.0,144.453485
-640.0,-280.0,134.119974
-600.0,-280.0,124.21526
-560.0,-280.0,114.738165
-520.0,-280.0,105.687429
-480.0,-280.0,97.061634
-440.0,-280.0,88.859858
-400.0,-280.0,81.080863
-360.0,-280.0,73.723664
-320.0,-280.0,66.787588
-280.0,-280.0,60.272112
-240.0,-280.0,54.17701
-200.0,-280.0,48.502419
-160.0,-280.0,43.249028
-120.0,-280.0,38.417782
-80.0,-280.0,34.010278
-40.0,-280.0,30.02836
0.0,-280.0,26.474006
40.0,-280.0,23.349747
80.0,-280.0,20.667217
120.0,-280.0,18.454665
160.0,-280.0,16.75394
200.0,-280.0,15.61644
240.0,-280.0,15.100458
280.0,-280.0,15.269792
320.0,-280.0,16.195174
360.0,-280.0,17.944291
400.0,-280.0,20.249625
440.0,-280.0,22.980326
480.0,-280.0,26.142188
520.0,-280.0,29.735294
560.0,-280.0,33.756792
600.0,-280.0,38.202009
640.0,-280.0,43.066018
680.0,-280.0,48.343291
720.0,-280.0,54.029346
760.0,-280.0,60.119597
800.0,-280.0,66.609734
840.0,-280.0,73.495662
880.0,-280.0,80.772951
920.0,-280.0,88.437606
960.0,-280.0,96.485824
1000.0,-280.0,104.912084
1040.0,-280.0,113.712576
1080.0,-280.0,122.882099
1120.0,-280.0,132.414592
1160.0,-280.0,142.30443
1200.0,-280.0,152.545371
1240.0,-280.0,163.130278
1280.0,-280.0,174.051164
1320.0,-280.0,185.300601
1360.0,-280.0,196.870172
1400.0,-280.0,208.748331
1440.0,-280.0,220.927182
1480.0,-280.0,233.393916
1520.0,-280.0,246.137037
1560.0,-280.0,259.144208
1600.0,-280.0,272.40147
1640.0,-280.0,285.894045
1680.0,-280.0,299.606337
1720.0,-280.0,313.521928
1760.0,-280.0,327.623315
-1760.0,-240.0,
-1720.0,-240.0,
-1680.0,-240.0,
-1640.0,-240.0,
-1600.0,-240.0,
-1560.0,-240.0,
-1520.0,-240.0,
-1480.0,-240.0,
-1440.0,-240.0,495.391811
-1400.0,-240.0,473.586167
-1360.0,-240.0,452.23948
-1320.0,-240.0,431.361893
-1280.0,-240.0,410.965019
-1240.0,-240.0,391.057615
-1200.0,-240.0,371.647587
-1160.0,-240.0,352.740246
-1120.0,-240.0,334.342564
-1080.0,-240.0,316.457368
-1040.0,-240.0,299.088761
-1000.0,-240.0,282.23925
-960.0,-240.0,265.909849
-920.0,-240.0,250.102273
-880.0,-240.0,234.816461
-840.0,-240.0,220.052471
-800.0,-240.0,205.809359
-760.0,-240.0,192.085991
-720.0,-240.0,178.881031
-680.0,-240.0,166.19281
-640.0,-240.0,154.018883
-600.0,-240.0,142.357454
-560.0,-240.0,131.20614
-520.0,-240.0,120.56252
-480.0,-240.0,110.424256
-440.0,-240.0,100.789094
-400.0,-240.0,91.654532
-360.0,-240.0,83.01886
-320.0,-240.0,74.880148
-280.0,-240.0,67.236864
-240.0,-240.0,60.088015
-200.0,-240.0,53.433005
-160.0,-240.0,47.27198
-120.0,-240.0,41.605745
-80.0,-240.0,36.435935
-40.0,-240.0,31.765051
0.0,-240.0,27.596306
40.0,-240.0,23.934073
80.0,-240.0,20.793923
120.0,-240.0,18.210499
160.0,-240.0,16.233001
200.0,-240.0,14.919759
240.0,-240.0,14.334131
280.0,-240.0,14.543151
320.0,-240.0,15.618958
360.0,-240.0,17.629977
400.0,-240.0,20.29298
440.0,-240.0,23.469447
480.0,-240.0,27.162148
520.0,-240.0,31.366329
560.0,-240.0,36.074449
600.0,-240.0,41.27775
640.0,-240.0,46.968173
680.0,-240.0,53.138435
720.0,-240.0,59.781792
760.0,-240.0,66.891991
800.0,-240.0,74.463744
840.0,-240.0,82.491155
880.0,-240.0,90.969014
920.0,-240.0,99.890953
960.0,-240.0,109.25158
1000.0,-240.0,119.044387
1040.0,-240.0,129.262479
1080.0,-240.0,139.898537
1120.0,-240.0,150.944743
1160.0,-240.0,162.391003
1200.0,-240.0,174.229695
1240.0,-240.0,186.448674
1280.0,-240.0,199.038166
1320.0,-240.0,211.985483
1360.0,-240.0,225.276484
1400.0,-240.0,238.89769
1440.0,-240.0,252.833443
1480.0,-240.0,267.066403
1520.0,-240.0,281.579634
1560.0,-240.0,296.354776
1600.0,-240.0,311.368073
1640.0,-240.0,326.601341
1680.0,-240.0,342.027959
1720.0,-240.0,357.624263
1760.0,-240.0,373.363917
-1760.0,-200.0,
-1720.0,-200.0,
-1680.0,-200.0,
-1640.0,-200.0,
-1600.0,-200.0,
-1560.0,-200.0,
-1520.0,-200.0,
-1480.0,-200.0,631.109272
-1440.0,-200.0,603.555336
-1400.0,-200.0,576.548392
-1360.0,-200.0,550.109899
-1320.0,-200.0,524.257377
-1280.0,-200.0,499.008816
-1240.0,-200.0,474.377134
-1200.0,-200.0,450.373786
-1160.0,-200.0,427.008995
-1120.0,-200.0,404.29013
-1080.0,-200.0,382.223618
-1040.0,-200.0,360.813478
-1000.0,-200.0,340.062964
-960.0,-200.0,319.97449
-920.0,-200.0,300.547544
-880.0,-200.0,281.782746
-840.0,-200.0,263.678605
-800.0,-200.0,246.233221
-760.0,-200.0,229.443294
-720.0,-200.0,213.306322
-680.0,-200.0,197.818119
-640.0,-200.0,182.974462
-600.0,-200.0,168.771067
-560.0,-200.0,155.203556
-520.0,-200.0,142.266873
-480.0,-200.0,129.956497
-440.0,-200.0,118.267615
-400.0,-200.0,107.195683
-360.0,-200.0,96.736444
-320.0,-200.0,86.885689
-280.0,-200.0,77.640044
-240.0,-200.0,68.996399
-200.0,-200.0,60.952426
-160.0,-200.0,53.50673
-120.0,-200.0,46.659036
-80.0,-200.0,40.410333
-40.0,-200.0,34.763308
0.0,-200.0,29.722205
40.0,-200.0,25.293763
80.0,-200.0,21.499157
120.0,-200.0,18.38253
160.0,-200.0,16.004176
200.0,-200.0,14.433227
240.0,-200.0,13.742047
280.0,-200.0,14.003492
320.0,-200.0,15.291418
360.0,-200.0,17.672931
400.0,-200.0,20.846748
440.0,-200.0,24.662572
480.0,-200.0,29.114045
520.0,-200.0,34.186825
560.0,-200.0,39.865258
600.0,-200.0,46.135184
640.0,-200.0,52.984614
680.0,-200.0,60.403529
720.0,-200.0,68.382112
760.0,-200.0,76.912968
800.0,-200.0,85.98803
840.0,-200.0,95.599317
880.0,-200.0,105.738731
920.0,-200.0,116.39792
960.0,-200.0,127.568168
1000.0,-200.0,139.239138
1040.0,-200.0,151.400594
1080.0,-200.0,164.040012
1120.0,-200.0,177.145398
1160.0,-200.0,190.702501
1200.0,-200.0,204.695982
1240.0,-200.0,219.109391
1280.0,-200.0,233.924322
1320.0,-200.0,249.12029
1360.0,-200.0,264.677643
1400.0,-200.0,280.57181
1440.0,-200.0,296.777965
1480.0,-200.0,313.269976
1520.0,-200.0,330.018782
1560.0,-200.0,346.993584
1600.0,-200.0,364.161845
1640.0,-200.0,381.485543
1680.0,-200.0,398.93034
1720.0,-200.0,416.454121
1760.0,-200.0,434.016695
-1760.0,-160.0,
-1720.0,-160.0,
-1680.0,-160.0,
-1640.0,-160.0,
-1600.0,-160.0,
-1560.0,-160.0,
-1520.0,-160.0,
-1480.0,-160.0,819.434122
-1440.0,-160.0,782.524253
-1400.0,-160.0,746.388069
-1360.0,-160.0,711.059368
-1320.0,-160.0,676.565939
-1280.0,-160.0,642.930241
-1240.0,-160.0,610.173006
-1200.0,-160.0,578.309531
-1160.0,-160.0,547.353181
-1120.0,-160.0,517.312608
-1080.0,-160.0,488.194791
-1040.0,-160.0,460.00355
-1000.0,-160.0,432.740856
-960.0,-160.0,406.40631
-920.0,-160.0,380.997582
-880.0,-160.0,356.510219
-840.0,-160.0,332.939209
-800.0,-160.0,310.278073
-760.0,-160.0,288.518156
-720.0,-160.0,267.651852
-680.0,-160.0,247.669282
-640.0,-160.0,228.560573
-600.0,-160.0,210.315628
-560.0,-160.0,192.923442
-520.0,-160.0,176.373574
-480.0,-160.0,160.655274
-440.0,-160.0,145.757904
-400.0,-160.0,131.671344
-360.0,-160.0,118.385611
-320.0,-160.0,105.891318
-280.0,-160.0,94.179848
-240.0,-160.0,83.243226
-200.0,-160.0,73.074756
-160.0,-160.0,63.668895
-120.0,-160.0,55.02181
-80.0,-160.0,47.131765
-40.0,-160.0,39.999706
0.0,-160.0,33.62972
40.0,-160.0,28.030712
80.0,-160.0,23.231434
120.0,-160.0,19.289857
160.0,-160.0,16.283506
200.0,-160.0,14.30026
240.0,-160.0,13.431011
280.0,-160.0,13.762747
320.0,-160.0,15.374171
360.0,-160.0,18.326358
400.0,-160.0,22.291882
440.0,-160.0,27.096239
480.0,-160.0,32.710712
520.0,-160.0,39.103123
560.0,-160.0,46.24586
600.0,-160.0,54.117389
640.0,-160.0,62.700342
680.0,-160.0,71.980863
720.0,-160.0,81.946466
760.0,-160.0,92.585077
800.0,-160.0,103.884919
840.0,-160.0,115.834104
880.0,-160.0,128.419622
920.0,-160.0,141.626828
960.0,-160.0,155.440256
1000.0,-160.0,169.842745
1040.0,-160.0,184.816176
1080.0,-160.0,200.339645
1120.0,-160.0,216.390427
1160.0,-160.0,232.942833
1200.0,-160.0,249.970555
1240.0,-160.0,267.443766
1280.0,-160.0,285.330487
1320.0,-160.0,303.593152
1360.0,-160.0,322.19714
1400.0,-160.0,341.098475
1440.0,-160.0,360.255155
1480.0,-160.0,379.618716
1520.0,-160.0,399.137665
1560.0,-160.0,418.757473
1600.0,-160.0,438.420577
1640.0,-160.0,458.065732
1680.0,-160.0,477.622596
1720.0,-160.0,497.025714
1760.0,-160.0,516.199326
-1760.0,-120.0,
-1720.0,-120.0,
-1680.0,-120.0,
-1640.0,-120.0,
-1600.0,-120.0,
-1560.0,-120.0,
-1520.0,-120.0,
-1480.0,-120.0,1219.735045
-1440.0,-120.0,1155.811333
-1400.0,-120.0,1095.639297
-1360.0,-120.0,1038.723434
-1320.0,-120.0,983.787602
-1280.0,-120.0,930.67429
-1240.0,-120.0,879.367452
-1200.0,-120.0,829.847496
-1160.0,-120.0,782.095838
-1120.0,-120.0,736.092854
-1080.0,-120.0,691.814945
-1040.0,-120.0,649.237907
-1000.0,-120.0,608.335907
-960.0,-120.0,569.081
-920.0,-120.0,531.44456
-880.0,-120.0,495.396947
-840.0,-120.0,460.905854
-800.0,-120.0,427.93987
-760.0,-120.0,396.467106
-720.0,-120.0,366.453841
-680.0,-120.0,337.866991
-640.0,-120.0,310.674081
-600.0,-120.0,284.841853
-560.0,-120.0,260.338135
-520.0,-120.0,237.130733
-480.0,-120.0,215.188643
-440.0,-120.0,194.482032
-400.0,-120.0,174.981864
-360.0,-120.0,156.660605
-320.0,-120.0,139.491915
-280.0,-120.0,123.451472
-240.0,-120.0,108.5165
-200.0,-120.0,94.666485
-160.0,-120.0,81.883159
-120.0,-120.0,70.151215
-80.0,-120.0,59.458801
-40.0,-120.0,49.798564
0.0,-120.0,41.168971
40.0,-120.0,33.577627
80.0,-120.0,27.061603
120.0,-120.0,21.698005
160.0,-120.0,17.591631
200.0,-120.0,14.865979
240.0,-120.0,13.653896
280.0,-120.0,14.081243
320.0,-120.0,16.245649
360.0,-120.0,20.191782
400.0,-120.0,25.53659
440.0,-120.0,32.042283
480.0,-120.0,39.6294
520.0,-120.0,48.23467
560.0,-120.0,57.814304
600.0,-120.0,68.337574
640.0,-120.0,79.779422
680.0,-120.0,92.119859
720.0,-120.0,105.338905
760.0,-120.0,119.416596
800.0,-120.0,134.330915
840.0,-120.0,150.059499
880.0,-120.0,166.575333
920.0,-120.0,183.850917
960.0,-120.0,201.85456
1000.0,-120.0,220.549546
1040.0,-120.0,239.899739
1080.0,-120.0,259.858932
1120.0,-120.0,280.382045
1160.0,-120.0,301.417008
1200.0,-120.0,322.907649
1240.0,-120.0,344.789381
1280.0,-120.0,366.999932
1320.0,-120.0,389.462081
1360.0,-120.0,412.100325
1400.0,-120.0,434.830172
1440.0,-120.0,457.561538
1480.0,-120.0,480.193802
1520.0,-120.0,502.627886
1560.0,-120.0,524.748911
1600.0,-120.0,546.441987
1640.0,-120.0,567.580305
1680.0,-120.0,588.030348
1720.0,-120.0,607.651899
1760.0,-120.0,626.62355
-1760.0,-80.0,
-1720.0,-80.0,
-1680.0,-80.0,
-1640.0,-80.0,
-1600.0,-80.0,
-1560.0,-80.0,
-1520.0,-80.0,
-1480.0,-80.0,3255.209418
-1440.0,-80.0,2928.918237
-1400.0,-80.0,2646.904707
-1360.0,-80.0,2401.102299
-1320.0,-80.0,2185.307734
-1280.0,-80.0,1994.668762
-1240.0,-80.0,1825.333048
-1200.0,-80.0,1674.201718
-1160.0,-80.0,1538.752733
-1120.0,-80.0,1416.911956
-1080.0,-80.0,1306.615597
-1040.0,-80.0,1204.917402
-1000.0,-80.0,1110.714686
-960.0,-80.0,1023.274669
-920.0,-80.0,941.976764
-880.0,-80.0,866.290526
-840.0,-80.0,795.75645
-800.0,-80.0,729.973968
-760.0,-80.0,668.591875
-720.0,-80.0,611.297788
-680.0,-80.0,557.8139
-640.0,-80.0,507.89048
-600.0,-80.0,461.301036
-560.0,-80.0,417.841891
-520.0,-80.0,377.325937
-480.0,-80.0,339.584007
-440.0,-80.0,304.460572
-400.0,-80.0,271.813074
-360.0,-80.0,241.511622
-320.0,-80.0,213.43766
-280.0,-80.0,187.482691
-240.0,-80.0,163.548601
-200.0,-80.0,141.546639
-160.0,-80.0,121.397401
-120.0,-80.0,103.030849
-80.0,-80.0,86.386563
-40.0,-80.0,71.414845
0.0,-80.0,58.078853
40.0,-80.0,46.361354
80.0,-80.0,36.2952
120.0,-80.0,27.976403
160.0,-80.0,21.553059
200.0,-80.0,17.221011
240.0,-80.0,15.213004
280.0,-80.0,15.768352
320.0,-80.0,19.067262
360.0,-80.0,25.119497
400.0,-80.0,33.359903
440.0,-80.0,43.350083
480.0,-80.0,54.896192
520.0,-80.0,67.889972
560.0,-80.0,82.267312
600.0,-80.0,97.979689
640.0,-80.0,114.986182
680.0,-80.0,133.244342
720.0,-80.0,152.710932
760.0,-80.0,173.335955
800.0,-80.0,195.064136
840.0,-80.0,217.834788
880.0,-80.0,241.577007
920.0,-80.0,266.214468
960.0,-80.0,291.660475
1000.0,-80.0,317.819532
1040.0,-80.0,344.58379
1080.0,-80.0,371.838502
1120.0,-80.0,399.45605
1160.0,-80.0,427.297849
1200.0,-80.0,455.209466
1240.0,-80.0,483.031562
1280.0,-80.0,510.582883
1320.0,-80.0,537.67483
1360.0,-80.0,564.099493
1400.0,-80.0,589.64107
1440.0,-80.0,614.063901
1480.0,-80.0,637.616636
1520.0,-80.0,661.753822
1560.0,-80.0,686.589103
1600.0,-80.0,712.122481
1640.0,-80.0,738.353955
1680.0,-80.0,765.283525
1720.0,-80.0,792.911191
1760.0,-80.0,821.236954
-1760.0,-40.0,
-1720.0,-40.0,
-1680.0,-40.0,
-1640.0,-40.0,
-1600.0,-40.0,
-1560.0,-40.0,
-1520.0,-40.0,
-1480.0,-40.0,
-1440.0,-40.0,
-1400.0,-40.0,
-1360.0,-40.0,
-1320.0,-40.0,
-1280.0,-40.0,
-1240.0,-40.0,
-1200.0,-40.0,
-1160.0,-40.0,
-1120.0,-40.0,149003.75102
-1080.0,-40.0,73414.303689
-1040.0,-40.0,50785.915972
-1000.0,-40.0,797635.695174
-960.0,-40.0,127303.332637
-920.0,-40.0,71469.41779
-880.0,-40.0,50762.113769
-840.0,-40.0,39942.089976
-800.0,-40.0,33276.554498
-760.0,-40.0,6724.102334
-720.0,-40.0,4200.331538
-680.0,-40.0,3035.592514
-640.0,-40.0,2336.905144
-600.0,-40.0,1864.148334
-560.0,-40.0,1520.651292
-520.0,-40.0,1258.958193
-480.0,-40.0,1052.746128
-440.0,-40.0,886.128011
-400.0,-40.0,748.901408
-360.0,-40.0,634.190353
-320.0,-40.0,537.177844
-280.0,-40.0,454.382278
-240.0,-40.0,383.220096
-200.0,-40.0,321.733669
-160.0,-40.0,268.412867
-120.0,-40.0,222.076937
-80.0,-40.0,181.793555
-40.0,-40.0,146.823003
0.0,-40.0,116.580161
40.0,-40.0,90.620496
80.0,-40.0,68.678391
120.0,-40.0,50.684218
160.0,-40.0,36.756768
200.0,-40.0,27.195621
240.0,-40.0,22.461738
280.0,-40.0,23.137899
320.0,-40.0,29.802747
360.0,-40.0,42.511205
400.0,-40.0,59.688221
440.0,-40.0,79.993121
480.0,-40.0,103.00773
520.0,-40.0,128.545073
560.0,-40.0,156.457474
600.0,-40.0,186.595846
640.0,-40.0,218.795371
680.0,-40.0,252.865089
720.0,-40.0,288.591383
760.0,-40.0,325.72984
800.0,-40.0,364.005732
840.0,-40.0,403.10819
880.0,-40.0,442.695632
920.0,-40.0,482.385574
960.0,-40.0,521.761886
1000.0,-40.0,560.361293
1040.0,-40.0,597.687843
1080.0,-40.0,633.19961
1120.0,-40.0,667.592052
1160.0,-40.0,703.475183
1200.0,-40.0,742.709672
1240.0,-40.0,785.00028
1280.0,-40.0,829.70877
1320.0,-40.0,876.390842
1360.0,-40.0,924.727672
1400.0,-40.0,974.484536
1440.0,-40.0,1025.787315
1480.0,-40.0,1077.894957
1520.0,-40.0,
1560.0,-40.0,
1600.0,-40.0,
1640.0,-40.0,
1680.0,-40.0,
1720.0,-40.0,
1760.0,-40.0,
-1760.0,40.0,
-1720.0,40.0,
-1680.0,40.0,
-1640.0,40.0,
-1600.0,40.0,
-1560.0,40.0,
-1520.0,40.0,
-1480.0,40.0,
-1440.0,40.0,
-1400.0,40.0,
-1360.0,40.0,
-1320.0,40.0,
-1280.0,40.0,
-1240.0,40.0,
-1200.0,40.0,
-1160.0,40.0,
-1120.0,40.0,149003.751021
-1080.0,40.0,73414.30369
-1040.0,40.0,50785.915972
-1000.0,40.0,797635.695531
-960.0,40.0,127303.33263
-920.0,40.0,71469.41779
-880.0,40.0,50762.11377
-840.0,40.0,39942.089976
-800.0,40.0,33276.554498
-760.0,40.0,6724.102334
-720.0,40.0,4200.331538
-680.0,40.0,3035.592514
-640.0,40.0,2336.905144
-600.0,40.0,1864.148334
-560.0,40.0,1520.651292
-520.0,40.0,1258.958193
-480.0,40.0,1052.746128
-440.0,40.0,886.128011
-400.0,40.0,748.901408
-360.0,40.0,634.190353
-320.0,40.0,537.177844
-280.0,40.0,454.382278
-240.0,40.0,383.220096
-200.0,40.0,321.733669
-160.0,40.0,268.412867
-120.0,40.0,222.076937
-80.0,40.0,181.793555
-40.0,40.0,146.823003
0.0,40.0,116.580161
40.0,40.0,90.620496
80.0,40.0,68.678391
120.0,40.0,50.684218
160.0,40.0,36.756768
200.0,40.0,27.195621
240.0,40.0,22.461738
280.0,40.0,23.137899
320.0,40.0,29.802747
360.0,40.0,42.511205
400.0,40.0,59.688221
440.0,40.0,79.993121
480.0,40.0,103.00773
520.0,40.0,128.545073
560.0,40.0,156.457474
600.0,40.0,186.595846
640.0,40.0,218.795371
680.0,40.0,252.865089
720.0,40.0,288.591383
760.0,40.0,325.72984
800.0,40.0,364.005732
840.0,40.0,403.10819
880.0,40.0,442.695632
920.0,40.0,482.385574
960.0,40.0,521.761886
1000.0,40.0,560.361293
1040.0,40.0,597.687843
1080.0,40.0,633.19961
1120.0,40.0,667.592052
1160.0,40.0,703.475183
1200.0,40.0,742.709672
1240.0,40.0,785.00028
1280.0,40.0,829.70877
1320.0,40.0,876.390842
1360.0,40.0,924.727672
1400.0,40.0,974.484536
1440.0,40.0,1025.787315
1480.0,40.0,1077.894957
1520.0,40.0,
1560.0,40.0,
1600.0,40.0,
1640.0,40.0,
1680.0,40.0,
1720.0,40.0,
1760.0,40.0,
-1760.0,80.0,
-1720.0,80.0,
-1680.0,80.0,
-1640.0,80.0,
-1600.0,80.0,
-1560.0,80.0,
-1520.0,80.0,
-1480.0,80.0,3255.209418
-1440.0,80.0,2928.918237
-1400.0,80.0,2646.904707
-1360.0,80.0,2401.102299
-1320.0,80.0,2185.307734
-1280.0,80.0,1994.668762
-1240.0,80.0,1825.333048
-1200.0,80.0,1674.201718
-1160.0,80.0,1538.752733
-1120.0,80.0,1416.911956
-1080.0,80.0,1306.615597
-1040.0,80.0,1204.917402
-1000.0,80.0,1110.714686
-960.0,80.0,1023.274669
-920.0,80.0,941.976764
-880.0,80.0,866.290526
-840.0,80.0,795.75645
-800.0,80.0,729.973968
-760.0,80.0,668.591875
-720.0,80.0,611.297788
-680.0,80.0,557.8139
-640.0,80.0,507.89048
-600.0,80.0,461.301036
-560.0,80.0,417.841891
-520.0,80.0,377.325937
-480.0,80.0,339.584007
-440.0,80.0,304.460572
-400.0,80.0,271.813074
-360.0,80.0,241.511622
-320.0,80.0,213.43766
-280.0,80.0,187.482691
-240.0,80.0,163.548601
-200.0,80.0,141.546639
-160.0,80.0,121.397401
-120.0,80.0,103.030849
-80.0,80.0,86.386563
-40.0,80.0,71.414845
0.0,80.0,58.078853
40.0,80.0,46.361354
80.0,80.0,36.2952
120.0,80.0,27.976403
160.0,80.0,21.553059
200.0,80.0,17.221011
240.0,80.0,15.213004
280.0,80.0,15.768352
320.0,80.0,19.067262
360.0,80.0,25.119497
400.0,80.0,33.359903
440.0,80.0,43.350083
480.0,80.0,54.896192
520.0,80.0,67.889972
560.0,80.0,82.267312
600.0,80.0,97.979689
640.0,80.0,114.986182
680.0,80.0,133.244342
720.0,80.0,152.710932
760.0,80.0,173.335955
800.0,80.0,195.064136
840.0,80.0,217.834788
880.0,80.0,241.577007
920.0,80.0,266.214468
960.0,80.0,291.660475
1000.0,80.0,317.819532
1040.0,80.0,344.58379
1080.0,80.0,371.838502
1120.0,80.0,399.45605
1160.0,80.0,427.297849
1200.0,80.0,455.209466
1240.0,80.0,483.031562
1280.0,80.0,510.582883
1320.0,80.0,537.67483
1360.0,80.0,564.099493
1400.0,80.0,589.64107
1440.0,80.0,614.063901
1480.0,80.0,637.616636
1520.0,80.0,661.753822
1560.0,80.0,686.589103
1600.0,80.0,712.122481
1640.0,80.0,738.353955
1680.0,80.0,765.283525
1720.0,80.0,792.911191
1760.0,80.0,821.236954
-1760.0,120.0,
-1720.0,120.0,
-1680.0,120.0,
-1640.0,120.0,
-1600.0,120.0,
-1560.0,120.0,
-1520.0,120.0,
-1480.0,120.0,1219.735045
-1440.0,120.0,1155.811333
-1400.0,120.0,1095.639297
-1360.0,120.0,1038.723434
-1320.0,120.0,983.787602
-1280.0,120.0,930.67429
-1240.0,120.0,879.367452
-1200.0,120.0,829.847496
-1160.0,120.0,782.095838
-1120.0,120.0,736.092854
-1080.0,120.0,691.814945
-1040.0,120.0,649.237907
-1000.0,120.0,608.335907
-960.0,120.0,569.081
-920.0,120.0,531.44456
-880.0,120.0,495.396947
-840.0,120.0,460.905854
-800.0,120.0,427.93987
-760.0,120.0,396.467106
-720.0,120.0,366.453841
-680.0,120.0,337.866991
-640.0,120.0,310.674081
-600.0,120.0,284.841853
-560.0,120.0,260.338135
-520.0,120.0,237.130733
-480.0,120.0,215.188643
-440.0,120.0,194.482032
-400.0,120.0,174.981864
-360.0,120.0,156.660605
-320.0,120.0,139.491915
-280.0,120.0,123.451472
-240.0,120.0,108.5165
-200.0,120.0,94.666485
-160.0,120.0,81.883159
-120.0,120.0,70.151215
-80.0,120.0,59.458801
-40.0,120.0,49.798564
0.0,120.0,41.168971
40.0,120.0,33.577627
80.0,120.0,27.061603
120.0,120.0,21.698005
160.0,120.0,17.591631
200.0,120.0,14.865979
240.0,120.0,13.653896
280.0,120.0,14.081243
320.0,120.0,16.245649
360.0,120.0,20.191782
400.0,120.0,25.53659
440.0,120.0,32.042283
480.0,120.0,39.6294
520.0,120.0,48.23467
560.0,120.0,57.814304
600.0,120.0,68.337574
640.0,120.0,79.779422
680.0,120.0,92.119859
720.0,120.0,105.338905
760.0,120.0,119.416596
800.0,120.0,134.330915
840.0,120.0,150.059499
880.0,120.0,166.575333
920.0,120.0,183.850917
960.0,120.0,201.85456
1000.0,120.0,220.549546
1040.0,120.0,239.899739
1080.0,120.0,259.858932
1120.0,120.0,280.382045
1160.0,120.0,301.417008
1200.0,120.0,322.907649
1240.0,120.0,344.789381
1280.0,120.0,366.999932
1320.0,120.0,389.462081
1360.0,120.0,412.100325
1400.0,120.0,434.830172
1440.0,120.0,457.561538
1480.0,120.0,480.193802
1520.0,120.0,502.627886
1560.0,120.0,524.748911
1600.0,120.0,546.441987
1640.0,120.0,567.580305
1680.0,120.0,588.030348
1720.0,120.0,607.651899
1760.0,120.0,626.62355
-1760.0,160.0,
-1720.0,160.0,
-1680.0,160.0,
-1640.0,160.0,
-1600.0,160.0,
-1560.0,160.0,
-1520.0,160.0,
-1480.0,160.0,819.434122
-1440.0,160.0,782.524253
-1400.0,160.0,746.388069
-1360.0,160.0,711.059368
-1320.0,160.0,676.565939
-1280.0,160.0,642.930241
-1240.0,160.0,610.173006
-1200.0,160.0,578.309531
-1160.0,160.0,547.353181
-1120.0,160.0,517.312608
-1080.0,160.0,488.194791
-1040.0,160.0,460.00355
-1000.0,160.0,432.740856
-960.0,160.0,406.40631
-920.0,160.0,380.997582
-880.0,160.0,356.510219
-840.0,160.0,332.939209
-800.0,160.0,310.278073
-760.0,160.0,288.518156
-720.0,160.0,267.651852
-680.0,160.0,247.669282
-640.0,160.0,228.560573
-600.0,160.0,210.315628
-560.0,160.0,192.923442
-520.0,160.0,176.373574
-480.0,160.0,160.655274
-440.0,160.0,145.757904
-400.0,160.0,131.671344
-360.0,160.0,118.385611
-320.0,160.0,105.891318
-280.0,160.0,94.179848
-240.0,160.0,83.243226
-200.0,160.0,73.074756
-160.0,160.0,63.668895
-120.0,160.0,55.02181
-80.0,160.0,47.131765
-40.0,160.0,39.999706
0.0,160.0,33.62972
40.0,160.0,28.030712
80.0,160.0,23.231434
120.0,160.0,19.289857
160.0,160.0,16.283506
200.0,160.0,14.30026
240.0,160.0,13.431011
280.0,160.0,13.762747
320.0,160.0,15.374171
360.0,160.0,18.326358
400.0,160.0,22.291882
440.0,160.0,27.096239
480.0,160.0,32.710712
520.0,160.0,39.103123
560.0,160.0,46.24586
600.0,160.0,54.117389
640.0,160.0,62.700342
680.0,160.0,71.980863
720.0,160.0,81.946466
760.0,160.0,92.585077
800.0,160.0,103.884919
840.0,160.0,115.834104
880.0,160.0,128.419622
920.0,160.0,141.626828
960.0,160.0,155.440256
1000.0,160.0,169.842745
1040.0,160.0,184.816176
1080.0,160.0,200.339645
1120.0,160.0,216.390427
1160.0,160.0,232.942833
1200.0,160.0,249.970555
1240.0,160.0,267.443766
1280.0,160.0,285.330487
1320.0,160.0,303.593152
1360.0,160.0,322.19714
1400.0,160.0,341.098475
1440.0,160.0,360.255155
1480.0,160.0,379.618716
1520.0,160.0,399.137665
1560.0,160.0,418.757473
1600.0,160.0,438.420577
1640.0,160.0,458.065732
1680.0,160.0,477.622596
1720.0,160.0,497.025714
1760.0,160.0,516.199326
-1760.0,200.0,
-1720.0,200.0,
-1680.0,200.0,
-1640.0,200.0,
-1600.0,200.0,
-1560.0,200.0,
-1520.0,200.0,
-1480.0,200.0,631.109272
-1440.0,200.0,603.555336
-1400.0,200.0,576.548392
-1360.0,200.0,550.109899
-1320.0,200.0,524.257377
-1280.0,200.0,499.008816
-1240.0,200.0,474.377134
-1200.0,200.0,450.373786
-1160.0,200.0,427.008995
-1120.0,200.0,404.29013
-1080.0,200.0,382.223618
-1040.0,200.0,360.813478
-1000.0,200.0,340.062964
-960.0,200.0,319.97449
-920.0,200.0,300.547544
-880.0,200.0,281.782746
-840.0,200.0,263.678605
-800.0,200.0,246.233221
-760.0,200.0,229.443294
-720.0,200.0,213.306322
-680.0,200.0,197.818119
-640.0,200.0,182.974462
-600.0,200.0,168.771067
-560.0,200.0,155.203556
-520.0,200.0,142.266873
-480.0,200.0,129.956497
-440.0,200.0,118.267615
-400.0,200.0,107.195683
-360.0,200.0,96.736444
-320.0,200.0,86.885689
-280.0,200.0,77.640044
-240.0,200.0,68.996399
-200.0,200.0,60.952426
-160.0,200.0,53.50673
-120.0,200.0,46.659036
-80.0,200.0,40.410333
-40.0,200.0,34.763308
0.0,200.0,29.722205
40.0,200.0,25.293763
80.0,200.0,21.499157
120.0,200.0,18.38253
160.0,200.0,16.004176
200.0,200.0,14.433227
240.0,200.0,13.742047
280.0,200.0,14.003492
320.0,200.0,15.291418
360.0,200.0,17.672931
400.0,200.0,20.846748
440.0,200.0,24.662572
480.0,200.0,29.114045
520.0,200.0,34.186825
560.0,200.0,39.865258
600.0,200.0,46.135184
640.0,200.0,52.984614
680.0,200.0,60.403529
720.0,200.0,68.382112
760.0,200.0,76.912968
800.0,200.0,85.98803
840.0,200.0,95.599317
880.0,200.0,105.738731
920.0,200.0,116.39792
960.0,200.0,127.568168
1000.0,200.0,139.239138
1040.0,200.0,151.400594
1080.0,200.0,164.040012
1120.0,200.0,177.145398
1160.0,200.0,190.702501
1200.0,200.0,204.695982
1240.0,200.0,219.109391
1280.0,200.0,233.924322
1320.0,200.0,249.12029
1360.0,200.0,264.677643
1400.0,200.0,280.57181
1440.0,200.0,296.777965
1480.0,200.0,313.269976
1520.0,200.0,330.018782
1560.0,200.0,346.993584
1600.0,200.0,364.161845
1640.0,200.0,381.485543
1680.0,200.0,398.93034
1720.0,200.0,416.454121
1760.0,200.0,434.016695
-1760.0,240.0,
-1720.0,240.0,
-1680.0,240.0,
-1640.0,240.0,
-1600.0,240.0,
-1560.0,240.0,
-1520.0,240.0,
-1480.0,240.0,
-1440.0,240.0,495.391811
-1400.0,240.0,473.586167
-1360.0,240.0,452.23948
-1320.0,240.0,431.361893
-1280.0,240.0,410.965019
-1240.0,240.0,391.057615
-1200.0,240.0,371.647587
-1160.0,240.0,352.740246
-1120.0,240.0,334.342564
-1080.0,240.0,316.457368
-1040.0,240.0,299.088761
-1000.0,240.0,282.23925
-960.0,240.0,265.909849
-920.0,240.0,250.102273
-880.0,240.0,234.816461
-840.0,240.0,220.052471
-800.0,240.0,205.809359
-760.0,240.0,192.085991
-720.0,240.0,178.881031
-680.0,240.0,166.19281
-640.0,240.0,154.018883
-600.0,240.0,142.357454
-560.0,240.0,131.20614
-520.0,240.0,120.56252
-480.0,240.0,110.424256
-440.0,240.0,100.789094
-400.0,240.0,91.654532
-360.0,240.0,83.01886
-320.0,240.0,74.880148
-280.0,240.0,67.236864
-240.0,240.0,60.088015
-200.0,240.0,53.433005
-160.0,240.0,47.27198
-120.0,240.0,41.605745
-80.0,240.0,36.435935
-40.0,240.0,31.765051
0.0,240.0,27.596306
40.0,240.0,23.934073
80.0,240.0,20.793923
120.0,240.0,18.210499
160.0,240.0,16.233001
200.0,240.0,14.919759
240.0,240.0,14.334131
280.0,240.0,14.543151
320.0,240.0,15.618958
360.0,240.0,17.629977
400.0,240.0,20.29298
440.0,240.0,23.469447
480.0,240.0,27.162148
520.0,240.0,31.366329
560.0,240.0,36.074449
600.0,240.0,41.27775
640.0,240.0,46.968173
680.0,240.0,53.138435
720.0,240.0,59.781792
760.0,240.0,66.891991
800.0,240.0,74.463744
840.0,240.0,82.491155
880.0,240.0,90.969014
920.0,240.0,99.890953
960.0,240.0,109.25158
1000.0,240.0,119.044387
1040.0,240.0,129.262479
1080.0,240.0,139.898537
1120.0,240.0,150.944743
1160.0,240.0,162.391003
1200.0,240.0,174.229695
1240.0,240.0,186.448674
1280.0,240.0,199.038166
1320.0,240.0,211.985483
1360.0,240.0,225.276484
1400.0,240.0,238.89769
1440.0,240.0,252.833443
1480.0,240.0,267.066403
1520.0,240.0,281.579634
1560.0,240.0,296.354776
1600.0,240.0,311.368073
1640.0,240.0,326.601341
1680.0,240.0,342.027959
1720.0,240.0,357.624263
1760.0,240.0,373.363917
-1760.0,280.0,
-1720.0,280.0,
-1680.0,280.0,
-1640.0,280.0,
-1600.0,280.0,
-1560.0,280.0,
-1520.0,280.0,
-1480.0,280.0,
-1440.0,280.0,422.290511
-1400.0,280.0,403.922687
-1360.0,280.0,385.9446
-1320.0,280.0,368.362897
-1280.0,280.0,351.185719
-1240.0,280.0,334.41856
-1200.0,280.0,318.06643
-1160.0,280.0,302.133837
-1120.0,280.0,286.624764
-1080.0,280.0,271.542292
-1040.0,280.0,256.888165
-1000.0,280.0,242.664716
-960.0,280.0,228.873263
-920.0,280.0,215.514544
-880.0,280.0,202.589054
-840.0,280.0,190.097042
-800.0,280.0,178.037898
-760.0,280.0,166.411584
-720.0,280.0,155.216967
-680.0,280.0,144.453485
-640.0,280.0,134.119974
-600.0,280.0,124.21526
-560.0,280.0,114.738165
-520.0,280.0,105.687429
-480.0,280.0,97.061634
-440.0,280.0,88.859858
-400.0,280.0,81.080863
-360.0,280.0,73.723664
-320.0,280.0,66.787588
-280.0,280.0,60.272112
-240.0,280.0,54.17701
-200.0,280.0,48.502419
-160.0,280.0,43.249028
-120.0,280.0,38.417782
-80.0,280.0,34.010278
-40.0,280.0,30.02836
0.0,280.0,26.474006
40.0,280.0,23.349747
80.0,280.0,20.667217
120.0,280.0,18.454665
160.0,280.0,16.75394
200.0,280.0,15.61644
240.0,280.0,15.100458
280.0,280.0,15.269792
320.0,280.0,16.195174
360.0,280.0,17.944291
400.0,280.0,20.249625
440.0,280.0,22.980326
480.0,280.0,26.142188
520.0,280.0,29.735294
560.0,280.0,33.756792
600.0,280.0,38.202009
640.0,280.0,43.066018
680.0,280.0,48.343291
720.0,280.0,54.029346
760.0,280.0,60.119597
800.0,280.0,66.609734
840.0,280.0,73.495662
880.0,280.0,80.772951
920.0,280.0,88.437606
960.0,280.0,96.485824
1000.0,280.0,104.912084
1040.0,280.0,113.712576
1080.0,280.0,122.882099
1120.0,280.0,132.414592
1160.0,280.0,142.30443
1200.0,280.0,152.545371
1240.0,280.0,163.130278
1280.0,280.0,174.051164
1320.0,280.0,185.300601
1360.0,280.0,196.870172
1400.0,280.0,208.748331
1440.0,280.0,220.927182
1480.0,280.0,233.393916
1520.0,280.0,246.137037
1560.0,280.0,259.144208
1600.0,280.0,272.40147
1640.0,280.0,285.894045
1680.0,280.0,299.606337
1720.0,280.0,313.521928
1760.0,280.0,327.623315
-1760.0,320.0,
-1720.0,320.0,
-1680.0,320.0,
-1640.0,320.0,
-1600.0,320.0,
-1560.0,320.0,
-1520.0,320.0,
-1480.0,320.0,
-1440.0,320.0,369.433273
-1400.0,320.0,353.532474
-1360.0,320.0,337.971537
-1320.0,320.0,322.756141
-1280.0,320.0,307.891455
-1240.0,320.0,293.380392
-1200.0,320.0,279.228427
-1160.0,320.0,265.437184
-1120.0,320.0,252.010098
-1080.0,320.0,238.949269
-1040.0,320.0,226.256394
-1000.0,320.0,213.932919
-960.0,320.0,201.979747
-920.0,320.0,190.397413
-880.0,320.0,179.186956
-840.0,320.0,168.347956
-800.0,320.0,157.88073
-760.0,320.0,147.785115
-720.0,320.0,138.060707
-680.0,320.0,128.707049
-640.0,320.0,119.723639
-600.0,320.0,111.109748
-560.0,320.0,102.864707
-520.0,320.0,94.988009
-480.0,320.0,87.478891
-440.0,320.0,80.33672
-400.0,320.0,73.561086
-360.0,320.0,67.151566
-320.0,320.0,61.107917
-280.0,320.0,55.430096
-240.0,320.0,50.118201
-200.0,320.0,45.172707
-160.0,320.0,40.594305
-120.0,320.0,36.383898
-80.0,320.0,32.54261
-40.0,320.0,29.071671
0.0,320.0,25.972094
40.0,320.0,23.245028
80.0,320.0,20.899506
120.0,320.0,18.959369
160.0,320.0,17.461287
200.0,320.0,16.451952
240.0,320.0,15.986043
280.0,320.0,16.124935
320.0,320.0,16.937571
360.0,320.0,18.490057
400.0,320.0,20.529647
440.0,320.0,22.931428
480.0,320.0,25.7018
520.0,320.0,28.843224
560.0,320.0,32.355416
600.0,320.0,36.236192
640.0,320.0,40.482645
680.0,320.0,45.091533
720.0,320.0,50.059477
760.0,320.0,55.382842
800.0,320.0,61.058669
840.0,320.0,67.08371
880.0,320.0,73.454781
920.0,320.0,80.168729
960.0,320.0,87.222401
1000.0,320.0,94.612594
1040.0,320.0,102.33498
1080.0,320.0,110.386931
1120.0,320.0,118.763736
1160.0,320.0,127.461915
1200.0,320.0,136.475651
1240.0,320.0,145.80104
1280.0,320.0,155.43256
1320.0,320.0,165.364303
1360.0,320.0,175.589975
1400.0,320.0,186.102883
1440.0,320.0,196.89594
1480.0,320.0,207.961654
1520.0,320.0,219.290731
1560.0,320.0,230.874717
1600.0,320.0,242.70452
1640.0,320.0,254.768835
1680.0,320.0,267.057155
1720.0,320.0,279.558436
1760.0,320.0,292.259611
-1760.0,360.0,
-1720.0,360.0,
-1680.0,360.0,
-1640.0,360.0,
-1600.0,360.0,
-1560.0,360.0,
-1520.0,360.0,
-1480.0,360.0,
-1440.0,360.0,329.42941
-1400.0,360.0,315.395059
-1360.0,360.0,301.662743
-1320.0,360.0,288.237357
-1280.0,360.0,275.121346
-1240.0,360.0,262.318416
-1200.0,360.0,249.831295
-1160.0,360.0,237.66227
-1120.0,360.0,225.813244
-1080.0,360.0,214.285399
-1040.0,360.0,203.080846
-1000.0,360.0,192.200135
-960.0,360.0,181.644511
-920.0,360.0,171.413936
-880.0,360.0,161.509365
-840.0,360.0,151.930924
-800.0,360.0,142.67867
-760.0,360.0,133.752594
-720.0,360.0,125.152617
-680.0,360.0,116.878286
-640.0,360.0,108.929528
-600.0,360.0,101.306026
-560.0,360.0,94.007397
-520.0,360.0,87.033223
-480.0,360.0,80.383333
-440.0,360.0,74.057413
-400.0,360.0,68.05525
-360.0,360.0,62.376748
-320.0,360.0,57.021937
-280.0,360.0,51.990974
-240.0,360.0,47.284022
-200.0,360.0,42.901715
-160.0,360.0,38.844493
-120.0,360.0,35.113168
-80.0,360.0,31.708411
-40.0,360.0,28.630816
0.0,360.0,25.880728
40.0,360.0,23.458418
80.0,360.0,21.37115
120.0,360.0,19.639637
160.0,360.0,18.296842
200.0,360.0,17.385964
240.0,360.0,16.958541
280.0,360.0,17.073816
320.0,360.0,17.798467
360.0,360.0,19.196649
400.0,360.0,21.029707
440.0,360.0,23.178131
480.0,360.0,25.64793
520.0,360.0,28.442352
560.0,360.0,31.56236
600.0,360.0,35.00754
640.0,360.0,38.776513
680.0,360.0,42.867191
720.0,360.0,47.277148
760.0,360.0,52.004235
800.0,360.0,57.045837
840.0,360.0,62.399424
880.0,360.0,68.062797
920.0,360.0,74.033421
960.0,360.0,80.308732
1000.0,360.0,86.886119
1040.0,360.0,93.762911
1080.0,360.0,100.93636
1120.0,360.0,108.403626
1160.0,360.0,116.161154
1200.0,360.0,124.205532
1240.0,360.0,132.533714
1280.0,360.0,141.140741
1320.0,360.0,150.023172
1360.0,360.0,159.176577
1400.0,360.0,168.595011
1440.0,360.0,178.2738
1480.0,360.0,188.207343
1520.0,360.0,198.389468
1560.0,360.0,208.813646
1600.0,360.0,219.472984
1640.0,360.0,230.359201
1680.0,360.0,241.464576
1720.0,360.0,252.781559
1760.0,360.0,264.299638
-1720.0,400.0,
-1680.0,400.0,
-1640.0,400.0,
-1600.0,400.0,
-1560.0,400.0,
-1520.0,400.0,
-1480.0,400.0,
-1440.0,400.0,298.136669
-1400.0,400.0,285.568048
-1360.0,400.0,273.271763
-1320.0,400.0,261.251166
-1280.0,400.0,249.508713
-1240.0,400.0,238.04652
-1200.0,400.0,226.867087
-1160.0,400.0,215.972302
-1120.0,400.0,205.362716
-1080.0,400.0,195.04066
-1040.0,400.0,185.006568
-1000.0,400.0,175.261319
-960.0,400.0,165.805817
-920.0,400.0,156.640498
-880.0,400.0,147.76572
-840.0,400.0,139.181767
-800.0,400.0,130.888841
-760.0,400.0,122.886608
-720.0,400.0,115.175525
-680.0,400.0,107.755313
-640.0,400.0,100.625933
-600.0,400.0,93.787074
-560.0,400.0,87.238791
-520.0,400.0,80.980872
-480.0,400.0,75.013162
-440.0,400.0,69.335577
-400.0,400.0,63.9481
-360.0,400.0,58.850797
-320.0,400.0,54.043813
-280.0,400.0,49.527288
-240.0,400.0,45.301546
-200.0,400.0,41.367009
-160.0,400.0,37.724077
-120.0,400.0,34.373183
-80.0,400.0,31.314749
-40.0,400.0,28.548933
0.0,400.0,26.075537
40.0,400.0,23.894289
80.0,400.0,22.011273
120.0,400.0,20.445003
160.0,400.0,19.225634
200.0,400.0,18.393366
240.0,400.0,17.997109
280.0,400.0,18.093814
320.0,400.0,18.747719
360.0,400.0,20.020789
400.0,400.0,21.687761
440.0,400.0,23.634235
480.0,400.0,25.865521
520.0,400.0,28.384943
560.0,400.0,31.194181
600.0,400.0,34.293659
640.0,400.0,37.682848
680.0,400.0,41.360528
720.0,400.0,45.325476
760.0,400.0,49.576023
800.0,400.0,54.110032
840.0,400.0,58.926137
880.0,400.0,64.022026
920.0,400.0,69.395919
960.0,400.0,75.046002
1000.0,400.0,80.970153
1040.0,400.0,87.166181
1080.0,400.0,93.631815
1120.0,400.0,100.364697
1160.0,400.0,107.362372
1200.0,400.0,114.62228
1240.0,400.0,122.141751
1280.0,400.0,129.917999
1320.0,400.0,137.946538
1360.0,400.0,146.225428
1400.0,400.0,154.749695
1440.0,400.0,163.51666
1480.0,400.0,172.520177
1520.0,400.0,181.757031
1560.0,400.0,191.22212
1600.0,400.0,200.909953
1640.0,400.0,210.814714
1680.0,400.0,220.930258
1720.0,400.0,231.250114
-1720.0,440.0,
-1680.0,440.0,
-1640.0,440.0,
-1600.0,440.0,
-1560.0,440.0,
-1520.0,440.0,
-1480.0,440.0,
-1440.0,440.0,
-1400.0,440.0,261.65237
-1360.0,440.0,250.515646
-1320.0,440.0,239.629668
-1280.0,440.0,228.995818
-1240.0,440.0,218.616469
-1200.0,440.0,208.492876
-1160.0,440.0,198.626913
-1120.0,440.0,189.018951
-1080.0,440.0,179.67054
-1040.0,440.0,170.582502
-1000.0,440.0,161.755479
-960.0,440.0,153.190035
-920.0,440.0,144.886651
-880.0,440.0,136.845611
-840.0,440.0,129.066941
-800.0,440.0,121.551262
-760.0,440.0,114.298329
-720.0,440.0,107.308443
-680.0,440.0,100.581315
-640.0,440.0,94.117221
-600.0,440.0,87.916038
-560.0,440.0,81.977663
-520.0,440.0,76.302049
-480.0,440.0,70.889256
-440.0,440.0,65.739224
-400.0,440.0,60.852071
-360.0,440.0,56.227931
-320.0,440.0,51.866985
-280.0,440.0,47.769258
-240.0,440.0,43.935229
-200.0,440.0,40.364992
-160.0,440.0,37.058974
-120.0,440.0,34.017321
-80.0,440.0,31.240109
-40.0,440.0,28.727252
0.0,440.0,26.478243
40.0,440.0,24.492506
80.0,440.0,22.775323
120.0,440.0,21.343531
160.0,440.0,20.224989
200.0,440.0,19.457404
240.0,440.0,19.087372
280.0,440.0,19.169238
320.0,440.0,19.764998
360.0,440.0,20.934097
400.0,440.0,22.463957
440.0,440.0,24.245187
480.0,440.0,26.28222
520.0,440.0,28.578176
560.0,440.0,31.134924
600.0,440.0,33.953338
640.0,440.0,37.033527
680.0,440.0,40.375054
720.0,440.0,43.977113
760.0,440.0,47.83831
800.0,440.0,51.95763
840.0,440.0,56.333846
880.0,440.0,60.9649
920.0,440.0,65.85002
960.0,440.0,70.986948
1000.0,440.0,76.374477
1040.0,440.0,82.010981
1080.0,440.0,87.894484
1120.0,440.0,94.02292
1160.0,440.0,100.394622
1200.0,440.0,107.007479
1240.0,440.0,113.859281
1280.0,440.0,120.947668
1320.0,440.0,128.269534
1360.0,440.0,135.822727
1400.0,440.0,143.604547
1440.0,440.0,151.611338
1480.0,440.0,159.83974
1520.0,440.0,168.286728
1560.0,440.0,176.947657
1600.0,440.0,185.818866
1640.0,440.0,194.896467
1680.0,440.0,204.174454
1720.0,440.0,213.64856
-1720.0,480.0,
-1680.0,480.0,
-1640.0,480.0,
-1600.0,480.0,
-1560.0,480.0,
-1520.0,480.0,
-1480.0,480.0,
-1440.0,480.0,
-1400.0,480.0,242.100023
-1360.0,480.0,231.920768
-1320.0,480.0,221.970351
-1280.0,480.0,212.25165
-1240.0,480.0,202.765712
-1200.0,480.0,193.513327
-1160.0,480.0,184.49613
-1120.0,480.0,175.714988
-1080.0,480.0,167.17069
-1040.0,480.0,158.863941
-1000.0,480.0,150.795365
-960.0,480.0,142.965213
-920.0,480.0,135.373967
-880.0,480.0,128.022242
-840.0,480.0,120.909794
-800.0,480.0,114.037277
-760.0,480.0,107.404346
-720.0,480.0,101.011501
-680.0,480.0,94.858696
-640.0,480.0,88.94575
-600.0,480.0,83.272888
-560.0,480.0,77.840129
-520.0,480.0,72.647497
-480.0,480.0,67.695044
-440.0,480.0,62.982739
-400.0,480.0,58.510746
-360.0,480.0,54.279253
-320.0,480.0,50.288329
-280.0,480.0,46.53814
-240.0,480.0,43.028928
-200.0,480.0,39.760832
-160.0,480.0,36.733956
-120.0,480.0,33.948415
-80.0,480.0,31.404079
-40.0,480.0,29.100588
0.0,480.0,27.037252
40.0,480.0,25.213384
80.0,480.0,23.633681
120.0,480.0,22.31367
160.0,480.0,21.279389
200.0,480.0,20.566414
240.0,480.0,20.218917
280.0,480.0,20.288892
320.0,480.0,20.835917
360.0,480.0,21.916968
400.0,480.0,23.331297
440.0,480.0,24.974389
480.0,480.0,26.849784
520.0,480.0,28.960315
560.0,480.0,31.307819
600.0,480.0,33.893369
640.0,480.0,36.717398
680.0,480.0,39.779853
720.0,480.0,43.08032
760.0,480.0,46.618135
800.0,480.0,50.392472
840.0,480.0,54.402125
880.0,480.0,58.646
920.0,480.0,63.123284
960.0,480.0,67.832005
1000.0,480.0,72.771736
1040.0,480.0,77.940159
1080.0,480.0,83.336572
1120.0,480.0,88.959415
1160.0,480.0,94.806532
1200.0,480.0,100.876592
1240.0,480.0,107.167849
1280.0,480.0,113.678347
1320.0,480.0,120.406026
1360.0,480.0,127.348722
1400.0,480.0,134.504157
1440.0,480.0,141.869788
1480.0,480.0,149.442309
1520.0,480.0,157.219719
1560.0,480.0,165.199254
1600.0,480.0,173.375931
1640.0,480.0,181.748381
1680.0,480.0,190.310984
1720.0,480.0,199.061643
-1720.0,520.0,
-1680.0,520.0,
-1640.0,520.0,
-1600.0,520.0,
-1560.0,520.0,
-1520.0,520.0,
-1480.0,520.0,
-1440.0,520.0,
-1400.0,520.0,225.863564
-1360.0,520.0,216.488033
-1320.0,520.0,207.324314
-1280.0,520.0,198.373745
-1240.0,520.0,189.637776
-1200.0,520.0,181.117375
-1160.0,520.0,172.813434
-1120.0,520.0,164.726761
-1080.0,520.0,156.858084
-1040.0,520.0,149.207557
-1000.0,520.0,141.776139
-960.0,520.0,134.564378
-920.0,520.0,127.571977
-880.0,520.0,120.799967
-840.0,520.0,114.247876
-800.0,520.0,107.91644
-760.0,520.0,101.805632
-720.0,520.0,95.915327
-680.0,520.0,90.245871
-640.0,520.0,84.797298
-600.0,520.0,79.569656
-560.0,520.0,74.563005
-520.0,520.0,69.777422
-480.0,520.0,65.212994
-440.0,520.0,60.869657
-400.0,520.0,56.74767
-360.0,520.0,52.847194
-320.0,520.0,49.168135
-280.0,520.0,45.710863
-240.0,520.0,42.475272
-200.0,520.0,39.461623
-160.0,520.0,36.669837
-120.0,520.0,34.099801
-80.0,520.0,31.75133
-40.0,520.0,29.623944
0.0,520.0,27.716882
40.0,520.0,26.029363
80.0,520.0,24.565714
120.0,520.0,23.340421
160.0,520.0,22.37791
200.0,520.0,21.711769
240.0,520.0,21.383969
280.0,520.0,21.444384
320.0,520.0,21.94982
360.0,520.0,22.955308
400.0,520.0,24.270696
440.0,520.0,25.796299
480.0,520.0,27.534802
520.0,520.0,29.488756
560.0,520.0,31.659866
600.0,520.0,34.049246
640.0,520.0,36.657501
680.0,520.0,39.484803
720.0,520.0,42.53105
760.0,520.0,45.795809
800.0,520.0,49.278528
840.0,520.0,52.978515
880.0,520.0,56.894998
920.0,520.0,61.026983
960.0,520.0,65.373205
1000.0,520.0,69.933177
1040.0,520.0,74.705099
1080.0,520.0,79.688558
1120.0,520.0,84.881408
1160.0,520.0,90.283153
1200.0,520.0,95.892175
1240.0,520.0,101.706489
1280.0,520.0,107.725064
1320.0,520.0,113.946158
1360.0,520.0,120.367931
1400.0,520.0,126.988441
1440.0,520.0,133.805641
1480.0,520.0,140.817383
1520.0,520.0,148.021408
1560.0,520.0,155.415352
1600.0,520.0,162.996163
1640.0,520.0,170.76089
1680.0,520.0,178.707406
1720.0,520.0,186.831717
-1680.0,560.0,
-1640.0,560.0,
-1600.0,560.0,
-1560.0,560.0,
-1520.0,560.0,
-1480.0,560.0,
-1440.0,560.0,
-1400.0,560.0,
-1360.0,560.0,203.517635
-1320.0,560.0,195.023974
-1280.0,560.0,186.728366
-1240.0,560.0,178.631774
-1200.0,560.0,170.735085
-1160.0,560.0,163.038949
-1120.0,560.0,155.543835
-1080.0,560.0,148.250743
-1040.0,560.0,141.160181
-1000.0,560.0,134.271995
-960.0,560.0,127.587365
-920.0,560.0,121.105757
-880.0,560.0,114.828106
-840.0,560.0,108.754403
-800.0,560.0,102.884602
-760.0,560.0,97.219125
-720.0,560.0,91.758044
-680.0,560.0,86.501435
-640.0,560.0,81.449379
-600.0,560.0,76.601964
-560.0,560.0,71.959283
-520.0,560.0,67.521432
-480.0,560.0,63.28848
-440.0,560.0,59.260379
-400.0,560.0,55.437431
-360.0,560.0,51.819637
-320.0,560.0,48.407051
-280.0,560.0,45.199819
-240.0,560.0,42.197956
-200.0,560.0,39.401413
-160.0,560.0,36.810207
-120.0,560.0,34.424128
-80.0,560.0,32.242763
-40.0,560.0,30.265636
0.0,560.0,28.491984
40.0,560.0,26.921032
80.0,560.0,25.556808
120.0,560.0,24.412925
160.0,560.0,23.512315
200.0,560.0,22.886911
240.0,560.0,22.576727
280.0,560.0,22.629255
320.0,560.0,23.098897
360.0,560.0,24.038661
400.0,560.0,25.2682
440.0,560.0,26.692369
480.0,560.0,28.313314
520.0,560.0,30.1331
560.0,560.0,32.153332
600.0,560.0,34.375091
640.0,560.0,36.798897
680.0,560.0,39.425263
720.0,560.0,42.254243
760.0,560.0,45.285655
800.0,560.0,48.519146
840.0,560.0,51.954227
880.0,560.0,55.590062
920.0,560.0,59.426089
960.0,560.0,63.461638
1000.0,560.0,67.695924
1040.0,560.0,72.127432
1080.0,560.0,76.755975
1120.0,560.0,81.579901
1160.0,560.0,86.598686
1200.0,560.0,91.81047
1240.0,560.0,97.214786
1280.0,560.0,102.809836
1320.0,560.0,108.594138
1360.0,560.0,114.566584
1400.0,560.0,120.725518
1440.0,560.0,127.069191
1480.0,560.0,133.595752
1520.0,560.0,140.303254
1560.0,560.0,147.189647
1600.0,560.0,154.252782
1640.0,560.0,161.490405
1680.0,560.0,168.900162
-1680.0,600.0,
-1640.0,600.0,
-1600.0,600.0,
-1560.0,600.0,
-1520.0,600.0,
-1480.0,600.0,
-1440.0,600.0,
-1400.0,600.0,
-1360.0,600.0,192.502978
-1320.0,600.0,184.587549
-1280.0,600.0,176.856968
-1240.0,600.0,169.311725
-1200.0,600.0,161.95276
-1160.0,600.0,154.780946
-1120.0,600.0,147.796688
-1080.0,600.0,141.000203
-1040.0,600.0,134.3925
-1000.0,600.0,127.973271
-960.0,600.0,121.743405
-920.0,600.0,115.703008
-880.0,600.0,109.852067
-840.0,600.0,104.191099
-800.0,600.0,98.720211
-760.0,600.0,93.439509
-720.0,600.0,88.349101
-680.0,600.0,83.449092
-640.0,600.0,78.73959
-600.0,600.0,74.220701
-560.0,600.0,69.892531
-520.0,600.0,65.755185
-480.0,600.0,61.808632
-440.0,600.0,58.052981
-400.0,600.0,54.488453
-360.0,600.0,51.114859
-320.0,600.0,47.932526
-280.0,600.0,44.941222
-240.0,600.0,42.141159
-200.0,600.0,39.53216
-160.0,600.0,37.114058
-120.0,600.0,34.886679
-80.0,600.0,32.84962
-40.0,600.0,31.002315
0.0,600.0,29.343998
40.0,600.0,27.873937
80.0,600.0,26.595924
120.0,600.0,25.522824
160.0,600.0,24.676418
200.0,600.0,24.086971
240.0,600.0,23.79255
280.0,600.0,23.838468
320.0,600.0,24.27705
360.0,600.0,25.15891
400.0,600.0,26.313316
440.0,600.0,27.648898
480.0,600.0,29.167634
520.0,600.0,30.871015
560.0,600.0,32.76059
600.0,600.0,34.837349
640.0,600.0,37.101774
680.0,600.0,39.554496
720.0,600.0,42.195675
760.0,600.0,45.025268
800.0,600.0,48.043065
840.0,600.0,51.248726
880.0,600.0,54.641811
920.0,600.0,58.221805
960.0,600.0,61.988065
1000.0,600.0,65.939622
1040.0,600.0,70.076105
1080.0,600.0,74.396825
1120.0,600.0,78.90028
1160.0,600.0,83.586244
1200.0,600.0,88.45331
1240.0,600.0,93.500777
1280.0,600.0,98.727085
1320.0,600.0,104.131753
1360.0,600.0,109.712759
1400.0,600.0,115.469142
1440.0,600.0,121.399677
1480.0,600.0,127.502777
1520.0,600.0,133.776764
1560.0,600.0,140.219699
1600.0,600.0,146.829939
1640.0,600.0,153.605652
1680.0,600.0,160.544669
-1680.0,640.0,
-1640.0,640.0,
-1600.0,640.0,
-1560.0,640.0,
-1520.0,640.0,
-1480.0,640.0,
-1440.0,640.0,
-1400.0,640.0,
-1360.0,640.0,
-1320.0,640.0,175.656566
-1280.0,640.0,168.418205
-1240.0,640.0,161.353954
-1200.0,640.0,154.464068
-1160.0,640.0,147.749184
-1120.0,640.0,141.210072
-1080.0,640.0,134.846694
-1040.0,640.0,128.659834
-1000.0,640.0,122.649748
-960.0,640.0,116.816415
-920.0,640.0,111.16046
-880.0,640.0,105.682025
-840.0,640.0,100.381246
-800.0,640.0,95.258251
-760.0,640.0,90.313153
-720.0,640.0,85.546157
-680.0,640.0,80.957296
-640.0,640.0,76.546719
-600.0,640.0,72.31454
-560.0,640.0,68.260867
-520.0,640.0,64.385801
-480.0,640.0,60.689175
-440.0,640.0,57.171313
-400.0,640.0,53.832186
-360.0,640.0,50.671784
-320.0,640.0,47.6902
-280.0,640.0,44.887402
-240.0,640.0,42.263265
-200.0,640.0,39.8178
-160.0,640.0,37.550785
-120.0,640.0,35.461814
-80.0,640.0,33.550595
-40.0,640.0,31.816564
0.0,640.0,30.258997
40.0,640.0,28.877219
80.0,640.0,27.674827
120.0,640.0,26.664032
160.0,640.0,25.865504
200.0,640.0,25.307929
240.0,640.0,25.027682
280.0,640.0,25.068212
320.0,640.0,25.479442
360.0,640.0,26.310033
400.0,640.0,27.397978
440.0,640.0,28.655446
480.0,640.0,30.084334
520.0,640.0,31.685693
560.0,640.0,33.460911
600.0,640.0,35.410933
640.0,640.0,37.536173
680.0,640.0,39.83728
720.0,640.0,42.314507
760.0,640.0,44.967903
800.0,640.0,47.797364
840.0,640.0,50.802661
880.0,640.0,53.983468
920.0,640.0,57.33938
960.0,640.0,60.869928
1000.0,640.0,64.574595
1040.0,640.0,68.452825
1080.0,640.0,72.503617
1120.0,640.0,76.72648
1160.0,640.0,81.120913
1200.0,640.0,85.685541
1240.0,640.0,90.419923
1280.0,640.0,95.32296
1320.0,640.0,100.393714
1360.0,640.0,105.630948
1400.0,640.0,111.034128
1440.0,640.0,116.60098
1480.0,640.0,122.331083
1520.0,640.0,128.223065
1560.0,640.0,134.275394
1600.0,640.0,140.485971
1640.0,640.0,146.853624
1680.0,640.0,153.376647
-1640.0,680.0,
-1600.0,680.0,
-1560.0,680.0,
-1520.0,680.0,
-1480.0,680.0,
-1440.0,680.0,
-1400.0,680.0,
-1360.0,680.0,
-1320.0,680.0,167.959818
-1280.0,680.0,161.154588
-1240.0,680.0,154.513094
-1200.0,680.0,148.035807
-1160.0,680.0,141.723
-1120.0,680.0,135.5753
-1080.0,680.0,129.593151
-1040.0,680.0,123.776474
-1000.0,680.0,118.126025
-960.0,680.0,112.641975
-920.0,680.0,107.32443
-880.0,680.0,102.173502
-840.0,680.0,97.189539
-800.0,680.0,92.372676
-760.0,680.0,87.723041
-720.0,680.0,83.240759
-680.0,680.0,78.925886
-640.0,680.0,74.778454
-600.0,680.0,70.798681
-560.0,680.0,66.986669
-520.0,680.0,63.342409
-480.0,680.0,59.865871
-440.0,680.0,56.557343
-400.0,680.0,53.416559
-360.0,680.0,50.443846
-320.0,680.0,47.638884
-280.0,680.0,45.001895
-240.0,680.0,42.532661
-200.0,680.0,40.231008
-160.0,680.0,38.096811
-120.0,680.0,36.129744
-80.0,680.0,34.329383
-40.0,680.0,32.695181
0.0,680.0,31.226459
40.0,680.0,29.922642
80.0,680.0,28.787137
120.0,680.0,27.831557
160.0,680.0,27.075578
200.0,680.0,26.546604
240.0,680.0,26.279355
280.0,680.0,26.315304
320.0,680.0,26.702209
360.0,680.0,27.487165
400.0,680.0,28.515683
440.0,680.0,29.703874
480.0,680.0,31.052999
520.0,680.0,32.564211
560.0,680.0,34.238412
600.0,680.0,36.076611
640.0,680.0,38.079216
680.0,680.0,40.246741
720.0,680.0,42.579557
760.0,680.0,45.077768
800.0,680.0,47.741345
840.0,680.0,50.570145
880.0,680.0,53.56393
920.0,680.0,56.722382
960.0,680.0,60.045123
1000.0,680.0,63.53172
1040.0,680.0,67.181698
1080.0,680.0,70.994548
1120.0,680.0,74.969729
1160.0,680.0,79.106427
1200.0,680.0,83.403776
1240.0,680.0,87.861537
1280.0,680.0,92.47847
1320.0,680.0,97.25387
1360.0,680.0,102.186967
1400.0,680.0,107.27654
1440.0,680.0,112.521699
1480.0,680.0,117.921685
1520.0,680.0,123.474378
1560.0,680.0,129.179487
1600.0,680.0,135.035611
1640.0,680.0,141.040867
-1640.0,720.0,
-1600.0,720.0,
-1560.0,720.0,
-1520.0,720.0,
-1480.0,720.0,
-1440.0,720.0,
-1400.0,720.0,
-1360.0,720.0,
-1320.0,720.0,
-1280.0,720.0,154.866218
-1240.0,720.0,148.599678
-1200.0,720.0,142.488018
-1160.0,720.0,136.531913
-1120.0,720.0,130.73118
-1080.0,720.0,125.086721
-1040.0,720.0,119.598736
-1000.0,720.0,114.267204
-960.0,720.0,109.092505
-920.0,720.0,104.074929
-880.0,720.0,99.214633
-840.0,720.0,94.511767
-800.0,720.0,89.966472
-760.0,720.0,85.578884
-720.0,720.0,81.349127
-680.0,720.0,77.277248
-640.0,720.0,73.363249
-600.0,720.0,69.607388
-560.0,720.0,66.009758
-520.0,720.0,62.570181
-480.0,720.0,59.288907
-440.0,720.0,56.165925
-400.0,720.0,53.201184
-360.0,720.0,50.394754
-320.0,720.0,47.746596
-280.0,720.0,45.25654
-240.0,720.0,42.924628
-200.0,720.0,40.750637
-160.0,720.0,38.734224
-120.0,720.0,36.875201
-80.0,720.0,35.173156
-40.0,720.0,33.627578
0.0,720.0,32.237854
40.0,720.0,31.003434
80.0,720.0,29.927595
120.0,720.0,29.021443
160.0,720.0,28.303721
200.0,720.0,27.800574
240.0,720.0,27.545113
280.0,720.0,27.577063
320.0,720.0,27.942435
360.0,720.0,28.686333
400.0,720.0,29.661552
440.0,720.0,30.787745
480.0,720.0,32.065595
520.0,720.0,33.496441
560.0,720.0,35.0807
600.0,720.0,36.819445
640.0,720.0,38.71312
680.0,720.0,40.762011
720.0,720.0,42.966618
760.0,720.0,45.32708
800.0,720.0,47.84342
840.0,720.0,50.515395
880.0,720.0,53.343032
920.0,720.0,56.326107
960.0,720.0,59.464321
1000.0,720.0,62.757326
1040.0,720.0,66.204728
1080.0,720.0,69.805946
1120.0,720.0,73.560442
1160.0,720.0,77.467827
1200.0,720.0,81.527577
1240.0,720.0,85.739077
1280.0,720.0,90.101031
1320.0,720.0,94.613481
1360.0,720.0,99.275332
1400.0,720.0,104.085566
1440.0,720.0,109.043771
1480.0,720.0,114.148399
1520.0,720.0,119.398937
1560.0,720.0,124.794284
1600.0,720.0,130.332718
1640.0,720.0,136.01384
-1600.0,760.0,
-1560.0,760.0,
-1520.0,760.0,
-1480.0,760.0,
-1440.0,760.0,
-1400.0,760.0,
-1360.0,760.0,
-1320.0,760.0,
-1280.0,760.0,149.396425
-1240.0,760.0,143.464854
-1200.0,760.0,137.679541
-1160.0,760.0,132.041556
-1120.0,760.0,126.551124
-1080.0,760.0,121.2081
-1040.0,760.0,116.013115
-1000.0,760.0,110.966408
-960.0,760.0,106.06816
-920.0,760.0,101.318541
-880.0,760.0,96.717713
-840.0,760.0,92.265827
-800.0,760.0,87.963028
-760.0,760.0,83.809449
-720.0,760.0,79.805211
-680.0,760.0,75.950301
-640.0,760.0,72.244789
-600.0,760.0,68.688915
-560.0,760.0,65.282685
-520.0,760.0,62.025953
-480.0,760.0,58.919072
-440.0,760.0,55.961717
-400.0,760.0,53.154234
-360.0,760.0,50.49624
-320.0,760.0,47.987989
-280.0,760.0,45.629255
-240.0,760.0,43.419865
-200.0,760.0,41.359755
-160.0,760.0,39.448664
-120.0,760.0,37.686256
-80.0,760.0,36.072089
-40.0,760.0,34.605779
0.0,760.0,33.286773
40.0,760.0,32.114578
80.0,760.0,31.092334
120.0,760.0,30.230665
160.0,760.0,29.547426
200.0,760.0,29.067583
240.0,760.0,28.822935
280.0,760.0,28.851593
320.0,760.0,29.197596
360.0,760.0,29.904292
400.0,760.0,30.831542
440.0,760.0,31.901696
480.0,760.0,33.115628
520.0,760.0,34.474155
560.0,760.0,35.977949
600.0,760.0,37.627609
640.0,760.0,39.423835
680.0,760.0,41.366624
720.0,760.0,43.456606
760.0,760.0,45.693943
800.0,760.0,48.07863
840.0,760.0,50.610513
880.0,760.0,53.289686
920.0,760.0,56.115973
960.0,760.0,59.089135
1000.0,760.0,62.208881
1040.0,760.0,65.474877
1080.0,760.0,68.886749
1120.0,760.0,72.444089
1160.0,760.0,76.146464
1200.0,760.0,79.993122
1240.0,760.0,83.983597
1280.0,760.0,88.117516
1320.0,760.0,92.394344
1360.0,760.0,96.812726
1400.0,760.0,101.372579
1440.0,760.0,106.073106
1480.0,760.0,110.912932
1520.0,760.0,115.892038
1560.0,760.0,121.008502
1600.0,760.0,126.262222
-1600.0,800.0,
-1560.0,800.0,
-1520.0,800.0,
-1480.0,800.0,
-1440.0,800.0,
-1400.0,800.0,
-1360.0,800.0,
-1320.0,800.0,
-1280.0,800.0,
-1240.0,800.0,138.989596
-1200.0,800.0,133.498046
-1160.0,800.0,128.145731
-1120.0,800.0,122.933486
-1080.0,800.0,117.861523
-1040.0,800.0,112.93004
-1000.0,800.0,108.13923
-960.0,800.0,103.489273
-920.0,800.0,98.98034
-880.0,800.0,94.612593
-840.0,800.0,90.386183
-800.0,800.0,86.30125
-760.0,800.0,82.357923
-720.0,800.0,78.556319
-680.0,800.0,74.896318
-640.0,800.0,71.378147
-600.0,800.0,68.001975
-560.0,800.0,64.767613
-520.0,800.0,61.675255
-480.0,800.0,58.724907
-440.0,800.0,55.9165
-400.0,800.0,53.250091
-360.0,800.0,50.725654
-320.0,800.0,48.342989
-280.0,800.0,46.102182
-240.0,800.0,44.00302
-200.0,800.0,42.045209
-160.0,800.0,40.22865
-120.0,800.0,38.553032
-80.0,800.0,37.017984
-40.0,800.0,35.623075
0.0,800.0,34.367805
40.0,800.0,33.251737
80.0,800.0,32.277881
120.0,800.0,31.456417
160.0,800.0,30.804483
200.0,800.0,30.345993
240.0,800.0,30.111364
280.0,800.0,30.137104
320.0,800.0,30.46549
360.0,800.0,31.138606
400.0,800.0,32.022256
440.0,800.0,33.041679
480.0,800.0,34.197838
520.0,800.0,35.491029
560.0,800.0,36.922255
600.0,800.0,38.491617
640.0,800.0,40.199971
680.0,800.0,42.04741
720.0,800.0,44.034264
760.0,800.0,46.160859
800.0,800.0,48.4272
840.0,800.0,50.833123
880.0,800.0,53.378803
920.0,800.0,56.064106
960.0,800.0,58.888843
1000.0,800.0,61.852772
1040.0,800.0,64.955608
1080.0,800.0,68.197027
1120.0,800.0,71.576672
1160.0,800.0,75.094157
1200.0,800.0,78.749067
1240.0,800.0,82.540964
1280.0,800.0,86.46936
1320.0,800.0,90.533204
1360.0,800.0,94.732454
1400.0,800.0,99.066582
1440.0,800.0,103.534389
1480.0,800.0,108.135424
1520.0,800.0,112.869289
1560.0,800.0,117.734208
1600.0,800.0,122.730592
-1560.0,840.0,
-1520.0,840.0,
-1480.0,840.0,
-1440.0,840.0,
-1400.0,840.0,
-1360.0,840.0,
-1320.0,840.0,
-1280.0,840.0,
-1240.0,840.0,
-1200.0,840.0,129.852002
-1160.0,840.0,124.758164
-1120.0,840.0,119.797552
-1080.0,840.0,114.970376
-1040.0,840.0,110.276835
-1000.0,840.0,105.717108
-960.0,840.0,101.291408
-920.0,840.0,96.99987
-880.0,840.0,92.842664
-840.0,840.0,88.819935
-800.0,840.0,84.931819
-760.0,840.0,81.178439
-720.0,840.0,77.559892
-680.0,840.0,74.075952
-640.0,840.0,70.727039
-600.0,840.0,67.513173
-560.0,840.0,64.434102
-520.0,840.0,61.490251
-480.0,840.0,58.681237
-440.0,840.0,56.007448
-400.0,840.0,53.46844
-360.0,840.0,51.064516
-320.0,840.0,48.79545
-280.0,840.0,46.661075
-240.0,840.0,44.661385
-200.0,840.0,42.796171
-160.0,840.0,41.065118
-120.0,840.0,39.46796
-80.0,840.0,38.004421
-40.0,840.0,36.674106
0.0,840.0,35.476571
40.0,840.0,34.411427
80.0,840.0,33.481557
120.0,840.0,32.696734
160.0,840.0,32.073388
200.0,840.0,31.634427
240.0,840.0,31.408894
280.0,840.0,31.432057
320.0,840.0,31.744635
360.0,840.0,32.387091
400.0,840.0,33.230862
440.0,840.0,34.204269
480.0,840.0,35.307709
520.0,840.0,36.541762
560.0,840.0,37.906991
600.0,840.0,39.403763
640.0,840.0,41.032527
680.0,840.0,42.793699
720.0,840.0,44.687248
760.0,840.0,46.713677
800.0,840.0,48.873048
840.0,840.0,51.165082
880.0,840.0,53.590068
920.0,840.0,56.147906
960.0,840.0,58.838445
1000.0,840.0,61.661485
1040.0,840.0,64.616783
1080.0,840.0,67.704057
1120.0,840.0,70.922995
1160.0,840.0,74.273252
1200.0,840.0,77.754456
1240.0,840.0,81.366211
1280.0,840.0,85.108098
1320.0,840.0,88.979679
1360.0,840.0,92.980492
1400.0,840.0,97.109623
1440.0,840.0,101.366609
1480.0,840.0,105.751186
1520.0,840.0,110.262329
1560.0,840.0,114.899174
-1560.0,880.0,
-1520.0,880.0,
-1480.0,880.0,
-1440.0,880.0,
-1400.0,880.0,
-1360.0,880.0,
-1320.0,880.0,
-1280.0,880.0,
-1240.0,880.0,
-1200.0,880.0,126.668356
-1160.0,880.0,121.808927
-1120.0,880.0,117.076488
-1080.0,880.0,112.471377
-1040.0,880.0,107.993783
-1000.0,880.0,103.643882
-960.0,880.0,99.421842
-920.0,880.0,95.327809
-880.0,880.0,91.361732
-840.0,880.0,87.523915
-800.0,880.0,83.814486
-760.0,880.0,80.233559
-720.0,880.0,76.781088
-680.0,880.0,73.457081
-640.0,880.0,70.261846
-600.0,880.0,67.195178
-560.0,880.0,64.257229
-520.0,880.0,61.448023
-480.0,880.0,58.767486
-440.0,880.0,56.215661
-400.0,880.0,53.792554
-360.0,880.0,51.497932
-320.0,880.0,49.331934
-280.0,880.0,47.294358
-240.0,880.0,45.384947
-200.0,880.0,43.603672
-160.0,880.0,41.950297
-120.0,880.0,40.424545
-80.0,880.0,39.0261
-40.0,880.0,37.754606
0.0,880.0,36.609649
40.0,880.0,35.590925
80.0,880.0,34.701175
120.0,880.0,33.94978
160.0,880.0,33.352526
200.0,880.0,32.931409
240.0,880.0,32.714452
280.0,880.0,32.735448
320.0,880.0,33.033549
360.0,880.0,33.647769
400.0,880.0,34.455256
440.0,880.0,35.38651
480.0,880.0,36.441832
520.0,880.0,37.621981
560.0,880.0,38.927009
600.0,880.0,40.357716
640.0,880.0,41.914027
680.0,880.0,43.596661
720.0,880.0,45.405451
760.0,880.0,47.34082
800.0,880.0,49.402957
840.0,880.0,51.59156
880.0,880.0,53.906878
920.0,880.0,56.348901
960.0,880.0,58.917508
1000.0,880.0,61.612532
1040.0,880.0,64.433625
1080.0,880.0,67.380693
1120.0,880.0,70.453507
1160.0,880.0,73.651768
1200.0,880.0,76.975154
1240.0,880.0,80.423313
1280.0,880.0,83.995785
1320.0,880.0,87.692013
1360.0,880.0,91.511724
1400.0,880.0,95.454478
1440.0,880.0,99.519813
1480.0,880.0,103.707052
1520.0,880.0,108.015186
1560.0,880.0,112.444261
-1520.0,920.0,
-1480.0,920.0,
-1440.0,920.0,
-1400.0,920.0,
-1360.0,920.0,
-1320.0,920.0,
-1280.0,920.0,
-1240.0,920.0,
-1200.0,920.0,
-1160.0,920.0,119.239694
-1120.0,920.0,114.715515
-1080.0,920.0,110.313027
-1040.0,920.0,106.032412
-1000.0,920.0,101.873842
-960.0,920.0,97.837479
-920.0,920.0,93.923471
-880.0,920.0,90.131733
-840.0,920.0,86.462546
-800.0,920.0,82.916073
-760.0,920.0,79.492421
-720.0,920.0,76.19137
-680.0,920.0,73.013224
-640.0,920.0,69.958111
-600.0,920.0,67.025688
-560.0,920.0,64.216445
-520.0,920.0,61.529952
-480.0,920.0,58.966634
-440.0,920.0,56.526016
-400.0,920.0,54.208432
-360.0,920.0,52.013668
-320.0,920.0,49.94156
-280.0,920.0,47.992155
-240.0,920.0,46.165287
-200.0,920.0,44.460641
-160.0,920.0,42.878097
-120.0,920.0,41.417443
-80.0,920.0,40.07839
-40.0,920.0,38.860617
0.0,920.0,37.763771
40.0,920.0,36.787545
80.0,920.0,35.934581
120.0,920.0,35.213928
160.0,920.0,34.64075
200.0,920.0,34.236186
240.0,920.0,34.027186
280.0,920.0,34.046115
320.0,920.0,34.330891
360.0,920.0,34.919371
400.0,920.0,35.693483
440.0,920.0,36.58589
480.0,920.0,37.597268
520.0,920.0,38.727819
560.0,920.0,39.977935
600.0,920.0,41.348034
640.0,920.0,42.838275
680.0,920.0,44.449038
720.0,920.0,46.180521
760.0,920.0,48.032728
800.0,920.0,50.006058
840.0,920.0,52.100314
880.0,920.0,54.31553
920.0,920.0,56.651848
960.0,920.0,59.109168
1000.0,920.0,61.687261
1040.0,920.0,64.385878
1080.0,920.0,67.205008
1120.0,920.0,70.144415
1160.0,920.0,73.203834
1200.0,920.0,76.382974
1240.0,920.0,79.681518
1280.0,920.0,83.099126
1320.0,920.0,86.635439
1360.0,920.0,90.290074
1400.0,920.0,94.062544
1440.0,920.0,97.9521
1480.0,920.0,101.958601
1520.0,920.0,106.081586
-1520.0,960.0,
-1480.0,960.0,
-1440.0,960.0,
-1400.0,960.0,
-1360.0,960.0,
-1320.0,960.0,
-1280.0,960.0,
-1240.0,960.0,
-1200.0,960.0,
-1160.0,960.0,
-1120.0,960.0,112.669361
-1080.0,960.0,108.452365
-1040.0,960.0,104.352087
-1000.0,960.0,100.368692
-960.0,960.0,96.502335
-920.0,960.0,92.753158
-880.0,960.0,89.121013
-840.0,960.0,85.60624
-800.0,960.0,82.20899
-760.0,960.0,78.929283
-720.0,960.0,75.766926
-680.0,960.0,72.722355
-640.0,960.0,69.795352
-600.0,960.0,66.986035
-560.0,960.0,64.294443
-520.0,960.0,61.720508
-480.0,960.0,59.264257
-440.0,960.0,56.925734
-400.0,960.0,54.704675
-360.0,960.0,52.601272
-320.0,960.0,50.61533
-280.0,960.0,48.746621
-240.0,960.0,46.995176
-200.0,960.0,45.360811
-160.0,960.0,43.843313
-120.0,960.0,42.44241
-80.0,960.0,41.157837
-40.0,960.0,39.989371
0.0,960.0,38.9367
40.0,960.0,37.999548
80.0,960.0,37.180441
120.0,960.0,36.488109
160.0,960.0,35.937122
200.0,960.0,35.547744
240.0,960.0,35.345996
280.0,960.0,35.363206
320.0,960.0,35.635878
360.0,960.0,36.200561
400.0,960.0,36.943708
440.0,960.0,37.800572
480.0,960.0,38.771414
520.0,960.0,39.856369
560.0,960.0,41.056078
600.0,960.0,42.370428
640.0,960.0,43.800091
680.0,960.0,45.34489
720.0,960.0,47.005461
760.0,960.0,48.781427
800.0,960.0,50.673333
840.0,960.0,52.681146
880.0,960.0,54.804613
920.0,960.0,57.044052
960.0,960.0,59.399384
1000.0,960.0,61.870339
1040.0,960.0,64.456753
1080.0,960.0,67.158636
1120.0,960.0,69.97578
1160.0,960.0,72.90795
1200.0,960.0,75.954882
1240.0,960.0,79.11629
1280.0,960.0,82.391864
1320.0,960.0,85.781274
1360.0,960.0,89.284168
1400.0,960.0,92.900178
1440.0,960.0,96.628914
1480.0,960.0,100.469971
1520.0,960.0,
-1480.0,1000.0,
-1440.0,1000.0,
-1400.0,1000.0,
-1360.0,1000.0,
-1320.0,1000.0,
-1280.0,1000.0,
-1240.0,1000.0,
-1200.0,1000.0,
-1160.0,1000.0,
-1120.0,1000.0,
-1080.0,1000.0,106.853287
-1040.0,1000.0,102.918738
-1000.0,1000.0,99.096335
-960.0,1000.0,95.386225
-920.0,1000.0,91.788528
-880.0,1000.0,88.303034
-840.0,1000.0,84.930191
-800.0,1000.0,81.670101
-760.0,1000.0,78.522577
-720.0,1000.0,75.487792
-680.0,1000.0,72.565981
-640.0,1000.0,69.75672
-600.0,1000.0,67.060565
-560.0,1000.0,64.477033
-520.0,1000.0,62.006593
-480.0,1000.0,59.648758
-440.0,1000.0,57.40387
-400.0,1000.0,55.271743
-360.0,1000.0,53.252203
-320.0,1000.0,51.345353
-280.0,1000.0,49.551057
-240.0,1000.0,47.868988
-200.0,1000.0,46.29915
-160.0,1000.0,44.84137
-120.0,1000.0,43.495432
-80.0,1000.0,42.261096
-40.0,1000.0,41.138103
0.0,1000.0,40.126175
40.0,1000.0,39.225067
80.0,1000.0,38.437185
120.0,1000.0,37.77097
160.0,1000.0,37.240464
200.0,1000.0,36.865284
240.0,1000.0,36.670438
280.0,1000.0,36.68615
320.0,1000.0,36.94751
360.0,1000.0,37.490063
400.0,1000.0,38.204812
440.0,1000.0,39.028791
480.0,1000.0,39.962019
520.0,1000.0,41.005091
560.0,1000.0,42.158079
600.0,1000.0,43.421248
640.0,1000.0,44.794931
680.0,1000.0,46.279135
720.0,1000.0,47.874223
760.0,1000.0,49.580215
800.0,1000.0,51.397178
840.0,1000.0,53.325433
880.0,1000.0,55.364544
920.0,1000.0,57.514857
960.0,1000.0,59.77637
1000.0,1000.0,62.148824
1040.0,1000.0,64.632028
1080.0,1000.0,67.226062
1120.0,1000.0,69.93074
1160.0,1000.0,72.745853
1200.0,1000.0,75.671164
1240.0,1000.0,78.706411
1280.0,1000.0,81.851313
1320.0,1000.0,85.105566
1360.0,1000.0,88.468847
1400.0,1000.0,91.940812
1440.0,1000.0,95.521102
1480.0,1000.0,
-1440.0,1040.0,
-1400.0,1040.0,
-1360.0,1040.0,
-1320.0,1040.0,
-1280.0,1040.0,
-1240.0,1040.0,
-1200.0,1040.0,
-1160.0,1040.0,
-1120.0,1040.0,
-1080.0,1040.0,
-1040.0,1040.0,101.703595
-1000.0,1040.0,98.029664
-960.0,1040.0,94.463654
-920.0,1040.0,91.005581
-880.0,1040.0,87.655382
-840.0,1040.0,84.413445
-800.0,1040.0,81.27985
-760.0,1040.0,78.254216
-720.0,1040.0,75.337101
-680.0,1040.0,72.528274
-640.0,1040.0,69.827826
-600.0,1040.0,67.235807
-560.0,1040.0,64.752162
-520.0,1040.0,62.376899
-480.0,1040.0,60.110108
-440.0,1040.0,57.951484
-400.0,1040.0,55.901278
-360.0,1040.0,53.9593
-320.0,1040.0,52.125338
-280.0,1040.0,50.399476
-240.0,1040.0,48.781567
-200.0,1040.0,47.271448
-160.0,1040.0,45.868812
-120.0,1040.0,44.573603
-80.0,1040.0,43.385615
-40.0,1040.0,42.304614
0.0,1040.0,41.330354
40.0,1040.0,40.462618
80.0,1040.0,39.703695
120.0,1040.0,39.061749
160.0,1040.0,38.550321
200.0,1040.0,38.188343
240.0,1040.0,37.999851
280.0,1040.0,38.014038
320.0,1040.0,38.265002
360.0,1040.0,38.787204
400.0,1040.0,39.475562
440.0,1040.0,40.268824
480.0,1040.0,41.167474
520.0,1040.0,42.171673
560.0,1040.0,43.281438
600.0,1040.0,44.497339
640.0,1040.0,45.81915
680.0,1040.0,47.247462
720.0,1040.0,48.782032
760.0,1040.0,50.423418
800.0,1040.0,52.171161
840.0,1040.0,54.025847
880.0,1040.0,55.987217
920.0,1040.0,58.055251
960.0,1040.0,60.230157
1000.0,1040.0,62.511741
1040.0,1040.0,64.89968
1080.0,1040.0,67.394167
1120.0,1040.0,69.995037
1160.0,1040.0,72.702102
1200.0,1040.0,75.515148
1240.0,1040.0,78.433842
1280.0,1040.0,81.457978
1320.0,1040.0,84.587377
1360.0,1040.0,87.821748
1400.0,1040.0,91.160781
1440.0,1040.0,
-1440.0,1080.0,
-1400.0,1080.0,
-1360.0,1080.0,
-1320.0,1080.0,
-1280.0,1080.0,
-1240.0,1080.0,
-1200.0,1080.0,
-1160.0,1080.0,
-1120.0,1080.0,
-1080.0,1080.0,
-1040.0,1080.0,
-1000.0,1080.0,97.14563
-960.0,1080.0,93.712945
-920.0,1080.0,90.384008
-880.0,1080.0,87.158994
-840.0,1080.0,84.038181
-800.0,1080.0,81.021412
-760.0,1080.0,78.10874
-720.0,1080.0,75.300497
-680.0,1080.0,72.596186
-640.0,1080.0,69.996429
-600.0,1080.0,67.50069
-560.0,1080.0,65.109481
-520.0,1080.0,62.822309
-480.0,1080.0,60.639521
-440.0,1080.0,58.560959
-400.0,1080.0,56.586435
-360.0,1080.0,54.716103
-320.0,1080.0,52.949852
-280.0,1080.0,51.287335
-240.0,1080.0,49.72866
-200.0,1080.0,48.273681
-160.0,1080.0,46.922231
-120.0,1080.0,45.674127
-80.0,1080.0,44.529174
-40.0,1080.0,43.487162
0.0,1080.0,42.547864
40.0,1080.0,41.711112
80.0,1080.0,40.979057
120.0,1080.0,40.359613
160.0,1080.0,39.86585
200.0,1080.0,39.51606
240.0,1080.0,39.333547
280.0,1080.0,39.346524
320.0,1080.0,39.587911
360.0,1080.0,40.091054
400.0,1080.0,40.754705
440.0,1080.0,41.519687
480.0,1080.0,42.386174
520.0,1080.0,43.354076
560.0,1080.0,44.423942
600.0,1080.0,45.59575
640.0,1080.0,46.86968
680.0,1080.0,48.246016
720.0,1080.0,49.724649
760.0,1080.0,51.305951
800.0,1080.0,52.989794
840.0,1080.0,54.776323
880.0,1080.0,56.665727
920.0,1080.0,58.657558
960.0,1080.0,60.752258
1000.0,1080.0,62.949744
1040.0,1080.0,65.249471
1080.0,1080.0,67.651782
1120.0,1080.0,70.156531
1160.0,1080.0,72.763548
1200.0,1080.0,75.472541
1240.0,1080.0,78.283224
1280.0,1080.0,81.19557
1320.0,1080.0,84.209331
1360.0,1080.0,87.324236
1400.0,1080.0,
1440.0,1080.0,
-1400.0,1120.0,
-1360.0,1120.0,
-1320.0,1120.0,
-1280.0,1120.0,
-1240.0,1120.0,
-1200.0,1120.0,
-1160.0,1120.0,
-1120.0,1120.0,
-1080.0,1120.0,
-1040.0,1120.0,
-1000.0,1120.0,
-960.0,1120.0,93.115543
-920.0,1120.0,89.906397
-880.0,1120.0,86.797553
-840.0,1120.0,83.789145
-800.0,1120.0,80.880752
-760.0,1120.0,78.072913
-720.0,1120.0,75.365423
-680.0,1120.0,72.758359
-640.0,1120.0,70.251775
-600.0,1120.0,67.845634
-560.0,1120.0,65.539922
-520.0,1120.0,63.334778
-480.0,1120.0,61.229853
-440.0,1120.0,59.225453
-400.0,1120.0,57.321397
-360.0,1120.0,55.517477
-320.0,1120.0,53.813825
-280.0,1120.0,52.210323
-240.0,1120.0,50.706796
-200.0,1120.0,49.303027
-160.0,1120.0,47.999011
-120.0,1120.0,46.794582
-80.0,1120.0,45.689562
-40.0,1120.0,44.683765
0.0,1120.0,43.776996
40.0,1120.0,42.969085
80.0,1120.0,42.262085
120.0,1120.0,41.663676
160.0,1120.0,41.186481
200.0,1120.0,40.848189
240.0,1120.0,40.671333
280.0,1120.0,40.683167
320.0,1120.0,40.915446
360.0,1120.0,41.400817
400.0,1120.0,42.041652
440.0,1120.0,42.780234
480.0,1120.0,43.616492
520.0,1120.0,44.550891
560.0,1120.0,45.583522
600.0,1120.0,46.714312
640.0,1120.0,47.943793
680.0,1120.0,49.271655
720.0,1120.0,50.698433
760.0,1120.0,52.223849
800.0,1120.0,53.848373
840.0,1120.0,55.571569
880.0,1120.0,57.393991
920.0,1120.0,59.315198
960.0,1120.0,61.335401
1000.0,1120.0,63.454705
1040.0,1120.0,65.67263
1080.0,1120.0,67.989339
1120.0,1120.0,70.404822
1160.0,1120.0,72.918928
1200.0,1120.0,75.53126
1240.0,1120.0,78.241723
1280.0,1120.0,81.050253
1320.0,1120.0,83.956618
1360.0,1120.0,
1400.0,1120.0,
-1360.0,1160.0,
-1320.0,1160.0,
-1280.0,1160.0,
-1240.0,1160.0,
-1200.0,1160.0,
-1160.0,1160.0,
-1120.0,1160.0,
-1080.0,1160.0,
-1040.0,1160.0,
-1000.0,1160.0,
-960.0,1160.0,
-920.0,1160.0,89.557756
-880.0,1160.0,86.557014
-840.0,1160.0,83.652989
-800.0,1160.0,80.845623
-760.0,1160.0,78.135337
-720.0,1160.0,75.521573
-680.0,1160.0,73.005009
-640.0,1160.0,70.585058
-600.0,1160.0,68.262279
-560.0,1160.0,66.036174
-520.0,1160.0,63.907087
-480.0,1160.0,61.874895
-440.0,1160.0,59.939387
-400.0,1160.0,58.100768
-360.0,1160.0,56.358935
-320.0,1160.0,54.713546
-280.0,1160.0,53.164772
-240.0,1160.0,51.712491
-200.0,1160.0,50.356573
-160.0,1160.0,49.096875
-120.0,1160.0,47.933188
-80.0,1160.0,46.865391
-40.0,1160.0,45.893364
0.0,1160.0,45.016933
40.0,1160.0,44.235948
80.0,1160.0,43.552346
120.0,1160.0,42.97359
160.0,1160.0,42.511894
200.0,1160.0,42.184252
240.0,1160.0,42.012562
280.0,1160.0,42.023265
320.0,1160.0,42.247251
360.0,1160.0,42.71612
400.0,1160.0,43.335521
440.0,1160.0,44.049229
480.0,1160.0,44.857565
520.0,1160.0,45.760655
560.0,1160.0,46.75832
600.0,1160.0,47.851087
640.0,1160.0,49.038867
680.0,1160.0,50.321775
720.0,1160.0,51.700073
760.0,1160.0,53.173556
800.0,1160.0,54.742624
840.0,1160.0,56.407018
880.0,1160.0,58.166973
920.0,1160.0,60.0225
960.0,1160.0,61.973315
1000.0,1160.0,64.019791
1040.0,1160.0,66.161598
1080.0,1160.0,68.398592
1120.0,1160.0,70.730951
1160.0,1160.0,73.158537
1200.0,1160.0,75.680914
1240.0,1160.0,78.298054
1280.0,1160.0,81.009909
1320.0,1160.0,
1360.0,1160.0,
-1320.0,1200.0,
-1280.0,1200.0,
-1240.0,1200.0,
-1200.0,1200.0,
-1160.0,1200.0,
-1120.0,1200.0,
-1080.0,1200.0,
-1040.0,1200.0,
-1000.0,1200.0,
-960.0,1200.0,
-920.0,1200.0,
-880.0,1200.0,86.425219
-840.0,1200.0,83.618494
-800.0,1200.0,80.905423
-760.0,1200.0,78.285833
-720.0,1200.0,75.759794
-680.0,1200.0,73.327359
-640.0,1200.0,70.988512
-600.0,1200.0,68.743216
-560.0,1200.0,66.591659
-520.0,1200.0,64.533444
-480.0,1200.0,62.568935
-440.0,1200.0,60.697956
-400.0,1200.0,58.920295
-360.0,1200.0,57.236129
-320.0,1200.0,55.645362
-280.0,1200.0,54.147792
-240.0,1200.0,52.743306
-200.0,1200.0,51.431909
-160.0,1200.0,50.213471
-120.0,1200.0,49.087855
-80.0,1200.0,48.054916
-40.0,1200.0,47.114503
0.0,1200.0,46.266464
40.0,1200.0,45.510663
80.0,1200.0,44.84893
120.0,1200.0,44.288515
160.0,1200.0,43.841254
200.0,1200.0,43.523695
240.0,1200.0,43.357004
280.0,1200.0,43.366794
320.0,1200.0,43.583025
360.0,1200.0,44.0362
400.0,1200.0,44.635485
440.0,1200.0,45.326162
480.0,1200.0,46.108327
520.0,1200.0,46.98182
560.0,1200.0,47.947101
600.0,1200.0,49.00421
640.0,1200.0,50.153005
680.0,1200.0,51.393999
720.0,1200.0,52.726817
760.0,1200.0,54.151959
800.0,1200.0,55.669124
840.0,1200.0,57.27871
880.0,1200.0,58.980317
920.0,1200.0,60.774473
960.0,1200.0,62.660569
1000.0,1200.0,64.639043
1040.0,1200.0,66.709827
1080.0,1200.0,68.872398
1120.0,1200.0,71.127153
1160.0,1200.0,73.473967
1200.0,1200.0,75.91242
1240.0,1200.0,78.442438
1280.0,1200.0,
1320.0,1200.0,
-1280.0,1240.0,
-1240.0,1240.0,
-1200.0,1240.0,
-1160.0,1240.0,
-1120.0,1240.0,
-1080.0,1240.0,
-1040.0,1240.0,
-1000.0,1240.0,
-960.0,1240.0,
-920.0,1240.0,
-880.0,1240.0,
-840.0,1240.0,
-800.0,1240.0,81.050928
-760.0,1240.0,78.516121
-720.0,1240.0,76.072125
-680.0,1240.0,73.718298
-640.0,1240.0,71.455252
-600.0,1240.0,69.282482
-560.0,1240.0,67.200328
-520.0,1240.0,65.208703
-480.0,1240.0,63.307364
-440.0,1240.0,61.496569
-400.0,1240.0,59.776214
-360.0,1240.0,58.145972
-320.0,1240.0,56.606052
-280.0,1240.0,55.156357
-240.0,1240.0,53.796782
-200.0,1240.0,52.527172
-160.0,1240.0,51.347358
-120.0,1240.0,50.257334
-80.0,1240.0,49.256971
-40.0,1240.0,48.346134
0.0,1240.0,47.524685
40.0,1240.0,46.792505
80.0,1240.0,46.151316
120.0,1240.0,45.60817
160.0,1240.0,45.174547
200.0,1240.0,44.866473
240.0,1240.0,44.704464
280.0,1240.0,44.713237
320.0,1240.0,44.921995
360.0,1240.0,45.360665
400.0,1240.0,45.941229
440.0,1240.0,46.6102
480.0,1240.0,47.367557
520.0,1240.0,48.213636
560.0,1240.0,49.148529
600.0,1240.0,50.171977
640.0,1240.0,51.284507
680.0,1240.0,52.485974
720.0,1240.0,53.776448
760.0,1240.0,55.156183
800.0,1240.0,56.624891
840.0,1240.0,58.183013
880.0,1240.0,59.830169
920.0,1240.0,61.566692
960.0,1240.0,63.392428
1000.0,1240.0,65.307254
1040.0,1240.0,67.311477
1080.0,1240.0,69.404536
1120.0,1240.0,71.586668
1160.0,1240.0,73.857898
1200.0,1240.0,
1240.0,1240.0,
1280.0,1240.0,
-1240.0,1280.0,
-1200.0,1280.0,
-1160.0,1280.0,
-1120.0,1280.0,
-1080.0,1280.0,
-1040.0,1280.0,
-1000.0,1280.0,
-960.0,1280.0,
-920.0,1280.0,
-880.0,1280.0,
-840.0,1280.0,
-800.0,1280.0,
-760.0,1280.0,78.818698
-720.0,1280.0,76.451257
-680.0,1280.0,74.171424
-640.0,1280.0,71.979128
-600.0,1280.0,69.874616
-560.0,1280.0,67.857434
-520.0,1280.0,65.928004
-480.0,1280.0,64.086155
-440.0,1280.0,62.331666
-400.0,1280.0,60.664756
-360.0,1280.0,59.085346
-320.0,1280.0,57.5932
-280.0,1280.0,56.1883
-240.0,1280.0,54.870655
-200.0,1280.0,53.640163
-160.0,1280.0,52.496713
-120.0,1280.0,51.440192
-80.0,1280.0,50.470481
-40.0,1280.0,49.587461
0.0,1280.0,48.791007
40.0,1280.0,48.081014
80.0,1280.0,47.4591
120.0,1280.0,46.932135
160.0,1280.0,46.511247
200.0,1280.0,46.211988
240.0,1280.0,46.054302
280.0,1280.0,46.062302
320.0,1280.0,46.264239
360.0,1280.0,46.689271
400.0,1280.0,47.252016
440.0,1280.0,47.900481
480.0,1280.0,48.634822
520.0,1280.0,49.455115
560.0,1280.0,50.361121
600.0,1280.0,51.353309
640.0,1280.0,52.431679
680.0,1280.0,53.596032
720.0,1280.0,54.846875
760.0,1280.0,56.183784
800.0,1280.0,57.607233
840.0,1280.0,59.11691
880.0,1280.0,60.713153
920.0,1280.0,62.3956
960.0,1280.0,64.16475
1000.0,1280.0,66.01987
1040.0,1280.0,67.961588
1080.0,1280.0,69.989565
1120.0,1280.0,72.103585
1160.0,1280.0,
1200.0,1280.0,
1240.0,1280.0,
-1200.0,1320.0,
-1160.0,1320.0,
-1120.0,1320.0,
-1080.0,1320.0,
-1040.0,1320.0,
-1000.0,1320.0,
-960.0,1320.0,
-920.0,1320.0,
-880.0,1320.0,
-840.0,1320.0,
-800.0,1320.0,
-760.0,1320.0,
-720.0,1320.0,
-680.0,1320.0,74.680963
-640.0,1320.0,72.555211
-600.0,1320.0,70.514453
-560.0,1320.0,68.558645
-520.0,1320.0,66.687505
-480.0,1320.0,64.901342
-440.0,1320.0,63.200052
-400.0,1320.0,61.583314
-360.0,1320.0,60.051374
-320.0,1320.0,58.604151
-280.0,1320.0,57.241561
-240.0,1320.0,55.963384
-200.0,1320.0,54.769618
-160.0,1320.0,53.660226
-120.0,1320.0,52.635107
-80.0,1320.0,51.694152
-40.0,1320.0,50.837253
0.0,1320.0,50.0643
40.0,1320.0,49.375198
80.0,1320.0,48.771467
120.0,1320.0,48.259801
160.0,1320.0,47.850999
200.0,1320.0,47.560173
240.0,1320.0,47.406676
280.0,1320.0,47.413959
320.0,1320.0,47.609325
360.0,1320.0,48.02127
400.0,1320.0,48.567395
440.0,1320.0,49.196748
480.0,1320.0,49.909333
520.0,1320.0,50.705043
560.0,1320.0,51.584236
600.0,1320.0,52.546979
640.0,1320.0,53.592947
680.0,1320.0,54.722671
720.0,1320.0,55.935968
760.0,1320.0,57.23287
800.0,1320.0,58.613632
840.0,1320.0,60.077896
880.0,1320.0,61.626149
920.0,1320.0,63.257901
960.0,1320.0,64.973585
1000.0,1320.0,66.772888
1040.0,1320.0,68.655852
1080.0,1320.0,
1120.0,1320.0,
1160.0,1320.0,
1200.0,1320.0,
-1160.0,1360.0,
-1120.0,1360.0,
-1080.0,1360.0,
-1040.0,1360.0,
-1000.0,1360.0,
-960.0,1360.0,
-920.0,1360.0,
-880.0,1360.0,
-840.0,1360.0,
-800.0,1360.0,
-760.0,1360.0,
-720.0,1360.0,
-680.0,1360.0,
-640.0,1360.0,
-600.0,1360.0,71.198075
-560.0,1360.0,69.299758
-520.0,1360.0,67.483785
-480.0,1360.0,65.749915
-440.0,1360.0,64.098411
-400.0,1360.0,62.529207
-360.0,1360.0,61.04203
-320.0,1360.0,59.63695
-280.0,1360.0,58.313974
-240.0,1360.0,57.073019
-200.0,1360.0,55.913998
-160.0,1360.0,54.836819
-120.0,1360.0,53.841313
-80.0,1360.0,52.927453
-40.0,1360.0,52.095175
0.0,1360.0,51.344378
40.0,1360.0,50.674977
80.0,1360.0,50.0884
120.0,1360.0,49.591166
160.0,1360.0,49.193772
200.0,1360.0,48.910828
240.0,1360.0,48.761147
280.0,1360.0,48.767588
320.0,1360.0,48.956852
360.0,1360.0,49.356674
400.0,1360.0,49.887169
440.0,1360.0,50.498296
480.0,1360.0,51.190198
520.0,1360.0,51.963063
560.0,1360.0,52.816957
600.0,1360.0,53.751564
640.0,1360.0,54.767371
680.0,1360.0,55.864349
720.0,1360.0,57.04225
760.0,1360.0,58.301586
800.0,1360.0,59.64189
840.0,1360.0,61.063619
880.0,1360.0,62.566457
920.0,1360.0,64.150687
960.0,1360.0,65.815993
1000.0,1360.0,
1040.0,1360.0,
1080.0,1360.0,
1120.0,1360.0,
1160.0,1360.0,
-1120.0,1400.0,
-1080.0,1400.0,
-1040.0,1400.0,
-1000.0,1400.0,
-960.0,1400.0,
-920.0,1400.0,
-880.0,1400.0,
-840.0,1400.0,
-800.0,1400.0,
-760.0,1400.0,
-720.0,1400.0,
-680.0,1400.0,
-640.0,1400.0,
-600.0,1400.0,
-560.0,1400.0,
-520.0,1400.0,68.313368
-480.0,1400.0,66.629135
-440.0,1400.0,65.024529
-400.0,1400.0,63.49983
-360.0,1400.0,62.054972
-320.0,1400.0,60.689885
-280.0,1400.0,59.404279
-240.0,1400.0,58.198313
-200.0,1400.0,57.071914
-160.0,1400.0,56.024999
-120.0,1400.0,55.057482
-80.0,1400.0,54.169275
-40.0,1400.0,53.36029
0.0,1400.0,52.630438
40.0,1400.0,51.979643
80.0,1400.0,51.40924
120.0,1400.0,50.925586
160.0,1400.0,50.53889
200.0,1400.0,50.263445
240.0,1400.0,50.117518
280.0,1400.0,50.123339
320.0,1400.0,50.306889
360.0,1400.0,50.695154
400.0,1400.0,51.210614
440.0,1400.0,51.804613
480.0,1400.0,52.47722
520.0,1400.0,53.228436
560.0,1400.0,54.058075
600.0,1400.0,54.966522
640.0,1400.0,55.953825
680.0,1400.0,57.019601
720.0,1400.0,58.164396
760.0,1400.0,59.38799
800.0,1400.0,60.690388
840.0,1400.0,62.071854
880.0,1400.0,63.531964
920.0,1400.0,
960.0,1400.0,
1000.0,1400.0,
1040.0,1400.0,
1080.0,1400.0,
1120.0,1400.0,
-1080.0,1440.0,
-1040.0,1440.0,
-1000.0,1440.0,
-960.0,1440.0,
-920.0,1440.0,
-880.0,1440.0,
-840.0,1440.0,
-800.0,1440.0,
-760.0,1440.0,
-720.0,1440.0,
-680.0,1440.0,
-640.0,1440.0,
-600.0,1440.0,
-560.0,1440.0,
-520.0,1440.0,
-480.0,1440.0,
-440.0,1440.0,
-400.0,1440.0,64.493484
-360.0,1440.0,63.088406
-320.0,1440.0,61.760851
-280.0,1440.0,60.510751
-240.0,1440.0,59.338034
-200.0,1440.0,58.242539
-160.0,1440.0,57.224229
-120.0,1440.0,56.2831
-80.0,1440.0,55.419074
-40.0,1440.0,54.632071
0.0,1440.0,53.92201
40.0,1440.0,53.288824
80.0,1440.0,52.733758
120.0,1440.0,52.263014
160.0,1440.0,51.88653
200.0,1440.0,51.618221
240.0,1440.0,51.475856
280.0,1440.0,51.48095
320.0,1440.0,51.658891
360.0,1440.0,52.03617
400.0,1440.0,52.537661
440.0,1440.0,53.115552
480.0,1440.0,53.769724
520.0,1440.0,54.500234
560.0,1440.0,55.307307
600.0,1440.0,56.191003
640.0,1440.0,57.150934
680.0,1440.0,58.187614
720.0,1440.0,59.300989
760.0,1440.0,60.490767
800.0,1440.0,
840.0,1440.0,
880.0,1440.0,
920.0,1440.0,
960.0,1440.0,
1000.0,1440.0,
1040.0,1440.0,
1080.0,1440.0,
-1000.0,1480.0,
-960.0,1480.0,
-920.0,1480.0,
-880.0,1480.0,
-840.0,1480.0,
-800.0,1480.0,
-760.0,1480.0,
-720.0,1480.0,
-680.0,1480.0,
-640.0,1480.0,
-600.0,1480.0,
-560.0,1480.0,
-520.0,1480.0,
-480.0,1480.0,
-440.0,1480.0,
-400.0,1480.0,
-360.0,1480.0,
-320.0,1480.0,
-280.0,1480.0,
-240.0,1480.0,
-200.0,1480.0,59.424464
-160.0,1480.0,58.433364
-120.0,1480.0,57.517325
-80.0,1480.0,56.676275
-40.0,1480.0,55.910141
0.0,1480.0,55.218853
40.0,1480.0,54.602347
80.0,1480.0,54.061785
120.0,1480.0,53.603218
160.0,1480.0,53.236331
200.0,1480.0,52.974671
240.0,1480.0,52.835552
280.0,1480.0,52.840057
320.0,1480.0,53.012879
360.0,1480.0,53.379873
400.0,1480.0,53.868084
440.0,1480.0,54.430413
480.0,1480.0,55.067139
520.0,1480.0,55.778321
560.0,1480.0,56.563963
600.0,1480.0,
640.0,1480.0,
680.0,1480.0,
720.0,1480.0,
760.0,1480.0,
800.0,1480.0,
840.0,1480.0,
880.0,1480.0,
920.0,1480.0,
960.0,1480.0,
1000.0,1480.0,
-960.0,1520.0,
-920.0,1520.0,
-880.0,1520.0,
-840.0,1520.0,
-800.0,1520.0,
-760.0,1520.0,
-720.0,1520.0,
-680.0,1520.0,
-640.0,1520.0,
-600.0,1520.0,
-560.0,1520.0,
-520.0,1520.0,
-480.0,1520.0,
-440.0,1520.0,
-400.0,1520.0,
-360.0,1520.0,
-320.0,1520.0,
-280.0,1520.0,
-240.0,1520.0,
-200.0,1520.0,
-160.0,1520.0,
-120.0,1520.0,
-80.0,1520.0,
-40.0,1520.0,
0.0,1520.0,
40.0,1520.0,
80.0,1520.0,
120.0,1520.0,
160.0,1520.0,
200.0,1520.0,
240.0,1520.0,
280.0,1520.0,
320.0,1520.0,
360.0,1520.0,
400.0,1520.0,
440.0,1520.0,
480.0,1520.0,
520.0,1520.0,
560.0,1520.0,
600.0,1520.0,
640.0,1520.0,
680.0,1520.0,
720.0,1520.0,
760.0,1520.0,
800.0,1520.0,
840.0,1520.0,
880.0,1520.0,
920.0,1520.0,
960.0,1520.0,
-880.0,1560.0,
-840.0,1560.0,
-800.0,1560.0,
-760.0,1560.0,
-720.0,1560.0,
-680.0,1560.0,
-640.0,1560.0,
-600.0,1560.0,
-560.0,1560.0,
-520.0,1560.0,
-480.0,1560.0,
-440.0,1560.0,
-400.0,1560.0,
-360.0,1560.0,
-320.0,1560.0,
-280.0,1560.0,
-240.0,1560.0,
-200.0,1560.0,
-160.0,1560.0,
-120.0,1560.0,
-80.0,1560.0,
-40.0,1560.0,
0.0,1560.0,
40.0,1560.0,
80.0,1560.0,
120.0,1560.0,
160.0,1560.0,
200.0,1560.0,
240.0,1560.0,
280.0,1560.0,
320.0,1560.0,
360.0,1560.0,
400.0,1560.0,
440.0,1560.0,
480.0,1560.0,
520.0,1560.0,
560.0,1560.0,
600.0,1560.0,
640.0,1560.0,
680.0,1560.0,
720.0,1560.0,
760.0,1560.0,
800.0,1560.0,
840.0,1560.0,
880.0,1560.0,
-800.0,1600.0,
-760.0,1600.0,
-720.0,1600.0,
-680.0,1600.0,
-640.0,1600.0,
-600.0,1600.0,
-560.0,1600.0,
-520.0,1600.0,
-480.0,1600.0,
-440.0,1600.0,
-400.0,1600.0,
-360.0,1600.0,
-320.0,1600.0,
-280.0,1600.0,
-240.0,1600.0,
-200.0,1600.0,
-160.0,1600.0,
-120.0,1600.0,
-80.0,1600.0,
-40.0,1600.0,
0.0,1600.0,
40.0,1600.0,
80.0,1600.0,
120.0,1600.0,
160.0,1600.0,
200.0,1600.0,
240.0,1600.0,
280.0,1600.0,
320.0,1600.0,
360.0,1600.0,
400.0,1600.0,
440.0,1600.0,
480.0,1600.0,
520.0,1600.0,
560.0,1600.0,
600.0,1600.0,
640.0,1600.0,
680.0,1600.0,
720.0,1600.0,
760.0,1600.0,
800.0,1600.0,
-720.0,1640.0,
-680.0,1640.0,
-640.0,1640.0,
-600.0,1640.0,
-560.0,1640.0,
-520.0,1640.0,
-480.0,1640.0,
-440.0,1640.0,
-400.0,1640.0,
-360.0,1640.0,
-320.0,1640.0,
-280.0,1640.0,
-240.0,1640.0,
-200.0,1640.0,
-160.0,1640.0,
-120.0,1640.0,
-80.0,1640.0,
-40.0,1640.0,
0.0,1640.0,
40.0,1640.0,
80.0,1640.0,
120.0,1640.0,
160.0,1640.0,
200.0,1640.0,
240.0,1640.0,
280.0,1640.0,
320.0,1640.0,
360.0,1640.0,
400.0,1640.0,
440.0,1640.0,
480.0,1640.0,
520.0,1640.0,
560.0,1640.0,
600.0,1640.0,
640.0,1640.0,
680.0,1640.0,
720.0,1640.0,
-640.0,1680.0,
-600.0,1680.0,
-560.0,1680.0,
-520.0,1680.0,
-480.0,1680.0,
-440.0,1680.0,
-400.0,1680.0,
-360.0,1680.0,
-320.0,1680.0,
-280.0,1680.0,
-240.0,1680.0,
-200.0,1680.0,
-160.0,1680.0,
-120.0,1680.0,
-80.0,1680.0,
-40.0,1680.0,
0.0,1680.0,
40.0,1680.0,
80.0,1680.0,
120.0,1680.0,
160.0,1680.0,
200.0,1680.0,
240.0,1680.0,
280.0,1680.0,
320.0,1680.0,
360.0,1680.0,
400.0,1680.0,
440.0,1680.0,
480.0,1680.0,
520.0,1680.0,
560.0,1680.0,
600.0,1680.0,
640.0,1680.0,
-520.0,1720.0,
-480.0,1720.0,
-440.0,1720.0,
-400.0,1720.0,
-360.0,1720.0,
-320.0,1720.0,
-280.0,1720.0,
-240.0,1720.0,
-200.0,1720.0,
-160.0,1720.0,
-120.0,1720.0,
-80.0,1720.0,
-40.0,1720.0,
0.0,1720.0,
40.0,1720.0,
80.0,1720.0,
120.0,1720.0,
160.0,1720.0,
200.0,1720.0,
240.0,1720.0,
280.0,1720.0,
320.0,1720.0,
360.0,1720.0,
400.0,1720.0,
440.0,1720.0,
480.0,1720.0,
520.0,1720.0,
-360.0,1760.0,
-320.0,1760.0,
-280.0,1760.0,
-240.0,1760.0,
-200.0,1760.0,
-160.0,1760.0,
-120.0,1760.0,
-80.0,1760.0,
-40.0,1760.0,
0.0,1760.0,
40.0,1760.0,
80.0,1760.0,
120.0,1760.0,
160.0,1760.0,
200.0,1760.0,
240.0,1760.0,
280.0,1760.0,
320.0,1760.0,
360.0,1760.0,
0.0,1800.0,
