x_m,y_m,E_diam_given_detectable_m
0.0,-1800.0,
-360.0,-1760.0,
-320.0,-1760.0,
-280.0,-1760.0,
-240.0,-1760.0,
-200.0,-1760.0,
-160.0,-1760.0,
-120.0,-1760.0,
-80.0,-1760.0,
-40.0,-1760.0,
0.0,-1760.0,
40.0,-1760.0,
80.0,-1760.0,
120.0,-1760.0,
160.0,-1760.0,
200.0,-1760.0,
240.0,-1760.0,
280.0,-1760.0,
320.0,-1760.0,
360.0,-1760.0,
-520.0,-1720.0,
-480.0,-1720.0,
-440.0,-1720.0,
-400.0,-1720.0,
-360.0,-1720.0,
-320.0,-1720.0,
-280.0,-1720.0,
-240.0,-1720.0,
-200.0,-1720.0,
-160.0,-1720.0,
-120.0,-1720.0,
-80.0,-1720.0,
-40.0,-1720.0,
0.0,-1720.0,
40.0,-1720.0,
80.0,-1720.0,
120.0,-1720.0,
160.0,-1720.0,
200.0,-1720.0,
240.0,-1720.0,
280.0,-1720.0,
320.0,-1720.0,
360.0,-1720.0,
400.0,-1720.0,
440.0,-1720.0,
480.0,-1720.0,
520.0,-1720.0,
-640.0,-1680.0,
-600.0,-1680.0,
-560.0,-1680.0,
-520.0,-1680.0,
-480.0,-1680.0,
-440.0,-1680.0,
-400.0,-1680.0,
-360.0,-1680.0,
-320.0,-1680.0,
-280.0,-1680.0,
-240.0,-1680.0,
-200.0,-1680.0,
-160.0,-1680.0,
-120.0,-1680.0,
-80.0,-1680.0,
-40.0,-1680.0,
0.0,-1680.0,
40.0,-1680.0,
80.0,-1680.0,
120.0,-1680.0,
160.0,-1680.0,
200.0,-1680.0,
240.0,-1680.0,
280.0,-1680.0,
320.0,-1680.0,
360.0,-1680.0,
400.0,-1680.0,
440.0,-1680.0,
480.0,-1680.0,
520.0,-1680.0,
560.0,-1680.0,
600.0,-1680.0,
640.0,-1680.0,
-720.0,-1640.0,
-680.0,-1640.0,
-640.0,-1640.0,
-600.0,-1640.0,
-560.0,-1640.0,
-520.0,-1640.0,
-480.0,-1640.0,
-440.0,-1640.0,
-400.0,-1640.0,
-360.0,-1640.0,
-320.0,-1640.0,
-280.0,-1640.0,
-240.0,-1640.0,
-200.0,-1640.0,
-160.0,-1640.0,
-120.0,-1640.0,
-80.0,-1640.0,
-40.0,-1640.0,
0.0,-1640.0,
40.0,-1640.0,
80.0,-1640.0,
120.0,-1640.0,
160.0,-1640.0,
200.0,-1640.0,
240.0,-1640.0,
280.0,-1640.0,
320.0,-1640.0,
360.0,-1640.0,
400.0,-1640.0,
440.0,-1640.0,
480.0,-1640.0,
520.0,-1640.0,
560.0,-1640.0,
600.0,-1640.0,
640.0,-1640.0,
680.0,-1640.0,
720.0,-1640.0,
-800.0,-1600.0,
-760.0,-1600.0,
-720.0,-1600.0,
-680.0,-1600.0,
-640.0,-1600.0,
-600.0,-1600.0,
-560.0,-1600.0,
-520.0,-1600.0,
-480.0,-1600.0,
-440.0,-1600.0,
-400.0,-1600.0,
-360.0,-1600.0,
-320.0,-1600.0,
-280.0,-1600.0,
-240.0,-1600.0,
-200.0,-1600.0,
-160.0,-1600.0,
-120.0,-1600.0,
-80.0,-1600.0,
-40.0,-1600.0,
0.0,-1600.0,
40.0,-1600.0,
80.0,-1600.0,
120.0,-1600.0,
160.0,-1600.0,
200.0,-1600.0,
240.0,-1600.0,
280.0,-1600.0,
320.0,-1600.0,
360.0,-1600.0,
400.0,-1600.0,
440.0,-1600.0,
480.0,-1600.0,
520.0,-1600.0,
560.0,-1600.0,
600.0,-1600.0,
640.0,-1600.0,
680.0,-1600.0,
720.0,-1600.0,
760.0,-1600.0,
800.0,-1600.0,
-880.0,-1560.0,
-840.0,-1560.0,
-800.0,-1560.0,
-760.0,-1560.0,
-720.0,-1560.0,
-680.0,-1560.0,
-640.0,-1560.0,
-600.0,-1560.0,
-560.0,-1560.0,
-520.0,-1560.0,
-480.0,-1560.0,
-440.0,-1560.0,
-400.0,-1560.0,
-360.0,-1560.0,
-320.0,-1560.0,
-280.0,-1560.0,
-240.0,-1560.0,
-200.0,-1560.0,
-160.0,-1560.0,
-120.0,-1560.0,
-80.0,-1560.0,
-40.0,-1560.0,
0.0,-1560.0,
40.0,-1560.0,
80.0,-1560.0,
120.0,-1560.0,
160.0,-1560.0,
200.0,-1560.0,
240.0,-1560.0,
280.0,-1560.0,
320.0,-1560.0,
360.0,-1560.0,
400.0,-1560.0,
440.0,-1560.0,
480.0,-1560.0,
520.0,-1560.0,
560.0,-1560.0,
600.0,-1560.0,
640.0,-1560.0,
680.0,-1560.0,
720.0,-1560.0,
760.0,-1560.0,
800.0,-1560.0,
840.0,-1560.0,
880.0,-1560.0,
-960.0,-1520.0,
-920.0,-1520.0,
-880.0,-1520.0,
-840.0,-1520.0,
-800.0,-1520.0,
-760.0,-1520.0,
-720.0,-1520.0,
-680.0,-1520.0,
-640.0,-1520.0,
-600.0,-1520.0,
-560.0,-1520.0,
-520.0,-1520.0,
-480.0,-1520.0,
-440.0,-1520.0,
-400.0,-1520.0,
-360.0,-1520.0,
-320.0,-1520.0,
-280.0,-1520.0,
-240.0,-1520.0,
-200.0,-1520.0,
-160.0,-1520.0,
-120.0,-1520.0,
-80.0,-1520.0,
-40.0,-1520.0,
0.0,-1520.0,
40.0,-1520.0,
80.0,-1520.0,
120.0,-1520.0,
160.0,-1520.0,
200.0,-1520.0,
240.0,-1520.0,
280.0,-1520.0,
320.0,-1520.0,
360.0,-1520.0,
400.0,-1520.0,
440.0,-1520.0,
480.0,-1520.0,
520.0,-1520.0,
560.0,-1520.0,
600.0,-1520.0,
640.0,-1520.0,
680.0,-1520.0,
720.0,-1520.0,
760.0,-1520.0,
800.0,-1520.0,
840.0,-1520.0,
880.0,-1520.0,
920.0,-1520.0,
960.0,-1520.0,
-1000.0,-1480.0,
-960.0,-1480.0,
-920.0,-1480.0,
-880.0,-1480.0,
-840.0,-1480.0,
-800.0,-1480.0,
-760.0,-1480.0,
-720.0,-1480.0,
-680.0,-1480.0,
-640.0,-1480.0,
-600.0,-1480.0,
-560.0,-1480.0,
-520.0,-1480.0,
-480.0,-1480.0,
-440.0,-1480.0,
-400.0,-1480.0,
-360.0,-1480.0,
-320.0,-1480.0,
-280.0,-1480.0,
-240.0,-1480.0,
-200.0,-1480.0,125.371921
-160.0,-1480.0,122.315463
-120.0,-1480.0,119.338912
-80.0,-1480.0,116.442279
-40.0,-1480.0,113.625568
0.0,-1480.0,110.888772
40.0,-1480.0,108.231873
80.0,-1480.0,105.654907
120.0,-1480.0,103.158164
160.0,-1480.0,100.742107
200.0,-1480.0,98.407416
240.0,-1480.0,96.154917
280.0,-1480.0,93.985674
320.0,-1480.0,91.900877
360.0,-1480.0,89.901876
400.0,-1480.0,87.990304
440.0,-1480.0,86.16771
480.0,-1480.0,84.435983
520.0,-1480.0,82.797261
560.0,-1480.0,81.253506
600.0,-1480.0,79.80696
640.0,-1480.0,78.460214
680.0,-1480.0,77.215513
720.0,-1480.0,76.075441
760.0,-1480.0,75.043014
800.0,-1480.0,74.120691
840.0,-1480.0,73.311344
880.0,-1480.0,72.618413
920.0,-1480.0,72.044427
960.0,-1480.0,71.592499
1000.0,-1480.0,71.266568
-1080.0,-1440.0,
-1040.0,-1440.0,
-1000.0,-1440.0,
-960.0,-1440.0,
-920.0,-1440.0,
-880.0,-1440.0,
-840.0,-1440.0,
-800.0,-1440.0,
-760.0,-1440.0,
-720.0,-1440.0,
-680.0,-1440.0,
-640.0,-1440.0,
-600.0,-1440.0,
-560.0,-1440.0,
-520.0,-1440.0,
-480.0,-1440.0,
-440.0,-1440.0,
-400.0,-1440.0,142.809711
-360.0,-1440.0,139.25586
-320.0,-1440.0,135.784092
-280.0,-1440.0,132.394456
-240.0,-1440.0,129.086996
-200.0,-1440.0,125.861751
-160.0,-1440.0,122.718759
-120.0,-1440.0,119.658046
-80.0,-1440.0,116.679636
-40.0,-1440.0,113.78354
0.0,-1440.0,110.969763
40.0,-1440.0,108.238296
80.0,-1440.0,105.58919
120.0,-1440.0,103.022754
160.0,-1440.0,100.539474
200.0,-1440.0,98.140057
240.0,-1440.0,95.82536
280.0,-1440.0,93.596491
320.0,-1440.0,91.454673
360.0,-1440.0,89.401302
400.0,-1440.0,87.438067
440.0,-1440.0,85.566611
480.0,-1440.0,83.788781
520.0,-1440.0,82.106756
560.0,-1440.0,80.522583
600.0,-1440.0,79.038559
640.0,-1440.0,77.657314
680.0,-1440.0,76.381138
720.0,-1440.0,75.212667
760.0,-1440.0,74.154951
800.0,-1440.0,73.210487
840.0,-1440.0,72.382192
880.0,-1440.0,71.673536
920.0,-1440.0,71.087168
960.0,-1440.0,70.626055
1000.0,-1440.0,70.294262
1040.0,-1440.0,70.094599
1080.0,-1440.0,70.030489
-1120.0,-1400.0,
-1080.0,-1400.0,
-1040.0,-1400.0,
-1000.0,-1400.0,
-960.0,-1400.0,
-920.0,-1400.0,
-880.0,-1400.0,
-840.0,-1400.0,
-800.0,-1400.0,
-760.0,-1400.0,
-720.0,-1400.0,
-680.0,-1400.0,
-640.0,-1400.0,
-600.0,-1400.0,
-560.0,-1400.0,
-520.0,-1400.0,155.381562
-480.0,-1400.0,151.470425
-440.0,-1400.0,147.643571
-400.0,-1400.0,143.901141
-360.0,-1400.0,140.243196
-320.0,-1400.0,136.669793
-280.0,-1400.0,133.180989
-240.0,-1400.0,129.776839
-200.0,-1400.0,126.457391
-160.0,-1400.0,123.222692
-120.0,-1400.0,120.072782
-80.0,-1400.0,117.007692
-40.0,-1400.0,114.027448
0.0,-1400.0,111.132063
40.0,-1400.0,108.321542
80.0,-1400.0,105.595952
120.0,-1400.0,102.95562
160.0,-1400.0,100.40106
200.0,-1400.0,97.933007
240.0,-1400.0,95.552355
280.0,-1400.0,93.260256
320.0,-1400.0,91.05797
360.0,-1400.0,88.946944
400.0,-1400.0,86.928914
440.0,-1400.0,85.005573
480.0,-1400.0,83.178865
520.0,-1400.0,81.451002
560.0,-1400.0,79.823983
600.0,-1400.0,78.300234
640.0,-1400.0,76.882427
680.0,-1400.0,75.572901
720.0,-1400.0,74.374345
760.0,-1400.0,73.289844
800.0,-1400.0,72.321936
840.0,-1400.0,71.473586
880.0,-1400.0,70.74829
920.0,-1400.0,70.148731
960.0,-1400.0,69.677998
1000.0,-1400.0,69.340015
1040.0,-1400.0,69.137689
1080.0,-1400.0,69.074477
1120.0,-1400.0,69.154661
-1160.0,-1360.0,
-1120.0,-1360.0,
-1080.0,-1360.0,
-1040.0,-1360.0,
-1000.0,-1360.0,
-960.0,-1360.0,
-920.0,-1360.0,
-880.0,-1360.0,
-840.0,-1360.0,
-800.0,-1360.0,
-760.0,-1360.0,
-720.0,-1360.0,
-680.0,-1360.0,
-640.0,-1360.0,
-600.0,-1360.0,165.284848
-560.0,-1360.0,161.081849
-520.0,-1360.0,156.965627
-480.0,-1360.0,152.936203
-440.0,-1360.0,148.993721
-400.0,-1360.0,145.138247
-360.0,-1360.0,141.369849
-320.0,-1360.0,137.688595
-280.0,-1360.0,134.09455
-240.0,-1360.0,130.587779
-200.0,-1360.0,127.168342
-160.0,-1360.0,123.836296
-120.0,-1360.0,120.591692
-80.0,-1360.0,117.434576
-40.0,-1360.0,114.364984
0.0,-1360.0,111.382943
40.0,-1360.0,108.488469
80.0,-1360.0,105.681648
120.0,-1360.0,102.96283
160.0,-1360.0,100.332556
200.0,-1360.0,97.791594
240.0,-1360.0,95.340879
280.0,-1360.0,92.981607
320.0,-1360.0,90.715082
360.0,-1360.0,88.542806
400.0,-1360.0,86.466563
440.0,-1360.0,84.488101
480.0,-1360.0,82.609426
520.0,-1360.0,80.832815
560.0,-1360.0,79.16038
600.0,-1360.0,77.59444
640.0,-1360.0,76.137807
680.0,-1360.0,74.792869
720.0,-1360.0,73.562372
760.0,-1360.0,72.44944
800.0,-1360.0,71.456653
840.0,-1360.0,70.587023
880.0,-1360.0,69.844078
920.0,-1360.0,69.230532
960.0,-1360.0,68.749599
1000.0,-1360.0,68.405054
1040.0,-1360.0,68.199912
1080.0,-1360.0,68.137658
1120.0,-1360.0,68.222621
1160.0,-1360.0,68.457851
-1200.0,-1320.0,
-1160.0,-1320.0,
-1120.0,-1320.0,
-1080.0,-1320.0,
-1040.0,-1320.0,
-1000.0,-1320.0,
-960.0,-1320.0,
-920.0,-1320.0,
-880.0,-1320.0,
-840.0,-1320.0,
-800.0,-1320.0,
-760.0,-1320.0,
-720.0,-1320.0,
-680.0,-1320.0,176.24567
-640.0,-1320.0,171.73278
-600.0,-1320.0,167.309276
-560.0,-1320.0,162.975198
-520.0,-1320.0,158.730561
-480.0,-1320.0,154.575521
-440.0,-1320.0,150.510154
-400.0,-1320.0,146.534532
-360.0,-1320.0,142.648734
-320.0,-1320.0,138.852834
-280.0,-1320.0,135.14691
-240.0,-1320.0,131.531035
-200.0,-1320.0,128.005283
-160.0,-1320.0,124.569723
-120.0,-1320.0,121.224418
-80.0,-1320.0,117.969426
-40.0,-1320.0,114.804798
0.0,-1320.0,111.730575
40.0,-1320.0,108.746787
80.0,-1320.0,105.85354
120.0,-1320.0,103.051208
160.0,-1320.0,100.340365
200.0,-1320.0,97.721813
240.0,-1320.0,95.196529
280.0,-1320.0,92.765763
320.0,-1320.0,90.430862
360.0,-1320.0,88.193391
400.0,-1320.0,86.055184
440.0,-1320.0,84.018049
480.0,-1320.0,82.084058
520.0,-1320.0,80.255541
560.0,-1320.0,78.534675
600.0,-1320.0,76.923932
640.0,-1320.0,75.425977
680.0,-1320.0,74.043355
720.0,-1320.0,72.778871
760.0,-1320.0,71.63569
800.0,-1320.0,70.616436
840.0,-1320.0,69.724171
880.0,-1320.0,68.962456
920.0,-1320.0,68.334038
960.0,-1320.0,67.842189
1000.0,-1320.0,67.490727
1040.0,-1320.0,67.282592
1080.0,-1320.0,67.221353
1120.0,-1320.0,67.311388
1160.0,-1320.0,67.555736
1200.0,-1320.0,67.958155
-1240.0,-1280.0,
-1200.0,-1280.0,
-1160.0,-1280.0,
-1120.0,-1280.0,
-1080.0,-1280.0,
-1040.0,-1280.0,
-1000.0,-1280.0,
-960.0,-1280.0,
-920.0,-1280.0,
-880.0,-1280.0,
-840.0,-1280.0,
-800.0,-1280.0,
-760.0,-1280.0,188.365583
-720.0,-1280.0,183.523096
-680.0,-1280.0,178.772745
-640.0,-1280.0,174.114591
-600.0,-1280.0,169.548688
-560.0,-1280.0,165.075012
-520.0,-1280.0,160.693748
-480.0,-1280.0,156.404975
-440.0,-1280.0,152.208771
-400.0,-1280.0,148.105221
-360.0,-1280.0,144.094408
-320.0,-1280.0,140.17642
-280.0,-1280.0,136.351342
-240.0,-1280.0,132.619261
-200.0,-1280.0,128.980262
-160.0,-1280.0,125.434426
-120.0,-1280.0,121.981831
-80.0,-1280.0,118.62255
-40.0,-1280.0,115.356648
0.0,-1280.0,112.184181
40.0,-1280.0,109.105197
80.0,-1280.0,106.119823
120.0,-1280.0,103.228458
160.0,-1280.0,100.431713
200.0,-1280.0,97.730428
240.0,-1280.0,95.125627
280.0,-1280.0,92.618616
320.0,-1280.0,90.210791
360.0,-1280.0,87.903783
400.0,-1280.0,85.699483
440.0,-1280.0,83.599764
480.0,-1280.0,81.606767
520.0,-1280.0,79.722881
560.0,-1280.0,77.950347
600.0,-1280.0,76.291715
640.0,-1280.0,74.749777
680.0,-1280.0,73.326959
720.0,-1280.0,72.026223
760.0,-1280.0,70.850779
800.0,-1280.0,69.803297
840.0,-1280.0,68.886892
880.0,-1280.0,68.105158
920.0,-1280.0,67.460878
960.0,-1280.0,66.957365
1000.0,-1280.0,66.598532
1040.0,-1280.0,66.387193
1080.0,-1280.0,66.327021
1120.0,-1280.0,66.422438
1160.0,-1280.0,66.676473
1200.0,-1280.0,67.092914
1240.0,-1280.0,67.676542
-1280.0,-1240.0,
-1240.0,-1240.0,
-1200.0,-1240.0,
-1160.0,-1240.0,
-1120.0,-1240.0,
-1080.0,-1240.0,
-1040.0,-1240.0,
-1000.0,-1240.0,
-960.0,-1240.0,
-920.0,-1240.0,
-880.0,-1240.0,
-840.0,-1240.0,
-800.0,-1240.0,196.565689
-760.0,-1240.0,191.467029
-720.0,-1240.0,186.463505
-680.0,-1240.0,181.555172
-640.0,-1240.0,176.742095
-600.0,-1240.0,172.024235
-560.0,-1240.0,167.401759
-520.0,-1240.0,162.874766
-480.0,-1240.0,158.44334
-440.0,-1240.0,154.107568
-400.0,-1240.0,149.86754
-360.0,-1240.0,145.72335
-320.0,-1240.0,141.675094
-280.0,-1240.0,137.722871
-240.0,-1240.0,133.866777
-200.0,-1240.0,130.106911
-160.0,-1240.0,126.443368
-120.0,-1240.0,122.876241
-80.0,-1240.0,119.405619
-40.0,-1240.0,116.031583
0.0,-1240.0,112.754207
40.0,-1240.0,109.573554
80.0,-1240.0,106.489777
120.0,-1240.0,103.503305
160.0,-1240.0,100.614786
200.0,-1240.0,97.825103
240.0,-1240.0,95.135333
280.0,-1240.0,92.546839
320.0,-1240.0,90.061074
360.0,-1240.0,87.67974
400.0,-1240.0,85.404791
440.0,-1240.0,83.238168
480.0,-1240.0,81.182089
520.0,-1240.0,79.239006
560.0,-1240.0,77.411229
600.0,-1240.0,75.701384
640.0,-1240.0,74.112346
680.0,-1240.0,72.646616
720.0,-1240.0,71.307114
760.0,-1240.0,70.097167
800.0,-1240.0,69.019497
840.0,-1240.0,68.077272
880.0,-1240.0,67.274125
920.0,-1240.0,66.612873
960.0,-1240.0,66.096874
1000.0,-1240.0,65.730129
1040.0,-1240.0,65.515341
1080.0,-1240.0,65.456277
1120.0,-1240.0,65.557407
1160.0,-1240.0,65.821746
1200.0,-1240.0,66.25311
1240.0,-1240.0,66.856333
1280.0,-1240.0,67.634391
-1320.0,-1200.0,
-1280.0,-1200.0,
-1240.0,-1200.0,
-1200.0,-1200.0,
-1160.0,-1200.0,
-1120.0,-1200.0,
-1080.0,-1200.0,
-1040.0,-1200.0,
-1000.0,-1200.0,
-960.0,-1200.0,
-920.0,-1200.0,
-880.0,-1200.0,210.988821
-840.0,-1200.0,205.518164
-800.0,-1200.0,200.145806
-760.0,-1200.0,194.871792
-720.0,-1200.0,189.696174
-680.0,-1200.0,184.619011
-640.0,-1200.0,179.6403
-600.0,-1200.0,174.760113
-560.0,-1200.0,169.978603
-520.0,-1200.0,165.295851
-480.0,-1200.0,160.711946
-440.0,-1200.0,156.226981
-400.0,-1200.0,151.841056
-360.0,-1200.0,147.554274
-320.0,-1200.0,143.366739
-280.0,-1200.0,139.278562
-240.0,-1200.0,135.289852
-200.0,-1200.0,131.400722
-160.0,-1200.0,127.611281
-120.0,-1200.0,123.921639
-80.0,-1200.0,120.3319
-40.0,-1200.0,116.842163
0.0,-1200.0,113.452523
40.0,-1200.0,110.163061
80.0,-1200.0,106.973957
120.0,-1200.0,103.885671
160.0,-1200.0,100.898895
200.0,-1200.0,98.014557
240.0,-1200.0,95.233793
280.0,-1200.0,92.558026
320.0,-1200.0,89.988775
360.0,-1200.0,87.527817
400.0,-1200.0,85.177174
440.0,-1200.0,82.938863
480.0,-1200.0,80.815183
520.0,-1200.0,78.808658
560.0,-1200.0,76.921671
600.0,-1200.0,75.156929
640.0,-1200.0,73.517371
680.0,-1200.0,72.005627
720.0,-1200.0,70.624583
760.0,-1200.0,69.377637
800.0,-1200.0,68.267587
840.0,-1200.0,67.297664
880.0,-1200.0,66.471538
920.0,-1200.0,65.792065
960.0,-1200.0,65.26265
1000.0,-1200.0,64.88736
1040.0,-1200.0,64.668848
1080.0,-1200.0,64.610923
1120.0,-1200.0,64.718115
1160.0,-1200.0,64.993427
1200.0,-1200.0,65.440703
1240.0,-1200.0,66.064817
1280.0,-1200.0,66.86872
1320.0,-1200.0,67.856924
-1360.0,-1160.0,
-1320.0,-1160.0,
-1280.0,-1160.0,
-1240.0,-1160.0,
-1200.0,-1160.0,
-1160.0,-1160.0,
-1120.0,-1160.0,
-1080.0,-1160.0,
-1040.0,-1160.0,
-1000.0,-1160.0,
-960.0,-1160.0,
-920.0,-1160.0,221.070053
-880.0,-1160.0,215.302842
-840.0,-1160.0,209.637389
-800.0,-1160.0,204.073729
-760.0,-1160.0,198.611906
-720.0,-1160.0,193.25197
-680.0,-1160.0,187.993972
-640.0,-1160.0,182.837849
-600.0,-1160.0,177.783818
-560.0,-1160.0,172.83196
-520.0,-1160.0,167.982361
-480.0,-1160.0,163.235115
-440.0,-1160.0,158.590323
-400.0,-1160.0,154.04809
-360.0,-1160.0,149.608527
-320.0,-1160.0,145.271752
-280.0,-1160.0,141.037885
-240.0,-1160.0,136.907049
-200.0,-1160.0,132.879369
-160.0,-1160.0,128.954973
-120.0,-1160.0,125.133985
-80.0,-1160.0,121.416529
-40.0,-1160.0,117.802724
0.0,-1160.0,114.292682
40.0,-1160.0,110.886509
80.0,-1160.0,107.584412
120.0,-1160.0,104.386887
160.0,-1160.0,101.294672
200.0,-1160.0,98.308746
240.0,-1160.0,95.430311
280.0,-1160.0,92.660852
320.0,-1160.0,90.001962
360.0,-1160.0,87.4555
400.0,-1160.0,85.023561
440.0,-1160.0,82.708247
480.0,-1160.0,80.511945
520.0,-1160.0,78.437254
560.0,-1160.0,76.48664
600.0,-1160.0,74.662896
640.0,-1160.0,72.969031
680.0,-1160.0,71.407748
720.0,-1160.0,69.982092
760.0,-1160.0,68.695348
800.0,-1160.0,67.550463
840.0,-1160.0,66.550729
880.0,-1160.0,65.699862
920.0,-1160.0,65.000756
960.0,-1160.0,64.456866
1000.0,-1160.0,64.072289
1040.0,-1160.0,63.849743
1080.0,-1160.0,63.79297
1120.0,-1160.0,63.906597
1160.0,-1160.0,64.193611
1200.0,-1160.0,64.657883
1240.0,-1160.0,65.304318
1280.0,-1160.0,66.13585
1320.0,-1160.0,67.157033
1360.0,-1160.0,68.373223
-1400.0,-1120.0,
-1360.0,-1120.0,
-1320.0,-1120.0,
-1280.0,-1120.0,
-1240.0,-1120.0,
-1200.0,-1120.0,
-1160.0,-1120.0,
-1120.0,-1120.0,
-1080.0,-1120.0,
-1040.0,-1120.0,
-1000.0,-1120.0,
-960.0,-1120.0,232.096849
-920.0,-1120.0,226.011256
-880.0,-1120.0,220.031154
-840.0,-1120.0,214.156566
-800.0,-1120.0,208.387525
-760.0,-1120.0,202.724072
-720.0,-1120.0,197.166254
-680.0,-1120.0,191.714042
-640.0,-1120.0,186.367525
-600.0,-1120.0,181.126848
-560.0,-1120.0,175.992092
-520.0,-1120.0,170.963348
-480.0,-1120.0,166.040715
-440.0,-1120.0,161.224297
-400.0,-1120.0,156.514208
-360.0,-1120.0,151.910568
-320.0,-1120.0,147.413504
-280.0,-1120.0,143.023147
-240.0,-1120.0,138.739635
-200.0,-1120.0,134.563107
-160.0,-1120.0,130.493704
-120.0,-1120.0,126.531549
-80.0,-1120.0,122.676815
-40.0,-1120.0,118.92964
0.0,-1120.0,115.290159
40.0,-1120.0,111.758501
80.0,-1120.0,108.334908
120.0,-1120.0,105.019909
160.0,-1120.0,101.814297
200.0,-1120.0,98.719095
240.0,-1120.0,95.735562
280.0,-1120.0,92.86527
320.0,-1120.0,90.109894
360.0,-1120.0,87.47138
400.0,-1120.0,84.951906
440.0,-1120.0,82.553664
480.0,-1120.0,80.279137
520.0,-1120.0,78.131008
560.0,-1120.0,76.111832
600.0,-1120.0,74.224496
640.0,-1120.0,72.472085
680.0,-1120.0,70.857383
720.0,-1120.0,69.383557
760.0,-1120.0,68.053914
800.0,-1120.0,66.871427
840.0,-1120.0,65.8395
880.0,-1120.0,64.961895
920.0,-1120.0,64.241555
960.0,-1120.0,63.681982
1000.0,-1120.0,63.28731
1040.0,-1120.0,63.060312
1080.0,-1120.0,63.004691
1120.0,-1120.0,63.125139
1160.0,-1120.0,63.424652
1200.0,-1120.0,63.907114
1240.0,-1120.0,64.577444
1280.0,-1120.0,65.438596
1320.0,-1120.0,66.495135
1360.0,-1120.0,67.752461
1400.0,-1120.0,69.214432
-1440.0,-1080.0,
-1400.0,-1080.0,
-1360.0,-1080.0,
-1320.0,-1080.0,
-1280.0,-1080.0,
-1240.0,-1080.0,
-1200.0,-1080.0,
-1160.0,-1080.0,
-1120.0,-1080.0,
-1080.0,-1080.0,
-1040.0,-1080.0,
-1000.0,-1080.0,244.177135
-960.0,-1080.0,237.748904
-920.0,-1080.0,231.430092
-880.0,-1080.0,225.220827
-840.0,-1080.0,219.121128
-800.0,-1080.0,213.131021
-760.0,-1080.0,207.25054
-720.0,-1080.0,201.479732
-680.0,-1080.0,195.818486
-640.0,-1080.0,190.267036
-600.0,-1080.0,184.825457
-560.0,-1080.0,179.493831
-520.0,-1080.0,174.27225
-480.0,-1080.0,169.160816
-440.0,-1080.0,164.15964
-400.0,-1080.0,159.26884
-360.0,-1080.0,154.488546
-320.0,-1080.0,149.818894
-280.0,-1080.0,145.260026
-240.0,-1080.0,140.812072
-200.0,-1080.0,136.475191
-160.0,-1080.0,132.249567
-120.0,-1080.0,128.135362
-80.0,-1080.0,124.132739
-40.0,-1080.0,120.24186
0.0,-1080.0,116.462883
40.0,-1080.0,112.795965
80.0,-1080.0,109.241378
120.0,-1080.0,105.799697
160.0,-1080.0,102.47177
200.0,-1080.0,99.258691
240.0,-1080.0,96.16181
280.0,-1080.0,93.182759
320.0,-1080.0,90.32325
360.0,-1080.0,87.585368
400.0,-1080.0,84.971383
440.0,-1080.0,82.483584
480.0,-1080.0,80.12456
520.0,-1080.0,77.897086
560.0,-1080.0,75.803813
600.0,-1080.0,73.847733
640.0,-1080.0,72.032014
680.0,-1080.0,70.359528
720.0,-1080.0,68.833534
760.0,-1080.0,67.45748
800.0,-1080.0,66.234266
840.0,-1080.0,65.167446
880.0,-1080.0,64.260838
920.0,-1080.0,63.517434
960.0,-1080.0,62.940795
1000.0,-1080.0,62.53509
1040.0,-1080.0,62.303143
1080.0,-1080.0,62.24864
1120.0,-1080.0,62.376326
1160.0,-1080.0,62.689207
1200.0,-1080.0,63.191181
1240.0,-1080.0,63.887159
1280.0,-1080.0,64.780147
1320.0,-1080.0,65.8747
1360.0,-1080.0,67.176259
1400.0,-1080.0,68.688669
1440.0,-1080.0,70.416178
-1440.0,-1040.0,
-1400.0,-1040.0,
-1360.0,-1040.0,
-1320.0,-1040.0,
-1280.0,-1040.0,
-1240.0,-1040.0,
-1200.0,-1040.0,
-1160.0,-1040.0,
-1120.0,-1040.0,
-1080.0,-1040.0,
-1040.0,-1040.0,257.436093
-1000.0,-1040.0,250.637951
-960.0,-1040.0,243.95355
-920.0,-1040.0,237.382979
-880.0,-1040.0,230.926345
-840.0,-1040.0,224.583657
-800.0,-1040.0,218.354934
-760.0,-1040.0,212.240203
-720.0,-1040.0,206.239442
-680.0,-1040.0,200.352652
-640.0,-1040.0,194.580012
-600.0,-1040.0,188.921592
-560.0,-1040.0,183.377473
-520.0,-1040.0,177.94775
-480.0,-1040.0,172.632523
-440.0,-1040.0,167.431909
-400.0,-1040.0,162.346033
-360.0,-1040.0,157.375029
-320.0,-1040.0,152.519037
-280.0,-1040.0,147.77817
-240.0,-1040.0,143.152645
-200.0,-1040.0,138.642634
-160.0,-1040.0,134.248313
-120.0,-1040.0,129.969865
-80.0,-1040.0,125.807473
-40.0,-1040.0,121.761324
0.0,-1040.0,117.831602
40.0,-1040.0,114.018489
80.0,-1040.0,110.322298
120.0,-1040.0,106.743646
160.0,-1040.0,103.283445
200.0,-1040.0,99.942857
240.0,-1040.0,96.723312
280.0,-1040.0,93.626531
320.0,-1040.0,90.654369
360.0,-1040.0,87.80895
400.0,-1040.0,85.092626
440.0,-1040.0,82.507827
480.0,-1040.0,80.057259
520.0,-1040.0,77.743796
560.0,-1040.0,75.570197
600.0,-1040.0,73.539566
640.0,-1040.0,71.655167
680.0,-1040.0,69.919966
720.0,-1040.0,68.337326
760.0,-1040.0,66.910831
800.0,-1040.0,65.643347
840.0,-1040.0,64.538563
880.0,-1040.0,63.600366
920.0,-1040.0,62.831805
960.0,-1040.0,62.236505
1000.0,-1040.0,61.818676
1040.0,-1040.0,61.581189
1080.0,-1040.0,61.527732
1120.0,-1040.0,61.663096
1160.0,-1040.0,61.990299
1200.0,-1040.0,62.513252
1240.0,-1040.0,63.236836
1280.0,-1040.0,64.164141
1320.0,-1040.0,65.299692
1360.0,-1040.0,66.648962
1400.0,-1040.0,68.215783
1440.0,-1040.0,70.004252
-1480.0,-1000.0,
-1440.0,-1000.0,
-1400.0,-1000.0,
-1360.0,-1000.0,
-1320.0,-1000.0,
-1280.0,-1000.0,
-1240.0,-1000.0,
-1200.0,-1000.0,
-1160.0,-1000.0,
-1120.0,-1000.0,
-1080.0,-1000.0,272.01993
-1040.0,-1000.0,264.820863
-1000.0,-1000.0,257.740557
-960.0,-1000.0,250.77877
-920.0,-1000.0,243.935594
-880.0,-1000.0,237.211122
-840.0,-1000.0,230.60535
-800.0,-1000.0,224.118287
-760.0,-1000.0,217.749953
-720.0,-1000.0,211.500253
-680.0,-1000.0,205.369299
-640.0,-1000.0,199.357209
-600.0,-1000.0,193.464048
-560.0,-1000.0,187.689896
-520.0,-1000.0,182.034844
-480.0,-1000.0,176.498995
-440.0,-1000.0,171.082466
-400.0,-1000.0,165.785386
-360.0,-1000.0,160.607873
-320.0,-1000.0,155.550063
-280.0,-1000.0,150.612171
-240.0,-1000.0,145.79437
-200.0,-1000.0,141.096848
-160.0,-1000.0,136.519798
-120.0,-1000.0,132.063422
-80.0,-1000.0,127.727928
-40.0,-1000.0,123.513525
0.0,-1000.0,119.420425
40.0,-1000.0,115.448841
80.0,-1000.0,111.599126
120.0,-1000.0,107.871947
160.0,-1000.0,104.268283
200.0,-1000.0,100.789368
240.0,-1000.0,97.436726
280.0,-1000.0,94.212169
320.0,-1000.0,91.117658
360.0,-1000.0,88.155457
400.0,-1000.0,85.328031
440.0,-1000.0,82.637843
480.0,-1000.0,80.087778
520.0,-1000.0,77.680824
560.0,-1000.0,75.419859
600.0,-1000.0,73.308108
640.0,-1000.0,71.348942
680.0,-1000.0,69.545432
720.0,-1000.0,67.901057
760.0,-1000.0,66.419492
800.0,-1000.0,65.103744
840.0,-1000.0,63.957484
880.0,-1000.0,62.984733
920.0,-1000.0,62.188607
960.0,-1000.0,61.572801
1000.0,-1000.0,61.141574
1040.0,-1000.0,60.897834
1080.0,-1000.0,60.845305
1120.0,-1000.0,60.988813
1160.0,-1000.0,61.331388
1200.0,-1000.0,61.876955
1240.0,-1000.0,62.630338
1280.0,-1000.0,63.594752
1320.0,-1000.0,64.774665
1360.0,-1000.0,66.175577
1400.0,-1000.0,67.801177
1440.0,-1000.0,69.655736
1480.0,-1000.0,71.745908
-1520.0,-960.0,
-1480.0,-960.0,
-1440.0,-960.0,
-1400.0,-960.0,
-1360.0,-960.0,
-1320.0,-960.0,
-1280.0,-960.0,
-1240.0,-960.0,
-1200.0,-960.0,
-1160.0,-960.0,
-1120.0,-960.0,288.100126
-1080.0,-960.0,280.465154
-1040.0,-960.0,272.954248
-1000.0,-960.0,265.567348
-960.0,-960.0,258.304197
-920.0,-960.0,251.164858
-880.0,-960.0,244.149419
-840.0,-960.0,237.257863
-800.0,-960.0,230.490185
-760.0,-960.0,223.846392
-720.0,-960.0,217.326324
-680.0,-960.0,210.930184
-640.0,-960.0,204.658034
-600.0,-960.0,198.509934
-560.0,-960.0,192.485956
-520.0,-960.0,186.586188
-480.0,-960.0,180.810731
-440.0,-960.0,175.159703
-400.0,-960.0,169.633206
-360.0,-960.0,164.231368
-320.0,-960.0,158.954404
-280.0,-960.0,153.802486
-240.0,-960.0,148.775804
-200.0,-960.0,143.874557
-160.0,-960.0,139.098957
-120.0,-960.0,134.449226
-80.0,-960.0,129.925594
-40.0,-960.0,125.528297
0.0,-960.0,121.257576
40.0,-960.0,117.113676
80.0,-960.0,113.096991
120.0,-960.0,109.208245
160.0,-960.0,105.448489
200.0,-960.0,101.819038
240.0,-960.0,98.321515
280.0,-960.0,94.957835
320.0,-960.0,91.730072
360.0,-960.0,88.640618
400.0,-960.0,85.692069
440.0,-960.0,82.887056
480.0,-960.0,80.228485
520.0,-960.0,77.719533
560.0,-960.0,75.363207
600.0,-960.0,73.16287
640.0,-960.0,71.12201
680.0,-960.0,69.24382
720.0,-960.0,67.531903
760.0,-960.0,65.990039
800.0,-960.0,64.621384
840.0,-960.0,63.429618
880.0,-960.0,62.418899
920.0,-960.0,61.592422
960.0,-960.0,60.953963
1000.0,-960.0,60.507841
1040.0,-960.0,60.256996
1080.0,-960.0,60.205216
1120.0,-960.0,60.357358
1160.0,-960.0,60.716464
1200.0,-960.0,61.286471
1240.0,-960.0,62.072127
1280.0,-960.0,63.076807
1320.0,-960.0,64.304893
1360.0,-960.0,65.761909
1400.0,-960.0,67.451286
1440.0,-960.0,69.377734
1480.0,-960.0,71.547751
1520.0,-960.0,73.956458
-1520.0,-920.0,
-1480.0,-920.0,
-1440.0,-920.0,
-1400.0,-920.0,
-1360.0,-920.0,
-1320.0,-920.0,
-1280.0,-920.0,
-1240.0,-920.0,
-1200.0,-920.0,
-1160.0,-920.0,305.879447
-1120.0,-920.0,297.768645
-1080.0,-920.0,289.78778
-1040.0,-920.0,281.936757
-1000.0,-920.0,274.215495
-960.0,-920.0,266.623726
-920.0,-920.0,259.161455
-880.0,-920.0,251.828777
-840.0,-920.0,244.625655
-800.0,-920.0,237.552068
-760.0,-920.0,230.607983
-720.0,-920.0,223.793244
-680.0,-920.0,217.108063
-640.0,-920.0,210.55247
-600.0,-920.0,204.126516
-560.0,-920.0,197.830265
-520.0,-920.0,191.663796
-480.0,-920.0,185.627207
-440.0,-920.0,179.720595
-400.0,-920.0,173.944039
-360.0,-920.0,168.297762
-320.0,-920.0,162.781931
-280.0,-920.0,157.396726
-240.0,-920.0,152.142346
-200.0,-920.0,147.019004
-160.0,-920.0,142.02693
-120.0,-920.0,137.166364
-80.0,-920.0,132.437561
-40.0,-920.0,127.840782
0.0,-920.0,123.3763
40.0,-920.0,119.044391
80.0,-920.0,114.845499
120.0,-920.0,110.780403
160.0,-920.0,106.850236
200.0,-920.0,103.056399
240.0,-920.0,99.400626
280.0,-920.0,95.884943
320.0,-920.0,92.51155
360.0,-920.0,89.282975
400.0,-920.0,86.201948
440.0,-920.0,83.271252
480.0,-920.0,80.493978
520.0,-920.0,77.873334
560.0,-920.0,75.41253
600.0,-920.0,73.115082
640.0,-920.0,70.984611
680.0,-920.0,69.024442
720.0,-920.0,67.238323
760.0,-920.0,65.630155
800.0,-920.0,64.203249
840.0,-920.0,62.961323
880.0,-920.0,61.908685
920.0,-920.0,61.04862
960.0,-920.0,60.385001
1000.0,-920.0,59.922218
1040.0,-920.0,59.663239
1080.0,-920.0,59.611954
1120.0,-920.0,59.773242
1160.0,-920.0,60.150163
1200.0,-920.0,60.746665
1240.0,-920.0,61.567391
1280.0,-920.0,62.615923
1320.0,-920.0,63.896528
1360.0,-920.0,65.414739
1400.0,-920.0,67.173683
1440.0,-920.0,69.178572
1480.0,-920.0,71.4357
1520.0,-920.0,73.939808
-1560.0,-880.0,
-1520.0,-880.0,
-1480.0,-880.0,
-1440.0,-880.0,
-1400.0,-880.0,
-1360.0,-880.0,
-1320.0,-880.0,
-1280.0,-880.0,
-1240.0,-880.0,
-1200.0,-880.0,325.598896
-1160.0,-880.0,316.966906
-1120.0,-880.0,308.470996
-1080.0,-880.0,300.111296
-1040.0,-880.0,291.88781
-1000.0,-880.0,283.800426
-960.0,-880.0,275.848882
-920.0,-880.0,268.033081
-880.0,-880.0,260.353139
-840.0,-880.0,252.808997
-800.0,-880.0,245.400608
-760.0,-880.0,238.127888
-720.0,-880.0,230.990717
-680.0,-880.0,223.989264
-640.0,-880.0,217.123546
-600.0,-880.0,210.393595
-560.0,-880.0,203.799464
-520.0,-880.0,197.341221
-480.0,-880.0,191.018956
-440.0,-880.0,184.83269
-400.0,-880.0,178.78263
-360.0,-880.0,172.868937
-320.0,-880.0,167.091778
-280.0,-880.0,161.451337
-240.0,-880.0,155.947824
-200.0,-880.0,150.581461
-160.0,-880.0,145.352495
-120.0,-880.0,140.261184
-80.0,-880.0,135.307807
-40.0,-880.0,130.492652
0.0,-880.0,125.816021
40.0,-880.0,121.278229
80.0,-880.0,116.879765
120.0,-880.0,112.621477
160.0,-880.0,108.504577
200.0,-880.0,104.530568
240.0,-880.0,100.7013
280.0,-880.0,97.018921
320.0,-880.0,93.48577
360.0,-880.0,90.104524
400.0,-880.0,86.878058
440.0,-880.0,83.809313
480.0,-880.0,80.901573
520.0,-880.0,78.158172
560.0,-880.0,75.58244
600.0,-880.0,73.178097
640.0,-880.0,70.948913
680.0,-880.0,68.898369
720.0,-880.0,67.030372
760.0,-880.0,65.348963
800.0,-880.0,63.857622
840.0,-880.0,62.56014
880.0,-880.0,61.460984
920.0,-880.0,60.56355
960.0,-880.0,59.871825
1000.0,-880.0,59.390288
1040.0,-880.0,59.121929
1080.0,-880.0,59.070787
1120.0,-880.0,59.241757
1160.0,-880.0,59.637919
1200.0,-880.0,60.26314
1240.0,-880.0,61.122218
1280.0,-880.0,62.218701
1320.0,-880.0,63.556802
1360.0,-880.0,65.141847
1400.0,-880.0,66.977217
1440.0,-880.0,69.068082
1480.0,-880.0,71.420679
1520.0,-880.0,74.029138
1560.0,-880.0,76.803227
-1560.0,-840.0,
-1520.0,-840.0,
-1480.0,-840.0,
-1440.0,-840.0,
-1400.0,-840.0,
-1360.0,-840.0,
-1320.0,-840.0,
-1280.0,-840.0,
-1240.0,-840.0,
-1200.0,-840.0,338.342725
-1160.0,-840.0,329.279738
-1120.0,-840.0,320.360113
-1080.0,-840.0,311.583633
-1040.0,-840.0,302.950431
-1000.0,-840.0,294.460365
-960.0,-840.0,286.11318
-920.0,-840.0,277.908644
-880.0,-840.0,269.846903
-840.0,-840.0,261.927866
-800.0,-840.0,254.151461
-760.0,-840.0,246.517551
-720.0,-840.0,239.026027
-680.0,-840.0,231.677023
-640.0,-840.0,224.470532
-600.0,-840.0,217.406568
-560.0,-840.0,210.485164
-520.0,-840.0,203.706373
-480.0,-840.0,197.07022
-440.0,-840.0,190.576799
-400.0,-840.0,184.226288
-360.0,-840.0,178.01883
-320.0,-840.0,171.95459
-280.0,-840.0,166.033756
-240.0,-840.0,160.256539
-200.0,-840.0,154.623174
-160.0,-840.0,149.133919
-120.0,-840.0,143.789051
-80.0,-840.0,138.588869
-40.0,-840.0,133.533689
0.0,-840.0,128.623845
40.0,-840.0,123.859688
80.0,-840.0,119.241758
120.0,-840.0,114.770972
160.0,-840.0,110.448634
200.0,-840.0,106.276353
240.0,-840.0,102.256106
280.0,-840.0,98.390178
320.0,-840.0,94.681056
360.0,-840.0,91.131582
400.0,-840.0,87.744791
440.0,-840.0,84.523793
480.0,-840.0,81.472057
520.0,-840.0,78.593145
560.0,-840.0,75.890437
600.0,-840.0,73.367908
640.0,-840.0,71.029498
680.0,-840.0,68.878861
720.0,-840.0,66.92009
760.0,-840.0,65.157387
800.0,-840.0,63.594409
840.0,-840.0,62.235081
880.0,-840.0,61.084028
920.0,-840.0,60.144784
960.0,-840.0,59.421474
1000.0,-840.0,58.918688
1040.0,-840.0,58.639436
1080.0,-840.0,58.587961
1120.0,-840.0,58.769167
1160.0,-840.0,59.186164
1200.0,-840.0,59.842665
1240.0,-840.0,60.743813
1280.0,-840.0,61.892961
1320.0,-840.0,63.294297
1360.0,-840.0,64.952804
1400.0,-840.0,66.872416
1440.0,-840.0,69.057974
1480.0,-840.0,71.5154
1520.0,-840.0,74.239066
1560.0,-840.0,77.137749
-1600.0,-800.0,
-1560.0,-800.0,
-1520.0,-800.0,
-1480.0,-800.0,
-1440.0,-800.0,
-1400.0,-800.0,
-1360.0,-800.0,
-1320.0,-800.0,
-1280.0,-800.0,
-1240.0,-800.0,362.240208
-1200.0,-800.0,352.548729
-1160.0,-800.0,343.009042
-1120.0,-800.0,333.620869
-1080.0,-800.0,324.383569
-1040.0,-800.0,315.297435
-1000.0,-800.0,306.36228
-960.0,-800.0,297.577876
-920.0,-800.0,288.9438
-880.0,-800.0,280.460242
-840.0,-800.0,272.127076
-800.0,-800.0,263.944191
-760.0,-800.0,255.911405
-720.0,-800.0,248.02859
-680.0,-800.0,240.295847
-640.0,-800.0,232.71314
-600.0,-800.0,225.280456
-560.0,-800.0,217.997802
-520.0,-800.0,210.865209
-480.0,-800.0,203.882625
-440.0,-800.0,197.050237
-400.0,-800.0,190.368156
-360.0,-800.0,183.836516
-320.0,-800.0,177.455472
-280.0,-800.0,171.22521
-240.0,-800.0,165.145943
-200.0,-800.0,159.217911
-160.0,-800.0,153.44138
-120.0,-800.0,147.816644
-80.0,-800.0,142.344022
-40.0,-800.0,137.023855
0.0,-800.0,131.856508
40.0,-800.0,126.842368
80.0,-800.0,121.98203
120.0,-800.0,117.276486
160.0,-800.0,112.727134
200.0,-800.0,108.335703
240.0,-800.0,104.104307
280.0,-800.0,100.035379
320.0,-800.0,96.131568
360.0,-800.0,92.395897
400.0,-800.0,88.831575
440.0,-800.0,85.441901
480.0,-800.0,82.230542
520.0,-800.0,79.201257
560.0,-800.0,76.357658
600.0,-800.0,73.703837
640.0,-800.0,71.243981
680.0,-800.0,68.981942
720.0,-800.0,66.922024
760.0,-800.0,65.068621
800.0,-800.0,63.425581
840.0,-800.0,61.997023
880.0,-800.0,60.78774
920.0,-800.0,59.801442
960.0,-800.0,59.042416
1000.0,-800.0,58.515391
1040.0,-800.0,58.223401
1080.0,-800.0,58.170957
1120.0,-800.0,58.362968
1160.0,-800.0,58.802588
1200.0,-800.0,59.493342
1240.0,-800.0,60.440794
1280.0,-800.0,61.648057
1320.0,-800.0,63.119133
1360.0,-800.0,64.85905
1400.0,-800.0,66.871914
1440.0,-800.0,69.16232
1480.0,-800.0,71.73559
1520.0,-800.0,74.587002
1560.0,-800.0,77.623725
1600.0,-800.0,80.821945
-1600.0,-760.0,
-1560.0,-760.0,
-1520.0,-760.0,
-1480.0,-760.0,
-1440.0,-760.0,
-1400.0,-760.0,
-1360.0,-760.0,
-1320.0,-760.0,
-1280.0,-760.0,389.079945
-1240.0,-760.0,378.688802
-1200.0,-760.0,368.458064
-1160.0,-760.0,358.388152
-1120.0,-760.0,348.478781
-1080.0,-760.0,338.72929
-1040.0,-760.0,329.139669
-1000.0,-760.0,319.70984
-960.0,-760.0,310.439579
-920.0,-760.0,301.328317
-880.0,-760.0,292.376201
-840.0,-760.0,283.583092
-800.0,-760.0,274.948834
-760.0,-760.0,266.473197
-720.0,-760.0,258.156004
-680.0,-760.0,249.997325
-640.0,-760.0,241.997087
-600.0,-760.0,234.15524
-560.0,-760.0,226.471758
-520.0,-760.0,218.9466
-480.0,-760.0,211.579752
-440.0,-760.0,204.371359
-400.0,-760.0,197.321503
-360.0,-760.0,190.430297
-320.0,-760.0,183.697885
-280.0,-760.0,177.124443
-240.0,-760.0,170.710177
-200.0,-760.0,164.455327
-160.0,-760.0,158.360167
-120.0,-760.0,152.424999
-80.0,-760.0,146.650161
-40.0,-760.0,141.036016
0.0,-760.0,135.582958
40.0,-760.0,130.291411
80.0,-760.0,125.162026
120.0,-760.0,120.195873
160.0,-760.0,115.394454
200.0,-760.0,110.759623
240.0,-760.0,106.293647
280.0,-760.0,101.999117
320.0,-760.0,97.878861
360.0,-760.0,93.936098
400.0,-760.0,90.174229
440.0,-760.0,86.596758
480.0,-760.0,83.207575
520.0,-760.0,80.010649
560.0,-760.0,77.009859
600.0,-760.0,74.209435
640.0,-760.0,71.613837
680.0,-760.0,69.227147
720.0,-760.0,67.053912
760.0,-760.0,65.098753
800.0,-760.0,63.365742
840.0,-760.0,61.859221
880.0,-760.0,60.584212
920.0,-760.0,59.544622
960.0,-760.0,58.744944
1000.0,-760.0,58.18999
1040.0,-760.0,57.883088
1080.0,-760.0,57.828833
1120.0,-760.0,58.032227
1160.0,-760.0,58.496349
1200.0,-760.0,59.224909
1240.0,-760.0,60.223572
1280.0,-760.0,61.495302
1320.0,-760.0,63.043643
1360.0,-760.0,64.874347
1400.0,-760.0,66.99103
1440.0,-760.0,69.397663
1480.0,-760.0,72.10045
1520.0,-760.0,75.094112
1560.0,-760.0,78.283898
1600.0,-760.0,81.646997
-1640.0,-720.0,
-1600.0,-720.0,
-1560.0,-720.0,
-1520.0,-720.0,
-1480.0,-720.0,
-1440.0,-720.0,
-1400.0,-720.0,
-1360.0,-720.0,
-1320.0,-720.0,
-1280.0,-720.0,408.207826
-1240.0,-720.0,397.202648
-1200.0,-720.0,386.368547
-1160.0,-720.0,375.705134
-1120.0,-720.0,365.212449
-1080.0,-720.0,354.889991
-1040.0,-720.0,344.737195
-1000.0,-720.0,334.754174
-960.0,-720.0,324.940637
-920.0,-720.0,315.296048
-880.0,-720.0,305.820282
-840.0,-720.0,296.513253
-800.0,-720.0,287.374748
-760.0,-720.0,278.404491
-720.0,-720.0,269.602216
-680.0,-720.0,260.967965
-640.0,-720.0,252.501615
-600.0,-720.0,244.203067
-560.0,-720.0,236.072251
-520.0,-720.0,228.109041
-480.0,-720.0,220.313464
-440.0,-720.0,212.685592
-400.0,-720.0,205.225478
-360.0,-720.0,197.933205
-320.0,-720.0,190.808894
-280.0,-720.0,183.852702
-240.0,-720.0,177.064824
-200.0,-720.0,170.445491
-160.0,-720.0,163.994975
-120.0,-720.0,157.713584
-80.0,-720.0,151.601666
-40.0,-720.0,145.659605
0.0,-720.0,139.88782
40.0,-720.0,134.286771
80.0,-720.0,128.857162
120.0,-720.0,123.600149
160.0,-720.0,118.517341
200.0,-720.0,113.610732
240.0,-720.0,108.882749
280.0,-720.0,104.336158
320.0,-720.0,99.97398
360.0,-720.0,95.799647
400.0,-720.0,91.816771
440.0,-720.0,88.029084
480.0,-720.0,84.440718
520.0,-720.0,81.055878
560.0,-720.0,77.878715
600.0,-720.0,74.913685
640.0,-720.0,72.165503
680.0,-720.0,69.638533
720.0,-720.0,67.337602
760.0,-720.0,65.267602
800.0,-720.0,63.432869
840.0,-720.0,61.838004
880.0,-720.0,60.488328
920.0,-720.0,59.387986
960.0,-720.0,58.541719
1000.0,-720.0,57.954432
1040.0,-720.0,57.629868
1080.0,-720.0,57.572695
1120.0,-720.0,57.788047
1160.0,-720.0,58.278816
1200.0,-720.0,59.049275
1240.0,-720.0,60.104876
1280.0,-720.0,61.448306
1320.0,-720.0,63.083222
1360.0,-720.0,65.015549
1400.0,-720.0,67.248325
1440.0,-720.0,69.785308
1480.0,-720.0,72.633322
1520.0,-720.0,75.785919
1560.0,-720.0,79.14764
1600.0,-720.0,82.695808
1640.0,-720.0,86.429827
-1640.0,-680.0,
-1600.0,-680.0,
-1560.0,-680.0,
-1520.0,-680.0,
-1480.0,-680.0,
-1440.0,-680.0,
-1400.0,-680.0,
-1360.0,-680.0,
-1320.0,-680.0,441.746178
-1280.0,-680.0,429.864885
-1240.0,-680.0,418.16702
-1200.0,-680.0,406.652448
-1160.0,-680.0,395.32002
-1120.0,-680.0,384.169902
-1080.0,-680.0,373.201755
-1040.0,-680.0,362.414688
-1000.0,-680.0,351.808693
-960.0,-680.0,341.383511
-920.0,-680.0,331.138648
-880.0,-680.0,321.073628
-840.0,-680.0,311.188437
-800.0,-680.0,301.482784
-760.0,-680.0,291.956351
-720.0,-680.0,282.608729
-680.0,-680.0,273.439935
-640.0,-680.0,264.44978
-600.0,-680.0,255.638105
-560.0,-680.0,247.004778
-520.0,-680.0,238.549578
-480.0,-680.0,230.272549
-440.0,-680.0,222.173684
-400.0,-680.0,214.252988
-360.0,-680.0,206.510506
-320.0,-680.0,198.946323
-280.0,-680.0,191.560565
-240.0,-680.0,184.353401
-200.0,-680.0,177.325047
-160.0,-680.0,170.475762
-120.0,-680.0,163.805832
-80.0,-680.0,157.315629
-40.0,-680.0,151.005554
0.0,-680.0,144.876048
40.0,-680.0,138.927602
80.0,-680.0,133.160975
120.0,-680.0,127.577407
160.0,-680.0,122.178626
200.0,-680.0,116.966743
240.0,-680.0,111.944378
280.0,-680.0,107.114488
320.0,-680.0,102.480302
360.0,-680.0,98.045487
400.0,-680.0,93.813883
440.0,-680.0,89.789471
480.0,-680.0,85.976655
520.0,-680.0,82.379898
560.0,-680.0,79.003635
600.0,-680.0,75.85265
640.0,-680.0,72.931887
680.0,-680.0,70.246054
720.0,-680.0,67.800309
760.0,-680.0,65.59986
800.0,-680.0,63.649336
840.0,-680.0,61.953723
880.0,-680.0,60.518647
920.0,-680.0,59.348558
960.0,-680.0,58.448509
1000.0,-680.0,57.823526
1040.0,-680.0,57.47788
1080.0,-680.0,57.416335
1120.0,-680.0,57.644121
1160.0,-680.0,58.164163
1200.0,-680.0,58.981189
1240.0,-680.0,60.100465
1280.0,-680.0,61.524117
1320.0,-680.0,63.256693
1360.0,-680.0,65.303535
1400.0,-680.0,67.666726
1440.0,-680.0,70.351291
1480.0,-680.0,73.362958
1520.0,-680.0,76.694578
1560.0,-680.0,80.2509
1600.0,-680.0,84.007098
1640.0,-680.0,87.963733
-1680.0,-640.0,
-1640.0,-640.0,
-1600.0,-640.0,
-1560.0,-640.0,
-1520.0,-640.0,
-1480.0,-640.0,
-1440.0,-640.0,
-1400.0,-640.0,
-1360.0,-640.0,
-1320.0,-640.0,467.238283
-1280.0,-640.0,454.555901
-1240.0,-640.0,442.07024
-1200.0,-640.0,429.781527
-1160.0,-640.0,417.689085
-1120.0,-640.0,405.791941
-1080.0,-640.0,394.090176
-1040.0,-640.0,382.583081
-1000.0,-640.0,371.269912
-960.0,-640.0,360.150633
-920.0,-640.0,349.224783
-880.0,-640.0,338.491502
-840.0,-640.0,327.950801
-800.0,-640.0,317.602312
-760.0,-640.0,307.445665
-720.0,-640.0,297.480254
-680.0,-640.0,287.706069
-640.0,-640.0,278.122834
-600.0,-640.0,268.730307
-560.0,-640.0,259.528277
-520.0,-640.0,250.516416
-480.0,-640.0,241.694749
-440.0,-640.0,233.06318
-400.0,-640.0,224.621651
-360.0,-640.0,216.370148
-320.0,-640.0,208.308704
-280.0,-640.0,200.437398
-240.0,-640.0,192.756361
-200.0,-640.0,185.265758
-160.0,-640.0,177.965822
-120.0,-640.0,170.856867
-80.0,-640.0,163.939237
-40.0,-640.0,157.213332
0.0,-640.0,150.679603
40.0,-640.0,144.338567
80.0,-640.0,138.191032
120.0,-640.0,132.238327
160.0,-640.0,126.482301
200.0,-640.0,120.925246
240.0,-640.0,115.569941
280.0,-640.0,110.419519
320.0,-640.0,105.477465
360.0,-640.0,100.747693
400.0,-640.0,96.2343
440.0,-640.0,91.941534
480.0,-640.0,87.8741
520.0,-640.0,84.036757
560.0,-640.0,80.434251
600.0,-640.0,77.071733
640.0,-640.0,73.954437
680.0,-640.0,71.087459
720.0,-640.0,68.476344
760.0,-640.0,66.126679
800.0,-640.0,64.043427
840.0,-640.0,62.232073
880.0,-640.0,60.698599
920.0,-640.0,59.447838
960.0,-640.0,58.485149
1000.0,-640.0,57.815949
1040.0,-640.0,57.444956
1080.0,-640.0,57.377133
1120.0,-640.0,57.617596
1160.0,-640.0,58.170097
1200.0,-640.0,59.039171
1240.0,-640.0,60.229677
1280.0,-640.0,61.744425
1320.0,-640.0,63.587678
1360.0,-640.0,65.763791
1400.0,-640.0,68.275875
1440.0,-640.0,71.128201
1480.0,-640.0,74.325083
1520.0,-640.0,77.861104
1560.0,-640.0,81.637871
1600.0,-640.0,85.631142
1640.0,-640.0,89.840998
1680.0,-640.0,94.265636
-1680.0,-600.0,
-1640.0,-600.0,
-1600.0,-600.0,
-1560.0,-600.0,
-1520.0,-600.0,
-1480.0,-600.0,
-1440.0,-600.0,
-1400.0,-600.0,
-1360.0,-600.0,510.352288
-1320.0,-600.0,496.534766
-1280.0,-600.0,482.931284
-1240.0,-600.0,469.541649
-1200.0,-600.0,456.364278
-1160.0,-600.0,443.399388
-1120.0,-600.0,430.6458
-1080.0,-600.0,418.10292
-1040.0,-600.0,405.770461
-1000.0,-600.0,393.647306
-960.0,-600.0,381.733146
-920.0,-600.0,370.027562
-880.0,-600.0,358.529728
-840.0,-600.0,347.239156
-800.0,-600.0,336.155548
-760.0,-600.0,325.27842
-720.0,-600.0,314.607067
-680.0,-600.0,304.14127
-640.0,-600.0,293.880699
-600.0,-600.0,283.825001
-560.0,-600.0,273.973845
-520.0,-600.0,264.326816
-480.0,-600.0,254.883842
-440.0,-600.0,245.644732
-400.0,-600.0,236.60934
-360.0,-600.0,227.777571
-320.0,-600.0,219.149381
-280.0,-600.0,210.724781
-240.0,-600.0,202.503818
-200.0,-600.0,194.486622
-160.0,-600.0,186.673411
-120.0,-600.0,179.064442
-80.0,-600.0,171.660034
-40.0,-600.0,164.460574
0.0,-600.0,157.466514
40.0,-600.0,150.678384
80.0,-600.0,144.097034
120.0,-600.0,137.723881
160.0,-600.0,131.560897
200.0,-600.0,125.610537
240.0,-600.0,119.875792
280.0,-600.0,114.360021
320.0,-600.0,109.066888
360.0,-600.0,104.00062
400.0,-600.0,99.165583
440.0,-600.0,94.56633
480.0,-600.0,90.207891
520.0,-600.0,86.095357
560.0,-600.0,82.233833
600.0,-600.0,78.62887
640.0,-600.0,75.286069
680.0,-600.0,72.210965
720.0,-600.0,69.40956
760.0,-600.0,66.887892
800.0,-600.0,64.65132
840.0,-600.0,62.705954
880.0,-600.0,61.058202
920.0,-600.0,59.713377
960.0,-600.0,58.677103
1000.0,-600.0,57.955641
1040.0,-600.0,57.553936
1080.0,-600.0,57.477187
1120.0,-600.0,57.730833
1160.0,-600.0,58.319231
1200.0,-600.0,59.246666
1240.0,-600.0,60.517953
1280.0,-600.0,62.136579
1320.0,-600.0,64.105734
1360.0,-600.0,66.43017
1400.0,-600.0,69.11296
1440.0,-600.0,72.156396
1480.0,-600.0,75.566843
1520.0,-600.0,79.336313
1560.0,-600.0,83.366106
1600.0,-600.0,87.631344
1640.0,-600.0,92.130515
1680.0,-600.0,96.863152
-1680.0,-560.0,
-1640.0,-560.0,
-1600.0,-560.0,
-1560.0,-560.0,
-1520.0,-560.0,
-1480.0,-560.0,
-1440.0,-560.0,
-1400.0,-560.0,
-1360.0,-560.0,545.426859
-1320.0,-560.0,530.519974
-1280.0,-560.0,515.846871
-1240.0,-560.0,501.40658
-1200.0,-560.0,487.198513
-1160.0,-560.0,473.221196
-1120.0,-560.0,459.474535
-1080.0,-560.0,445.956931
-1040.0,-560.0,432.668077
-1000.0,-560.0,419.607225
-960.0,-560.0,406.773056
-920.0,-560.0,394.1654
-880.0,-560.0,381.783468
-840.0,-560.0,369.626135
-800.0,-560.0,357.693181
-760.0,-560.0,345.983953
-720.0,-560.0,334.497662
-680.0,-560.0,323.233758
-640.0,-560.0,312.191856
-600.0,-560.0,301.371453
-560.0,-560.0,290.772072
-520.0,-560.0,280.393153
-480.0,-560.0,270.234499
-440.0,-560.0,260.295792
-400.0,-560.0,250.576764
-360.0,-560.0,241.077204
-320.0,-560.0,231.796961
-280.0,-560.0,222.735931
-240.0,-560.0,213.894066
-200.0,-560.0,205.271461
-160.0,-560.0,196.868235
-120.0,-560.0,188.684583
-80.0,-560.0,180.720778
-40.0,-560.0,172.977171
0.0,-560.0,165.454195
40.0,-560.0,158.152375
80.0,-560.0,151.072594
120.0,-560.0,144.216346
160.0,-560.0,137.585729
200.0,-560.0,131.183367
240.0,-560.0,125.012457
280.0,-560.0,119.076597
320.0,-560.0,113.379717
360.0,-560.0,107.92628
400.0,-560.0,102.720986
440.0,-560.0,97.768712
480.0,-560.0,93.074856
520.0,-560.0,88.64488
560.0,-560.0,84.484296
600.0,-560.0,80.599103
640.0,-560.0,76.995357
680.0,-560.0,73.679095
720.0,-560.0,70.656857
760.0,-560.0,67.935229
800.0,-560.0,65.520027
840.0,-560.0,63.418154
880.0,-560.0,61.636529
920.0,-560.0,60.181036
960.0,-560.0,59.057706
1000.0,-560.0,58.273795
1040.0,-560.0,57.834574
1080.0,-560.0,57.745278
1120.0,-560.0,58.01264
1160.0,-560.0,58.640933
1200.0,-560.0,59.633966
1240.0,-560.0,60.998048
1280.0,-560.0,62.73562
1320.0,-560.0,64.849766
1360.0,-560.0,67.34591
1400.0,-560.0,70.224826
1440.0,-560.0,73.490644
1480.0,-560.0,77.147263
1520.0,-560.0,81.187067
1560.0,-560.0,85.509668
1600.0,-560.0,90.088873
1640.0,-560.0,94.923486
1680.0,-560.0,100.010667
-1720.0,-520.0,
-1680.0,-520.0,
-1640.0,-520.0,
-1600.0,-520.0,
-1560.0,-520.0,
-1520.0,-520.0,
-1480.0,-520.0,
-1440.0,-520.0,
-1400.0,-520.0,603.022381
-1360.0,-520.0,586.572941
-1320.0,-520.0,570.382499
-1280.0,-520.0,554.449746
-1240.0,-520.0,538.773524
-1200.0,-520.0,523.352575
-1160.0,-520.0,508.185976
-1120.0,-520.0,493.27219
-1080.0,-520.0,478.610794
-1040.0,-520.0,464.19977
-1000.0,-520.0,450.03894
-960.0,-520.0,436.126925
-920.0,-520.0,422.462635
-880.0,-520.0,409.045474
-840.0,-520.0,395.874201
-800.0,-520.0,382.947971
-760.0,-520.0,370.266139
-720.0,-520.0,357.827797
-680.0,-520.0,345.631952
-640.0,-520.0,333.678135
-600.0,-520.0,321.96564
-560.0,-520.0,310.493804
-520.0,-520.0,299.261841
-480.0,-520.0,288.269394
-440.0,-520.0,277.515967
-400.0,-520.0,267.001121
-360.0,-520.0,256.724483
-320.0,-520.0,246.685748
-280.0,-520.0,236.884626
-240.0,-520.0,227.321013
-200.0,-520.0,217.994842
-160.0,-520.0,208.906122
-120.0,-520.0,200.05495
-80.0,-520.0,191.441516
-40.0,-520.0,183.066105
0.0,-520.0,174.929096
40.0,-520.0,167.030987
80.0,-520.0,159.372666
120.0,-520.0,151.955699
160.0,-520.0,144.7823
200.0,-520.0,137.855261
240.0,-520.0,131.177993
280.0,-520.0,124.754329
320.0,-520.0,118.588497
360.0,-520.0,112.685221
400.0,-520.0,107.049529
440.0,-520.0,101.68667
480.0,-520.0,96.602445
520.0,-520.0,91.802738
560.0,-520.0,87.293525
600.0,-520.0,83.081305
640.0,-520.0,79.172698
680.0,-520.0,75.57432
720.0,-520.0,72.293349
760.0,-520.0,69.336986
800.0,-520.0,66.711717
840.0,-520.0,64.42531
880.0,-520.0,62.485344
920.0,-520.0,60.898153
960.0,-520.0,59.671067
1000.0,-520.0,58.811818
1040.0,-520.0,58.325989
1080.0,-520.0,58.220038
1120.0,-520.0,58.501201
1160.0,-520.0,59.173348
1200.0,-520.0,60.241982
1240.0,-520.0,61.712787
1280.0,-520.0,63.587803
1320.0,-520.0,65.871384
1360.0,-520.0,68.566485
1400.0,-520.0,71.675709
1440.0,-520.0,75.200449
1480.0,-520.0,79.145321
1520.0,-520.0,83.500847
1560.0,-520.0,88.165596
1600.0,-520.0,93.111886
1640.0,-520.0,98.33787
1680.0,-520.0,103.838988
1720.0,-520.0,109.612716
-1720.0,-480.0,
-1680.0,-480.0,
-1640.0,-480.0,
-1600.0,-480.0,
-1560.0,-480.0,
-1520.0,-480.0,
-1480.0,-480.0,
-1440.0,-480.0,
-1400.0,-480.0,653.503971
-1360.0,-480.0,635.487548
-1320.0,-480.0,617.759652
-1280.0,-480.0,600.319692
-1240.0,-480.0,583.165404
-1200.0,-480.0,566.29565
-1160.0,-480.0,549.708592
-1120.0,-480.0,533.403036
-1080.0,-480.0,517.377147
-1040.0,-480.0,501.630026
-1000.0,-480.0,486.159559
-960.0,-480.0,470.965147
-920.0,-480.0,456.044889
-880.0,-480.0,441.397785
-840.0,-480.0,427.022762
-800.0,-480.0,412.918055
-760.0,-480.0,399.083001
-720.0,-480.0,385.516467
-680.0,-480.0,372.217066
-640.0,-480.0,359.183992
-600.0,-480.0,346.416324
-560.0,-480.0,333.913129
-520.0,-480.0,321.673347
-480.0,-480.0,309.696342
-440.0,-480.0,297.981387
-400.0,-480.0,286.527803
-360.0,-480.0,275.334984
-320.0,-480.0,264.402381
-280.0,-480.0,253.72952
-240.0,-480.0,243.316106
-200.0,-480.0,233.161876
-160.0,-480.0,223.266669
-120.0,-480.0,213.630427
-80.0,-480.0,204.253204
-40.0,-480.0,195.135166
0.0,-480.0,186.276598
40.0,-480.0,177.677923
80.0,-480.0,169.340004
120.0,-480.0,161.26445
160.0,-480.0,153.45358
200.0,-480.0,145.910342
240.0,-480.0,138.63836
280.0,-480.0,131.641702
320.0,-480.0,124.924876
360.0,-480.0,118.492958
400.0,-480.0,112.351255
440.0,-480.0,106.50544
480.0,-480.0,100.961765
520.0,-480.0,95.726588
560.0,-480.0,90.80642
600.0,-480.0,86.208327
640.0,-480.0,81.939616
680.0,-480.0,78.007578
720.0,-480.0,74.420149
760.0,-480.0,71.185168
800.0,-480.0,68.310237
840.0,-480.0,65.803891
880.0,-480.0,63.674531
920.0,-480.0,61.929306
960.0,-480.0,60.576927
1000.0,-480.0,59.625643
1040.0,-480.0,59.081844
1080.0,-480.0,58.953493
1120.0,-480.0,59.247589
1160.0,-480.0,59.969556
1200.0,-480.0,61.125132
1240.0,-480.0,62.719497
1280.0,-480.0,64.756533
1320.0,-480.0,67.237962
1360.0,-480.0,70.169067
1400.0,-480.0,73.549113
1440.0,-480.0,77.380945
1480.0,-480.0,81.665902
1520.0,-480.0,86.395601
1560.0,-480.0,91.464077
1600.0,-480.0,96.844838
1640.0,-480.0,102.532148
1680.0,-480.0,108.522109
1720.0,-480.0,114.808953
-1720.0,-440.0,
-1680.0,-440.0,
-1640.0,-440.0,
-1600.0,-440.0,
-1560.0,-440.0,
-1520.0,-440.0,
-1480.0,-440.0,
-1440.0,-440.0,
-1400.0,-440.0,714.517042
-1360.0,-440.0,694.583449
-1320.0,-440.0,674.977861
-1280.0,-440.0,655.697645
-1240.0,-440.0,636.741559
-1200.0,-440.0,618.106311
-1160.0,-440.0,599.790903
-1120.0,-440.0,581.792517
-1080.0,-440.0,564.109737
-1040.0,-440.0,546.740112
-1000.0,-440.0,529.682264
-960.0,-440.0,512.933724
-920.0,-440.0,496.493398
-880.0,-440.0,480.358756
-840.0,-440.0,464.528699
-800.0,-440.0,449.001392
-760.0,-440.0,433.77501
-720.0,-440.0,418.848353
-680.0,-440.0,404.21976
-640.0,-440.0,389.887662
-600.0,-440.0,375.850917
-560.0,-440.0,362.108194
-520.0,-440.0,348.658079
-480.0,-440.0,335.499484
-440.0,-440.0,322.631366
-400.0,-440.0,310.052697
-360.0,-440.0,297.762533
-320.0,-440.0,285.759973
-280.0,-440.0,274.044282
-240.0,-440.0,262.614849
-200.0,-440.0,251.471134
-160.0,-440.0,240.612714
-120.0,-440.0,230.039292
-80.0,-440.0,219.750703
-40.0,-440.0,209.746918
0.0,-440.0,200.028051
40.0,-440.0,190.594387
80.0,-440.0,181.446705
120.0,-440.0,172.586614
160.0,-440.0,164.016505
200.0,-440.0,155.739459
240.0,-440.0,147.759294
280.0,-440.0,140.080306
320.0,-440.0,132.707276
360.0,-440.0,125.645637
400.0,-440.0,118.901003
440.0,-440.0,112.4795
480.0,-440.0,106.387881
520.0,-440.0,100.633042
560.0,-440.0,95.222109
600.0,-440.0,90.162787
640.0,-440.0,85.463233
680.0,-440.0,81.13152
720.0,-440.0,77.176495
760.0,-440.0,73.606742
800.0,-440.0,70.431266
840.0,-440.0,67.659516
880.0,-440.0,65.30061
920.0,-440.0,63.363618
960.0,-440.0,61.858073
1000.0,-440.0,60.792766
1040.0,-440.0,60.176526
1080.0,-440.0,60.017259
1120.0,-440.0,60.323649
1160.0,-440.0,61.102057
1200.0,-440.0,62.358024
1240.0,-440.0,64.09894
1280.0,-440.0,66.326497
1320.0,-440.0,69.045094
1360.0,-440.0,72.256518
1400.0,-440.0,75.961974
1440.0,-440.0,80.160417
1480.0,-440.0,84.854166
1520.0,-440.0,90.03101
1560.0,-440.0,95.584396
1600.0,-440.0,101.484928
1640.0,-440.0,107.724426
1680.0,-440.0,114.297814
1720.0,-440.0,121.197156
-1720.0,-400.0,
-1680.0,-400.0,
-1640.0,-400.0,
-1600.0,-400.0,
-1560.0,-400.0,
-1520.0,-400.0,
-1480.0,-400.0,
-1440.0,-400.0,812.485905
-1400.0,-400.0,789.764109
-1360.0,-400.0,767.425531
-1320.0,-400.0,745.466783
-1280.0,-400.0,723.884061
-1240.0,-400.0,702.675326
-1200.0,-400.0,681.837128
-1160.0,-400.0,661.36629
-1120.0,-400.0,641.260719
-1080.0,-400.0,621.516501
-1040.0,-400.0,602.132005
-1000.0,-400.0,583.103704
-960.0,-400.0,564.429688
-920.0,-400.0,546.106757
-880.0,-400.0,528.133138
-840.0,-400.0,510.505617
-800.0,-400.0,493.222584
-760.0,-400.0,476.281337
-720.0,-400.0,459.679787
-680.0,-400.0,443.415997
-640.0,-400.0,427.487545
-600.0,-400.0,411.892699
-560.0,-400.0,396.629612
-520.0,-400.0,381.69635
-480.0,-400.0,367.091139
-440.0,-400.0,352.812472
-400.0,-400.0,338.858798
-360.0,-400.0,325.228668
-320.0,-400.0,311.920672
-280.0,-400.0,298.933642
-240.0,-400.0,286.266507
-200.0,-400.0,273.918301
-160.0,-400.0,261.888197
-120.0,-400.0,250.175521
-80.0,-400.0,238.779759
-40.0,-400.0,227.700562
0.0,-400.0,216.937759
40.0,-400.0,206.491383
80.0,-400.0,196.362037
120.0,-400.0,186.551251
160.0,-400.0,177.061424
200.0,-400.0,167.895718
240.0,-400.0,159.058103
280.0,-400.0,150.553067
320.0,-400.0,142.385646
360.0,-400.0,134.56161
400.0,-400.0,127.08692
440.0,-400.0,119.968164
480.0,-400.0,113.21265
520.0,-400.0,106.827888
560.0,-400.0,100.821693
600.0,-400.0,95.202556
640.0,-400.0,89.979614
680.0,-400.0,85.16188
720.0,-400.0,80.759067
760.0,-400.0,76.781304
800.0,-400.0,73.238687
840.0,-400.0,70.141653
880.0,-400.0,67.501195
920.0,-400.0,65.32781
960.0,-400.0,63.631621
1000.0,-400.0,62.424441
1040.0,-400.0,61.715296
1080.0,-400.0,61.514184
1120.0,-400.0,61.831225
1160.0,-400.0,62.673372
1200.0,-400.0,64.048373
1240.0,-400.0,65.962886
1280.0,-400.0,68.420671
1320.0,-400.0,71.424434
1360.0,-400.0,74.976739
1400.0,-400.0,79.076881
1440.0,-400.0,83.722014
1480.0,-400.0,88.913034
1520.0,-400.0,94.634679
1560.0,-400.0,100.777712
1600.0,-400.0,107.309672
1640.0,-400.0,114.220312
1680.0,-400.0,121.500434
1720.0,-400.0,129.140589
-1760.0,-360.0,
-1720.0,-360.0,
-1680.0,-360.0,
-1640.0,-360.0,
-1600.0,-360.0,
-1560.0,-360.0,
-1520.0,-360.0,
-1480.0,-360.0,
-1440.0,-360.0,910.902856
-1400.0,-360.0,884.988712
-1360.0,-360.0,859.531456
-1320.0,-360.0,834.525602
-1280.0,-360.0,809.96748
-1240.0,-360.0,785.852625
-1200.0,-360.0,762.176355
-1160.0,-360.0,738.933987
-1120.0,-360.0,716.122116
-1080.0,-360.0,693.736175
-1040.0,-360.0,671.772059
-1000.0,-360.0,650.226493
-960.0,-360.0,629.094619
-920.0,-360.0,608.373831
-880.0,-360.0,588.059615
-840.0,-360.0,568.149238
-800.0,-360.0,548.638507
-760.0,-360.0,529.524823
-720.0,-360.0,510.804369
-680.0,-360.0,492.474402
-640.0,-360.0,474.531874
-600.0,-360.0,456.973585
-560.0,-360.0,439.797047
-520.0,-360.0,422.999513
-480.0,-360.0,406.578152
-440.0,-360.0,390.530726
-400.0,-360.0,374.854869
-360.0,-360.0,359.548348
-320.0,-360.0,344.608978
-280.0,-360.0,330.034881
-240.0,-360.0,315.824277
-200.0,-360.0,301.975529
-160.0,-360.0,288.48717
-120.0,-360.0,275.357921
-80.0,-360.0,262.586698
-40.0,-360.0,250.172626
0.0,-360.0,238.115049
40.0,-360.0,226.413567
80.0,-360.0,215.068438
120.0,-360.0,204.080977
160.0,-360.0,193.453464
200.0,-360.0,183.18904
240.0,-360.0,173.291733
280.0,-360.0,163.766148
320.0,-360.0,154.617514
360.0,-360.0,145.851897
400.0,-360.0,137.475616
440.0,-360.0,129.495729
480.0,-360.0,121.920151
520.0,-360.0,114.757083
560.0,-360.0,108.015052
600.0,-360.0,101.703674
640.0,-360.0,95.833065
680.0,-360.0,90.41336
720.0,-360.0,85.455412
760.0,-360.0,80.971192
800.0,-360.0,76.971888
840.0,-360.0,73.469611
880.0,-360.0,70.477579
920.0,-360.0,68.006982
960.0,-360.0,66.071268
1000.0,-360.0,64.682939
1040.0,-360.0,63.853734
1080.0,-360.0,63.595242
1120.0,-360.0,63.919581
1160.0,-360.0,64.835443
1200.0,-360.0,66.35226
1240.0,-360.0,68.477402
1280.0,-360.0,71.21621
1320.0,-360.0,74.570374
1360.0,-360.0,78.54293
1400.0,-360.0,83.131213
1440.0,-360.0,88.330037
1480.0,-360.0,94.137292
1520.0,-360.0,100.535347
1560.0,-360.0,107.408803
1600.0,-360.0,114.722007
1640.0,-360.0,122.462041
1680.0,-360.0,130.61488
1720.0,-360.0,139.166011
1760.0,-360.0,148.104008
-1760.0,-320.0,
-1720.0,-320.0,
-1680.0,-320.0,
-1640.0,-320.0,
-1600.0,-320.0,
-1560.0,-320.0,
-1520.0,-320.0,
-1480.0,-320.0,
-1440.0,-320.0,1039.914536
-1400.0,-320.0,1009.661013
-1360.0,-320.0,979.974792
-1320.0,-320.0,950.84853
-1280.0,-320.0,922.275062
-1240.0,-320.0,894.246987
-1200.0,-320.0,866.757571
-1160.0,-320.0,839.800496
-1120.0,-320.0,813.369281
-1080.0,-320.0,787.457219
-1040.0,-320.0,762.05802
-1000.0,-320.0,737.166242
-960.0,-320.0,712.775557
-920.0,-320.0,688.880279
-880.0,-320.0,665.475312
-840.0,-320.0,642.554432
-800.0,-320.0,620.113332
-760.0,-320.0,598.146057
-720.0,-320.0,576.648466
-680.0,-320.0,555.615054
-640.0,-320.0,535.041745
-600.0,-320.0,514.923799
-560.0,-320.0,495.25688
-520.0,-320.0,476.037008
-480.0,-320.0,457.25997
-440.0,-320.0,438.921971
-400.0,-320.0,421.019418
-360.0,-320.0,403.548784
-320.0,-320.0,386.506635
-280.0,-320.0,369.889886
-240.0,-320.0,353.695611
-200.0,-320.0,337.921061
-160.0,-320.0,322.56371
-120.0,-320.0,307.621266
-80.0,-320.0,293.091691
-40.0,-320.0,278.973211
0.0,-320.0,265.264335
40.0,-320.0,251.963898
80.0,-320.0,239.071516
120.0,-320.0,226.588018
160.0,-320.0,214.515336
200.0,-320.0,202.85637
240.0,-320.0,191.615021
280.0,-320.0,180.795841
320.0,-320.0,170.404125
360.0,-320.0,160.446139
400.0,-320.0,150.928491
440.0,-320.0,141.858724
480.0,-320.0,133.245376
520.0,-320.0,125.097408
560.0,-320.0,117.42412
600.0,-320.0,110.23649
640.0,-320.0,103.545756
680.0,-320.0,97.363088
720.0,-320.0,91.701576
760.0,-320.0,86.574459
800.0,-320.0,81.9945
840.0,-320.0,77.976734
880.0,-320.0,74.53515
920.0,-320.0,71.684771
960.0,-320.0,69.439932
1000.0,-320.0,67.816969
1040.0,-320.0,66.828837
1080.0,-320.0,66.491152
1120.0,-320.0,66.81698
1160.0,-320.0,67.819005
1200.0,-320.0,69.507814
1240.0,-320.0,71.893306
1280.0,-320.0,74.981746
1320.0,-320.0,78.775877
1360.0,-320.0,83.277309
1400.0,-320.0,88.4821
1440.0,-320.0,94.383315
1480.0,-320.0,100.971655
1520.0,-320.0,108.225664
1560.0,-320.0,116.025726
1600.0,-320.0,124.328553
1640.0,-320.0,133.114872
1680.0,-320.0,142.365232
1720.0,-320.0,152.062401
1760.0,-320.0,162.190038
-1760.0,-280.0,
-1720.0,-280.0,
-1680.0,-280.0,
-1640.0,-280.0,
-1600.0,-280.0,
-1560.0,-280.0,
-1520.0,-280.0,
-1480.0,-280.0,
-1440.0,-280.0,1217.273674
-1400.0,-280.0,1180.73353
-1360.0,-280.0,1144.941721
-1320.0,-280.0,1109.885517
-1280.0,-280.0,1075.552577
-1240.0,-280.0,1041.930925
-1200.0,-280.0,1009.008943
-1160.0,-280.0,976.775081
-1120.0,-280.0,945.21842
-1080.0,-280.0,914.32855
-1040.0,-280.0,884.095173
-1000.0,-280.0,854.508284
-960.0,-280.0,825.557724
-920.0,-280.0,797.2342
-880.0,-280.0,769.52892
-840.0,-280.0,742.432551
-800.0,-280.0,715.936598
-760.0,-280.0,690.03301
-720.0,-280.0,664.713098
-680.0,-280.0,639.969762
-640.0,-280.0,615.794728
-600.0,-280.0,592.181297
-560.0,-280.0,569.122007
-520.0,-280.0,546.610246
-480.0,-280.0,524.639528
-440.0,-280.0,503.203259
-400.0,-280.0,482.295653
-360.0,-280.0,461.910892
-320.0,-280.0,442.043347
-280.0,-280.0,422.687774
-240.0,-280.0,403.839233
-200.0,-280.0,385.493016
-160.0,-280.0,367.644721
-120.0,-280.0,350.290266
-80.0,-280.0,333.425909
-40.0,-280.0,317.048267
0.0,-280.0,301.154332
40.0,-280.0,285.741548
80.0,-280.0,270.808288
120.0,-280.0,256.354371
160.0,-280.0,242.380897
200.0,-280.0,228.89008
240.0,-280.0,215.885292
280.0,-280.0,203.370679
320.0,-280.0,191.351308
360.0,-280.0,179.833396
400.0,-280.0,168.823698
440.0,-280.0,158.330133
480.0,-280.0,148.361816
520.0,-280.0,138.928344
560.0,-280.0,130.040224
600.0,-280.0,121.709633
640.0,-280.0,113.948873
680.0,-280.0,106.771239
720.0,-280.0,100.191508
760.0,-280.0,94.224456
800.0,-280.0,88.886255
840.0,-280.0,84.192778
880.0,-280.0,80.162547
920.0,-280.0,76.811516
960.0,-280.0,74.158808
1000.0,-280.0,72.222485
1040.0,-280.0,71.02
1080.0,-280.0,70.569804
1120.0,-280.0,70.888464
1160.0,-280.0,71.992138
1200.0,-280.0,73.895237
1240.0,-280.0,76.609842
1280.0,-280.0,80.144316
1320.0,-280.0,84.503797
1360.0,-280.0,89.689722
1400.0,-280.0,95.69466
1440.0,-280.0,102.507687
1480.0,-280.0,110.114991
1520.0,-280.0,118.485787
1560.0,-280.0,127.491368
1600.0,-280.0,137.079278
1640.0,-280.0,147.221916
1680.0,-280.0,157.892619
1720.0,-280.0,169.067295
1760.0,-280.0,180.725096
-1760.0,-240.0,
-1720.0,-240.0,
-1680.0,-240.0,
-1640.0,-240.0,
-1600.0,-240.0,
-1560.0,-240.0,
-1520.0,-240.0,
-1480.0,-240.0,
-1440.0,-240.0,1478.831948
-1400.0,-240.0,1432.262999
-1360.0,-240.0,1386.780775
-1320.0,-240.0,1342.360793
-1280.0,-240.0,1298.979121
-1240.0,-240.0,1256.612262
-1200.0,-240.0,1215.2376
-1160.0,-240.0,1174.833352
-1120.0,-240.0,1135.378538
-1080.0,-240.0,1096.852939
-1040.0,-240.0,1059.237066
-1000.0,-240.0,1022.512126
-960.0,-240.0,986.659994
-920.0,-240.0,951.663181
-880.0,-240.0,917.504805
-840.0,-240.0,884.168084
-800.0,-240.0,851.63768
-760.0,-240.0,819.898587
-720.0,-240.0,788.935755
-680.0,-240.0,758.735265
-640.0,-240.0,729.28368
-600.0,-240.0,700.567489
-560.0,-240.0,672.574558
-520.0,-240.0,645.292327
-480.0,-240.0,618.709432
-440.0,-240.0,592.814561
-400.0,-240.0,567.596869
-360.0,-240.0,543.046207
-320.0,-240.0,519.152638
-280.0,-240.0,495.906669
-240.0,-240.0,473.299431
-200.0,-240.0,451.322399
-160.0,-240.0,429.967523
-120.0,-240.0,409.227239
-80.0,-240.0,389.094483
-40.0,-240.0,369.562737
0.0,-240.0,350.626043
40.0,-240.0,332.279059
80.0,-240.0,314.517665
120.0,-240.0,297.339499
160.0,-240.0,280.74373
200.0,-240.0,264.730905
240.0,-240.0,249.302956
280.0,-240.0,234.46282
320.0,-240.0,220.214637
360.0,-240.0,206.563963
400.0,-240.0,193.517295
440.0,-240.0,181.082517
480.0,-240.0,169.269037
520.0,-240.0,158.086888
560.0,-240.0,147.547891
600.0,-240.0,137.665
640.0,-240.0,128.45234
680.0,-240.0,119.925059
720.0,-240.0,112.099573
760.0,-240.0,104.993955
800.0,-240.0,98.625988
840.0,-240.0,93.015723
880.0,-240.0,88.18408
920.0,-240.0,84.151
960.0,-240.0,80.939382
1000.0,-240.0,78.571606
1040.0,-240.0,77.068986
1080.0,-240.0,76.454711
1120.0,-240.0,76.751477
1160.0,-240.0,77.978371
1200.0,-240.0,80.154798
1240.0,-240.0,83.298843
1280.0,-240.0,87.42202
1320.0,-240.0,92.531909
1360.0,-240.0,98.630772
1400.0,-240.0,105.709857
1440.0,-240.0,113.752397
1480.0,-240.0,122.734323
1520.0,-240.0,132.612292
1560.0,-240.0,143.243104
1600.0,-240.0,154.559248
1640.0,-240.0,166.519703
1680.0,-240.0,179.087034
1720.0,-240.0,192.229269
1760.0,-240.0,205.920194
-1760.0,-200.0,
-1720.0,-200.0,
-1680.0,-200.0,
-1640.0,-200.0,
-1600.0,-200.0,
-1560.0,-200.0,
-1520.0,-200.0,
-1480.0,-200.0,1978.49421
-1440.0,-200.0,1911.191601
-1400.0,-200.0,1845.837309
-1360.0,-200.0,1782.363272
-1320.0,-200.0,1720.706514
-1280.0,-200.0,1660.806604
-1240.0,-200.0,1602.606458
-1200.0,-200.0,1546.050375
-1160.0,-200.0,1491.087524
-1120.0,-200.0,1437.667967
-1080.0,-200.0,1385.74331
-1040.0,-200.0,1335.269395
-1000.0,-200.0,1286.203013
-960.0,-200.0,1238.502954
-920.0,-200.0,1192.129894
-880.0,-200.0,1147.046294
-840.0,-200.0,1103.216301
-800.0,-200.0,1060.605658
-760.0,-200.0,1019.181571
-720.0,-200.0,978.912323
-680.0,-200.0,939.768447
-640.0,-200.0,901.721305
-600.0,-200.0,864.743125
-560.0,-200.0,828.80794
-520.0,-200.0,793.890747
-480.0,-200.0,759.967351
-440.0,-200.0,727.015129
-400.0,-200.0,695.012035
-360.0,-200.0,663.937252
-320.0,-200.0,633.770956
-280.0,-200.0,604.493983
-240.0,-200.0,576.088392
-200.0,-200.0,548.537022
-160.0,-200.0,521.823594
-120.0,-200.0,495.932725
-80.0,-200.0,470.849935
-40.0,-200.0,446.561713
0.0,-200.0,423.055471
40.0,-200.0,400.319662
80.0,-200.0,378.344467
120.0,-200.0,357.122406
160.0,-200.0,336.64798
200.0,-200.0,316.917504
240.0,-200.0,297.929166
280.0,-200.0,279.682608
320.0,-200.0,262.1792
360.0,-200.0,245.422182
400.0,-200.0,229.41647
440.0,-200.0,214.168693
480.0,-200.0,199.68726
520.0,-200.0,185.982613
560.0,-200.0,173.066271
600.0,-200.0,160.95231
640.0,-200.0,149.655992
680.0,-200.0,139.194171
720.0,-200.0,129.585439
760.0,-200.0,120.850716
800.0,-200.0,113.010432
840.0,-200.0,106.08852
880.0,-200.0,100.109919
920.0,-200.0,95.099147
960.0,-200.0,91.083133
1000.0,-200.0,88.090429
1040.0,-200.0,86.14843
1080.0,-200.0,85.285765
1120.0,-200.0,85.531639
1160.0,-200.0,86.91238
1200.0,-200.0,89.454362
1240.0,-200.0,93.182494
1280.0,-200.0,98.114867
1320.0,-200.0,104.264502
1360.0,-200.0,111.6368
1400.0,-200.0,120.221741
1440.0,-200.0,129.995162
1480.0,-200.0,140.918733
1520.0,-200.0,152.927246
1560.0,-200.0,165.852088
1600.0,-200.0,179.600844
1640.0,-200.0,194.11019
1680.0,-200.0,209.325719
1720.0,-200.0,225.207323
1760.0,-200.0,241.722795
-1760.0,-160.0,
-1720.0,-160.0,
-1680.0,-160.0,
-1640.0,-160.0,
-1600.0,-160.0,
-1560.0,-160.0,
-1520.0,-160.0,
-1480.0,-160.0,2919.176646
-1440.0,-160.0,2800.561788
-1400.0,-160.0,2686.977495
-1360.0,-160.0,2578.132481
-1320.0,-160.0,2473.758722
-1280.0,-160.0,2373.609141
-1240.0,-160.0,2277.455568
-1200.0,-160.0,2185.086926
-1160.0,-160.0,2096.30687
-1120.0,-160.0,2010.933416
-1080.0,-160.0,1928.798991
-1040.0,-160.0,1849.74436
-1000.0,-160.0,1773.625018
-960.0,-160.0,1700.302436
-920.0,-160.0,1629.649979
-880.0,-160.0,1561.548133
-840.0,-160.0,1495.88488
-800.0,-160.0,1432.555091
-760.0,-160.0,1371.460815
-720.0,-160.0,1312.509827
-680.0,-160.0,1255.615435
-640.0,-160.0,1200.695892
-600.0,-160.0,1147.67474
-560.0,-160.0,1096.479871
-520.0,-160.0,1047.043314
-480.0,-160.0,999.300674
-440.0,-160.0,953.19179
-400.0,-160.0,908.659644
-360.0,-160.0,865.650371
-320.0,-160.0,824.113336
-280.0,-160.0,784.000682
-240.0,-160.0,745.267148
-200.0,-160.0,707.87027
-160.0,-160.0,671.769905
-120.0,-160.0,636.928263
-80.0,-160.0,603.30987
-40.0,-160.0,570.881506
0.0,-160.0,539.612134
40.0,-160.0,509.472979
80.0,-160.0,480.438333
120.0,-160.0,452.486174
160.0,-160.0,425.59763
200.0,-160.0,399.756755
240.0,-160.0,374.950681
280.0,-160.0,351.169132
320.0,-160.0,328.404654
360.0,-160.0,306.652981
400.0,-160.0,285.912548
440.0,-160.0,266.184126
480.0,-160.0,247.472346
520.0,-160.0,229.783469
560.0,-160.0,213.127207
600.0,-160.0,197.515239
640.0,-160.0,182.962877
680.0,-160.0,169.486856
720.0,-160.0,157.106652
760.0,-160.0,145.845001
800.0,-160.0,135.725816
840.0,-160.0,126.775953
880.0,-160.0,119.024109
920.0,-160.0,112.500444
960.0,-160.0,107.237979
1000.0,-160.0,103.271466
1040.0,-160.0,100.635717
1080.0,-160.0,99.36758
1120.0,-160.0,99.505258
1160.0,-160.0,101.085048
1200.0,-160.0,104.142534
1240.0,-160.0,108.714007
1280.0,-160.0,114.828527
1320.0,-160.0,122.509419
1360.0,-160.0,131.76964
1400.0,-160.0,142.599984
1440.0,-160.0,154.971422
1480.0,-160.0,168.821959
1520.0,-160.0,184.043018
1560.0,-160.0,200.421052
1600.0,-160.0,217.812649
1640.0,-160.0,236.121414
1680.0,-160.0,255.270319
1720.0,-160.0,275.205949
1760.0,-160.0,295.887099
-1760.0,-120.0,
-1720.0,-120.0,
-1680.0,-120.0,
-1640.0,-120.0,
-1600.0,-120.0,
-1560.0,-120.0,
-1520.0,-120.0,
-1480.0,-120.0,6713.337721
-1440.0,-120.0,6222.40106
-1400.0,-120.0,5785.320822
-1360.0,-120.0,5393.303885
-1320.0,-120.0,5039.447898
-1280.0,-120.0,4718.246336
-1240.0,-120.0,4425.24401
-1200.0,-120.0,4156.788267
-1160.0,-120.0,3909.859846
-1120.0,-120.0,3681.927483
-1080.0,-120.0,3470.860784
-1040.0,-120.0,3274.846055
-1000.0,-120.0,3092.330246
-960.0,-120.0,2921.974874
-920.0,-120.0,2762.619473
-880.0,-120.0,2613.252375
-840.0,-120.0,2472.986263
-800.0,-120.0,2341.040926
-760.0,-120.0,2216.726358
-720.0,-120.0,2099.429728
-680.0,-120.0,1988.604871
-640.0,-120.0,1883.764167
-600.0,-120.0,1784.469642
-560.0,-120.0,1690.327323
-520.0,-120.0,1600.981807
-480.0,-120.0,1516.111624
-440.0,-120.0,1435.425264
-400.0,-120.0,1358.657759
-360.0,-120.0,1285.567489
-320.0,-120.0,1215.934418
-280.0,-120.0,1149.557046
-240.0,-120.0,1086.250922
-200.0,-120.0,1025.846842
-160.0,-120.0,968.189517
-120.0,-120.0,913.136086
-80.0,-120.0,860.555172
-40.0,-120.0,810.325929
0.0,-120.0,762.337188
40.0,-120.0,716.486918
80.0,-120.0,672.682681
120.0,-120.0,630.84178
160.0,-120.0,590.890087
200.0,-120.0,552.76151
240.0,-120.0,516.397904
280.0,-120.0,481.74818
320.0,-120.0,448.768225
360.0,-120.0,417.421464
400.0,-120.0,387.676705
440.0,-120.0,359.509895
480.0,-120.0,332.902533
520.0,-120.0,307.841898
560.0,-120.0,284.32076
600.0,-120.0,262.337485
640.0,-120.0,241.89465
680.0,-120.0,223.000414
720.0,-120.0,205.667811
760.0,-120.0,189.914192
800.0,-120.0,175.7607
840.0,-120.0,163.233424
880.0,-120.0,152.362494
920.0,-120.0,143.180754
960.0,-120.0,135.724818
1000.0,-120.0,130.036663
1040.0,-120.0,126.159331
1080.0,-120.0,124.138845
1120.0,-120.0,124.023343
1160.0,-120.0,125.864414
1200.0,-120.0,129.710474
1240.0,-120.0,135.614879
1280.0,-120.0,143.622443
1320.0,-120.0,153.775815
1360.0,-120.0,166.102662
1400.0,-120.0,180.611086
1440.0,-120.0,197.262568
1480.0,-120.0,215.961984
1520.0,-120.0,236.524427
1560.0,-120.0,258.621073
1600.0,-120.0,282.009942
1640.0,-120.0,306.533676
1680.0,-120.0,332.086532
1720.0,-120.0,358.600378
1760.0,-120.0,386.029454
-1760.0,-80.0,
-1720.0,-80.0,
-1680.0,-80.0,
-1640.0,-80.0,
-1600.0,-80.0,
-1560.0,-80.0,
-1520.0,-80.0,
-1480.0,-80.0,62777.673134
-1440.0,-80.0,41752.554427
-1400.0,-80.0,34039.628248
-1360.0,-80.0,61010.620627
-1320.0,-80.0,39502.232713
-1280.0,-80.0,32165.034155
-1240.0,-80.0,60510.078728
-1200.0,-80.0,37802.866297
-1160.0,-80.0,30684.874837
-1120.0,-80.0,61243.06767
-1080.0,-80.0,36518.481276
-1040.0,-80.0,29499.900037
-1000.0,-80.0,63379.591906
-960.0,-80.0,35560.236416
-920.0,-80.0,28542.34988
-880.0,-80.0,67380.468133
-840.0,-80.0,34869.286543
-800.0,-80.0,27764.609401
-760.0,-80.0,15020.953498
-720.0,-80.0,10447.758883
-680.0,-80.0,8273.729207
-640.0,-80.0,6896.067073
-600.0,-80.0,5913.412976
-560.0,-80.0,5164.406165
-520.0,-80.0,4568.448492
-480.0,-80.0,4079.725411
-440.0,-80.0,3669.827847
-400.0,-80.0,3320.000947
-360.0,-80.0,3017.258788
-320.0,-80.0,2752.267818
-280.0,-80.0,2518.114139
-240.0,-80.0,2309.547015
-200.0,-80.0,2122.495183
-160.0,-80.0,1953.744782
-120.0,-80.0,1800.720113
-80.0,-80.0,1661.329092
-40.0,-80.0,1533.852867
0.0,-80.0,1416.864719
40.0,-80.0,1309.170124
80.0,-80.0,1209.762759
120.0,-80.0,1117.790371
160.0,-80.0,1032.526917
200.0,-80.0,953.351591
240.0,-80.0,879.732108
280.0,-80.0,811.210544
320.0,-80.0,747.393085
360.0,-80.0,687.941089
400.0,-80.0,632.562423
440.0,-80.0,581.007066
480.0,-80.0,533.061329
520.0,-80.0,488.543064
560.0,-80.0,447.298405
600.0,-80.0,409.199369
640.0,-80.0,374.140372
680.0,-80.0,342.035133
720.0,-80.0,312.817708
760.0,-80.0,286.439059
800.0,-80.0,262.862671
840.0,-80.0,242.06988
880.0,-80.0,224.05234
920.0,-80.0,208.815713
960.0,-80.0,196.372736
1000.0,-80.0,186.752529
1040.0,-80.0,179.989188
1080.0,-80.0,176.12507
1120.0,-80.0,175.212829
1160.0,-80.0,177.310843
1200.0,-80.0,182.483385
1240.0,-80.0,190.800352
1280.0,-80.0,202.331468
1320.0,-80.0,217.146357
1360.0,-80.0,235.307964
1400.0,-80.0,256.852479
1440.0,-80.0,281.763636
1480.0,-80.0,309.906485
1520.0,-80.0,340.909278
1560.0,-80.0,374.125406
1600.0,-80.0,409.070809
1640.0,-80.0,445.485837
1680.0,-80.0,483.220081
1720.0,-80.0,522.207294
1760.0,-80.0,562.380475
-1760.0,-40.0,
-1720.0,-40.0,
-1680.0,-40.0,
-1640.0,-40.0,
-1600.0,-40.0,
-1560.0,-40.0,
-1520.0,-40.0,
-1480.0,-40.0,
-1440.0,-40.0,
-1400.0,-40.0,
-1360.0,-40.0,
-1320.0,-40.0,
-1280.0,-40.0,
-1240.0,-40.0,
-1200.0,-40.0,
-1160.0,-40.0,
-1120.0,-40.0,86002.543562
-1080.0,-40.0,441413.728098
-1040.0,-40.0,57388.504629
-1000.0,-40.0,31666.865355
-960.0,-40.0,420358.76479
-920.0,-40.0,35817.699557
-880.0,-40.0,22305.677594
-840.0,-40.0,16889.768538
-800.0,-40.0,28527.087772
-760.0,-40.0,18339.642022
-720.0,-40.0,14325.800429
-680.0,-40.0,25076.214424
-640.0,-40.0,16149.368797
-600.0,-40.0,12787.696039
-560.0,-40.0,23266.932614
-520.0,-40.0,14775.761937
-480.0,-40.0,11770.987637
-440.0,-40.0,22406.182177
-400.0,-40.0,13865.00375
-360.0,-40.0,11061.392675
-320.0,-40.0,22221.624704
-280.0,-40.0,13244.376731
-240.0,-40.0,10547.744627
-200.0,-40.0,22632.101524
-160.0,-40.0,12820.723523
-120.0,-40.0,10167.12128
-80.0,-40.0,23690.841434
-40.0,-40.0,12540.311069
0.0,-40.0,9881.464397
40.0,-40.0,25612.511757
80.0,-40.0,12370.943924
120.0,-40.0,9666.606805
160.0,-40.0,28916.513907
200.0,-40.0,12293.455843
240.0,-40.0,9506.898879
280.0,-40.0,34913.533322
320.0,-40.0,12297.370875
360.0,-40.0,9392.105626
400.0,-40.0,3928.452204
440.0,-40.0,2797.365799
480.0,-40.0,2181.363931
520.0,-40.0,1773.444363
560.0,-40.0,1477.2209
600.0,-40.0,1250.2536
640.0,-40.0,1070.275859
680.0,-40.0,924.257381
720.0,-40.0,803.985731
760.0,-40.0,704.000133
800.0,-40.0,620.523058
840.0,-40.0,550.858564
880.0,-40.0,493.052327
920.0,-40.0,445.649182
960.0,-40.0,407.573264
1000.0,-40.0,378.010899
1040.0,-40.0,356.357123
1080.0,-40.0,342.16768
1120.0,-40.0,335.120887
1160.0,-40.0,334.962593
1200.0,-40.0,341.250011
1240.0,-40.0,353.71174
1280.0,-40.0,371.853253
1320.0,-40.0,396.194744
1360.0,-40.0,426.534739
1400.0,-40.0,462.105171
1440.0,-40.0,504.539796
1480.0,-40.0,553.153799
1520.0,-40.0,605.766659
1560.0,-40.0,662.88101
1600.0,-40.0,721.975145
1640.0,-40.0,780.694197
1680.0,-40.0,842.669201
1720.0,-40.0,906.022908
1760.0,-40.0,968.17442
-1760.0,40.0,
-1720.0,40.0,
-1680.0,40.0,
-1640.0,40.0,
-1600.0,40.0,
-1560.0,40.0,
-1520.0,40.0,
-1480.0,40.0,
-1440.0,40.0,
-1400.0,40.0,
-1360.0,40.0,
-1320.0,40.0,
-1280.0,40.0,
-1240.0,40.0,
-1200.0,40.0,
-1160.0,40.0,
-1120.0,40.0,86002.543563
-1080.0,40.0,441413.72808
-1040.0,40.0,57388.504628
-1000.0,40.0,31666.865355
-960.0,40.0,420358.764764
-920.0,40.0,35817.699557
-880.0,40.0,22305.677594
-840.0,40.0,16889.768538
-800.0,40.0,28527.087772
-760.0,40.0,18339.642022
-720.0,40.0,14325.800429
-680.0,40.0,25076.214424
-640.0,40.0,16149.368797
-600.0,40.0,12787.696039
-560.0,40.0,23266.932614
-520.0,40.0,14775.761937
-480.0,40.0,11770.987637
-440.0,40.0,22406.182177
-400.0,40.0,13865.00375
-360.0,40.0,11061.392675
-320.0,40.0,22221.624704
-280.0,40.0,13244.376731
-240.0,40.0,10547.744627
-200.0,40.0,22632.101524
-160.0,40.0,12820.723523
-120.0,40.0,10167.12128
-80.0,40.0,23690.841434
-40.0,40.0,12540.311069
0.0,40.0,9881.464397
40.0,40.0,25612.511757
80.0,40.0,12370.943924
120.0,40.0,9666.606805
160.0,40.0,28916.513907
200.0,40.0,12293.455843
240.0,40.0,9506.898879
280.0,40.0,34913.533321
320.0,40.0,12297.370875
360.0,40.0,9392.105626
400.0,40.0,3928.452204
440.0,40.0,2797.365799
480.0,40.0,2181.363931
520.0,40.0,1773.444363
560.0,40.0,1477.2209
600.0,40.0,1250.2536
640.0,40.0,1070.275859
680.0,40.0,924.257381
720.0,40.0,803.985731
760.0,40.0,704.000133
800.0,40.0,620.523058
840.0,40.0,550.858564
880.0,40.0,493.052327
920.0,40.0,445.649182
960.0,40.0,407.573264
1000.0,40.0,378.010899
1040.0,40.0,356.357123
1080.0,40.0,342.16768
1120.0,40.0,335.120887
1160.0,40.0,334.962593
1200.0,40.0,341.250011
1240.0,40.0,353.71174
1280.0,40.0,371.853253
1320.0,40.0,396.194744
1360.0,40.0,426.534739
1400.0,40.0,462.105171
1440.0,40.0,504.539796
1480.0,40.0,553.153799
1520.0,40.0,605.766659
1560.0,40.0,662.88101
1600.0,40.0,721.975145
1640.0,40.0,780.694197
1680.0,40.0,842.669201
1720.0,40.0,906.022908
1760.0,40.0,968.17442
-1760.0,80.0,
-1720.0,80.0,
-1680.0,80.0,
-1640.0,80.0,
-1600.0,80.0,
-1560.0,80.0,
-1520.0,80.0,
-1480.0,80.0,62777.673134
-1440.0,80.0,41752.554427
-1400.0,80.0,34039.628248
-1360.0,80.0,61010.620627
-1320.0,80.0,39502.232713
-1280.0,80.0,32165.034155
-1240.0,80.0,60510.078728
-1200.0,80.0,37802.866297
-1160.0,80.0,30684.874837
-1120.0,80.0,61243.067671
-1080.0,80.0,36518.481276
-1040.0,80.0,29499.900037
-1000.0,80.0,63379.591905
-960.0,80.0,35560.236416
-920.0,80.0,28542.34988
-880.0,80.0,67380.468134
-840.0,80.0,34869.286543
-800.0,80.0,27764.609401
-760.0,80.0,15020.953498
-720.0,80.0,10447.758883
-680.0,80.0,8273.729207
-640.0,80.0,6896.067073
-600.0,80.0,5913.412976
-560.0,80.0,5164.406165
-520.0,80.0,4568.448492
-480.0,80.0,4079.725411
-440.0,80.0,3669.827847
-400.0,80.0,3320.000947
-360.0,80.0,3017.258788
-320.0,80.0,2752.267818
-280.0,80.0,2518.114139
-240.0,80.0,2309.547015
-200.0,80.0,2122.495183
-160.0,80.0,1953.744782
-120.0,80.0,1800.720113
-80.0,80.0,1661.329092
-40.0,80.0,1533.852867
0.0,80.0,1416.864719
40.0,80.0,1309.170124
80.0,80.0,1209.762759
120.0,80.0,1117.790371
160.0,80.0,1032.526917
200.0,80.0,953.351591
240.0,80.0,879.732108
280.0,80.0,811.210544
320.0,80.0,747.393085
360.0,80.0,687.941089
400.0,80.0,632.562423
440.0,80.0,581.007066
480.0,80.0,533.061329
520.0,80.0,488.543064
560.0,80.0,447.298405
600.0,80.0,409.199369
640.0,80.0,374.140372
680.0,80.0,342.035133
720.0,80.0,312.817708
760.0,80.0,286.439059
800.0,80.0,262.862671
840.0,80.0,242.06988
880.0,80.0,224.05234
920.0,80.0,208.815713
960.0,80.0,196.372736
1000.0,80.0,186.752529
1040.0,80.0,179.989188
1080.0,80.0,176.12507
1120.0,80.0,175.212829
1160.0,80.0,177.310843
1200.0,80.0,182.483385
1240.0,80.0,190.800352
1280.0,80.0,202.331468
1320.0,80.0,217.146357
1360.0,80.0,235.307964
1400.0,80.0,256.852479
1440.0,80.0,281.763636
1480.0,80.0,309.906485
1520.0,80.0,340.909278
1560.0,80.0,374.125406
1600.0,80.0,409.070809
1640.0,80.0,445.485837
1680.0,80.0,483.220081
1720.0,80.0,522.207294
1760.0,80.0,562.380475
-1760.0,120.0,
-1720.0,120.0,
-1680.0,120.0,
-1640.0,120.0,
-1600.0,120.0,
-1560.0,120.0,
-1520.0,120.0,
-1480.0,120.0,6713.337721
-1440.0,120.0,6222.40106
-1400.0,120.0,5785.320822
-1360.0,120.0,5393.303885
-1320.0,120.0,5039.447898
-1280.0,120.0,4718.246336
-1240.0,120.0,4425.24401
-1200.0,120.0,4156.788267
-1160.0,120.0,3909.859846
-1120.0,120.0,3681.927483
-1080.0,120.0,3470.860784
-1040.0,120.0,3274.846055
-1000.0,120.0,3092.330246
-960.0,120.0,2921.974874
-920.0,120.0,2762.619473
-880.0,120.0,2613.252375
-840.0,120.0,2472.986263
-800.0,120.0,2341.040926
-760.0,120.0,2216.726358
-720.0,120.0,2099.429728
-680.0,120.0,1988.604871
-640.0,120.0,1883.764167
-600.0,120.0,1784.469642
-560.0,120.0,1690.327323
-520.0,120.0,1600.981807
-480.0,120.0,1516.111624
-440.0,120.0,1435.425264
-400.0,120.0,1358.657759
-360.0,120.0,1285.567489
-320.0,120.0,1215.934418
-280.0,120.0,1149.557046
-240.0,120.0,1086.250922
-200.0,120.0,1025.846842
-160.0,120.0,968.189517
-120.0,120.0,913.136086
-80.0,120.0,860.555172
-40.0,120.0,810.325929
0.0,120.0,762.337188
40.0,120.0,716.486918
80.0,120.0,672.682681
120.0,120.0,630.84178
160.0,120.0,590.890087
200.0,120.0,552.76151
240.0,120.0,516.397904
280.0,120.0,481.74818
320.0,120.0,448.768225
360.0,120.0,417.421464
400.0,120.0,387.676705
440.0,120.0,359.509895
480.0,120.0,332.902533
520.0,120.0,307.841898
560.0,120.0,284.32076
600.0,120.0,262.337485
640.0,120.0,241.89465
680.0,120.0,223.000414
720.0,120.0,205.667811
760.0,120.0,189.914192
800.0,120.0,175.7607
840.0,120.0,163.233424
880.0,120.0,152.362494
920.0,120.0,143.180754
960.0,120.0,135.724818
1000.0,120.0,130.036663
1040.0,120.0,126.159331
1080.0,120.0,124.138845
1120.0,120.0,124.023343
1160.0,120.0,125.864414
1200.0,120.0,129.710474
1240.0,120.0,135.614879
1280.0,120.0,143.622443
1320.0,120.0,153.775815
1360.0,120.0,166.102662
1400.0,120.0,180.611086
1440.0,120.0,197.262568
1480.0,120.0,215.961984
1520.0,120.0,236.524427
1560.0,120.0,258.621073
1600.0,120.0,282.009942
1640.0,120.0,306.533676
1680.0,120.0,332.086532
1720.0,120.0,358.600378
1760.0,120.0,386.029454
-1760.0,160.0,
-1720.0,160.0,
-1680.0,160.0,
-1640.0,160.0,
-1600.0,160.0,
-1560.0,160.0,
-1520.0,160.0,
-1480.0,160.0,2919.176646
-1440.0,160.0,2800.561788
-1400.0,160.0,2686.977495
-1360.0,160.0,2578.132481
-1320.0,160.0,2473.758722
-1280.0,160.0,2373.609141
-1240.0,160.0,2277.455568
-1200.0,160.0,2185.086926
-1160.0,160.0,2096.30687
-1120.0,160.0,2010.933416
-1080.0,160.0,1928.798991
-1040.0,160.0,1849.74436
-1000.0,160.0,1773.625018
-960.0,160.0,1700.302436
-920.0,160.0,1629.649979
-880.0,160.0,1561.548133
-840.0,160.0,1495.88488
-800.0,160.0,1432.555091
-760.0,160.0,1371.460815
-720.0,160.0,1312.509827
-680.0,160.0,1255.615435
-640.0,160.0,1200.695892
-600.0,160.0,1147.67474
-560.0,160.0,1096.479871
-520.0,160.0,1047.043314
-480.0,160.0,999.300674
-440.0,160.0,953.19179
-400.0,160.0,908.659644
-360.0,160.0,865.650371
-320.0,160.0,824.113336
-280.0,160.0,784.000682
-240.0,160.0,745.267148
-200.0,160.0,707.87027
-160.0,160.0,671.769905
-120.0,160.0,636.928263
-80.0,160.0,603.30987
-40.0,160.0,570.881506
0.0,160.0,539.612134
40.0,160.0,509.472979
80.0,160.0,480.438333
120.0,160.0,452.486174
160.0,160.0,425.59763
200.0,160.0,399.756755
240.0,160.0,374.950681
280.0,160.0,351.169132
320.0,160.0,328.404654
360.0,160.0,306.652981
400.0,160.0,285.912548
440.0,160.0,266.184126
480.0,160.0,247.472346
520.0,160.0,229.783469
560.0,160.0,213.127207
600.0,160.0,197.515239
640.0,160.0,182.962877
680.0,160.0,169.486856
720.0,160.0,157.106652
760.0,160.0,145.845001
800.0,160.0,135.725816
840.0,160.0,126.775953
880.0,160.0,119.024109
920.0,160.0,112.500444
960.0,160.0,107.237979
1000.0,160.0,103.271466
1040.0,160.0,100.635717
1080.0,160.0,99.36758
1120.0,160.0,99.505258
1160.0,160.0,101.085048
1200.0,160.0,104.142534
1240.0,160.0,108.714007
1280.0,160.0,114.828527
1320.0,160.0,122.509419
1360.0,160.0,131.76964
1400.0,160.0,142.599984
1440.0,160.0,154.971422
1480.0,160.0,168.821959
1520.0,160.0,184.043018
1560.0,160.0,200.421052
1600.0,160.0,217.812649
1640.0,160.0,236.121414
1680.0,160.0,255.270319
1720.0,160.0,275.205949
1760.0,160.0,295.887099
-1760.0,200.0,
-1720.0,200.0,
-1680.0,200.0,
-1640.0,200.0,
-1600.0,200.0,
-1560.0,200.0,
-1520.0,200.0,
-1480.0,200.0,1978.49421
-1440.0,200.0,1911.191601
-1400.0,200.0,1845.837309
-1360.0,200.0,1782.363272
-1320.0,200.0,1720.706514
-1280.0,200.0,1660.806604
-1240.0,200.0,1602.606458
-1200.0,200.0,1546.050375
-1160.0,200.0,1491.087524
-1120.0,200.0,1437.667967
-1080.0,200.0,1385.74331
-1040.0,200.0,1335.269395
-1000.0,200.0,1286.203013
-960.0,200.0,1238.502954
-920.0,200.0,1192.129894
-880.0,200.0,1147.046294
-840.0,200.0,1103.216301
-800.0,200.0,1060.605658
-760.0,200.0,1019.181571
-720.0,200.0,978.912323
-680.0,200.0,939.768447
-640.0,200.0,901.721305
-600.0,200.0,864.743125
-560.0,200.0,828.80794
-520.0,200.0,793.890747
-480.0,200.0,759.967351
-440.0,200.0,727.015129
-400.0,200.0,695.012035
-360.0,200.0,663.937252
-320.0,200.0,633.770956
-280.0,200.0,604.493983
-240.0,200.0,576.088392
-200.0,200.0,548.537022
-160.0,200.0,521.823594
-120.0,200.0,495.932725
-80.0,200.0,470.849935
-40.0,200.0,446.561713
0.0,200.0,423.055471
40.0,200.0,400.319662
80.0,200.0,378.344467
120.0,200.0,357.122406
160.0,200.0,336.64798
200.0,200.0,316.917504
240.0,200.0,297.929166
280.0,200.0,279.682608
320.0,200.0,262.1792
360.0,200.0,245.422182
400.0,200.0,229.41647
440.0,200.0,214.168693
480.0,200.0,199.68726
520.0,200.0,185.982613
560.0,200.0,173.066271
600.0,200.0,160.95231
640.0,200.0,149.655992
680.0,200.0,139.194171
720.0,200.0,129.585439
760.0,200.0,120.850716
800.0,200.0,113.010432
840.0,200.0,106.08852
880.0,200.0,100.109919
920.0,200.0,95.099147
960.0,200.0,91.083133
1000.0,200.0,88.090429
1040.0,200.0,86.14843
1080.0,200.0,85.285765
1120.0,200.0,85.531639
1160.0,200.0,86.91238
1200.0,200.0,89.454362
1240.0,200.0,93.182494
1280.0,200.0,98.114867
1320.0,200.0,104.264502
1360.0,200.0,111.6368
1400.0,200.0,120.221741
1440.0,200.0,129.995162
1480.0,200.0,140.918733
1520.0,200.0,152.927246
1560.0,200.0,165.852088
1600.0,200.0,179.600844
1640.0,200.0,194.11019
1680.0,200.0,209.325719
1720.0,200.0,225.207323
1760.0,200.0,241.722795
-1760.0,240.0,
-1720.0,240.0,
-1680.0,240.0,
-1640.0,240.0,
-1600.0,240.0,
-1560.0,240.0,
-1520.0,240.0,
-1480.0,240.0,
-1440.0,240.0,1478.831948
-1400.0,240.0,1432.262999
-1360.0,240.0,1386.780775
-1320.0,240.0,1342.360793
-1280.0,240.0,1298.979121
-1240.0,240.0,1256.612262
-1200.0,240.0,1215.2376
-1160.0,240.0,1174.833352
-1120.0,240.0,1135.378538
-1080.0,240.0,1096.852939
-1040.0,240.0,1059.237066
-1000.0,240.0,1022.512126
-960.0,240.0,986.659994
-920.0,240.0,951.663181
-880.0,240.0,917.504805
-840.0,240.0,884.168084
-800.0,240.0,851.63768
-760.0,240.0,819.898587
-720.0,240.0,788.935755
-680.0,240.0,758.735265
-640.0,240.0,729.28368
-600.0,240.0,700.567489
-560.0,240.0,672.574558
-520.0,240.0,645.292327
-480.0,240.0,618.709432
-440.0,240.0,592.814561
-400.0,240.0,567.596869
-360.0,240.0,543.046207
-320.0,240.0,519.152638
-280.0,240.0,495.906669
-240.0,240.0,473.299431
-200.0,240.0,451.322399
-160.0,240.0,429.967523
-120.0,240.0,409.227239
-80.0,240.0,389.094483
-40.0,240.0,369.562737
0.0,240.0,350.626043
40.0,240.0,332.279059
80.0,240.0,314.517665
120.0,240.0,297.339499
160.0,240.0,280.74373
200.0,240.0,264.730905
240.0,240.0,249.302956
280.0,240.0,234.46282
320.0,240.0,220.214637
360.0,240.0,206.563963
400.0,240.0,193.517295
440.0,240.0,181.082517
480.0,240.0,169.269037
520.0,240.0,158.086888
560.0,240.0,147.547891
600.0,240.0,137.665
640.0,240.0,128.45234
680.0,240.0,119.925059
720.0,240.0,112.099573
760.0,240.0,104.993955
800.0,240.0,98.625988
840.0,240.0,93.015723
880.0,240.0,88.18408
920.0,240.0,84.151
960.0,240.0,80.939382
1000.0,240.0,78.571606
1040.0,240.0,77.068986
1080.0,240.0,76.454711
1120.0,240.0,76.751477
1160.0,240.0,77.978371
1200.0,240.0,80.154798
1240.0,240.0,83.298843
1280.0,240.0,87.42202
1320.0,240.0,92.531909
1360.0,240.0,98.630772
1400.0,240.0,105.709857
1440.0,240.0,113.752397
1480.0,240.0,122.734323
1520.0,240.0,132.612292
1560.0,240.0,143.243104
1600.0,240.0,154.559248
1640.0,240.0,166.519703
1680.0,240.0,179.087034
1720.0,240.0,192.229269
1760.0,240.0,205.920194
-1760.0,280.0,
-1720.0,280.0,
-1680.0,280.0,
-1640.0,280.0,
-1600.0,280.0,
-1560.0,280.0,
-1520.0,280.0,
-1480.0,280.0,
-1440.0,280.0,1217.273674
-1400.0,280.0,1180.73353
-1360.0,280.0,1144.941721
-1320.0,280.0,1109.885517
-1280.0,280.0,1075.552577
-1240.0,280.0,1041.930925
-1200.0,280.0,1009.008943
-1160.0,280.0,976.775081
-1120.0,280.0,945.21842
-1080.0,280.0,914.32855
-1040.0,280.0,884.095173
-1000.0,280.0,854.508284
-960.0,280.0,825.557724
-920.0,280.0,797.2342
-880.0,280.0,769.52892
-840.0,280.0,742.432551
-800.0,280.0,715.936598
-760.0,280.0,690.03301
-720.0,280.0,664.713098
-680.0,280.0,639.969762
-640.0,280.0,615.794728
-600.0,280.0,592.181297
-560.0,280.0,569.122007
-520.0,280.0,546.610246
-480.0,280.0,524.639528
-440.0,280.0,503.203259
-400.0,280.0,482.295653
-360.0,280.0,461.910892
-320.0,280.0,442.043347
-280.0,280.0,422.687774
-240.0,280.0,403.839233
-200.0,280.0,385.493016
-160.0,280.0,367.644721
-120.0,280.0,350.290266
-80.0,280.0,333.425909
-40.0,280.0,317.048267
0.0,280.0,301.154332
40.0,280.0,285.741548
80.0,280.0,270.808288
120.0,280.0,256.354371
160.0,280.0,242.380897
200.0,280.0,228.89008
240.0,280.0,215.885292
280.0,280.0,203.370679
320.0,280.0,191.351308
360.0,280.0,179.833396
400.0,280.0,168.823698
440.0,280.0,158.330133
480.0,280.0,148.361816
520.0,280.0,138.928344
560.0,280.0,130.040224
600.0,280.0,121.709633
640.0,280.0,113.948873
680.0,280.0,106.771239
720.0,280.0,100.191508
760.0,280.0,94.224456
800.0,280.0,88.886255
840.0,280.0,84.192778
880.0,280.0,80.162547
920.0,280.0,76.811516
960.0,280.0,74.158808
1000.0,280.0,72.222485
1040.0,280.0,71.02
1080.0,280.0,70.569804
1120.0,280.0,70.888464
1160.0,280.0,71.992138
1200.0,280.0,73.895237
1240.0,280.0,76.609842
1280.0,280.0,80.144316
1320.0,280.0,84.503797
1360.0,280.0,89.689722
1400.0,280.0,95.69466
1440.0,280.0,102.507687
1480.0,280.0,110.114991
1520.0,280.0,118.485787
1560.0,280.0,127.491368
1600.0,280.0,137.079278
1640.0,280.0,147.221916
1680.0,280.0,157.892619
1720.0,280.0,169.067295
1760.0,280.0,180.725096
-1760.0,320.0,
-1720.0,320.0,
-1680.0,320.0,
-1640.0,320.0,
-1600.0,320.0,
-1560.0,320.0,
-1520.0,320.0,
-1480.0,320.0,
-1440.0,320.0,1039.914536
-1400.0,320.0,1009.661013
-1360.0,320.0,979.974792
-1320.0,320.0,950.84853
-1280.0,320.0,922.275062
-1240.0,320.0,894.246987
-1200.0,320.0,866.757571
-1160.0,320.0,839.800496
-1120.0,320.0,813.369281
-1080.0,320.0,787.457219
-1040.0,320.0,762.05802
-1000.0,320.0,737.166242
-960.0,320.0,712.775557
-920.0,320.0,688.880279
-880.0,320.0,665.475312
-840.0,320.0,642.554432
-800.0,320.0,620.113332
-760.0,320.0,598.146057
-720.0,320.0,576.648466
-680.0,320.0,555.615054
-640.0,320.0,535.041745
-600.0,320.0,514.923799
-560.0,320.0,495.25688
-520.0,320.0,476.037008
-480.0,320.0,457.25997
-440.0,320.0,438.921971
-400.0,320.0,421.019418
-360.0,320.0,403.548784
-320.0,320.0,386.506635
-280.0,320.0,369.889886
-240.0,320.0,353.695611
-200.0,320.0,337.921061
-160.0,320.0,322.56371
-120.0,320.0,307.621266
-80.0,320.0,293.091691
-40.0,320.0,278.973211
0.0,320.0,265.264335
40.0,320.0,251.963898
80.0,320.0,239.071516
120.0,320.0,226.588018
160.0,320.0,214.515336
200.0,320.0,202.85637
240.0,320.0,191.615021
280.0,320.0,180.795841
320.0,320.0,170.404125
360.0,320.0,160.446139
400.0,320.0,150.928491
440.0,320.0,141.858724
480.0,320.0,133.245376
520.0,320.0,125.097408
560.0,320.0,117.42412
600.0,320.0,110.23649
640.0,320.0,103.545756
680.0,320.0,97.363088
720.0,320.0,91.701576
760.0,320.0,86.574459
800.0,320.0,81.9945
840.0,320.0,77.976734
880.0,320.0,74.53515
920.0,320.0,71.684771
960.0,320.0,69.439932
1000.0,320.0,67.816969
1040.0,320.0,66.828837
1080.0,320.0,66.491152
1120.0,320.0,66.81698
1160.0,320.0,67.819005
1200.0,320.0,69.507814
1240.0,320.0,71.893306
1280.0,320.0,74.981746
1320.0,320.0,78.775877
1360.0,320.0,83.277309
1400.0,320.0,88.4821
1440.0,320.0,94.383315
1480.0,320.0,100.971655
1520.0,320.0,108.225664
1560.0,320.0,116.025726
1600.0,320.0,124.328553
1640.0,320.0,133.114872
1680.0,320.0,142.365232
1720.0,320.0,152.062401
1760.0,320.0,162.190038
-1760.0,360.0,
-1720.0,360.0,
-1680.0,360.0,
-1640.0,360.0,
-1600.0,360.0,
-1560.0,360.0,
-1520.0,360.0,
-1480.0,360.0,
-1440.0,360.0,910.902856
-1400.0,360.0,884.988712
-1360.0,360.0,859.531456
-1320.0,360.0,834.525602
-1280.0,360.0,809.96748
-1240.0,360.0,785.852625
-1200.0,360.0,762.176355
-1160.0,360.0,738.933987
-1120.0,360.0,716.122116
-1080.0,360.0,693.736175
-1040.0,360.0,671.772059
-1000.0,360.0,650.226493
-960.0,360.0,629.094619
-920.0,360.0,608.373831
-880.0,360.0,588.059615
-840.0,360.0,568.149238
-800.0,360.0,548.638507
-760.0,360.0,529.524823
-720.0,360.0,510.804369
-680.0,360.0,492.474402
-640.0,360.0,474.531874
-600.0,360.0,456.973585
-560.0,360.0,439.797047
-520.0,360.0,422.999513
-480.0,360.0,406.578152
-440.0,360.0,390.530726
-400.0,360.0,374.854869
-360.0,360.0,359.548348
-320.0,360.0,344.608978
-280.0,360.0,330.034881
-240.0,360.0,315.824277
-200.0,360.0,301.975529
-160.0,360.0,288.48717
-120.0,360.0,275.357921
-80.0,360.0,262.586698
-40.0,360.0,250.172626
0.0,360.0,238.115049
40.0,360.0,226.413567
80.0,360.0,215.068438
120.0,360.0,204.080977
160.0,360.0,193.453464
200.0,360.0,183.18904
240.0,360.0,173.291733
280.0,360.0,163.766148
320.0,360.0,154.617514
360.0,360.0,145.851897
400.0,360.0,137.475616
440.0,360.0,129.495729
480.0,360.0,121.920151
520.0,360.0,114.757083
560.0,360.0,108.015052
600.0,360.0,101.703674
640.0,360.0,95.833065
680.0,360.0,90.41336
720.0,360.0,85.455412
760.0,360.0,80.971192
800.0,360.0,76.971888
840.0,360.0,73.469611
880.0,360.0,70.477579
920.0,360.0,68.006982
960.0,360.0,66.071268
1000.0,360.0,64.682939
1040.0,360.0,63.853734
1080.0,360.0,63.595242
1120.0,360.0,63.919581
1160.0,360.0,64.835443
1200.0,360.0,66.35226
1240.0,360.0,68.477402
1280.0,360.0,71.21621
1320.0,360.0,74.570374
1360.0,360.0,78.54293
1400.0,360.0,83.131213
1440.0,360.0,88.330037
1480.0,360.0,94.137292
1520.0,360.0,100.535347
1560.0,360.0,107.408803
1600.0,360.0,114.722007
1640.0,360.0,122.462041
1680.0,360.0,130.61488
1720.0,360.0,139.166011
1760.0,360.0,148.104008
-1720.0,400.0,
-1680.0,400.0,
-1640.0,400.0,
-1600.0,400.0,
-1560.0,400.0,
-1520.0,400.0,
-1480.0,400.0,
-1440.0,400.0,812.485905
-1400.0,400.0,789.764109
-1360.0,400.0,767.425531
-1320.0,400.0,745.466783
-1280.0,400.0,723.884061
-1240.0,400.0,702.675326
-1200.0,400.0,681.837128
-1160.0,400.0,661.36629
-1120.0,400.0,641.260719
-1080.0,400.0,621.516501
-1040.0,400.0,602.132005
-1000.0,400.0,583.103704
-960.0,400.0,564.429688
-920.0,400.0,546.106757
-880.0,400.0,528.133138
-840.0,400.0,510.505617
-800.0,400.0,493.222584
-760.0,400.0,476.281337
-720.0,400.0,459.679787
-680.0,400.0,443.415997
-640.0,400.0,427.487545
-600.0,400.0,411.892699
-560.0,400.0,396.629612
-520.0,400.0,381.69635
-480.0,400.0,367.091139
-440.0,400.0,352.812472
-400.0,400.0,338.858798
-360.0,400.0,325.228668
-320.0,400.0,311.920672
-280.0,400.0,298.933642
-240.0,400.0,286.266507
-200.0,400.0,273.918301
-160.0,400.0,261.888197
-120.0,400.0,250.175521
-80.0,400.0,238.779759
-40.0,400.0,227.700562
0.0,400.0,216.937759
40.0,400.0,206.491383
80.0,400.0,196.362037
120.0,400.0,186.551251
160.0,400.0,177.061424
200.0,400.0,167.895718
240.0,400.0,159.058103
280.0,400.0,150.553067
320.0,400.0,142.385646
360.0,400.0,134.56161
400.0,400.0,127.08692
440.0,400.0,119.968164
480.0,400.0,113.21265
520.0,400.0,106.827888
560.0,400.0,100.821693
600.0,400.0,95.202556
640.0,400.0,89.979614
680.0,400.0,85.16188
720.0,400.0,80.759067
760.0,400.0,76.781304
800.0,400.0,73.238687
840.0,400.0,70.141653
880.0,400.0,67.501195
920.0,400.0,65.32781
960.0,400.0,63.631621
1000.0,400.0,62.424441
1040.0,400.0,61.715296
1080.0,400.0,61.514184
1120.0,400.0,61.831225
1160.0,400.0,62.673372
1200.0,400.0,64.048373
1240.0,400.0,65.962886
1280.0,400.0,68.420671
1320.0,400.0,71.424434
1360.0,400.0,74.976739
1400.0,400.0,79.076881
1440.0,400.0,83.722014
1480.0,400.0,88.913034
1520.0,400.0,94.634679
1560.0,400.0,100.777712
1600.0,400.0,107.309672
1640.0,400.0,114.220312
1680.0,400.0,121.500434
1720.0,400.0,129.140589
-1720.0,440.0,
-1680.0,440.0,
-1640.0,440.0,
-1600.0,440.0,
-1560.0,440.0,
-1520.0,440.0,
-1480.0,440.0,
-1440.0,440.0,
-1400.0,440.0,714.517042
-1360.0,440.0,694.583449
-1320.0,440.0,674.977861
-1280.0,440.0,655.697645
-1240.0,440.0,636.741559
-1200.0,440.0,618.106311
-1160.0,440.0,599.790903
-1120.0,440.0,581.792517
-1080.0,440.0,564.109737
-1040.0,440.0,546.740112
-1000.0,440.0,529.682264
-960.0,440.0,512.933724
-920.0,440.0,496.493398
-880.0,440.0,480.358756
-840.0,440.0,464.528699
-800.0,440.0,449.001392
-760.0,440.0,433.77501
-720.0,440.0,418.848353
-680.0,440.0,404.21976
-640.0,440.0,389.887662
-600.0,440.0,375.850917
-560.0,440.0,362.108194
-520.0,440.0,348.658079
-480.0,440.0,335.499484
-440.0,440.0,322.631366
-400.0,440.0,310.052697
-360.0,440.0,297.762533
-320.0,440.0,285.759973
-280.0,440.0,274.044282
-240.0,440.0,262.614849
-200.0,440.0,251.471134
-160.0,440.0,240.612714
-120.0,440.0,230.039292
-80.0,440.0,219.750703
-40.0,440.0,209.746918
0.0,440.0,200.028051
40.0,440.0,190.594387
80.0,440.0,181.446705
120.0,440.0,172.586614
160.0,440.0,164.016505
200.0,440.0,155.739459
240.0,440.0,147.759294
280.0,440.0,140.080306
320.0,440.0,132.707276
360.0,440.0,125.645637
400.0,440.0,118.901003
440.0,440.0,112.4795
480.0,440.0,106.387881
520.0,440.0,100.633042
560.0,440.0,95.222109
600.0,440.0,90.162787
640.0,440.0,85.463233
680.0,440.0,81.13152
720.0,440.0,77.176495
760.0,440.0,73.606742
800.0,440.0,70.431266
840.0,440.0,67.659516
880.0,440.0,65.30061
920.0,440.0,63.363618
960.0,440.0,61.858073
1000.0,440.0,60.792766
1040.0,440.0,60.176526
1080.0,440.0,60.017259
1120.0,440.0,60.323649
1160.0,440.0,61.102057
1200.0,440.0,62.358024
1240.0,440.0,64.09894
1280.0,440.0,66.326497
1320.0,440.0,69.045094
1360.0,440.0,72.256518
1400.0,440.0,75.961974
1440.0,440.0,80.160417
1480.0,440.0,84.854166
1520.0,440.0,90.03101
1560.0,440.0,95.584396
1600.0,440.0,101.484928
1640.0,440.0,107.724426
1680.0,440.0,114.297814
1720.0,440.0,121.197156
-1720.0,480.0,
-1680.0,480.0,
-1640.0,480.0,
-1600.0,480.0,
-1560.0,480.0,
-1520.0,480.0,
-1480.0,480.0,
-1440.0,480.0,
-1400.0,480.0,653.503971
-1360.0,480.0,635.487548
-1320.0,480.0,617.759652
-1280.0,480.0,600.319692
-1240.0,480.0,583.165404
-1200.0,480.0,566.29565
-1160.0,480.0,549.708592
-1120.0,480.0,533.403036
-1080.0,480.0,517.377147
-1040.0,480.0,501.630026
-1000.0,480.0,486.159559
-960.0,480.0,470.965147
-920.0,480.0,456.044889
-880.0,480.0,441.397785
-840.0,480.0,427.022762
-800.0,480.0,412.918055
-760.0,480.0,399.083001
-720.0,480.0,385.516467
-680.0,480.0,372.217066
-640.0,480.0,359.183992
-600.0,480.0,346.416324
-560.0,480.0,333.913129
-520.0,480.0,321.673347
-480.0,480.0,309.696342
-440.0,480.0,297.981387
-400.0,480.0,286.527803
-360.0,480.0,275.334984
-320.0,480.0,264.402381
-280.0,480.0,253.72952
-240.0,480.0,243.316106
-200.0,480.0,233.161876
-160.0,480.0,223.266669
-120.0,480.0,213.630427
-80.0,480.0,204.253204
-40.0,480.0,195.135166
0.0,480.0,186.276598
40.0,480.0,177.677923
80.0,480.0,169.340004
120.0,480.0,161.26445
160.0,480.0,153.45358
200.0,480.0,145.910342
240.0,480.0,138.63836
280.0,480.0,131.641702
320.0,480.0,124.924876
360.0,480.0,118.492958
400.0,480.0,112.351255
440.0,480.0,106.50544
480.0,480.0,100.961765
520.0,480.0,95.726588
560.0,480.0,90.80642
600.0,480.0,86.208327
640.0,480.0,81.939616
680.0,480.0,78.007578
720.0,480.0,74.420149
760.0,480.0,71.185168
800.0,480.0,68.310237
840.0,480.0,65.803891
880.0,480.0,63.674531
920.0,480.0,61.929306
960.0,480.0,60.576927
1000.0,480.0,59.625643
1040.0,480.0,59.081844
1080.0,480.0,58.953493
1120.0,480.0,59.247589
1160.0,480.0,59.969556
1200.0,480.0,61.125132
1240.0,480.0,62.719497
1280.0,480.0,64.756533
1320.0,480.0,67.237962
1360.0,480.0,70.169067
1400.0,480.0,73.549113
1440.0,480.0,77.380945
1480.0,480.0,81.665902
1520.0,480.0,86.395601
1560.0,480.0,91.464077
1600.0,480.0,96.844838
1640.0,480.0,102.532148
1680.0,480.0,108.522109
1720.0,480.0,114.808953
-1720.0,520.0,
-1680.0,520.0,
-1640.0,520.0,
-1600.0,520.0,
-1560.0,520.0,
-1520.0,520.0,
-1480.0,520.0,
-1440.0,520.0,
-1400.0,520.0,603.022381
-1360.0,520.0,586.572941
-1320.0,520.0,570.382499
-1280.0,520.0,554.449746
-1240.0,520.0,538.773524
-1200.0,520.0,523.352575
-1160.0,520.0,508.185976
-1120.0,520.0,493.27219
-1080.0,520.0,478.610794
-1040.0,520.0,464.19977
-1000.0,520.0,450.03894
-960.0,520.0,436.126925
-920.0,520.0,422.462635
-880.0,520.0,409.045474
-840.0,520.0,395.874201
-800.0,520.0,382.947971
-760.0,520.0,370.266139
-720.0,520.0,357.827797
-680.0,520.0,345.631952
-640.0,520.0,333.678135
-600.0,520.0,321.96564
-560.0,520.0,310.493804
-520.0,520.0,299.261841
-480.0,520.0,288.269394
-440.0,520.0,277.515967
-400.0,520.0,267.001121
-360.0,520.0,256.724483
-320.0,520.0,246.685748
-280.0,520.0,236.884626
-240.0,520.0,227.321013
-200.0,520.0,217.994842
-160.0,520.0,208.906122
-120.0,520.0,200.05495
-80.0,520.0,191.441516
-40.0,520.0,183.066105
0.0,520.0,174.929096
40.0,520.0,167.030987
80.0,520.0,159.372666
120.0,520.0,151.955699
160.0,520.0,144.7823
200.0,520.0,137.855261
240.0,520.0,131.177993
280.0,520.0,124.754329
320.0,520.0,118.588497
360.0,520.0,112.685221
400.0,520.0,107.049529
440.0,520.0,101.68667
480.0,520.0,96.602445
520.0,520.0,91.802738
560.0,520.0,87.293525
600.0,520.0,83.081305
640.0,520.0,79.172698
680.0,520.0,75.57432
720.0,520.0,72.293349
760.0,520.0,69.336986
800.0,520.0,66.711717
840.0,520.0,64.42531
880.0,520.0,62.485344
920.0,520.0,60.898153
960.0,520.0,59.671067
1000.0,520.0,58.811818
1040.0,520.0,58.325989
1080.0,520.0,58.220038
1120.0,520.0,58.501201
1160.0,520.0,59.173348
1200.0,520.0,60.241982
1240.0,520.0,61.712787
1280.0,520.0,63.587803
1320.0,520.0,65.871384
1360.0,520.0,68.566485
1400.0,520.0,71.675709
1440.0,520.0,75.200449
1480.0,520.0,79.145321
1520.0,520.0,83.500847
1560.0,520.0,88.165596
1600.0,520.0,93.111886
1640.0,520.0,98.33787
1680.0,520.0,103.838988
1720.0,520.0,109.612716
-1680.0,560.0,
-1640.0,560.0,
-1600.0,560.0,
-1560.0,560.0,
-1520.0,560.0,
-1480.0,560.0,
-1440.0,560.0,
-1400.0,560.0,
-1360.0,560.0,545.426859
-1320.0,560.0,530.519974
-1280.0,560.0,515.846871
-1240.0,560.0,501.40658
-1200.0,560.0,487.198513
-1160.0,560.0,473.221196
-1120.0,560.0,459.474535
-1080.0,560.0,445.956931
-1040.0,560.0,432.668077
-1000.0,560.0,419.607225
-960.0,560.0,406.773056
-920.0,560.0,394.1654
-880.0,560.0,381.783468
-840.0,560.0,369.626135
-800.0,560.0,357.693181
-760.0,560.0,345.983953
-720.0,560.0,334.497662
-680.0,560.0,323.233758
-640.0,560.0,312.191856
-600.0,560.0,301.371453
-560.0,560.0,290.772072
-520.0,560.0,280.393153
-480.0,560.0,270.234499
-440.0,560.0,260.295792
-400.0,560.0,250.576764
-360.0,560.0,241.077204
-320.0,560.0,231.796961
-280.0,560.0,222.735931
-240.0,560.0,213.894066
-200.0,560.0,205.271461
-160.0,560.0,196.868235
-120.0,560.0,188.684583
-80.0,560.0,180.720778
-40.0,560.0,172.977171
0.0,560.0,165.454195
40.0,560.0,158.152375
80.0,560.0,151.072594
120.0,560.0,144.216346
160.0,560.0,137.585729
200.0,560.0,131.183367
240.0,560.0,125.012457
280.0,560.0,119.076597
320.0,560.0,113.379717
360.0,560.0,107.92628
400.0,560.0,102.720986
440.0,560.0,97.768712
480.0,560.0,93.074856
520.0,560.0,88.64488
560.0,560.0,84.484296
600.0,560.0,80.599103
640.0,560.0,76.995357
680.0,560.0,73.679095
720.0,560.0,70.656857
760.0,560.0,67.935229
800.0,560.0,65.520027
840.0,560.0,63.418154
880.0,560.0,61.636529
920.0,560.0,60.181036
960.0,560.0,59.057706
1000.0,560.0,58.273795
1040.0,560.0,57.834574
1080.0,560.0,57.745278
1120.0,560.0,58.01264
1160.0,560.0,58.640933
1200.0,560.0,59.633966
1240.0,560.0,60.998048
1280.0,560.0,62.73562
1320.0,560.0,64.849766
1360.0,560.0,67.34591
1400.0,560.0,70.224826
1440.0,560.0,73.490644
1480.0,560.0,77.147263
1520.0,560.0,81.187067
1560.0,560.0,85.509668
1600.0,560.0,90.088873
1640.0,560.0,94.923486
1680.0,560.0,100.010667
-1680.0,600.0,
-1640.0,600.0,
-1600.0,600.0,
-1560.0,600.0,
-1520.0,600.0,
-1480.0,600.0,
-1440.0,600.0,
-1400.0,600.0,
-1360.0,600.0,510.352288
-1320.0,600.0,496.534766
-1280.0,600.0,482.931284
-1240.0,600.0,469.541649
-1200.0,600.0,456.364278
-1160.0,600.0,443.399388
-1120.0,600.0,430.6458
-1080.0,600.0,418.10292
-1040.0,600.0,405.770461
-1000.0,600.0,393.647306
-960.0,600.0,381.733146
-920.0,600.0,370.027562
-880.0,600.0,358.529728
-840.0,600.0,347.239156
-800.0,600.0,336.155548
-760.0,600.0,325.27842
-720.0,600.0,314.607067
-680.0,600.0,304.14127
-640.0,600.0,293.880699
-600.0,600.0,283.825001
-560.0,600.0,273.973845
-520.0,600.0,264.326816
-480.0,600.0,254.883842
-440.0,600.0,245.644732
-400.0,600.0,236.60934
-360.0,600.0,227.777571
-320.0,600.0,219.149381
-280.0,600.0,210.724781
-240.0,600.0,202.503818
-200.0,600.0,194.486622
-160.0,600.0,186.673411
-120.0,600.0,179.064442
-80.0,600.0,171.660034
-40.0,600.0,164.460574
0.0,600.0,157.466514
40.0,600.0,150.678384
80.0,600.0,144.097034
120.0,600.0,137.723881
160.0,600.0,131.560897
200.0,600.0,125.610537
240.0,600.0,119.875792
280.0,600.0,114.360021
320.0,600.0,109.066888
360.0,600.0,104.00062
400.0,600.0,99.165583
440.0,600.0,94.56633
480.0,600.0,90.207891
520.0,600.0,86.095357
560.0,600.0,82.233833
600.0,600.0,78.62887
640.0,600.0,75.286069
680.0,600.0,72.210965
720.0,600.0,69.40956
760.0,600.0,66.887892
800.0,600.0,64.65132
840.0,600.0,62.705954
880.0,600.0,61.058202
920.0,600.0,59.713377
960.0,600.0,58.677103
1000.0,600.0,57.955641
1040.0,600.0,57.553936
1080.0,600.0,57.477187
1120.0,600.0,57.730833
1160.0,600.0,58.319231
1200.0,600.0,59.246666
1240.0,600.0,60.517953
1280.0,600.0,62.136579
1320.0,600.0,64.105734
1360.0,600.0,66.43017
1400.0,600.0,69.11296
1440.0,600.0,72.156396
1480.0,600.0,75.566843
1520.0,600.0,79.336313
1560.0,600.0,83.366106
1600.0,600.0,87.631344
1640.0,600.0,92.130515
1680.0,600.0,96.863152
-1680.0,640.0,
-1640.0,640.0,
-1600.0,640.0,
-1560.0,640.0,
-1520.0,640.0,
-1480.0,640.0,
-1440.0,640.0,
-1400.0,640.0,
-1360.0,640.0,
-1320.0,640.0,467.238283
-1280.0,640.0,454.555901
-1240.0,640.0,442.07024
-1200.0,640.0,429.781527
-1160.0,640.0,417.689085
-1120.0,640.0,405.791941
-1080.0,640.0,394.090176
-1040.0,640.0,382.583081
-1000.0,640.0,371.269912
-960.0,640.0,360.150633
-920.0,640.0,349.224783
-880.0,640.0,338.491502
-840.0,640.0,327.950801
-800.0,640.0,317.602312
-760.0,640.0,307.445665
-720.0,640.0,297.480254
-680.0,640.0,287.706069
-640.0,640.0,278.122834
-600.0,640.0,268.730307
-560.0,640.0,259.528277
-520.0,640.0,250.516416
-480.0,640.0,241.694749
-440.0,640.0,233.06318
-400.0,640.0,224.621651
-360.0,640.0,216.370148
-320.0,640.0,208.308704
-280.0,640.0,200.437398
-240.0,640.0,192.756361
-200.0,640.0,185.265758
-160.0,640.0,177.965822
-120.0,640.0,170.856867
-80.0,640.0,163.939237
-40.0,640.0,157.213332
0.0,640.0,150.679603
40.0,640.0,144.338567
80.0,640.0,138.191032
120.0,640.0,132.238327
160.0,640.0,126.482301
200.0,640.0,120.925246
240.0,640.0,115.569941
280.0,640.0,110.419519
320.0,640.0,105.477465
360.0,640.0,100.747693
400.0,640.0,96.2343
440.0,640.0,91.941534
480.0,640.0,87.8741
520.0,640.0,84.036757
560.0,640.0,80.434251
600.0,640.0,77.071733
640.0,640.0,73.954437
680.0,640.0,71.087459
720.0,640.0,68.476344
760.0,640.0,66.126679
800.0,640.0,64.043427
840.0,640.0,62.232073
880.0,640.0,60.698599
920.0,640.0,59.447838
960.0,640.0,58.485149
1000.0,640.0,57.815949
1040.0,640.0,57.444956
1080.0,640.0,57.377133
1120.0,640.0,57.617596
1160.0,640.0,58.170097
1200.0,640.0,59.039171
1240.0,640.0,60.229677
1280.0,640.0,61.744425
1320.0,640.0,63.587678
1360.0,640.0,65.763791
1400.0,640.0,68.275875
1440.0,640.0,71.128201
1480.0,640.0,74.325083
1520.0,640.0,77.861104
1560.0,640.0,81.637871
1600.0,640.0,85.631142
1640.0,640.0,89.840998
1680.0,640.0,94.265636
-1640.0,680.0,
-1600.0,680.0,
-1560.0,680.0,
-1520.0,680.0,
-1480.0,680.0,
-1440.0,680.0,
-1400.0,680.0,
-1360.0,680.0,
-1320.0,680.0,441.746178
-1280.0,680.0,429.864885
-1240.0,680.0,418.16702
-1200.0,680.0,406.652448
-1160.0,680.0,395.32002
-1120.0,680.0,384.169902
-1080.0,680.0,373.201755
-1040.0,680.0,362.414688
-1000.0,680.0,351.808693
-960.0,680.0,341.383511
-920.0,680.0,331.138648
-880.0,680.0,321.073628
-840.0,680.0,311.188437
-800.0,680.0,301.482784
-760.0,680.0,291.956351
-720.0,680.0,282.608729
-680.0,680.0,273.439935
-640.0,680.0,264.44978
-600.0,680.0,255.638105
-560.0,680.0,247.004778
-520.0,680.0,238.549578
-480.0,680.0,230.272549
-440.0,680.0,222.173684
-400.0,680.0,214.252988
-360.0,680.0,206.510506
-320.0,680.0,198.946323
-280.0,680.0,191.560565
-240.0,680.0,184.353401
-200.0,680.0,177.325047
-160.0,680.0,170.475762
-120.0,680.0,163.805832
-80.0,680.0,157.315629
-40.0,680.0,151.005554
0.0,680.0,144.876048
40.0,680.0,138.927602
80.0,680.0,133.160975
120.0,680.0,127.577407
160.0,680.0,122.178626
200.0,680.0,116.966743
240.0,680.0,111.944378
280.0,680.0,107.114488
320.0,680.0,102.480302
360.0,680.0,98.045487
400.0,680.0,93.813883
440.0,680.0,89.789471
480.0,680.0,85.976655
520.0,680.0,82.379898
560.0,680.0,79.003635
600.0,680.0,75.85265
640.0,680.0,72.931887
680.0,680.0,70.246054
720.0,680.0,67.800309
760.0,680.0,65.59986
800.0,680.0,63.649336
840.0,680.0,61.953723
880.0,680.0,60.518647
920.0,680.0,59.348558
960.0,680.0,58.448509
1000.0,680.0,57.823526
1040.0,680.0,57.47788
1080.0,680.0,57.416335
1120.0,680.0,57.644121
1160.0,680.0,58.164163
1200.0,680.0,58.981189
1240.0,680.0,60.100465
1280.0,680.0,61.524117
1320.0,680.0,63.256693
1360.0,680.0,65.303535
1400.0,680.0,67.666726
1440.0,680.0,70.351291
1480.0,680.0,73.362958
1520.0,680.0,76.694578
1560.0,680.0,80.2509
1600.0,680.0,84.007098
1640.0,680.0,87.963733
-1640.0,720.0,
-1600.0,720.0,
-1560.0,720.0,
-1520.0,720.0,
-1480.0,720.0,
-1440.0,720.0,
-1400.0,720.0,
-1360.0,720.0,
-1320.0,720.0,
-1280.0,720.0,408.207826
-1240.0,720.0,397.202648
-1200.0,720.0,386.368547
-1160.0,720.0,375.705134
-1120.0,720.0,365.212449
-1080.0,720.0,354.889991
-1040.0,720.0,344.737195
-1000.0,720.0,334.754174
-960.0,720.0,324.940637
-920.0,720.0,315.296048
-880.0,720.0,305.820282
-840.0,720.0,296.513253
-800.0,720.0,287.374748
-760.0,720.0,278.404491
-720.0,720.0,269.602216
-680.0,720.0,260.967965
-640.0,720.0,252.501615
-600.0,720.0,244.203067
-560.0,720.0,236.072251
-520.0,720.0,228.109041
-480.0,720.0,220.313464
-440.0,720.0,212.685592
-400.0,720.0,205.225478
-360.0,720.0,197.933205
-320.0,720.0,190.808894
-280.0,720.0,183.852702
-240.0,720.0,177.064824
-200.0,720.0,170.445491
-160.0,720.0,163.994975
-120.0,720.0,157.713584
-80.0,720.0,151.601666
-40.0,720.0,145.659605
0.0,720.0,139.88782
40.0,720.0,134.286771
80.0,720.0,128.857162
120.0,720.0,123.600149
160.0,720.0,118.517341
200.0,720.0,113.610732
240.0,720.0,108.882749
280.0,720.0,104.336158
320.0,720.0,99.97398
360.0,720.0,95.799647
400.0,720.0,91.816771
440.0,720.0,88.029084
480.0,720.0,84.440718
520.0,720.0,81.055878
560.0,720.0,77.878715
600.0,720.0,74.913685
640.0,720.0,72.165503
680.0,720.0,69.638533
720.0,720.0,67.337602
760.0,720.0,65.267602
800.0,720.0,63.432869
840.0,720.0,61.838004
880.0,720.0,60.488328
920.0,720.0,59.387986
960.0,720.0,58.541719
1000.0,720.0,57.954432
1040.0,720.0,57.629868
1080.0,720.0,57.572695
1120.0,720.0,57.788047
1160.0,720.0,58.278816
1200.0,720.0,59.049275
1240.0,720.0,60.104876
1280.0,720.0,61.448306
1320.0,720.0,63.083222
1360.0,720.0,65.015549
1400.0,720.0,67.248325
1440.0,720.0,69.785308
1480.0,720.0,72.633322
1520.0,720.0,75.785919
1560.0,720.0,79.14764
1600.0,720.0,82.695808
1640.0,720.0,86.429827
-1600.0,760.0,
-1560.0,760.0,
-1520.0,760.0,
-1480.0,760.0,
-1440.0,760.0,
-1400.0,760.0,
-1360.0,760.0,
-1320.0,760.0,
-1280.0,760.0,389.079945
-1240.0,760.0,378.688802
-1200.0,760.0,368.458064
-1160.0,760.0,358.388152
-1120.0,760.0,348.478781
-1080.0,760.0,338.72929
-1040.0,760.0,329.139669
-1000.0,760.0,319.70984
-960.0,760.0,310.439579
-920.0,760.0,301.328317
-880.0,760.0,292.376201
-840.0,760.0,283.583092
-800.0,760.0,274.948834
-760.0,760.0,266.473197
-720.0,760.0,258.156004
-680.0,760.0,249.997325
-640.0,760.0,241.997087
-600.0,760.0,234.15524
-560.0,760.0,226.471758
-520.0,760.0,218.9466
-480.0,760.0,211.579752
-440.0,760.0,204.371359
-400.0,760.0,197.321503
-360.0,760.0,190.430297
-320.0,760.0,183.697885
-280.0,760.0,177.124443
-240.0,760.0,170.710177
-200.0,760.0,164.455327
-160.0,760.0,158.360167
-120.0,760.0,152.424999
-80.0,760.0,146.650161
-40.0,760.0,141.036016
0.0,760.0,135.582958
40.0,760.0,130.291411
80.0,760.0,125.162026
120.0,760.0,120.195873
160.0,760.0,115.394454
200.0,760.0,110.759623
240.0,760.0,106.293647
280.0,760.0,101.999117
320.0,760.0,97.878861
360.0,760.0,93.936098
400.0,760.0,90.174229
440.0,760.0,86.596758
480.0,760.0,83.207575
520.0,760.0,80.010649
560.0,760.0,77.009859
600.0,760.0,74.209435
640.0,760.0,71.613837
680.0,760.0,69.227147
720.0,760.0,67.053912
760.0,760.0,65.098753
800.0,760.0,63.365742
840.0,760.0,61.859221
880.0,760.0,60.584212
920.0,760.0,59.544622
960.0,760.0,58.744944
1000.0,760.0,58.18999
1040.0,760.0,57.883088
1080.0,760.0,57.828833
1120.0,760.0,58.032227
1160.0,760.0,58.496349
1200.0,760.0,59.224909
1240.0,760.0,60.223572
1280.0,760.0,61.495302
1320.0,760.0,63.043643
1360.0,760.0,64.874347
1400.0,760.0,66.99103
1440.0,760.0,69.397663
1480.0,760.0,72.10045
1520.0,760.0,75.094112
1560.0,760.0,78.283898
1600.0,760.0,81.646997
-1600.0,800.0,
-1560.0,800.0,
-1520.0,800.0,
-1480.0,800.0,
-1440.0,800.0,
-1400.0,800.0,
-1360.0,800.0,
-1320.0,800.0,
-1280.0,800.0,
-1240.0,800.0,362.240208
-1200.0,800.0,352.548729
-1160.0,800.0,343.009042
-1120.0,800.0,333.620869
-1080.0,800.0,324.383569
-1040.0,800.0,315.297435
-1000.0,800.0,306.36228
-960.0,800.0,297.577876
-920.0,800.0,288.9438
-880.0,800.0,280.460242
-840.0,800.0,272.127076
-800.0,800.0,263.944191
-760.0,800.0,255.911405
-720.0,800.0,248.02859
-680.0,800.0,240.295847
-640.0,800.0,232.71314
-600.0,800.0,225.280456
-560.0,800.0,217.997802
-520.0,800.0,210.865209
-480.0,800.0,203.882625
-440.0,800.0,197.050237
-400.0,800.0,190.368156
-360.0,800.0,183.836516
-320.0,800.0,177.455472
-280.0,800.0,171.22521
-240.0,800.0,165.145943
-200.0,800.0,159.217911
-160.0,800.0,153.44138
-120.0,800.0,147.816644
-80.0,800.0,142.344022
-40.0,800.0,137.023855
0.0,800.0,131.856508
40.0,800.0,126.842368
80.0,800.0,121.98203
120.0,800.0,117.276486
160.0,800.0,112.727134
200.0,800.0,108.335703
240.0,800.0,104.104307
280.0,800.0,100.035379
320.0,800.0,96.131568
360.0,800.0,92.395897
400.0,800.0,88.831575
440.0,800.0,85.441901
480.0,800.0,82.230542
520.0,800.0,79.201257
560.0,800.0,76.357658
600.0,800.0,73.703837
640.0,800.0,71.243981
680.0,800.0,68.981942
720.0,800.0,66.922024
760.0,800.0,65.068621
800.0,800.0,63.425581
840.0,800.0,61.997023
880.0,800.0,60.78774
920.0,800.0,59.801442
960.0,800.0,59.042416
1000.0,800.0,58.515391
1040.0,800.0,58.223401
1080.0,800.0,58.170957
1120.0,800.0,58.362968
1160.0,800.0,58.802588
1200.0,800.0,59.493342
1240.0,800.0,60.440794
1280.0,800.0,61.648057
1320.0,800.0,63.119133
1360.0,800.0,64.85905
1400.0,800.0,66.871914
1440.0,800.0,69.16232
1480.0,800.0,71.73559
1520.0,800.0,74.587002
1560.0,800.0,77.623725
1600.0,800.0,80.821945
-1560.0,840.0,
-1520.0,840.0,
-1480.0,840.0,
-1440.0,840.0,
-1400.0,840.0,
-1360.0,840.0,
-1320.0,840.0,
-1280.0,840.0,
-1240.0,840.0,
-1200.0,840.0,338.342725
-1160.0,840.0,329.279738
-1120.0,840.0,320.360113
-1080.0,840.0,311.583633
-1040.0,840.0,302.950431
-1000.0,840.0,294.460365
-960.0,840.0,286.11318
-920.0,840.0,277.908644
-880.0,840.0,269.846903
-840.0,840.0,261.927866
-800.0,840.0,254.151461
-760.0,840.0,246.517551
-720.0,840.0,239.026027
-680.0,840.0,231.677023
-640.0,840.0,224.470532
-600.0,840.0,217.406568
-560.0,840.0,210.485164
-520.0,840.0,203.706373
-480.0,840.0,197.07022
-440.0,840.0,190.576799
-400.0,840.0,184.226288
-360.0,840.0,178.01883
-320.0,840.0,171.95459
-280.0,840.0,166.033756
-240.0,840.0,160.256539
-200.0,840.0,154.623174
-160.0,840.0,149.133919
-120.0,840.0,143.789051
-80.0,840.0,138.588869
-40.0,840.0,133.533689
0.0,840.0,128.623845
40.0,840.0,123.859688
80.0,840.0,119.241758
120.0,840.0,114.770972
160.0,840.0,110.448634
200.0,840.0,106.276353
240.0,840.0,102.256106
280.0,840.0,98.390178
320.0,840.0,94.681056
360.0,840.0,91.131582
400.0,840.0,87.744791
440.0,840.0,84.523793
480.0,840.0,81.472057
520.0,840.0,78.593145
560.0,840.0,75.890437
600.0,840.0,73.367908
640.0,840.0,71.029498
680.0,840.0,68.878861
720.0,840.0,66.92009
760.0,840.0,65.157387
800.0,840.0,63.594409
840.0,840.0,62.235081
880.0,840.0,61.084028
920.0,840.0,60.144784
960.0,840.0,59.421474
1000.0,840.0,58.918688
1040.0,840.0,58.639436
1080.0,840.0,58.587961
1120.0,840.0,58.769167
1160.0,840.0,59.186164
1200.0,840.0,59.842665
1240.0,840.0,60.743813
1280.0,840.0,61.892961
1320.0,840.0,63.294297
1360.0,840.0,64.952804
1400.0,840.0,66.872416
1440.0,840.0,69.057974
1480.0,840.0,71.5154
1520.0,840.0,74.239066
1560.0,840.0,77.137749
-1560.0,880.0,
-1520.0,880.0,
-1480.0,880.0,
-1440.0,880.0,
-1400.0,880.0,
-1360.0,880.0,
-1320.0,880.0,
-1280.0,880.0,
-1240.0,880.0,
-1200.0,880.0,325.598896
-1160.0,880.0,316.966906
-1120.0,880.0,308.470996
-1080.0,880.0,300.111296
-1040.0,880.0,291.88781
-1000.0,880.0,283.800426
-960.0,880.0,275.848882
-920.0,880.0,268.033081
-880.0,880.0,260.353139
-840.0,880.0,252.808997
-800.0,880.0,245.400608
-760.0,880.0,238.127888
-720.0,880.0,230.990717
-680.0,880.0,223.989264
-640.0,880.0,217.123546
-600.0,880.0,210.393595
-560.0,880.0,203.799464
-520.0,880.0,197.341221
-480.0,880.0,191.018956
-440.0,880.0,184.83269
-400.0,880.0,178.78263
-360.0,880.0,172.868937
-320.0,880.0,167.091778
-280.0,880.0,161.451337
-240.0,880.0,155.947824
-200.0,880.0,150.581461
-160.0,880.0,145.352495
-120.0,880.0,140.261184
-80.0,880.0,135.307807
-40.0,880.0,130.492652
0.0,880.0,125.816021
40.0,880.0,121.278229
80.0,880.0,116.879765
120.0,880.0,112.621477
160.0,880.0,108.504577
200.0,880.0,104.530568
240.0,880.0,100.7013
280.0,880.0,97.018921
320.0,880.0,93.48577
360.0,880.0,90.104524
400.0,880.0,86.878058
440.0,880.0,83.809313
480.0,880.0,80.901573
520.0,880.0,78.158172
560.0,880.0,75.58244
600.0,880.0,73.178097
640.0,880.0,70.948913
680.0,880.0,68.898369
720.0,880.0,67.030372
760.0,880.0,65.348963
800.0,880.0,63.857622
840.0,880.0,62.56014
880.0,880.0,61.460984
920.0,880.0,60.56355
960.0,880.0,59.871825
1000.0,880.0,59.390288
1040.0,880.0,59.121929
1080.0,880.0,59.070787
1120.0,880.0,59.241757
1160.0,880.0,59.637919
1200.0,880.0,60.26314
1240.0,880.0,61.122218
1280.0,880.0,62.218701
1320.0,880.0,63.556802
1360.0,880.0,65.141847
1400.0,880.0,66.977217
1440.0,880.0,69.068082
1480.0,880.0,71.420679
1520.0,880.0,74.029138
1560.0,880.0,76.803227
-1520.0,920.0,
-1480.0,920.0,
-1440.0,920.0,
-1400.0,920.0,
-1360.0,920.0,
-1320.0,920.0,
-1280.0,920.0,
-1240.0,920.0,
-1200.0,920.0,
-1160.0,920.0,305.879447
-1120.0,920.0,297.768645
-1080.0,920.0,289.78778
-1040.0,920.0,281.936757
-1000.0,920.0,274.215495
-960.0,920.0,266.623726
-920.0,920.0,259.161455
-880.0,920.0,251.828777
-840.0,920.0,244.625655
-800.0,920.0,237.552068
-760.0,920.0,230.607983
-720.0,920.0,223.793244
-680.0,920.0,217.108063
-640.0,920.0,210.55247
-600.0,920.0,204.126516
-560.0,920.0,197.830265
-520.0,920.0,191.663796
-480.0,920.0,185.627207
-440.0,920.0,179.720595
-400.0,920.0,173.944039
-360.0,920.0,168.297762
-320.0,920.0,162.781931
-280.0,920.0,157.396726
-240.0,920.0,152.142346
-200.0,920.0,147.019004
-160.0,920.0,142.02693
-120.0,920.0,137.166364
-80.0,920.0,132.437561
-40.0,920.0,127.840782
0.0,920.0,123.3763
40.0,920.0,119.044391
80.0,920.0,114.845499
120.0,920.0,110.780403
160.0,920.0,106.850236
200.0,920.0,103.056399
240.0,920.0,99.400626
280.0,920.0,95.884943
320.0,920.0,92.51155
360.0,920.0,89.282975
400.0,920.0,86.201948
440.0,920.0,83.271252
480.0,920.0,80.493978
520.0,920.0,77.873334
560.0,920.0,75.41253
600.0,920.0,73.115082
640.0,920.0,70.984611
680.0,920.0,69.024442
720.0,920.0,67.238323
760.0,920.0,65.630155
800.0,920.0,64.203249
840.0,920.0,62.961323
880.0,920.0,61.908685
920.0,920.0,61.04862
960.0,920.0,60.385001
1000.0,920.0,59.922218
1040.0,920.0,59.663239
1080.0,920.0,59.611954
1120.0,920.0,59.773242
1160.0,920.0,60.150163
1200.0,920.0,60.746665
1240.0,920.0,61.567391
1280.0,920.0,62.615923
1320.0,920.0,63.896528
1360.0,920.0,65.414739
1400.0,920.0,67.173683
1440.0,920.0,69.178572
1480.0,920.0,71.4357
1520.0,920.0,73.939808
-1520.0,960.0,
-1480.0,960.0,
-1440.0,960.0,
-1400.0,960.0,
-1360.0,960.0,
-1320.0,960.0,
-1280.0,960.0,
-1240.0,960.0,
-1200.0,960.0,
-1160.0,960.0,
-1120.0,960.0,288.100126
-1080.0,960.0,280.465154
-1040.0,960.0,272.954248
-1000.0,960.0,265.567348
-960.0,960.0,258.304197
-920.0,960.0,251.164858
-880.0,960.0,244.149419
-840.0,960.0,237.257863
-800.0,960.0,230.490185
-760.0,960.0,223.846392
-720.0,960.0,217.326324
-680.0,960.0,210.930184
-640.0,960.0,204.658034
-600.0,960.0,198.509934
-560.0,960.0,192.485956
-520.0,960.0,186.586188
-480.0,960.0,180.810731
-440.0,960.0,175.159703
-400.0,960.0,169.633206
-360.0,960.0,164.231368
-320.0,960.0,158.954404
-280.0,960.0,153.802486
-240.0,960.0,148.775804
-200.0,960.0,143.874557
-160.0,960.0,139.098957
-120.0,960.0,134.449226
-80.0,960.0,129.925594
-40.0,960.0,125.528297
0.0,960.0,121.257576
40.0,960.0,117.113676
80.0,960.0,113.096991
120.0,960.0,109.208245
160.0,960.0,105.448489
200.0,960.0,101.819038
240.0,960.0,98.321515
280.0,960.0,94.957835
320.0,960.0,91.730072
360.0,960.0,88.640618
400.0,960.0,85.692069
440.0,960.0,82.887056
480.0,960.0,80.228485
520.0,960.0,77.719533
560.0,960.0,75.363207
600.0,960.0,73.16287
640.0,960.0,71.12201
680.0,960.0,69.24382
720.0,960.0,67.531903
760.0,960.0,65.990039
800.0,960.0,64.621384
840.0,960.0,63.429618
880.0,960.0,62.418899
920.0,960.0,61.592422
960.0,960.0,60.953963
1000.0,960.0,60.507841
1040.0,960.0,60.256996
1080.0,960.0,60.205216
1120.0,960.0,60.357358
1160.0,960.0,60.716464
1200.0,960.0,61.286471
1240.0,960.0,62.072127
1280.0,960.0,63.076807
1320.0,960.0,64.304893
1360.0,960.0,65.761909
1400.0,960.0,67.451286
1440.0,960.0,69.377734
1480.0,960.0,71.547751
1520.0,960.0,73.956458
-1480.0,1000.0,
-1440.0,1000.0,
-1400.0,1000.0,
-1360.0,1000.0,
-1320.0,1000.0,
-1280.0,1000.0,
-1240.0,1000.0,
-1200.0,1000.0,
-1160.0,1000.0,
-1120.0,1000.0,
-1080.0,1000.0,272.01993
-1040.0,1000.0,264.820863
-1000.0,1000.0,257.740557
-960.0,1000.0,250.77877
-920.0,1000.0,243.935594
-880.0,1000.0,237.211122
-840.0,1000.0,230.60535
-800.0,1000.0,224.118287
-760.0,1000.0,217.749953
-720.0,1000.0,211.500253
-680.0,1000.0,205.369299
-640.0,1000.0,199.357209
-600.0,1000.0,193.464048
-560.0,1000.0,187.689896
-520.0,1000.0,182.034844
-480.0,1000.0,176.498995
-440.0,1000.0,171.082466
-400.0,1000.0,165.785386
-360.0,1000.0,160.607873
-320.0,1000.0,155.550063
-280.0,1000.0,150.612171
-240.0,1000.0,145.79437
-200.0,1000.0,141.096848
-160.0,1000.0,136.519798
-120.0,1000.0,132.063422
-80.0,1000.0,127.727928
-40.0,1000.0,123.513525
0.0,1000.0,119.420425
40.0,1000.0,115.448841
80.0,1000.0,111.599126
120.0,1000.0,107.871947
160.0,1000.0,104.268283
200.0,1000.0,100.789368
240.0,1000.0,97.436726
280.0,1000.0,94.212169
320.0,1000.0,91.117658
360.0,1000.0,88.155457
400.0,1000.0,85.328031
440.0,1000.0,82.637843
480.0,1000.0,80.087778
520.0,1000.0,77.680824
560.0,1000.0,75.419859
600.0,1000.0,73.308108
640.0,1000.0,71.348942
680.0,1000.0,69.545432
720.0,1000.0,67.901057
760.0,1000.0,66.419492
800.0,1000.0,65.103744
840.0,1000.0,63.957484
880.0,1000.0,62.984733
920.0,1000.0,62.188607
960.0,1000.0,61.572801
1000.0,1000.0,61.141574
1040.0,1000.0,60.897834
1080.0,1000.0,60.845305
1120.0,1000.0,60.988813
1160.0,1000.0,61.331388
1200.0,1000.0,61.876955
1240.0,1000.0,62.630338
1280.0,1000.0,63.594752
1320.0,1000.0,64.774665
1360.0,1000.0,66.175577
1400.0,1000.0,67.801177
1440.0,1000.0,69.655736
1480.0,1000.0,71.745908
-1440.0,1040.0,
-1400.0,1040.0,
-1360.0,1040.0,
-1320.0,1040.0,
-1280.0,1040.0,
-1240.0,1040.0,
-1200.0,1040.0,
-1160.0,1040.0,
-1120.0,1040.0,
-1080.0,1040.0,
-1040.0,1040.0,257.436093
-1000.0,1040.0,250.637951
-960.0,1040.0,243.95355
-920.0,1040.0,237.382979
-880.0,1040.0,230.926345
-840.0,1040.0,224.583657
-800.0,1040.0,218.354934
-760.0,1040.0,212.240203
-720.0,1040.0,206.239442
-680.0,1040.0,200.352652
-640.0,1040.0,194.580012
-600.0,1040.0,188.921592
-560.0,1040.0,183.377473
-520.0,1040.0,177.94775
-480.0,1040.0,172.632523
-440.0,1040.0,167.431909
-400.0,1040.0,162.346033
-360.0,1040.0,157.375029
-320.0,1040.0,152.519037
-280.0,1040.0,147.77817
-240.0,1040.0,143.152645
-200.0,1040.0,138.642634
-160.0,1040.0,134.248313
-120.0,1040.0,129.969865
-80.0,1040.0,125.807473
-40.0,1040.0,121.761324
0.0,1040.0,117.831602
40.0,1040.0,114.018489
80.0,1040.0,110.322298
120.0,1040.0,106.743646
160.0,1040.0,103.283445
200.0,1040.0,99.942857
240.0,1040.0,96.723312
280.0,1040.0,93.626531
320.0,1040.0,90.654369
360.0,1040.0,87.80895
400.0,1040.0,85.092626
440.0,1040.0,82.507827
480.0,1040.0,80.057259
520.0,1040.0,77.743796
560.0,1040.0,75.570197
600.0,1040.0,73.539566
640.0,1040.0,71.655167
680.0,1040.0,69.919966
720.0,1040.0,68.337326
760.0,1040.0,66.910831
800.0,1040.0,65.643347
840.0,1040.0,64.538563
880.0,1040.0,63.600366
920.0,1040.0,62.831805
960.0,1040.0,62.236505
1000.0,1040.0,61.818676
1040.0,1040.0,61.581189
1080.0,1040.0,61.527732
1120.0,1040.0,61.663096
1160.0,1040.0,61.990299
1200.0,1040.0,62.513252
1240.0,1040.0,63.236836
1280.0,1040.0,64.164141
1320.0,1040.0,65.299692
1360.0,1040.0,66.648962
1400.0,1040.0,68.215783
1440.0,1040.0,70.004252
-1440.0,1080.0,
-1400.0,1080.0,
-1360.0,1080.0,
-1320.0,1080.0,
-1280.0,1080.0,
-1240.0,1080.0,
-1200.0,1080.0,
-1160.0,1080.0,
-1120.0,1080.0,
-1080.0,1080.0,
-1040.0,1080.0,
-1000.0,1080.0,244.177135
-960.0,1080.0,237.748904
-920.0,1080.0,231.430092
-880.0,1080.0,225.220827
-840.0,1080.0,219.121128
-800.0,1080.0,213.131021
-760.0,1080.0,207.25054
-720.0,1080.0,201.479732
-680.0,1080.0,195.818486
-640.0,1080.0,190.267036
-600.0,1080.0,184.825457
-560.0,1080.0,179.493831
-520.0,1080.0,174.27225
-480.0,1080.0,169.160816
-440.0,1080.0,164.15964
-400.0,1080.0,159.26884
-360.0,1080.0,154.488546
-320.0,1080.0,149.818894
-280.0,1080.0,145.260026
-240.0,1080.0,140.812072
-200.0,1080.0,136.475191
-160.0,1080.0,132.249567
-120.0,1080.0,128.135362
-80.0,1080.0,124.132739
-40.0,1080.0,120.24186
0.0,1080.0,116.462883
40.0,1080.0,112.795965
80.0,1080.0,109.241378
120.0,1080.0,105.799697
160.0,1080.0,102.47177
200.0,1080.0,99.258691
240.0,1080.0,96.16181
280.0,1080.0,93.182759
320.0,1080.0,90.32325
360.0,1080.0,87.585368
400.0,1080.0,84.971383
440.0,1080.0,82.483584
480.0,1080.0,80.12456
520.0,1080.0,77.897086
560.0,1080.0,75.803813
600.0,1080.0,73.847733
640.0,1080.0,72.032014
680.0,1080.0,70.359528
720.0,1080.0,68.833534
760.0,1080.0,67.45748
800.0,1080.0,66.234266
840.0,1080.0,65.167446
880.0,1080.0,64.260838
920.0,1080.0,63.517434
960.0,1080.0,62.940795
1000.0,1080.0,62.53509
1040.0,1080.0,62.303143
1080.0,1080.0,62.24864
1120.0,1080.0,62.376326
1160.0,1080.0,62.689207
1200.0,1080.0,63.191181
1240.0,1080.0,63.887159
1280.0,1080.0,64.780147
1320.0,1080.0,65.8747
1360.0,1080.0,67.176259
1400.0,1080.0,68.688669
1440.0,1080.0,70.416178
-1400.0,1120.0,
-1360.0,1120.0,
-1320.0,1120.0,
-1280.0,1120.0,
-1240.0,1120.0,
-1200.0,1120.0,
-1160.0,1120.0,
-1120.0,1120.0,
-1080.0,1120.0,
-1040.0,1120.0,
-1000.0,1120.0,
-960.0,1120.0,232.096849
-920.0,1120.0,226.011256
-880.0,1120.0,220.031154
-840.0,1120.0,214.156566
-800.0,1120.0,208.387525
-760.0,1120.0,202.724072
-720.0,1120.0,197.166254
-680.0,1120.0,191.714042
-640.0,1120.0,186.367525
-600.0,1120.0,181.126848
-560.0,1120.0,175.992092
-520.0,1120.0,170.963348
-480.0,1120.0,166.040715
-440.0,1120.0,161.224297
-400.0,1120.0,156.514208
-360.0,1120.0,151.910568
-320.0,1120.0,147.413504
-280.0,1120.0,143.023147
-240.0,1120.0,138.739635
-200.0,1120.0,134.563107
-160.0,1120.0,130.493704
-120.0,1120.0,126.531549
-80.0,1120.0,122.676815
-40.0,1120.0,118.92964
0.0,1120.0,115.290159
40.0,1120.0,111.758501
80.0,1120.0,108.334908
120.0,1120.0,105.019909
160.0,1120.0,101.814297
200.0,1120.0,98.719095
240.0,1120.0,95.735562
280.0,1120.0,92.86527
320.0,1120.0,90.109894
360.0,1120.0,87.47138
400.0,1120.0,84.951906
440.0,1120.0,82.553664
480.0,1120.0,80.279137
520.0,1120.0,78.131008
560.0,1120.0,76.111832
600.0,1120.0,74.224496
640.0,1120.0,72.472085
680.0,1120.0,70.857383
720.0,1120.0,69.383557
760.0,1120.0,68.053914
800.0,1120.0,66.871427
840.0,1120.0,65.8395
880.0,1120.0,64.961895
920.0,1120.0,64.241555
960.0,1120.0,63.681982
1000.0,1120.0,63.28731
1040.0,1120.0,63.060312
1080.0,1120.0,63.004691
1120.0,1120.0,63.125139
1160.0,1120.0,63.424652
1200.0,1120.0,63.907114
1240.0,1120.0,64.577444
1280.0,1120.0,65.438596
1320.0,1120.0,66.495135
1360.0,1120.0,67.752461
1400.0,1120.0,69.214432
-1360.0,1160.0,
-1320.0,1160.0,
-1280.0,1160.0,
-1240.0,1160.0,
-1200.0,1160.0,
-1160.0,1160.0,
-1120.0,1160.0,
-1080.0,1160.0,
-1040.0,1160.0,
-1000.0,1160.0,
-960.0,1160.0,
-920.0,1160.0,221.070053
-880.0,1160.0,215.302842
-840.0,1160.0,209.637389
-800.0,1160.0,204.073729
-760.0,1160.0,198.611906
-720.0,1160.0,193.25197
-680.0,1160.0,187.993972
-640.0,1160.0,182.837849
-600.0,1160.0,177.783818
-560.0,1160.0,172.83196
-520.0,1160.0,167.982361
-480.0,1160.0,163.235115
-440.0,1160.0,158.590323
-400.0,1160.0,154.04809
-360.0,1160.0,149.608527
-320.0,1160.0,145.271752
-280.0,1160.0,141.037885
-240.0,1160.0,136.907049
-200.0,1160.0,132.879369
-160.0,1160.0,128.954973
-120.0,1160.0,125.133985
-80.0,1160.0,121.416529
-40.0,1160.0,117.802724
0.0,1160.0,114.292682
40.0,1160.0,110.886509
80.0,1160.0,107.584412
120.0,1160.0,104.386887
160.0,1160.0,101.294672
200.0,1160.0,98.308746
240.0,1160.0,95.430311
280.0,1160.0,92.660852
320.0,1160.0,90.001962
360.0,1160.0,87.4555
400.0,1160.0,85.023561
440.0,1160.0,82.708247
480.0,1160.0,80.511945
520.0,1160.0,78.437254
560.0,1160.0,76.48664
600.0,1160.0,74.662896
640.0,1160.0,72.969031
680.0,1160.0,71.407748
720.0,1160.0,69.982092
760.0,1160.0,68.695348
800.0,1160.0,67.550463
840.0,1160.0,66.550729
880.0,1160.0,65.699862
920.0,1160.0,65.000756
960.0,1160.0,64.456866
1000.0,1160.0,64.072289
1040.0,1160.0,63.849743
1080.0,1160.0,63.79297
1120.0,1160.0,63.906597
1160.0,1160.0,64.193611
1200.0,1160.0,64.657883
1240.0,1160.0,65.304318
1280.0,1160.0,66.13585
1320.0,1160.0,67.157033
1360.0,1160.0,68.373223
-1320.0,1200.0,
-1280.0,1200.0,
-1240.0,1200.0,
-1200.0,1200.0,
-1160.0,1200.0,
-1120.0,1200.0,
-1080.0,1200.0,
-1040.0,1200.0,
-1000.0,1200.0,
-960.0,1200.0,
-920.0,1200.0,
-880.0,1200.0,210.988821
-840.0,1200.0,205.518164
-800.0,1200.0,200.145806
-760.0,1200.0,194.871792
-720.0,1200.0,189.696174
-680.0,1200.0,184.619011
-640.0,1200.0,179.6403
-600.0,1200.0,174.760113
-560.0,1200.0,169.978603
-520.0,1200.0,165.295851
-480.0,1200.0,160.711946
-440.0,1200.0,156.226981
-400.0,1200.0,151.841056
-360.0,1200.0,147.554274
-320.0,1200.0,143.366739
-280.0,1200.0,139.278562
-240.0,1200.0,135.289852
-200.0,1200.0,131.400722
-160.0,1200.0,127.611281
-120.0,1200.0,123.921639
-80.0,1200.0,120.3319
-40.0,1200.0,116.842163
0.0,1200.0,113.452523
40.0,1200.0,110.163061
80.0,1200.0,106.973957
120.0,1200.0,103.885671
160.0,1200.0,100.898895
200.0,1200.0,98.014557
240.0,1200.0,95.233793
280.0,1200.0,92.558026
320.0,1200.0,89.988775
360.0,1200.0,87.527817
400.0,1200.0,85.177174
440.0,1200.0,82.938863
480.0,1200.0,80.815183
520.0,1200.0,78.808658
560.0,1200.0,76.921671
600.0,1200.0,75.156929
640.0,1200.0,73.517371
680.0,1200.0,72.005627
720.0,1200.0,70.624583
760.0,1200.0,69.377637
800.0,1200.0,68.267587
840.0,1200.0,67.297664
880.0,1200.0,66.471538
920.0,1200.0,65.792065
960.0,1200.0,65.26265
1000.0,1200.0,64.88736
1040.0,1200.0,64.668848
1080.0,1200.0,64.610923
1120.0,1200.0,64.718115
1160.0,1200.0,64.993427
1200.0,1200.0,65.440703
1240.0,1200.0,66.064817
1280.0,1200.0,66.86872
1320.0,1200.0,67.856924
-1280.0,1240.0,
-1240.0,1240.0,
-1200.0,1240.0,
-1160.0,1240.0,
-1120.0,1240.0,
-1080.0,1240.0,
-1040.0,1240.0,
-1000.0,1240.0,
-960.0,1240.0,
-920.0,1240.0,
-880.0,1240.0,
-840.0,1240.0,
-800.0,1240.0,196.565689
-760.0,1240.0,191.467029
-720.0,1240.0,186.463505
-680.0,1240.0,181.555172
-640.0,1240.0,176.742095
-600.0,1240.0,172.024235
-560.0,1240.0,167.401759
-520.0,1240.0,162.874766
-480.0,1240.0,158.44334
-440.0,1240.0,154.107568
-400.0,1240.0,149.86754
-360.0,1240.0,145.72335
-320.0,1240.0,141.675094
-280.0,1240.0,137.722871
-240.0,1240.0,133.866777
-200.0,1240.0,130.106911
-160.0,1240.0,126.443368
-120.0,1240.0,122.876241
-80.0,1240.0,119.405619
-40.0,1240.0,116.031583
0.0,1240.0,112.754207
40.0,1240.0,109.573554
80.0,1240.0,106.489777
120.0,1240.0,103.503305
160.0,1240.0,100.614786
200.0,1240.0,97.825103
240.0,1240.0,95.135333
280.0,1240.0,92.546839
320.0,1240.0,90.061074
360.0,1240.0,87.67974
400.0,1240.0,85.404791
440.0,1240.0,83.238168
480.0,1240.0,81.182089
520.0,1240.0,79.239006
560.0,1240.0,77.411229
600.0,1240.0,75.701384
640.0,1240.0,74.112346
680.0,1240.0,72.646616
720.0,1240.0,71.307114
760.0,1240.0,70.097167
800.0,1240.0,69.019497
840.0,1240.0,68.077272
880.0,1240.0,67.274125
920.0,1240.0,66.612873
960.0,1240.0,66.096874
1000.0,1240.0,65.730129
1040.0,1240.0,65.515341
1080.0,1240.0,65.456277
1120.0,1240.0,65.557407
1160.0,1240.0,65.821746
1200.0,1240.0,66.25311
1240.0,1240.0,66.856333
1280.0,1240.0,67.634391
-1240.0,1280.0,
-1200.0,1280.0,
-1160.0,1280.0,
-1120.0,1280.0,
-1080.0,1280.0,
-1040.0,1280.0,
-1000.0,1280.0,
-960.0,1280.0,
-920.0,1280.0,
-880.0,1280.0,
-840.0,1280.0,
-800.0,1280.0,
-760.0,1280.0,188.365583
-720.0,1280.0,183.523096
-680.0,1280.0,178.772745
-640.0,1280.0,174.114591
-600.0,1280.0,169.548688
-560.0,1280.0,165.075012
-520.0,1280.0,160.693748
-480.0,1280.0,156.404975
-440.0,1280.0,152.208771
-400.0,1280.0,148.105221
-360.0,1280.0,144.094408
-320.0,1280.0,140.17642
-280.0,1280.0,136.351342
-240.0,1280.0,132.619261
-200.0,1280.0,128.980262
-160.0,1280.0,125.434426
-120.0,1280.0,121.981831
-80.0,1280.0,118.62255
-40.0,1280.0,115.356648
0.0,1280.0,112.184181
40.0,1280.0,109.105197
80.0,1280.0,106.119823
120.0,1280.0,103.228458
160.0,1280.0,100.431713
200.0,1280.0,97.730428
240.0,1280.0,95.125627
280.0,1280.0,92.618616
320.0,1280.0,90.210791
360.0,1280.0,87.903783
400.0,1280.0,85.699483
440.0,1280.0,83.599764
480.0,1280.0,81.606767
520.0,1280.0,79.722881
560.0,1280.0,77.950347
600.0,1280.0,76.291715
640.0,1280.0,74.749777
680.0,1280.0,73.326959
720.0,1280.0,72.026223
760.0,1280.0,70.850779
800.0,1280.0,69.803297
840.0,1280.0,68.886892
880.0,1280.0,68.105158
920.0,1280.0,67.460878
960.0,1280.0,66.957365
1000.0,1280.0,66.598532
1040.0,1280.0,66.387193
1080.0,1280.0,66.327021
1120.0,1280.0,66.422438
1160.0,1280.0,66.676473
1200.0,1280.0,67.092914
1240.0,1280.0,67.676542
-1200.0,1320.0,
-1160.0,1320.0,
-1120.0,1320.0,
-1080.0,1320.0,
-1040.0,1320.0,
-1000.0,1320.0,
-960.0,1320.0,
-920.0,1320.0,
-880.0,1320.0,
-840.0,1320.0,
-800.0,1320.0,
-760.0,1320.0,
-720.0,1320.0,
-680.0,1320.0,176.24567
-640.0,1320.0,171.73278
-600.0,1320.0,167.309276
-560.0,1320.0,162.975198
-520.0,1320.0,158.730561
-480.0,1320.0,154.575521
-440.0,1320.0,150.510154
-400.0,1320.0,146.534532
-360.0,1320.0,142.648734
-320.0,1320.0,138.852834
-280.0,1320.0,135.14691
-240.0,1320.0,131.531035
-200.0,1320.0,128.005283
-160.0,1320.0,124.569723
-120.0,1320.0,121.224418
-80.0,1320.0,117.969426
-40.0,1320.0,114.804798
0.0,1320.0,111.730575
40.0,1320.0,108.746787
80.0,1320.0,105.85354
120.0,1320.0,103.051208
160.0,1320.0,100.340365
200.0,1320.0,97.721813
240.0,1320.0,95.196529
280.0,1320.0,92.765763
320.0,1320.0,90.430862
360.0,1320.0,88.193391
400.0,1320.0,86.055184
440.0,1320.0,84.018049
480.0,1320.0,82.084058
520.0,1320.0,80.255541
560.0,1320.0,78.534675
600.0,1320.0,76.923932
640.0,1320.0,75.425977
680.0,1320.0,74.043355
720.0,1320.0,72.778871
760.0,1320.0,71.63569
800.0,1320.0,70.616436
840.0,1320.0,69.724171
880.0,1320.0,68.962456
920.0,1320.0,68.334038
960.0,1320.0,67.842189
1000.0,1320.0,67.490727
1040.0,1320.0,67.282592
1080.0,1320.0,67.221353
1120.0,1320.0,67.311388
1160.0,1320.0,67.555736
1200.0,1320.0,67.958155
-1160.0,1360.0,
-1120.0,1360.0,
-1080.0,1360.0,
-1040.0,1360.0,
-1000.0,1360.0,
-960.0,1360.0,
-920.0,1360.0,
-880.0,1360.0,
-840.0,1360.0,
-800.0,1360.0,
-760.0,1360.0,
-720.0,1360.0,
-680.0,1360.0,
-640.0,1360.0,
-600.0,1360.0,165.284848
-560.0,1360.0,161.081849
-520.0,1360.0,156.965627
-480.0,1360.0,152.936203
-440.0,1360.0,148.993721
-400.0,1360.0,145.138247
-360.0,1360.0,141.369849
-320.0,1360.0,137.688595
-280.0,1360.0,134.09455
-240.0,1360.0,130.587779
-200.0,1360.0,127.168342
-160.0,1360.0,123.836296
-120.0,1360.0,120.591692
-80.0,1360.0,117.434576
-40.0,1360.0,114.364984
0.0,1360.0,111.382943
40.0,1360.0,108.488469
80.0,1360.0,105.681648
120.0,1360.0,102.96283
160.0,1360.0,100.332556
200.0,1360.0,97.791594
240.0,1360.0,95.340879
280.0,1360.0,92.981607
320.0,1360.0,90.715082
360.0,1360.0,88.542806
400.0,1360.0,86.466563
440.0,1360.0,84.488101
480.0,1360.0,82.609426
520.0,1360.0,80.832815
560.0,1360.0,79.16038
600.0,1360.0,77.59444
640.0,1360.0,76.137807
680.0,1360.0,74.792869
720.0,1360.0,73.562372
760.0,1360.0,72.44944
800.0,1360.0,71.456653
840.0,1360.0,70.587023
880.0,1360.0,69.844078
920.0,1360.0,69.230532
960.0,1360.0,68.749599
1000.0,1360.0,68.405054
1040.0,1360.0,68.199912
1080.0,1360.0,68.137658
1120.0,1360.0,68.222621
1160.0,1360.0,68.457851
-1120.0,1400.0,
-1080.0,1400.0,
-1040.0,1400.0,
-1000.0,1400.0,
-960.0,1400.0,
-920.0,1400.0,
-880.0,1400.0,
-840.0,1400.0,
-800.0,1400.0,
-760.0,1400.0,
-720.0,1400.0,
-680.0,1400.0,
-640.0,1400.0,
-600.0,1400.0,
-560.0,1400.0,
-520.0,1400.0,155.381562
-480.0,1400.0,151.470425
-440.0,1400.0,147.643571
-400.0,1400.0,143.901141
-360.0,1400.0,140.243196
-320.0,1400.0,136.669793
-280.0,1400.0,133.180989
-240.0,1400.0,129.776839
-200.0,1400.0,126.457391
-160.0,1400.0,123.222692
-120.0,1400.0,120.072782
-80.0,1400.0,117.007692
-40.0,1400.0,114.027448
0.0,1400.0,111.132063
40.0,1400.0,108.321542
80.0,1400.0,105.595952
120.0,1400.0,102.95562
160.0,1400.0,100.40106
200.0,1400.0,97.933007
240.0,1400.0,95.552355
280.0,1400.0,93.260256
320.0,1400.0,91.05797
360.0,1400.0,88.946944
400.0,1400.0,86.928914
440.0,1400.0,85.005573
480.0,1400.0,83.178865
520.0,1400.0,81.451002
560.0,1400.0,79.823983
600.0,1400.0,78.300234
640.0,1400.0,76.882427
680.0,1400.0,75.572901
720.0,1400.0,74.374345
760.0,1400.0,73.289844
800.0,1400.0,72.321936
840.0,1400.0,71.473586
880.0,1400.0,70.74829
920.0,1400.0,70.148731
960.0,1400.0,69.677998
1000.0,1400.0,69.340015
1040.0,1400.0,69.137689
1080.0,1400.0,69.074477
1120.0,1400.0,69.154661
-1080.0,1440.0,
-1040.0,1440.0,
-1000.0,1440.0,
-960.0,1440.0,
-920.0,1440.0,
-880.0,1440.0,
-840.0,1440.0,
-800.0,1440.0,
-760.0,1440.0,
-720.0,1440.0,
-680.0,1440.0,
-640.0,1440.0,
-600.0,1440.0,
-560.0,1440.0,
-520.0,1440.0,
-480.0,1440.0,
-440.0,1440.0,
-400.0,1440.0,142.809711
-360.0,1440.0,139.25586
-320.0,1440.0,135.784092
-280.0,1440.0,132.394456
-240.0,1440.0,129.086996
-200.0,1440.0,125.861751
-160.0,1440.0,122.718759
-120.0,1440.0,119.658046
-80.0,1440.0,116.679636
-40.0,1440.0,113.78354
0.0,1440.0,110.969763
40.0,1440.0,108.238296
80.0,1440.0,105.58919
120.0,1440.0,103.022754
160.0,1440.0,100.539474
200.0,1440.0,98.140057
240.0,1440.0,95.82536
280.0,1440.0,93.596491
320.0,1440.0,91.454673
360.0,1440.0,89.401302
400.0,1440.0,87.438067
440.0,1440.0,85.566611
480.0,1440.0,83.788781
520.0,1440.0,82.106756
560.0,1440.0,80.522583
600.0,1440.0,79.038559
640.0,1440.0,77.657314
680.0,1440.0,76.381138
720.0,1440.0,75.212667
760.0,1440.0,74.154951
800.0,1440.0,73.210487
840.0,1440.0,72.382192
880.0,1440.0,71.673536
920.0,1440.0,71.087168
960.0,1440.0,70.626055
1000.0,1440.0,70.294262
1040.0,1440.0,70.094599
1080.0,1440.0,70.030489
-1000.0,1480.0,
-960.0,1480.0,
-920.0,1480.0,
-880.0,1480.0,
-840.0,1480.0,
-800.0,1480.0,
-760.0,1480.0,
-720.0,1480.0,
-680.0,1480.0,
-640.0,1480.0,
-600.0,1480.0,
-560.0,1480.0,
-520.0,1480.0,
-480.0,1480.0,
-440.0,1480.0,
-400.0,1480.0,
-360.0,1480.0,
-320.0,1480.0,
-280.0,1480.0,
-240.0,1480.0,
-200.0,1480.0,125.371921
-160.0,1480.0,122.315463
-120.0,1480.0,119.338912
-80.0,1480.0,116.442279
-40.0,1480.0,113.625568
0.0,1480.0,110.888772
40.0,1480.0,108.231873
80.0,1480.0,105.654907
120.0,1480.0,103.158164
160.0,1480.0,100.742107
200.0,1480.0,98.407416
240.0,1480.0,96.154917
280.0,1480.0,93.985674
320.0,1480.0,91.900877
360.0,1480.0,89.901876
400.0,1480.0,87.990304
440.0,1480.0,86.16771
480.0,1480.0,84.435983
520.0,1480.0,82.797261
560.0,1480.0,81.253506
600.0,1480.0,79.80696
640.0,1480.0,78.460214
680.0,1480.0,77.215513
720.0,1480.0,76.075441
760.0,1480.0,75.043014
800.0,1480.0,74.120691
840.0,1480.0,73.311344
880.0,1480.0,72.618413
920.0,1480.0,72.044427
960.0,1480.0,71.592499
1000.0,1480.0,71.266568
-960.0,1520.0,
-920.0,1520.0,
-880.0,1520.0,
-840.0,1520.0,
-800.0,1520.0,
-760.0,1520.0,
-720.0,1520.0,
-680.0,1520.0,
-640.0,1520.0,
-600.0,1520.0,
-560.0,1520.0,
-520.0,1520.0,
-480.0,1520.0,
-440.0,1520.0,
-400.0,1520.0,
-360.0,1520.0,
-320.0,1520.0,
-280.0,1520.0,
-240.0,1520.0,
-200.0,1520.0,
-160.0,1520.0,
-120.0,1520.0,
-80.0,1520.0,
-40.0,1520.0,
0.0,1520.0,
40.0,1520.0,
80.0,1520.0,
120.0,1520.0,
160.0,1520.0,
200.0,1520.0,
240.0,1520.0,
280.0,1520.0,
320.0,1520.0,
360.0,1520.0,
400.0,1520.0,
440.0,1520.0,
480.0,1520.0,
520.0,1520.0,
560.0,1520.0,
600.0,1520.0,
640.0,1520.0,
680.0,1520.0,
720.0,1520.0,
760.0,1520.0,
800.0,1520.0,
840.0,1520.0,
880.0,1520.0,
920.0,1520.0,
960.0,1520.0,
-880.0,1560.0,
-840.0,1560.0,
-800.0,1560.0,
-760.0,1560.0,
-720.0,1560.0,
-680.0,1560.0,
-640.0,1560.0,
-600.0,1560.0,
-560.0,1560.0,
-520.0,1560.0,
-480.0,1560.0,
-440.0,1560.0,
-400.0,1560.0,
-360.0,1560.0,
-320.0,1560.0,
-280.0,1560.0,
-240.0,1560.0,
-200.0,1560.0,
-160.0,1560.0,
-120.0,1560.0,
-80.0,1560.0,
-40.0,1560.0,
0.0,1560.0,
40.0,1560.0,
80.0,1560.0,
120.0,1560.0,
160.0,1560.0,
200.0,1560.0,
240.0,1560.0,
280.0,1560.0,
320.0,1560.0,
360.0,1560.0,
400.0,1560.0,
440.0,1560.0,
480.0,1560.0,
520.0,1560.0,
560.0,1560.0,
600.0,1560.0,
640.0,1560.0,
680.0,1560.0,
720.0,1560.0,
760.0,1560.0,
800.0,1560.0,
840.0,1560.0,
880.0,1560.0,
-800.0,1600.0,
-760.0,1600.0,
-720.0,1600.0,
-680.0,1600.0,
-640.0,1600.0,
-600.0,1600.0,
-560.0,1600.0,
-520.0,1600.0,
-480.0,1600.0,
-440.0,1600.0,
-400.0,1600.0,
-360.0,1600.0,
-320.0,1600.0,
-280.0,1600.0,
-240.0,1600.0,
-200.0,1600.0,
-160.0,1600.0,
-120.0,1600.0,
-80.0,1600.0,
-40.0,1600.0,
0.0,1600.0,
40.0,1600.0,
80.0,1600.0,
120.0,1600.0,
160.0,1600.0,
200.0,1600.0,
240.0,1600.0,
280.0,1600.0,
320.0,1600.0,
360.0,1600.0,
400.0,1600.0,
440.0,1600.0,
480.0,1600.0,
520.0,1600.0,
560.0,1600.0,
600.0,1600.0,
640.0,1600.0,
680.0,1600.0,
720.0,1600.0,
760.0,1600.0,
800.0,1600.0,
-720.0,1640.0,
-680.0,1640.0,
-640.0,1640.0,
-600.0,1640.0,
-560.0,1640.0,
-520.0,1640.0,
-480.0,1640.0,
-440.0,1640.0,
-400.0,1640.0,
-360.0,1640.0,
-320.0,1640.0,
-280.0,1640.0,
-240.0,1640.0,
-200.0,1640.0,
-160.0,1640.0,
-120.0,1640.0,
-80.0,1640.0,
-40.0,1640.0,
0.0,1640.0,
40.0,1640.0,
80.0,1640.0,
120.0,1640.0,
160.0,1640.0,
200.0,1640.0,
240.0,1640.0,
280.0,1640.0,
320.0,1640.0,
360.0,1640.0,
400.0,1640.0,
440.0,1640.0,
480.0,1640.0,
520.0,1640.0,
560.0,1640.0,
600.0,1640.0,
640.0,1640.0,
680.0,1640.0,
720.0,1640.0,
-640.0,1680.0,
-600.0,1680.0,
-560.0,1680.0,
-520.0,1680.0,
-480.0,1680.0,
-440.0,1680.0,
-400.0,1680.0,
-360.0,1680.0,
-320.0,1680.0,
-280.0,1680.0,
-240.0,1680.0,
-200.0,1680.0,
-160.0,1680.0,
-120.0,1680.0,
-80.0,1680.0,
-40.0,1680.0,
0.0,1680.0,
40.0,1680.0,
80.0,1680.0,
120.0,1680.0,
160.0,1680.0,
200.0,1680.0,
240.0,1680.0,
280.0,1680.0,
320.0,1680.0,
360.0,1680.0,
400.0,1680.0,
440.0,1680.0,
480.0,1680.0,
520.0,1680.0,
560.0,1680.0,
600.0,1680.0,
640.0,1680.0,
-520.0,1720.0,
-480.0,1720.0,
-440.0,1720.0,
-400.0,1720.0,
-360.0,1720.0,
-320.0,1720.0,
-280.0,1720.0,
-240.0,1720.0,
-200.0,1720.0,
-160.0,1720.0,
-120.0,1720.0,
-80.0,1720.0,
-40.0,1720.0,
0.0,1720.0,
40.0,1720.0,
80.0,1720.0,
120.0,1720.0,
160.0,1720.0,
200.0,1720.0,
240.0,1720.0,
280.0,1720.0,
320.0,1720.0,
360.0,1720.0,
400.0,1720.0,
440.0,1720.0,
480.0,1720.0,
520.0,1720.0,
-360.0,1760.0,
-320.0,1760.0,
-280.0,1760.0,
-240.0,1760.0,
-200.0,1760.0,
-160.0,1760.0,
-120.0,1760.0,
-80.0,1760.0,
-40.0,1760.0,
0.0,1760.0,
40.0,1760.0,
80.0,1760.0,
120.0,1760.0,
160.0,1760.0,
200.0,1760.0,
240.0,1760.0,
280.0,1760.0,
320.0,1760.0,
360.0,1760.0,
0.0,1800.0,
