x_m,y_m,E_diam_given_detectable_m
0.0,-1800.0,
-360.0,-1760.0,
-320.0,-1760.0,
-280.0,-1760.0,
-240.0,-1760.0,
-200.0,-1760.0,
-160.0,-1760.0,
-120.0,-1760.0,
-80.0,-1760.0,
-40.0,-1760.0,
0.0,-1760.0,
40.0,-1760.0,
80.0,-1760.0,
120.0,-1760.0,
160.0,-1760.0,
200.0,-1760.0,
240.0,-1760.0,
280.0,-1760.0,
320.0,-1760.0,
360.0,-1760.0,
-520.0,-1720.0,
-480.0,-1720.0,
-440.0,-1720.0,
-400.0,-1720.0,
-360.0,-1720.0,
-320.0,-1720.0,
-280.0,-1720.0,
-240.0,-1720.0,
-200.0,-1720.0,
-160.0,-1720.0,
-120.0,-1720.0,
-80.0,-1720.0,
-40.0,-1720.0,
0.0,-1720.0,
40.0,-1720.0,
80.0,-1720.0,
120.0,-1720.0,
160.0,-1720.0,
200.0,-1720.0,
240.0,-1720.0,
280.0,-1720.0,
320.0,-1720.0,
360.0,-1720.0,
400.0,-1720.0,
440.0,-1720.0,
480.0,-1720.0,
520.0,-1720.0,
-640.0,-1680.0,
-600.0,-1680.0,
-560.0,-1680.0,
-520.0,-1680.0,
-480.0,-1680.0,
-440.0,-1680.0,
-400.0,-1680.0,
-360.0,-1680.0,
-320.0,-1680.0,
-280.0,-1680.0,
-240.0,-1680.0,
-200.0,-1680.0,
-160.0,-1680.0,
-120.0,-1680.0,
-80.0,-1680.0,
-40.0,-1680.0,
0.0,-1680.0,
40.0,-1680.0,
80.0,-1680.0,
120.0,-1680.0,
160.0,-1680.0,
200.0,-1680.0,
240.0,-1680.0,
280.0,-1680.0,
320.0,-1680.0,
360.0,-1680.0,
400.0,-1680.0,
440.0,-1680.0,
480.0,-1680.0,
520.0,-1680.0,
560.0,-1680.0,
600.0,-1680.0,
640.0,-1680.0,
-720.0,-1640.0,
-680.0,-1640.0,
-640.0,-1640.0,
-600.0,-1640.0,
-560.0,-1640.0,
-520.0,-1640.0,
-480.0,-1640.0,
-440.0,-1640.0,
-400.0,-1640.0,
-360.0,-1640.0,
-320.0,-1640.0,
-280.0,-1640.0,
-240.0,-1640.0,
-200.0,-1640.0,
-160.0,-1640.0,
-120.0,-1640.0,
-80.0,-1640.0,
-40.0,-1640.0,
0.0,-1640.0,
40.0,-1640.0,
80.0,-1640.0,
120.0,-1640.0,
160.0,-1640.0,
200.0,-1640.0,
240.0,-1640.0,
280.0,-1640.0,
320.0,-1640.0,
360.0,-1640.0,
400.0,-1640.0,
440.0,-1640.0,
480.0,-1640.0,
520.0,-1640.0,
560.0,-1640.0,
600.0,-1640.0,
640.0,-1640.0,
680.0,-1640.0,
720.0,-1640.0,
-800.0,-1600.0,
-760.0,-1600.0,
-720.0,-1600.0,
-680.0,-1600.0,
-640.0,-1600.0,
-600.0,-1600.0,
-560.0,-1600.0,
-520.0,-1600.0,
-480.0,-1600.0,
-440.0,-1600.0,
-400.0,-1600.0,
-360.0,-1600.0,
-320.0,-1600.0,
-280.0,-1600.0,
-240.0,-1600.0,
-200.0,-1600.0,
-160.0,-1600.0,
-120.0,-1600.0,
-80.0,-1600.0,
-40.0,-1600.0,
0.0,-1600.0,
40.0,-1600.0,
80.0,-1600.0,
120.0,-1600.0,
160.0,-1600.0,
200.0,-1600.0,
240.0,-1600.0,
280.0,-1600.0,
320.0,-1600.0,
360.0,-1600.0,
400.0,-1600.0,
440.0,-1600.0,
480.0,-1600.0,
520.0,-1600.0,
560.0,-1600.0,
600.0,-1600.0,
640.0,-1600.0,
680.0,-1600.0,
720.0,-1600.0,
760.0,-1600.0,
800.0,-1600.0,
-880.0,-1560.0,
-840.0,-1560.0,
-800.0,-1560.0,
-760.0,-1560.0,
-720.0,-1560.0,
-680.0,-1560.0,
-640.0,-1560.0,
-600.0,-1560.0,
-560.0,-1560.0,
-520.0,-1560.0,
-480.0,-1560.0,
-440.0,-1560.0,
-400.0,-1560.0,
-360.0,-1560.0,
-320.0,-1560.0,
-280.0,-1560.0,
-240.0,-1560.0,
-200.0,-1560.0,
-160.0,-1560.0,
-120.0,-1560.0,
-80.0,-1560.0,
-40.0,-1560.0,
0.0,-1560.0,
40.0,-1560.0,
80.0,-1560.0,
120.0,-1560.0,
160.0,-1560.0,
200.0,-1560.0,
240.0,-1560.0,
280.0,-1560.0,
320.0,-1560.0,
360.0,-1560.0,
400.0,-1560.0,
440.0,-1560.0,
480.0,-1560.0,
520.0,-1560.0,
560.0,-1560.0,
600.0,-1560.0,
640.0,-1560.0,
680.0,-1560.0,
720.0,-1560.0,
760.0,-1560.0,
800.0,-1560.0,
840.0,-1560.0,
880.0,-1560.0,
-960.0,-1520.0,
-920.0,-1520.0,
-880.0,-1520.0,
-840.0,-1520.0,
-800.0,-1520.0,
-760.0,-1520.0,
-720.0,-1520.0,
-680.0,-1520.0,
-640.0,-1520.0,
-600.0,-1520.0,
-560.0,-1520.0,
-520.0,-1520.0,
-480.0,-1520.0,
-440.0,-1520.0,
-400.0,-1520.0,
-360.0,-1520.0,
-320.0,-1520.0,
-280.0,-1520.0,
-240.0,-1520.0,
-200.0,-1520.0,
-160.0,-1520.0,
-120.0,-1520.0,
-80.0,-1520.0,
-40.0,-1520.0,
0.0,-1520.0,
40.0,-1520.0,
80.0,-1520.0,
120.0,-1520.0,
160.0,-1520.0,
200.0,-1520.0,
240.0,-1520.0,
280.0,-1520.0,
320.0,-1520.0,
360.0,-1520.0,
400.0,-1520.0,
440.0,-1520.0,
480.0,-1520.0,
520.0,-1520.0,
560.0,-1520.0,
600.0,-1520.0,
640.0,-1520.0,
680.0,-1520.0,
720.0,-1520.0,
760.0,-1520.0,
800.0,-1520.0,
840.0,-1520.0,
880.0,-1520.0,
920.0,-1520.0,
960.0,-1520.0,
-1000.0,-1480.0,
-960.0,-1480.0,
-920.0,-1480.0,
-880.0,-1480.0,
-840.0,-1480.0,
-800.0,-1480.0,
-760.0,-1480.0,
-720.0,-1480.0,
-680.0,-1480.0,
-640.0,-1480.0,
-600.0,-1480.0,
-560.0,-1480.0,
-520.0,-1480.0,
-480.0,-1480.0,
-440.0,-1480.0,
-400.0,-1480.0,
-360.0,-1480.0,
-320.0,-1480.0,
-280.0,-1480.0,
-240.0,-1480.0,
-200.0,-1480.0,89.067329
-160.0,-1480.0,86.915428
-120.0,-1480.0,84.841081
-80.0,-1480.0,82.844187
-40.0,-1480.0,80.924626
0.0,-1480.0,79.082265
40.0,-1480.0,77.316952
80.0,-1480.0,75.62867
120.0,-1480.0,74.017978
160.0,-1480.0,72.485862
200.0,-1480.0,71.033765
240.0,-1480.0,69.663564
280.0,-1480.0,68.377575
320.0,-1480.0,67.17854
360.0,-1480.0,66.069617
400.0,-1480.0,65.054362
440.0,-1480.0,64.136727
480.0,-1480.0,63.32104
520.0,-1480.0,62.611995
560.0,-1480.0,62.014642
600.0,-1480.0,61.534375
640.0,-1480.0,61.17679
680.0,-1480.0,60.948018
720.0,-1480.0,60.854463
760.0,-1480.0,60.9028
800.0,-1480.0,61.100004
840.0,-1480.0,61.453344
880.0,-1480.0,61.970384
920.0,-1480.0,62.65882
960.0,-1480.0,63.526789
1000.0,-1480.0,64.582847
-1080.0,-1440.0,
-1040.0,-1440.0,
-1000.0,-1440.0,
-960.0,-1440.0,
-920.0,-1440.0,
-880.0,-1440.0,
-840.0,-1440.0,
-800.0,-1440.0,
-760.0,-1440.0,
-720.0,-1440.0,
-680.0,-1440.0,
-640.0,-1440.0,
-600.0,-1440.0,
-560.0,-1440.0,
-520.0,-1440.0,
-480.0,-1440.0,
-440.0,-1440.0,
-400.0,-1440.0,100.888784
-360.0,-1440.0,98.277157
-320.0,-1440.0,95.745707
-280.0,-1440.0,93.294396
-240.0,-1440.0,90.923176
-200.0,-1440.0,88.631985
-160.0,-1440.0,86.420752
-120.0,-1440.0,84.28939
-80.0,-1440.0,82.237799
-40.0,-1440.0,80.26586
0.0,-1440.0,78.37344
40.0,-1440.0,76.560387
80.0,-1440.0,74.826689
120.0,-1440.0,73.17292
160.0,-1440.0,71.600093
200.0,-1440.0,70.109684
240.0,-1440.0,68.703616
280.0,-1440.0,67.38426
320.0,-1440.0,66.15442
360.0,-1440.0,65.017322
400.0,-1440.0,63.976598
440.0,-1440.0,63.036278
480.0,-1440.0,62.200775
520.0,-1440.0,61.474872
560.0,-1440.0,60.863708
600.0,-1440.0,60.372772
640.0,-1440.0,60.007884
680.0,-1440.0,59.775048
720.0,-1440.0,59.680825
760.0,-1440.0,59.732031
800.0,-1440.0,59.935747
840.0,-1440.0,60.299354
880.0,-1440.0,60.830525
920.0,-1440.0,61.53723
960.0,-1440.0,62.427417
1000.0,-1440.0,63.509933
1040.0,-1440.0,64.739367
1080.0,-1440.0,66.044087
-1120.0,-1400.0,
-1080.0,-1400.0,
-1040.0,-1400.0,
-1000.0,-1400.0,
-960.0,-1400.0,
-920.0,-1400.0,
-880.0,-1400.0,
-840.0,-1400.0,
-800.0,-1400.0,
-760.0,-1400.0,
-720.0,-1400.0,
-680.0,-1400.0,
-640.0,-1400.0,
-600.0,-1400.0,
-560.0,-1400.0,
-520.0,-1400.0,109.412629
-480.0,-1400.0,106.47803
-440.0,-1400.0,103.626088
-400.0,-1400.0,100.856792
-360.0,-1400.0,98.170128
-320.0,-1400.0,95.566071
-280.0,-1400.0,93.044589
-240.0,-1400.0,90.605637
-200.0,-1400.0,88.249162
-160.0,-1400.0,85.975049
-120.0,-1400.0,83.783272
-80.0,-1400.0,81.673735
-40.0,-1400.0,79.64632
0.0,-1400.0,77.700896
40.0,-1400.0,75.837308
80.0,-1400.0,74.055556
120.0,-1400.0,72.356227
160.0,-1400.0,70.740366
200.0,-1400.0,69.209482
240.0,-1400.0,67.76553
280.0,-1400.0,66.410915
320.0,-1400.0,65.148539
360.0,-1400.0,63.9817
400.0,-1400.0,62.914109
440.0,-1400.0,61.949878
480.0,-1400.0,61.093508
520.0,-1400.0,60.349872
560.0,-1400.0,59.724202
600.0,-1400.0,59.22208
640.0,-1400.0,58.849428
680.0,-1400.0,58.612491
720.0,-1400.0,58.51765
760.0,-1400.0,58.571945
800.0,-1400.0,58.78258
840.0,-1400.0,59.157045
880.0,-1400.0,59.70313
920.0,-1400.0,60.428924
960.0,-1400.0,61.342634
1000.0,-1400.0,62.452965
1040.0,-1400.0,63.713669
1080.0,-1400.0,65.051864
1120.0,-1400.0,66.467716
-1160.0,-1360.0,
-1120.0,-1360.0,
-1080.0,-1360.0,
-1040.0,-1360.0,
-1000.0,-1360.0,
-960.0,-1360.0,
-920.0,-1360.0,
-880.0,-1360.0,
-840.0,-1360.0,
-800.0,-1360.0,
-760.0,-1360.0,
-720.0,-1360.0,
-680.0,-1360.0,
-640.0,-1360.0,
-600.0,-1360.0,116.012664
-560.0,-1360.0,112.820375
-520.0,-1360.0,109.713287
-480.0,-1360.0,106.691407
-440.0,-1360.0,103.754738
-400.0,-1360.0,100.903277
-360.0,-1360.0,98.137015
-320.0,-1360.0,95.455935
-280.0,-1360.0,92.859971
-240.0,-1360.0,90.349098
-200.0,-1360.0,87.923308
-160.0,-1360.0,85.582537
-120.0,-1360.0,83.32671
-80.0,-1360.0,81.155734
-40.0,-1360.0,79.069495
0.0,-1360.0,77.067863
40.0,-1360.0,75.150684
80.0,-1360.0,73.31797
120.0,-1360.0,71.570323
160.0,-1360.0,69.908822
200.0,-1360.0,68.335013
240.0,-1360.0,66.850925
280.0,-1360.0,65.459048
320.0,-1360.0,64.162319
360.0,-1360.0,62.964041
400.0,-1360.0,61.868057
440.0,-1360.0,60.878579
480.0,-1360.0,60.000195
520.0,-1360.0,59.237871
560.0,-1360.0,58.596938
600.0,-1360.0,58.083072
640.0,-1360.0,57.702293
680.0,-1360.0,57.460948
720.0,-1360.0,57.365673
760.0,-1360.0,57.423298
800.0,-1360.0,57.641294
840.0,-1360.0,58.027262
880.0,-1360.0,58.589108
920.0,-1360.0,59.335042
960.0,-1360.0,60.273532
1000.0,-1360.0,61.413146
1040.0,-1360.0,62.706774
1080.0,-1360.0,64.080246
1120.0,-1360.0,65.533787
1160.0,-1360.0,67.067784
-1200.0,-1320.0,
-1160.0,-1320.0,
-1120.0,-1320.0,
-1080.0,-1320.0,
-1040.0,-1320.0,
-1000.0,-1320.0,
-960.0,-1320.0,
-920.0,-1320.0,
-880.0,-1320.0,
-840.0,-1320.0,
-800.0,-1320.0,
-760.0,-1320.0,
-720.0,-1320.0,
-680.0,-1320.0,123.452931
-640.0,-1320.0,119.986768
-600.0,-1320.0,116.608465
-560.0,-1320.0,113.318041
-520.0,-1320.0,110.115514
-480.0,-1320.0,107.000897
-440.0,-1320.0,103.9742
-400.0,-1320.0,101.035428
-360.0,-1320.0,98.184549
-320.0,-1320.0,95.421524
-280.0,-1320.0,92.746408
-240.0,-1320.0,90.159171
-200.0,-1320.0,87.659773
-160.0,-1320.0,85.24816
-120.0,-1320.0,82.924262
-80.0,-1320.0,80.687992
-40.0,-1320.0,78.539243
0.0,-1320.0,76.477885
40.0,-1320.0,74.503768
80.0,-1320.0,72.616916
120.0,-1320.0,70.817952
160.0,-1320.0,69.107986
200.0,-1320.0,67.488611
240.0,-1320.0,65.961913
280.0,-1320.0,64.530445
320.0,-1320.0,63.19722
360.0,-1320.0,61.965692
400.0,-1320.0,60.839735
440.0,-1320.0,59.823543
480.0,-1320.0,58.92189
520.0,-1320.0,58.139838
560.0,-1320.0,57.482813
600.0,-1320.0,56.956592
640.0,-1320.0,56.567294
680.0,-1320.0,56.321366
720.0,-1320.0,56.225582
760.0,-1320.0,56.286917
800.0,-1320.0,56.512757
840.0,-1320.0,56.910931
880.0,-1320.0,57.489462
920.0,-1320.0,58.256683
960.0,-1320.0,59.221237
1000.0,-1320.0,60.391806
1040.0,-1320.0,61.720154
1080.0,-1320.0,63.130867
1120.0,-1320.0,64.624232
1160.0,-1320.0,66.20076
1200.0,-1320.0,67.860701
-1240.0,-1280.0,
-1200.0,-1280.0,
-1160.0,-1280.0,
-1120.0,-1280.0,
-1080.0,-1280.0,
-1040.0,-1280.0,
-1000.0,-1280.0,
-960.0,-1280.0,
-920.0,-1280.0,
-880.0,-1280.0,
-840.0,-1280.0,
-800.0,-1280.0,
-760.0,-1280.0,131.814391
-720.0,-1280.0,128.056878
-680.0,-1280.0,124.38987
-640.0,-1280.0,120.813547
-600.0,-1280.0,117.327936
-560.0,-1280.0,113.93306
-520.0,-1280.0,110.628945
-480.0,-1280.0,107.41561
-440.0,-1280.0,104.293075
-400.0,-1280.0,101.261268
-360.0,-1280.0,98.32026
-320.0,-1280.0,95.470083
-280.0,-1280.0,92.710729
-240.0,-1280.0,90.042179
-200.0,-1280.0,87.464402
-160.0,-1280.0,84.977353
-120.0,-1280.0,82.580971
-80.0,-1280.0,80.275174
-40.0,-1280.0,78.059863
0.0,-1280.0,75.934915
40.0,-1280.0,73.900181
80.0,-1280.0,71.955701
120.0,-1280.0,70.102121
160.0,-1280.0,68.340587
200.0,-1280.0,66.672743
240.0,-1280.0,65.100733
280.0,-1280.0,63.627183
320.0,-1280.0,62.255185
360.0,-1280.0,60.988276
400.0,-1280.0,59.830429
440.0,-1280.0,58.786026
480.0,-1280.0,57.859769
520.0,-1280.0,57.056844
560.0,-1280.0,56.38282
600.0,-1280.0,55.843574
640.0,-1280.0,55.445326
680.0,-1280.0,55.194625
720.0,-1280.0,55.098347
760.0,-1280.0,55.163684
800.0,-1280.0,55.397924
840.0,-1280.0,55.809073
880.0,-1280.0,56.405298
920.0,-1280.0,57.195054
960.0,-1280.0,58.18712
1000.0,-1280.0,59.390421
1040.0,-1280.0,60.755447
1080.0,-1280.0,62.205546
1120.0,-1280.0,63.741068
1160.0,-1280.0,65.362645
1200.0,-1280.0,67.070428
1240.0,-1280.0,68.865438
-1280.0,-1240.0,
-1240.0,-1240.0,
-1200.0,-1240.0,
-1160.0,-1240.0,
-1120.0,-1240.0,
-1080.0,-1240.0,
-1040.0,-1240.0,
-1000.0,-1240.0,
-960.0,-1240.0,
-920.0,-1240.0,
-880.0,-1240.0,
-840.0,-1240.0,
-800.0,-1240.0,137.120283
-760.0,-1240.0,133.145704
-720.0,-1240.0,129.264545
-680.0,-1240.0,125.477042
-640.0,-1240.0,121.783253
-600.0,-1240.0,118.183208
-560.0,-1240.0,114.67694
-520.0,-1240.0,111.264479
-480.0,-1240.0,107.945855
-440.0,-1240.0,104.720977
-400.0,-1240.0,101.589983
-360.0,-1240.0,98.552903
-320.0,-1240.0,95.609749
-280.0,-1240.0,92.760522
-240.0,-1240.0,90.005216
-200.0,-1240.0,87.343809
-160.0,-1240.0,84.776268
-120.0,-1240.0,82.30254
-80.0,-1240.0,79.922556
-40.0,-1240.0,77.636223
0.0,-1240.0,75.443425
40.0,-1240.0,73.344021
80.0,-1240.0,71.338065
120.0,-1240.0,69.426233
160.0,-1240.0,67.609708
200.0,-1240.0,65.890191
240.0,-1240.0,64.269892
280.0,-1240.0,62.751512
320.0,-1240.0,61.338228
360.0,-1240.0,60.033668
400.0,-1240.0,58.8419
440.0,-1240.0,57.767405
480.0,-1240.0,56.815067
520.0,-1240.0,55.990079
560.0,-1240.0,55.298057
600.0,-1240.0,54.74505
640.0,-1240.0,54.337378
680.0,-1240.0,54.081695
720.0,-1240.0,53.984977
760.0,-1240.0,54.054521
800.0,-1240.0,54.297849
840.0,-1240.0,54.722815
880.0,-1240.0,55.337837
920.0,-1240.0,56.151498
960.0,-1240.0,57.172706
1000.0,-1240.0,58.410632
1040.0,-1240.0,59.814478
1080.0,-1240.0,61.306311
1120.0,-1240.0,62.886555
1160.0,-1240.0,64.555921
1200.0,-1240.0,66.314573
1240.0,-1240.0,68.163559
1280.0,-1240.0,70.103445
-1320.0,-1200.0,
-1280.0,-1200.0,
-1240.0,-1200.0,
-1200.0,-1200.0,
-1160.0,-1200.0,
-1120.0,-1200.0,
-1080.0,-1200.0,
-1040.0,-1200.0,
-1000.0,-1200.0,
-960.0,-1200.0,
-920.0,-1200.0,
-880.0,-1200.0,147.278962
-840.0,-1200.0,142.975561
-800.0,-1200.0,138.768964
-760.0,-1200.0,134.659106
-720.0,-1200.0,130.645946
-680.0,-1200.0,126.729694
-640.0,-1200.0,122.910385
-600.0,-1200.0,119.188056
-560.0,-1200.0,115.562747
-520.0,-1200.0,112.034495
-480.0,-1200.0,108.603208
-440.0,-1200.0,105.269047
-400.0,-1200.0,102.032062
-360.0,-1200.0,98.89228
-320.0,-1200.0,95.849724
-280.0,-1200.0,92.904409
-240.0,-1200.0,90.05634
-200.0,-1200.0,87.305508
-160.0,-1200.0,84.651892
-120.0,-1200.0,82.095453
-80.0,-1200.0,79.636133
-40.0,-1200.0,77.273849
0.0,-1200.0,75.008494
40.0,-1200.0,72.839937
80.0,-1200.0,70.768252
120.0,-1200.0,68.794145
160.0,-1200.0,66.918843
200.0,-1200.0,65.144108
240.0,-1200.0,63.472224
280.0,-1200.0,61.905972
320.0,-1200.0,60.448621
360.0,-1200.0,59.103897
400.0,-1200.0,57.875967
440.0,-1200.0,56.769419
480.0,-1200.0,55.789239
520.0,-1200.0,54.940796
560.0,-1200.0,54.229747
600.0,-1200.0,53.662163
640.0,-1200.0,53.244545
680.0,-1200.0,52.983647
720.0,-1200.0,52.886547
760.0,-1200.0,52.960647
800.0,-1200.0,53.213668
840.0,-1200.0,53.653404
880.0,-1200.0,54.288438
920.0,-1200.0,55.127503
960.0,-1200.0,56.179647
1000.0,-1200.0,57.454266
1040.0,-1200.0,58.89929
1080.0,-1200.0,60.435442
1120.0,-1200.0,62.063231
1160.0,-1200.0,63.783431
1200.0,-1200.0,65.596274
1240.0,-1200.0,67.502797
1280.0,-1200.0,69.503634
1320.0,-1200.0,71.599101
-1360.0,-1160.0,
-1320.0,-1160.0,
-1280.0,-1160.0,
-1240.0,-1160.0,
-1200.0,-1160.0,
-1160.0,-1160.0,
-1120.0,-1160.0,
-1080.0,-1160.0,
-1040.0,-1160.0,
-1000.0,-1160.0,
-960.0,-1160.0,
-920.0,-1160.0,153.993618
-880.0,-1160.0,149.438364
-840.0,-1160.0,144.98333
-800.0,-1160.0,140.628538
-760.0,-1160.0,136.37381
-720.0,-1160.0,132.219331
-680.0,-1160.0,128.165207
-640.0,-1160.0,124.211479
-600.0,-1160.0,120.358189
-560.0,-1160.0,116.605383
-520.0,-1160.0,112.952989
-480.0,-1160.0,109.401139
-440.0,-1160.0,105.949924
-400.0,-1160.0,102.599387
-360.0,-1160.0,99.349569
-320.0,-1160.0,96.200505
-280.0,-1160.0,93.152224
-240.0,-1160.0,90.204744
-200.0,-1160.0,87.358072
-160.0,-1160.0,84.6122
-120.0,-1160.0,81.967106
-80.0,-1160.0,79.422744
-40.0,-1160.0,76.979046
0.0,-1160.0,74.635917
40.0,-1160.0,72.393235
80.0,-1160.0,70.251101
120.0,-1160.0,68.210253
160.0,-1160.0,66.271972
200.0,-1160.0,64.438084
240.0,-1160.0,62.710953
280.0,-1160.0,61.093451
320.0,-1160.0,59.588944
360.0,-1160.0,58.201262
400.0,-1160.0,56.934681
440.0,-1160.0,55.793898
480.0,-1160.0,54.784011
520.0,-1160.0,53.910496
560.0,-1160.0,53.179196
600.0,-1160.0,52.59619
640.0,-1160.0,52.168042
680.0,-1160.0,51.901669
720.0,-1160.0,51.80425
760.0,-1160.0,51.883289
800.0,-1160.0,52.146611
840.0,-1160.0,52.602225
880.0,-1160.0,53.258608
920.0,-1160.0,54.124735
960.0,-1160.0,55.209788
1000.0,-1160.0,56.523315
1040.0,-1160.0,58.012176
1080.0,-1160.0,59.595501
1120.0,-1160.0,61.273959
1160.0,-1160.0,63.04839
1200.0,-1160.0,64.919082
1240.0,-1160.0,66.887093
1280.0,-1160.0,68.953111
1320.0,-1160.0,71.117405
1360.0,-1160.0,73.380233
-1400.0,-1120.0,
-1360.0,-1120.0,
-1320.0,-1120.0,
-1280.0,-1120.0,
-1240.0,-1120.0,
-1200.0,-1120.0,
-1160.0,-1120.0,
-1120.0,-1120.0,
-1080.0,-1120.0,
-1040.0,-1120.0,
-1000.0,-1120.0,
-960.0,-1120.0,161.400845
-920.0,-1120.0,156.575274
-880.0,-1120.0,151.85359
-840.0,-1120.0,147.235812
-800.0,-1120.0,142.721937
-760.0,-1120.0,138.311763
-720.0,-1120.0,134.0056
-680.0,-1120.0,129.803487
-640.0,-1120.0,125.705469
-600.0,-1120.0,121.711594
-560.0,-1120.0,117.821831
-520.0,-1120.0,114.036233
-480.0,-1120.0,110.354953
-440.0,-1120.0,106.778047
-400.0,-1120.0,103.305571
-360.0,-1120.0,99.937578
-320.0,-1120.0,96.674119
-280.0,-1120.0,93.515235
-240.0,-1120.0,90.460963
-200.0,-1120.0,87.511325
-160.0,-1120.0,84.666331
-120.0,-1120.0,81.925937
-80.0,-1120.0,79.290164
-40.0,-1120.0,76.758959
0.0,-1120.0,74.332242
40.0,-1120.0,72.009907
80.0,-1120.0,69.79208
120.0,-1120.0,67.679543
160.0,-1120.0,65.67363
200.0,-1120.0,63.776224
240.0,-1120.0,61.989765
280.0,-1120.0,60.317246
320.0,-1120.0,58.762136
360.0,-1120.0,57.328381
400.0,-1120.0,56.020371
440.0,-1120.0,54.84292
480.0,-1120.0,53.801241
520.0,-1120.0,52.900925
560.0,-1120.0,52.147926
600.0,-1120.0,51.54854
640.0,-1120.0,51.109227
680.0,-1120.0,50.837085
720.0,-1120.0,50.739412
760.0,-1120.0,50.823811
800.0,-1120.0,51.09821
840.0,-1120.0,51.570826
880.0,-1120.0,52.250038
920.0,-1120.0,53.145055
960.0,-1120.0,54.265201
1000.0,-1120.0,55.620176
1040.0,-1120.0,57.155728
1080.0,-1120.0,58.789391
1120.0,-1120.0,60.521988
1160.0,-1120.0,62.354428
1200.0,-1120.0,64.287038
1240.0,-1120.0,66.32094
1280.0,-1120.0,68.456849
1320.0,-1120.0,70.694965
1360.0,-1120.0,73.03571
1400.0,-1120.0,75.479831
-1440.0,-1080.0,
-1400.0,-1080.0,
-1360.0,-1080.0,
-1320.0,-1080.0,
-1280.0,-1080.0,
-1240.0,-1080.0,
-1200.0,-1080.0,
-1160.0,-1080.0,
-1120.0,-1080.0,
-1080.0,-1080.0,
-1040.0,-1080.0,
-1000.0,-1080.0,169.579191
-960.0,-1080.0,164.462923
-920.0,-1080.0,159.454306
-880.0,-1080.0,154.553546
-840.0,-1080.0,149.760659
-800.0,-1080.0,145.075547
-760.0,-1080.0,140.498185
-720.0,-1080.0,136.028801
-680.0,-1080.0,131.667437
-640.0,-1080.0,127.414143
-600.0,-1080.0,123.268949
-560.0,-1080.0,119.231772
-520.0,-1080.0,115.302849
-480.0,-1080.0,111.482248
-440.0,-1080.0,107.770036
-400.0,-1080.0,104.166281
-360.0,-1080.0,100.671051
-320.0,-1080.0,97.284409
-280.0,-1080.0,94.006417
-240.0,-1080.0,90.837099
-200.0,-1080.0,87.776493
-160.0,-1080.0,84.824672
-120.0,-1080.0,81.981647
-80.0,-1080.0,79.247413
-40.0,-1080.0,76.621936
0.0,-1080.0,74.105157
40.0,-1080.0,71.696986
80.0,-1080.0,69.397583
120.0,-1080.0,67.207776
160.0,-1080.0,65.128964
200.0,-1080.0,63.163135
240.0,-1080.0,61.312835
280.0,-1080.0,59.581139
320.0,-1080.0,57.971568
360.0,-1080.0,56.488249
400.0,-1080.0,55.135696
440.0,-1080.0,53.918848
480.0,-1080.0,52.84304
520.0,-1080.0,51.913983
560.0,-1080.0,51.137743
600.0,-1080.0,50.520728
640.0,-1080.0,50.069619
680.0,-1080.0,49.791374
720.0,-1080.0,49.693513
760.0,-1080.0,49.783736
800.0,-1080.0,50.070073
840.0,-1080.0,50.560889
880.0,-1080.0,51.264619
920.0,-1080.0,52.190562
960.0,-1080.0,53.348225
1000.0,-1080.0,54.747466
1040.0,-1080.0,56.332884
1080.0,-1080.0,58.020411
1120.0,-1080.0,59.811017
1160.0,-1080.0,61.705689
1200.0,-1080.0,63.704769
1240.0,-1080.0,65.809482
1280.0,-1080.0,68.020555
1320.0,-1080.0,70.338078
1360.0,-1080.0,72.762696
1400.0,-1080.0,75.295052
1440.0,-1080.0,77.934843
-1440.0,-1040.0,
-1400.0,-1040.0,
-1360.0,-1040.0,
-1320.0,-1040.0,
-1280.0,-1040.0,
-1240.0,-1040.0,
-1200.0,-1040.0,
-1160.0,-1040.0,
-1120.0,-1040.0,
-1080.0,-1040.0,
-1040.0,-1040.0,178.619739
-1000.0,-1040.0,173.189823
-960.0,-1040.0,167.871752
-920.0,-1040.0,162.665639
-880.0,-1040.0,157.571664
-840.0,-1040.0,152.589844
-800.0,-1040.0,147.719993
-760.0,-1040.0,142.96224
-720.0,-1040.0,138.316742
-680.0,-1040.0,133.783543
-640.0,-1040.0,129.362694
-600.0,-1040.0,125.05412
-560.0,-1040.0,120.857959
-520.0,-1040.0,116.774354
-480.0,-1040.0,112.80338
-440.0,-1040.0,108.945115
-400.0,-1040.0,105.199641
-360.0,-1040.0,101.567041
-320.0,-1040.0,98.04739
-280.0,-1040.0,94.640694
-240.0,-1040.0,91.347113
-200.0,-1040.0,88.166711
-160.0,-1040.0,85.09954
-120.0,-1040.0,82.145635
-80.0,-1040.0,79.305014
-40.0,-1040.0,76.577669
0.0,-1040.0,73.963562
40.0,-1040.0,71.462626
80.0,-1040.0,69.075062
120.0,-1040.0,66.801745
160.0,-1040.0,64.644154
200.0,-1040.0,62.604369
240.0,-1040.0,60.685042
280.0,-1040.0,58.889374
320.0,-1040.0,57.221079
360.0,-1040.0,55.684314
400.0,-1040.0,54.283712
440.0,-1040.0,53.024392
480.0,-1040.0,51.91182
520.0,-1040.0,50.951831
560.0,-1040.0,50.15061
600.0,-1040.0,49.514677
640.0,-1040.0,49.050871
680.0,-1040.0,48.766197
720.0,-1040.0,48.668212
760.0,-1040.0,48.764772
800.0,-1040.0,49.064002
840.0,-1040.0,49.574369
880.0,-1040.0,50.304488
920.0,-1040.0,51.263627
960.0,-1040.0,52.461514
1000.0,-1040.0,53.908167
1040.0,-1040.0,55.546996
1080.0,-1040.0,57.292334
1120.0,-1040.0,59.145291
1160.0,-1040.0,61.106932
1200.0,-1040.0,63.177592
1240.0,-1040.0,65.35865
1280.0,-1040.0,67.65081
1320.0,-1040.0,70.054017
1360.0,-1040.0,72.569196
1400.0,-1040.0,75.19685
1440.0,-1040.0,77.93638
-1480.0,-1000.0,
-1440.0,-1000.0,
-1400.0,-1000.0,
-1360.0,-1000.0,
-1320.0,-1000.0,
-1280.0,-1000.0,
-1240.0,-1000.0,
-1200.0,-1000.0,
-1160.0,-1000.0,
-1120.0,-1000.0,
-1080.0,-1000.0,188.62879
-1040.0,-1000.0,182.859082
-1000.0,-1000.0,177.206163
-960.0,-1000.0,171.669721
-920.0,-1000.0,166.249882
-880.0,-1000.0,160.946822
-840.0,-1000.0,155.760548
-800.0,-1000.0,150.690801
-760.0,-1000.0,145.737837
-720.0,-1000.0,140.901755
-680.0,-1000.0,136.182597
-640.0,-1000.0,131.580389
-600.0,-1000.0,127.095033
-560.0,-1000.0,122.7268
-520.0,-1000.0,118.475766
-480.0,-1000.0,114.342015
-440.0,-1000.0,110.325638
-400.0,-1000.0,106.426729
-360.0,-1000.0,102.645354
-320.0,-1000.0,98.981578
-280.0,-1000.0,95.435576
-240.0,-1000.0,92.00744
-200.0,-1000.0,88.697258
-160.0,-1000.0,85.505108
-120.0,-1000.0,82.431052
-80.0,-1000.0,79.475134
-40.0,-1000.0,76.637374
0.0,-1000.0,73.917762
40.0,-1000.0,71.31626
80.0,-1000.0,68.833113
120.0,-1000.0,66.469257
160.0,-1000.0,64.226256
200.0,-1000.0,62.106294
240.0,-1000.0,60.112146
280.0,-1000.0,58.247144
320.0,-1000.0,56.515143
360.0,-1000.0,54.920488
400.0,-1000.0,53.467951
440.0,-1000.0,52.162678
480.0,-1000.0,51.010355
520.0,-1000.0,50.016948
560.0,-1000.0,49.188767
600.0,-1000.0,48.532446
640.0,-1000.0,48.054933
680.0,-1000.0,47.763429
720.0,-1000.0,47.665379
760.0,-1000.0,47.76884
800.0,-1000.0,48.082029
840.0,-1000.0,48.613511
880.0,-1000.0,49.372063
920.0,-1000.0,50.366945
960.0,-1000.0,51.608093
1000.0,-1000.0,53.105688
1040.0,-1000.0,54.801911
1080.0,-1000.0,56.609502
1120.0,-1000.0,58.529701
1160.0,-1000.0,60.563604
1200.0,-1000.0,62.711668
1240.0,-1000.0,64.975314
1280.0,-1000.0,67.355227
1320.0,-1000.0,69.851227
1360.0,-1000.0,72.464516
1400.0,-1000.0,75.19521
1440.0,-1000.0,78.043021
1480.0,-1000.0,81.00882
-1520.0,-960.0,
-1480.0,-960.0,
-1440.0,-960.0,
-1400.0,-960.0,
-1360.0,-960.0,
-1320.0,-960.0,
-1280.0,-960.0,
-1240.0,-960.0,
-1200.0,-960.0,
-1160.0,-960.0,
-1120.0,-960.0,199.73054
-1080.0,-960.0,193.591881
-1040.0,-960.0,187.574975
-1000.0,-960.0,181.679929
-960.0,-960.0,175.90642
-920.0,-960.0,170.254547
-880.0,-960.0,164.724494
-840.0,-960.0,159.316262
-800.0,-960.0,154.029522
-760.0,-960.0,148.864638
-720.0,-960.0,143.821654
-680.0,-960.0,138.900614
-640.0,-960.0,134.101447
-600.0,-960.0,129.424239
-560.0,-960.0,124.869177
-520.0,-960.0,120.436346
-480.0,-960.0,116.125837
-440.0,-960.0,111.937752
-400.0,-960.0,107.872161
-360.0,-960.0,103.929141
-320.0,-960.0,100.108893
-280.0,-960.0,96.411537
-240.0,-960.0,92.83719
-200.0,-960.0,89.385966
-160.0,-960.0,86.05797
-120.0,-960.0,82.853294
-80.0,-960.0,79.772015
-40.0,-960.0,76.814184
0.0,-960.0,73.979826
40.0,-960.0,71.268935
80.0,-960.0,68.681808
120.0,-960.0,66.219452
160.0,-960.0,63.88353
200.0,-960.0,61.676342
240.0,-960.0,59.600801
280.0,-960.0,57.660385
320.0,-960.0,55.859106
360.0,-960.0,54.201469
400.0,-960.0,52.692429
440.0,-960.0,51.337333
480.0,-960.0,50.141853
520.0,-960.0,49.112191
560.0,-960.0,48.254787
600.0,-960.0,47.576392
640.0,-960.0,47.084064
680.0,-960.0,46.785161
720.0,-960.0,46.687134
760.0,-960.0,46.798119
800.0,-960.0,47.126459
840.0,-960.0,47.680812
880.0,-960.0,48.470102
920.0,-960.0,49.503598
960.0,-960.0,50.791434
1000.0,-960.0,52.343954
1040.0,-960.0,54.10207
1080.0,-960.0,55.976942
1120.0,-960.0,57.969927
1160.0,-960.0,60.082109
1200.0,-960.0,62.314171
1240.0,-960.0,64.667492
1280.0,-960.0,67.142568
1320.0,-960.0,69.739578
1360.0,-960.0,72.459533
1400.0,-960.0,75.302176
1440.0,-960.0,78.267807
1480.0,-960.0,81.356889
1520.0,-960.0,84.568381
-1520.0,-920.0,
-1480.0,-920.0,
-1440.0,-920.0,
-1400.0,-920.0,
-1360.0,-920.0,
-1320.0,-920.0,
-1280.0,-920.0,
-1240.0,-920.0,
-1200.0,-920.0,
-1160.0,-920.0,212.0712
-1120.0,-920.0,205.530625
-1080.0,-920.0,199.11717
-1040.0,-920.0,192.8309
-1000.0,-920.0,186.672032
-960.0,-920.0,180.640247
-920.0,-920.0,174.735573
-880.0,-920.0,168.958223
-840.0,-920.0,163.308163
-800.0,-920.0,157.785072
-760.0,-920.0,152.389326
-720.0,-920.0,147.12095
-680.0,-920.0,141.979983
-640.0,-920.0,136.966265
-600.0,-920.0,132.080046
-560.0,-920.0,127.32144
-520.0,-920.0,122.690535
-480.0,-920.0,118.18743
-440.0,-920.0,113.812216
-400.0,-920.0,109.564926
-360.0,-920.0,105.445808
-320.0,-920.0,101.454999
-280.0,-920.0,97.592638
-240.0,-920.0,93.85887
-200.0,-920.0,90.253835
-160.0,-920.0,86.77767
-120.0,-920.0,83.430501
-80.0,-920.0,80.21244
-40.0,-920.0,77.123578
0.0,-920.0,74.163976
40.0,-920.0,71.333671
80.0,-920.0,68.633018
120.0,-920.0,66.063108
160.0,-920.0,63.625714
200.0,-920.0,61.323272
240.0,-920.0,59.158844
280.0,-920.0,57.136078
320.0,-920.0,55.25916
360.0,-920.0,53.53277
400.0,-920.0,51.962041
440.0,-920.0,50.552515
480.0,-920.0,49.310058
520.0,-920.0,48.24088
560.0,-920.0,47.351644
600.0,-920.0,46.649227
640.0,-920.0,46.140797
680.0,-920.0,45.833813
720.0,-920.0,45.735889
760.0,-920.0,45.855088
800.0,-920.0,46.19992
840.0,-920.0,46.779128
880.0,-920.0,47.601767
920.0,-920.0,48.677134
960.0,-920.0,50.015548
1000.0,-920.0,51.627516
1040.0,-920.0,53.452639
1080.0,-920.0,55.400516
1120.0,-920.0,57.47261
1160.0,-920.0,59.669954
1200.0,-920.0,61.993519
1240.0,-920.0,64.444603
1280.0,-920.0,67.023452
1320.0,-920.0,69.730684
1360.0,-920.0,72.567055
1400.0,-920.0,75.531864
1440.0,-920.0,78.626095
1480.0,-920.0,81.849264
1520.0,-920.0,85.201266
-1560.0,-880.0,
-1520.0,-880.0,
-1480.0,-880.0,
-1440.0,-880.0,
-1400.0,-880.0,
-1360.0,-880.0,
-1320.0,-880.0,
-1280.0,-880.0,
-1240.0,-880.0,
-1200.0,-880.0,225.825748
-1160.0,-880.0,218.844593
-1120.0,-880.0,211.997155
-1080.0,-880.0,205.283092
-1040.0,-880.0,198.702159
-1000.0,-880.0,192.254711
-960.0,-880.0,185.940455
-920.0,-880.0,179.759294
-880.0,-880.0,173.711489
-840.0,-880.0,167.796974
-800.0,-880.0,162.015437
-760.0,-880.0,156.367239
-720.0,-880.0,150.852397
-680.0,-880.0,145.470911
-640.0,-880.0,140.222629
-600.0,-880.0,135.107855
-560.0,-880.0,130.126664
-520.0,-880.0,125.279146
-480.0,-880.0,120.565407
-440.0,-880.0,115.985443
-400.0,-880.0,111.539497
-360.0,-880.0,107.227736
-320.0,-880.0,103.050317
-280.0,-880.0,99.007403
-240.0,-880.0,95.099162
-200.0,-880.0,91.325767
-160.0,-880.0,87.687388
-120.0,-880.0,84.184189
-80.0,-880.0,80.816322
-40.0,-880.0,77.583921
0.0,-880.0,74.487094
40.0,-880.0,71.525924
80.0,-880.0,68.700837
120.0,-880.0,66.013019
160.0,-880.0,63.464368
200.0,-880.0,61.057476
240.0,-880.0,58.795577
280.0,-880.0,56.682505
320.0,-880.0,54.722641
360.0,-880.0,52.920865
400.0,-880.0,51.282506
440.0,-880.0,49.813292
480.0,-880.0,48.519318
520.0,-880.0,47.406903
560.0,-880.0,46.48281
600.0,-880.0,45.7541
640.0,-880.0,45.228056
680.0,-880.0,44.912239
720.0,-880.0,44.814418
760.0,-880.0,44.942593
800.0,-880.0,45.305428
840.0,-880.0,45.911747
880.0,-880.0,46.770709
920.0,-880.0,47.891668
960.0,-880.0,49.285104
1000.0,-880.0,50.96169
1040.0,-880.0,52.859671
1080.0,-880.0,54.887116
1120.0,-880.0,57.045571
1160.0,-880.0,59.335982
1200.0,-880.0,61.759666
1240.0,-880.0,64.317794
1280.0,-880.0,67.010299
1320.0,-880.0,69.838309
1360.0,-880.0,72.80192
1400.0,-880.0,75.900936
1440.0,-880.0,79.136099
1480.0,-880.0,82.506156
1520.0,-880.0,86.012088
1560.0,-880.0,89.652671
-1560.0,-840.0,
-1520.0,-840.0,
-1480.0,-840.0,
-1440.0,-840.0,
-1400.0,-840.0,
-1360.0,-840.0,
-1320.0,-840.0,
-1280.0,-840.0,
-1240.0,-840.0,
-1200.0,-840.0,233.737224
-1160.0,-840.0,226.412383
-1120.0,-840.0,219.22775
-1080.0,-840.0,212.183425
-1040.0,-840.0,205.278769
-1000.0,-840.0,198.514311
-960.0,-840.0,191.889804
-920.0,-840.0,185.404968
-880.0,-840.0,179.060136
-840.0,-840.0,172.855219
-800.0,-840.0,166.789876
-760.0,-840.0,160.864468
-720.0,-840.0,155.078997
-680.0,-840.0,149.433393
-640.0,-840.0,143.927602
-600.0,-840.0,138.561874
-560.0,-840.0,133.33628
-520.0,-840.0,128.25091
-480.0,-840.0,123.305803
-440.0,-840.0,118.501068
-400.0,-840.0,113.836944
-360.0,-840.0,109.31359
-320.0,-840.0,104.931178
-280.0,-840.0,100.689896
-240.0,-840.0,96.589939
-200.0,-840.0,92.631511
-160.0,-840.0,88.81482
-120.0,-840.0,85.14007
-80.0,-840.0,81.607433
-40.0,-840.0,78.217127
0.0,-840.0,74.969314
40.0,-840.0,71.864132
80.0,-840.0,68.902088
120.0,-840.0,66.084477
160.0,-840.0,63.413324
200.0,-840.0,60.891392
240.0,-840.0,58.522124
280.0,-840.0,56.309566
320.0,-840.0,54.258319
360.0,-840.0,52.373486
400.0,-840.0,50.660613
440.0,-840.0,49.125641
480.0,-840.0,47.774858
520.0,-840.0,46.614855
560.0,-840.0,45.652368
600.0,-840.0,44.894696
640.0,-840.0,44.349248
680.0,-840.0,44.023686
720.0,-840.0,43.925927
760.0,-840.0,44.063921
800.0,-840.0,44.446474
840.0,-840.0,45.082482
880.0,-840.0,45.98118
920.0,-840.0,47.152007
960.0,-840.0,48.605582
1000.0,-840.0,50.352739
1040.0,-840.0,52.330323
1080.0,-840.0,54.444912
1120.0,-840.0,56.698107
1160.0,-840.0,59.090718
1200.0,-840.0,61.624477
1240.0,-840.0,64.300167
1280.0,-840.0,67.117934
1320.0,-840.0,70.078901
1360.0,-840.0,73.182479
1400.0,-840.0,76.429307
1440.0,-840.0,79.818977
1480.0,-840.0,83.351238
1520.0,-840.0,87.026041
1560.0,-840.0,90.842504
-1600.0,-800.0,
-1560.0,-800.0,
-1520.0,-800.0,
-1480.0,-800.0,
-1440.0,-800.0,
-1400.0,-800.0,
-1360.0,-800.0,
-1320.0,-800.0,
-1280.0,-800.0,
-1240.0,-800.0,250.453718
-1200.0,-800.0,242.601416
-1160.0,-800.0,234.897086
-1120.0,-800.0,227.340151
-1080.0,-800.0,219.931117
-1040.0,-800.0,212.669259
-1000.0,-800.0,205.554916
-960.0,-800.0,198.588042
-920.0,-800.0,191.768109
-880.0,-800.0,185.095544
-840.0,-800.0,178.570254
-800.0,-800.0,172.191817
-760.0,-800.0,165.960611
-720.0,-800.0,159.87662
-680.0,-800.0,153.939706
-640.0,-800.0,148.149887
-600.0,-800.0,142.507364
-560.0,-800.0,137.012202
-520.0,-800.0,131.664485
-480.0,-800.0,126.464163
-440.0,-800.0,121.411515
-400.0,-800.0,116.506708
-360.0,-800.0,111.749912
-320.0,-800.0,107.141316
-280.0,-800.0,102.68113
-240.0,-800.0,98.369576
-200.0,-800.0,94.206877
-160.0,-800.0,90.193259
-120.0,-800.0,86.329017
-80.0,-800.0,82.614398
-40.0,-800.0,79.04964
0.0,-800.0,75.634963
40.0,-800.0,72.370573
80.0,-800.0,69.257066
120.0,-800.0,66.295866
160.0,-800.0,63.489187
200.0,-800.0,60.839989
240.0,-800.0,58.351908
280.0,-800.0,56.029204
320.0,-800.0,53.876765
360.0,-800.0,51.899943
400.0,-800.0,50.104531
440.0,-800.0,48.496706
480.0,-800.0,47.082976
520.0,-800.0,45.870145
560.0,-800.0,44.865167
600.0,-800.0,44.075374
640.0,-800.0,43.508379
680.0,-800.0,43.171957
720.0,-800.0,43.07413
760.0,-800.0,43.222907
800.0,-800.0,43.627134
840.0,-800.0,44.295796
880.0,-800.0,45.238177
920.0,-800.0,46.463825
960.0,-800.0,47.983474
1000.0,-800.0,49.808104
1040.0,-800.0,51.873133
1080.0,-800.0,54.083678
1120.0,-800.0,56.441223
1160.0,-800.0,58.946806
1200.0,-800.0,61.602224
1240.0,-800.0,64.407767
1280.0,-800.0,67.364218
1320.0,-800.0,70.472005
1360.0,-800.0,73.730657
1400.0,-800.0,77.140944
1440.0,-800.0,80.701409
1480.0,-800.0,84.413025
1520.0,-800.0,88.273994
1560.0,-800.0,92.285155
1600.0,-800.0,96.444492
-1600.0,-760.0,
-1560.0,-760.0,
-1520.0,-760.0,
-1480.0,-760.0,
-1440.0,-760.0,
-1400.0,-760.0,
-1360.0,-760.0,
-1320.0,-760.0,
-1280.0,-760.0,269.294217
-1240.0,-760.0,260.855954
-1200.0,-760.0,252.573506
-1160.0,-760.0,244.447748
-1120.0,-760.0,236.477716
-1080.0,-760.0,228.663832
-1040.0,-760.0,221.005712
-1000.0,-760.0,213.50317
-960.0,-760.0,206.156447
-920.0,-760.0,198.964886
-880.0,-760.0,191.92884
-840.0,-760.0,185.048273
-800.0,-760.0,178.322677
-760.0,-760.0,171.752418
-720.0,-760.0,165.337468
-680.0,-760.0,159.07763
-640.0,-760.0,152.972955
-600.0,-760.0,147.023609
-560.0,-760.0,141.229641
-520.0,-760.0,135.591067
-480.0,-760.0,130.107917
-440.0,-760.0,124.780455
-400.0,-760.0,119.608834
-360.0,-760.0,114.593232
-320.0,-760.0,109.733852
-280.0,-760.0,105.030922
-240.0,-760.0,100.484643
-200.0,-760.0,96.095321
-160.0,-760.0,91.863266
-120.0,-760.0,87.788776
-80.0,-760.0,83.872151
-40.0,-760.0,80.113692
0.0,-760.0,76.513686
40.0,-760.0,73.072414
80.0,-760.0,69.790578
120.0,-760.0,66.669747
160.0,-760.0,63.712327
200.0,-760.0,60.921507
240.0,-760.0,58.301197
280.0,-760.0,55.855956
320.0,-760.0,53.590845
360.0,-760.0,51.511562
400.0,-760.0,49.624184
440.0,-760.0,47.935154
480.0,-760.0,46.451233
520.0,-760.0,45.17945
560.0,-760.0,44.127032
600.0,-760.0,43.30134
640.0,-760.0,42.710213
680.0,-760.0,42.361549
720.0,-760.0,42.263468
760.0,-760.0,42.424069
800.0,-760.0,42.852211
840.0,-760.0,43.556967
880.0,-760.0,44.547627
920.0,-760.0,45.833884
960.0,-760.0,47.426548
1000.0,-760.0,49.336603
1040.0,-760.0,51.498393
1080.0,-760.0,53.815226
1120.0,-760.0,56.288428
1160.0,-760.0,58.919586
1200.0,-760.0,61.710195
1240.0,-760.0,64.66016
1280.0,-760.0,67.770867
1320.0,-760.0,71.041645
1360.0,-760.0,74.47303
1400.0,-760.0,78.064276
1440.0,-760.0,81.815294
1480.0,-760.0,85.725249
1520.0,-760.0,89.79383
1560.0,-760.0,94.019928
1600.0,-760.0,98.403462
-1640.0,-720.0,
-1600.0,-720.0,
-1560.0,-720.0,
-1520.0,-720.0,
-1480.0,-720.0,
-1440.0,-720.0,
-1400.0,-720.0,
-1360.0,-720.0,
-1320.0,-720.0,
-1280.0,-720.0,281.535199
-1240.0,-720.0,272.606857
-1200.0,-720.0,263.844537
-1160.0,-720.0,255.247856
-1120.0,-720.0,246.816835
-1080.0,-720.0,238.550971
-1040.0,-720.0,230.450565
-1000.0,-720.0,222.514784
-960.0,-720.0,214.744138
-920.0,-720.0,207.138064
-880.0,-720.0,199.696556
-840.0,-720.0,192.419708
-800.0,-720.0,185.307012
-760.0,-720.0,178.358688
-720.0,-720.0,171.574737
-680.0,-720.0,164.95491
-640.0,-720.0,158.499253
-600.0,-720.0,152.207899
-560.0,-720.0,146.080876
-520.0,-720.0,140.118116
-480.0,-720.0,134.319753
-440.0,-720.0,128.685991
-400.0,-720.0,123.216976
-360.0,-720.0,117.912889
-320.0,-720.0,112.773942
-280.0,-720.0,107.800316
-240.0,-720.0,102.992334
-200.0,-720.0,98.350324
-160.0,-720.0,93.874611
-120.0,-720.0,89.565542
-80.0,-720.0,85.423477
-40.0,-720.0,81.448783
0.0,-720.0,77.641822
40.0,-720.0,74.00296
80.0,-720.0,70.533019
120.0,-720.0,67.233738
160.0,-720.0,64.107741
200.0,-720.0,61.158478
240.0,-720.0,58.39015
280.0,-720.0,55.807628
320.0,-720.0,53.416374
360.0,-720.0,51.222266
400.0,-720.0,49.23176
440.0,-720.0,47.451615
480.0,-720.0,45.888879
520.0,-720.0,44.550846
560.0,-720.0,43.445019
600.0,-720.0,42.578888
640.0,-720.0,41.960479
680.0,-720.0,41.597849
720.0,-720.0,41.499226
760.0,-720.0,41.672787
800.0,-720.0,42.127436
840.0,-720.0,42.872304
880.0,-720.0,43.916646
920.0,-720.0,45.270334
960.0,-720.0,46.944209
1000.0,-720.0,48.949201
1040.0,-720.0,51.218647
1080.0,-720.0,53.653992
1120.0,-720.0,56.256324
1160.0,-720.0,59.027863
1200.0,-720.0,61.969271
1240.0,-720.0,65.081234
1280.0,-720.0,68.364188
1320.0,-720.0,71.817655
1360.0,-720.0,75.441912
1400.0,-720.0,79.235765
1440.0,-720.0,83.19929
1480.0,-720.0,87.33107
1520.0,-720.0,91.630795
1560.0,-720.0,96.097357
1600.0,-720.0,100.729736
1640.0,-720.0,105.527701
-1640.0,-680.0,
-1600.0,-680.0,
-1560.0,-680.0,
-1520.0,-680.0,
-1480.0,-680.0,
-1440.0,-680.0,
-1400.0,-680.0,
-1360.0,-680.0,
-1320.0,-680.0,305.089883
-1280.0,-680.0,295.433757
-1240.0,-680.0,285.954481
-1200.0,-680.0,276.652323
-1160.0,-680.0,267.526313
-1120.0,-680.0,258.576952
-1080.0,-680.0,249.803269
-1040.0,-680.0,241.205656
-1000.0,-680.0,232.783437
-960.0,-680.0,224.536651
-920.0,-680.0,216.465121
-880.0,-680.0,208.56838
-840.0,-680.0,200.846685
-800.0,-680.0,193.299544
-760.0,-680.0,185.926958
-720.0,-680.0,178.728976
-680.0,-680.0,171.705302
-640.0,-680.0,164.855927
-600.0,-680.0,158.180963
-560.0,-680.0,151.680401
-520.0,-680.0,145.354087
-480.0,-680.0,139.202237
-440.0,-680.0,133.224987
-400.0,-680.0,127.422471
-360.0,-680.0,121.794865
-320.0,-680.0,116.342327
-280.0,-680.0,111.065128
-240.0,-680.0,105.96361
-200.0,-680.0,101.038104
-160.0,-680.0,96.288976
-120.0,-680.0,91.71662
-80.0,-680.0,87.321459
-40.0,-680.0,83.103929
0.0,-680.0,79.064476
40.0,-680.0,75.203563
80.0,-680.0,71.522146
120.0,-680.0,68.022157
160.0,-680.0,64.706471
200.0,-680.0,61.578837
240.0,-680.0,58.643789
280.0,-680.0,55.906558
320.0,-680.0,53.372975
360.0,-680.0,51.049371
400.0,-680.0,48.942408
440.0,-680.0,47.059284
480.0,-680.0,45.407379
520.0,-680.0,43.994299
560.0,-680.0,42.827825
600.0,-680.0,41.915732
640.0,-680.0,41.266161
680.0,-680.0,40.88739
720.0,-680.0,40.787775
760.0,-680.0,40.975559
800.0,-680.0,41.45973
840.0,-680.0,42.249449
880.0,-680.0,43.353885
920.0,-680.0,44.783125
960.0,-680.0,46.547986
1000.0,-680.0,48.659266
1040.0,-680.0,51.049376
1080.0,-680.0,53.617555
1120.0,-680.0,56.365385
1160.0,-680.0,59.294942
1200.0,-680.0,62.406204
1240.0,-680.0,65.700662
1280.0,-680.0,69.177273
1320.0,-680.0,72.836773
1360.0,-680.0,76.677475
1400.0,-680.0,80.699831
1440.0,-680.0,84.901516
1480.0,-680.0,89.28288
1520.0,-680.0,93.841861
1560.0,-680.0,98.577938
1600.0,-680.0,103.490105
1640.0,-680.0,108.576482
-1680.0,-640.0,
-1640.0,-640.0,
-1600.0,-640.0,
-1560.0,-640.0,
-1520.0,-640.0,
-1480.0,-640.0,
-1440.0,-640.0,
-1400.0,-640.0,
-1360.0,-640.0,
-1320.0,-640.0,321.607986
-1280.0,-640.0,311.31468
-1240.0,-640.0,301.211424
-1200.0,-640.0,291.296858
-1160.0,-640.0,281.571689
-1120.0,-640.0,272.034804
-1080.0,-640.0,262.686465
-1040.0,-640.0,253.525864
-1000.0,-640.0,244.553191
-960.0,-640.0,235.767624
-920.0,-640.0,227.169513
-880.0,-640.0,218.757935
-840.0,-640.0,210.533215
-800.0,-640.0,202.49494
-760.0,-640.0,194.642801
-720.0,-640.0,186.97692
-680.0,-640.0,179.496954
-640.0,-640.0,172.202781
-600.0,-640.0,165.094499
-560.0,-640.0,158.172049
-520.0,-640.0,151.435186
-480.0,-640.0,144.884169
-440.0,-640.0,138.519068
-400.0,-640.0,132.339992
-360.0,-640.0,126.347077
-320.0,-640.0,120.540458
-280.0,-640.0,114.920493
-240.0,-640.0,109.487484
-200.0,-640.0,104.241784
-160.0,-640.0,99.183793
-120.0,-640.0,94.313954
-80.0,-640.0,89.632749
-40.0,-640.0,85.140691
0.0,-640.0,80.838313
40.0,-640.0,76.726185
80.0,-640.0,72.805414
120.0,-640.0,69.078154
160.0,-640.0,65.547567
200.0,-640.0,62.217741
240.0,-640.0,59.093594
280.0,-640.0,56.180768
320.0,-640.0,53.48552
360.0,-640.0,51.014621
400.0,-640.0,48.775201
440.0,-640.0,46.774757
480.0,-640.0,45.021131
520.0,-640.0,43.522295
560.0,-640.0,42.286373
600.0,-640.0,41.321467
640.0,-640.0,40.635907
680.0,-640.0,40.238223
720.0,-640.0,40.136935
760.0,-640.0,40.340345
800.0,-640.0,40.85758
840.0,-640.0,41.697796
880.0,-640.0,42.870013
920.0,-640.0,44.384579
960.0,-640.0,46.252072
1000.0,-640.0,48.483471
1040.0,-640.0,51.009943
1080.0,-640.0,53.728418
1120.0,-640.0,56.641313
1160.0,-640.0,59.74959
1200.0,-640.0,63.054183
1240.0,-640.0,66.555053
1280.0,-640.0,70.252044
1320.0,-640.0,74.144245
1360.0,-640.0,78.231142
1400.0,-640.0,82.510928
1440.0,-640.0,86.983367
1480.0,-640.0,91.645873
1520.0,-640.0,96.498221
1560.0,-640.0,101.538747
1600.0,-640.0,106.765631
1640.0,-640.0,112.17852
1680.0,-640.0,117.775575
-1680.0,-600.0,
-1640.0,-600.0,
-1600.0,-600.0,
-1560.0,-600.0,
-1520.0,-600.0,
-1480.0,-600.0,
-1440.0,-600.0,
-1400.0,-600.0,
-1360.0,-600.0,351.843505
-1320.0,-600.0,340.616978
-1280.0,-600.0,329.595261
-1240.0,-600.0,318.77738
-1200.0,-600.0,308.16367
-1160.0,-600.0,297.753049
-1120.0,-600.0,287.545423
-1080.0,-600.0,277.540343
-1040.0,-600.0,267.737193
-1000.0,-600.0,258.135894
-960.0,-600.0,248.73573
-920.0,-600.0,239.536627
-880.0,-600.0,230.538091
-840.0,-600.0,221.739796
-800.0,-600.0,213.141676
-760.0,-600.0,204.743008
-720.0,-600.0,196.544005
-680.0,-600.0,188.54428
-640.0,-600.0,180.743527
-600.0,-600.0,173.141834
-560.0,-600.0,165.739059
-520.0,-600.0,158.534899
-480.0,-600.0,151.52957
-440.0,-600.0,144.723084
-400.0,-600.0,138.115507
-360.0,-600.0,131.706875
-320.0,-600.0,125.497423
-280.0,-600.0,119.487435
-240.0,-600.0,113.677213
-200.0,-600.0,108.067121
-160.0,-600.0,102.657584
-120.0,-600.0,97.449088
-80.0,-600.0,92.442171
-40.0,-600.0,87.637422
0.0,-600.0,83.03547
40.0,-600.0,78.636996
80.0,-600.0,74.443279
120.0,-600.0,70.456722
160.0,-600.0,66.680813
200.0,-600.0,63.120031
240.0,-600.0,59.779733
280.0,-600.0,56.666031
320.0,-600.0,53.785674
360.0,-600.0,51.145932
400.0,-600.0,48.75449
440.0,-600.0,46.619221
480.0,-600.0,44.748488
520.0,-600.0,43.150724
560.0,-600.0,41.834469
600.0,-600.0,40.808222
640.0,-600.0,40.080599
680.0,-600.0,39.660439
720.0,-600.0,39.556466
760.0,-600.0,39.77707
800.0,-600.0,40.331564
840.0,-600.0,41.228998
880.0,-600.0,42.478403
920.0,-600.0,44.090196
960.0,-600.0,46.074514
1000.0,-600.0,48.442934
1040.0,-600.0,51.124647
1080.0,-600.0,54.015122
1120.0,-600.0,57.116624
1160.0,-600.0,60.429643
1200.0,-600.0,63.955214
1240.0,-600.0,67.692397
1280.0,-600.0,71.64097
1320.0,-600.0,75.799499
1360.0,-600.0,80.166572
1400.0,-600.0,84.741194
1440.0,-600.0,89.520591
1480.0,-600.0,94.504278
1520.0,-600.0,99.690165
1560.0,-600.0,105.076188
1600.0,-600.0,110.661633
1640.0,-600.0,116.444734
1680.0,-600.0,122.423303
-1680.0,-560.0,
-1640.0,-560.0,
-1600.0,-560.0,
-1560.0,-560.0,
-1520.0,-560.0,
-1480.0,-560.0,
-1440.0,-560.0,
-1400.0,-560.0,
-1360.0,-560.0,374.769411
-1320.0,-560.0,362.682866
-1280.0,-560.0,350.818645
-1240.0,-560.0,339.176144
-1200.0,-560.0,327.753928
-1160.0,-560.0,316.552345
-1120.0,-560.0,305.570522
-1080.0,-560.0,294.807626
-1040.0,-560.0,284.263742
-1000.0,-560.0,273.937476
-960.0,-560.0,263.82922
-920.0,-560.0,253.937727
-880.0,-560.0,244.263234
-840.0,-560.0,234.804592
-800.0,-560.0,225.562037
-760.0,-560.0,216.534703
-720.0,-560.0,207.722509
-680.0,-560.0,199.125162
-640.0,-560.0,190.742077
-600.0,-560.0,182.573336
-560.0,-560.0,174.618694
-520.0,-560.0,166.87775
-480.0,-560.0,159.350647
-440.0,-560.0,152.03732
-400.0,-560.0,144.937762
-360.0,-560.0,138.051907
-320.0,-560.0,131.380038
-280.0,-560.0,124.922357
-240.0,-560.0,118.679145
-200.0,-560.0,112.650761
-160.0,-560.0,106.83764
-120.0,-560.0,101.240297
-80.0,-560.0,95.859323
-40.0,-560.0,90.695362
0.0,-560.0,85.749161
40.0,-560.0,81.021524
80.0,-560.0,76.513915
120.0,-560.0,72.229
160.0,-560.0,68.170643
200.0,-560.0,64.343772
240.0,-560.0,60.754245
280.0,-560.0,57.408716
320.0,-560.0,54.314501
360.0,-560.0,51.47945
400.0,-560.0,48.911833
440.0,-560.0,46.620153
480.0,-560.0,44.613245
520.0,-560.0,42.900153
560.0,-560.0,41.489949
600.0,-560.0,40.391618
640.0,-560.0,39.614203
680.0,-560.0,39.166931
720.0,-560.0,39.058733
760.0,-560.0,39.298344
800.0,-560.0,39.895126
840.0,-560.0,40.857933
880.0,-560.0,42.196121
920.0,-560.0,43.919768
960.0,-560.0,46.038654
1000.0,-560.0,48.56486
1040.0,-560.0,51.425227
1080.0,-560.0,54.514468
1120.0,-560.0,57.833331
1160.0,-560.0,61.38347
1200.0,-560.0,65.163627
1240.0,-560.0,69.174051
1280.0,-560.0,73.412504
1320.0,-560.0,77.877757
1360.0,-560.0,82.568005
1400.0,-560.0,87.480331
1440.0,-560.0,92.613629
1480.0,-560.0,97.965535
1520.0,-560.0,103.533371
1560.0,-560.0,109.316099
1600.0,-560.0,115.311891
1640.0,-560.0,121.518124
1680.0,-560.0,127.933716
-1720.0,-520.0,
-1680.0,-520.0,
-1640.0,-520.0,
-1600.0,-520.0,
-1560.0,-520.0,
-1520.0,-520.0,
-1480.0,-520.0,
-1440.0,-520.0,
-1400.0,-520.0,414.989182
-1360.0,-520.0,401.652862
-1320.0,-520.0,388.559949
-1280.0,-520.0,375.709824
-1240.0,-520.0,363.102002
-1200.0,-520.0,350.735719
-1160.0,-520.0,338.609509
-1120.0,-520.0,326.723304
-1080.0,-520.0,315.076433
-1040.0,-520.0,303.6674
-1000.0,-520.0,292.49637
-960.0,-520.0,281.562143
-920.0,-520.0,270.864292
-880.0,-520.0,260.402117
-840.0,-520.0,250.175004
-800.0,-520.0,240.182383
-760.0,-520.0,230.423793
-720.0,-520.0,220.898528
-680.0,-520.0,211.606456
-640.0,-520.0,202.546718
-600.0,-520.0,193.719267
-560.0,-520.0,185.123776
-520.0,-520.0,176.759663
-480.0,-520.0,168.626982
-440.0,-520.0,160.725557
-400.0,-520.0,153.055231
-360.0,-520.0,145.615923
-320.0,-520.0,138.4078
-280.0,-520.0,131.431002
-240.0,-520.0,124.685756
-200.0,-520.0,118.172388
-160.0,-520.0,111.891322
-120.0,-520.0,105.843045
-80.0,-520.0,100.02823
-40.0,-520.0,94.447599
0.0,-520.0,89.101961
40.0,-520.0,83.992244
80.0,-520.0,79.12011
120.0,-520.0,74.488559
160.0,-520.0,70.10187
200.0,-520.0,65.965439
240.0,-520.0,62.085709
280.0,-520.0,58.469965
320.0,-520.0,55.126177
360.0,-520.0,52.062872
400.0,-520.0,49.289014
440.0,-520.0,46.813844
480.0,-520.0,44.646816
520.0,-520.0,42.797721
560.0,-520.0,41.276312
600.0,-520.0,40.092189
640.0,-520.0,39.255019
680.0,-520.0,38.774536
720.0,-520.0,38.659963
760.0,-520.0,38.920544
800.0,-520.0,39.565715
840.0,-520.0,40.604076
880.0,-520.0,42.045394
920.0,-520.0,43.898886
960.0,-520.0,46.17491
1000.0,-520.0,48.884444
1040.0,-520.0,51.953595
1080.0,-520.0,55.274201
1120.0,-520.0,58.847679
1160.0,-520.0,62.673671
1200.0,-520.0,66.752058
1240.0,-520.0,71.080154
1280.0,-520.0,75.656649
1320.0,-520.0,80.478985
1360.0,-520.0,85.543723
1400.0,-520.0,90.84908
1440.0,-520.0,96.392413
1480.0,-520.0,102.170075
1520.0,-520.0,108.180614
1560.0,-520.0,114.421788
1600.0,-520.0,120.891452
1640.0,-520.0,127.586781
1680.0,-520.0,134.506552
1720.0,-520.0,141.649182
-1720.0,-480.0,
-1680.0,-480.0,
-1640.0,-480.0,
-1600.0,-480.0,
-1560.0,-480.0,
-1520.0,-480.0,
-1480.0,-480.0,
-1440.0,-480.0,
-1400.0,-480.0,448.123731
-1360.0,-480.0,433.565745
-1320.0,-480.0,419.277056
-1280.0,-480.0,405.256536
-1240.0,-480.0,391.503455
-1200.0,-480.0,378.016798
-1160.0,-480.0,364.79556
-1120.0,-480.0,351.83812
-1080.0,-480.0,339.144087
-1040.0,-480.0,326.712584
-1000.0,-480.0,314.54208
-960.0,-480.0,302.632132
-920.0,-480.0,290.981818
-880.0,-480.0,279.589915
-840.0,-480.0,268.45615
-800.0,-480.0,257.579051
-760.0,-480.0,246.958539
-720.0,-480.0,236.593293
-680.0,-480.0,226.483106
-640.0,-480.0,216.627083
-600.0,-480.0,207.024704
-560.0,-480.0,197.675601
-520.0,-480.0,188.57901
-480.0,-480.0,179.734762
-440.0,-480.0,171.142548
-400.0,-480.0,162.802021
-360.0,-480.0,154.713012
-320.0,-480.0,146.875538
-280.0,-480.0,139.289625
-240.0,-480.0,131.955405
-200.0,-480.0,124.873122
-160.0,-480.0,118.043115
-120.0,-480.0,111.46594
-80.0,-480.0,105.142227
-40.0,-480.0,99.072738
0.0,-480.0,93.258354
40.0,-480.0,87.700121
80.0,-480.0,82.399908
120.0,-480.0,77.361063
160.0,-480.0,72.588335
200.0,-480.0,68.087728
240.0,-480.0,63.866283
280.0,-480.0,59.931989
320.0,-480.0,56.293593
360.0,-480.0,52.960416
400.0,-480.0,49.942246
440.0,-480.0,47.249203
480.0,-480.0,44.891551
520.0,-480.0,42.880008
560.0,-480.0,41.225209
600.0,-480.0,39.937559
640.0,-480.0,39.027613
680.0,-480.0,38.505794
720.0,-480.0,38.381751
760.0,-480.0,38.665481
800.0,-480.0,39.366307
840.0,-480.0,40.493228
880.0,-480.0,42.055692
920.0,-480.0,44.062431
960.0,-480.0,46.523794
1000.0,-480.0,49.449818
1040.0,-480.0,52.76533
1080.0,-480.0,56.3598
1120.0,-480.0,60.233722
1160.0,-480.0,64.386784
1200.0,-480.0,68.815959
1240.0,-480.0,73.519509
1280.0,-480.0,78.494177
1320.0,-480.0,83.735506
1360.0,-480.0,89.240927
1400.0,-480.0,95.006992
1440.0,-480.0,101.03007
1480.0,-480.0,107.306706
1520.0,-480.0,113.83463
1560.0,-480.0,120.611162
1600.0,-480.0,127.633826
1640.0,-480.0,134.900333
1680.0,-480.0,142.408149
1720.0,-480.0,150.155557
-1720.0,-440.0,
-1680.0,-440.0,
-1640.0,-440.0,
-1600.0,-440.0,
-1560.0,-440.0,
-1520.0,-440.0,
-1480.0,-440.0,
-1440.0,-440.0,
-1400.0,-440.0,488.050932
-1360.0,-440.0,472.013937
-1320.0,-440.0,456.278726
-1280.0,-440.0,440.843867
-1240.0,-440.0,425.707948
-1200.0,-440.0,410.869578
-1160.0,-440.0,396.327381
-1120.0,-440.0,382.07994
-1080.0,-440.0,368.125437
-1040.0,-440.0,354.46313
-1000.0,-440.0,341.091731
-960.0,-440.0,328.009578
-920.0,-440.0,315.215603
-880.0,-440.0,302.708901
-840.0,-440.0,290.487681
-800.0,-440.0,278.551441
-760.0,-440.0,266.898705
-720.0,-440.0,255.528699
-680.0,-440.0,244.440232
-640.0,-440.0,233.632631
-600.0,-440.0,223.104707
-560.0,-440.0,212.856014
-520.0,-440.0,202.88556
-480.0,-440.0,193.1928
-440.0,-440.0,183.777247
-400.0,-440.0,174.638298
-360.0,-440.0,165.775592
-320.0,-440.0,157.188936
-280.0,-440.0,148.878173
-240.0,-440.0,140.843272
-200.0,-440.0,133.084283
-160.0,-440.0,125.60154
-120.0,-440.0,118.395472
-80.0,-440.0,111.466668
-40.0,-440.0,104.815887
0.0,-440.0,98.444053
40.0,-440.0,92.352305
80.0,-440.0,86.542723
120.0,-440.0,81.019024
160.0,-440.0,75.786483
200.0,-440.0,70.851745
240.0,-440.0,66.222627
280.0,-440.0,61.907854
320.0,-440.0,57.917064
360.0,-440.0,54.260521
400.0,-440.0,50.949004
440.0,-440.0,47.993692
480.0,-440.0,45.405905
520.0,-440.0,43.197528
560.0,-440.0,41.380358
600.0,-440.0,39.965864
640.0,-440.0,38.965857
680.0,-440.0,38.391635
720.0,-440.0,38.253741
760.0,-440.0,38.563014
800.0,-440.0,39.328696
840.0,-440.0,40.560648
880.0,-440.0,42.267195
920.0,-440.0,44.457766
960.0,-440.0,47.140651
1000.0,-440.0,50.326591
1040.0,-440.0,53.937171
1080.0,-440.0,57.8601
1120.0,-440.0,62.095015
1160.0,-440.0,66.638712
1200.0,-440.0,71.488648
1240.0,-440.0,76.640594
1280.0,-440.0,82.089318
1320.0,-440.0,87.830353
1360.0,-440.0,93.85942
1400.0,-440.0,100.172161
1440.0,-440.0,106.764517
1480.0,-440.0,113.632119
1520.0,-440.0,120.77214
1560.0,-440.0,128.181557
1600.0,-440.0,135.85755
1640.0,-440.0,143.797542
1680.0,-440.0,151.999172
1720.0,-440.0,160.460263
-1720.0,-400.0,
-1680.0,-400.0,
-1640.0,-400.0,
-1600.0,-400.0,
-1560.0,-400.0,
-1520.0,-400.0,
-1480.0,-400.0,
-1440.0,-400.0,555.269231
-1400.0,-400.0,537.055608
-1360.0,-400.0,519.187873
-1320.0,-400.0,501.663927
-1280.0,-400.0,484.481707
-1240.0,-400.0,467.63919
-1200.0,-400.0,451.134387
-1160.0,-400.0,434.965346
-1120.0,-400.0,419.130148
-1080.0,-400.0,403.626524
-1040.0,-400.0,388.452938
-1000.0,-400.0,373.607652
-960.0,-400.0,359.0889
-920.0,-400.0,344.894649
-880.0,-400.0,331.023243
-840.0,-400.0,317.473357
-800.0,-400.0,304.24301
-760.0,-400.0,291.330837
-720.0,-400.0,278.735444
-680.0,-400.0,266.455126
-640.0,-400.0,254.488871
-600.0,-400.0,242.835083
-560.0,-400.0,231.492783
-520.0,-400.0,220.460781
-480.0,-400.0,209.737952
-440.0,-400.0,199.323545
-400.0,-400.0,189.216594
-360.0,-400.0,179.416393
-320.0,-400.0,169.922445
-280.0,-400.0,160.734294
-240.0,-400.0,151.851606
-200.0,-400.0,143.274252
-160.0,-400.0,135.002343
-120.0,-400.0,127.036134
-80.0,-400.0,119.37609
-40.0,-400.0,112.022897
0.0,-400.0,104.97746
40.0,-400.0,98.240967
80.0,-400.0,91.815684
120.0,-400.0,85.705722
160.0,-400.0,79.916921
200.0,-400.0,74.456639
240.0,-400.0,69.333513
280.0,-400.0,64.557227
320.0,-400.0,60.138336
360.0,-400.0,56.088251
400.0,-400.0,52.418945
440.0,-400.0,49.142888
480.0,-400.0,46.272782
520.0,-400.0,43.822005
560.0,-400.0,41.803854
600.0,-400.0,40.23133
640.0,-400.0,39.11791
680.0,-400.0,38.476011
720.0,-400.0,38.317941
760.0,-400.0,38.655003
800.0,-400.0,39.497678
840.0,-400.0,40.855483
880.0,-400.0,42.737236
920.0,-400.0,45.150724
960.0,-400.0,48.104569
1000.0,-400.0,51.606728
1040.0,-400.0,55.57752
1080.0,-400.0,59.901492
1120.0,-400.0,64.575477
1160.0,-400.0,69.59566
1200.0,-400.0,74.956588
1240.0,-400.0,80.651988
1280.0,-400.0,86.67489
1320.0,-400.0,93.019355
1360.0,-400.0,99.679714
1400.0,-400.0,106.650573
1440.0,-400.0,113.927042
1480.0,-400.0,121.504723
1520.0,-400.0,129.379672
1560.0,-400.0,137.54835
1600.0,-400.0,146.007574
1640.0,-400.0,154.754461
1680.0,-400.0,163.786387
1720.0,-400.0,173.100943
-1760.0,-360.0,
-1720.0,-360.0,
-1680.0,-360.0,
-1640.0,-360.0,
-1600.0,-360.0,
-1560.0,-360.0,
-1520.0,-360.0,
-1480.0,-360.0,
-1440.0,-360.0,619.21743
-1400.0,-360.0,598.613306
-1360.0,-360.0,578.412894
-1320.0,-360.0,558.613043
-1280.0,-360.0,539.210675
-1240.0,-360.0,520.20278
-1200.0,-360.0,501.586415
-1160.0,-360.0,483.358706
-1120.0,-360.0,465.516839
-1080.0,-360.0,448.058065
-1040.0,-360.0,430.979694
-1000.0,-360.0,414.279095
-960.0,-360.0,397.953696
-920.0,-360.0,382.000982
-880.0,-360.0,366.418185
-840.0,-360.0,351.203048
-800.0,-360.0,336.353453
-760.0,-360.0,321.866944
-720.0,-360.0,307.741187
-680.0,-360.0,293.974471
-640.0,-360.0,280.564281
-600.0,-360.0,267.509146
-560.0,-360.0,254.806854
-520.0,-360.0,242.456031
-480.0,-360.0,230.454659
-440.0,-360.0,218.801571
-400.0,-360.0,207.495256
-360.0,-360.0,196.534425
-320.0,-360.0,185.918115
-280.0,-360.0,175.645394
-240.0,-360.0,165.715442
-200.0,-360.0,156.127797
-160.0,-360.0,146.882172
-120.0,-360.0,137.978506
-80.0,-360.0,129.417003
-40.0,-360.0,121.198146
0.0,-360.0,113.322714
40.0,-360.0,105.791847
80.0,-360.0,98.607948
120.0,-360.0,91.775506
160.0,-360.0,85.300959
200.0,-360.0,79.192432
240.0,-360.0,73.459468
280.0,-360.0,68.112808
320.0,-360.0,63.164106
360.0,-360.0,58.626101
400.0,-360.0,54.51223
440.0,-360.0,50.836552
480.0,-360.0,47.613588
520.0,-360.0,44.858635
560.0,-360.0,42.586886
600.0,-360.0,40.813729
640.0,-360.0,39.554578
680.0,-360.0,38.823836
720.0,-360.0,38.635986
760.0,-360.0,39.003458
800.0,-360.0,39.938316
840.0,-360.0,41.450339
880.0,-360.0,43.548038
920.0,-360.0,46.238978
960.0,-360.0,49.528984
1000.0,-360.0,53.425229
1040.0,-360.0,57.844394
1080.0,-360.0,62.666884
1120.0,-360.0,67.886997
1160.0,-360.0,73.497817
1200.0,-360.0,79.490675
1240.0,-360.0,85.856556
1280.0,-360.0,92.586699
1320.0,-360.0,99.672955
1360.0,-360.0,107.107946
1400.0,-360.0,114.884978
1440.0,-360.0,122.998468
1480.0,-360.0,131.44336
1520.0,-360.0,140.214957
1560.0,-360.0,149.309292
1600.0,-360.0,158.722868
1640.0,-360.0,168.452501
1680.0,-360.0,178.495303
1720.0,-360.0,188.848633
1760.0,-360.0,199.510044
-1760.0,-320.0,
-1720.0,-320.0,
-1680.0,-320.0,
-1640.0,-320.0,
-1600.0,-320.0,
-1560.0,-320.0,
-1520.0,-320.0,
-1480.0,-320.0,
-1440.0,-320.0,702.078391
-1400.0,-320.0,678.304866
-1360.0,-320.0,655.017933
-1320.0,-320.0,632.211234
-1280.0,-320.0,609.881579
-1240.0,-320.0,588.024237
-1200.0,-320.0,566.634594
-1160.0,-320.0,545.707687
-1120.0,-320.0,525.239793
-1080.0,-320.0,505.226654
-1040.0,-320.0,485.664103
-1000.0,-320.0,466.548085
-960.0,-320.0,447.874647
-920.0,-320.0,429.639944
-880.0,-320.0,411.840126
-840.0,-320.0,394.47139
-800.0,-320.0,377.530454
-760.0,-320.0,361.01389
-720.0,-320.0,344.918292
-680.0,-320.0,329.240122
-640.0,-320.0,313.976726
-600.0,-320.0,299.124849
-560.0,-320.0,284.681685
-520.0,-320.0,270.644568
-480.0,-320.0,257.01083
-440.0,-320.0,243.778085
-400.0,-320.0,230.944132
-360.0,-320.0,218.506699
-320.0,-320.0,206.464066
-280.0,-320.0,194.814513
-240.0,-320.0,183.556444
-200.0,-320.0,172.688753
-160.0,-320.0,162.210493
-120.0,-320.0,152.121024
-80.0,-320.0,142.420039
-40.0,-320.0,133.107597
0.0,-320.0,124.18414
40.0,-320.0,115.650588
80.0,-320.0,107.509347
120.0,-320.0,99.765223
160.0,-320.0,92.425239
200.0,-320.0,85.498306
240.0,-320.0,78.994933
280.0,-320.0,72.927001
320.0,-320.0,67.307506
360.0,-320.0,62.150705
400.0,-320.0,57.471853
440.0,-320.0,53.286991
480.0,-320.0,49.613033
520.0,-320.0,46.467777
560.0,-320.0,43.868933
600.0,-320.0,41.835188
640.0,-320.0,40.384351
680.0,-320.0,39.53456
720.0,-320.0,39.302081
760.0,-320.0,39.702875
800.0,-320.0,40.749953
840.0,-320.0,42.454588
880.0,-320.0,44.825512
920.0,-320.0,47.868328
960.0,-320.0,51.587158
1000.0,-320.0,55.985847
1040.0,-320.0,60.976334
1080.0,-320.0,66.433936
1120.0,-320.0,72.348576
1160.0,-320.0,78.708076
1200.0,-320.0,85.499694
1240.0,-320.0,92.710762
1280.0,-320.0,100.329606
1320.0,-320.0,108.345842
1360.0,-320.0,116.750421
1400.0,-320.0,125.535539
1440.0,-320.0,134.694425
1480.0,-320.0,144.220582
1520.0,-320.0,154.10952
1560.0,-320.0,164.356837
1600.0,-320.0,174.95864
1640.0,-320.0,185.911452
1680.0,-320.0,197.210318
1720.0,-320.0,208.853465
1760.0,-320.0,220.838513
-1760.0,-280.0,
-1720.0,-280.0,
-1680.0,-280.0,
-1640.0,-280.0,
-1600.0,-280.0,
-1560.0,-280.0,
-1520.0,-280.0,
-1480.0,-280.0,
-1440.0,-280.0,813.97317
-1400.0,-280.0,785.766115
-1360.0,-280.0,758.172009
-1320.0,-280.0,731.183669
-1280.0,-280.0,704.793196
-1240.0,-280.0,678.993191
-1200.0,-280.0,653.775778
-1160.0,-280.0,629.134588
-1120.0,-280.0,605.061821
-1080.0,-280.0,581.550631
-1040.0,-280.0,558.594656
-1000.0,-280.0,536.187224
-960.0,-280.0,514.321865
-920.0,-280.0,492.992312
-880.0,-280.0,472.192488
-840.0,-280.0,451.916505
-800.0,-280.0,432.158659
-760.0,-280.0,412.913421
-720.0,-280.0,394.175439
-680.0,-280.0,375.939468
-640.0,-280.0,358.200237
-600.0,-280.0,340.953295
-560.0,-280.0,324.193923
-520.0,-280.0,307.917409
-480.0,-280.0,292.119905
-440.0,-280.0,276.796973
-400.0,-280.0,261.945174
-360.0,-280.0,247.560632
-320.0,-280.0,233.640211
-280.0,-280.0,220.18085
-240.0,-280.0,207.179641
-200.0,-280.0,194.634262
-160.0,-280.0,182.542611
-120.0,-280.0,170.902977
-80.0,-280.0,159.714086
-40.0,-280.0,148.975137
0.0,-280.0,138.685837
40.0,-280.0,128.846544
80.0,-280.0,119.459377
120.0,-280.0,110.529276
160.0,-280.0,102.063725
200.0,-280.0,94.072359
240.0,-280.0,86.56665
280.0,-280.0,79.559697
320.0,-280.0,73.066009
360.0,-280.0,67.101698
400.0,-280.0,61.684254
440.0,-280.0,56.832211
480.0,-280.0,52.565657
520.0,-280.0,48.90545
560.0,-280.0,45.873314
600.0,-280.0,43.491503
640.0,-280.0,41.782418
680.0,-280.0,40.767783
720.0,-280.0,40.46893
760.0,-280.0,40.904674
800.0,-280.0,42.091701
840.0,-280.0,44.043374
880.0,-280.0,46.768633
920.0,-280.0,50.271668
960.0,-280.0,54.553097
1000.0,-280.0,59.611479
1040.0,-280.0,65.351806
1080.0,-280.0,71.641543
1120.0,-280.0,78.463433
1160.0,-280.0,85.798185
1200.0,-280.0,93.626681
1240.0,-280.0,101.93143
1280.0,-280.0,110.697174
1320.0,-280.0,119.910959
1360.0,-280.0,129.560983
1400.0,-280.0,139.638686
1440.0,-280.0,150.136571
1480.0,-280.0,161.048183
1520.0,-280.0,172.366485
1560.0,-280.0,184.087061
1600.0,-280.0,196.206388
1640.0,-280.0,208.718037
1680.0,-280.0,221.619979
1720.0,-280.0,234.907907
1760.0,-280.0,248.57774
-1760.0,-240.0,
-1720.0,-240.0,
-1680.0,-240.0,
-1640.0,-240.0,
-1600.0,-240.0,
-1560.0,-240.0,
-1520.0,-240.0,
-1480.0,-240.0,
-1440.0,-240.0,974.290706
-1400.0,-240.0,939.373301
-1360.0,-240.0,905.290099
-1320.0,-240.0,872.02638
-1280.0,-240.0,839.566845
-1240.0,-240.0,807.898316
-1200.0,-240.0,777.007581
-1160.0,-240.0,746.880354
-1120.0,-240.0,717.504595
-1080.0,-240.0,688.867373
-1040.0,-240.0,660.957099
-1000.0,-240.0,633.761071
-960.0,-240.0,607.268798
-920.0,-240.0,581.46902
-880.0,-240.0,556.350694
-840.0,-240.0,531.903482
-800.0,-240.0,508.117535
-760.0,-240.0,484.983103
-720.0,-240.0,462.490792
-680.0,-240.0,440.631547
-640.0,-240.0,419.396456
-600.0,-240.0,398.777239
-560.0,-240.0,378.765925
-520.0,-240.0,359.354779
-480.0,-240.0,340.536069
-440.0,-240.0,322.303063
-400.0,-240.0,304.648851
-360.0,-240.0,287.567132
-320.0,-240.0,271.051822
-280.0,-240.0,255.097428
-240.0,-240.0,239.698563
-200.0,-240.0,224.850581
-160.0,-240.0,210.549182
-120.0,-240.0,196.790588
-80.0,-240.0,183.571595
-40.0,-240.0,170.889666
0.0,-240.0,158.742973
40.0,-240.0,147.130532
80.0,-240.0,136.053575
120.0,-240.0,125.516673
160.0,-240.0,115.527368
200.0,-240.0,106.095746
240.0,-240.0,97.234066
280.0,-240.0,88.956632
320.0,-240.0,81.279602
360.0,-240.0,74.221333
400.0,-240.0,67.802017
440.0,-240.0,62.043512
480.0,-240.0,56.969902
520.0,-240.0,52.60618
560.0,-240.0,48.979382
600.0,-240.0,46.116983
640.0,-240.0,44.047082
680.0,-240.0,42.797998
720.0,-240.0,42.396776
760.0,-240.0,42.868214
800.0,-240.0,44.234551
840.0,-240.0,46.512809
880.0,-240.0,49.713579
920.0,-240.0,53.839823
960.0,-240.0,58.886843
1000.0,-240.0,64.84436
1040.0,-240.0,71.606005
1080.0,-240.0,79.026537
1120.0,-240.0,87.07646
1160.0,-240.0,95.725509
1200.0,-240.0,104.945772
1240.0,-240.0,114.712541
1280.0,-240.0,125.007258
1320.0,-240.0,135.814199
1360.0,-240.0,147.119028
1400.0,-240.0,158.91197
1440.0,-240.0,171.184828
1480.0,-240.0,183.927807
1520.0,-240.0,197.137451
1560.0,-240.0,210.804141
1600.0,-240.0,224.9262
1640.0,-240.0,239.495646
1680.0,-240.0,254.509387
1720.0,-240.0,269.963549
1760.0,-240.0,285.85001
-1760.0,-200.0,
-1720.0,-200.0,
-1680.0,-200.0,
-1640.0,-200.0,
-1600.0,-200.0,
-1560.0,-200.0,
-1520.0,-200.0,
-1480.0,-200.0,1273.918959
-1440.0,-200.0,1226.158569
-1400.0,-200.0,1179.723822
-1360.0,-200.0,1134.579507
-1320.0,-200.0,1090.69246
-1280.0,-200.0,1048.029591
-1240.0,-200.0,1006.559056
-1200.0,-200.0,966.251652
-1160.0,-200.0,927.078474
-1120.0,-200.0,889.011632
-1080.0,-200.0,852.024064
-1040.0,-200.0,816.090783
-1000.0,-200.0,781.187346
-960.0,-200.0,747.289121
-920.0,-200.0,714.374204
-880.0,-200.0,682.420064
-840.0,-200.0,651.406368
-800.0,-200.0,621.311982
-760.0,-200.0,592.118064
-720.0,-200.0,563.80594
-680.0,-200.0,536.357629
-640.0,-200.0,509.755926
-600.0,-200.0,483.984377
-560.0,-200.0,459.027244
-520.0,-200.0,434.869481
-480.0,-200.0,411.496709
-440.0,-200.0,388.894982
-400.0,-200.0,367.051423
-360.0,-200.0,345.953636
-320.0,-200.0,325.589654
-280.0,-200.0,305.948595
-240.0,-200.0,287.0199
-200.0,-200.0,268.793907
-160.0,-200.0,251.261676
-120.0,-200.0,234.415004
-80.0,-200.0,218.246555
-40.0,-200.0,202.749992
0.0,-200.0,187.919977
40.0,-200.0,173.752421
80.0,-200.0,160.246107
120.0,-200.0,147.403958
160.0,-200.0,135.23247
200.0,-200.0,123.74123
240.0,-200.0,112.942644
280.0,-200.0,102.851849
320.0,-200.0,93.486599
360.0,-200.0,84.86782
400.0,-200.0,77.018791
440.0,-200.0,69.96598
480.0,-200.0,63.737893
520.0,-200.0,58.366118
560.0,-200.0,53.883882
600.0,-200.0,50.3262
640.0,-200.0,47.729702
680.0,-200.0,46.131277
720.0,-200.0,45.567309
760.0,-200.0,46.072307
800.0,-200.0,47.677002
840.0,-200.0,50.405838
880.0,-200.0,54.273864
920.0,-200.0,59.283505
960.0,-200.0,65.422606
1000.0,-200.0,72.66617
1040.0,-200.0,80.887724
1080.0,-200.0,89.918382
1120.0,-200.0,99.708133
1160.0,-200.0,110.20987
1200.0,-200.0,121.38155
1240.0,-200.0,133.193675
1280.0,-200.0,145.619966
1320.0,-200.0,158.64294
1360.0,-200.0,172.24549
1400.0,-200.0,186.417839
1440.0,-200.0,201.147552
1480.0,-200.0,216.426782
1520.0,-200.0,232.248489
1560.0,-200.0,248.605317
1600.0,-200.0,265.488309
1640.0,-200.0,282.892981
1680.0,-200.0,300.812856
1720.0,-200.0,319.241463
1760.0,-200.0,338.172307
-1760.0,-160.0,
-1720.0,-160.0,
-1680.0,-160.0,
-1640.0,-160.0,
-1600.0,-160.0,
-1560.0,-160.0,
-1520.0,-160.0,
-1480.0,-160.0,1766.250316
-1440.0,-160.0,1692.215761
-1400.0,-160.0,1620.89316
-1360.0,-160.0,1552.162558
-1320.0,-160.0,1485.911966
-1280.0,-160.0,1422.036675
-1240.0,-160.0,1360.438614
-1200.0,-160.0,1301.025778
-1160.0,-160.0,1243.710253
-1120.0,-160.0,1188.410644
-1080.0,-160.0,1135.049153
-1040.0,-160.0,1083.553705
-1000.0,-160.0,1033.85512
-960.0,-160.0,985.888226
-920.0,-160.0,939.591564
-880.0,-160.0,894.907107
-840.0,-160.0,851.780006
-800.0,-160.0,810.158354
-760.0,-160.0,769.99202
-720.0,-160.0,731.235116
-680.0,-160.0,693.842605
-640.0,-160.0,657.773106
-600.0,-160.0,622.986607
-560.0,-160.0,589.445079
-520.0,-160.0,557.113106
-480.0,-160.0,525.956805
-440.0,-160.0,495.944099
-400.0,-160.0,467.044547
-360.0,-160.0,439.229678
-320.0,-160.0,412.472466
-280.0,-160.0,386.747249
-240.0,-160.0,362.030254
-200.0,-160.0,338.298902
-160.0,-160.0,315.532362
-120.0,-160.0,293.711172
-80.0,-160.0,272.817507
-40.0,-160.0,252.83524
0.0,-160.0,233.750009
40.0,-160.0,215.549533
80.0,-160.0,198.225611
120.0,-160.0,181.775529
160.0,-160.0,166.201241
200.0,-160.0,151.508838
240.0,-160.0,137.708518
280.0,-160.0,124.814474
320.0,-160.0,112.845178
360.0,-160.0,101.823341
400.0,-160.0,91.775929
440.0,-160.0,82.733826
480.0,-160.0,74.732322
520.0,-160.0,67.810276
560.0,-160.0,62.009996
600.0,-160.0,57.37686
640.0,-160.0,53.959106
680.0,-160.0,51.806573
720.0,-160.0,50.969733
760.0,-160.0,51.497603
800.0,-160.0,53.436322
840.0,-160.0,56.824541
880.0,-160.0,61.688198
920.0,-160.0,68.031879
960.0,-160.0,75.834611
1000.0,-160.0,85.044686
1040.0,-160.0,95.495125
1080.0,-160.0,106.974222
1120.0,-160.0,119.392001
1160.0,-160.0,132.672177
1200.0,-160.0,146.759914
1240.0,-160.0,161.614231
1280.0,-160.0,177.203933
1320.0,-160.0,193.507692
1360.0,-160.0,210.508333
1400.0,-160.0,228.191496
1440.0,-160.0,246.544898
1480.0,-160.0,265.557604
1520.0,-160.0,285.21954
1560.0,-160.0,305.521161
1600.0,-160.0,326.452792
1640.0,-160.0,348.002941
1680.0,-160.0,370.164414
1720.0,-160.0,392.927989
1760.0,-160.0,416.281486
-1760.0,-120.0,
-1720.0,-120.0,
-1680.0,-120.0,
-1640.0,-120.0,
-1600.0,-120.0,
-1560.0,-120.0,
-1520.0,-120.0,
-1480.0,-120.0,3125.213539
-1440.0,-120.0,2949.082757
-1400.0,-120.0,2784.567322
-1360.0,-120.0,2630.582175
-1320.0,-120.0,2486.180377
-1280.0,-120.0,2350.527981
-1240.0,-120.0,2222.888812
-1200.0,-120.0,2102.611255
-1160.0,-120.0,1989.116271
-1120.0,-120.0,1881.886733
-1080.0,-120.0,1780.457505
-1040.0,-120.0,1684.412958
-1000.0,-120.0,1593.377614
-960.0,-120.0,1507.011942
-920.0,-120.0,1425.008562
-880.0,-120.0,1347.087036
-840.0,-120.0,1272.994064
-800.0,-120.0,1202.496383
-760.0,-120.0,1135.38232
-720.0,-120.0,1071.456941
-680.0,-120.0,1010.541534
-640.0,-120.0,952.471932
-600.0,-120.0,897.097051
-560.0,-120.0,844.276823
-520.0,-120.0,793.883291
-480.0,-120.0,745.796733
-440.0,-120.0,699.907578
-400.0,-120.0,656.113799
-360.0,-120.0,614.320965
-320.0,-120.0,574.441608
-280.0,-120.0,536.394668
-240.0,-120.0,500.104922
-200.0,-120.0,465.502795
-160.0,-120.0,432.523903
-120.0,-120.0,401.108736
-80.0,-120.0,371.202508
-40.0,-120.0,342.755098
0.0,-120.0,315.720957
40.0,-120.0,290.059431
80.0,-120.0,265.737237
120.0,-120.0,242.729877
160.0,-120.0,221.020427
200.0,-120.0,200.599148
240.0,-120.0,181.463637
280.0,-120.0,163.618567
320.0,-120.0,147.076331
360.0,-120.0,131.856444
400.0,-120.0,117.985344
440.0,-120.0,105.496911
480.0,-120.0,94.431615
520.0,-120.0,84.836473
560.0,-120.0,76.764726
600.0,-120.0,70.275391
640.0,-120.0,65.432082
680.0,-120.0,62.303952
720.0,-120.0,60.962902
760.0,-120.0,61.480687
800.0,-120.0,63.930423
840.0,-120.0,68.37527
880.0,-120.0,74.866535
920.0,-120.0,83.425264
960.0,-120.0,94.020901
1000.0,-120.0,106.553354
1040.0,-120.0,120.766743
1080.0,-120.0,136.347871
1120.0,-120.0,153.129756
1160.0,-120.0,170.994955
1200.0,-120.0,189.867231
1240.0,-120.0,209.694759
1280.0,-120.0,230.444449
1320.0,-120.0,252.090638
1360.0,-120.0,274.609244
1400.0,-120.0,297.983706
1440.0,-120.0,322.196672
1480.0,-120.0,347.231526
1520.0,-120.0,373.071871
1560.0,-120.0,399.704456
1600.0,-120.0,427.107693
1640.0,-120.0,455.268243
1680.0,-120.0,484.168885
1720.0,-120.0,513.790894
1760.0,-120.0,544.114791
-1760.0,-80.0,
-1720.0,-80.0,
-1680.0,-80.0,
-1640.0,-80.0,
-1600.0,-80.0,
-1560.0,-80.0,
-1520.0,-80.0,
-1480.0,-80.0,83964.66572
-1440.0,-80.0,81376.735671
-1400.0,-80.0,79009.284821
-1360.0,-80.0,76835.312743
-1320.0,-80.0,74832.052922
-1280.0,-80.0,25818.779301
-1240.0,-80.0,14016.05808
-1200.0,-80.0,10422.340868
-1160.0,-80.0,8394.715373
-1120.0,-80.0,7034.804891
-1080.0,-80.0,6039.445611
-1040.0,-80.0,5270.73944
-1000.0,-80.0,4654.929535
-960.0,-80.0,4148.243782
-920.0,-80.0,3722.746354
-880.0,-80.0,3359.616501
-840.0,-80.0,3045.630457
-800.0,-80.0,2771.181399
-760.0,-80.0,2529.097293
-720.0,-80.0,2313.899293
-680.0,-80.0,2121.319301
-640.0,-80.0,1947.977292
-600.0,-80.0,1791.158097
-560.0,-80.0,1648.652706
-520.0,-80.0,1518.642048
-480.0,-80.0,1399.615658
-440.0,-80.0,1290.306323
-400.0,-80.0,1189.64316
-360.0,-80.0,1096.714026
-320.0,-80.0,1010.738225
-280.0,-80.0,931.042135
-240.0,-80.0,857.042443
-200.0,-80.0,788.231331
-160.0,-80.0,724.16491
-120.0,-80.0,664.453792
-80.0,-80.0,608.755208
-40.0,-80.0,556.76707
0.0,-80.0,508.222757
40.0,-80.0,462.887638
80.0,-80.0,420.559233
120.0,-80.0,381.065933
160.0,-80.0,344.263382
200.0,-80.0,310.032812
240.0,-80.0,278.279084
280.0,-80.0,248.929747
320.0,-80.0,221.933222
360.0,-80.0,197.257655
400.0,-80.0,174.889793
440.0,-80.0,154.83397
480.0,-80.0,137.1103
520.0,-80.0,121.755827
560.0,-80.0,108.82077
600.0,-80.0,98.370602
640.0,-80.0,90.482299
680.0,-80.0,85.244817
720.0,-80.0,82.758123
760.0,-80.0,83.130068
800.0,-80.0,86.473846
840.0,-80.0,92.901304
880.0,-80.0,102.516592
920.0,-80.0,115.390799
960.0,-80.0,131.508412
1000.0,-80.0,150.68643
1040.0,-80.0,172.413733
1080.0,-80.0,196.092458
1120.0,-80.0,221.392539
1160.0,-80.0,248.137342
1200.0,-80.0,276.229847
1240.0,-80.0,305.608595
1280.0,-80.0,336.228367
1320.0,-80.0,368.051661
1360.0,-80.0,401.044639
1400.0,-80.0,435.175063
1440.0,-80.0,470.409667
1480.0,-80.0,506.710006
1520.0,-80.0,544.049108
1560.0,-80.0,582.38189
1600.0,-80.0,621.680159
1640.0,-80.0,661.892361
1680.0,-80.0,702.986124
1720.0,-80.0,744.916849
1760.0,-80.0,787.633081
-1760.0,-40.0,
-1720.0,-40.0,
-1680.0,-40.0,
-1640.0,-40.0,
-1600.0,-40.0,
-1560.0,-40.0,
-1520.0,-40.0,
-1480.0,-40.0,
-1440.0,-40.0,
-1400.0,-40.0,
-1360.0,-40.0,
-1320.0,-40.0,
-1280.0,-40.0,
-1240.0,-40.0,
-1200.0,-40.0,
-1160.0,-40.0,
-1120.0,-40.0,549259.66462
-1080.0,-40.0,259754.927008
-1040.0,-40.0,176154.911309
-1000.0,-40.0,136003.062487
-960.0,-40.0,112316.185282
-920.0,-40.0,96657.18693
-880.0,-40.0,85523.630284
-840.0,-40.0,77196.221033
-800.0,-40.0,70730.696135
-760.0,-40.0,65564.654454
-720.0,-40.0,61335.257191
-680.0,-40.0,57805.095625
-640.0,-40.0,54814.04058
-600.0,-40.0,52247.396355
-560.0,-40.0,50020.855048
-520.0,-40.0,48071.05165
-480.0,-40.0,46349.438038
-440.0,-40.0,44818.193141
-400.0,-40.0,43447.412017
-360.0,-40.0,42213.140403
-320.0,-40.0,41095.964347
-280.0,-40.0,40079.982494
-240.0,-40.0,39152.046383
-200.0,-40.0,38301.190878
-160.0,-40.0,37518.197776
-120.0,-40.0,5597.748118
-80.0,-40.0,3511.966347
-40.0,-40.0,2606.666405
0.0,-40.0,2056.583447
40.0,-40.0,1675.639136
80.0,-40.0,1392.174638
120.0,-40.0,1171.382587
160.0,-40.0,993.908587
200.0,-40.0,847.989297
240.0,-40.0,726.013626
280.0,-40.0,622.827298
320.0,-40.0,534.820669
360.0,-40.0,459.402826
400.0,-40.0,394.683643
440.0,-40.0,339.26924
480.0,-40.0,292.131415
520.0,-40.0,252.513843
560.0,-40.0,219.871571
600.0,-40.0,193.823296
640.0,-40.0,174.119829
680.0,-40.0,160.619732
720.0,-40.0,153.270763
760.0,-40.0,152.095284
800.0,-40.0,157.171142
840.0,-40.0,168.635048
880.0,-40.0,186.652161
920.0,-40.0,211.398685
960.0,-40.0,242.989608
1000.0,-40.0,281.15152
1040.0,-40.0,324.322633
1080.0,-40.0,370.622178
1120.0,-40.0,419.370894
1160.0,-40.0,470.309515
1200.0,-40.0,523.006638
1240.0,-40.0,577.265768
1280.0,-40.0,632.989779
1320.0,-40.0,690.1038
1360.0,-40.0,748.549639
1400.0,-40.0,808.272781
1440.0,-40.0,869.226142
1480.0,-40.0,931.368729
1520.0,-40.0,994.664633
1560.0,-40.0,1059.082243
1600.0,-40.0,1124.593629
1640.0,-40.0,1191.174044
1680.0,-40.0,1258.783667
1720.0,-40.0,1327.402363
1760.0,-40.0,1397.017105
-1760.0,40.0,
-1720.0,40.0,
-1680.0,40.0,
-1640.0,40.0,
-1600.0,40.0,
-1560.0,40.0,
-1520.0,40.0,
-1480.0,40.0,
-1440.0,40.0,
-1400.0,40.0,
-1360.0,40.0,
-1320.0,40.0,
-1280.0,40.0,
-1240.0,40.0,
-1200.0,40.0,
-1160.0,40.0,
-1120.0,40.0,549259.66463
-1080.0,40.0,259754.927012
-1040.0,40.0,176154.911311
-1000.0,40.0,136003.062489
-960.0,40.0,112316.185283
-920.0,40.0,96657.186931
-880.0,40.0,85523.630285
-840.0,40.0,77196.221034
-800.0,40.0,70730.696136
-760.0,40.0,65564.654455
-720.0,40.0,61335.257192
-680.0,40.0,57805.095626
-640.0,40.0,54814.040581
-600.0,40.0,52247.396355
-560.0,40.0,50020.855049
-520.0,40.0,48071.051651
-480.0,40.0,46349.438039
-440.0,40.0,44818.193141
-400.0,40.0,43447.412018
-360.0,40.0,42213.140403
-320.0,40.0,41095.964347
-280.0,40.0,40079.982495
-240.0,40.0,39152.046384
-200.0,40.0,38301.190878
-160.0,40.0,37518.197777
-120.0,40.0,5597.748118
-80.0,40.0,3511.966347
-40.0,40.0,2606.666405
0.0,40.0,2056.583447
40.0,40.0,1675.639136
80.0,40.0,1392.174638
120.0,40.0,1171.382587
160.0,40.0,993.908587
200.0,40.0,847.989297
240.0,40.0,726.013626
280.0,40.0,622.827298
320.0,40.0,534.820669
360.0,40.0,459.402826
400.0,40.0,394.683643
440.0,40.0,339.26924
480.0,40.0,292.131415
520.0,40.0,252.513843
560.0,40.0,219.871571
600.0,40.0,193.823296
640.0,40.0,174.119829
680.0,40.0,160.619732
720.0,40.0,153.270763
760.0,40.0,152.095284
800.0,40.0,157.171142
840.0,40.0,168.635048
880.0,40.0,186.652161
920.0,40.0,211.398685
960.0,40.0,242.989608
1000.0,40.0,281.15152
1040.0,40.0,324.322633
1080.0,40.0,370.622178
1120.0,40.0,419.370894
1160.0,40.0,470.309515
1200.0,40.0,523.006638
1240.0,40.0,577.265768
1280.0,40.0,632.989779
1320.0,40.0,690.1038
1360.0,40.0,748.549639
1400.0,40.0,808.272781
1440.0,40.0,869.226142
1480.0,40.0,931.368729
1520.0,40.0,994.664633
1560.0,40.0,1059.082243
1600.0,40.0,1124.593629
1640.0,40.0,1191.174044
1680.0,40.0,1258.783667
1720.0,40.0,1327.402363
1760.0,40.0,1397.017105
-1760.0,80.0,
-1720.0,80.0,
-1680.0,80.0,
-1640.0,80.0,
-1600.0,80.0,
-1560.0,80.0,
-1520.0,80.0,
-1480.0,80.0,83964.665721
-1440.0,80.0,81376.735672
-1400.0,80.0,79009.284822
-1360.0,80.0,76835.312744
-1320.0,80.0,74832.052923
-1280.0,80.0,25818.779301
-1240.0,80.0,14016.05808
-1200.0,80.0,10422.340868
-1160.0,80.0,8394.715373
-1120.0,80.0,7034.804891
-1080.0,80.0,6039.445611
-1040.0,80.0,5270.73944
-1000.0,80.0,4654.929535
-960.0,80.0,4148.243782
-920.0,80.0,3722.746354
-880.0,80.0,3359.616501
-840.0,80.0,3045.630457
-800.0,80.0,2771.181399
-760.0,80.0,2529.097293
-720.0,80.0,2313.899293
-680.0,80.0,2121.319301
-640.0,80.0,1947.977292
-600.0,80.0,1791.158097
-560.0,80.0,1648.652706
-520.0,80.0,1518.642048
-480.0,80.0,1399.615658
-440.0,80.0,1290.306323
-400.0,80.0,1189.64316
-360.0,80.0,1096.714026
-320.0,80.0,1010.738225
-280.0,80.0,931.042135
-240.0,80.0,857.042443
-200.0,80.0,788.231331
-160.0,80.0,724.16491
-120.0,80.0,664.453792
-80.0,80.0,608.755208
-40.0,80.0,556.76707
0.0,80.0,508.222757
40.0,80.0,462.887638
80.0,80.0,420.559233
120.0,80.0,381.065933
160.0,80.0,344.263382
200.0,80.0,310.032812
240.0,80.0,278.279084
280.0,80.0,248.929747
320.0,80.0,221.933222
360.0,80.0,197.257655
400.0,80.0,174.889793
440.0,80.0,154.83397
480.0,80.0,137.1103
520.0,80.0,121.755827
560.0,80.0,108.82077
600.0,80.0,98.370602
640.0,80.0,90.482299
680.0,80.0,85.244817
720.0,80.0,82.758123
760.0,80.0,83.130068
800.0,80.0,86.473846
840.0,80.0,92.901304
880.0,80.0,102.516592
920.0,80.0,115.390799
960.0,80.0,131.508412
1000.0,80.0,150.68643
1040.0,80.0,172.413733
1080.0,80.0,196.092458
1120.0,80.0,221.392539
1160.0,80.0,248.137342
1200.0,80.0,276.229847
1240.0,80.0,305.608595
1280.0,80.0,336.228367
1320.0,80.0,368.051661
1360.0,80.0,401.044639
1400.0,80.0,435.175063
1440.0,80.0,470.409667
1480.0,80.0,506.710006
1520.0,80.0,544.049108
1560.0,80.0,582.38189
1600.0,80.0,621.680159
1640.0,80.0,661.892361
1680.0,80.0,702.986124
1720.0,80.0,744.916849
1760.0,80.0,787.633081
-1760.0,120.0,
-1720.0,120.0,
-1680.0,120.0,
-1640.0,120.0,
-1600.0,120.0,
-1560.0,120.0,
-1520.0,120.0,
-1480.0,120.0,3125.213539
-1440.0,120.0,2949.082757
-1400.0,120.0,2784.567322
-1360.0,120.0,2630.582175
-1320.0,120.0,2486.180377
-1280.0,120.0,2350.527981
-1240.0,120.0,2222.888812
-1200.0,120.0,2102.611255
-1160.0,120.0,1989.116271
-1120.0,120.0,1881.886733
-1080.0,120.0,1780.457505
-1040.0,120.0,1684.412958
-1000.0,120.0,1593.377614
-960.0,120.0,1507.011942
-920.0,120.0,1425.008562
-880.0,120.0,1347.087036
-840.0,120.0,1272.994064
-800.0,120.0,1202.496383
-760.0,120.0,1135.38232
-720.0,120.0,1071.456941
-680.0,120.0,1010.541534
-640.0,120.0,952.471932
-600.0,120.0,897.097051
-560.0,120.0,844.276823
-520.0,120.0,793.883291
-480.0,120.0,745.796733
-440.0,120.0,699.907578
-400.0,120.0,656.113799
-360.0,120.0,614.320965
-320.0,120.0,574.441608
-280.0,120.0,536.394668
-240.0,120.0,500.104922
-200.0,120.0,465.502795
-160.0,120.0,432.523903
-120.0,120.0,401.108736
-80.0,120.0,371.202508
-40.0,120.0,342.755098
0.0,120.0,315.720957
40.0,120.0,290.059431
80.0,120.0,265.737237
120.0,120.0,242.729877
160.0,120.0,221.020427
200.0,120.0,200.599148
240.0,120.0,181.463637
280.0,120.0,163.618567
320.0,120.0,147.076331
360.0,120.0,131.856444
400.0,120.0,117.985344
440.0,120.0,105.496911
480.0,120.0,94.431615
520.0,120.0,84.836473
560.0,120.0,76.764726
600.0,120.0,70.275391
640.0,120.0,65.432082
680.0,120.0,62.303952
720.0,120.0,60.962902
760.0,120.0,61.480687
800.0,120.0,63.930423
840.0,120.0,68.37527
880.0,120.0,74.866535
920.0,120.0,83.425264
960.0,120.0,94.020901
1000.0,120.0,106.553354
1040.0,120.0,120.766743
1080.0,120.0,136.347871
1120.0,120.0,153.129756
1160.0,120.0,170.994955
1200.0,120.0,189.867231
1240.0,120.0,209.694759
1280.0,120.0,230.444449
1320.0,120.0,252.090638
1360.0,120.0,274.609244
1400.0,120.0,297.983706
1440.0,120.0,322.196672
1480.0,120.0,347.231526
1520.0,120.0,373.071871
1560.0,120.0,399.704456
1600.0,120.0,427.107693
1640.0,120.0,455.268243
1680.0,120.0,484.168885
1720.0,120.0,513.790894
1760.0,120.0,544.114791
-1760.0,160.0,
-1720.0,160.0,
-1680.0,160.0,
-1640.0,160.0,
-1600.0,160.0,
-1560.0,160.0,
-1520.0,160.0,
-1480.0,160.0,1766.250316
-1440.0,160.0,1692.215761
-1400.0,160.0,1620.89316
-1360.0,160.0,1552.162558
-1320.0,160.0,1485.911966
-1280.0,160.0,1422.036675
-1240.0,160.0,1360.438614
-1200.0,160.0,1301.025778
-1160.0,160.0,1243.710253
-1120.0,160.0,1188.410644
-1080.0,160.0,1135.049153
-1040.0,160.0,1083.553705
-1000.0,160.0,1033.85512
-960.0,160.0,985.888226
-920.0,160.0,939.591564
-880.0,160.0,894.907107
-840.0,160.0,851.780006
-800.0,160.0,810.158354
-760.0,160.0,769.99202
-720.0,160.0,731.235116
-680.0,160.0,693.842605
-640.0,160.0,657.773106
-600.0,160.0,622.986607
-560.0,160.0,589.445079
-520.0,160.0,557.113106
-480.0,160.0,525.956805
-440.0,160.0,495.944099
-400.0,160.0,467.044547
-360.0,160.0,439.229678
-320.0,160.0,412.472466
-280.0,160.0,386.747249
-240.0,160.0,362.030254
-200.0,160.0,338.298902
-160.0,160.0,315.532362
-120.0,160.0,293.711172
-80.0,160.0,272.817507
-40.0,160.0,252.83524
0.0,160.0,233.750009
40.0,160.0,215.549533
80.0,160.0,198.225611
120.0,160.0,181.775529
160.0,160.0,166.201241
200.0,160.0,151.508838
240.0,160.0,137.708518
280.0,160.0,124.814474
320.0,160.0,112.845178
360.0,160.0,101.823341
400.0,160.0,91.775929
440.0,160.0,82.733826
480.0,160.0,74.732322
520.0,160.0,67.810276
560.0,160.0,62.009996
600.0,160.0,57.37686
640.0,160.0,53.959106
680.0,160.0,51.806573
720.0,160.0,50.969733
760.0,160.0,51.497603
800.0,160.0,53.436322
840.0,160.0,56.824541
880.0,160.0,61.688198
920.0,160.0,68.031879
960.0,160.0,75.834611
1000.0,160.0,85.044686
1040.0,160.0,95.495125
1080.0,160.0,106.974222
1120.0,160.0,119.392001
1160.0,160.0,132.672177
1200.0,160.0,146.759914
1240.0,160.0,161.614231
1280.0,160.0,177.203933
1320.0,160.0,193.507692
1360.0,160.0,210.508333
1400.0,160.0,228.191496
1440.0,160.0,246.544898
1480.0,160.0,265.557604
1520.0,160.0,285.21954
1560.0,160.0,305.521161
1600.0,160.0,326.452792
1640.0,160.0,348.002941
1680.0,160.0,370.164414
1720.0,160.0,392.927989
1760.0,160.0,416.281486
-1760.0,200.0,
-1720.0,200.0,
-1680.0,200.0,
-1640.0,200.0,
-1600.0,200.0,
-1560.0,200.0,
-1520.0,200.0,
-1480.0,200.0,1273.918959
-1440.0,200.0,1226.158569
-1400.0,200.0,1179.723822
-1360.0,200.0,1134.579507
-1320.0,200.0,1090.69246
-1280.0,200.0,1048.029591
-1240.0,200.0,1006.559056
-1200.0,200.0,966.251652
-1160.0,200.0,927.078474
-1120.0,200.0,889.011632
-1080.0,200.0,852.024064
-1040.0,200.0,816.090783
-1000.0,200.0,781.187346
-960.0,200.0,747.289121
-920.0,200.0,714.374204
-880.0,200.0,682.420064
-840.0,200.0,651.406368
-800.0,200.0,621.311982
-760.0,200.0,592.118064
-720.0,200.0,563.80594
-680.0,200.0,536.357629
-640.0,200.0,509.755926
-600.0,200.0,483.984377
-560.0,200.0,459.027244
-520.0,200.0,434.869481
-480.0,200.0,411.496709
-440.0,200.0,388.894982
-400.0,200.0,367.051423
-360.0,200.0,345.953636
-320.0,200.0,325.589654
-280.0,200.0,305.948595
-240.0,200.0,287.0199
-200.0,200.0,268.793907
-160.0,200.0,251.261676
-120.0,200.0,234.415004
-80.0,200.0,218.246555
-40.0,200.0,202.749992
0.0,200.0,187.919977
40.0,200.0,173.752421
80.0,200.0,160.246107
120.0,200.0,147.403958
160.0,200.0,135.23247
200.0,200.0,123.74123
240.0,200.0,112.942644
280.0,200.0,102.851849
320.0,200.0,93.486599
360.0,200.0,84.86782
400.0,200.0,77.018791
440.0,200.0,69.96598
480.0,200.0,63.737893
520.0,200.0,58.366118
560.0,200.0,53.883882
600.0,200.0,50.3262
640.0,200.0,47.729702
680.0,200.0,46.131277
720.0,200.0,45.567309
760.0,200.0,46.072307
800.0,200.0,47.677002
840.0,200.0,50.405838
880.0,200.0,54.273864
920.0,200.0,59.283505
960.0,200.0,65.422606
1000.0,200.0,72.66617
1040.0,200.0,80.887724
1080.0,200.0,89.918382
1120.0,200.0,99.708133
1160.0,200.0,110.20987
1200.0,200.0,121.38155
1240.0,200.0,133.193675
1280.0,200.0,145.619966
1320.0,200.0,158.64294
1360.0,200.0,172.24549
1400.0,200.0,186.417839
1440.0,200.0,201.147552
1480.0,200.0,216.426782
1520.0,200.0,232.248489
1560.0,200.0,248.605317
1600.0,200.0,265.488309
1640.0,200.0,282.892981
1680.0,200.0,300.812856
1720.0,200.0,319.241463
1760.0,200.0,338.172307
-1760.0,240.0,
-1720.0,240.0,
-1680.0,240.0,
-1640.0,240.0,
-1600.0,240.0,
-1560.0,240.0,
-1520.0,240.0,
-1480.0,240.0,
-1440.0,240.0,974.290706
-1400.0,240.0,939.373301
-1360.0,240.0,905.290099
-1320.0,240.0,872.02638
-1280.0,240.0,839.566845
-1240.0,240.0,807.898316
-1200.0,240.0,777.007581
-1160.0,240.0,746.880354
-1120.0,240.0,717.504595
-1080.0,240.0,688.867373
-1040.0,240.0,660.957099
-1000.0,240.0,633.761071
-960.0,240.0,607.268798
-920.0,240.0,581.46902
-880.0,240.0,556.350694
-840.0,240.0,531.903482
-800.0,240.0,508.117535
-760.0,240.0,484.983103
-720.0,240.0,462.490792
-680.0,240.0,440.631547
-640.0,240.0,419.396456
-600.0,240.0,398.777239
-560.0,240.0,378.765925
-520.0,240.0,359.354779
-480.0,240.0,340.536069
-440.0,240.0,322.303063
-400.0,240.0,304.648851
-360.0,240.0,287.567132
-320.0,240.0,271.051822
-280.0,240.0,255.097428
-240.0,240.0,239.698563
-200.0,240.0,224.850581
-160.0,240.0,210.549182
-120.0,240.0,196.790588
-80.0,240.0,183.571595
-40.0,240.0,170.889666
0.0,240.0,158.742973
40.0,240.0,147.130532
80.0,240.0,136.053575
120.0,240.0,125.516673
160.0,240.0,115.527368
200.0,240.0,106.095746
240.0,240.0,97.234066
280.0,240.0,88.956632
320.0,240.0,81.279602
360.0,240.0,74.221333
400.0,240.0,67.802017
440.0,240.0,62.043512
480.0,240.0,56.969902
520.0,240.0,52.60618
560.0,240.0,48.979382
600.0,240.0,46.116983
640.0,240.0,44.047082
680.0,240.0,42.797998
720.0,240.0,42.396776
760.0,240.0,42.868214
800.0,240.0,44.234551
840.0,240.0,46.512809
880.0,240.0,49.713579
920.0,240.0,53.839823
960.0,240.0,58.886843
1000.0,240.0,64.84436
1040.0,240.0,71.606005
1080.0,240.0,79.026537
1120.0,240.0,87.07646
1160.0,240.0,95.725509
1200.0,240.0,104.945772
1240.0,240.0,114.712541
1280.0,240.0,125.007258
1320.0,240.0,135.814199
1360.0,240.0,147.119028
1400.0,240.0,158.91197
1440.0,240.0,171.184828
1480.0,240.0,183.927807
1520.0,240.0,197.137451
1560.0,240.0,210.804141
1600.0,240.0,224.9262
1640.0,240.0,239.495646
1680.0,240.0,254.509387
1720.0,240.0,269.963549
1760.0,240.0,285.85001
-1760.0,280.0,
-1720.0,280.0,
-1680.0,280.0,
-1640.0,280.0,
-1600.0,280.0,
-1560.0,280.0,
-1520.0,280.0,
-1480.0,280.0,
-1440.0,280.0,813.97317
-1400.0,280.0,785.766115
-1360.0,280.0,758.172009
-1320.0,280.0,731.183669
-1280.0,280.0,704.793196
-1240.0,280.0,678.993191
-1200.0,280.0,653.775778
-1160.0,280.0,629.134588
-1120.0,280.0,605.061821
-1080.0,280.0,581.550631
-1040.0,280.0,558.594656
-1000.0,280.0,536.187224
-960.0,280.0,514.321865
-920.0,280.0,492.992312
-880.0,280.0,472.192488
-840.0,280.0,451.916505
-800.0,280.0,432.158659
-760.0,280.0,412.913421
-720.0,280.0,394.175439
-680.0,280.0,375.939468
-640.0,280.0,358.200237
-600.0,280.0,340.953295
-560.0,280.0,324.193923
-520.0,280.0,307.917409
-480.0,280.0,292.119905
-440.0,280.0,276.796973
-400.0,280.0,261.945174
-360.0,280.0,247.560632
-320.0,280.0,233.640211
-280.0,280.0,220.18085
-240.0,280.0,207.179641
-200.0,280.0,194.634262
-160.0,280.0,182.542611
-120.0,280.0,170.902977
-80.0,280.0,159.714086
-40.0,280.0,148.975137
0.0,280.0,138.685837
40.0,280.0,128.846544
80.0,280.0,119.459377
120.0,280.0,110.529276
160.0,280.0,102.063725
200.0,280.0,94.072359
240.0,280.0,86.56665
280.0,280.0,79.559697
320.0,280.0,73.066009
360.0,280.0,67.101698
400.0,280.0,61.684254
440.0,280.0,56.832211
480.0,280.0,52.565657
520.0,280.0,48.90545
560.0,280.0,45.873314
600.0,280.0,43.491503
640.0,280.0,41.782418
680.0,280.0,40.767783
720.0,280.0,40.46893
760.0,280.0,40.904674
800.0,280.0,42.091701
840.0,280.0,44.043374
880.0,280.0,46.768633
920.0,280.0,50.271668
960.0,280.0,54.553097
1000.0,280.0,59.611479
1040.0,280.0,65.351806
1080.0,280.0,71.641543
1120.0,280.0,78.463433
1160.0,280.0,85.798185
1200.0,280.0,93.626681
1240.0,280.0,101.93143
1280.0,280.0,110.697174
1320.0,280.0,119.910959
1360.0,280.0,129.560983
1400.0,280.0,139.638686
1440.0,280.0,150.136571
1480.0,280.0,161.048183
1520.0,280.0,172.366485
1560.0,280.0,184.087061
1600.0,280.0,196.206388
1640.0,280.0,208.718037
1680.0,280.0,221.619979
1720.0,280.0,234.907907
1760.0,280.0,248.57774
-1760.0,320.0,
-1720.0,320.0,
-1680.0,320.0,
-1640.0,320.0,
-1600.0,320.0,
-1560.0,320.0,
-1520.0,320.0,
-1480.0,320.0,
-1440.0,320.0,702.078391
-1400.0,320.0,678.304866
-1360.0,320.0,655.017933
-1320.0,320.0,632.211234
-1280.0,320.0,609.881579
-1240.0,320.0,588.024237
-1200.0,320.0,566.634594
-1160.0,320.0,545.707687
-1120.0,320.0,525.239793
-1080.0,320.0,505.226654
-1040.0,320.0,485.664103
-1000.0,320.0,466.548085
-960.0,320.0,447.874647
-920.0,320.0,429.639944
-880.0,320.0,411.840126
-840.0,320.0,394.47139
-800.0,320.0,377.530454
-760.0,320.0,361.01389
-720.0,320.0,344.918292
-680.0,320.0,329.240122
-640.0,320.0,313.976726
-600.0,320.0,299.124849
-560.0,320.0,284.681685
-520.0,320.0,270.644568
-480.0,320.0,257.01083
-440.0,320.0,243.778085
-400.0,320.0,230.944132
-360.0,320.0,218.506699
-320.0,320.0,206.464066
-280.0,320.0,194.814513
-240.0,320.0,183.556444
-200.0,320.0,172.688753
-160.0,320.0,162.210493
-120.0,320.0,152.121024
-80.0,320.0,142.420039
-40.0,320.0,133.107597
0.0,320.0,124.18414
40.0,320.0,115.650588
80.0,320.0,107.509347
120.0,320.0,99.765223
160.0,320.0,92.425239
200.0,320.0,85.498306
240.0,320.0,78.994933
280.0,320.0,72.927001
320.0,320.0,67.307506
360.0,320.0,62.150705
400.0,320.0,57.471853
440.0,320.0,53.286991
480.0,320.0,49.613033
520.0,320.0,46.467777
560.0,320.0,43.868933
600.0,320.0,41.835188
640.0,320.0,40.384351
680.0,320.0,39.53456
720.0,320.0,39.302081
760.0,320.0,39.702875
800.0,320.0,40.749953
840.0,320.0,42.454588
880.0,320.0,44.825512
920.0,320.0,47.868328
960.0,320.0,51.587158
1000.0,320.0,55.985847
1040.0,320.0,60.976334
1080.0,320.0,66.433936
1120.0,320.0,72.348576
1160.0,320.0,78.708076
1200.0,320.0,85.499694
1240.0,320.0,92.710762
1280.0,320.0,100.329606
1320.0,320.0,108.345842
1360.0,320.0,116.750421
1400.0,320.0,125.535539
1440.0,320.0,134.694425
1480.0,320.0,144.220582
1520.0,320.0,154.10952
1560.0,320.0,164.356837
1600.0,320.0,174.95864
1640.0,320.0,185.911452
1680.0,320.0,197.210318
1720.0,320.0,208.853465
1760.0,320.0,220.838513
-1760.0,360.0,
-1720.0,360.0,
-1680.0,360.0,
-1640.0,360.0,
-1600.0,360.0,
-1560.0,360.0,
-1520.0,360.0,
-1480.0,360.0,
-1440.0,360.0,619.21743
-1400.0,360.0,598.613306
-1360.0,360.0,578.412894
-1320.0,360.0,558.613043
-1280.0,360.0,539.210675
-1240.0,360.0,520.20278
-1200.0,360.0,501.586415
-1160.0,360.0,483.358706
-1120.0,360.0,465.516839
-1080.0,360.0,448.058065
-1040.0,360.0,430.979694
-1000.0,360.0,414.279095
-960.0,360.0,397.953696
-920.0,360.0,382.000982
-880.0,360.0,366.418185
-840.0,360.0,351.203048
-800.0,360.0,336.353453
-760.0,360.0,321.866944
-720.0,360.0,307.741187
-680.0,360.0,293.974471
-640.0,360.0,280.564281
-600.0,360.0,267.509146
-560.0,360.0,254.806854
-520.0,360.0,242.456031
-480.0,360.0,230.454659
-440.0,360.0,218.801571
-400.0,360.0,207.495256
-360.0,360.0,196.534425
-320.0,360.0,185.918115
-280.0,360.0,175.645394
-240.0,360.0,165.715442
-200.0,360.0,156.127797
-160.0,360.0,146.882172
-120.0,360.0,137.978506
-80.0,360.0,129.417003
-40.0,360.0,121.198146
0.0,360.0,113.322714
40.0,360.0,105.791847
80.0,360.0,98.607948
120.0,360.0,91.775506
160.0,360.0,85.300959
200.0,360.0,79.192432
240.0,360.0,73.459468
280.0,360.0,68.112808
320.0,360.0,63.164106
360.0,360.0,58.626101
400.0,360.0,54.51223
440.0,360.0,50.836552
480.0,360.0,47.613588
520.0,360.0,44.858635
560.0,360.0,42.586886
600.0,360.0,40.813729
640.0,360.0,39.554578
680.0,360.0,38.823836
720.0,360.0,38.635986
760.0,360.0,39.003458
800.0,360.0,39.938316
840.0,360.0,41.450339
880.0,360.0,43.548038
920.0,360.0,46.238978
960.0,360.0,49.528984
1000.0,360.0,53.425229
1040.0,360.0,57.844394
1080.0,360.0,62.666884
1120.0,360.0,67.886997
1160.0,360.0,73.497817
1200.0,360.0,79.490675
1240.0,360.0,85.856556
1280.0,360.0,92.586699
1320.0,360.0,99.672955
1360.0,360.0,107.107946
1400.0,360.0,114.884978
1440.0,360.0,122.998468
1480.0,360.0,131.44336
1520.0,360.0,140.214957
1560.0,360.0,149.309292
1600.0,360.0,158.722868
1640.0,360.0,168.452501
1680.0,360.0,178.495303
1720.0,360.0,188.848633
1760.0,360.0,199.510044
-1720.0,400.0,
-1680.0,400.0,
-1640.0,400.0,
-1600.0,400.0,
-1560.0,400.0,
-1520.0,400.0,
-1480.0,400.0,
-1440.0,400.0,555.269231
-1400.0,400.0,537.055608
-1360.0,400.0,519.187873
-1320.0,400.0,501.663927
-1280.0,400.0,484.481707
-1240.0,400.0,467.63919
-1200.0,400.0,451.134387
-1160.0,400.0,434.965346
-1120.0,400.0,419.130148
-1080.0,400.0,403.626524
-1040.0,400.0,388.452938
-1000.0,400.0,373.607652
-960.0,400.0,359.0889
-920.0,400.0,344.894649
-880.0,400.0,331.023243
-840.0,400.0,317.473357
-800.0,400.0,304.24301
-760.0,400.0,291.330837
-720.0,400.0,278.735444
-680.0,400.0,266.455126
-640.0,400.0,254.488871
-600.0,400.0,242.835083
-560.0,400.0,231.492783
-520.0,400.0,220.460781
-480.0,400.0,209.737952
-440.0,400.0,199.323545
-400.0,400.0,189.216594
-360.0,400.0,179.416393
-320.0,400.0,169.922445
-280.0,400.0,160.734294
-240.0,400.0,151.851606
-200.0,400.0,143.274252
-160.0,400.0,135.002343
-120.0,400.0,127.036134
-80.0,400.0,119.37609
-40.0,400.0,112.022897
0.0,400.0,104.97746
40.0,400.0,98.240967
80.0,400.0,91.815684
120.0,400.0,85.705722
160.0,400.0,79.916921
200.0,400.0,74.456639
240.0,400.0,69.333513
280.0,400.0,64.557227
320.0,400.0,60.138336
360.0,400.0,56.088251
400.0,400.0,52.418945
440.0,400.0,49.142888
480.0,400.0,46.272782
520.0,400.0,43.822005
560.0,400.0,41.803854
600.0,400.0,40.23133
640.0,400.0,39.11791
680.0,400.0,38.476011
720.0,400.0,38.317941
760.0,400.0,38.655003
800.0,400.0,39.497678
840.0,400.0,40.855483
880.0,400.0,42.737236
920.0,400.0,45.150724
960.0,400.0,48.104569
1000.0,400.0,51.606728
1040.0,400.0,55.57752
1080.0,400.0,59.901492
1120.0,400.0,64.575477
1160.0,400.0,69.59566
1200.0,400.0,74.956588
1240.0,400.0,80.651988
1280.0,400.0,86.67489
1320.0,400.0,93.019355
1360.0,400.0,99.679714
1400.0,400.0,106.650573
1440.0,400.0,113.927042
1480.0,400.0,121.504723
1520.0,400.0,129.379672
1560.0,400.0,137.54835
1600.0,400.0,146.007574
1640.0,400.0,154.754461
1680.0,400.0,163.786387
1720.0,400.0,173.100943
-1720.0,440.0,
-1680.0,440.0,
-1640.0,440.0,
-1600.0,440.0,
-1560.0,440.0,
-1520.0,440.0,
-1480.0,440.0,
-1440.0,440.0,
-1400.0,440.0,488.050932
-1360.0,440.0,472.013937
-1320.0,440.0,456.278726
-1280.0,440.0,440.843867
-1240.0,440.0,425.707948
-1200.0,440.0,410.869578
-1160.0,440.0,396.327381
-1120.0,440.0,382.07994
-1080.0,440.0,368.125437
-1040.0,440.0,354.46313
-1000.0,440.0,341.091731
-960.0,440.0,328.009578
-920.0,440.0,315.215603
-880.0,440.0,302.708901
-840.0,440.0,290.487681
-800.0,440.0,278.551441
-760.0,440.0,266.898705
-720.0,440.0,255.528699
-680.0,440.0,244.440232
-640.0,440.0,233.632631
-600.0,440.0,223.104707
-560.0,440.0,212.856014
-520.0,440.0,202.88556
-480.0,440.0,193.1928
-440.0,440.0,183.777247
-400.0,440.0,174.638298
-360.0,440.0,165.775592
-320.0,440.0,157.188936
-280.0,440.0,148.878173
-240.0,440.0,140.843272
-200.0,440.0,133.084283
-160.0,440.0,125.60154
-120.0,440.0,118.395472
-80.0,440.0,111.466668
-40.0,440.0,104.815887
0.0,440.0,98.444053
40.0,440.0,92.352305
80.0,440.0,86.542723
120.0,440.0,81.019024
160.0,440.0,75.786483
200.0,440.0,70.851745
240.0,440.0,66.222627
280.0,440.0,61.907854
320.0,440.0,57.917064
360.0,440.0,54.260521
400.0,440.0,50.949004
440.0,440.0,47.993692
480.0,440.0,45.405905
520.0,440.0,43.197528
560.0,440.0,41.380358
600.0,440.0,39.965864
640.0,440.0,38.965857
680.0,440.0,38.391635
720.0,440.0,38.253741
760.0,440.0,38.563014
800.0,440.0,39.328696
840.0,440.0,40.560648
880.0,440.0,42.267195
920.0,440.0,44.457766
960.0,440.0,47.140651
1000.0,440.0,50.326591
1040.0,440.0,53.937171
1080.0,440.0,57.8601
1120.0,440.0,62.095015
1160.0,440.0,66.638712
1200.0,440.0,71.488648
1240.0,440.0,76.640594
1280.0,440.0,82.089318
1320.0,440.0,87.830353
1360.0,440.0,93.85942
1400.0,440.0,100.172161
1440.0,440.0,106.764517
1480.0,440.0,113.632119
1520.0,440.0,120.77214
1560.0,440.0,128.181557
1600.0,440.0,135.85755
1640.0,440.0,143.797542
1680.0,440.0,151.999172
1720.0,440.0,160.460263
-1720.0,480.0,
-1680.0,480.0,
-1640.0,480.0,
-1600.0,480.0,
-1560.0,480.0,
-1520.0,480.0,
-1480.0,480.0,
-1440.0,480.0,
-1400.0,480.0,448.123731
-1360.0,480.0,433.565745
-1320.0,480.0,419.277056
-1280.0,480.0,405.256536
-1240.0,480.0,391.503455
-1200.0,480.0,378.016798
-1160.0,480.0,364.79556
-1120.0,480.0,351.83812
-1080.0,480.0,339.144087
-1040.0,480.0,326.712584
-1000.0,480.0,314.54208
-960.0,480.0,302.632132
-920.0,480.0,290.981818
-880.0,480.0,279.589915
-840.0,480.0,268.45615
-800.0,480.0,257.579051
-760.0,480.0,246.958539
-720.0,480.0,236.593293
-680.0,480.0,226.483106
-640.0,480.0,216.627083
-600.0,480.0,207.024704
-560.0,480.0,197.675601
-520.0,480.0,188.57901
-480.0,480.0,179.734762
-440.0,480.0,171.142548
-400.0,480.0,162.802021
-360.0,480.0,154.713012
-320.0,480.0,146.875538
-280.0,480.0,139.289625
-240.0,480.0,131.955405
-200.0,480.0,124.873122
-160.0,480.0,118.043115
-120.0,480.0,111.46594
-80.0,480.0,105.142227
-40.0,480.0,99.072738
0.0,480.0,93.258354
40.0,480.0,87.700121
80.0,480.0,82.399908
120.0,480.0,77.361063
160.0,480.0,72.588335
200.0,480.0,68.087728
240.0,480.0,63.866283
280.0,480.0,59.931989
320.0,480.0,56.293593
360.0,480.0,52.960416
400.0,480.0,49.942246
440.0,480.0,47.249203
480.0,480.0,44.891551
520.0,480.0,42.880008
560.0,480.0,41.225209
600.0,480.0,39.937559
640.0,480.0,39.027613
680.0,480.0,38.505794
720.0,480.0,38.381751
760.0,480.0,38.665481
800.0,480.0,39.366307
840.0,480.0,40.493228
880.0,480.0,42.055692
920.0,480.0,44.062431
960.0,480.0,46.523794
1000.0,480.0,49.449818
1040.0,480.0,52.76533
1080.0,480.0,56.3598
1120.0,480.0,60.233722
1160.0,480.0,64.386784
1200.0,480.0,68.815959
1240.0,480.0,73.519509
1280.0,480.0,78.494177
1320.0,480.0,83.735506
1360.0,480.0,89.240927
1400.0,480.0,95.006992
1440.0,480.0,101.03007
1480.0,480.0,107.306706
1520.0,480.0,113.83463
1560.0,480.0,120.611162
1600.0,480.0,127.633826
1640.0,480.0,134.900333
1680.0,480.0,142.408149
1720.0,480.0,150.155557
-1720.0,520.0,
-1680.0,520.0,
-1640.0,520.0,
-1600.0,520.0,
-1560.0,520.0,
-1520.0,520.0,
-1480.0,520.0,
-1440.0,520.0,
-1400.0,520.0,414.989182
-1360.0,520.0,401.652862
-1320.0,520.0,388.559949
-1280.0,520.0,375.709824
-1240.0,520.0,363.102002
-1200.0,520.0,350.735719
-1160.0,520.0,338.609509
-1120.0,520.0,326.723304
-1080.0,520.0,315.076433
-1040.0,520.0,303.6674
-1000.0,520.0,292.49637
-960.0,520.0,281.562143
-920.0,520.0,270.864292
-880.0,520.0,260.402117
-840.0,520.0,250.175004
-800.0,520.0,240.182383
-760.0,520.0,230.423793
-720.0,520.0,220.898528
-680.0,520.0,211.606456
-640.0,520.0,202.546718
-600.0,520.0,193.719267
-560.0,520.0,185.123776
-520.0,520.0,176.759663
-480.0,520.0,168.626982
-440.0,520.0,160.725557
-400.0,520.0,153.055231
-360.0,520.0,145.615923
-320.0,520.0,138.4078
-280.0,520.0,131.431002
-240.0,520.0,124.685756
-200.0,520.0,118.172388
-160.0,520.0,111.891322
-120.0,520.0,105.843045
-80.0,520.0,100.02823
-40.0,520.0,94.447599
0.0,520.0,89.101961
40.0,520.0,83.992244
80.0,520.0,79.12011
120.0,520.0,74.488559
160.0,520.0,70.10187
200.0,520.0,65.965439
240.0,520.0,62.085709
280.0,520.0,58.469965
320.0,520.0,55.126177
360.0,520.0,52.062872
400.0,520.0,49.289014
440.0,520.0,46.813844
480.0,520.0,44.646816
520.0,520.0,42.797721
560.0,520.0,41.276312
600.0,520.0,40.092189
640.0,520.0,39.255019
680.0,520.0,38.774536
720.0,520.0,38.659963
760.0,520.0,38.920544
800.0,520.0,39.565715
840.0,520.0,40.604076
880.0,520.0,42.045394
920.0,520.0,43.898886
960.0,520.0,46.17491
1000.0,520.0,48.884444
1040.0,520.0,51.953595
1080.0,520.0,55.274201
1120.0,520.0,58.847679
1160.0,520.0,62.673671
1200.0,520.0,66.752058
1240.0,520.0,71.080154
1280.0,520.0,75.656649
1320.0,520.0,80.478985
1360.0,520.0,85.543723
1400.0,520.0,90.84908
1440.0,520.0,96.392413
1480.0,520.0,102.170075
1520.0,520.0,108.180614
1560.0,520.0,114.421788
1600.0,520.0,120.891452
1640.0,520.0,127.586781
1680.0,520.0,134.506552
1720.0,520.0,141.649182
-1680.0,560.0,
-1640.0,560.0,
-1600.0,560.0,
-1560.0,560.0,
-1520.0,560.0,
-1480.0,560.0,
-1440.0,560.0,
-1400.0,560.0,
-1360.0,560.0,374.769411
-1320.0,560.0,362.682866
-1280.0,560.0,350.818645
-1240.0,560.0,339.176144
-1200.0,560.0,327.753928
-1160.0,560.0,316.552345
-1120.0,560.0,305.570522
-1080.0,560.0,294.807626
-1040.0,560.0,284.263742
-1000.0,560.0,273.937476
-960.0,560.0,263.82922
-920.0,560.0,253.937727
-880.0,560.0,244.263234
-840.0,560.0,234.804592
-800.0,560.0,225.562037
-760.0,560.0,216.534703
-720.0,560.0,207.722509
-680.0,560.0,199.125162
-640.0,560.0,190.742077
-600.0,560.0,182.573336
-560.0,560.0,174.618694
-520.0,560.0,166.87775
-480.0,560.0,159.350647
-440.0,560.0,152.03732
-400.0,560.0,144.937762
-360.0,560.0,138.051907
-320.0,560.0,131.380038
-280.0,560.0,124.922357
-240.0,560.0,118.679145
-200.0,560.0,112.650761
-160.0,560.0,106.83764
-120.0,560.0,101.240297
-80.0,560.0,95.859323
-40.0,560.0,90.695362
0.0,560.0,85.749161
40.0,560.0,81.021524
80.0,560.0,76.513915
120.0,560.0,72.229
160.0,560.0,68.170643
200.0,560.0,64.343772
240.0,560.0,60.754245
280.0,560.0,57.408716
320.0,560.0,54.314501
360.0,560.0,51.47945
400.0,560.0,48.911833
440.0,560.0,46.620153
480.0,560.0,44.613245
520.0,560.0,42.900153
560.0,560.0,41.489949
600.0,560.0,40.391618
640.0,560.0,39.614203
680.0,560.0,39.166931
720.0,560.0,39.058733
760.0,560.0,39.298344
800.0,560.0,39.895126
840.0,560.0,40.857933
880.0,560.0,42.196121
920.0,560.0,43.919768
960.0,560.0,46.038654
1000.0,560.0,48.56486
1040.0,560.0,51.425227
1080.0,560.0,54.514468
1120.0,560.0,57.833331
1160.0,560.0,61.38347
1200.0,560.0,65.163627
1240.0,560.0,69.174051
1280.0,560.0,73.412504
1320.0,560.0,77.877757
1360.0,560.0,82.568005
1400.0,560.0,87.480331
1440.0,560.0,92.613629
1480.0,560.0,97.965535
1520.0,560.0,103.533371
1560.0,560.0,109.316099
1600.0,560.0,115.311891
1640.0,560.0,121.518124
1680.0,560.0,127.933716
-1680.0,600.0,
-1640.0,600.0,
-1600.0,600.0,
-1560.0,600.0,
-1520.0,600.0,
-1480.0,600.0,
-1440.0,600.0,
-1400.0,600.0,
-1360.0,600.0,351.843505
-1320.0,600.0,340.616978
-1280.0,600.0,329.595261
-1240.0,600.0,318.77738
-1200.0,600.0,308.16367
-1160.0,600.0,297.753049
-1120.0,600.0,287.545423
-1080.0,600.0,277.540343
-1040.0,600.0,267.737193
-1000.0,600.0,258.135894
-960.0,600.0,248.73573
-920.0,600.0,239.536627
-880.0,600.0,230.538091
-840.0,600.0,221.739796
-800.0,600.0,213.141676
-760.0,600.0,204.743008
-720.0,600.0,196.544005
-680.0,600.0,188.54428
-640.0,600.0,180.743527
-600.0,600.0,173.141834
-560.0,600.0,165.739059
-520.0,600.0,158.534899
-480.0,600.0,151.52957
-440.0,600.0,144.723084
-400.0,600.0,138.115507
-360.0,600.0,131.706875
-320.0,600.0,125.497423
-280.0,600.0,119.487435
-240.0,600.0,113.677213
-200.0,600.0,108.067121
-160.0,600.0,102.657584
-120.0,600.0,97.449088
-80.0,600.0,92.442171
-40.0,600.0,87.637422
0.0,600.0,83.03547
40.0,600.0,78.636996
80.0,600.0,74.443279
120.0,600.0,70.456722
160.0,600.0,66.680813
200.0,600.0,63.120031
240.0,600.0,59.779733
280.0,600.0,56.666031
320.0,600.0,53.785674
360.0,600.0,51.145932
400.0,600.0,48.75449
440.0,600.0,46.619221
480.0,600.0,44.748488
520.0,600.0,43.150724
560.0,600.0,41.834469
600.0,600.0,40.808222
640.0,600.0,40.080599
680.0,600.0,39.660439
720.0,600.0,39.556466
760.0,600.0,39.77707
800.0,600.0,40.331564
840.0,600.0,41.228998
880.0,600.0,42.478403
920.0,600.0,44.090196
960.0,600.0,46.074514
1000.0,600.0,48.442934
1040.0,600.0,51.124647
1080.0,600.0,54.015122
1120.0,600.0,57.116624
1160.0,600.0,60.429643
1200.0,600.0,63.955214
1240.0,600.0,67.692397
1280.0,600.0,71.64097
1320.0,600.0,75.799499
1360.0,600.0,80.166572
1400.0,600.0,84.741194
1440.0,600.0,89.520591
1480.0,600.0,94.504278
1520.0,600.0,99.690165
1560.0,600.0,105.076188
1600.0,600.0,110.661633
1640.0,600.0,116.444734
1680.0,600.0,122.423303
-1680.0,640.0,
-1640.0,640.0,
-1600.0,640.0,
-1560.0,640.0,
-1520.0,640.0,
-1480.0,640.0,
-1440.0,640.0,
-1400.0,640.0,
-1360.0,640.0,
-1320.0,640.0,321.607986
-1280.0,640.0,311.31468
-1240.0,640.0,301.211424
-1200.0,640.0,291.296858
-1160.0,640.0,281.571689
-1120.0,640.0,272.034804
-1080.0,640.0,262.686465
-1040.0,640.0,253.525864
-1000.0,640.0,244.553191
-960.0,640.0,235.767624
-920.0,640.0,227.169513
-880.0,640.0,218.757935
-840.0,640.0,210.533215
-800.0,640.0,202.49494
-760.0,640.0,194.642801
-720.0,640.0,186.97692
-680.0,640.0,179.496954
-640.0,640.0,172.202781
-600.0,640.0,165.094499
-560.0,640.0,158.172049
-520.0,640.0,151.435186
-480.0,640.0,144.884169
-440.0,640.0,138.519068
-400.0,640.0,132.339992
-360.0,640.0,126.347077
-320.0,640.0,120.540458
-280.0,640.0,114.920493
-240.0,640.0,109.487484
-200.0,640.0,104.241784
-160.0,640.0,99.183793
-120.0,640.0,94.313954
-80.0,640.0,89.632749
-40.0,640.0,85.140691
0.0,640.0,80.838313
40.0,640.0,76.726185
80.0,640.0,72.805414
120.0,640.0,69.078154
160.0,640.0,65.547567
200.0,640.0,62.217741
240.0,640.0,59.093594
280.0,640.0,56.180768
320.0,640.0,53.48552
360.0,640.0,51.014621
400.0,640.0,48.775201
440.0,640.0,46.774757
480.0,640.0,45.021131
520.0,640.0,43.522295
560.0,640.0,42.286373
600.0,640.0,41.321467
640.0,640.0,40.635907
680.0,640.0,40.238223
720.0,640.0,40.136935
760.0,640.0,40.340345
800.0,640.0,40.85758
840.0,640.0,41.697796
880.0,640.0,42.870013
920.0,640.0,44.384579
960.0,640.0,46.252072
1000.0,640.0,48.483471
1040.0,640.0,51.009943
1080.0,640.0,53.728418
1120.0,640.0,56.641313
1160.0,640.0,59.74959
1200.0,640.0,63.054183
1240.0,640.0,66.555053
1280.0,640.0,70.252044
1320.0,640.0,74.144245
1360.0,640.0,78.231142
1400.0,640.0,82.510928
1440.0,640.0,86.983367
1480.0,640.0,91.645873
1520.0,640.0,96.498221
1560.0,640.0,101.538747
1600.0,640.0,106.765631
1640.0,640.0,112.17852
1680.0,640.0,117.775575
-1640.0,680.0,
-1600.0,680.0,
-1560.0,680.0,
-1520.0,680.0,
-1480.0,680.0,
-1440.0,680.0,
-1400.0,680.0,
-1360.0,680.0,
-1320.0,680.0,305.089883
-1280.0,680.0,295.433757
-1240.0,680.0,285.954481
-1200.0,680.0,276.652323
-1160.0,680.0,267.526313
-1120.0,680.0,258.576952
-1080.0,680.0,249.803269
-1040.0,680.0,241.205656
-1000.0,680.0,232.783437
-960.0,680.0,224.536651
-920.0,680.0,216.465121
-880.0,680.0,208.56838
-840.0,680.0,200.846685
-800.0,680.0,193.299544
-760.0,680.0,185.926958
-720.0,680.0,178.728976
-680.0,680.0,171.705302
-640.0,680.0,164.855927
-600.0,680.0,158.180963
-560.0,680.0,151.680401
-520.0,680.0,145.354087
-480.0,680.0,139.202237
-440.0,680.0,133.224987
-400.0,680.0,127.422471
-360.0,680.0,121.794865
-320.0,680.0,116.342327
-280.0,680.0,111.065128
-240.0,680.0,105.96361
-200.0,680.0,101.038104
-160.0,680.0,96.288976
-120.0,680.0,91.71662
-80.0,680.0,87.321459
-40.0,680.0,83.103929
0.0,680.0,79.064476
40.0,680.0,75.203563
80.0,680.0,71.522146
120.0,680.0,68.022157
160.0,680.0,64.706471
200.0,680.0,61.578837
240.0,680.0,58.643789
280.0,680.0,55.906558
320.0,680.0,53.372975
360.0,680.0,51.049371
400.0,680.0,48.942408
440.0,680.0,47.059284
480.0,680.0,45.407379
520.0,680.0,43.994299
560.0,680.0,42.827825
600.0,680.0,41.915732
640.0,680.0,41.266161
680.0,680.0,40.88739
720.0,680.0,40.787775
760.0,680.0,40.975559
800.0,680.0,41.45973
840.0,680.0,42.249449
880.0,680.0,43.353885
920.0,680.0,44.783125
960.0,680.0,46.547986
1000.0,680.0,48.659266
1040.0,680.0,51.049376
1080.0,680.0,53.617555
1120.0,680.0,56.365385
1160.0,680.0,59.294942
1200.0,680.0,62.406204
1240.0,680.0,65.700662
1280.0,680.0,69.177273
1320.0,680.0,72.836773
1360.0,680.0,76.677475
1400.0,680.0,80.699831
1440.0,680.0,84.901516
1480.0,680.0,89.28288
1520.0,680.0,93.841861
1560.0,680.0,98.577938
1600.0,680.0,103.490105
1640.0,680.0,108.576482
-1640.0,720.0,
-1600.0,720.0,
-1560.0,720.0,
-1520.0,720.0,
-1480.0,720.0,
-1440.0,720.0,
-1400.0,720.0,
-1360.0,720.0,
-1320.0,720.0,
-1280.0,720.0,281.535199
-1240.0,720.0,272.606857
-1200.0,720.0,263.844537
-1160.0,720.0,255.247856
-1120.0,720.0,246.816835
-1080.0,720.0,238.550971
-1040.0,720.0,230.450565
-1000.0,720.0,222.514784
-960.0,720.0,214.744138
-920.0,720.0,207.138064
-880.0,720.0,199.696556
-840.0,720.0,192.419708
-800.0,720.0,185.307012
-760.0,720.0,178.358688
-720.0,720.0,171.574737
-680.0,720.0,164.95491
-640.0,720.0,158.499253
-600.0,720.0,152.207899
-560.0,720.0,146.080876
-520.0,720.0,140.118116
-480.0,720.0,134.319753
-440.0,720.0,128.685991
-400.0,720.0,123.216976
-360.0,720.0,117.912889
-320.0,720.0,112.773942
-280.0,720.0,107.800316
-240.0,720.0,102.992334
-200.0,720.0,98.350324
-160.0,720.0,93.874611
-120.0,720.0,89.565542
-80.0,720.0,85.423477
-40.0,720.0,81.448783
0.0,720.0,77.641822
40.0,720.0,74.00296
80.0,720.0,70.533019
120.0,720.0,67.233738
160.0,720.0,64.107741
200.0,720.0,61.158478
240.0,720.0,58.39015
280.0,720.0,55.807628
320.0,720.0,53.416374
360.0,720.0,51.222266
400.0,720.0,49.23176
440.0,720.0,47.451615
480.0,720.0,45.888879
520.0,720.0,44.550846
560.0,720.0,43.445019
600.0,720.0,42.578888
640.0,720.0,41.960479
680.0,720.0,41.597849
720.0,720.0,41.499226
760.0,720.0,41.672787
800.0,720.0,42.127436
840.0,720.0,42.872304
880.0,720.0,43.916646
920.0,720.0,45.270334
960.0,720.0,46.944209
1000.0,720.0,48.949201
1040.0,720.0,51.218647
1080.0,720.0,53.653992
1120.0,720.0,56.256324
1160.0,720.0,59.027863
1200.0,720.0,61.969271
1240.0,720.0,65.081234
1280.0,720.0,68.364188
1320.0,720.0,71.817655
1360.0,720.0,75.441912
1400.0,720.0,79.235765
1440.0,720.0,83.19929
1480.0,720.0,87.33107
1520.0,720.0,91.630795
1560.0,720.0,96.097357
1600.0,720.0,100.729736
1640.0,720.0,105.527701
-1600.0,760.0,
-1560.0,760.0,
-1520.0,760.0,
-1480.0,760.0,
-1440.0,760.0,
-1400.0,760.0,
-1360.0,760.0,
-1320.0,760.0,
-1280.0,760.0,269.294217
-1240.0,760.0,260.855954
-1200.0,760.0,252.573506
-1160.0,760.0,244.447748
-1120.0,760.0,236.477716
-1080.0,760.0,228.663832
-1040.0,760.0,221.005712
-1000.0,760.0,213.50317
-960.0,760.0,206.156447
-920.0,760.0,198.964886
-880.0,760.0,191.92884
-840.0,760.0,185.048273
-800.0,760.0,178.322677
-760.0,760.0,171.752418
-720.0,760.0,165.337468
-680.0,760.0,159.07763
-640.0,760.0,152.972955
-600.0,760.0,147.023609
-560.0,760.0,141.229641
-520.0,760.0,135.591067
-480.0,760.0,130.107917
-440.0,760.0,124.780455
-400.0,760.0,119.608834
-360.0,760.0,114.593232
-320.0,760.0,109.733852
-280.0,760.0,105.030922
-240.0,760.0,100.484643
-200.0,760.0,96.095321
-160.0,760.0,91.863266
-120.0,760.0,87.788776
-80.0,760.0,83.872151
-40.0,760.0,80.113692
0.0,760.0,76.513686
40.0,760.0,73.072414
80.0,760.0,69.790578
120.0,760.0,66.669747
160.0,760.0,63.712327
200.0,760.0,60.921507
240.0,760.0,58.301197
280.0,760.0,55.855956
320.0,760.0,53.590845
360.0,760.0,51.511562
400.0,760.0,49.624184
440.0,760.0,47.935154
480.0,760.0,46.451233
520.0,760.0,45.17945
560.0,760.0,44.127032
600.0,760.0,43.30134
640.0,760.0,42.710213
680.0,760.0,42.361549
720.0,760.0,42.263468
760.0,760.0,42.424069
800.0,760.0,42.852211
840.0,760.0,43.556967
880.0,760.0,44.547627
920.0,760.0,45.833884
960.0,760.0,47.426548
1000.0,760.0,49.336603
1040.0,760.0,51.498393
1080.0,760.0,53.815226
1120.0,760.0,56.288428
1160.0,760.0,58.919586
1200.0,760.0,61.710195
1240.0,760.0,64.66016
1280.0,760.0,67.770867
1320.0,760.0,71.041645
1360.0,760.0,74.47303
1400.0,760.0,78.064276
1440.0,760.0,81.815294
1480.0,760.0,85.725249
1520.0,760.0,89.79383
1560.0,760.0,94.019928
1600.0,760.0,98.403462
-1600.0,800.0,
-1560.0,800.0,
-1520.0,800.0,
-1480.0,800.0,
-1440.0,800.0,
-1400.0,800.0,
-1360.0,800.0,
-1320.0,800.0,
-1280.0,800.0,
-1240.0,800.0,250.453718
-1200.0,800.0,242.601416
-1160.0,800.0,234.897086
-1120.0,800.0,227.340151
-1080.0,800.0,219.931117
-1040.0,800.0,212.669259
-1000.0,800.0,205.554916
-960.0,800.0,198.588042
-920.0,800.0,191.768109
-880.0,800.0,185.095544
-840.0,800.0,178.570254
-800.0,800.0,172.191817
-760.0,800.0,165.960611
-720.0,800.0,159.87662
-680.0,800.0,153.939706
-640.0,800.0,148.149887
-600.0,800.0,142.507364
-560.0,800.0,137.012202
-520.0,800.0,131.664485
-480.0,800.0,126.464163
-440.0,800.0,121.411515
-400.0,800.0,116.506708
-360.0,800.0,111.749912
-320.0,800.0,107.141316
-280.0,800.0,102.68113
-240.0,800.0,98.369576
-200.0,800.0,94.206877
-160.0,800.0,90.193259
-120.0,800.0,86.329017
-80.0,800.0,82.614398
-40.0,800.0,79.04964
0.0,800.0,75.634963
40.0,800.0,72.370573
80.0,800.0,69.257066
120.0,800.0,66.295866
160.0,800.0,63.489187
200.0,800.0,60.839989
240.0,800.0,58.351908
280.0,800.0,56.029204
320.0,800.0,53.876765
360.0,800.0,51.899943
400.0,800.0,50.104531
440.0,800.0,48.496706
480.0,800.0,47.082976
520.0,800.0,45.870145
560.0,800.0,44.865167
600.0,800.0,44.075374
640.0,800.0,43.508379
680.0,800.0,43.171957
720.0,800.0,43.07413
760.0,800.0,43.222907
800.0,800.0,43.627134
840.0,800.0,44.295796
880.0,800.0,45.238177
920.0,800.0,46.463825
960.0,800.0,47.983474
1000.0,800.0,49.808104
1040.0,800.0,51.873133
1080.0,800.0,54.083678
1120.0,800.0,56.441223
1160.0,800.0,58.946806
1200.0,800.0,61.602224
1240.0,800.0,64.407767
1280.0,800.0,67.364218
1320.0,800.0,70.472005
1360.0,800.0,73.730657
1400.0,800.0,77.140944
1440.0,800.0,80.701409
1480.0,800.0,84.413025
1520.0,800.0,88.273994
1560.0,800.0,92.285155
1600.0,800.0,96.444492
-1560.0,840.0,
-1520.0,840.0,
-1480.0,840.0,
-1440.0,840.0,
-1400.0,840.0,
-1360.0,840.0,
-1320.0,840.0,
-1280.0,840.0,
-1240.0,840.0,
-1200.0,840.0,233.737224
-1160.0,840.0,226.412383
-1120.0,840.0,219.22775
-1080.0,840.0,212.183425
-1040.0,840.0,205.278769
-1000.0,840.0,198.514311
-960.0,840.0,191.889804
-920.0,840.0,185.404968
-880.0,840.0,179.060136
-840.0,840.0,172.855219
-800.0,840.0,166.789876
-760.0,840.0,160.864468
-720.0,840.0,155.078997
-680.0,840.0,149.433393
-640.0,840.0,143.927602
-600.0,840.0,138.561874
-560.0,840.0,133.33628
-520.0,840.0,128.25091
-480.0,840.0,123.305803
-440.0,840.0,118.501068
-400.0,840.0,113.836944
-360.0,840.0,109.31359
-320.0,840.0,104.931178
-280.0,840.0,100.689896
-240.0,840.0,96.589939
-200.0,840.0,92.631511
-160.0,840.0,88.81482
-120.0,840.0,85.14007
-80.0,840.0,81.607433
-40.0,840.0,78.217127
0.0,840.0,74.969314
40.0,840.0,71.864132
80.0,840.0,68.902088
120.0,840.0,66.084477
160.0,840.0,63.413324
200.0,840.0,60.891392
240.0,840.0,58.522124
280.0,840.0,56.309566
320.0,840.0,54.258319
360.0,840.0,52.373486
400.0,840.0,50.660613
440.0,840.0,49.125641
480.0,840.0,47.774858
520.0,840.0,46.614855
560.0,840.0,45.652368
600.0,840.0,44.894696
640.0,840.0,44.349248
680.0,840.0,44.023686
720.0,840.0,43.925927
760.0,840.0,44.063921
800.0,840.0,44.446474
840.0,840.0,45.082482
880.0,840.0,45.98118
920.0,840.0,47.152007
960.0,840.0,48.605582
1000.0,840.0,50.352739
1040.0,840.0,52.330323
1080.0,840.0,54.444912
1120.0,840.0,56.698107
1160.0,840.0,59.090718
1200.0,840.0,61.624477
1240.0,840.0,64.300167
1280.0,840.0,67.117934
1320.0,840.0,70.078901
1360.0,840.0,73.182479
1400.0,840.0,76.429307
1440.0,840.0,79.818977
1480.0,840.0,83.351238
1520.0,840.0,87.026041
1560.0,840.0,90.842504
-1560.0,880.0,
-1520.0,880.0,
-1480.0,880.0,
-1440.0,880.0,
-1400.0,880.0,
-1360.0,880.0,
-1320.0,880.0,
-1280.0,880.0,
-1240.0,880.0,
-1200.0,880.0,225.825748
-1160.0,880.0,218.844593
-1120.0,880.0,211.997155
-1080.0,880.0,205.283092
-1040.0,880.0,198.702159
-1000.0,880.0,192.254711
-960.0,880.0,185.940455
-920.0,880.0,179.759294
-880.0,880.0,173.711489
-840.0,880.0,167.796974
-800.0,880.0,162.015437
-760.0,880.0,156.367239
-720.0,880.0,150.852397
-680.0,880.0,145.470911
-640.0,880.0,140.222629
-600.0,880.0,135.107855
-560.0,880.0,130.126664
-520.0,880.0,125.279146
-480.0,880.0,120.565407
-440.0,880.0,115.985443
-400.0,880.0,111.539497
-360.0,880.0,107.227736
-320.0,880.0,103.050317
-280.0,880.0,99.007403
-240.0,880.0,95.099162
-200.0,880.0,91.325767
-160.0,880.0,87.687388
-120.0,880.0,84.184189
-80.0,880.0,80.816322
-40.0,880.0,77.583921
0.0,880.0,74.487094
40.0,880.0,71.525924
80.0,880.0,68.700837
120.0,880.0,66.013019
160.0,880.0,63.464368
200.0,880.0,61.057476
240.0,880.0,58.795577
280.0,880.0,56.682505
320.0,880.0,54.722641
360.0,880.0,52.920865
400.0,880.0,51.282506
440.0,880.0,49.813292
480.0,880.0,48.519318
520.0,880.0,47.406903
560.0,880.0,46.48281
600.0,880.0,45.7541
640.0,880.0,45.228056
680.0,880.0,44.912239
720.0,880.0,44.814418
760.0,880.0,44.942593
800.0,880.0,45.305428
840.0,880.0,45.911747
880.0,880.0,46.770709
920.0,880.0,47.891668
960.0,880.0,49.285104
1000.0,880.0,50.96169
1040.0,880.0,52.859671
1080.0,880.0,54.887116
1120.0,880.0,57.045571
1160.0,880.0,59.335982
1200.0,880.0,61.759666
1240.0,880.0,64.317794
1280.0,880.0,67.010299
1320.0,880.0,69.838309
1360.0,880.0,72.80192
1400.0,880.0,75.900936
1440.0,880.0,79.136099
1480.0,880.0,82.506156
1520.0,880.0,86.012088
1560.0,880.0,89.652671
-1520.0,920.0,
-1480.0,920.0,
-1440.0,920.0,
-1400.0,920.0,
-1360.0,920.0,
-1320.0,920.0,
-1280.0,920.0,
-1240.0,920.0,
-1200.0,920.0,
-1160.0,920.0,212.0712
-1120.0,920.0,205.530625
-1080.0,920.0,199.11717
-1040.0,920.0,192.8309
-1000.0,920.0,186.672032
-960.0,920.0,180.640247
-920.0,920.0,174.735573
-880.0,920.0,168.958223
-840.0,920.0,163.308163
-800.0,920.0,157.785072
-760.0,920.0,152.389326
-720.0,920.0,147.12095
-680.0,920.0,141.979983
-640.0,920.0,136.966265
-600.0,920.0,132.080046
-560.0,920.0,127.32144
-520.0,920.0,122.690535
-480.0,920.0,118.18743
-440.0,920.0,113.812216
-400.0,920.0,109.564926
-360.0,920.0,105.445808
-320.0,920.0,101.454999
-280.0,920.0,97.592638
-240.0,920.0,93.85887
-200.0,920.0,90.253835
-160.0,920.0,86.77767
-120.0,920.0,83.430501
-80.0,920.0,80.21244
-40.0,920.0,77.123578
0.0,920.0,74.163976
40.0,920.0,71.333671
80.0,920.0,68.633018
120.0,920.0,66.063108
160.0,920.0,63.625714
200.0,920.0,61.323272
240.0,920.0,59.158844
280.0,920.0,57.136078
320.0,920.0,55.25916
360.0,920.0,53.53277
400.0,920.0,51.962041
440.0,920.0,50.552515
480.0,920.0,49.310058
520.0,920.0,48.24088
560.0,920.0,47.351644
600.0,920.0,46.649227
640.0,920.0,46.140797
680.0,920.0,45.833813
720.0,920.0,45.735889
760.0,920.0,45.855088
800.0,920.0,46.19992
840.0,920.0,46.779128
880.0,920.0,47.601767
920.0,920.0,48.677134
960.0,920.0,50.015548
1000.0,920.0,51.627516
1040.0,920.0,53.452639
1080.0,920.0,55.400516
1120.0,920.0,57.47261
1160.0,920.0,59.669954
1200.0,920.0,61.993519
1240.0,920.0,64.444603
1280.0,920.0,67.023452
1320.0,920.0,69.730684
1360.0,920.0,72.567055
1400.0,920.0,75.531864
1440.0,920.0,78.626095
1480.0,920.0,81.849264
1520.0,920.0,85.201266
-1520.0,960.0,
-1480.0,960.0,
-1440.0,960.0,
-1400.0,960.0,
-1360.0,960.0,
-1320.0,960.0,
-1280.0,960.0,
-1240.0,960.0,
-1200.0,960.0,
-1160.0,960.0,
-1120.0,960.0,199.73054
-1080.0,960.0,193.591881
-1040.0,960.0,187.574975
-1000.0,960.0,181.679929
-960.0,960.0,175.90642
-920.0,960.0,170.254547
-880.0,960.0,164.724494
-840.0,960.0,159.316262
-800.0,960.0,154.029522
-760.0,960.0,148.864638
-720.0,960.0,143.821654
-680.0,960.0,138.900614
-640.0,960.0,134.101447
-600.0,960.0,129.424239
-560.0,960.0,124.869177
-520.0,960.0,120.436346
-480.0,960.0,116.125837
-440.0,960.0,111.937752
-400.0,960.0,107.872161
-360.0,960.0,103.929141
-320.0,960.0,100.108893
-280.0,960.0,96.411537
-240.0,960.0,92.83719
-200.0,960.0,89.385966
-160.0,960.0,86.05797
-120.0,960.0,82.853294
-80.0,960.0,79.772015
-40.0,960.0,76.814184
0.0,960.0,73.979826
40.0,960.0,71.268935
80.0,960.0,68.681808
120.0,960.0,66.219452
160.0,960.0,63.88353
200.0,960.0,61.676342
240.0,960.0,59.600801
280.0,960.0,57.660385
320.0,960.0,55.859106
360.0,960.0,54.201469
400.0,960.0,52.692429
440.0,960.0,51.337333
480.0,960.0,50.141853
520.0,960.0,49.112191
560.0,960.0,48.254787
600.0,960.0,47.576392
640.0,960.0,47.084064
680.0,960.0,46.785161
720.0,960.0,46.687134
760.0,960.0,46.798119
800.0,960.0,47.126459
840.0,960.0,47.680812
880.0,960.0,48.470102
920.0,960.0,49.503598
960.0,960.0,50.791434
1000.0,960.0,52.343954
1040.0,960.0,54.10207
1080.0,960.0,55.976942
1120.0,960.0,57.969927
1160.0,960.0,60.082109
1200.0,960.0,62.314171
1240.0,960.0,64.667492
1280.0,960.0,67.142568
1320.0,960.0,69.739578
1360.0,960.0,72.459533
1400.0,960.0,75.302176
1440.0,960.0,78.267807
1480.0,960.0,81.356889
1520.0,960.0,84.568381
-1480.0,1000.0,
-1440.0,1000.0,
-1400.0,1000.0,
-1360.0,1000.0,
-1320.0,1000.0,
-1280.0,1000.0,
-1240.0,1000.0,
-1200.0,1000.0,
-1160.0,1000.0,
-1120.0,1000.0,
-1080.0,1000.0,188.62879
-1040.0,1000.0,182.859082
-1000.0,1000.0,177.206163
-960.0,1000.0,171.669721
-920.0,1000.0,166.249882
-880.0,1000.0,160.946822
-840.0,1000.0,155.760548
-800.0,1000.0,150.690801
-760.0,1000.0,145.737837
-720.0,1000.0,140.901755
-680.0,1000.0,136.182597
-640.0,1000.0,131.580389
-600.0,1000.0,127.095033
-560.0,1000.0,122.7268
-520.0,1000.0,118.475766
-480.0,1000.0,114.342015
-440.0,1000.0,110.325638
-400.0,1000.0,106.426729
-360.0,1000.0,102.645354
-320.0,1000.0,98.981578
-280.0,1000.0,95.435576
-240.0,1000.0,92.00744
-200.0,1000.0,88.697258
-160.0,1000.0,85.505108
-120.0,1000.0,82.431052
-80.0,1000.0,79.475134
-40.0,1000.0,76.637374
0.0,1000.0,73.917762
40.0,1000.0,71.31626
80.0,1000.0,68.833113
120.0,1000.0,66.469257
160.0,1000.0,64.226256
200.0,1000.0,62.106294
240.0,1000.0,60.112146
280.0,1000.0,58.247144
320.0,1000.0,56.515143
360.0,1000.0,54.920488
400.0,1000.0,53.467951
440.0,1000.0,52.162678
480.0,1000.0,51.010355
520.0,1000.0,50.016948
560.0,1000.0,49.188767
600.0,1000.0,48.532446
640.0,1000.0,48.054933
680.0,1000.0,47.763429
720.0,1000.0,47.665379
760.0,1000.0,47.76884
800.0,1000.0,48.082029
840.0,1000.0,48.613511
880.0,1000.0,49.372063
920.0,1000.0,50.366945
960.0,1000.0,51.608093
1000.0,1000.0,53.105688
1040.0,1000.0,54.801911
1080.0,1000.0,56.609502
1120.0,1000.0,58.529701
1160.0,1000.0,60.563604
1200.0,1000.0,62.711668
1240.0,1000.0,64.975314
1280.0,1000.0,67.355227
1320.0,1000.0,69.851227
1360.0,1000.0,72.464516
1400.0,1000.0,75.19521
1440.0,1000.0,78.043021
1480.0,1000.0,81.00882
-1440.0,1040.0,
-1400.0,1040.0,
-1360.0,1040.0,
-1320.0,1040.0,
-1280.0,1040.0,
-1240.0,1040.0,
-1200.0,1040.0,
-1160.0,1040.0,
-1120.0,1040.0,
-1080.0,1040.0,
-1040.0,1040.0,178.619739
-1000.0,1040.0,173.189823
-960.0,1040.0,167.871752
-920.0,1040.0,162.665639
-880.0,1040.0,157.571664
-840.0,1040.0,152.589844
-800.0,1040.0,147.719993
-760.0,1040.0,142.96224
-720.0,1040.0,138.316742
-680.0,1040.0,133.783543
-640.0,1040.0,129.362694
-600.0,1040.0,125.05412
-560.0,1040.0,120.857959
-520.0,1040.0,116.774354
-480.0,1040.0,112.80338
-440.0,1040.0,108.945115
-400.0,1040.0,105.199641
-360.0,1040.0,101.567041
-320.0,1040.0,98.04739
-280.0,1040.0,94.640694
-240.0,1040.0,91.347113
-200.0,1040.0,88.166711
-160.0,1040.0,85.09954
-120.0,1040.0,82.145635
-80.0,1040.0,79.305014
-40.0,1040.0,76.577669
0.0,1040.0,73.963562
40.0,1040.0,71.462626
80.0,1040.0,69.075062
120.0,1040.0,66.801745
160.0,1040.0,64.644154
200.0,1040.0,62.604369
240.0,1040.0,60.685042
280.0,1040.0,58.889374
320.0,1040.0,57.221079
360.0,1040.0,55.684314
400.0,1040.0,54.283712
440.0,1040.0,53.024392
480.0,1040.0,51.91182
520.0,1040.0,50.951831
560.0,1040.0,50.15061
600.0,1040.0,49.514677
640.0,1040.0,49.050871
680.0,1040.0,48.766197
720.0,1040.0,48.668212
760.0,1040.0,48.764772
800.0,1040.0,49.064002
840.0,1040.0,49.574369
880.0,1040.0,50.304488
920.0,1040.0,51.263627
960.0,1040.0,52.461514
1000.0,1040.0,53.908167
1040.0,1040.0,55.546996
1080.0,1040.0,57.292334
1120.0,1040.0,59.145291
1160.0,1040.0,61.106932
1200.0,1040.0,63.177592
1240.0,1040.0,65.35865
1280.0,1040.0,67.65081
1320.0,1040.0,70.054017
1360.0,1040.0,72.569196
1400.0,1040.0,75.19685
1440.0,1040.0,77.93638
-1440.0,1080.0,
-1400.0,1080.0,
-1360.0,1080.0,
-1320.0,1080.0,
-1280.0,1080.0,
-1240.0,1080.0,
-1200.0,1080.0,
-1160.0,1080.0,
-1120.0,1080.0,
-1080.0,1080.0,
-1040.0,1080.0,
-1000.0,1080.0,169.579191
-960.0,1080.0,164.462923
-920.0,1080.0,159.454306
-880.0,1080.0,154.553546
-840.0,1080.0,149.760659
-800.0,1080.0,145.075547
-760.0,1080.0,140.498185
-720.0,1080.0,136.028801
-680.0,1080.0,131.667437
-640.0,1080.0,127.414143
-600.0,1080.0,123.268949
-560.0,1080.0,119.231772
-520.0,1080.0,115.302849
-480.0,1080.0,111.482248
-440.0,1080.0,107.770036
-400.0,1080.0,104.166281
-360.0,1080.0,100.671051
-320.0,1080.0,97.284409
-280.0,1080.0,94.006417
-240.0,1080.0,90.837099
-200.0,1080.0,87.776493
-160.0,1080.0,84.824672
-120.0,1080.0,81.981647
-80.0,1080.0,79.247413
-40.0,1080.0,76.621936
0.0,1080.0,74.105157
40.0,1080.0,71.696986
80.0,1080.0,69.397583
120.0,1080.0,67.207776
160.0,1080.0,65.128964
200.0,1080.0,63.163135
240.0,1080.0,61.312835
280.0,1080.0,59.581139
320.0,1080.0,57.971568
360.0,1080.0,56.488249
400.0,1080.0,55.135696
440.0,1080.0,53.918848
480.0,1080.0,52.84304
520.0,1080.0,51.913983
560.0,1080.0,51.137743
600.0,1080.0,50.520728
640.0,1080.0,50.069619
680.0,1080.0,49.791374
720.0,1080.0,49.693513
760.0,1080.0,49.783736
800.0,1080.0,50.070073
840.0,1080.0,50.560889
880.0,1080.0,51.264619
920.0,1080.0,52.190562
960.0,1080.0,53.348225
1000.0,1080.0,54.747466
1040.0,1080.0,56.332884
1080.0,1080.0,58.020411
1120.0,1080.0,59.811017
1160.0,1080.0,61.705689
1200.0,1080.0,63.704769
1240.0,1080.0,65.809482
1280.0,1080.0,68.020555
1320.0,1080.0,70.338078
1360.0,1080.0,72.762696
1400.0,1080.0,75.295052
1440.0,1080.0,77.934843
-1400.0,1120.0,
-1360.0,1120.0,
-1320.0,1120.0,
-1280.0,1120.0,
-1240.0,1120.0,
-1200.0,1120.0,
-1160.0,1120.0,
-1120.0,1120.0,
-1080.0,1120.0,
-1040.0,1120.0,
-1000.0,1120.0,
-960.0,1120.0,161.400845
-920.0,1120.0,156.575274
-880.0,1120.0,151.85359
-840.0,1120.0,147.235812
-800.0,1120.0,142.721937
-760.0,1120.0,138.311763
-720.0,1120.0,134.0056
-680.0,1120.0,129.803487
-640.0,1120.0,125.705469
-600.0,1120.0,121.711594
-560.0,1120.0,117.821831
-520.0,1120.0,114.036233
-480.0,1120.0,110.354953
-440.0,1120.0,106.778047
-400.0,1120.0,103.305571
-360.0,1120.0,99.937578
-320.0,1120.0,96.674119
-280.0,1120.0,93.515235
-240.0,1120.0,90.460963
-200.0,1120.0,87.511325
-160.0,1120.0,84.666331
-120.0,1120.0,81.925937
-80.0,1120.0,79.290164
-40.0,1120.0,76.758959
0.0,1120.0,74.332242
40.0,1120.0,72.009907
80.0,1120.0,69.79208
120.0,1120.0,67.679543
160.0,1120.0,65.67363
200.0,1120.0,63.776224
240.0,1120.0,61.989765
280.0,1120.0,60.317246
320.0,1120.0,58.762136
360.0,1120.0,57.328381
400.0,1120.0,56.020371
440.0,1120.0,54.84292
480.0,1120.0,53.801241
520.0,1120.0,52.900925
560.0,1120.0,52.147926
600.0,1120.0,51.54854
640.0,1120.0,51.109227
680.0,1120.0,50.837085
720.0,1120.0,50.739412
760.0,1120.0,50.823811
800.0,1120.0,51.09821
840.0,1120.0,51.570826
880.0,1120.0,52.250038
920.0,1120.0,53.145055
960.0,1120.0,54.265201
1000.0,1120.0,55.620176
1040.0,1120.0,57.155728
1080.0,1120.0,58.789391
1120.0,1120.0,60.521988
1160.0,1120.0,62.354428
1200.0,1120.0,64.287038
1240.0,1120.0,66.32094
1280.0,1120.0,68.456849
1320.0,1120.0,70.694965
1360.0,1120.0,73.03571
1400.0,1120.0,75.479831
-1360.0,1160.0,
-1320.0,1160.0,
-1280.0,1160.0,
-1240.0,1160.0,
-1200.0,1160.0,
-1160.0,1160.0,
-1120.0,1160.0,
-1080.0,1160.0,
-1040.0,1160.0,
-1000.0,1160.0,
-960.0,1160.0,
-920.0,1160.0,153.993618
-880.0,1160.0,149.438364
-840.0,1160.0,144.98333
-800.0,1160.0,140.628538
-760.0,1160.0,136.37381
-720.0,1160.0,132.219331
-680.0,1160.0,128.165207
-640.0,1160.0,124.211479
-600.0,1160.0,120.358189
-560.0,1160.0,116.605383
-520.0,1160.0,112.952989
-480.0,1160.0,109.401139
-440.0,1160.0,105.949924
-400.0,1160.0,102.599387
-360.0,1160.0,99.349569
-320.0,1160.0,96.200505
-280.0,1160.0,93.152224
-240.0,1160.0,90.204744
-200.0,1160.0,87.358072
-160.0,1160.0,84.6122
-120.0,1160.0,81.967106
-80.0,1160.0,79.422744
-40.0,1160.0,76.979046
0.0,1160.0,74.635917
40.0,1160.0,72.393235
80.0,1160.0,70.251101
120.0,1160.0,68.210253
160.0,1160.0,66.271972
200.0,1160.0,64.438084
240.0,1160.0,62.710953
280.0,1160.0,61.093451
320.0,1160.0,59.588944
360.0,1160.0,58.201262
400.0,1160.0,56.934681
440.0,1160.0,55.793898
480.0,1160.0,54.784011
520.0,1160.0,53.910496
560.0,1160.0,53.179196
600.0,1160.0,52.59619
640.0,1160.0,52.168042
680.0,1160.0,51.901669
720.0,1160.0,51.80425
760.0,1160.0,51.883289
800.0,1160.0,52.146611
840.0,1160.0,52.602225
880.0,1160.0,53.258608
920.0,1160.0,54.124735
960.0,1160.0,55.209788
1000.0,1160.0,56.523315
1040.0,1160.0,58.012176
1080.0,1160.0,59.595501
1120.0,1160.0,61.273959
1160.0,1160.0,63.04839
1200.0,1160.0,64.919082
1240.0,1160.0,66.887093
1280.0,1160.0,68.953111
1320.0,1160.0,71.117405
1360.0,1160.0,73.380233
-1320.0,1200.0,
-1280.0,1200.0,
-1240.0,1200.0,
-1200.0,1200.0,
-1160.0,1200.0,
-1120.0,1200.0,
-1080.0,1200.0,
-1040.0,1200.0,
-1000.0,1200.0,
-960.0,1200.0,
-920.0,1200.0,
-880.0,1200.0,147.278962
-840.0,1200.0,142.975561
-800.0,1200.0,138.768964
-760.0,1200.0,134.659106
-720.0,1200.0,130.645946
-680.0,1200.0,126.729694
-640.0,1200.0,122.910385
-600.0,1200.0,119.188056
-560.0,1200.0,115.562747
-520.0,1200.0,112.034495
-480.0,1200.0,108.603208
-440.0,1200.0,105.269047
-400.0,1200.0,102.032062
-360.0,1200.0,98.89228
-320.0,1200.0,95.849724
-280.0,1200.0,92.904409
-240.0,1200.0,90.05634
-200.0,1200.0,87.305508
-160.0,1200.0,84.651892
-120.0,1200.0,82.095453
-80.0,1200.0,79.636133
-40.0,1200.0,77.273849
0.0,1200.0,75.008494
40.0,1200.0,72.839937
80.0,1200.0,70.768252
120.0,1200.0,68.794145
160.0,1200.0,66.918843
200.0,1200.0,65.144108
240.0,1200.0,63.472224
280.0,1200.0,61.905972
320.0,1200.0,60.448621
360.0,1200.0,59.103897
400.0,1200.0,57.875967
440.0,1200.0,56.769419
480.0,1200.0,55.789239
520.0,1200.0,54.940796
560.0,1200.0,54.229747
600.0,1200.0,53.662163
640.0,1200.0,53.244545
680.0,1200.0,52.983647
720.0,1200.0,52.886547
760.0,1200.0,52.960647
800.0,1200.0,53.213668
840.0,1200.0,53.653404
880.0,1200.0,54.288438
920.0,1200.0,55.127503
960.0,1200.0,56.179647
1000.0,1200.0,57.454266
1040.0,1200.0,58.89929
1080.0,1200.0,60.435442
1120.0,1200.0,62.063231
1160.0,1200.0,63.783431
1200.0,1200.0,65.596274
1240.0,1200.0,67.502797
1280.0,1200.0,69.503634
1320.0,1200.0,71.599101
-1280.0,1240.0,
-1240.0,1240.0,
-1200.0,1240.0,
-1160.0,1240.0,
-1120.0,1240.0,
-1080.0,1240.0,
-1040.0,1240.0,
-1000.0,1240.0,
-960.0,1240.0,
-920.0,1240.0,
-880.0,1240.0,
-840.0,1240.0,
-800.0,1240.0,137.120283
-760.0,1240.0,133.145704
-720.0,1240.0,129.264545
-680.0,1240.0,125.477042
-640.0,1240.0,121.783253
-600.0,1240.0,118.183208
-560.0,1240.0,114.67694
-520.0,1240.0,111.264479
-480.0,1240.0,107.945855
-440.0,1240.0,104.720977
-400.0,1240.0,101.589983
-360.0,1240.0,98.552903
-320.0,1240.0,95.609749
-280.0,1240.0,92.760522
-240.0,1240.0,90.005216
-200.0,1240.0,87.343809
-160.0,1240.0,84.776268
-120.0,1240.0,82.30254
-80.0,1240.0,79.922556
-40.0,1240.0,77.636223
0.0,1240.0,75.443425
40.0,1240.0,73.344021
80.0,1240.0,71.338065
120.0,1240.0,69.426233
160.0,1240.0,67.609708
200.0,1240.0,65.890191
240.0,1240.0,64.269892
280.0,1240.0,62.751512
320.0,1240.0,61.338228
360.0,1240.0,60.033668
400.0,1240.0,58.8419
440.0,1240.0,57.767405
480.0,1240.0,56.815067
520.0,1240.0,55.990079
560.0,1240.0,55.298057
600.0,1240.0,54.74505
640.0,1240.0,54.337378
680.0,1240.0,54.081695
720.0,1240.0,53.984977
760.0,1240.0,54.054521
800.0,1240.0,54.297849
840.0,1240.0,54.722815
880.0,1240.0,55.337837
920.0,1240.0,56.151498
960.0,1240.0,57.172706
1000.0,1240.0,58.410632
1040.0,1240.0,59.814478
1080.0,1240.0,61.306311
1120.0,1240.0,62.886555
1160.0,1240.0,64.555921
1200.0,1240.0,66.314573
1240.0,1240.0,68.163559
1280.0,1240.0,70.103445
-1240.0,1280.0,
-1200.0,1280.0,
-1160.0,1280.0,
-1120.0,1280.0,
-1080.0,1280.0,
-1040.0,1280.0,
-1000.0,1280.0,
-960.0,1280.0,
-920.0,1280.0,
-880.0,1280.0,
-840.0,1280.0,
-800.0,1280.0,
-760.0,1280.0,131.814391
-720.0,1280.0,128.056878
-680.0,1280.0,124.38987
-640.0,1280.0,120.813547
-600.0,1280.0,117.327936
-560.0,1280.0,113.93306
-520.0,1280.0,110.628945
-480.0,1280.0,107.41561
-440.0,1280.0,104.293075
-400.0,1280.0,101.261268
-360.0,1280.0,98.32026
-320.0,1280.0,95.470083
-280.0,1280.0,92.710729
-240.0,1280.0,90.042179
-200.0,1280.0,87.464402
-160.0,1280.0,84.977353
-120.0,1280.0,82.580971
-80.0,1280.0,80.275174
-40.0,1280.0,78.059863
0.0,1280.0,75.934915
40.0,1280.0,73.900181
80.0,1280.0,71.955701
120.0,1280.0,70.102121
160.0,1280.0,68.340587
200.0,1280.0,66.672743
240.0,1280.0,65.100733
280.0,1280.0,63.627183
320.0,1280.0,62.255185
360.0,1280.0,60.988276
400.0,1280.0,59.830429
440.0,1280.0,58.786026
480.0,1280.0,57.859769
520.0,1280.0,57.056844
560.0,1280.0,56.38282
600.0,1280.0,55.843574
640.0,1280.0,55.445326
680.0,1280.0,55.194625
720.0,1280.0,55.098347
760.0,1280.0,55.163684
800.0,1280.0,55.397924
840.0,1280.0,55.809073
880.0,1280.0,56.405298
920.0,1280.0,57.195054
960.0,1280.0,58.18712
1000.0,1280.0,59.390421
1040.0,1280.0,60.755447
1080.0,1280.0,62.205546
1120.0,1280.0,63.741068
1160.0,1280.0,65.362645
1200.0,1280.0,67.070428
1240.0,1280.0,68.865438
-1200.0,1320.0,
-1160.0,1320.0,
-1120.0,1320.0,
-1080.0,1320.0,
-1040.0,1320.0,
-1000.0,1320.0,
-960.0,1320.0,
-920.0,1320.0,
-880.0,1320.0,
-840.0,1320.0,
-800.0,1320.0,
-760.0,1320.0,
-720.0,1320.0,
-680.0,1320.0,123.452931
-640.0,1320.0,119.986768
-600.0,1320.0,116.608465
-560.0,1320.0,113.318041
-520.0,1320.0,110.115514
-480.0,1320.0,107.000897
-440.0,1320.0,103.9742
-400.0,1320.0,101.035428
-360.0,1320.0,98.184549
-320.0,1320.0,95.421524
-280.0,1320.0,92.746408
-240.0,1320.0,90.159171
-200.0,1320.0,87.659773
-160.0,1320.0,85.24816
-120.0,1320.0,82.924262
-80.0,1320.0,80.687992
-40.0,1320.0,78.539243
0.0,1320.0,76.477885
40.0,1320.0,74.503768
80.0,1320.0,72.616916
120.0,1320.0,70.817952
160.0,1320.0,69.107986
200.0,1320.0,67.488611
240.0,1320.0,65.961913
280.0,1320.0,64.530445
320.0,1320.0,63.19722
360.0,1320.0,61.965692
400.0,1320.0,60.839735
440.0,1320.0,59.823543
480.0,1320.0,58.92189
520.0,1320.0,58.139838
560.0,1320.0,57.482813
600.0,1320.0,56.956592
640.0,1320.0,56.567294
680.0,1320.0,56.321366
720.0,1320.0,56.225582
760.0,1320.0,56.286917
800.0,1320.0,56.512757
840.0,1320.0,56.910931
880.0,1320.0,57.489462
920.0,1320.0,58.256683
960.0,1320.0,59.221237
1000.0,1320.0,60.391806
1040.0,1320.0,61.720154
1080.0,1320.0,63.130867
1120.0,1320.0,64.624232
1160.0,1320.0,66.20076
1200.0,1320.0,67.860701
-1160.0,1360.0,
-1120.0,1360.0,
-1080.0,1360.0,
-1040.0,1360.0,
-1000.0,1360.0,
-960.0,1360.0,
-920.0,1360.0,
-880.0,1360.0,
-840.0,1360.0,
-800.0,1360.0,
-760.0,1360.0,
-720.0,1360.0,
-680.0,1360.0,
-640.0,1360.0,
-600.0,1360.0,116.012664
-560.0,1360.0,112.820375
-520.0,1360.0,109.713287
-480.0,1360.0,106.691407
-440.0,1360.0,103.754738
-400.0,1360.0,100.903277
-360.0,1360.0,98.137015
-320.0,1360.0,95.455935
-280.0,1360.0,92.859971
-240.0,1360.0,90.349098
-200.0,1360.0,87.923308
-160.0,1360.0,85.582537
-120.0,1360.0,83.32671
-80.0,1360.0,81.155734
-40.0,1360.0,79.069495
0.0,1360.0,77.067863
40.0,1360.0,75.150684
80.0,1360.0,73.31797
120.0,1360.0,71.570323
160.0,1360.0,69.908822
200.0,1360.0,68.335013
240.0,1360.0,66.850925
280.0,1360.0,65.459048
320.0,1360.0,64.162319
360.0,1360.0,62.964041
400.0,1360.0,61.868057
440.0,1360.0,60.878579
480.0,1360.0,60.000195
520.0,1360.0,59.237871
560.0,1360.0,58.596938
600.0,1360.0,58.083072
640.0,1360.0,57.702293
680.0,1360.0,57.460948
720.0,1360.0,57.365673
760.0,1360.0,57.423298
800.0,1360.0,57.641294
840.0,1360.0,58.027262
880.0,1360.0,58.589108
920.0,1360.0,59.335042
960.0,1360.0,60.273532
1000.0,1360.0,61.413146
1040.0,1360.0,62.706774
1080.0,1360.0,64.080246
1120.0,1360.0,65.533787
1160.0,1360.0,67.067784
-1120.0,1400.0,
-1080.0,1400.0,
-1040.0,1400.0,
-1000.0,1400.0,
-960.0,1400.0,
-920.0,1400.0,
-880.0,1400.0,
-840.0,1400.0,
-800.0,1400.0,
-760.0,1400.0,
-720.0,1400.0,
-680.0,1400.0,
-640.0,1400.0,
-600.0,1400.0,
-560.0,1400.0,
-520.0,1400.0,109.412629
-480.0,1400.0,106.47803
-440.0,1400.0,103.626088
-400.0,1400.0,100.856792
-360.0,1400.0,98.170128
-320.0,1400.0,95.566071
-280.0,1400.0,93.044589
-240.0,1400.0,90.605637
-200.0,1400.0,88.249162
-160.0,1400.0,85.975049
-120.0,1400.0,83.783272
-80.0,1400.0,81.673735
-40.0,1400.0,79.64632
0.0,1400.0,77.700896
40.0,1400.0,75.837308
80.0,1400.0,74.055556
120.0,1400.0,72.356227
160.0,1400.0,70.740366
200.0,1400.0,69.209482
240.0,1400.0,67.76553
280.0,1400.0,66.410915
320.0,1400.0,65.148539
360.0,1400.0,63.9817
400.0,1400.0,62.914109
440.0,1400.0,61.949878
480.0,1400.0,61.093508
520.0,1400.0,60.349872
560.0,1400.0,59.724202
600.0,1400.0,59.22208
640.0,1400.0,58.849428
680.0,1400.0,58.612491
720.0,1400.0,58.51765
760.0,1400.0,58.571945
800.0,1400.0,58.78258
840.0,1400.0,59.157045
880.0,1400.0,59.70313
920.0,1400.0,60.428924
960.0,1400.0,61.342634
1000.0,1400.0,62.452965
1040.0,1400.0,63.713669
1080.0,1400.0,65.051864
1120.0,1400.0,66.467716
-1080.0,1440.0,
-1040.0,1440.0,
-1000.0,1440.0,
-960.0,1440.0,
-920.0,1440.0,
-880.0,1440.0,
-840.0,1440.0,
-800.0,1440.0,
-760.0,1440.0,
-720.0,1440.0,
-680.0,1440.0,
-640.0,1440.0,
-600.0,1440.0,
-560.0,1440.0,
-520.0,1440.0,
-480.0,1440.0,
-440.0,1440.0,
-400.0,1440.0,100.888784
-360.0,1440.0,98.277157
-320.0,1440.0,95.745707
-280.0,1440.0,93.294396
-240.0,1440.0,90.923176
-200.0,1440.0,88.631985
-160.0,1440.0,86.420752
-120.0,1440.0,84.28939
-80.0,1440.0,82.237799
-40.0,1440.0,80.26586
0.0,1440.0,78.37344
40.0,1440.0,76.560387
80.0,1440.0,74.826689
120.0,1440.0,73.17292
160.0,1440.0,71.600093
200.0,1440.0,70.109684
240.0,1440.0,68.703616
280.0,1440.0,67.38426
320.0,1440.0,66.15442
360.0,1440.0,65.017322
400.0,1440.0,63.976598
440.0,1440.0,63.036278
480.0,1440.0,62.200775
520.0,1440.0,61.474872
560.0,1440.0,60.863708
600.0,1440.0,60.372772
640.0,1440.0,60.007884
680.0,1440.0,59.775048
720.0,1440.0,59.680825
760.0,1440.0,59.732031
800.0,1440.0,59.935747
840.0,1440.0,60.299354
880.0,1440.0,60.830525
920.0,1440.0,61.53723
960.0,1440.0,62.427417
1000.0,1440.0,63.509933
1040.0,1440.0,64.739367
1080.0,1440.0,66.044087
-1000.0,1480.0,
-960.0,1480.0,
-920.0,1480.0,
-880.0,1480.0,
-840.0,1480.0,
-800.0,1480.0,
-760.0,1480.0,
-720.0,1480.0,
-680.0,1480.0,
-640.0,1480.0,
-600.0,1480.0,
-560.0,1480.0,
-520.0,1480.0,
-480.0,1480.0,
-440.0,1480.0,
-400.0,1480.0,
-360.0,1480.0,
-320.0,1480.0,
-280.0,1480.0,
-240.0,1480.0,
-200.0,1480.0,89.067329
-160.0,1480.0,86.915428
-120.0,1480.0,84.841081
-80.0,1480.0,82.844187
-40.0,1480.0,80.924626
0.0,1480.0,79.082265
40.0,1480.0,77.316952
80.0,1480.0,75.62867
120.0,1480.0,74.017978
160.0,1480.0,72.485862
200.0,1480.0,71.033765
240.0,1480.0,69.663564
280.0,1480.0,68.377575
320.0,1480.0,67.17854
360.0,1480.0,66.069617
400.0,1480.0,65.054362
440.0,1480.0,64.136727
480.0,1480.0,63.32104
520.0,1480.0,62.611995
560.0,1480.0,62.014642
600.0,1480.0,61.534375
640.0,1480.0,61.17679
680.0,1480.0,60.948018
720.0,1480.0,60.854463
760.0,1480.0,60.9028
800.0,1480.0,61.100004
840.0,1480.0,61.453344
880.0,1480.0,61.970384
920.0,1480.0,62.65882
960.0,1480.0,63.526789
1000.0,1480.0,64.582847
-960.0,1520.0,
-920.0,1520.0,
-880.0,1520.0,
-840.0,1520.0,
-800.0,1520.0,
-760.0,1520.0,
-720.0,1520.0,
-680.0,1520.0,
-640.0,1520.0,
-600.0,1520.0,
-560.0,1520.0,
-520.0,1520.0,
-480.0,1520.0,
-440.0,1520.0,
-400.0,1520.0,
-360.0,1520.0,
-320.0,1520.0,
-280.0,1520.0,
-240.0,1520.0,
-200.0,1520.0,
-160.0,1520.0,
-120.0,1520.0,
-80.0,1520.0,
-40.0,1520.0,
0.0,1520.0,
40.0,1520.0,
80.0,1520.0,
120.0,1520.0,
160.0,1520.0,
200.0,1520.0,
240.0,1520.0,
280.0,1520.0,
320.0,1520.0,
360.0,1520.0,
400.0,1520.0,
440.0,1520.0,
480.0,1520.0,
520.0,1520.0,
560.0,1520.0,
600.0,1520.0,
640.0,1520.0,
680.0,1520.0,
720.0,1520.0,
760.0,1520.0,
800.0,1520.0,
840.0,1520.0,
880.0,1520.0,
920.0,1520.0,
960.0,1520.0,
-880.0,1560.0,
-840.0,1560.0,
-800.0,1560.0,
-760.0,1560.0,
-720.0,1560.0,
-680.0,1560.0,
-640.0,1560.0,
-600.0,1560.0,
-560.0,1560.0,
-520.0,1560.0,
-480.0,1560.0,
-440.0,1560.0,
-400.0,1560.0,
-360.0,1560.0,
-320.0,1560.0,
-280.0,1560.0,
-240.0,1560.0,
-200.0,1560.0,
-160.0,1560.0,
-120.0,1560.0,
-80.0,1560.0,
-40.0,1560.0,
0.0,1560.0,
40.0,1560.0,
80.0,1560.0,
120.0,1560.0,
160.0,1560.0,
200.0,1560.0,
240.0,1560.0,
280.0,1560.0,
320.0,1560.0,
360.0,1560.0,
400.0,1560.0,
440.0,1560.0,
480.0,1560.0,
520.0,1560.0,
560.0,1560.0,
600.0,1560.0,
640.0,1560.0,
680.0,1560.0,
720.0,1560.0,
760.0,1560.0,
800.0,1560.0,
840.0,1560.0,
880.0,1560.0,
-800.0,1600.0,
-760.0,1600.0,
-720.0,1600.0,
-680.0,1600.0,
-640.0,1600.0,
-600.0,1600.0,
-560.0,1600.0,
-520.0,1600.0,
-480.0,1600.0,
-440.0,1600.0,
-400.0,1600.0,
-360.0,1600.0,
-320.0,1600.0,
-280.0,1600.0,
-240.0,1600.0,
-200.0,1600.0,
-160.0,1600.0,
-120.0,1600.0,
-80.0,1600.0,
-40.0,1600.0,
0.0,1600.0,
40.0,1600.0,
80.0,1600.0,
120.0,1600.0,
160.0,1600.0,
200.0,1600.0,
240.0,1600.0,
280.0,1600.0,
320.0,1600.0,
360.0,1600.0,
400.0,1600.0,
440.0,1600.0,
480.0,1600.0,
520.0,1600.0,
560.0,1600.0,
600.0,1600.0,
640.0,1600.0,
680.0,1600.0,
720.0,1600.0,
760.0,1600.0,
800.0,1600.0,
-720.0,1640.0,
-680.0,1640.0,
-640.0,1640.0,
-600.0,1640.0,
-560.0,1640.0,
-520.0,1640.0,
-480.0,1640.0,
-440.0,1640.0,
-400.0,1640.0,
-360.0,1640.0,
-320.0,1640.0,
-280.0,1640.0,
-240.0,1640.0,
-200.0,1640.0,
-160.0,1640.0,
-120.0,1640.0,
-80.0,1640.0,
-40.0,1640.0,
0.0,1640.0,
40.0,1640.0,
80.0,1640.0,
120.0,1640.0,
160.0,1640.0,
200.0,1640.0,
240.0,1640.0,
280.0,1640.0,
320.0,1640.0,
360.0,1640.0,
400.0,1640.0,
440.0,1640.0,
480.0,1640.0,
520.0,1640.0,
560.0,1640.0,
600.0,1640.0,
640.0,1640.0,
680.0,1640.0,
720.0,1640.0,
-640.0,1680.0,
-600.0,1680.0,
-560.0,1680.0,
-520.0,1680.0,
-480.0,1680.0,
-440.0,1680.0,
-400.0,1680.0,
-360.0,1680.0,
-320.0,1680.0,
-280.0,1680.0,
-240.0,1680.0,
-200.0,1680.0,
-160.0,1680.0,
-120.0,1680.0,
-80.0,1680.0,
-40.0,1680.0,
0.0,1680.0,
40.0,1680.0,
80.0,1680.0,
120.0,1680.0,
160.0,1680.0,
200.0,1680.0,
240.0,1680.0,
280.0,1680.0,
320.0,1680.0,
360.0,1680.0,
400.0,1680.0,
440.0,1680.0,
480.0,1680.0,
520.0,1680.0,
560.0,1680.0,
600.0,1680.0,
640.0,1680.0,
-520.0,1720.0,
-480.0,1720.0,
-440.0,1720.0,
-400.0,1720.0,
-360.0,1720.0,
-320.0,1720.0,
-280.0,1720.0,
-240.0,1720.0,
-200.0,1720.0,
-160.0,1720.0,
-120.0,1720.0,
-80.0,1720.0,
-40.0,1720.0,
0.0,1720.0,
40.0,1720.0,
80.0,1720.0,
120.0,1720.0,
160.0,1720.0,
200.0,1720.0,
240.0,1720.0,
280.0,1720.0,
320.0,1720.0,
360.0,1720.0,
400.0,1720.0,
440.0,1720.0,
480.0,1720.0,
520.0,1720.0,
-360.0,1760.0,
-320.0,1760.0,
-280.0,1760.0,
-240.0,1760.0,
-200.0,1760.0,
-160.0,1760.0,
-120.0,1760.0,
-80.0,1760.0,
-40.0,1760.0,
0.0,1760.0,
40.0,1760.0,
80.0,1760.0,
120.0,1760.0,
160.0,1760.0,
200.0,1760.0,
240.0,1760.0,
280.0,1760.0,
320.0,1760.0,
360.0,1760.0,
0.0,1800.0,
