x_m,y_m,E_diam_given_detectable_m
0.0,-1800.0,
-360.0,-1760.0,
-320.0,-1760.0,
-280.0,-1760.0,
-240.0,-1760.0,
-200.0,-1760.0,
-160.0,-1760.0,
-120.0,-1760.0,
-80.0,-1760.0,
-40.0,-1760.0,
0.0,-1760.0,
40.0,-1760.0,
80.0,-1760.0,
120.0,-1760.0,
160.0,-1760.0,
200.0,-1760.0,
240.0,-1760.0,
280.0,-1760.0,
320.0,-1760.0,
360.0,-1760.0,
-520.0,-1720.0,
-480.0,-1720.0,
-440.0,-1720.0,
-400.0,-1720.0,
-360.0,-1720.0,
-320.0,-1720.0,
-280.0,-1720.0,
-240.0,-1720.0,
-200.0,-1720.0,
-160.0,-1720.0,
-120.0,-1720.0,
-80.0,-1720.0,
-40.0,-1720.0,
0.0,-1720.0,
40.0,-1720.0,
80.0,-1720.0,
120.0,-1720.0,
160.0,-1720.0,
200.0,-1720.0,
240.0,-1720.0,
280.0,-1720.0,
320.0,-1720.0,
360.0,-1720.0,
400.0,-1720.0,
440.0,-1720.0,
480.0,-1720.0,
520.0,-1720.0,
-640.0,-1680.0,
-600.0,-1680.0,
-560.0,-1680.0,
-520.0,-1680.0,
-480.0,-1680.0,
-440.0,-1680.0,
-400.0,-1680.0,
-360.0,-1680.0,
-320.0,-1680.0,
-280.0,-1680.0,
-240.0,-1680.0,
-200.0,-1680.0,
-160.0,-1680.0,
-120.0,-1680.0,
-80.0,-1680.0,
-40.0,-1680.0,
0.0,-1680.0,
40.0,-1680.0,
80.0,-1680.0,
120.0,-1680.0,
160.0,-1680.0,
200.0,-1680.0,
240.0,-1680.0,
280.0,-1680.0,
320.0,-1680.0,
360.0,-1680.0,
400.0,-1680.0,
440.0,-1680.0,
480.0,-1680.0,
520.0,-1680.0,
560.0,-1680.0,
600.0,-1680.0,
640.0,-1680.0,
-720.0,-1640.0,
-680.0,-1640.0,
-640.0,-1640.0,
-600.0,-1640.0,
-560.0,-1640.0,
-520.0,-1640.0,
-480.0,-1640.0,
-440.0,-1640.0,
-400.0,-1640.0,
-360.0,-1640.0,
-320.0,-1640.0,
-280.0,-1640.0,
-240.0,-1640.0,
-200.0,-1640.0,
-160.0,-1640.0,
-120.0,-1640.0,
-80.0,-1640.0,
-40.0,-1640.0,
0.0,-1640.0,
40.0,-1640.0,
80.0,-1640.0,
120.0,-1640.0,
160.0,-1640.0,
200.0,-1640.0,
240.0,-1640.0,
280.0,-1640.0,
320.0,-1640.0,
360.0,-1640.0,
400.0,-1640.0,
440.0,-1640.0,
480.0,-1640.0,
520.0,-1640.0,
560.0,-1640.0,
600.0,-1640.0,
640.0,-1640.0,
680.0,-1640.0,
720.0,-1640.0,
-800.0,-1600.0,
-760.0,-1600.0,
-720.0,-1600.0,
-680.0,-1600.0,
-640.0,-1600.0,
-600.0,-1600.0,
-560.0,-1600.0,
-520.0,-1600.0,
-480.0,-1600.0,
-440.0,-1600.0,
-400.0,-1600.0,
-360.0,-1600.0,
-320.0,-1600.0,
-280.0,-1600.0,
-240.0,-1600.0,
-200.0,-1600.0,
-160.0,-1600.0,
-120.0,-1600.0,
-80.0,-1600.0,
-40.0,-1600.0,
0.0,-1600.0,
40.0,-1600.0,
80.0,-1600.0,
120.0,-1600.0,
160.0,-1600.0,
200.0,-1600.0,
240.0,-1600.0,
280.0,-1600.0,
320.0,-1600.0,
360.0,-1600.0,
400.0,-1600.0,
440.0,-1600.0,
480.0,-1600.0,
520.0,-1600.0,
560.0,-1600.0,
600.0,-1600.0,
640.0,-1600.0,
680.0,-1600.0,
720.0,-1600.0,
760.0,-1600.0,
800.0,-1600.0,
-880.0,-1560.0,
-840.0,-1560.0,
-800.0,-1560.0,
-760.0,-1560.0,
-720.0,-1560.0,
-680.0,-1560.0,
-640.0,-1560.0,
-600.0,-1560.0,
-560.0,-1560.0,
-520.0,-1560.0,
-480.0,-1560.0,
-440.0,-1560.0,
-400.0,-1560.0,
-360.0,-1560.0,
-320.0,-1560.0,
-280.0,-1560.0,
-240.0,-1560.0,
-200.0,-1560.0,
-160.0,-1560.0,
-120.0,-1560.0,
-80.0,-1560.0,
-40.0,-1560.0,
0.0,-1560.0,
40.0,-1560.0,
80.0,-1560.0,
120.0,-1560.0,
160.0,-1560.0,
200.0,-1560.0,
240.0,-1560.0,
280.0,-1560.0,
320.0,-1560.0,
360.0,-1560.0,
400.0,-1560.0,
440.0,-1560.0,
480.0,-1560.0,
520.0,-1560.0,
560.0,-1560.0,
600.0,-1560.0,
640.0,-1560.0,
680.0,-1560.0,
720.0,-1560.0,
760.0,-1560.0,
800.0,-1560.0,
840.0,-1560.0,
880.0,-1560.0,
-960.0,-1520.0,
-920.0,-1520.0,
-880.0,-1520.0,
-840.0,-1520.0,
-800.0,-1520.0,
-760.0,-1520.0,
-720.0,-1520.0,
-680.0,-1520.0,
-640.0,-1520.0,
-600.0,-1520.0,
-560.0,-1520.0,
-520.0,-1520.0,
-480.0,-1520.0,
-440.0,-1520.0,
-400.0,-1520.0,
-360.0,-1520.0,
-320.0,-1520.0,
-280.0,-1520.0,
-240.0,-1520.0,
-200.0,-1520.0,
-160.0,-1520.0,
-120.0,-1520.0,
-80.0,-1520.0,
-40.0,-1520.0,
0.0,-1520.0,
40.0,-1520.0,
80.0,-1520.0,
120.0,-1520.0,
160.0,-1520.0,
200.0,-1520.0,
240.0,-1520.0,
280.0,-1520.0,
320.0,-1520.0,
360.0,-1520.0,
400.0,-1520.0,
440.0,-1520.0,
480.0,-1520.0,
520.0,-1520.0,
560.0,-1520.0,
600.0,-1520.0,
640.0,-1520.0,
680.0,-1520.0,
720.0,-1520.0,
760.0,-1520.0,
800.0,-1520.0,
840.0,-1520.0,
880.0,-1520.0,
920.0,-1520.0,
960.0,-1520.0,
-1000.0,-1480.0,
-960.0,-1480.0,
-920.0,-1480.0,
-880.0,-1480.0,
-840.0,-1480.0,
-800.0,-1480.0,
-760.0,-1480.0,
-720.0,-1480.0,
-680.0,-1480.0,
-640.0,-1480.0,
-600.0,-1480.0,
-560.0,-1480.0,
-520.0,-1480.0,
-480.0,-1480.0,
-440.0,-1480.0,
-400.0,-1480.0,
-360.0,-1480.0,
-320.0,-1480.0,
-280.0,-1480.0,
-240.0,-1480.0,
-200.0,-1480.0,56.723986
-160.0,-1480.0,55.917017
-120.0,-1480.0,55.184982
-80.0,-1480.0,54.527839
-40.0,-1480.0,53.945483
0.0,-1480.0,53.437976
40.0,-1480.0,53.005301
80.0,-1480.0,52.64984
120.0,-1480.0,52.383513
160.0,-1480.0,52.225353
200.0,-1480.0,52.202038
240.0,-1480.0,52.347631
280.0,-1480.0,52.667693
320.0,-1480.0,53.070406
360.0,-1480.0,53.547604
400.0,-1480.0,54.099125
440.0,-1480.0,54.725233
480.0,-1480.0,55.425959
520.0,-1480.0,
560.0,-1480.0,
600.0,-1480.0,
640.0,-1480.0,
680.0,-1480.0,
720.0,-1480.0,
760.0,-1480.0,
800.0,-1480.0,
840.0,-1480.0,
880.0,-1480.0,
920.0,-1480.0,
960.0,-1480.0,
1000.0,-1480.0,
-1080.0,-1440.0,
-1040.0,-1440.0,
-1000.0,-1440.0,
-960.0,-1440.0,
-920.0,-1440.0,
-880.0,-1440.0,
-840.0,-1440.0,
-800.0,-1440.0,
-760.0,-1440.0,
-720.0,-1440.0,
-680.0,-1440.0,
-640.0,-1440.0,
-600.0,-1440.0,
-560.0,-1440.0,
-520.0,-1440.0,
-480.0,-1440.0,
-440.0,-1440.0,
-400.0,-1440.0,60.777685
-360.0,-1440.0,59.562821
-320.0,-1440.0,58.425157
-280.0,-1440.0,57.364694
-240.0,-1440.0,56.381365
-200.0,-1440.0,55.474934
-160.0,-1440.0,54.645601
-120.0,-1440.0,53.893318
-80.0,-1440.0,53.218041
-40.0,-1440.0,52.619725
0.0,-1440.0,52.098329
40.0,-1440.0,51.653829
80.0,-1440.0,51.288783
120.0,-1440.0,51.015456
160.0,-1440.0,50.853446
200.0,-1440.0,50.8301
240.0,-1440.0,50.980406
280.0,-1440.0,51.3096
320.0,-1440.0,51.723356
360.0,-1440.0,52.213736
400.0,-1440.0,52.780768
440.0,-1440.0,53.424295
480.0,-1440.0,54.144266
520.0,-1440.0,54.940947
560.0,-1440.0,55.813984
600.0,-1440.0,56.763587
640.0,-1440.0,57.789682
680.0,-1440.0,
720.0,-1440.0,
760.0,-1440.0,
800.0,-1440.0,
840.0,-1440.0,
880.0,-1440.0,
920.0,-1440.0,
960.0,-1440.0,
1000.0,-1440.0,
1040.0,-1440.0,
1080.0,-1440.0,
-1120.0,-1400.0,
-1080.0,-1400.0,
-1040.0,-1400.0,
-1000.0,-1400.0,
-960.0,-1400.0,
-920.0,-1400.0,
-880.0,-1400.0,
-840.0,-1400.0,
-800.0,-1400.0,
-760.0,-1400.0,
-720.0,-1400.0,
-680.0,-1400.0,
-640.0,-1400.0,
-600.0,-1400.0,
-560.0,-1400.0,
-520.0,-1400.0,63.911737
-480.0,-1400.0,62.42417
-440.0,-1400.0,61.016008
-400.0,-1400.0,59.687086
-360.0,-1400.0,58.437684
-320.0,-1400.0,57.267638
-280.0,-1400.0,56.176809
-240.0,-1400.0,55.165387
-200.0,-1400.0,54.233319
-160.0,-1400.0,53.380552
-120.0,-1400.0,52.606992
-80.0,-1400.0,51.912567
-40.0,-1400.0,51.297329
0.0,-1400.0,50.761233
40.0,-1400.0,50.304253
80.0,-1400.0,49.929133
120.0,-1400.0,49.648459
160.0,-1400.0,49.482361
200.0,-1400.0,49.458807
240.0,-1400.0,49.613869
280.0,-1400.0,49.952594
320.0,-1400.0,50.378303
360.0,-1400.0,50.882833
400.0,-1400.0,51.465859
440.0,-1400.0,52.127739
480.0,-1400.0,52.868512
520.0,-1400.0,53.687716
560.0,-1400.0,54.585838
600.0,-1400.0,55.562576
640.0,-1400.0,56.618015
680.0,-1400.0,57.752086
720.0,-1400.0,58.964799
760.0,-1400.0,60.255962
800.0,-1400.0,
840.0,-1400.0,
880.0,-1400.0,
920.0,-1400.0,
960.0,-1400.0,
1000.0,-1400.0,
1040.0,-1400.0,
1080.0,-1400.0,
1120.0,-1400.0,
-1160.0,-1360.0,
-1120.0,-1360.0,
-1080.0,-1360.0,
-1040.0,-1360.0,
-1000.0,-1360.0,
-960.0,-1360.0,
-920.0,-1360.0,
-880.0,-1360.0,
-840.0,-1360.0,
-800.0,-1360.0,
-760.0,-1360.0,
-720.0,-1360.0,
-680.0,-1360.0,
-640.0,-1360.0,
-600.0,-1360.0,66.270878
-560.0,-1360.0,64.575907
-520.0,-1360.0,62.962768
-480.0,-1360.0,61.431303
-440.0,-1360.0,59.981579
-400.0,-1360.0,58.613782
-360.0,-1360.0,57.327461
-320.0,-1360.0,56.123005
-280.0,-1360.0,55.000358
-240.0,-1360.0,53.959324
-200.0,-1360.0,52.999895
-160.0,-1360.0,52.122142
-120.0,-1360.0,51.326008
-80.0,-1360.0,50.611435
-40.0,-1360.0,49.978369
0.0,-1360.0,49.426757
40.0,-1360.0,48.956573
80.0,-1360.0,48.570753
120.0,-1360.0,48.28222
160.0,-1360.0,48.111681
200.0,-1360.0,48.08807
240.0,-1360.0,48.248357
280.0,-1360.0,48.59733
320.0,-1360.0,49.035423
360.0,-1360.0,49.554593
400.0,-1360.0,50.154918
440.0,-1360.0,50.836289
480.0,-1360.0,51.598582
520.0,-1360.0,52.442118
560.0,-1360.0,53.366508
600.0,-1360.0,54.37205
640.0,-1360.0,55.458519
680.0,-1360.0,56.626048
720.0,-1360.0,57.874387
760.0,-1360.0,59.203864
800.0,-1360.0,60.613815
840.0,-1360.0,62.104713
880.0,-1360.0,63.676422
920.0,-1360.0,
960.0,-1360.0,
1000.0,-1360.0,
1040.0,-1360.0,
1080.0,-1360.0,
1120.0,-1360.0,
1160.0,-1360.0,
-1200.0,-1320.0,
-1160.0,-1320.0,
-1120.0,-1320.0,
-1080.0,-1320.0,
-1040.0,-1320.0,
-1000.0,-1320.0,
-960.0,-1320.0,
-920.0,-1320.0,
-880.0,-1320.0,
-840.0,-1320.0,
-800.0,-1320.0,
-760.0,-1320.0,
-720.0,-1320.0,
-680.0,-1320.0,69.194124
-640.0,-1320.0,67.279218
-600.0,-1320.0,65.448514
-560.0,-1320.0,63.702077
-520.0,-1320.0,62.039818
-480.0,-1320.0,60.461867
-440.0,-1320.0,58.968231
-400.0,-1320.0,57.558752
-360.0,-1320.0,56.233699
-320.0,-1320.0,54.99282
-280.0,-1320.0,53.836121
-240.0,-1320.0,52.763705
-200.0,-1320.0,51.775508
-160.0,-1320.0,50.871432
-120.0,-1320.0,50.051336
-80.0,-1320.0,49.315306
-40.0,-1320.0,48.663281
0.0,-1320.0,48.095202
40.0,-1320.0,47.611039
80.0,-1320.0,47.213931
120.0,-1320.0,46.917156
160.0,-1320.0,46.742033
200.0,-1320.0,46.718316
240.0,-1320.0,46.883904
280.0,-1320.0,47.243474
320.0,-1320.0,47.694895
360.0,-1320.0,48.229903
400.0,-1320.0,48.848223
440.0,-1320.0,49.550117
480.0,-1320.0,50.335694
520.0,-1320.0,51.20449
560.0,-1320.0,52.157023
600.0,-1320.0,53.192902
640.0,-1320.0,54.312402
680.0,-1320.0,55.515192
720.0,-1320.0,56.801647
760.0,-1320.0,58.171128
800.0,-1320.0,59.624109
840.0,-1320.0,61.160393
880.0,-1320.0,62.779571
920.0,-1320.0,64.481901
960.0,-1320.0,66.267237
1000.0,-1320.0,
1040.0,-1320.0,
1080.0,-1320.0,
1120.0,-1320.0,
1160.0,-1320.0,
1200.0,-1320.0,
-1240.0,-1280.0,
-1200.0,-1280.0,
-1160.0,-1280.0,
-1120.0,-1280.0,
-1080.0,-1280.0,
-1040.0,-1280.0,
-1000.0,-1280.0,
-960.0,-1280.0,
-920.0,-1280.0,
-880.0,-1280.0,
-840.0,-1280.0,
-800.0,-1280.0,
-760.0,-1280.0,72.734694
-720.0,-1280.0,70.586196
-680.0,-1280.0,68.524229
-640.0,-1280.0,66.549268
-600.0,-1280.0,64.661071
-560.0,-1280.0,62.859807
-520.0,-1280.0,61.145492
-480.0,-1280.0,59.518123
-440.0,-1280.0,57.97768
-400.0,-1280.0,56.52435
-360.0,-1280.0,55.157739
-320.0,-1280.0,53.878195
-280.0,-1280.0,52.685654
-240.0,-1280.0,51.579805
-200.0,-1280.0,50.560829
-160.0,-1280.0,49.628684
-120.0,-1280.0,48.7833
-80.0,-1280.0,48.024605
-40.0,-1280.0,47.35253
0.0,-1280.0,46.767007
40.0,-1280.0,46.268005
80.0,-1280.0,45.858876
120.0,-1280.0,45.553261
160.0,-1280.0,45.373148
200.0,-1280.0,45.349217
240.0,-1280.0,45.520644
280.0,-1280.0,45.891687
320.0,-1280.0,46.357125
360.0,-1280.0,46.908594
400.0,-1280.0,47.546276
440.0,-1280.0,48.270093
480.0,-1280.0,49.079891
520.0,-1280.0,49.976028
560.0,-1280.0,50.958065
600.0,-1280.0,52.026432
640.0,-1280.0,53.180708
680.0,-1280.0,54.421329
720.0,-1280.0,55.747665
760.0,-1280.0,57.1602
800.0,-1280.0,58.658691
840.0,-1280.0,60.24285
880.0,-1280.0,61.912891
920.0,-1280.0,63.668675
960.0,-1280.0,65.509924
1000.0,-1280.0,67.436428
1040.0,-1280.0,
1080.0,-1280.0,
1120.0,-1280.0,
1160.0,-1280.0,
1200.0,-1280.0,
1240.0,-1280.0,
-1280.0,-1240.0,
-1240.0,-1240.0,
-1200.0,-1240.0,
-1160.0,-1240.0,
-1120.0,-1240.0,
-1080.0,-1240.0,
-1040.0,-1240.0,
-1000.0,-1240.0,
-960.0,-1240.0,
-920.0,-1240.0,
-880.0,-1240.0,
-840.0,-1240.0,
-800.0,-1240.0,74.555329
-760.0,-1240.0,72.247369
-720.0,-1240.0,70.029041
-680.0,-1240.0,67.900422
-640.0,-1240.0,65.861204
-600.0,-1240.0,63.911914
-560.0,-1240.0,62.052294
-520.0,-1240.0,60.282517
-480.0,-1240.0,58.602528
-440.0,-1240.0,57.012431
-400.0,-1240.0,55.512034
-360.0,-1240.0,54.101611
-320.0,-1240.0,52.780842
-280.0,-1240.0,51.549837
-240.0,-1240.0,50.40863
-200.0,-1240.0,49.357144
-160.0,-1240.0,48.395144
-120.0,-1240.0,47.522715
-80.0,-1240.0,46.739808
-40.0,-1240.0,46.046344
0.0,-1240.0,45.442246
40.0,-1240.0,44.927479
80.0,-1240.0,44.50562
120.0,-1240.0,44.190699
160.0,-1240.0,44.005402
200.0,-1240.0,43.981366
240.0,-1240.0,44.158855
280.0,-1240.0,44.541831
320.0,-1240.0,45.022191
360.0,-1240.0,45.5915
400.0,-1240.0,46.24954
440.0,-1240.0,46.996494
480.0,-1240.0,47.832516
520.0,-1240.0,48.757183
560.0,-1240.0,49.771031
600.0,-1240.0,50.873554
640.0,-1240.0,52.065265
680.0,-1240.0,53.345538
720.0,-1240.0,54.714864
760.0,-1240.0,56.172974
800.0,-1240.0,57.719678
840.0,-1240.0,59.355158
880.0,-1240.0,61.079283
920.0,-1240.0,62.891662
960.0,-1240.0,64.792332
1000.0,-1240.0,66.781199
1040.0,-1240.0,68.85807
1080.0,-1240.0,71.022737
1120.0,-1240.0,
1160.0,-1240.0,
1200.0,-1240.0,
1240.0,-1240.0,
1280.0,-1240.0,
-1320.0,-1200.0,
-1280.0,-1200.0,
-1240.0,-1200.0,
-1200.0,-1200.0,
-1160.0,-1200.0,
-1120.0,-1200.0,
-1080.0,-1200.0,
-1040.0,-1200.0,
-1000.0,-1200.0,
-960.0,-1200.0,
-920.0,-1200.0,
-880.0,-1200.0,79.252958
-840.0,-1200.0,76.682827
-800.0,-1200.0,74.205096
-760.0,-1200.0,71.819847
-720.0,-1200.0,69.526957
-680.0,-1200.0,67.326831
-640.0,-1200.0,65.219574
-600.0,-1200.0,63.204798
-560.0,-1200.0,61.283053
-520.0,-1200.0,59.454059
-480.0,-1200.0,57.718016
-440.0,-1200.0,56.074772
-400.0,-1200.0,54.524557
-360.0,-1200.0,53.066991
-320.0,-1200.0,51.702401
-280.0,-1200.0,50.43066
-240.0,-1200.0,49.251513
-200.0,-1200.0,48.165137
-160.0,-1200.0,47.171444
-120.0,-1200.0,46.270345
-80.0,-1200.0,45.461751
-40.0,-1200.0,44.745553
0.0,-1200.0,44.121672
40.0,-1200.0,43.590118
80.0,-1200.0,43.154693
120.0,-1200.0,42.829774
160.0,-1200.0,42.63882
200.0,-1200.0,42.614498
240.0,-1200.0,42.79848
280.0,-1200.0,43.194412
320.0,-1200.0,43.690709
360.0,-1200.0,44.278669
400.0,-1200.0,44.958564
440.0,-1200.0,45.730334
480.0,-1200.0,46.593838
520.0,-1200.0,47.549458
560.0,-1200.0,48.596683
600.0,-1200.0,49.736101
640.0,-1200.0,50.967127
680.0,-1200.0,52.290219
720.0,-1200.0,53.705109
760.0,-1200.0,55.211688
800.0,-1200.0,56.810116
840.0,-1200.0,58.50025
880.0,-1200.0,60.281672
920.0,-1200.0,62.15457
960.0,-1200.0,64.118776
1000.0,-1200.0,66.174105
1040.0,-1200.0,68.320356
1080.0,-1200.0,70.557307
1120.0,-1200.0,72.884721
1160.0,-1200.0,
1200.0,-1200.0,
1240.0,-1200.0,
1280.0,-1200.0,
1320.0,-1200.0,
-1360.0,-1160.0,
-1320.0,-1160.0,
-1280.0,-1160.0,
-1240.0,-1160.0,
-1200.0,-1160.0,
-1160.0,-1160.0,
-1120.0,-1160.0,
-1080.0,-1160.0,
-1040.0,-1160.0,
-1000.0,-1160.0,
-960.0,-1160.0,
-920.0,-1160.0,81.904362
-880.0,-1160.0,79.149423
-840.0,-1160.0,76.489933
-800.0,-1160.0,73.926054
-760.0,-1160.0,71.457935
-720.0,-1160.0,69.085709
-680.0,-1160.0,66.809162
-640.0,-1160.0,64.628679
-600.0,-1160.0,62.544397
-560.0,-1160.0,60.555942
-520.0,-1160.0,58.663805
-480.0,-1160.0,56.867693
-440.0,-1160.0,55.167854
-400.0,-1160.0,53.564018
-360.0,-1160.0,52.056486
-320.0,-1160.0,50.644885
-280.0,-1160.0,49.329391
-240.0,-1160.0,48.109985
-200.0,-1160.0,46.986499
-160.0,-1160.0,45.958796
-120.0,-1160.0,45.026929
-80.0,-1160.0,44.190796
-40.0,-1160.0,43.450297
0.0,-1160.0,42.805332
40.0,-1160.0,42.255854
80.0,-1160.0,41.805924
120.0,-1160.0,41.470422
160.0,-1160.0,41.273561
200.0,-1160.0,41.2491
240.0,-1160.0,41.440048
280.0,-1160.0,41.849538
320.0,-1160.0,42.362713
360.0,-1160.0,42.970923
400.0,-1160.0,43.673995
440.0,-1160.0,44.47208
480.0,-1160.0,45.36533
520.0,-1160.0,46.353438
560.0,-1160.0,47.436857
600.0,-1160.0,48.615131
640.0,-1160.0,49.888663
680.0,-1160.0,51.257213
720.0,-1160.0,52.720731
760.0,-1160.0,54.279368
800.0,-1160.0,55.932905
840.0,-1160.0,57.681114
880.0,-1160.0,59.524105
920.0,-1160.0,61.461722
960.0,-1160.0,63.493789
1000.0,-1160.0,65.620109
1040.0,-1160.0,67.840467
1080.0,-1160.0,70.154631
1120.0,-1160.0,72.562348
1160.0,-1160.0,75.06335
1200.0,-1160.0,77.65735
1240.0,-1160.0,
1280.0,-1160.0,
1320.0,-1160.0,
1360.0,-1160.0,
-1400.0,-1120.0,
-1360.0,-1120.0,
-1320.0,-1120.0,
-1280.0,-1120.0,
-1240.0,-1120.0,
-1200.0,-1120.0,
-1160.0,-1120.0,
-1120.0,-1120.0,
-1080.0,-1120.0,
-1040.0,-1120.0,
-1000.0,-1120.0,
-960.0,-1120.0,84.944228
-920.0,-1120.0,81.991444
-880.0,-1120.0,79.13742
-840.0,-1120.0,76.382222
-800.0,-1120.0,73.726045
-760.0,-1120.0,71.169078
-720.0,-1120.0,68.711464
-680.0,-1120.0,66.35333
-640.0,-1120.0,64.094527
-600.0,-1120.0,61.935278
-560.0,-1120.0,59.87579
-520.0,-1120.0,57.915693
-480.0,-1120.0,56.05544
-440.0,-1120.0,54.294702
-400.0,-1120.0,52.633793
-360.0,-1120.0,51.072307
-320.0,-1120.0,49.61057
-280.0,-1120.0,48.248374
-240.0,-1120.0,46.985575
-200.0,-1120.0,45.822269
-160.0,-1120.0,44.758347
-120.0,-1120.0,43.793698
-80.0,-1120.0,42.92813
-40.0,-1120.0,42.161614
0.0,-1120.0,41.494066
40.0,-1120.0,40.925432
80.0,-1120.0,40.46003
120.0,-1120.0,40.113208
160.0,-1120.0,39.909927
200.0,-1120.0,39.885143
240.0,-1120.0,40.083374
280.0,-1120.0,40.507616
320.0,-1120.0,41.039019
360.0,-1120.0,41.668532
400.0,-1120.0,42.396512
440.0,-1120.0,43.222899
480.0,-1120.0,44.147617
520.0,-1120.0,45.170958
560.0,-1120.0,46.292614
600.0,-1120.0,47.512922
640.0,-1120.0,48.831691
680.0,-1120.0,50.248909
720.0,-1120.0,51.764735
760.0,-1120.0,53.378887
800.0,-1120.0,55.091303
840.0,-1120.0,56.902034
880.0,-1120.0,58.810934
920.0,-1120.0,60.817837
960.0,-1120.0,62.922555
1000.0,-1120.0,65.124881
1040.0,-1120.0,67.424585
1080.0,-1120.0,69.82142
1120.0,-1120.0,72.315119
1160.0,-1120.0,74.905397
1200.0,-1120.0,77.591951
1240.0,-1120.0,80.37446
1280.0,-1120.0,
1320.0,-1120.0,
1360.0,-1120.0,
1400.0,-1120.0,
-1440.0,-1080.0,
-1400.0,-1080.0,
-1360.0,-1080.0,
-1320.0,-1080.0,
-1280.0,-1080.0,
-1240.0,-1080.0,
-1200.0,-1080.0,
-1160.0,-1080.0,
-1120.0,-1080.0,
-1080.0,-1080.0,
-1040.0,-1080.0,
-1000.0,-1080.0,88.415914
-960.0,-1080.0,85.250606
-920.0,-1080.0,82.187553
-880.0,-1080.0,79.226952
-840.0,-1080.0,76.368988
-800.0,-1080.0,73.613831
-760.0,-1080.0,70.961484
-720.0,-1080.0,68.412156
-680.0,-1080.0,65.966034
-640.0,-1080.0,63.623237
-600.0,-1080.0,61.383668
-560.0,-1080.0,59.247412
-520.0,-1080.0,57.214734
-480.0,-1080.0,55.285252
-440.0,-1080.0,53.459407
-400.0,-1080.0,51.736806
-360.0,-1080.0,50.117798
-320.0,-1080.0,48.601973
-280.0,-1080.0,47.189536
-240.0,-1080.0,45.880431
-200.0,-1080.0,44.674378
-160.0,-1080.0,43.571393
-120.0,-1080.0,42.571417
-80.0,-1080.0,41.67432
-40.0,-1080.0,40.879971
0.0,-1080.0,40.18824
40.0,-1080.0,39.599064
80.0,-1080.0,39.117028
120.0,-1080.0,38.757985
160.0,-1080.0,38.547901
200.0,-1080.0,38.52294
240.0,-1080.0,38.729151
280.0,-1080.0,39.168985
320.0,-1080.0,39.71968
360.0,-1080.0,40.372383
400.0,-1080.0,41.126953
440.0,-1080.0,41.983557
480.0,-1080.0,42.942313
520.0,-1080.0,44.00308
560.0,-1080.0,45.166114
600.0,-1080.0,46.431292
640.0,-1080.0,47.798627
680.0,-1080.0,49.268298
720.0,-1080.0,50.839976
760.0,-1080.0,52.513743
800.0,-1080.0,54.289603
840.0,-1080.0,56.167428
880.0,-1080.0,58.147062
920.0,-1080.0,60.228288
960.0,-1080.0,62.410912
1000.0,-1080.0,64.694807
1040.0,-1080.0,67.079739
1080.0,-1080.0,69.565381
1120.0,-1080.0,72.151375
1160.0,-1080.0,74.837484
1200.0,-1080.0,77.623388
1240.0,-1080.0,80.508747
1280.0,-1080.0,83.493177
1320.0,-1080.0,
1360.0,-1080.0,
1400.0,-1080.0,
1440.0,-1080.0,
-1440.0,-1040.0,
-1400.0,-1040.0,
-1360.0,-1040.0,
-1320.0,-1040.0,
-1280.0,-1040.0,
-1240.0,-1040.0,
-1200.0,-1040.0,
-1160.0,-1040.0,
-1120.0,-1040.0,
-1080.0,-1040.0,
-1040.0,-1040.0,92.369483
-1000.0,-1040.0,88.975419
-960.0,-1040.0,85.687361
-920.0,-1040.0,82.505527
-880.0,-1040.0,79.430124
-840.0,-1040.0,76.461345
-800.0,-1040.0,73.59937
-760.0,-1040.0,70.844364
-720.0,-1040.0,68.196458
-680.0,-1040.0,65.655574
-640.0,-1040.0,63.222038
-600.0,-1040.0,60.895961
-560.0,-1040.0,58.677281
-520.0,-1040.0,56.565977
-480.0,-1040.0,54.562352
-440.0,-1040.0,52.666
-400.0,-1040.0,50.877369
-360.0,-1040.0,49.195981
-320.0,-1040.0,47.622182
-280.0,-1040.0,46.155699
-240.0,-1040.0,44.796461
-200.0,-1040.0,43.544496
-160.0,-1040.0,42.399671
-120.0,-1040.0,41.361762
-80.0,-1040.0,40.430678
-40.0,-1040.0,39.606333
0.0,-1040.0,38.888577
40.0,-1040.0,38.27734
80.0,-1040.0,37.777485
120.0,-1040.0,37.405404
160.0,-1040.0,37.188045
200.0,-1040.0,37.162719
240.0,-1040.0,37.37728
280.0,-1040.0,37.83401
320.0,-1040.0,38.405706
360.0,-1040.0,39.082975
400.0,-1040.0,39.866229
440.0,-1040.0,40.755407
480.0,-1040.0,41.750548
520.0,-1040.0,42.851813
560.0,-1040.0,44.059173
600.0,-1040.0,45.372648
640.0,-1040.0,46.792448
680.0,-1040.0,48.318216
720.0,-1040.0,49.950157
760.0,-1040.0,51.688247
800.0,-1040.0,53.532372
840.0,-1040.0,55.482343
880.0,-1040.0,57.537957
920.0,-1040.0,59.699166
960.0,-1040.0,61.965765
1000.0,-1040.0,64.337522
1040.0,-1040.0,66.814185
1080.0,-1040.0,69.395409
1120.0,-1040.0,72.080742
1160.0,-1040.0,74.869998
1200.0,-1040.0,77.762835
1240.0,-1040.0,80.758893
1280.0,-1040.0,83.85727
1320.0,-1040.0,87.057788
1360.0,-1040.0,
1400.0,-1040.0,
1440.0,-1040.0,
-1480.0,-1000.0,
-1440.0,-1000.0,
-1400.0,-1000.0,
-1360.0,-1000.0,
-1320.0,-1000.0,
-1280.0,-1000.0,
-1240.0,-1000.0,
-1200.0,-1000.0,
-1160.0,-1000.0,
-1120.0,-1000.0,
-1080.0,-1000.0,96.862498
-1040.0,-1000.0,93.221898
-1000.0,-1000.0,89.690926
-960.0,-1000.0,86.270245
-920.0,-1000.0,82.960082
-880.0,-1000.0,79.760653
-840.0,-1000.0,76.672159
-800.0,-1000.0,73.69479
-760.0,-1000.0,70.82872
-720.0,-1000.0,68.074108
-680.0,-1000.0,65.431099
-640.0,-1000.0,62.899649
-600.0,-1000.0,60.479919
-560.0,-1000.0,58.172105
-520.0,-1000.0,55.976167
-480.0,-1000.0,53.892002
-440.0,-1000.0,51.919936
-400.0,-1000.0,50.059525
-360.0,-1000.0,48.311194
-320.0,-1000.0,46.67451
-280.0,-1000.0,45.149668
-240.0,-1000.0,43.736585
-200.0,-1000.0,42.434898
-160.0,-1000.0,41.244724
-120.0,-1000.0,40.165903
-80.0,-1000.0,39.198269
-40.0,-1000.0,38.34165
0.0,-1000.0,37.595873
40.0,-1000.0,36.96086
80.0,-1000.0,36.441755
120.0,-1000.0,36.055547
160.0,-1000.0,35.830222
200.0,-1000.0,35.804681
240.0,-1000.0,36.028434
280.0,-1000.0,36.503264
320.0,-1000.0,37.097272
360.0,-1000.0,37.801357
400.0,-1000.0,38.615406
440.0,-1000.0,39.53965
480.0,-1000.0,40.574147
520.0,-1000.0,41.71898
560.0,-1000.0,42.97416
600.0,-1000.0,44.339946
640.0,-1000.0,45.815969
680.0,-1000.0,47.402538
720.0,-1000.0,49.099616
760.0,-1000.0,50.907112
800.0,-1000.0,52.824726
840.0,-1000.0,54.852515
880.0,-1000.0,56.990329
920.0,-1000.0,59.237969
960.0,-1000.0,61.595214
1000.0,-1000.0,64.061815
1040.0,-1000.0,66.637502
1080.0,-1000.0,69.321824
1120.0,-1000.0,72.114391
1160.0,-1000.0,75.014989
1200.0,-1000.0,78.023255
1240.0,-1000.0,81.138478
1280.0,-1000.0,84.360085
1320.0,-1000.0,87.688016
1360.0,-1000.0,91.120868
1400.0,-1000.0,
1440.0,-1000.0,
1480.0,-1000.0,
-1520.0,-960.0,
-1480.0,-960.0,
-1440.0,-960.0,
-1400.0,-960.0,
-1360.0,-960.0,
-1320.0,-960.0,
-1280.0,-960.0,
-1240.0,-960.0,
-1200.0,-960.0,
-1160.0,-960.0,
-1120.0,-960.0,101.962701
-1080.0,-960.0,98.054847
-1040.0,-960.0,94.261307
-1000.0,-960.0,90.582092
-960.0,-960.0,87.017662
-920.0,-960.0,83.568411
-880.0,-960.0,80.234562
-840.0,-960.0,77.016326
-800.0,-960.0,73.913901
-760.0,-960.0,70.92747
-720.0,-960.0,68.057201
-680.0,-960.0,65.303249
-640.0,-960.0,62.665749
-600.0,-960.0,60.144739
-560.0,-960.0,57.740183
-520.0,-960.0,55.452363
-480.0,-960.0,53.281248
-440.0,-960.0,51.226679
-400.0,-960.0,49.288959
-360.0,-960.0,47.467676
-320.0,-960.0,45.763136
-280.0,-960.0,44.175047
-240.0,-960.0,42.703368
-200.0,-960.0,41.348077
-160.0,-960.0,40.10898
-120.0,-960.0,38.985805
-80.0,-960.0,37.97852
-40.0,-960.0,37.086929
0.0,-960.0,36.310831
40.0,-960.0,35.650138
80.0,-960.0,35.110289
120.0,-960.0,34.708918
160.0,-960.0,34.475129
200.0,-960.0,34.44929
240.0,-960.0,34.682747
280.0,-960.0,35.177145
320.0,-960.0,35.795568
360.0,-960.0,36.528293
400.0,-960.0,37.375757
440.0,-960.0,38.337901
480.0,-960.0,39.41494
520.0,-960.0,40.606867
560.0,-960.0,41.913998
600.0,-960.0,43.33598
640.0,-960.0,44.873202
680.0,-960.0,46.525633
720.0,-960.0,48.293122
760.0,-960.0,50.175541
800.0,-960.0,52.172923
840.0,-960.0,54.285115
880.0,-960.0,56.511933
920.0,-960.0,58.853163
960.0,-960.0,61.308564
1000.0,-960.0,63.87787
1040.0,-960.0,66.560787
1080.0,-960.0,69.35667
1120.0,-960.0,72.265354
1160.0,-960.0,75.286519
1200.0,-960.0,78.419628
1240.0,-960.0,81.663744
1280.0,-960.0,85.018973
1320.0,-960.0,88.484029
1360.0,-960.0,92.058855
1400.0,-960.0,95.742111
1440.0,-960.0,
1480.0,-960.0,
1520.0,-960.0,
-1520.0,-920.0,
-1480.0,-920.0,
-1440.0,-920.0,
-1400.0,-920.0,
-1360.0,-920.0,
-1320.0,-920.0,
-1280.0,-920.0,
-1240.0,-920.0,
-1200.0,-920.0,
-1160.0,-920.0,107.748997
-1120.0,-920.0,103.551541
-1080.0,-920.0,99.472307
-1040.0,-920.0,95.512398
-1000.0,-920.0,91.672029
-960.0,-920.0,87.951251
-920.0,-920.0,84.350726
-880.0,-920.0,80.870688
-840.0,-920.0,77.511355
-800.0,-920.0,74.272933
-760.0,-920.0,71.155616
-720.0,-920.0,68.159582
-680.0,-920.0,65.284991
-640.0,-920.0,62.531992
-600.0,-920.0,59.900712
-560.0,-920.0,57.391253
-520.0,-920.0,55.003411
-480.0,-920.0,52.73754
-440.0,-920.0,50.593598
-400.0,-920.0,48.571397
-360.0,-920.0,46.671181
-320.0,-920.0,44.892612
-280.0,-920.0,43.23583
-240.0,-920.0,41.7007
-200.0,-920.0,40.286928
-160.0,-920.0,38.994548
-120.0,-920.0,37.823358
-80.0,-920.0,36.773142
-40.0,-920.0,35.843675
0.0,-920.0,35.034708
40.0,-920.0,34.346185
80.0,-920.0,33.783806
120.0,-920.0,33.365919
160.0,-920.0,33.122842
200.0,-920.0,33.096674
240.0,-920.0,33.340862
280.0,-920.0,33.85647
320.0,-920.0,34.501032
360.0,-920.0,35.265122
400.0,-920.0,36.148653
440.0,-920.0,37.151989
480.0,-920.0,38.275093
520.0,-920.0,39.518343
560.0,-920.0,40.88146
600.0,-920.0,42.364858
640.0,-920.0,43.968546
680.0,-920.0,45.692314
720.0,-920.0,47.53624
760.0,-920.0,49.500297
800.0,-920.0,51.584355
840.0,-920.0,53.788245
880.0,-920.0,56.111766
920.0,-920.0,58.554685
960.0,-920.0,61.116741
1000.0,-920.0,63.797644
1040.0,-920.0,66.596943
1080.0,-920.0,69.514088
1120.0,-920.0,72.54894
1160.0,-920.0,75.701103
1200.0,-920.0,78.969357
1240.0,-920.0,82.353908
1280.0,-920.0,85.853581
1320.0,-920.0,89.46809
1360.0,-920.0,93.196216
1400.0,-920.0,97.037813
1440.0,-920.0,
1480.0,-920.0,
1520.0,-920.0,
-1560.0,-880.0,
-1520.0,-880.0,
-1480.0,-880.0,
-1440.0,-880.0,
-1400.0,-880.0,
-1360.0,-880.0,
-1320.0,-880.0,
-1280.0,-880.0,
-1240.0,-880.0,
-1200.0,-880.0,114.314804
-1160.0,-880.0,109.80166
-1120.0,-880.0,105.411663
-1080.0,-880.0,101.1459
-1040.0,-880.0,97.004336
-1000.0,-880.0,92.987928
-960.0,-880.0,89.096623
-920.0,-880.0,85.330951
-880.0,-880.0,81.691323
-840.0,-880.0,78.177966
-800.0,-880.0,74.791096
-760.0,-880.0,71.530913
-720.0,-880.0,68.397604
-680.0,-880.0,65.391343
-640.0,-880.0,62.512284
-600.0,-880.0,59.760567
-560.0,-880.0,57.136309
-520.0,-880.0,54.639608
-480.0,-880.0,52.27028
-440.0,-880.0,50.028574
-400.0,-880.0,47.914477
-360.0,-880.0,45.927791
-320.0,-880.0,44.068675
-280.0,-880.0,42.336879
-240.0,-880.0,40.732355
-200.0,-880.0,39.255044
-160.0,-880.0,37.904639
-120.0,-880.0,36.680969
-80.0,-880.0,35.583875
-40.0,-880.0,34.613094
0.0,-880.0,33.768356
40.0,-880.0,33.049552
80.0,-880.0,32.462728
120.0,-880.0,32.02699
160.0,-880.0,31.773969
200.0,-880.0,31.747549
240.0,-880.0,32.003185
280.0,-880.0,32.541769
320.0,-880.0,33.215068
360.0,-880.0,34.012941
400.0,-880.0,34.935917
440.0,-880.0,35.983921
480.0,-880.0,37.157416
520.0,-880.0,38.456189
560.0,-880.0,39.880699
600.0,-880.0,41.431003
640.0,-880.0,43.106859
680.0,-880.0,44.90853
720.0,-880.0,46.835954
760.0,-880.0,48.889024
800.0,-880.0,51.067596
840.0,-880.0,53.371483
880.0,-880.0,55.800465
920.0,-880.0,58.354287
960.0,-880.0,61.032661
1000.0,-880.0,63.835272
1040.0,-880.0,66.761359
1080.0,-880.0,69.810799
1120.0,-880.0,72.983242
1160.0,-880.0,76.277607
1200.0,-880.0,79.693788
1240.0,-880.0,83.230832
1280.0,-880.0,86.888262
1320.0,-880.0,90.664934
1360.0,-880.0,94.560584
1400.0,-880.0,98.573714
1440.0,-880.0,102.703589
1480.0,-880.0,
1520.0,-880.0,
1560.0,-880.0,
-1560.0,-840.0,
-1520.0,-840.0,
-1480.0,-840.0,
-1440.0,-840.0,
-1400.0,-840.0,
-1360.0,-840.0,
-1320.0,-840.0,
-1280.0,-840.0,
-1240.0,-840.0,
-1200.0,-840.0,116.912969
-1160.0,-840.0,112.183174
-1120.0,-840.0,107.582839
-1080.0,-840.0,103.112177
-1040.0,-840.0,98.771902
-1000.0,-840.0,94.562392
-960.0,-840.0,90.484329
-920.0,-840.0,86.537618
-880.0,-840.0,82.723053
-840.0,-840.0,79.040869
-800.0,-840.0,75.491289
-760.0,-840.0,72.074454
-720.0,-840.0,68.790662
-680.0,-840.0,65.640129
-640.0,-840.0,62.622996
-600.0,-840.0,59.739294
-560.0,-840.0,56.989227
-520.0,-840.0,54.372904
-480.0,-840.0,51.89041
-440.0,-840.0,49.541582
-400.0,-840.0,47.326574
-360.0,-840.0,45.245374
-320.0,-840.0,43.297798
-280.0,-840.0,41.483891
-240.0,-840.0,39.803502
-200.0,-840.0,38.256371
-160.0,-840.0,36.842458
-120.0,-840.0,35.561511
-80.0,-840.0,34.413235
-40.0,-840.0,33.397297
0.0,-840.0,32.513465
40.0,-840.0,31.761615
80.0,-840.0,31.148118
120.0,-840.0,30.692872
160.0,-840.0,30.428895
200.0,-840.0,30.402062
240.0,-840.0,30.670428
280.0,-840.0,31.234144
320.0,-840.0,31.938473
360.0,-840.0,32.77356
400.0,-840.0,33.739357
440.0,-840.0,34.836438
480.0,-840.0,36.064648
520.0,-840.0,37.424512
560.0,-840.0,38.916093
600.0,-840.0,40.539316
640.0,-840.0,42.294443
680.0,-840.0,44.181453
720.0,-840.0,46.200277
760.0,-840.0,48.350799
800.0,-840.0,50.632853
840.0,-840.0,53.046235
880.0,-840.0,55.590698
920.0,-840.0,58.26596
960.0,-840.0,61.071706
1000.0,-840.0,64.007352
1040.0,-840.0,67.072417
1080.0,-840.0,70.266714
1120.0,-840.0,73.589286
1160.0,-840.0,77.039745
1200.0,-840.0,80.617321
1240.0,-840.0,84.321383
1280.0,-840.0,88.150815
1320.0,-840.0,92.105252
1360.0,-840.0,96.18337
1400.0,-840.0,100.384072
1440.0,-840.0,104.706586
1480.0,-840.0,109.149692
1520.0,-840.0,
1560.0,-840.0,
-1600.0,-800.0,
-1560.0,-800.0,
-1520.0,-800.0,
-1480.0,-800.0,
-1440.0,-800.0,
-1400.0,-800.0,
-1360.0,-800.0,
-1320.0,-800.0,
-1280.0,-800.0,
-1240.0,-800.0,125.013859
-1200.0,-800.0,119.911518
-1160.0,-800.0,114.943997
-1120.0,-800.0,110.111683
-1080.0,-800.0,105.415765
-1040.0,-800.0,100.856659
-1000.0,-800.0,96.434747
-960.0,-800.0,92.150779
-920.0,-800.0,88.005031
-880.0,-800.0,83.997839
-840.0,-800.0,80.129767
-800.0,-800.0,76.401045
-760.0,-800.0,72.811741
-720.0,-800.0,69.362262
-680.0,-800.0,66.052822
-640.0,-800.0,62.883586
-600.0,-800.0,59.854704
-560.0,-800.0,56.96626
-520.0,-800.0,54.218265
-480.0,-800.0,51.610924
-440.0,-800.0,49.144307
-400.0,-800.0,46.81826
-360.0,-800.0,44.632861
-320.0,-800.0,42.588074
-280.0,-800.0,40.683742
-240.0,-800.0,38.919767
-200.0,-800.0,37.296076
-160.0,-800.0,35.812261
-120.0,-800.0,34.468206
-80.0,-800.0,33.263627
-40.0,-800.0,32.198175
0.0,-800.0,31.27148
40.0,-800.0,30.483391
80.0,-800.0,29.840622
120.0,-800.0,29.364033
160.0,-800.0,29.088227
200.0,-800.0,29.061149
240.0,-800.0,29.343282
280.0,-800.0,29.934392
320.0,-800.0,30.673035
360.0,-800.0,31.548548
400.0,-800.0,32.561631
440.0,-800.0,33.712185
480.0,-800.0,35.000827
520.0,-800.0,36.427654
560.0,-800.0,37.992753
600.0,-800.0,39.696411
640.0,-800.0,41.538665
680.0,-800.0,43.519497
720.0,-800.0,45.638824
760.0,-800.0,47.896515
800.0,-800.0,50.292381
840.0,-800.0,52.826191
880.0,-800.0,55.49767
920.0,-800.0,58.306504
960.0,-800.0,61.252269
1000.0,-800.0,64.334159
1040.0,-800.0,67.552129
1080.0,-800.0,70.905329
1120.0,-800.0,74.393119
1160.0,-800.0,78.014875
1200.0,-800.0,81.769848
1240.0,-800.0,85.6569
1280.0,-800.0,89.675584
1320.0,-800.0,93.824782
1360.0,-800.0,98.102959
1400.0,-800.0,102.509443
1440.0,-800.0,107.04296
1480.0,-800.0,111.70216
1520.0,-800.0,
1560.0,-800.0,
1600.0,-800.0,
-1600.0,-760.0,
-1560.0,-760.0,
-1520.0,-760.0,
-1480.0,-760.0,
-1440.0,-760.0,
-1400.0,-760.0,
-1360.0,-760.0,
-1320.0,-760.0,
-1280.0,-760.0,134.260111
-1240.0,-760.0,128.746985
-1200.0,-760.0,123.374582
-1160.0,-760.0,118.143853
-1120.0,-760.0,113.055648
-1080.0,-760.0,108.110334
-1040.0,-760.0,103.309087
-1000.0,-760.0,98.652504
-960.0,-760.0,94.140678
-920.0,-760.0,89.774694
-880.0,-760.0,85.554452
-840.0,-760.0,81.480687
-800.0,-760.0,77.553749
-760.0,-760.0,73.773702
-720.0,-760.0,70.140912
-680.0,-760.0,66.655668
-640.0,-760.0,63.318146
-600.0,-760.0,60.128504
-560.0,-760.0,57.086883
-520.0,-760.0,54.193406
-480.0,-760.0,51.448014
-440.0,-760.0,48.850867
-400.0,-760.0,46.402064
-360.0,-760.0,44.101443
-320.0,-760.0,41.949029
-280.0,-760.0,39.944729
-240.0,-760.0,38.088428
-200.0,-760.0,36.379856
-160.0,-760.0,34.818923
-120.0,-760.0,33.405314
-80.0,-760.0,32.138576
-40.0,-760.0,31.018436
0.0,-760.0,30.044465
40.0,-760.0,29.216482
80.0,-760.0,28.541562
120.0,-760.0,28.041573
160.0,-760.0,27.752692
200.0,-760.0,27.725212
240.0,-760.0,28.022638
280.0,-760.0,28.643984
320.0,-760.0,29.420053
360.0,-760.0,30.340445
400.0,-760.0,31.405236
440.0,-760.0,32.615104
480.0,-760.0,33.970236
520.0,-760.0,35.47088
560.0,-760.0,37.117382
600.0,-760.0,38.909858
640.0,-760.0,40.848355
680.0,-760.0,42.932845
720.0,-760.0,45.163233
760.0,-760.0,47.539362
800.0,-760.0,50.061018
840.0,-760.0,52.727934
880.0,-760.0,55.5398
920.0,-760.0,58.496265
960.0,-760.0,61.596444
1000.0,-760.0,64.840201
1040.0,-760.0,68.226842
1080.0,-760.0,71.755511
1120.0,-760.0,75.425683
1160.0,-760.0,79.236533
1200.0,-760.0,83.186849
1240.0,-760.0,87.276117
1280.0,-760.0,91.503223
1320.0,-760.0,95.866831
1360.0,-760.0,100.365679
1400.0,-760.0,104.998672
1440.0,-760.0,109.764396
1480.0,-760.0,114.66136
1520.0,-760.0,119.687989
1560.0,-760.0,
1600.0,-760.0,
-1640.0,-720.0,
-1600.0,-720.0,
-1560.0,-720.0,
-1520.0,-720.0,
-1480.0,-720.0,
-1440.0,-720.0,
-1400.0,-720.0,
-1360.0,-720.0,
-1320.0,-720.0,
-1280.0,-720.0,138.873538
-1240.0,-720.0,133.052874
-1200.0,-720.0,127.380379
-1160.0,-720.0,121.85709
-1120.0,-720.0,116.483977
-1080.0,-720.0,111.261926
-1040.0,-720.0,106.191344
-1000.0,-720.0,101.273362
-960.0,-720.0,96.508687
-920.0,-720.0,91.897312
-880.0,-720.0,87.440395
-840.0,-720.0,83.137765
-800.0,-720.0,78.990299
-760.0,-720.0,74.998131
-720.0,-720.0,71.16142
-680.0,-720.0,67.480617
-640.0,-720.0,63.955904
-600.0,-720.0,60.58745
-560.0,-720.0,57.375406
-520.0,-720.0,54.319904
-480.0,-720.0,51.421058
-440.0,-720.0,48.678865
-400.0,-720.0,46.093328
-360.0,-720.0,43.664604
-320.0,-720.0,41.392504
-280.0,-720.0,39.27702
-240.0,-720.0,37.317972
-200.0,-720.0,35.515289
-160.0,-720.0,33.868501
-120.0,-720.0,32.377488
-80.0,-720.0,31.041846
-40.0,-720.0,29.861117
0.0,-720.0,28.834789
40.0,-720.0,27.962635
80.0,-720.0,27.252121
120.0,-720.0,26.726206
160.0,-720.0,26.423019
200.0,-720.0,26.395339
240.0,-720.0,26.70958
280.0,-720.0,27.364189
320.0,-720.0,28.181911
360.0,-720.0,29.151597
400.0,-720.0,30.273978
440.0,-720.0,31.549381
480.0,-720.0,32.978227
520.0,-720.0,34.56096
560.0,-720.0,36.297806
600.0,-720.0,38.18889
640.0,-720.0,40.234223
680.0,-720.0,42.433874
720.0,-720.0,44.787732
760.0,-720.0,47.295471
800.0,-720.0,49.956909
840.0,-720.0,52.77174
880.0,-720.0,55.739611
920.0,-720.0,58.859765
960.0,-720.0,62.131781
1000.0,-720.0,65.555156
1040.0,-720.0,69.128851
1080.0,-720.0,72.852397
1120.0,-720.0,76.724932
1160.0,-720.0,80.745112
1200.0,-720.0,84.912374
1240.0,-720.0,89.225548
1280.0,-720.0,93.683379
1320.0,-720.0,98.284529
1360.0,-720.0,103.027574
1400.0,-720.0,107.911009
1440.0,-720.0,112.933245
1480.0,-720.0,118.092609
1520.0,-720.0,123.387345
1560.0,-720.0,128.815612
1600.0,-720.0,
1640.0,-720.0,
-1640.0,-680.0,
-1600.0,-680.0,
-1560.0,-680.0,
-1520.0,-680.0,
-1480.0,-680.0,
-1440.0,-680.0,
-1400.0,-680.0,
-1360.0,-680.0,
-1320.0,-680.0,150.517069
-1280.0,-680.0,144.19788
-1240.0,-680.0,138.033794
-1200.0,-680.0,132.025726
-1160.0,-680.0,126.175295
-1120.0,-680.0,120.483578
-1080.0,-680.0,114.951559
-1040.0,-680.0,109.580129
-1000.0,-680.0,104.369802
-960.0,-680.0,99.321625
-920.0,-680.0,94.436312
-880.0,-680.0,89.71404
-840.0,-680.0,85.155659
-800.0,-680.0,80.761335
-760.0,-680.0,76.531759
-720.0,-680.0,72.466879
-680.0,-680.0,68.567215
-640.0,-680.0,64.833019
-600.0,-680.0,61.264465
-560.0,-680.0,57.861714
-520.0,-680.0,54.62491
-480.0,-680.0,51.55418
-440.0,-680.0,48.649625
-400.0,-680.0,45.911282
-360.0,-680.0,43.339028
-320.0,-680.0,40.933055
-280.0,-680.0,38.693133
-240.0,-680.0,36.619234
-200.0,-680.0,34.711056
-160.0,-680.0,32.968478
-120.0,-680.0,31.39107
-80.0,-680.0,29.978384
-40.0,-680.0,28.729984
0.0,-680.0,27.645272
40.0,-680.0,26.723964
80.0,-680.0,25.973937
120.0,-680.0,25.41936
160.0,-680.0,25.100352
200.0,-680.0,25.072346
240.0,-680.0,25.405372
280.0,-680.0,26.097019
320.0,-680.0,26.960791
360.0,-680.0,27.985579
400.0,-680.0,29.171907
440.0,-680.0,30.520381
480.0,-680.0,32.031602
520.0,-680.0,33.705948
560.0,-680.0,35.543575
600.0,-680.0,37.544774
640.0,-680.0,39.709613
680.0,-680.0,42.038044
720.0,-680.0,44.529905
760.0,-680.0,47.184776
800.0,-680.0,50.002486
840.0,-680.0,52.982678
880.0,-680.0,56.124707
920.0,-680.0,59.427892
960.0,-680.0,62.891887
1000.0,-680.0,66.515498
1040.0,-680.0,70.298264
1080.0,-680.0,74.239332
1120.0,-680.0,78.337159
1160.0,-680.0,82.591153
1200.0,-680.0,87.000079
1240.0,-680.0,91.562613
1280.0,-680.0,96.277342
1320.0,-680.0,101.142767
1360.0,-680.0,106.1573
1400.0,-680.0,111.319267
1440.0,-680.0,116.626904
1480.0,-680.0,122.077626
1520.0,-680.0,127.669727
1560.0,-680.0,133.401381
1600.0,-680.0,
1640.0,-680.0,
-1680.0,-640.0,
-1640.0,-640.0,
-1600.0,-640.0,
-1560.0,-640.0,
-1520.0,-640.0,
-1480.0,-640.0,
-1440.0,-640.0,
-1400.0,-640.0,
-1360.0,-640.0,
-1320.0,-640.0,157.082699
-1280.0,-640.0,150.368124
-1240.0,-640.0,143.816971
-1200.0,-640.0,137.431576
-1160.0,-640.0,131.213181
-1120.0,-640.0,125.162878
-1080.0,-640.0,119.281822
-1040.0,-640.0,113.57121
-1000.0,-640.0,108.031895
-960.0,-640.0,102.664576
-920.0,-640.0,97.470168
-880.0,-640.0,92.449393
-840.0,-640.0,87.602588
-800.0,-640.0,82.930336
-760.0,-640.0,78.4331
-720.0,-640.0,74.111292
-680.0,-640.0,69.965015
-640.0,-640.0,65.994789
-600.0,-640.0,62.20079
-560.0,-640.0,58.583186
-520.0,-640.0,55.142131
-480.0,-640.0,51.877763
-440.0,-640.0,48.7902
-400.0,-640.0,45.879535
-360.0,-640.0,43.145825
-320.0,-640.0,40.588852
-280.0,-640.0,38.208822
-240.0,-640.0,36.005443
-200.0,-640.0,33.978676
-160.0,-640.0,32.128058
-120.0,-640.0,30.453394
-80.0,-640.0,28.954185
-40.0,-640.0,27.629835
0.0,-640.0,26.479643
40.0,-640.0,25.503254
80.0,-640.0,24.708981
120.0,-640.0,24.12233
160.0,-640.0,23.785707
200.0,-640.0,23.757644
240.0,-640.0,24.111641
280.0,-640.0,24.844537
320.0,-640.0,25.759957
360.0,-640.0,26.846272
400.0,-640.0,28.104306
440.0,-640.0,29.534887
480.0,-640.0,31.138543
520.0,-640.0,32.915701
560.0,-640.0,34.866788
600.0,-640.0,36.991969
640.0,-640.0,39.291283
680.0,-640.0,41.764645
720.0,-640.0,44.411747
760.0,-640.0,47.232218
800.0,-640.0,50.225809
840.0,-640.0,53.391971
880.0,-640.0,56.729785
920.0,-640.0,60.239022
960.0,-640.0,63.918369
1000.0,-640.0,67.767314
1040.0,-640.0,71.784942
1080.0,-640.0,75.9698
1120.0,-640.0,80.320923
1160.0,-640.0,84.837123
1200.0,-640.0,89.516995
1240.0,-640.0,94.359042
1280.0,-640.0,99.361678
1320.0,-640.0,104.523222
1360.0,-640.0,109.84132
1400.0,-640.0,115.314303
1440.0,-640.0,120.940318
1480.0,-640.0,126.716266
1520.0,-640.0,132.640245
1560.0,-640.0,138.709085
1600.0,-640.0,144.920604
1640.0,-640.0,
1680.0,-640.0,
-1680.0,-600.0,
-1640.0,-600.0,
-1600.0,-600.0,
-1560.0,-600.0,
-1520.0,-600.0,
-1480.0,-600.0,
-1440.0,-600.0,
-1400.0,-600.0,
-1360.0,-600.0,172.05255
-1320.0,-600.0,164.717811
-1280.0,-600.0,157.555169
-1240.0,-600.0,150.565748
-1200.0,-600.0,143.752601
-1160.0,-600.0,137.116291
-1120.0,-600.0,130.659121
-1080.0,-600.0,124.382302
-1040.0,-600.0,118.286941
-1000.0,-600.0,112.374074
-960.0,-600.0,106.644659
-920.0,-600.0,101.099577
-880.0,-600.0,95.739631
-840.0,-600.0,90.565548
-800.0,-600.0,85.577798
-760.0,-600.0,80.776743
-720.0,-600.0,76.163093
-680.0,-600.0,71.736954
-640.0,-600.0,67.498742
-600.0,-600.0,63.448796
-560.0,-600.0,59.587283
-520.0,-600.0,55.914362
-480.0,-600.0,52.430182
-440.0,-600.0,49.134876
-400.0,-600.0,46.028554
-360.0,-600.0,43.111301
-320.0,-600.0,40.383163
-280.0,-600.0,37.84391
-240.0,-600.0,35.49368
-200.0,-600.0,33.332118
-160.0,-600.0,31.359119
-120.0,-600.0,29.574164
-80.0,-600.0,27.976799
-40.0,-600.0,26.566401
0.0,-600.0,25.342156
40.0,-600.0,24.303616
80.0,-600.0,23.459572
120.0,-600.0,22.837006
160.0,-600.0,22.480804
200.0,-600.0,22.452642
240.0,-600.0,22.830333
280.0,-600.0,23.609633
320.0,-600.0,24.583078
360.0,-600.0,25.738779
400.0,-600.0,27.077875
440.0,-600.0,28.601133
480.0,-600.0,30.309353
520.0,-600.0,32.203129
560.0,-600.0,34.282805
600.0,-600.0,36.548542
640.0,-600.0,39.000343
680.0,-600.0,41.63807
720.0,-600.0,44.461144
760.0,-600.0,47.469416
800.0,-600.0,50.662413
840.0,-600.0,54.039011
880.0,-600.0,57.599047
920.0,-600.0,61.341122
960.0,-600.0,65.264616
1000.0,-600.0,69.368525
1040.0,-600.0,73.651621
1080.0,-600.0,78.112381
1120.0,-600.0,82.749705
1160.0,-600.0,87.562103
1200.0,-600.0,92.547888
1240.0,-600.0,97.705077
1280.0,-600.0,103.032036
1320.0,-600.0,108.526856
1360.0,-600.0,114.187026
1400.0,-600.0,120.009981
1440.0,-600.0,125.993697
1480.0,-600.0,132.13466
1520.0,-600.0,138.430318
1560.0,-600.0,144.877712
1600.0,-600.0,151.472672
1640.0,-600.0,
1680.0,-600.0,
-1680.0,-560.0,
-1640.0,-560.0,
-1600.0,-560.0,
-1560.0,-560.0,
-1520.0,-560.0,
-1480.0,-560.0,
-1440.0,-560.0,
-1400.0,-560.0,
-1360.0,-560.0,181.512019
-1320.0,-560.0,173.654606
-1280.0,-560.0,165.979624
-1240.0,-560.0,158.489691
-1200.0,-560.0,151.187069
-1160.0,-560.0,144.07321
-1120.0,-560.0,137.150791
-1080.0,-560.0,130.420654
-1040.0,-560.0,123.884709
-1000.0,-560.0,117.54423
-960.0,-560.0,111.400255
-920.0,-560.0,105.453746
-880.0,-560.0,99.705584
-840.0,-560.0,94.156573
-800.0,-560.0,88.807435
-760.0,-560.0,83.658751
-720.0,-560.0,78.710699
-680.0,-560.0,73.964193
-640.0,-560.0,69.419063
-600.0,-560.0,65.076004
-560.0,-560.0,60.935186
-520.0,-560.0,56.99674
-480.0,-560.0,53.260836
-440.0,-560.0,49.727695
-400.0,-560.0,46.397378
-360.0,-560.0,43.269963
-320.0,-560.0,40.345558
-280.0,-560.0,37.624194
-240.0,-560.0,35.105621
-200.0,-560.0,32.789917
-160.0,-560.0,30.676622
-120.0,-560.0,28.765522
-80.0,-560.0,27.056043
-40.0,-560.0,25.547403
0.0,-560.0,24.238711
40.0,-560.0,23.129436
80.0,-560.0,22.228872
120.0,-560.0,21.565583
160.0,-560.0,21.187252
200.0,-560.0,21.159383
240.0,-560.0,21.563944
280.0,-560.0,22.395729
320.0,-560.0,23.434973
360.0,-560.0,24.669623
400.0,-560.0,26.100818
440.0,-560.0,27.729823
480.0,-560.0,29.557533
520.0,-560.0,31.584553
560.0,-560.0,33.811242
600.0,-560.0,36.237731
640.0,-560.0,38.863962
680.0,-560.0,41.689511
720.0,-560.0,44.713993
760.0,-560.0,47.93707
800.0,-560.0,51.357519
840.0,-560.0,54.975112
880.0,-560.0,58.78842
920.0,-560.0,62.796649
960.0,-560.0,66.998709
1000.0,-560.0,71.393277
1040.0,-560.0,75.978926
1080.0,-560.0,80.754126
1120.0,-560.0,85.717244
1160.0,-560.0,90.866547
1200.0,-560.0,96.200201
1240.0,-560.0,101.716096
1280.0,-560.0,107.411368
1320.0,-560.0,113.284553
1360.0,-560.0,119.331836
1400.0,-560.0,125.55148
1440.0,-560.0,131.939376
1480.0,-560.0,138.492587
1520.0,-560.0,145.207676
1560.0,-560.0,152.080648
1600.0,-560.0,159.107265
1640.0,-560.0,166.283051
1680.0,-560.0,
-1720.0,-520.0,
-1680.0,-520.0,
-1640.0,-520.0,
-1600.0,-520.0,
-1560.0,-520.0,
-1520.0,-520.0,
-1480.0,-520.0,
-1440.0,-520.0,
-1400.0,-520.0,201.307991
-1360.0,-520.0,192.657227
-1320.0,-520.0,184.19757
-1280.0,-520.0,175.932237
-1240.0,-520.0,167.864235
-1200.0,-520.0,159.996364
-1160.0,-520.0,152.331205
-1120.0,-520.0,144.870815
-1080.0,-520.0,137.617022
-1040.0,-520.0,130.572049
-1000.0,-520.0,123.736994
-960.0,-520.0,117.113397
-920.0,-520.0,110.702563
-880.0,-520.0,104.505444
-840.0,-520.0,98.522913
-800.0,-520.0,92.755764
-760.0,-520.0,87.204707
-720.0,-520.0,81.870375
-680.0,-520.0,76.752886
-640.0,-520.0,71.853101
-600.0,-520.0,67.171002
-560.0,-520.0,62.707154
-520.0,-520.0,58.461653
-480.0,-520.0,54.434636
-440.0,-520.0,50.626387
-400.0,-520.0,47.037032
-360.0,-520.0,43.666689
-320.0,-520.0,40.515329
-280.0,-520.0,37.583099
-240.0,-520.0,34.870028
-200.0,-520.0,32.375833
-160.0,-520.0,30.100511
-120.0,-520.0,28.043524
-80.0,-520.0,26.204425
-40.0,-520.0,24.582432
0.0,-520.0,23.176483
40.0,-520.0,21.985891
80.0,-520.0,21.020527
120.0,-520.0,20.310877
160.0,-520.0,19.907648
200.0,-520.0,19.880212
240.0,-520.0,20.315648
280.0,-520.0,21.20727
320.0,-520.0,22.32189
360.0,-520.0,23.646872
400.0,-520.0,25.184101
440.0,-520.0,26.934956
480.0,-520.0,28.90046
520.0,-520.0,31.081281
560.0,-520.0,33.477758
600.0,-520.0,36.089955
640.0,-520.0,38.917616
680.0,-520.0,41.960149
720.0,-520.0,45.217291
760.0,-520.0,48.687813
800.0,-520.0,52.371286
840.0,-520.0,56.26631
880.0,-520.0,60.371831
920.0,-520.0,64.686683
960.0,-520.0,69.209423
1000.0,-520.0,73.9385
1040.0,-520.0,78.872257
1080.0,-520.0,84.008932
1120.0,-520.0,89.346639
1160.0,-520.0,94.882547
1200.0,-520.0,100.615147
1240.0,-520.0,106.541451
1280.0,-520.0,112.658889
1320.0,-520.0,118.964061
1360.0,-520.0,125.454301
1400.0,-520.0,132.125919
1440.0,-520.0,138.974592
1480.0,-520.0,145.996673
1520.0,-520.0,153.187821
1560.0,-520.0,160.54336
1600.0,-520.0,168.057551
1640.0,-520.0,175.725557
1680.0,-520.0,
1720.0,-520.0,
-1720.0,-480.0,
-1680.0,-480.0,
-1640.0,-480.0,
-1600.0,-480.0,
-1560.0,-480.0,
-1520.0,-480.0,
-1480.0,-480.0,
-1440.0,-480.0,
-1400.0,-480.0,215.282137
-1360.0,-480.0,205.916905
-1320.0,-480.0,196.755543
-1280.0,-480.0,187.801594
-1240.0,-480.0,179.058956
-1200.0,-480.0,170.53129
-1160.0,-480.0,162.221575
-1120.0,-480.0,154.132567
-1080.0,-480.0,146.266797
-1040.0,-480.0,138.626111
-1000.0,-480.0,131.212658
-960.0,-480.0,124.028221
-920.0,-480.0,117.074094
-880.0,-480.0,110.351466
-840.0,-480.0,103.86163
-800.0,-480.0,97.605435
-760.0,-480.0,91.583648
-720.0,-480.0,85.796955
-680.0,-480.0,80.245961
-640.0,-480.0,74.930884
-600.0,-480.0,69.852365
-560.0,-480.0,65.010586
-520.0,-480.0,60.405959
-480.0,-480.0,56.038441
-440.0,-480.0,51.908412
-400.0,-480.0,48.016015
-360.0,-480.0,44.36138
-320.0,-480.0,40.944634
-280.0,-480.0,37.765802
-240.0,-480.0,34.824943
-200.0,-480.0,32.122129
-160.0,-480.0,29.657021
-120.0,-480.0,27.429498
-80.0,-480.0,25.438975
-40.0,-480.0,23.684585
0.0,-480.0,22.165236
40.0,-480.0,20.880105
80.0,-480.0,19.839708
120.0,-480.0,19.076554
160.0,-480.0,18.644769
200.0,-480.0,18.618389
240.0,-480.0,19.089483
280.0,-480.0,20.050124
320.0,-480.0,21.251635
360.0,-480.0,22.681578
400.0,-480.0,24.342126
440.0,-480.0,26.234967
480.0,-480.0,28.361272
520.0,-480.0,30.721728
560.0,-480.0,33.316604
600.0,-480.0,36.145831
640.0,-480.0,39.208654
680.0,-480.0,42.504858
720.0,-480.0,46.033164
760.0,-480.0,49.792932
800.0,-480.0,53.782791
840.0,-480.0,58.001335
880.0,-480.0,62.447315
920.0,-480.0,67.11914
960.0,-480.0,72.015107
1000.0,-480.0,77.133393
1040.0,-480.0,82.471475
1080.0,-480.0,88.027662
1120.0,-480.0,93.799575
1160.0,-480.0,99.783895
1200.0,-480.0,105.978461
1240.0,-480.0,112.379841
1280.0,-480.0,118.984233
1320.0,-480.0,125.788412
1360.0,-480.0,132.788254
1400.0,-480.0,139.979359
1440.0,-480.0,147.357048
1480.0,-480.0,154.916367
1520.0,-480.0,162.651835
1560.0,-480.0,170.556814
1600.0,-480.0,178.626359
1640.0,-480.0,186.852652
1680.0,-480.0,
1720.0,-480.0,
-1720.0,-440.0,
-1680.0,-440.0,
-1640.0,-440.0,
-1600.0,-440.0,
-1560.0,-440.0,
-1520.0,-440.0,
-1480.0,-440.0,
-1440.0,-440.0,
-1400.0,-440.0,232.085114
-1360.0,-440.0,221.878263
-1320.0,-440.0,211.888627
-1280.0,-440.0,202.121422
-1240.0,-440.0,192.581221
-1200.0,-440.0,183.272991
-1160.0,-440.0,174.200367
-1120.0,-440.0,165.366537
-1080.0,-440.0,156.775009
-1040.0,-440.0,148.428468
-1000.0,-440.0,140.329363
-960.0,-440.0,132.479321
-920.0,-440.0,124.88074
-880.0,-440.0,117.534971
-840.0,-440.0,110.443433
-800.0,-440.0,103.606973
-760.0,-440.0,97.026829
-720.0,-440.0,90.703715
-680.0,-440.0,84.638271
-640.0,-440.0,78.831055
-600.0,-440.0,73.282339
-560.0,-440.0,67.992577
-520.0,-440.0,62.962092
-480.0,-440.0,58.191052
-440.0,-440.0,53.679596
-400.0,-440.0,49.427999
-360.0,-440.0,45.436389
-320.0,-440.0,41.704911
-280.0,-440.0,38.233716
-240.0,-440.0,35.022884
-200.0,-440.0,32.072435
-160.0,-440.0,29.382452
-120.0,-440.0,26.952581
-80.0,-440.0,24.78249
-40.0,-440.0,22.871377
0.0,-440.0,21.217989
40.0,-440.0,19.821381
80.0,-440.0,18.692822
120.0,-440.0,17.867266
160.0,-440.0,17.402712
200.0,-440.0,17.377899
240.0,-440.0,17.890933
280.0,-440.0,18.931749
320.0,-440.0,20.235119
360.0,-440.0,21.788377
400.0,-440.0,23.594302
440.0,-440.0,25.654919
480.0,-440.0,27.971506
520.0,-440.0,30.544689
560.0,-440.0,33.374574
600.0,-440.0,36.460504
640.0,-440.0,39.802071
680.0,-440.0,43.397955
720.0,-440.0,47.247277
760.0,-440.0,51.348604
800.0,-440.0,55.700319
840.0,-440.0,60.300812
880.0,-440.0,65.148249
920.0,-440.0,70.240633
960.0,-440.0,75.575962
1000.0,-440.0,81.152087
1040.0,-440.0,86.965779
1080.0,-440.0,93.01512
1120.0,-440.0,99.296065
1160.0,-440.0,105.806075
1200.0,-440.0,112.541351
1240.0,-440.0,119.497801
1280.0,-440.0,126.671035
1320.0,-440.0,134.056365
1360.0,-440.0,141.648806
1400.0,-440.0,149.443069
1440.0,-440.0,157.433367
1480.0,-440.0,165.612146
1520.0,-440.0,173.974311
1560.0,-440.0,182.510521
1600.0,-440.0,191.214238
1640.0,-440.0,200.076802
1680.0,-440.0,209.088854
1720.0,-440.0,
-1720.0,-400.0,
-1680.0,-400.0,
-1640.0,-400.0,
-1600.0,-400.0,
-1560.0,-400.0,
-1520.0,-400.0,
-1480.0,-400.0,
-1440.0,-400.0,264.021684
-1400.0,-400.0,252.584417
-1360.0,-400.0,241.370397
-1320.0,-400.0,230.388547
-1280.0,-400.0,219.64563
-1240.0,-400.0,209.147943
-1200.0,-400.0,198.901319
-1160.0,-400.0,188.910685
-1120.0,-400.0,179.180458
-1080.0,-400.0,169.715047
-1040.0,-400.0,160.517983
-1000.0,-400.0,151.591979
-960.0,-400.0,142.940024
-920.0,-400.0,134.564332
-880.0,-400.0,126.466876
-840.0,-400.0,118.649626
-800.0,-400.0,111.113689
-760.0,-400.0,103.860525
-720.0,-400.0,96.890636
-680.0,-400.0,90.205143
-640.0,-400.0,83.804594
-600.0,-400.0,77.689468
-560.0,-400.0,71.860033
-520.0,-400.0,66.316582
-480.0,-400.0,61.059508
-440.0,-400.0,56.08874
-400.0,-400.0,51.404598
-360.0,-400.0,47.007224
-320.0,-400.0,42.896754
-280.0,-400.0,39.073367
-240.0,-400.0,35.537262
-200.0,-400.0,32.288595
-160.0,-400.0,29.327405
-120.0,-400.0,26.653765
-80.0,-400.0,24.267328
-40.0,-400.0,22.167424
0.0,-400.0,20.352854
40.0,-400.0,18.822613
80.0,-400.0,17.588899
120.0,-400.0,16.689429
160.0,-400.0,16.18645
200.0,-400.0,16.164342
240.0,-400.0,16.727058
280.0,-400.0,17.862671
320.0,-400.0,19.286984
360.0,-400.0,20.987473
400.0,-400.0,22.967649
440.0,-400.0,25.229854
480.0,-400.0,27.775362
520.0,-400.0,30.604592
560.0,-400.0,33.717024
600.0,-400.0,37.112046
640.0,-400.0,40.788209
680.0,-400.0,44.744331
720.0,-400.0,48.978722
760.0,-400.0,53.489542
800.0,-400.0,58.274829
840.0,-400.0,63.332511
880.0,-400.0,68.66041
920.0,-400.0,74.255749
960.0,-400.0,80.11597
1000.0,-400.0,86.238045
1040.0,-400.0,92.619012
1080.0,-400.0,99.254647
1120.0,-400.0,106.141457
1160.0,-400.0,113.275199
1200.0,-400.0,120.651215
1240.0,-400.0,128.264449
1280.0,-400.0,136.108647
1320.0,-400.0,144.178699
1360.0,-400.0,152.467837
1400.0,-400.0,160.968624
1440.0,-400.0,169.673549
1480.0,-400.0,178.574755
1520.0,-400.0,187.663048
1560.0,-400.0,196.928649
1600.0,-400.0,206.361185
1640.0,-400.0,215.949698
1680.0,-400.0,225.682637
1720.0,-400.0,
-1760.0,-360.0,
-1720.0,-360.0,
-1680.0,-360.0,
-1640.0,-360.0,
-1600.0,-360.0,
-1560.0,-360.0,
-1520.0,-360.0,
-1480.0,-360.0,
-1440.0,-360.0,290.718329
-1400.0,-360.0,278.042712
-1360.0,-360.0,265.603653
-1320.0,-360.0,253.412005
-1280.0,-360.0,241.47717
-1240.0,-360.0,229.807536
-1200.0,-360.0,218.410855
-1160.0,-360.0,207.294254
-1120.0,-360.0,196.463733
-1080.0,-360.0,185.924786
-1040.0,-360.0,175.681955
-1000.0,-360.0,165.739378
-960.0,-360.0,156.100814
-920.0,-360.0,146.769385
-880.0,-360.0,137.74752
-840.0,-360.0,129.037395
-800.0,-360.0,120.640919
-760.0,-360.0,112.559738
-720.0,-360.0,104.79469
-680.0,-360.0,97.347104
-640.0,-360.0,90.217303
-600.0,-360.0,83.406021
-560.0,-360.0,76.913657
-520.0,-360.0,70.740397
-480.0,-360.0,64.886374
-440.0,-360.0,59.351923
-400.0,-360.0,54.136865
-360.0,-360.0,49.241522
-320.0,-360.0,44.665961
-280.0,-360.0,40.41034
-240.0,-360.0,36.474898
-200.0,-360.0,32.859938
-160.0,-360.0,29.565733
-120.0,-360.0,26.592426
-80.0,-360.0,23.940085
-40.0,-360.0,21.608297
0.0,-360.0,19.59597
40.0,-360.0,17.902174
80.0,-360.0,16.540348
120.0,-360.0,15.551592
160.0,-360.0,15.003138
200.0,-360.0,14.984978
240.0,-360.0,15.60796
280.0,-360.0,16.857288
320.0,-360.0,18.427885
360.0,-360.0,20.307719
400.0,-360.0,22.501065
440.0,-360.0,25.010427
480.0,-360.0,27.836856
520.0,-360.0,30.980034
560.0,-360.0,34.43915
600.0,-360.0,38.212467
640.0,-360.0,42.2984
680.0,-360.0,46.694869
720.0,-360.0,51.399654
760.0,-360.0,56.410429
800.0,-360.0,61.724566
840.0,-360.0,67.339139
880.0,-360.0,73.251658
920.0,-360.0,79.458264
960.0,-360.0,85.955758
1000.0,-360.0,92.740276
1040.0,-360.0,99.807447
1080.0,-360.0,107.152557
1120.0,-360.0,114.770548
1160.0,-360.0,122.656009
1200.0,-360.0,130.801878
1240.0,-360.0,139.202558
1280.0,-360.0,147.849651
1320.0,-360.0,156.736101
1360.0,-360.0,165.852908
1400.0,-360.0,175.190425
1440.0,-360.0,184.738352
1480.0,-360.0,194.485737
1520.0,-360.0,204.420976
1560.0,-360.0,214.531809
1600.0,-360.0,224.803838
1640.0,-360.0,235.222794
1680.0,-360.0,245.772633
1720.0,-360.0,
1760.0,-360.0,
-1760.0,-320.0,
-1720.0,-320.0,
-1680.0,-320.0,
-1640.0,-320.0,
-1600.0,-320.0,
-1560.0,-320.0,
-1520.0,-320.0,
-1480.0,-320.0,
-1440.0,-320.0,324.593413
-1400.0,-320.0,310.384176
-1360.0,-320.0,296.421492
-1320.0,-320.0,282.72151
-1280.0,-320.0,269.296243
-1240.0,-320.0,256.158694
-1200.0,-320.0,243.319499
-1160.0,-320.0,230.787806
-1120.0,-320.0,218.573239
-1080.0,-320.0,206.68204
-1040.0,-320.0,195.121687
-1000.0,-320.0,183.897714
-960.0,-320.0,173.015111
-920.0,-320.0,162.477876
-880.0,-320.0,152.289676
-840.0,-320.0,142.45348
-800.0,-320.0,132.971826
-760.0,-320.0,123.846554
-720.0,-320.0,115.079233
-680.0,-320.0,106.671164
-640.0,-320.0,98.622819
-600.0,-320.0,90.935236
-560.0,-320.0,83.608523
-520.0,-320.0,76.642898
-480.0,-320.0,70.038472
-440.0,-320.0,63.795191
-400.0,-320.0,57.913165
-360.0,-320.0,52.3922
-320.0,-320.0,47.232438
-280.0,-320.0,42.433913
-240.0,-320.0,37.996826
-200.0,-320.0,33.92154
-160.0,-320.0,30.208544
-120.0,-320.0,26.858332
-80.0,-320.0,23.871283
-40.0,-320.0,21.247484
0.0,-320.0,18.986313
40.0,-320.0,17.087216
80.0,-320.0,15.56541
120.0,-320.0,14.46617
160.0,-320.0,13.8623
200.0,-320.0,13.850312
240.0,-320.0,14.547694
280.0,-320.0,15.936312
320.0,-320.0,17.688267
360.0,-320.0,19.792154
400.0,-320.0,22.252882
440.0,-320.0,25.072852
480.0,-320.0,28.252142
520.0,-320.0,31.789716
560.0,-320.0,35.68331
600.0,-320.0,39.930722
640.0,-320.0,44.529263
680.0,-320.0,49.476037
720.0,-320.0,54.767839
760.0,-320.0,60.401912
800.0,-320.0,66.374376
840.0,-320.0,72.682039
880.0,-320.0,79.320739
920.0,-320.0,86.285901
960.0,-320.0,93.572928
1000.0,-320.0,101.17637
1040.0,-320.0,109.090733
1080.0,-320.0,117.30997
1120.0,-320.0,125.825906
1160.0,-320.0,134.632002
1200.0,-320.0,143.719564
1240.0,-320.0,153.079075
1280.0,-320.0,162.700354
1320.0,-320.0,172.572402
1360.0,-320.0,182.683552
1400.0,-320.0,193.021389
1440.0,-320.0,203.570902
1480.0,-320.0,214.318216
1520.0,-320.0,225.245409
1560.0,-320.0,236.336417
1600.0,-320.0,247.572179
1640.0,-320.0,258.932509
1680.0,-320.0,270.396087
1720.0,-320.0,
1760.0,-320.0,
-1760.0,-280.0,
-1720.0,-280.0,
-1680.0,-280.0,
-1640.0,-280.0,
-1600.0,-280.0,
-1560.0,-280.0,
-1520.0,-280.0,
-1480.0,-280.0,
-1440.0,-280.0,368.853483
-1400.0,-280.0,352.694444
-1360.0,-280.0,336.785328
-1320.0,-280.0,321.149718
-1280.0,-280.0,305.806861
-1240.0,-280.0,290.77455
-1200.0,-280.0,276.069042
-1160.0,-280.0,261.703356
-1120.0,-280.0,247.691075
-1080.0,-280.0,234.042941
-1040.0,-280.0,220.768608
-1000.0,-280.0,207.876273
-960.0,-280.0,195.373032
-920.0,-280.0,183.264981
-880.0,-280.0,171.557384
-840.0,-280.0,160.254442
-800.0,-280.0,149.35933
-760.0,-280.0,138.874948
-720.0,-280.0,128.80322
-680.0,-280.0,119.14584
-640.0,-280.0,109.903806
-600.0,-280.0,101.077853
-560.0,-280.0,92.667904
-520.0,-280.0,84.674496
-480.0,-280.0,77.097282
-440.0,-280.0,69.935931
-400.0,-280.0,63.19014
-360.0,-280.0,56.859649
-320.0,-280.0,50.944121
-280.0,-280.0,45.443458
-240.0,-280.0,40.357604
-200.0,-280.0,35.686922
-160.0,-280.0,31.431913
-120.0,-280.0,27.593456
-80.0,-280.0,24.172479
-40.0,-280.0,21.169827
0.0,-280.0,18.585663
40.0,-280.0,16.420422
80.0,-280.0,14.692034
120.0,-280.0,13.451383
160.0,-280.0,12.778076
200.0,-280.0,12.775184
240.0,-280.0,13.567001
280.0,-280.0,15.131341
320.0,-280.0,17.115258
360.0,-280.0,19.508084
400.0,-280.0,22.315069
440.0,-280.0,25.537264
480.0,-280.0,29.173255
520.0,-280.0,33.22009
560.0,-280.0,37.674203
600.0,-280.0,42.531832
640.0,-280.0,47.78921
680.0,-280.0,53.442287
720.0,-280.0,59.486921
760.0,-280.0,65.91861
800.0,-280.0,72.732925
840.0,-280.0,79.924787
880.0,-280.0,87.488771
920.0,-280.0,95.418455
960.0,-280.0,103.707407
1000.0,-280.0,112.348171
1040.0,-280.0,121.332812
1080.0,-280.0,130.651945
1120.0,-280.0,140.295477
1160.0,-280.0,150.252347
1200.0,-280.0,160.510774
1240.0,-280.0,171.058125
1280.0,-280.0,181.878651
1320.0,-280.0,192.958147
1360.0,-280.0,204.278595
1400.0,-280.0,215.821434
1440.0,-280.0,227.567269
1480.0,-280.0,239.493945
1520.0,-280.0,251.578114
1560.0,-280.0,263.796167
1600.0,-280.0,276.11944
1640.0,-280.0,288.521336
1680.0,-280.0,300.969478
1720.0,-280.0,313.431619
1760.0,-280.0,
-1760.0,-240.0,
-1720.0,-240.0,
-1680.0,-240.0,
-1640.0,-240.0,
-1600.0,-240.0,
-1560.0,-240.0,
-1520.0,-240.0,
-1480.0,-240.0,
-1440.0,-240.0,429.012791
-1400.0,-240.0,410.289728
-1360.0,-240.0,391.8049
-1320.0,-240.0,373.591132
-1280.0,-240.0,355.681244
-1240.0,-240.0,338.102446
-1200.0,-240.0,320.879926
-1160.0,-240.0,304.034831
-1120.0,-240.0,287.587589
-1080.0,-240.0,271.554803
-1040.0,-240.0,255.951589
-1000.0,-240.0,240.79051
-960.0,-240.0,226.082872
-920.0,-240.0,211.837529
-880.0,-240.0,198.062329
-840.0,-240.0,184.764077
-800.0,-240.0,171.946998
-760.0,-240.0,159.615683
-720.0,-240.0,147.772998
-680.0,-240.0,136.420784
-640.0,-240.0,125.560646
-600.0,-240.0,115.193018
-560.0,-240.0,105.318289
-520.0,-240.0,95.936126
-480.0,-240.0,87.045775
-440.0,-240.0,78.646654
-400.0,-240.0,70.737685
-360.0,-240.0,63.317833
-320.0,-240.0,56.386219
-280.0,-240.0,49.942092
-240.0,-240.0,43.984901
-200.0,-240.0,38.514563
-160.0,-240.0,33.531501
-120.0,-240.0,29.036626
-80.0,-240.0,25.031491
-40.0,-240.0,21.517935
0.0,-240.0,18.49765
40.0,-240.0,15.972891
80.0,-240.0,13.966188
120.0,-240.0,12.536387
160.0,-240.0,11.771592
200.0,-240.0,11.782031
240.0,-240.0,12.698342
280.0,-240.0,14.493126
320.0,-240.0,16.786483
360.0,-240.0,19.568119
400.0,-240.0,22.84168
440.0,-240.0,26.605293
480.0,-240.0,30.854304
520.0,-240.0,35.583149
560.0,-240.0,40.786207
600.0,-240.0,46.45736
640.0,-240.0,52.591503
680.0,-240.0,59.182866
720.0,-240.0,66.225543
760.0,-240.0,73.713418
800.0,-240.0,81.640086
840.0,-240.0,89.997652
880.0,-240.0,98.778762
920.0,-240.0,107.974082
960.0,-240.0,117.573491
1000.0,-240.0,127.565813
1040.0,-240.0,137.939045
1080.0,-240.0,148.680219
1120.0,-240.0,159.77265
1160.0,-240.0,171.201211
1200.0,-240.0,182.947289
1240.0,-240.0,194.990785
1280.0,-240.0,207.310101
1320.0,-240.0,219.882146
1360.0,-240.0,232.679235
1400.0,-240.0,245.675959
1440.0,-240.0,258.840531
1480.0,-240.0,272.140653
1520.0,-240.0,285.541991
1560.0,-240.0,299.006346
1600.0,-240.0,312.493043
1640.0,-240.0,325.961241
1680.0,-240.0,339.36164
1720.0,-240.0,352.648134
1760.0,-240.0,
-1760.0,-200.0,
-1720.0,-200.0,
-1680.0,-200.0,
-1640.0,-200.0,
-1600.0,-200.0,
-1560.0,-200.0,
-1520.0,-200.0,
-1480.0,-200.0,537.949498
-1440.0,-200.0,515.572163
-1400.0,-200.0,493.310302
-1360.0,-200.0,471.230011
-1320.0,-200.0,449.388369
-1280.0,-200.0,427.839792
-1240.0,-200.0,406.630266
-1200.0,-200.0,385.80304
-1160.0,-200.0,365.394238
-1120.0,-200.0,345.437105
-1080.0,-200.0,325.960363
-1040.0,-200.0,306.988693
-1000.0,-200.0,288.543522
-960.0,-200.0,270.642822
-920.0,-200.0,253.302015
-880.0,-200.0,236.533473
-840.0,-200.0,220.347936
-800.0,-200.0,204.752556
-760.0,-200.0,189.754281
-720.0,-200.0,175.35727
-680.0,-200.0,161.564571
-640.0,-200.0,148.377876
-600.0,-200.0,135.797955
-560.0,-200.0,123.824262
-520.0,-200.0,112.456083
-480.0,-200.0,101.691461
-440.0,-200.0,91.52849
-400.0,-200.0,81.964871
-360.0,-200.0,72.998199
-320.0,-200.0,64.62602
-280.0,-200.0,56.846103
-240.0,-200.0,49.656662
-200.0,-200.0,43.056264
-160.0,-200.0,37.044524
-120.0,-200.0,31.62192
-80.0,-200.0,26.790124
-40.0,-200.0,22.55213
0.0,-200.0,18.911675
40.0,-200.0,15.874392
80.0,-200.0,13.470554
120.0,-200.0,11.771531
160.0,-200.0,10.877468
200.0,-200.0,10.90697
240.0,-200.0,11.996122
280.0,-200.0,14.110718
320.0,-200.0,16.841756
360.0,-200.0,20.176405
400.0,-200.0,24.112631
440.0,-200.0,28.642149
480.0,-200.0,33.754803
520.0,-200.0,39.441246
560.0,-200.0,45.692143
600.0,-200.0,52.499478
640.0,-200.0,59.855021
680.0,-200.0,67.750465
720.0,-200.0,76.17755
760.0,-200.0,85.126775
800.0,-200.0,94.587583
840.0,-200.0,104.548456
880.0,-200.0,114.996862
920.0,-200.0,125.918859
960.0,-200.0,137.297631
1000.0,-200.0,149.115604
1040.0,-200.0,161.353134
1080.0,-200.0,173.987952
1120.0,-200.0,186.995042
1160.0,-200.0,200.348902
1200.0,-200.0,214.018925
1240.0,-200.0,227.972811
1280.0,-200.0,242.175957
1320.0,-200.0,256.588664
1360.0,-200.0,271.170475
1400.0,-200.0,285.876105
1440.0,-200.0,300.657294
1480.0,-200.0,315.460257
1520.0,-200.0,330.229216
1560.0,-200.0,344.902913
1600.0,-200.0,359.418095
1640.0,-200.0,373.705369
1680.0,-200.0,387.690718
1720.0,-200.0,401.294384
1760.0,-200.0,
-1760.0,-160.0,
-1720.0,-160.0,
-1680.0,-160.0,
-1640.0,-160.0,
-1600.0,-160.0,
-1560.0,-160.0,
-1520.0,-160.0,
-1480.0,-160.0,683.210942
-1440.0,-160.0,653.213668
-1400.0,-160.0,624.545072
-1360.0,-160.0,596.885141
-1320.0,-160.0,569.413892
-1280.0,-160.0,542.16702
-1240.0,-160.0,515.234724
-1200.0,-160.0,488.69393
-1160.0,-160.0,462.615604
-1120.0,-160.0,437.05881
-1080.0,-160.0,412.077167
-1040.0,-160.0,387.716464
-1000.0,-160.0,364.015866
-960.0,-160.0,341.006995
-920.0,-160.0,318.718423
-880.0,-160.0,297.171679
-840.0,-160.0,276.385088
-800.0,-160.0,256.372082
-760.0,-160.0,237.143166
-720.0,-160.0,218.705066
-680.0,-160.0,201.062156
-640.0,-160.0,184.216373
-600.0,-160.0,168.167527
-560.0,-160.0,152.913926
-520.0,-160.0,138.451867
-480.0,-160.0,124.777445
-440.0,-160.0,111.885211
-400.0,-160.0,99.769684
-360.0,-160.0,88.424645
-320.0,-160.0,77.844136
-280.0,-160.0,68.022274
-240.0,-160.0,58.953702
-200.0,-160.0,50.633851
-160.0,-160.0,43.059228
-120.0,-160.0,36.228099
-80.0,-160.0,30.140838
-40.0,-160.0,24.800496
0.0,-160.0,20.213017
40.0,-160.0,16.389278
80.0,-160.0,13.372799
120.0,-160.0,11.255949
160.0,-160.0,10.15913
200.0,-160.0,10.214323
240.0,-160.0,11.562996
280.0,-160.0,14.16054
320.0,-160.0,17.563565
360.0,-160.0,21.746779
400.0,-160.0,26.692983
440.0,-160.0,32.381613
480.0,-160.0,38.794329
520.0,-160.0,45.91569
560.0,-160.0,53.732115
600.0,-160.0,62.23134
640.0,-160.0,71.400515
680.0,-160.0,81.226521
720.0,-160.0,91.695298
760.0,-160.0,102.791015
800.0,-160.0,114.495729
840.0,-160.0,126.788991
880.0,-160.0,139.648275
920.0,-160.0,153.048188
960.0,-160.0,166.959602
1000.0,-160.0,181.350209
1040.0,-160.0,196.184618
1080.0,-160.0,211.422087
1120.0,-160.0,227.020821
1160.0,-160.0,242.929838
1200.0,-160.0,259.097857
1240.0,-160.0,275.466998
1280.0,-160.0,291.972272
1320.0,-160.0,308.54751
1360.0,-160.0,325.115963
1400.0,-160.0,341.598935
1440.0,-160.0,357.909527
1480.0,-160.0,373.955391
1520.0,-160.0,389.63293
1560.0,-160.0,404.840031
1600.0,-160.0,419.460425
1640.0,-160.0,433.371448
1680.0,-160.0,447.127756
1720.0,-160.0,461.233112
1760.0,-160.0,
-1760.0,-120.0,
-1720.0,-120.0,
-1680.0,-120.0,
-1640.0,-120.0,
-1600.0,-120.0,
-1560.0,-120.0,
-1520.0,-120.0,
-1480.0,-120.0,1012.033616
-1440.0,-120.0,955.950078
-1400.0,-120.0,903.134167
-1360.0,-120.0,853.379629
-1320.0,-120.0,806.497224
-1280.0,-120.0,762.313006
-1240.0,-120.0,720.666809
-1200.0,-120.0,681.410906
-1160.0,-120.0,644.039506
-1120.0,-120.0,607.448599
-1080.0,-120.0,571.664563
-1040.0,-120.0,536.777337
-1000.0,-120.0,502.860628
-960.0,-120.0,469.975207
-920.0,-120.0,438.171956
-880.0,-120.0,407.490387
-840.0,-120.0,377.960623
-800.0,-120.0,349.604605
-760.0,-120.0,322.437511
-720.0,-120.0,296.467409
-680.0,-120.0,271.696649
-640.0,-120.0,248.123405
-600.0,-120.0,225.740931
-560.0,-120.0,204.540067
-520.0,-120.0,184.507973
-480.0,-120.0,165.630686
-440.0,-120.0,147.89172
-400.0,-120.0,131.274439
-360.0,-120.0,115.761274
-320.0,-120.0,101.334604
-280.0,-120.0,87.977478
-240.0,-120.0,75.673603
-200.0,-120.0,64.408061
-160.0,-120.0,54.167939
-120.0,-120.0,44.942868
-80.0,-120.0,36.726317
-40.0,-120.0,29.516638
0.0,-120.0,23.318973
40.0,-120.0,18.150029
80.0,-120.0,14.075025
120.0,-120.0,11.223455
160.0,-120.0,9.756792
200.0,-120.0,9.841163
240.0,-120.0,11.630589
280.0,-120.0,15.058363
320.0,-120.0,19.623895
360.0,-120.0,25.258516
400.0,-120.0,31.910183
440.0,-120.0,39.538051
480.0,-120.0,48.111388
520.0,-120.0,57.606062
560.0,-120.0,68.000874
600.0,-120.0,79.274332
640.0,-120.0,91.403969
680.0,-120.0,104.364381
720.0,-120.0,118.127207
760.0,-120.0,132.659587
800.0,-120.0,147.924294
840.0,-120.0,163.879282
880.0,-120.0,180.47638
920.0,-120.0,197.661701
960.0,-120.0,215.374897
1000.0,-120.0,233.546001
1040.0,-120.0,252.101639
1080.0,-120.0,270.957443
1120.0,-120.0,290.021866
1160.0,-120.0,309.192156
1200.0,-120.0,328.359509
1240.0,-120.0,347.402051
1280.0,-120.0,366.189017
1320.0,-120.0,384.579916
1360.0,-120.0,402.418345
1400.0,-120.0,419.541239
1440.0,-120.0,435.771659
1480.0,-120.0,451.786415
1520.0,-120.0,468.26657
1560.0,-120.0,485.212122
1600.0,-120.0,502.623071
1640.0,-120.0,520.499418
1680.0,-120.0,538.841162
1720.0,-120.0,557.648304
1760.0,-120.0,
-1760.0,-80.0,
-1720.0,-80.0,
-1680.0,-80.0,
-1640.0,-80.0,
-1600.0,-80.0,
-1560.0,-80.0,
-1520.0,-80.0,
-1480.0,-80.0,2538.455038
-1440.0,-80.0,2295.373065
-1400.0,-80.0,2081.99471
-1360.0,-80.0,1893.534741
-1320.0,-80.0,1726.187527
-1280.0,-80.0,1576.887704
-1240.0,-80.0,1443.137955
-1200.0,-80.0,1322.882858
-1160.0,-80.0,1214.415017
-1120.0,-80.0,1116.304201
-1080.0,-80.0,1027.343162
-1040.0,-80.0,946.505709
-1000.0,-80.0,872.913919
-960.0,-80.0,805.812242
-920.0,-80.0,743.892442
-880.0,-80.0,685.302888
-840.0,-80.0,629.870155
-800.0,-80.0,577.490615
-760.0,-80.0,528.065046
-720.0,-80.0,481.49579
-680.0,-80.0,437.68897
-640.0,-80.0,396.550158
-600.0,-80.0,357.985612
-560.0,-80.0,321.902423
-520.0,-80.0,288.208854
-480.0,-80.0,256.81439
-440.0,-80.0,227.630602
-400.0,-80.0,200.571624
-360.0,-80.0,175.554994
-320.0,-80.0,152.501602
-280.0,-80.0,131.337263
-240.0,-80.0,111.992237
-200.0,-80.0,94.402669
-160.0,-80.0,78.510961
-120.0,-80.0,64.266428
-80.0,-80.0,51.627035
-40.0,-80.0,40.561272
0.0,-80.0,31.05242
40.0,-80.0,23.110491
80.0,-80.0,16.828991
120.0,-80.0,12.403769
160.0,-80.0,10.095566
200.0,-80.0,10.18653
240.0,-80.0,12.895935
280.0,-80.0,18.086719
320.0,-80.0,25.082814
360.0,-80.0,33.674746
400.0,-80.0,43.742238
440.0,-80.0,55.213359
480.0,-80.0,68.038242
520.0,-80.0,82.172114
560.0,-80.0,97.568809
600.0,-80.0,114.178287
640.0,-80.0,131.941572
680.0,-80.0,150.790852
720.0,-80.0,170.647202
760.0,-80.0,191.419932
800.0,-80.0,213.00462
840.0,-80.0,235.283027
880.0,-80.0,258.121743
920.0,-80.0,281.367705
960.0,-80.0,304.854774
1000.0,-80.0,328.393608
1040.0,-80.0,351.779882
1080.0,-80.0,374.783154
1120.0,-80.0,397.154063
1160.0,-80.0,418.622214
1200.0,-80.0,438.889026
1240.0,-80.0,458.722583
1280.0,-80.0,479.254237
1320.0,-80.0,500.483987
1360.0,-80.0,522.411834
1400.0,-80.0,545.037776
1440.0,-80.0,568.361815
1480.0,-80.0,592.383951
1520.0,-80.0,617.104182
1560.0,-80.0,642.52251
1600.0,-80.0,668.638934
1640.0,-80.0,695.453454
1680.0,-80.0,722.96607
1720.0,-80.0,751.176783
1760.0,-80.0,
-1760.0,-40.0,
-1720.0,-40.0,
-1680.0,-40.0,
-1640.0,-40.0,
-1600.0,-40.0,
-1560.0,-40.0,
-1520.0,-40.0,
-1480.0,-40.0,
-1440.0,-40.0,
-1400.0,-40.0,
-1360.0,-40.0,
-1320.0,-40.0,
-1280.0,-40.0,
-1240.0,-40.0,
-1200.0,-40.0,
-1160.0,-40.0,
-1120.0,-40.0,191877.930505
-1080.0,-40.0,278756.426569
-1040.0,-40.0,67000.921164
-1000.0,-40.0,167663.764465
-960.0,-40.0,45118.260166
-920.0,-40.0,147667.608397
-880.0,-40.0,11684.960404
-840.0,-40.0,5693.957025
-800.0,-40.0,3789.280046
-760.0,-40.0,2786.295345
-720.0,-40.0,2158.465857
-680.0,-40.0,1727.500254
-640.0,-40.0,1414.016132
-600.0,-40.0,1174.554652
-560.0,-40.0,984.290365
-520.0,-40.0,829.434962
-480.0,-40.0,701.082071
-440.0,-40.0,593.208012
-400.0,-40.0,501.583263
-360.0,-40.0,423.137821
-320.0,-40.0,355.581159
-280.0,-40.0,297.16413
-240.0,-40.0,246.524034
-200.0,-40.0,202.583144
-160.0,-40.0,164.479153
-120.0,-40.0,131.518162
-80.0,-40.0,103.14084
-40.0,-40.0,78.900604
0.0,-40.0,58.450218
40.0,-40.0,41.558378
80.0,-40.0,28.215087
120.0,-40.0,18.68373
160.0,-40.0,13.48826
200.0,-40.0,13.356614
240.0,-40.0,18.956644
280.0,-40.0,29.846976
320.0,-40.0,44.301445
360.0,-40.0,61.638847
400.0,-40.0,81.617549
440.0,-40.0,104.077792
480.0,-40.0,128.85636
520.0,-40.0,155.765935
560.0,-40.0,184.584961
600.0,-40.0,215.04828
640.0,-40.0,246.846104
680.0,-40.0,279.615002
720.0,-40.0,312.939355
760.0,-40.0,346.343272
800.0,-40.0,379.287078
840.0,-40.0,411.169284
880.0,-40.0,441.315701
920.0,-40.0,470.006482
960.0,-40.0,499.90025
1000.0,-40.0,531.19021
1040.0,-40.0,563.876363
1080.0,-40.0,597.958708
1120.0,-40.0,633.437246
1160.0,-40.0,670.538967
1200.0,-40.0,711.687483
1240.0,-40.0,756.107267
1280.0,-40.0,803.178811
1320.0,-40.0,851.954846
1360.0,-40.0,902.493201
1400.0,-40.0,
1440.0,-40.0,
1480.0,-40.0,
1520.0,-40.0,
1560.0,-40.0,
1600.0,-40.0,
1640.0,-40.0,
1680.0,-40.0,
1720.0,-40.0,
1760.0,-40.0,
-1760.0,40.0,
-1720.0,40.0,
-1680.0,40.0,
-1640.0,40.0,
-1600.0,40.0,
-1560.0,40.0,
-1520.0,40.0,
-1480.0,40.0,
-1440.0,40.0,
-1400.0,40.0,
-1360.0,40.0,
-1320.0,40.0,
-1280.0,40.0,
-1240.0,40.0,
-1200.0,40.0,
-1160.0,40.0,
-1120.0,40.0,191877.930506
-1080.0,40.0,278756.426576
-1040.0,40.0,67000.921164
-1000.0,40.0,167663.764461
-960.0,40.0,45118.260166
-920.0,40.0,147667.608411
-880.0,40.0,11684.960404
-840.0,40.0,5693.957025
-800.0,40.0,3789.280046
-760.0,40.0,2786.295345
-720.0,40.0,2158.465857
-680.0,40.0,1727.500254
-640.0,40.0,1414.016132
-600.0,40.0,1174.554652
-560.0,40.0,984.290365
-520.0,40.0,829.434962
-480.0,40.0,701.082071
-440.0,40.0,593.208012
-400.0,40.0,501.583263
-360.0,40.0,423.137821
-320.0,40.0,355.581159
-280.0,40.0,297.16413
-240.0,40.0,246.524034
-200.0,40.0,202.583144
-160.0,40.0,164.479153
-120.0,40.0,131.518162
-80.0,40.0,103.14084
-40.0,40.0,78.900604
0.0,40.0,58.450218
40.0,40.0,41.558378
80.0,40.0,28.215087
120.0,40.0,18.68373
160.0,40.0,13.48826
200.0,40.0,13.356614
240.0,40.0,18.956644
280.0,40.0,29.846976
320.0,40.0,44.301445
360.0,40.0,61.638847
400.0,40.0,81.617549
440.0,40.0,104.077792
480.0,40.0,128.85636
520.0,40.0,155.765935
560.0,40.0,184.584961
600.0,40.0,215.04828
640.0,40.0,246.846104
680.0,40.0,279.615002
720.0,40.0,312.939355
760.0,40.0,346.343272
800.0,40.0,379.287078
840.0,40.0,411.169284
880.0,40.0,441.315701
920.0,40.0,470.006482
960.0,40.0,499.90025
1000.0,40.0,531.19021
1040.0,40.0,563.876363
1080.0,40.0,597.958708
1120.0,40.0,633.437246
1160.0,40.0,670.538967
1200.0,40.0,711.687483
1240.0,40.0,756.107267
1280.0,40.0,803.178811
1320.0,40.0,851.954846
1360.0,40.0,902.493201
1400.0,40.0,
1440.0,40.0,
1480.0,40.0,
1520.0,40.0,
1560.0,40.0,
1600.0,40.0,
1640.0,40.0,
1680.0,40.0,
1720.0,40.0,
1760.0,40.0,
-1760.0,80.0,
-1720.0,80.0,
-1680.0,80.0,
-1640.0,80.0,
-1600.0,80.0,
-1560.0,80.0,
-1520.0,80.0,
-1480.0,80.0,2538.455038
-1440.0,80.0,2295.373065
-1400.0,80.0,2081.99471
-1360.0,80.0,1893.534741
-1320.0,80.0,1726.187527
-1280.0,80.0,1576.887704
-1240.0,80.0,1443.137955
-1200.0,80.0,1322.882858
-1160.0,80.0,1214.415017
-1120.0,80.0,1116.304201
-1080.0,80.0,1027.343162
-1040.0,80.0,946.505709
-1000.0,80.0,872.913919
-960.0,80.0,805.812242
-920.0,80.0,743.892442
-880.0,80.0,685.302888
-840.0,80.0,629.870155
-800.0,80.0,577.490615
-760.0,80.0,528.065046
-720.0,80.0,481.49579
-680.0,80.0,437.68897
-640.0,80.0,396.550158
-600.0,80.0,357.985612
-560.0,80.0,321.902423
-520.0,80.0,288.208854
-480.0,80.0,256.81439
-440.0,80.0,227.630602
-400.0,80.0,200.571624
-360.0,80.0,175.554994
-320.0,80.0,152.501602
-280.0,80.0,131.337263
-240.0,80.0,111.992237
-200.0,80.0,94.402669
-160.0,80.0,78.510961
-120.0,80.0,64.266428
-80.0,80.0,51.627035
-40.0,80.0,40.561272
0.0,80.0,31.05242
40.0,80.0,23.110491
80.0,80.0,16.828991
120.0,80.0,12.403769
160.0,80.0,10.095566
200.0,80.0,10.18653
240.0,80.0,12.895935
280.0,80.0,18.086719
320.0,80.0,25.082814
360.0,80.0,33.674746
400.0,80.0,43.742238
440.0,80.0,55.213359
480.0,80.0,68.038242
520.0,80.0,82.172114
560.0,80.0,97.568809
600.0,80.0,114.178287
640.0,80.0,131.941572
680.0,80.0,150.790852
720.0,80.0,170.647202
760.0,80.0,191.419932
800.0,80.0,213.00462
840.0,80.0,235.283027
880.0,80.0,258.121743
920.0,80.0,281.367705
960.0,80.0,304.854774
1000.0,80.0,328.393608
1040.0,80.0,351.779882
1080.0,80.0,374.783154
1120.0,80.0,397.154063
1160.0,80.0,418.622214
1200.0,80.0,438.889026
1240.0,80.0,458.722583
1280.0,80.0,479.254237
1320.0,80.0,500.483987
1360.0,80.0,522.411834
1400.0,80.0,545.037776
1440.0,80.0,568.361815
1480.0,80.0,592.383951
1520.0,80.0,617.104182
1560.0,80.0,642.52251
1600.0,80.0,668.638934
1640.0,80.0,695.453454
1680.0,80.0,722.96607
1720.0,80.0,751.176783
1760.0,80.0,
-1760.0,120.0,
-1720.0,120.0,
-1680.0,120.0,
-1640.0,120.0,
-1600.0,120.0,
-1560.0,120.0,
-1520.0,120.0,
-1480.0,120.0,1012.033616
-1440.0,120.0,955.950078
-1400.0,120.0,903.134167
-1360.0,120.0,853.379629
-1320.0,120.0,806.497224
-1280.0,120.0,762.313006
-1240.0,120.0,720.666809
-1200.0,120.0,681.410906
-1160.0,120.0,644.039506
-1120.0,120.0,607.448599
-1080.0,120.0,571.664563
-1040.0,120.0,536.777337
-1000.0,120.0,502.860628
-960.0,120.0,469.975207
-920.0,120.0,438.171956
-880.0,120.0,407.490387
-840.0,120.0,377.960623
-800.0,120.0,349.604605
-760.0,120.0,322.437511
-720.0,120.0,296.467409
-680.0,120.0,271.696649
-640.0,120.0,248.123405
-600.0,120.0,225.740931
-560.0,120.0,204.540067
-520.0,120.0,184.507973
-480.0,120.0,165.630686
-440.0,120.0,147.89172
-400.0,120.0,131.274439
-360.0,120.0,115.761274
-320.0,120.0,101.334604
-280.0,120.0,87.977478
-240.0,120.0,75.673603
-200.0,120.0,64.408061
-160.0,120.0,54.167939
-120.0,120.0,44.942868
-80.0,120.0,36.726317
-40.0,120.0,29.516638
0.0,120.0,23.318973
40.0,120.0,18.150029
80.0,120.0,14.075025
120.0,120.0,11.223455
160.0,120.0,9.756792
200.0,120.0,9.841163
240.0,120.0,11.630589
280.0,120.0,15.058363
320.0,120.0,19.623895
360.0,120.0,25.258516
400.0,120.0,31.910183
440.0,120.0,39.538051
480.0,120.0,48.111388
520.0,120.0,57.606062
560.0,120.0,68.000874
600.0,120.0,79.274332
640.0,120.0,91.403969
680.0,120.0,104.364381
720.0,120.0,118.127207
760.0,120.0,132.659587
800.0,120.0,147.924294
840.0,120.0,163.879282
880.0,120.0,180.47638
920.0,120.0,197.661701
960.0,120.0,215.374897
1000.0,120.0,233.546001
1040.0,120.0,252.101639
1080.0,120.0,270.957443
1120.0,120.0,290.021866
1160.0,120.0,309.192156
1200.0,120.0,328.359509
1240.0,120.0,347.402051
1280.0,120.0,366.189017
1320.0,120.0,384.579916
1360.0,120.0,402.418345
1400.0,120.0,419.541239
1440.0,120.0,435.771659
1480.0,120.0,451.786415
1520.0,120.0,468.26657
1560.0,120.0,485.212122
1600.0,120.0,502.623071
1640.0,120.0,520.499418
1680.0,120.0,538.841162
1720.0,120.0,557.648304
1760.0,120.0,
-1760.0,160.0,
-1720.0,160.0,
-1680.0,160.0,
-1640.0,160.0,
-1600.0,160.0,
-1560.0,160.0,
-1520.0,160.0,
-1480.0,160.0,683.210942
-1440.0,160.0,653.213668
-1400.0,160.0,624.545072
-1360.0,160.0,596.885141
-1320.0,160.0,569.413892
-1280.0,160.0,542.16702
-1240.0,160.0,515.234724
-1200.0,160.0,488.69393
-1160.0,160.0,462.615604
-1120.0,160.0,437.05881
-1080.0,160.0,412.077167
-1040.0,160.0,387.716464
-1000.0,160.0,364.015866
-960.0,160.0,341.006995
-920.0,160.0,318.718423
-880.0,160.0,297.171679
-840.0,160.0,276.385088
-800.0,160.0,256.372082
-760.0,160.0,237.143166
-720.0,160.0,218.705066
-680.0,160.0,201.062156
-640.0,160.0,184.216373
-600.0,160.0,168.167527
-560.0,160.0,152.913926
-520.0,160.0,138.451867
-480.0,160.0,124.777445
-440.0,160.0,111.885211
-400.0,160.0,99.769684
-360.0,160.0,88.424645
-320.0,160.0,77.844136
-280.0,160.0,68.022274
-240.0,160.0,58.953702
-200.0,160.0,50.633851
-160.0,160.0,43.059228
-120.0,160.0,36.228099
-80.0,160.0,30.140838
-40.0,160.0,24.800496
0.0,160.0,20.213017
40.0,160.0,16.389278
80.0,160.0,13.372799
120.0,160.0,11.255949
160.0,160.0,10.15913
200.0,160.0,10.214323
240.0,160.0,11.562996
280.0,160.0,14.16054
320.0,160.0,17.563565
360.0,160.0,21.746779
400.0,160.0,26.692983
440.0,160.0,32.381613
480.0,160.0,38.794329
520.0,160.0,45.91569
560.0,160.0,53.732115
600.0,160.0,62.23134
640.0,160.0,71.400515
680.0,160.0,81.226521
720.0,160.0,91.695298
760.0,160.0,102.791015
800.0,160.0,114.495729
840.0,160.0,126.788991
880.0,160.0,139.648275
920.0,160.0,153.048188
960.0,160.0,166.959602
1000.0,160.0,181.350209
1040.0,160.0,196.184618
1080.0,160.0,211.422087
1120.0,160.0,227.020821
1160.0,160.0,242.929838
1200.0,160.0,259.097857
1240.0,160.0,275.466998
1280.0,160.0,291.972272
1320.0,160.0,308.54751
1360.0,160.0,325.115963
1400.0,160.0,341.598935
1440.0,160.0,357.909527
1480.0,160.0,373.955391
1520.0,160.0,389.63293
1560.0,160.0,404.840031
1600.0,160.0,419.460425
1640.0,160.0,433.371448
1680.0,160.0,447.127756
1720.0,160.0,461.233112
1760.0,160.0,
-1760.0,200.0,
-1720.0,200.0,
-1680.0,200.0,
-1640.0,200.0,
-1600.0,200.0,
-1560.0,200.0,
-1520.0,200.0,
-1480.0,200.0,537.949498
-1440.0,200.0,515.572163
-1400.0,200.0,493.310302
-1360.0,200.0,471.230011
-1320.0,200.0,449.388369
-1280.0,200.0,427.839792
-1240.0,200.0,406.630266
-1200.0,200.0,385.80304
-1160.0,200.0,365.394238
-1120.0,200.0,345.437105
-1080.0,200.0,325.960363
-1040.0,200.0,306.988693
-1000.0,200.0,288.543522
-960.0,200.0,270.642822
-920.0,200.0,253.302015
-880.0,200.0,236.533473
-840.0,200.0,220.347936
-800.0,200.0,204.752556
-760.0,200.0,189.754281
-720.0,200.0,175.35727
-680.0,200.0,161.564571
-640.0,200.0,148.377876
-600.0,200.0,135.797955
-560.0,200.0,123.824262
-520.0,200.0,112.456083
-480.0,200.0,101.691461
-440.0,200.0,91.52849
-400.0,200.0,81.964871
-360.0,200.0,72.998199
-320.0,200.0,64.62602
-280.0,200.0,56.846103
-240.0,200.0,49.656662
-200.0,200.0,43.056264
-160.0,200.0,37.044524
-120.0,200.0,31.62192
-80.0,200.0,26.790124
-40.0,200.0,22.55213
0.0,200.0,18.911675
40.0,200.0,15.874392
80.0,200.0,13.470554
120.0,200.0,11.771531
160.0,200.0,10.877468
200.0,200.0,10.90697
240.0,200.0,11.996122
280.0,200.0,14.110718
320.0,200.0,16.841756
360.0,200.0,20.176405
400.0,200.0,24.112631
440.0,200.0,28.642149
480.0,200.0,33.754803
520.0,200.0,39.441246
560.0,200.0,45.692143
600.0,200.0,52.499478
640.0,200.0,59.855021
680.0,200.0,67.750465
720.0,200.0,76.17755
760.0,200.0,85.126775
800.0,200.0,94.587583
840.0,200.0,104.548456
880.0,200.0,114.996862
920.0,200.0,125.918859
960.0,200.0,137.297631
1000.0,200.0,149.115604
1040.0,200.0,161.353134
1080.0,200.0,173.987952
1120.0,200.0,186.995042
1160.0,200.0,200.348902
1200.0,200.0,214.018925
1240.0,200.0,227.972811
1280.0,200.0,242.175957
1320.0,200.0,256.588664
1360.0,200.0,271.170475
1400.0,200.0,285.876105
1440.0,200.0,300.657294
1480.0,200.0,315.460257
1520.0,200.0,330.229216
1560.0,200.0,344.902913
1600.0,200.0,359.418095
1640.0,200.0,373.705369
1680.0,200.0,387.690718
1720.0,200.0,401.294384
1760.0,200.0,
-1760.0,240.0,
-1720.0,240.0,
-1680.0,240.0,
-1640.0,240.0,
-1600.0,240.0,
-1560.0,240.0,
-1520.0,240.0,
-1480.0,240.0,
-1440.0,240.0,429.012791
-1400.0,240.0,410.289728
-1360.0,240.0,391.8049
-1320.0,240.0,373.591132
-1280.0,240.0,355.681244
-1240.0,240.0,338.102446
-1200.0,240.0,320.879926
-1160.0,240.0,304.034831
-1120.0,240.0,287.587589
-1080.0,240.0,271.554803
-1040.0,240.0,255.951589
-1000.0,240.0,240.79051
-960.0,240.0,226.082872
-920.0,240.0,211.837529
-880.0,240.0,198.062329
-840.0,240.0,184.764077
-800.0,240.0,171.946998
-760.0,240.0,159.615683
-720.0,240.0,147.772998
-680.0,240.0,136.420784
-640.0,240.0,125.560646
-600.0,240.0,115.193018
-560.0,240.0,105.318289
-520.0,240.0,95.936126
-480.0,240.0,87.045775
-440.0,240.0,78.646654
-400.0,240.0,70.737685
-360.0,240.0,63.317833
-320.0,240.0,56.386219
-280.0,240.0,49.942092
-240.0,240.0,43.984901
-200.0,240.0,38.514563
-160.0,240.0,33.531501
-120.0,240.0,29.036626
-80.0,240.0,25.031491
-40.0,240.0,21.517935
0.0,240.0,18.49765
40.0,240.0,15.972891
80.0,240.0,13.966188
120.0,240.0,12.536387
160.0,240.0,11.771592
200.0,240.0,11.782031
240.0,240.0,12.698342
280.0,240.0,14.493126
320.0,240.0,16.786483
360.0,240.0,19.568119
400.0,240.0,22.84168
440.0,240.0,26.605293
480.0,240.0,30.854304
520.0,240.0,35.583149
560.0,240.0,40.786207
600.0,240.0,46.45736
640.0,240.0,52.591503
680.0,240.0,59.182866
720.0,240.0,66.225543
760.0,240.0,73.713418
800.0,240.0,81.640086
840.0,240.0,89.997652
880.0,240.0,98.778762
920.0,240.0,107.974082
960.0,240.0,117.573491
1000.0,240.0,127.565813
1040.0,240.0,137.939045
1080.0,240.0,148.680219
1120.0,240.0,159.77265
1160.0,240.0,171.201211
1200.0,240.0,182.947289
1240.0,240.0,194.990785
1280.0,240.0,207.310101
1320.0,240.0,219.882146
1360.0,240.0,232.679235
1400.0,240.0,245.675959
1440.0,240.0,258.840531
1480.0,240.0,272.140653
1520.0,240.0,285.541991
1560.0,240.0,299.006346
1600.0,240.0,312.493043
1640.0,240.0,325.961241
1680.0,240.0,339.36164
1720.0,240.0,352.648134
1760.0,240.0,
-1760.0,280.0,
-1720.0,280.0,
-1680.0,280.0,
-1640.0,280.0,
-1600.0,280.0,
-1560.0,280.0,
-1520.0,280.0,
-1480.0,280.0,
-1440.0,280.0,368.853483
-1400.0,280.0,352.694444
-1360.0,280.0,336.785328
-1320.0,280.0,321.149718
-1280.0,280.0,305.806861
-1240.0,280.0,290.77455
-1200.0,280.0,276.069042
-1160.0,280.0,261.703356
-1120.0,280.0,247.691075
-1080.0,280.0,234.042941
-1040.0,280.0,220.768608
-1000.0,280.0,207.876273
-960.0,280.0,195.373032
-920.0,280.0,183.264981
-880.0,280.0,171.557384
-840.0,280.0,160.254442
-800.0,280.0,149.35933
-760.0,280.0,138.874948
-720.0,280.0,128.80322
-680.0,280.0,119.14584
-640.0,280.0,109.903806
-600.0,280.0,101.077853
-560.0,280.0,92.667904
-520.0,280.0,84.674496
-480.0,280.0,77.097282
-440.0,280.0,69.935931
-400.0,280.0,63.19014
-360.0,280.0,56.859649
-320.0,280.0,50.944121
-280.0,280.0,45.443458
-240.0,280.0,40.357604
-200.0,280.0,35.686922
-160.0,280.0,31.431913
-120.0,280.0,27.593456
-80.0,280.0,24.172479
-40.0,280.0,21.169827
0.0,280.0,18.585663
40.0,280.0,16.420422
80.0,280.0,14.692034
120.0,280.0,13.451383
160.0,280.0,12.778076
200.0,280.0,12.775184
240.0,280.0,13.567001
280.0,280.0,15.131341
320.0,280.0,17.115258
360.0,280.0,19.508084
400.0,280.0,22.315069
440.0,280.0,25.537264
480.0,280.0,29.173255
520.0,280.0,33.22009
560.0,280.0,37.674203
600.0,280.0,42.531832
640.0,280.0,47.78921
680.0,280.0,53.442287
720.0,280.0,59.486921
760.0,280.0,65.91861
800.0,280.0,72.732925
840.0,280.0,79.924787
880.0,280.0,87.488771
920.0,280.0,95.418455
960.0,280.0,103.707407
1000.0,280.0,112.348171
1040.0,280.0,121.332812
1080.0,280.0,130.651945
1120.0,280.0,140.295477
1160.0,280.0,150.252347
1200.0,280.0,160.510774
1240.0,280.0,171.058125
1280.0,280.0,181.878651
1320.0,280.0,192.958147
1360.0,280.0,204.278595
1400.0,280.0,215.821434
1440.0,280.0,227.567269
1480.0,280.0,239.493945
1520.0,280.0,251.578114
1560.0,280.0,263.796167
1600.0,280.0,276.11944
1640.0,280.0,288.521336
1680.0,280.0,300.969478
1720.0,280.0,313.431619
1760.0,280.0,
-1760.0,320.0,
-1720.0,320.0,
-1680.0,320.0,
-1640.0,320.0,
-1600.0,320.0,
-1560.0,320.0,
-1520.0,320.0,
-1480.0,320.0,
-1440.0,320.0,324.593413
-1400.0,320.0,310.384176
-1360.0,320.0,296.421492
-1320.0,320.0,282.72151
-1280.0,320.0,269.296243
-1240.0,320.0,256.158694
-1200.0,320.0,243.319499
-1160.0,320.0,230.787806
-1120.0,320.0,218.573239
-1080.0,320.0,206.68204
-1040.0,320.0,195.121687
-1000.0,320.0,183.897714
-960.0,320.0,173.015111
-920.0,320.0,162.477876
-880.0,320.0,152.289676
-840.0,320.0,142.45348
-800.0,320.0,132.971826
-760.0,320.0,123.846554
-720.0,320.0,115.079233
-680.0,320.0,106.671164
-640.0,320.0,98.622819
-600.0,320.0,90.935236
-560.0,320.0,83.608523
-520.0,320.0,76.642898
-480.0,320.0,70.038472
-440.0,320.0,63.795191
-400.0,320.0,57.913165
-360.0,320.0,52.3922
-320.0,320.0,47.232438
-280.0,320.0,42.433913
-240.0,320.0,37.996826
-200.0,320.0,33.92154
-160.0,320.0,30.208544
-120.0,320.0,26.858332
-80.0,320.0,23.871283
-40.0,320.0,21.247484
0.0,320.0,18.986313
40.0,320.0,17.087216
80.0,320.0,15.56541
120.0,320.0,14.46617
160.0,320.0,13.8623
200.0,320.0,13.850312
240.0,320.0,14.547694
280.0,320.0,15.936312
320.0,320.0,17.688267
360.0,320.0,19.792154
400.0,320.0,22.252882
440.0,320.0,25.072852
480.0,320.0,28.252142
520.0,320.0,31.789716
560.0,320.0,35.68331
600.0,320.0,39.930722
640.0,320.0,44.529263
680.0,320.0,49.476037
720.0,320.0,54.767839
760.0,320.0,60.401912
800.0,320.0,66.374376
840.0,320.0,72.682039
880.0,320.0,79.320739
920.0,320.0,86.285901
960.0,320.0,93.572928
1000.0,320.0,101.17637
1040.0,320.0,109.090733
1080.0,320.0,117.30997
1120.0,320.0,125.825906
1160.0,320.0,134.632002
1200.0,320.0,143.719564
1240.0,320.0,153.079075
1280.0,320.0,162.700354
1320.0,320.0,172.572402
1360.0,320.0,182.683552
1400.0,320.0,193.021389
1440.0,320.0,203.570902
1480.0,320.0,214.318216
1520.0,320.0,225.245409
1560.0,320.0,236.336417
1600.0,320.0,247.572179
1640.0,320.0,258.932509
1680.0,320.0,270.396087
1720.0,320.0,
1760.0,320.0,
-1760.0,360.0,
-1720.0,360.0,
-1680.0,360.0,
-1640.0,360.0,
-1600.0,360.0,
-1560.0,360.0,
-1520.0,360.0,
-1480.0,360.0,
-1440.0,360.0,290.718329
-1400.0,360.0,278.042712
-1360.0,360.0,265.603653
-1320.0,360.0,253.412005
-1280.0,360.0,241.47717
-1240.0,360.0,229.807536
-1200.0,360.0,218.410855
-1160.0,360.0,207.294254
-1120.0,360.0,196.463733
-1080.0,360.0,185.924786
-1040.0,360.0,175.681955
-1000.0,360.0,165.739378
-960.0,360.0,156.100814
-920.0,360.0,146.769385
-880.0,360.0,137.74752
-840.0,360.0,129.037395
-800.0,360.0,120.640919
-760.0,360.0,112.559738
-720.0,360.0,104.79469
-680.0,360.0,97.347104
-640.0,360.0,90.217303
-600.0,360.0,83.406021
-560.0,360.0,76.913657
-520.0,360.0,70.740397
-480.0,360.0,64.886374
-440.0,360.0,59.351923
-400.0,360.0,54.136865
-360.0,360.0,49.241522
-320.0,360.0,44.665961
-280.0,360.0,40.41034
-240.0,360.0,36.474898
-200.0,360.0,32.859938
-160.0,360.0,29.565733
-120.0,360.0,26.592426
-80.0,360.0,23.940085
-40.0,360.0,21.608297
0.0,360.0,19.59597
40.0,360.0,17.902174
80.0,360.0,16.540348
120.0,360.0,15.551592
160.0,360.0,15.003138
200.0,360.0,14.984978
240.0,360.0,15.60796
280.0,360.0,16.857288
320.0,360.0,18.427885
360.0,360.0,20.307719
400.0,360.0,22.501065
440.0,360.0,25.010427
480.0,360.0,27.836856
520.0,360.0,30.980034
560.0,360.0,34.43915
600.0,360.0,38.212467
640.0,360.0,42.2984
680.0,360.0,46.694869
720.0,360.0,51.399654
760.0,360.0,56.410429
800.0,360.0,61.724566
840.0,360.0,67.339139
880.0,360.0,73.251658
920.0,360.0,79.458264
960.0,360.0,85.955758
1000.0,360.0,92.740276
1040.0,360.0,99.807447
1080.0,360.0,107.152557
1120.0,360.0,114.770548
1160.0,360.0,122.656009
1200.0,360.0,130.801878
1240.0,360.0,139.202558
1280.0,360.0,147.849651
1320.0,360.0,156.736101
1360.0,360.0,165.852908
1400.0,360.0,175.190425
1440.0,360.0,184.738352
1480.0,360.0,194.485737
1520.0,360.0,204.420976
1560.0,360.0,214.531809
1600.0,360.0,224.803838
1640.0,360.0,235.222794
1680.0,360.0,245.772633
1720.0,360.0,
1760.0,360.0,
-1720.0,400.0,
-1680.0,400.0,
-1640.0,400.0,
-1600.0,400.0,
-1560.0,400.0,
-1520.0,400.0,
-1480.0,400.0,
-1440.0,400.0,264.021684
-1400.0,400.0,252.584417
-1360.0,400.0,241.370397
-1320.0,400.0,230.388547
-1280.0,400.0,219.64563
-1240.0,400.0,209.147943
-1200.0,400.0,198.901319
-1160.0,400.0,188.910685
-1120.0,400.0,179.180458
-1080.0,400.0,169.715047
-1040.0,400.0,160.517983
-1000.0,400.0,151.591979
-960.0,400.0,142.940024
-920.0,400.0,134.564332
-880.0,400.0,126.466876
-840.0,400.0,118.649626
-800.0,400.0,111.113689
-760.0,400.0,103.860525
-720.0,400.0,96.890636
-680.0,400.0,90.205143
-640.0,400.0,83.804594
-600.0,400.0,77.689468
-560.0,400.0,71.860033
-520.0,400.0,66.316582
-480.0,400.0,61.059508
-440.0,400.0,56.08874
-400.0,400.0,51.404598
-360.0,400.0,47.007224
-320.0,400.0,42.896754
-280.0,400.0,39.073367
-240.0,400.0,35.537262
-200.0,400.0,32.288595
-160.0,400.0,29.327405
-120.0,400.0,26.653765
-80.0,400.0,24.267328
-40.0,400.0,22.167424
0.0,400.0,20.352854
40.0,400.0,18.822613
80.0,400.0,17.588899
120.0,400.0,16.689429
160.0,400.0,16.18645
200.0,400.0,16.164342
240.0,400.0,16.727058
280.0,400.0,17.862671
320.0,400.0,19.286984
360.0,400.0,20.987473
400.0,400.0,22.967649
440.0,400.0,25.229854
480.0,400.0,27.775362
520.0,400.0,30.604592
560.0,400.0,33.717024
600.0,400.0,37.112046
640.0,400.0,40.788209
680.0,400.0,44.744331
720.0,400.0,48.978722
760.0,400.0,53.489542
800.0,400.0,58.274829
840.0,400.0,63.332511
880.0,400.0,68.66041
920.0,400.0,74.255749
960.0,400.0,80.11597
1000.0,400.0,86.238045
1040.0,400.0,92.619012
1080.0,400.0,99.254647
1120.0,400.0,106.141457
1160.0,400.0,113.275199
1200.0,400.0,120.651215
1240.0,400.0,128.264449
1280.0,400.0,136.108647
1320.0,400.0,144.178699
1360.0,400.0,152.467837
1400.0,400.0,160.968624
1440.0,400.0,169.673549
1480.0,400.0,178.574755
1520.0,400.0,187.663048
1560.0,400.0,196.928649
1600.0,400.0,206.361185
1640.0,400.0,215.949698
1680.0,400.0,225.682637
1720.0,400.0,
-1720.0,440.0,
-1680.0,440.0,
-1640.0,440.0,
-1600.0,440.0,
-1560.0,440.0,
-1520.0,440.0,
-1480.0,440.0,
-1440.0,440.0,
-1400.0,440.0,232.085114
-1360.0,440.0,221.878263
-1320.0,440.0,211.888627
-1280.0,440.0,202.121422
-1240.0,440.0,192.581221
-1200.0,440.0,183.272991
-1160.0,440.0,174.200367
-1120.0,440.0,165.366537
-1080.0,440.0,156.775009
-1040.0,440.0,148.428468
-1000.0,440.0,140.329363
-960.0,440.0,132.479321
-920.0,440.0,124.88074
-880.0,440.0,117.534971
-840.0,440.0,110.443433
-800.0,440.0,103.606973
-760.0,440.0,97.026829
-720.0,440.0,90.703715
-680.0,440.0,84.638271
-640.0,440.0,78.831055
-600.0,440.0,73.282339
-560.0,440.0,67.992577
-520.0,440.0,62.962092
-480.0,440.0,58.191052
-440.0,440.0,53.679596
-400.0,440.0,49.427999
-360.0,440.0,45.436389
-320.0,440.0,41.704911
-280.0,440.0,38.233716
-240.0,440.0,35.022884
-200.0,440.0,32.072435
-160.0,440.0,29.382452
-120.0,440.0,26.952581
-80.0,440.0,24.78249
-40.0,440.0,22.871377
0.0,440.0,21.217989
40.0,440.0,19.821381
80.0,440.0,18.692822
120.0,440.0,17.867266
160.0,440.0,17.402712
200.0,440.0,17.377899
240.0,440.0,17.890933
280.0,440.0,18.931749
320.0,440.0,20.235119
360.0,440.0,21.788377
400.0,440.0,23.594302
440.0,440.0,25.654919
480.0,440.0,27.971506
520.0,440.0,30.544689
560.0,440.0,33.374574
600.0,440.0,36.460504
640.0,440.0,39.802071
680.0,440.0,43.397955
720.0,440.0,47.247277
760.0,440.0,51.348604
800.0,440.0,55.700319
840.0,440.0,60.300812
880.0,440.0,65.148249
920.0,440.0,70.240633
960.0,440.0,75.575962
1000.0,440.0,81.152087
1040.0,440.0,86.965779
1080.0,440.0,93.01512
1120.0,440.0,99.296065
1160.0,440.0,105.806075
1200.0,440.0,112.541351
1240.0,440.0,119.497801
1280.0,440.0,126.671035
1320.0,440.0,134.056365
1360.0,440.0,141.648806
1400.0,440.0,149.443069
1440.0,440.0,157.433367
1480.0,440.0,165.612146
1520.0,440.0,173.974311
1560.0,440.0,182.510521
1600.0,440.0,191.214238
1640.0,440.0,200.076802
1680.0,440.0,209.088854
1720.0,440.0,
-1720.0,480.0,
-1680.0,480.0,
-1640.0,480.0,
-1600.0,480.0,
-1560.0,480.0,
-1520.0,480.0,
-1480.0,480.0,
-1440.0,480.0,
-1400.0,480.0,215.282137
-1360.0,480.0,205.916905
-1320.0,480.0,196.755543
-1280.0,480.0,187.801594
-1240.0,480.0,179.058956
-1200.0,480.0,170.53129
-1160.0,480.0,162.221575
-1120.0,480.0,154.132567
-1080.0,480.0,146.266797
-1040.0,480.0,138.626111
-1000.0,480.0,131.212658
-960.0,480.0,124.028221
-920.0,480.0,117.074094
-880.0,480.0,110.351466
-840.0,480.0,103.86163
-800.0,480.0,97.605435
-760.0,480.0,91.583648
-720.0,480.0,85.796955
-680.0,480.0,80.245961
-640.0,480.0,74.930884
-600.0,480.0,69.852365
-560.0,480.0,65.010586
-520.0,480.0,60.405959
-480.0,480.0,56.038441
-440.0,480.0,51.908412
-400.0,480.0,48.016015
-360.0,480.0,44.36138
-320.0,480.0,40.944634
-280.0,480.0,37.765802
-240.0,480.0,34.824943
-200.0,480.0,32.122129
-160.0,480.0,29.657021
-120.0,480.0,27.429498
-80.0,480.0,25.438975
-40.0,480.0,23.684585
0.0,480.0,22.165236
40.0,480.0,20.880105
80.0,480.0,19.839708
120.0,480.0,19.076554
160.0,480.0,18.644769
200.0,480.0,18.618389
240.0,480.0,19.089483
280.0,480.0,20.050124
320.0,480.0,21.251635
360.0,480.0,22.681578
400.0,480.0,24.342126
440.0,480.0,26.234967
480.0,480.0,28.361272
520.0,480.0,30.721728
560.0,480.0,33.316604
600.0,480.0,36.145831
640.0,480.0,39.208654
680.0,480.0,42.504858
720.0,480.0,46.033164
760.0,480.0,49.792932
800.0,480.0,53.782791
840.0,480.0,58.001335
880.0,480.0,62.447315
920.0,480.0,67.11914
960.0,480.0,72.015107
1000.0,480.0,77.133393
1040.0,480.0,82.471475
1080.0,480.0,88.027662
1120.0,480.0,93.799575
1160.0,480.0,99.783895
1200.0,480.0,105.978461
1240.0,480.0,112.379841
1280.0,480.0,118.984233
1320.0,480.0,125.788412
1360.0,480.0,132.788254
1400.0,480.0,139.979359
1440.0,480.0,147.357048
1480.0,480.0,154.916367
1520.0,480.0,162.651835
1560.0,480.0,170.556814
1600.0,480.0,178.626359
1640.0,480.0,186.852652
1680.0,480.0,
1720.0,480.0,
-1720.0,520.0,
-1680.0,520.0,
-1640.0,520.0,
-1600.0,520.0,
-1560.0,520.0,
-1520.0,520.0,
-1480.0,520.0,
-1440.0,520.0,
-1400.0,520.0,201.307991
-1360.0,520.0,192.657227
-1320.0,520.0,184.19757
-1280.0,520.0,175.932237
-1240.0,520.0,167.864235
-1200.0,520.0,159.996364
-1160.0,520.0,152.331205
-1120.0,520.0,144.870815
-1080.0,520.0,137.617022
-1040.0,520.0,130.572049
-1000.0,520.0,123.736994
-960.0,520.0,117.113397
-920.0,520.0,110.702563
-880.0,520.0,104.505444
-840.0,520.0,98.522913
-800.0,520.0,92.755764
-760.0,520.0,87.204707
-720.0,520.0,81.870375
-680.0,520.0,76.752886
-640.0,520.0,71.853101
-600.0,520.0,67.171002
-560.0,520.0,62.707154
-520.0,520.0,58.461653
-480.0,520.0,54.434636
-440.0,520.0,50.626387
-400.0,520.0,47.037032
-360.0,520.0,43.666689
-320.0,520.0,40.515329
-280.0,520.0,37.583099
-240.0,520.0,34.870028
-200.0,520.0,32.375833
-160.0,520.0,30.100511
-120.0,520.0,28.043524
-80.0,520.0,26.204425
-40.0,520.0,24.582432
0.0,520.0,23.176483
40.0,520.0,21.985891
80.0,520.0,21.020527
120.0,520.0,20.310877
160.0,520.0,19.907648
200.0,520.0,19.880212
240.0,520.0,20.315648
280.0,520.0,21.20727
320.0,520.0,22.32189
360.0,520.0,23.646872
400.0,520.0,25.184101
440.0,520.0,26.934956
480.0,520.0,28.90046
520.0,520.0,31.081281
560.0,520.0,33.477758
600.0,520.0,36.089955
640.0,520.0,38.917616
680.0,520.0,41.960149
720.0,520.0,45.217291
760.0,520.0,48.687813
800.0,520.0,52.371286
840.0,520.0,56.26631
880.0,520.0,60.371831
920.0,520.0,64.686683
960.0,520.0,69.209423
1000.0,520.0,73.9385
1040.0,520.0,78.872257
1080.0,520.0,84.008932
1120.0,520.0,89.346639
1160.0,520.0,94.882547
1200.0,520.0,100.615147
1240.0,520.0,106.541451
1280.0,520.0,112.658889
1320.0,520.0,118.964061
1360.0,520.0,125.454301
1400.0,520.0,132.125919
1440.0,520.0,138.974592
1480.0,520.0,145.996673
1520.0,520.0,153.187821
1560.0,520.0,160.54336
1600.0,520.0,168.057551
1640.0,520.0,175.725557
1680.0,520.0,
1720.0,520.0,
-1680.0,560.0,
-1640.0,560.0,
-1600.0,560.0,
-1560.0,560.0,
-1520.0,560.0,
-1480.0,560.0,
-1440.0,560.0,
-1400.0,560.0,
-1360.0,560.0,181.512019
-1320.0,560.0,173.654606
-1280.0,560.0,165.979624
-1240.0,560.0,158.489691
-1200.0,560.0,151.187069
-1160.0,560.0,144.07321
-1120.0,560.0,137.150791
-1080.0,560.0,130.420654
-1040.0,560.0,123.884709
-1000.0,560.0,117.54423
-960.0,560.0,111.400255
-920.0,560.0,105.453746
-880.0,560.0,99.705584
-840.0,560.0,94.156573
-800.0,560.0,88.807435
-760.0,560.0,83.658751
-720.0,560.0,78.710699
-680.0,560.0,73.964193
-640.0,560.0,69.419063
-600.0,560.0,65.076004
-560.0,560.0,60.935186
-520.0,560.0,56.99674
-480.0,560.0,53.260836
-440.0,560.0,49.727695
-400.0,560.0,46.397378
-360.0,560.0,43.269963
-320.0,560.0,40.345558
-280.0,560.0,37.624194
-240.0,560.0,35.105621
-200.0,560.0,32.789917
-160.0,560.0,30.676622
-120.0,560.0,28.765522
-80.0,560.0,27.056043
-40.0,560.0,25.547403
0.0,560.0,24.238711
40.0,560.0,23.129436
80.0,560.0,22.228872
120.0,560.0,21.565583
160.0,560.0,21.187252
200.0,560.0,21.159383
240.0,560.0,21.563944
280.0,560.0,22.395729
320.0,560.0,23.434973
360.0,560.0,24.669623
400.0,560.0,26.100818
440.0,560.0,27.729823
480.0,560.0,29.557533
520.0,560.0,31.584553
560.0,560.0,33.811242
600.0,560.0,36.237731
640.0,560.0,38.863962
680.0,560.0,41.689511
720.0,560.0,44.713993
760.0,560.0,47.93707
800.0,560.0,51.357519
840.0,560.0,54.975112
880.0,560.0,58.78842
920.0,560.0,62.796649
960.0,560.0,66.998709
1000.0,560.0,71.393277
1040.0,560.0,75.978926
1080.0,560.0,80.754126
1120.0,560.0,85.717244
1160.0,560.0,90.866547
1200.0,560.0,96.200201
1240.0,560.0,101.716096
1280.0,560.0,107.411368
1320.0,560.0,113.284553
1360.0,560.0,119.331836
1400.0,560.0,125.55148
1440.0,560.0,131.939376
1480.0,560.0,138.492587
1520.0,560.0,145.207676
1560.0,560.0,152.080648
1600.0,560.0,159.107265
1640.0,560.0,166.283051
1680.0,560.0,
-1680.0,600.0,
-1640.0,600.0,
-1600.0,600.0,
-1560.0,600.0,
-1520.0,600.0,
-1480.0,600.0,
-1440.0,600.0,
-1400.0,600.0,
-1360.0,600.0,172.05255
-1320.0,600.0,164.717811
-1280.0,600.0,157.555169
-1240.0,600.0,150.565748
-1200.0,600.0,143.752601
-1160.0,600.0,137.116291
-1120.0,600.0,130.659121
-1080.0,600.0,124.382302
-1040.0,600.0,118.286941
-1000.0,600.0,112.374074
-960.0,600.0,106.644659
-920.0,600.0,101.099577
-880.0,600.0,95.739631
-840.0,600.0,90.565548
-800.0,600.0,85.577798
-760.0,600.0,80.776743
-720.0,600.0,76.163093
-680.0,600.0,71.736954
-640.0,600.0,67.498742
-600.0,600.0,63.448796
-560.0,600.0,59.587283
-520.0,600.0,55.914362
-480.0,600.0,52.430182
-440.0,600.0,49.134876
-400.0,600.0,46.028554
-360.0,600.0,43.111301
-320.0,600.0,40.383163
-280.0,600.0,37.84391
-240.0,600.0,35.49368
-200.0,600.0,33.332118
-160.0,600.0,31.359119
-120.0,600.0,29.574164
-80.0,600.0,27.976799
-40.0,600.0,26.566401
0.0,600.0,25.342156
40.0,600.0,24.303616
80.0,600.0,23.459572
120.0,600.0,22.837006
160.0,600.0,22.480804
200.0,600.0,22.452642
240.0,600.0,22.830333
280.0,600.0,23.609633
320.0,600.0,24.583078
360.0,600.0,25.738779
400.0,600.0,27.077875
440.0,600.0,28.601133
480.0,600.0,30.309353
520.0,600.0,32.203129
560.0,600.0,34.282805
600.0,600.0,36.548542
640.0,600.0,39.000343
680.0,600.0,41.63807
720.0,600.0,44.461144
760.0,600.0,47.469416
800.0,600.0,50.662413
840.0,600.0,54.039011
880.0,600.0,57.599047
920.0,600.0,61.341122
960.0,600.0,65.264616
1000.0,600.0,69.368525
1040.0,600.0,73.651621
1080.0,600.0,78.112381
1120.0,600.0,82.749705
1160.0,600.0,87.562103
1200.0,600.0,92.547888
1240.0,600.0,97.705077
1280.0,600.0,103.032036
1320.0,600.0,108.526856
1360.0,600.0,114.187026
1400.0,600.0,120.009981
1440.0,600.0,125.993697
1480.0,600.0,132.13466
1520.0,600.0,138.430318
1560.0,600.0,144.877712
1600.0,600.0,151.472672
1640.0,600.0,
1680.0,600.0,
-1680.0,640.0,
-1640.0,640.0,
-1600.0,640.0,
-1560.0,640.0,
-1520.0,640.0,
-1480.0,640.0,
-1440.0,640.0,
-1400.0,640.0,
-1360.0,640.0,
-1320.0,640.0,157.082699
-1280.0,640.0,150.368124
-1240.0,640.0,143.816971
-1200.0,640.0,137.431576
-1160.0,640.0,131.213181
-1120.0,640.0,125.162878
-1080.0,640.0,119.281822
-1040.0,640.0,113.57121
-1000.0,640.0,108.031895
-960.0,640.0,102.664576
-920.0,640.0,97.470168
-880.0,640.0,92.449393
-840.0,640.0,87.602588
-800.0,640.0,82.930336
-760.0,640.0,78.4331
-720.0,640.0,74.111292
-680.0,640.0,69.965015
-640.0,640.0,65.994789
-600.0,640.0,62.20079
-560.0,640.0,58.583186
-520.0,640.0,55.142131
-480.0,640.0,51.877763
-440.0,640.0,48.7902
-400.0,640.0,45.879535
-360.0,640.0,43.145825
-320.0,640.0,40.588852
-280.0,640.0,38.208822
-240.0,640.0,36.005443
-200.0,640.0,33.978676
-160.0,640.0,32.128058
-120.0,640.0,30.453394
-80.0,640.0,28.954185
-40.0,640.0,27.629835
0.0,640.0,26.479643
40.0,640.0,25.503254
80.0,640.0,24.708981
120.0,640.0,24.12233
160.0,640.0,23.785707
200.0,640.0,23.757644
240.0,640.0,24.111641
280.0,640.0,24.844537
320.0,640.0,25.759957
360.0,640.0,26.846272
400.0,640.0,28.104306
440.0,640.0,29.534887
480.0,640.0,31.138543
520.0,640.0,32.915701
560.0,640.0,34.866788
600.0,640.0,36.991969
640.0,640.0,39.291283
680.0,640.0,41.764645
720.0,640.0,44.411747
760.0,640.0,47.232218
800.0,640.0,50.225809
840.0,640.0,53.391971
880.0,640.0,56.729785
920.0,640.0,60.239022
960.0,640.0,63.918369
1000.0,640.0,67.767314
1040.0,640.0,71.784942
1080.0,640.0,75.9698
1120.0,640.0,80.320923
1160.0,640.0,84.837123
1200.0,640.0,89.516995
1240.0,640.0,94.359042
1280.0,640.0,99.361678
1320.0,640.0,104.523222
1360.0,640.0,109.84132
1400.0,640.0,115.314303
1440.0,640.0,120.940318
1480.0,640.0,126.716266
1520.0,640.0,132.640245
1560.0,640.0,138.709085
1600.0,640.0,144.920604
1640.0,640.0,
1680.0,640.0,
-1640.0,680.0,
-1600.0,680.0,
-1560.0,680.0,
-1520.0,680.0,
-1480.0,680.0,
-1440.0,680.0,
-1400.0,680.0,
-1360.0,680.0,
-1320.0,680.0,150.517069
-1280.0,680.0,144.19788
-1240.0,680.0,138.033794
-1200.0,680.0,132.025726
-1160.0,680.0,126.175295
-1120.0,680.0,120.483578
-1080.0,680.0,114.951559
-1040.0,680.0,109.580129
-1000.0,680.0,104.369802
-960.0,680.0,99.321625
-920.0,680.0,94.436312
-880.0,680.0,89.71404
-840.0,680.0,85.155659
-800.0,680.0,80.761335
-760.0,680.0,76.531759
-720.0,680.0,72.466879
-680.0,680.0,68.567215
-640.0,680.0,64.833019
-600.0,680.0,61.264465
-560.0,680.0,57.861714
-520.0,680.0,54.62491
-480.0,680.0,51.55418
-440.0,680.0,48.649625
-400.0,680.0,45.911282
-360.0,680.0,43.339028
-320.0,680.0,40.933055
-280.0,680.0,38.693133
-240.0,680.0,36.619234
-200.0,680.0,34.711056
-160.0,680.0,32.968478
-120.0,680.0,31.39107
-80.0,680.0,29.978384
-40.0,680.0,28.729984
0.0,680.0,27.645272
40.0,680.0,26.723964
80.0,680.0,25.973937
120.0,680.0,25.41936
160.0,680.0,25.100352
200.0,680.0,25.072346
240.0,680.0,25.405372
280.0,680.0,26.097019
320.0,680.0,26.960791
360.0,680.0,27.985579
400.0,680.0,29.171907
440.0,680.0,30.520381
480.0,680.0,32.031602
520.0,680.0,33.705948
560.0,680.0,35.543575
600.0,680.0,37.544774
640.0,680.0,39.709613
680.0,680.0,42.038044
720.0,680.0,44.529905
760.0,680.0,47.184776
800.0,680.0,50.002486
840.0,680.0,52.982678
880.0,680.0,56.124707
920.0,680.0,59.427892
960.0,680.0,62.891887
1000.0,680.0,66.515498
1040.0,680.0,70.298264
1080.0,680.0,74.239332
1120.0,680.0,78.337159
1160.0,680.0,82.591153
1200.0,680.0,87.000079
1240.0,680.0,91.562613
1280.0,680.0,96.277342
1320.0,680.0,101.142767
1360.0,680.0,106.1573
1400.0,680.0,111.319267
1440.0,680.0,116.626904
1480.0,680.0,122.077626
1520.0,680.0,127.669727
1560.0,680.0,133.401381
1600.0,680.0,
1640.0,680.0,
-1640.0,720.0,
-1600.0,720.0,
-1560.0,720.0,
-1520.0,720.0,
-1480.0,720.0,
-1440.0,720.0,
-1400.0,720.0,
-1360.0,720.0,
-1320.0,720.0,
-1280.0,720.0,138.873538
-1240.0,720.0,133.052874
-1200.0,720.0,127.380379
-1160.0,720.0,121.85709
-1120.0,720.0,116.483977
-1080.0,720.0,111.261926
-1040.0,720.0,106.191344
-1000.0,720.0,101.273362
-960.0,720.0,96.508687
-920.0,720.0,91.897312
-880.0,720.0,87.440395
-840.0,720.0,83.137765
-800.0,720.0,78.990299
-760.0,720.0,74.998131
-720.0,720.0,71.16142
-680.0,720.0,67.480617
-640.0,720.0,63.955904
-600.0,720.0,60.58745
-560.0,720.0,57.375406
-520.0,720.0,54.319904
-480.0,720.0,51.421058
-440.0,720.0,48.678865
-400.0,720.0,46.093328
-360.0,720.0,43.664604
-320.0,720.0,41.392504
-280.0,720.0,39.27702
-240.0,720.0,37.317972
-200.0,720.0,35.515289
-160.0,720.0,33.868501
-120.0,720.0,32.377488
-80.0,720.0,31.041846
-40.0,720.0,29.861117
0.0,720.0,28.834789
40.0,720.0,27.962635
80.0,720.0,27.252121
120.0,720.0,26.726206
160.0,720.0,26.423019
200.0,720.0,26.395339
240.0,720.0,26.70958
280.0,720.0,27.364189
320.0,720.0,28.181911
360.0,720.0,29.151597
400.0,720.0,30.273978
440.0,720.0,31.549381
480.0,720.0,32.978227
520.0,720.0,34.56096
560.0,720.0,36.297806
600.0,720.0,38.18889
640.0,720.0,40.234223
680.0,720.0,42.433874
720.0,720.0,44.787732
760.0,720.0,47.295471
800.0,720.0,49.956909
840.0,720.0,52.77174
880.0,720.0,55.739611
920.0,720.0,58.859765
960.0,720.0,62.131781
1000.0,720.0,65.555156
1040.0,720.0,69.128851
1080.0,720.0,72.852397
1120.0,720.0,76.724932
1160.0,720.0,80.745112
1200.0,720.0,84.912374
1240.0,720.0,89.225548
1280.0,720.0,93.683379
1320.0,720.0,98.284529
1360.0,720.0,103.027574
1400.0,720.0,107.911009
1440.0,720.0,112.933245
1480.0,720.0,118.092609
1520.0,720.0,123.387345
1560.0,720.0,128.815612
1600.0,720.0,
1640.0,720.0,
-1600.0,760.0,
-1560.0,760.0,
-1520.0,760.0,
-1480.0,760.0,
-1440.0,760.0,
-1400.0,760.0,
-1360.0,760.0,
-1320.0,760.0,
-1280.0,760.0,134.260111
-1240.0,760.0,128.746985
-1200.0,760.0,123.374582
-1160.0,760.0,118.143853
-1120.0,760.0,113.055648
-1080.0,760.0,108.110334
-1040.0,760.0,103.309087
-1000.0,760.0,98.652504
-960.0,760.0,94.140678
-920.0,760.0,89.774694
-880.0,760.0,85.554452
-840.0,760.0,81.480687
-800.0,760.0,77.553749
-760.0,760.0,73.773702
-720.0,760.0,70.140912
-680.0,760.0,66.655668
-640.0,760.0,63.318146
-600.0,760.0,60.128504
-560.0,760.0,57.086883
-520.0,760.0,54.193406
-480.0,760.0,51.448014
-440.0,760.0,48.850867
-400.0,760.0,46.402064
-360.0,760.0,44.101443
-320.0,760.0,41.949029
-280.0,760.0,39.944729
-240.0,760.0,38.088428
-200.0,760.0,36.379856
-160.0,760.0,34.818923
-120.0,760.0,33.405314
-80.0,760.0,32.138576
-40.0,760.0,31.018436
0.0,760.0,30.044465
40.0,760.0,29.216482
80.0,760.0,28.541562
120.0,760.0,28.041573
160.0,760.0,27.752692
200.0,760.0,27.725212
240.0,760.0,28.022638
280.0,760.0,28.643984
320.0,760.0,29.420053
360.0,760.0,30.340445
400.0,760.0,31.405236
440.0,760.0,32.615104
480.0,760.0,33.970236
520.0,760.0,35.47088
560.0,760.0,37.117382
600.0,760.0,38.909858
640.0,760.0,40.848355
680.0,760.0,42.932845
720.0,760.0,45.163233
760.0,760.0,47.539362
800.0,760.0,50.061018
840.0,760.0,52.727934
880.0,760.0,55.5398
920.0,760.0,58.496265
960.0,760.0,61.596444
1000.0,760.0,64.840201
1040.0,760.0,68.226842
1080.0,760.0,71.755511
1120.0,760.0,75.425683
1160.0,760.0,79.236533
1200.0,760.0,83.186849
1240.0,760.0,87.276117
1280.0,760.0,91.503223
1320.0,760.0,95.866831
1360.0,760.0,100.365679
1400.0,760.0,104.998672
1440.0,760.0,109.764396
1480.0,760.0,114.66136
1520.0,760.0,119.687989
1560.0,760.0,
1600.0,760.0,
-1600.0,800.0,
-1560.0,800.0,
-1520.0,800.0,
-1480.0,800.0,
-1440.0,800.0,
-1400.0,800.0,
-1360.0,800.0,
-1320.0,800.0,
-1280.0,800.0,
-1240.0,800.0,125.013859
-1200.0,800.0,119.911518
-1160.0,800.0,114.943997
-1120.0,800.0,110.111683
-1080.0,800.0,105.415765
-1040.0,800.0,100.856659
-1000.0,800.0,96.434747
-960.0,800.0,92.150779
-920.0,800.0,88.005031
-880.0,800.0,83.997839
-840.0,800.0,80.129767
-800.0,800.0,76.401045
-760.0,800.0,72.811741
-720.0,800.0,69.362262
-680.0,800.0,66.052822
-640.0,800.0,62.883586
-600.0,800.0,59.854704
-560.0,800.0,56.96626
-520.0,800.0,54.218265
-480.0,800.0,51.610924
-440.0,800.0,49.144307
-400.0,800.0,46.81826
-360.0,800.0,44.632861
-320.0,800.0,42.588074
-280.0,800.0,40.683742
-240.0,800.0,38.919767
-200.0,800.0,37.296076
-160.0,800.0,35.812261
-120.0,800.0,34.468206
-80.0,800.0,33.263627
-40.0,800.0,32.198175
0.0,800.0,31.27148
40.0,800.0,30.483391
80.0,800.0,29.840622
120.0,800.0,29.364033
160.0,800.0,29.088227
200.0,800.0,29.061149
240.0,800.0,29.343282
280.0,800.0,29.934392
320.0,800.0,30.673035
360.0,800.0,31.548548
400.0,800.0,32.561631
440.0,800.0,33.712185
480.0,800.0,35.000827
520.0,800.0,36.427654
560.0,800.0,37.992753
600.0,800.0,39.696411
640.0,800.0,41.538665
680.0,800.0,43.519497
720.0,800.0,45.638824
760.0,800.0,47.896515
800.0,800.0,50.292381
840.0,800.0,52.826191
880.0,800.0,55.49767
920.0,800.0,58.306504
960.0,800.0,61.252269
1000.0,800.0,64.334159
1040.0,800.0,67.552129
1080.0,800.0,70.905329
1120.0,800.0,74.393119
1160.0,800.0,78.014875
1200.0,800.0,81.769848
1240.0,800.0,85.6569
1280.0,800.0,89.675584
1320.0,800.0,93.824782
1360.0,800.0,98.102959
1400.0,800.0,102.509443
1440.0,800.0,107.04296
1480.0,800.0,111.70216
1520.0,800.0,
1560.0,800.0,
1600.0,800.0,
-1560.0,840.0,
-1520.0,840.0,
-1480.0,840.0,
-1440.0,840.0,
-1400.0,840.0,
-1360.0,840.0,
-1320.0,840.0,
-1280.0,840.0,
-1240.0,840.0,
-1200.0,840.0,116.912969
-1160.0,840.0,112.183174
-1120.0,840.0,107.582839
-1080.0,840.0,103.112177
-1040.0,840.0,98.771902
-1000.0,840.0,94.562392
-960.0,840.0,90.484329
-920.0,840.0,86.537618
-880.0,840.0,82.723053
-840.0,840.0,79.040869
-800.0,840.0,75.491289
-760.0,840.0,72.074454
-720.0,840.0,68.790662
-680.0,840.0,65.640129
-640.0,840.0,62.622996
-600.0,840.0,59.739294
-560.0,840.0,56.989227
-520.0,840.0,54.372904
-480.0,840.0,51.89041
-440.0,840.0,49.541582
-400.0,840.0,47.326574
-360.0,840.0,45.245374
-320.0,840.0,43.297798
-280.0,840.0,41.483891
-240.0,840.0,39.803502
-200.0,840.0,38.256371
-160.0,840.0,36.842458
-120.0,840.0,35.561511
-80.0,840.0,34.413235
-40.0,840.0,33.397297
0.0,840.0,32.513465
40.0,840.0,31.761615
80.0,840.0,31.148118
120.0,840.0,30.692872
160.0,840.0,30.428895
200.0,840.0,30.402062
240.0,840.0,30.670428
280.0,840.0,31.234144
320.0,840.0,31.938473
360.0,840.0,32.77356
400.0,840.0,33.739357
440.0,840.0,34.836438
480.0,840.0,36.064648
520.0,840.0,37.424512
560.0,840.0,38.916093
600.0,840.0,40.539316
640.0,840.0,42.294443
680.0,840.0,44.181453
720.0,840.0,46.200277
760.0,840.0,48.350799
800.0,840.0,50.632853
840.0,840.0,53.046235
880.0,840.0,55.590698
920.0,840.0,58.26596
960.0,840.0,61.071706
1000.0,840.0,64.007352
1040.0,840.0,67.072417
1080.0,840.0,70.266714
1120.0,840.0,73.589286
1160.0,840.0,77.039745
1200.0,840.0,80.617321
1240.0,840.0,84.321383
1280.0,840.0,88.150815
1320.0,840.0,92.105252
1360.0,840.0,96.18337
1400.0,840.0,100.384072
1440.0,840.0,104.706586
1480.0,840.0,109.149692
1520.0,840.0,
1560.0,840.0,
-1560.0,880.0,
-1520.0,880.0,
-1480.0,880.0,
-1440.0,880.0,
-1400.0,880.0,
-1360.0,880.0,
-1320.0,880.0,
-1280.0,880.0,
-1240.0,880.0,
-1200.0,880.0,114.314804
-1160.0,880.0,109.80166
-1120.0,880.0,105.411663
-1080.0,880.0,101.1459
-1040.0,880.0,97.004336
-1000.0,880.0,92.987928
-960.0,880.0,89.096623
-920.0,880.0,85.330951
-880.0,880.0,81.691323
-840.0,880.0,78.177966
-800.0,880.0,74.791096
-760.0,880.0,71.530913
-720.0,880.0,68.397604
-680.0,880.0,65.391343
-640.0,880.0,62.512284
-600.0,880.0,59.760567
-560.0,880.0,57.136309
-520.0,880.0,54.639608
-480.0,880.0,52.27028
-440.0,880.0,50.028574
-400.0,880.0,47.914477
-360.0,880.0,45.927791
-320.0,880.0,44.068675
-280.0,880.0,42.336879
-240.0,880.0,40.732355
-200.0,880.0,39.255044
-160.0,880.0,37.904639
-120.0,880.0,36.680969
-80.0,880.0,35.583875
-40.0,880.0,34.613094
0.0,880.0,33.768356
40.0,880.0,33.049552
80.0,880.0,32.462728
120.0,880.0,32.02699
160.0,880.0,31.773969
200.0,880.0,31.747549
240.0,880.0,32.003185
280.0,880.0,32.541769
320.0,880.0,33.215068
360.0,880.0,34.012941
400.0,880.0,34.935917
440.0,880.0,35.983921
480.0,880.0,37.157416
520.0,880.0,38.456189
560.0,880.0,39.880699
600.0,880.0,41.431003
640.0,880.0,43.106859
680.0,880.0,44.90853
720.0,880.0,46.835954
760.0,880.0,48.889024
800.0,880.0,51.067596
840.0,880.0,53.371483
880.0,880.0,55.800465
920.0,880.0,58.354287
960.0,880.0,61.032661
1000.0,880.0,63.835272
1040.0,880.0,66.761359
1080.0,880.0,69.810799
1120.0,880.0,72.983242
1160.0,880.0,76.277607
1200.0,880.0,79.693788
1240.0,880.0,83.230832
1280.0,880.0,86.888262
1320.0,880.0,90.664934
1360.0,880.0,94.560584
1400.0,880.0,98.573714
1440.0,880.0,102.703589
1480.0,880.0,
1520.0,880.0,
1560.0,880.0,
-1520.0,920.0,
-1480.0,920.0,
-1440.0,920.0,
-1400.0,920.0,
-1360.0,920.0,
-1320.0,920.0,
-1280.0,920.0,
-1240.0,920.0,
-1200.0,920.0,
-1160.0,920.0,107.748997
-1120.0,920.0,103.551541
-1080.0,920.0,99.472307
-1040.0,920.0,95.512398
-1000.0,920.0,91.672029
-960.0,920.0,87.951251
-920.0,920.0,84.350726
-880.0,920.0,80.870688
-840.0,920.0,77.511355
-800.0,920.0,74.272933
-760.0,920.0,71.155616
-720.0,920.0,68.159582
-680.0,920.0,65.284991
-640.0,920.0,62.531992
-600.0,920.0,59.900712
-560.0,920.0,57.391253
-520.0,920.0,55.003411
-480.0,920.0,52.73754
-440.0,920.0,50.593598
-400.0,920.0,48.571397
-360.0,920.0,46.671181
-320.0,920.0,44.892612
-280.0,920.0,43.23583
-240.0,920.0,41.7007
-200.0,920.0,40.286928
-160.0,920.0,38.994548
-120.0,920.0,37.823358
-80.0,920.0,36.773142
-40.0,920.0,35.843675
0.0,920.0,35.034708
40.0,920.0,34.346185
80.0,920.0,33.783806
120.0,920.0,33.365919
160.0,920.0,33.122842
200.0,920.0,33.096674
240.0,920.0,33.340862
280.0,920.0,33.85647
320.0,920.0,34.501032
360.0,920.0,35.265122
400.0,920.0,36.148653
440.0,920.0,37.151989
480.0,920.0,38.275093
520.0,920.0,39.518343
560.0,920.0,40.88146
600.0,920.0,42.364858
640.0,920.0,43.968546
680.0,920.0,45.692314
720.0,920.0,47.53624
760.0,920.0,49.500297
800.0,920.0,51.584355
840.0,920.0,53.788245
880.0,920.0,56.111766
920.0,920.0,58.554685
960.0,920.0,61.116741
1000.0,920.0,63.797644
1040.0,920.0,66.596943
1080.0,920.0,69.514088
1120.0,920.0,72.54894
1160.0,920.0,75.701103
1200.0,920.0,78.969357
1240.0,920.0,82.353908
1280.0,920.0,85.853581
1320.0,920.0,89.46809
1360.0,920.0,93.196216
1400.0,920.0,97.037813
1440.0,920.0,
1480.0,920.0,
1520.0,920.0,
-1520.0,960.0,
-1480.0,960.0,
-1440.0,960.0,
-1400.0,960.0,
-1360.0,960.0,
-1320.0,960.0,
-1280.0,960.0,
-1240.0,960.0,
-1200.0,960.0,
-1160.0,960.0,
-1120.0,960.0,101.962701
-1080.0,960.0,98.054847
-1040.0,960.0,94.261307
-1000.0,960.0,90.582092
-960.0,960.0,87.017662
-920.0,960.0,83.568411
-880.0,960.0,80.234562
-840.0,960.0,77.016326
-800.0,960.0,73.913901
-760.0,960.0,70.92747
-720.0,960.0,68.057201
-680.0,960.0,65.303249
-640.0,960.0,62.665749
-600.0,960.0,60.144739
-560.0,960.0,57.740183
-520.0,960.0,55.452363
-480.0,960.0,53.281248
-440.0,960.0,51.226679
-400.0,960.0,49.288959
-360.0,960.0,47.467676
-320.0,960.0,45.763136
-280.0,960.0,44.175047
-240.0,960.0,42.703368
-200.0,960.0,41.348077
-160.0,960.0,40.10898
-120.0,960.0,38.985805
-80.0,960.0,37.97852
-40.0,960.0,37.086929
0.0,960.0,36.310831
40.0,960.0,35.650138
80.0,960.0,35.110289
120.0,960.0,34.708918
160.0,960.0,34.475129
200.0,960.0,34.44929
240.0,960.0,34.682747
280.0,960.0,35.177145
320.0,960.0,35.795568
360.0,960.0,36.528293
400.0,960.0,37.375757
440.0,960.0,38.337901
480.0,960.0,39.41494
520.0,960.0,40.606867
560.0,960.0,41.913998
600.0,960.0,43.33598
640.0,960.0,44.873202
680.0,960.0,46.525633
720.0,960.0,48.293122
760.0,960.0,50.175541
800.0,960.0,52.172923
840.0,960.0,54.285115
880.0,960.0,56.511933
920.0,960.0,58.853163
960.0,960.0,61.308564
1000.0,960.0,63.87787
1040.0,960.0,66.560787
1080.0,960.0,69.35667
1120.0,960.0,72.265354
1160.0,960.0,75.286519
1200.0,960.0,78.419628
1240.0,960.0,81.663744
1280.0,960.0,85.018973
1320.0,960.0,88.484029
1360.0,960.0,92.058855
1400.0,960.0,95.742111
1440.0,960.0,
1480.0,960.0,
1520.0,960.0,
-1480.0,1000.0,
-1440.0,1000.0,
-1400.0,1000.0,
-1360.0,1000.0,
-1320.0,1000.0,
-1280.0,1000.0,
-1240.0,1000.0,
-1200.0,1000.0,
-1160.0,1000.0,
-1120.0,1000.0,
-1080.0,1000.0,96.862498
-1040.0,1000.0,93.221898
-1000.0,1000.0,89.690926
-960.0,1000.0,86.270245
-920.0,1000.0,82.960082
-880.0,1000.0,79.760653
-840.0,1000.0,76.672159
-800.0,1000.0,73.69479
-760.0,1000.0,70.82872
-720.0,1000.0,68.074108
-680.0,1000.0,65.431099
-640.0,1000.0,62.899649
-600.0,1000.0,60.479919
-560.0,1000.0,58.172105
-520.0,1000.0,55.976167
-480.0,1000.0,53.892002
-440.0,1000.0,51.919936
-400.0,1000.0,50.059525
-360.0,1000.0,48.311194
-320.0,1000.0,46.67451
-280.0,1000.0,45.149668
-240.0,1000.0,43.736585
-200.0,1000.0,42.434898
-160.0,1000.0,41.244724
-120.0,1000.0,40.165903
-80.0,1000.0,39.198269
-40.0,1000.0,38.34165
0.0,1000.0,37.595873
40.0,1000.0,36.96086
80.0,1000.0,36.441755
120.0,1000.0,36.055547
160.0,1000.0,35.830222
200.0,1000.0,35.804681
240.0,1000.0,36.028434
280.0,1000.0,36.503264
320.0,1000.0,37.097272
360.0,1000.0,37.801357
400.0,1000.0,38.615406
440.0,1000.0,39.53965
480.0,1000.0,40.574147
520.0,1000.0,41.71898
560.0,1000.0,42.97416
600.0,1000.0,44.339946
640.0,1000.0,45.815969
680.0,1000.0,47.402538
720.0,1000.0,49.099616
760.0,1000.0,50.907112
800.0,1000.0,52.824726
840.0,1000.0,54.852515
880.0,1000.0,56.990329
920.0,1000.0,59.237969
960.0,1000.0,61.595214
1000.0,1000.0,64.061815
1040.0,1000.0,66.637502
1080.0,1000.0,69.321824
1120.0,1000.0,72.114391
1160.0,1000.0,75.014989
1200.0,1000.0,78.023255
1240.0,1000.0,81.138478
1280.0,1000.0,84.360085
1320.0,1000.0,87.688016
1360.0,1000.0,91.120868
1400.0,1000.0,
1440.0,1000.0,
1480.0,1000.0,
-1440.0,1040.0,
-1400.0,1040.0,
-1360.0,1040.0,
-1320.0,1040.0,
-1280.0,1040.0,
-1240.0,1040.0,
-1200.0,1040.0,
-1160.0,1040.0,
-1120.0,1040.0,
-1080.0,1040.0,
-1040.0,1040.0,92.369483
-1000.0,1040.0,88.975419
-960.0,1040.0,85.687361
-920.0,1040.0,82.505527
-880.0,1040.0,79.430124
-840.0,1040.0,76.461345
-800.0,1040.0,73.59937
-760.0,1040.0,70.844364
-720.0,1040.0,68.196458
-680.0,1040.0,65.655574
-640.0,1040.0,63.222038
-600.0,1040.0,60.895961
-560.0,1040.0,58.677281
-520.0,1040.0,56.565977
-480.0,1040.0,54.562352
-440.0,1040.0,52.666
-400.0,1040.0,50.877369
-360.0,1040.0,49.195981
-320.0,1040.0,47.622182
-280.0,1040.0,46.155699
-240.0,1040.0,44.796461
-200.0,1040.0,43.544496
-160.0,1040.0,42.399671
-120.0,1040.0,41.361762
-80.0,1040.0,40.430678
-40.0,1040.0,39.606333
0.0,1040.0,38.888577
40.0,1040.0,38.27734
80.0,1040.0,37.777485
120.0,1040.0,37.405404
160.0,1040.0,37.188045
200.0,1040.0,37.162719
240.0,1040.0,37.37728
280.0,1040.0,37.83401
320.0,1040.0,38.405706
360.0,1040.0,39.082975
400.0,1040.0,39.866229
440.0,1040.0,40.755407
480.0,1040.0,41.750548
520.0,1040.0,42.851813
560.0,1040.0,44.059173
600.0,1040.0,45.372648
640.0,1040.0,46.792448
680.0,1040.0,48.318216
720.0,1040.0,49.950157
760.0,1040.0,51.688247
800.0,1040.0,53.532372
840.0,1040.0,55.482343
880.0,1040.0,57.537957
920.0,1040.0,59.699166
960.0,1040.0,61.965765
1000.0,1040.0,64.337522
1040.0,1040.0,66.814185
1080.0,1040.0,69.395409
1120.0,1040.0,72.080742
1160.0,1040.0,74.869998
1200.0,1040.0,77.762835
1240.0,1040.0,80.758893
1280.0,1040.0,83.85727
1320.0,1040.0,87.057788
1360.0,1040.0,
1400.0,1040.0,
1440.0,1040.0,
-1440.0,1080.0,
-1400.0,1080.0,
-1360.0,1080.0,
-1320.0,1080.0,
-1280.0,1080.0,
-1240.0,1080.0,
-1200.0,1080.0,
-1160.0,1080.0,
-1120.0,1080.0,
-1080.0,1080.0,
-1040.0,1080.0,
-1000.0,1080.0,88.415914
-960.0,1080.0,85.250606
-920.0,1080.0,82.187553
-880.0,1080.0,79.226952
-840.0,1080.0,76.368988
-800.0,1080.0,73.613831
-760.0,1080.0,70.961484
-720.0,1080.0,68.412156
-680.0,1080.0,65.966034
-640.0,1080.0,63.623237
-600.0,1080.0,61.383668
-560.0,1080.0,59.247412
-520.0,1080.0,57.214734
-480.0,1080.0,55.285252
-440.0,1080.0,53.459407
-400.0,1080.0,51.736806
-360.0,1080.0,50.117798
-320.0,1080.0,48.601973
-280.0,1080.0,47.189536
-240.0,1080.0,45.880431
-200.0,1080.0,44.674378
-160.0,1080.0,43.571393
-120.0,1080.0,42.571417
-80.0,1080.0,41.67432
-40.0,1080.0,40.879971
0.0,1080.0,40.18824
40.0,1080.0,39.599064
80.0,1080.0,39.117028
120.0,1080.0,38.757985
160.0,1080.0,38.547901
200.0,1080.0,38.52294
240.0,1080.0,38.729151
280.0,1080.0,39.168985
320.0,1080.0,39.71968
360.0,1080.0,40.372383
400.0,1080.0,41.126953
440.0,1080.0,41.983557
480.0,1080.0,42.942313
520.0,1080.0,44.00308
560.0,1080.0,45.166114
600.0,1080.0,46.431292
640.0,1080.0,47.798627
680.0,1080.0,49.268298
720.0,1080.0,50.839976
760.0,1080.0,52.513743
800.0,1080.0,54.289603
840.0,1080.0,56.167428
880.0,1080.0,58.147062
920.0,1080.0,60.228288
960.0,1080.0,62.410912
1000.0,1080.0,64.694807
1040.0,1080.0,67.079739
1080.0,1080.0,69.565381
1120.0,1080.0,72.151375
1160.0,1080.0,74.837484
1200.0,1080.0,77.623388
1240.0,1080.0,80.508747
1280.0,1080.0,83.493177
1320.0,1080.0,
1360.0,1080.0,
1400.0,1080.0,
1440.0,1080.0,
-1400.0,1120.0,
-1360.0,1120.0,
-1320.0,1120.0,
-1280.0,1120.0,
-1240.0,1120.0,
-1200.0,1120.0,
-1160.0,1120.0,
-1120.0,1120.0,
-1080.0,1120.0,
-1040.0,1120.0,
-1000.0,1120.0,
-960.0,1120.0,84.944228
-920.0,1120.0,81.991444
-880.0,1120.0,79.13742
-840.0,1120.0,76.382222
-800.0,1120.0,73.726045
-760.0,1120.0,71.169078
-720.0,1120.0,68.711464
-680.0,1120.0,66.35333
-640.0,1120.0,64.094527
-600.0,1120.0,61.935278
-560.0,1120.0,59.87579
-520.0,1120.0,57.915693
-480.0,1120.0,56.05544
-440.0,1120.0,54.294702
-400.0,1120.0,52.633793
-360.0,1120.0,51.072307
-320.0,1120.0,49.61057
-280.0,1120.0,48.248374
-240.0,1120.0,46.985575
-200.0,1120.0,45.822269
-160.0,1120.0,44.758347
-120.0,1120.0,43.793698
-80.0,1120.0,42.92813
-40.0,1120.0,42.161614
0.0,1120.0,41.494066
40.0,1120.0,40.925432
80.0,1120.0,40.46003
120.0,1120.0,40.113208
160.0,1120.0,39.909927
200.0,1120.0,39.885143
240.0,1120.0,40.083374
280.0,1120.0,40.507616
320.0,1120.0,41.039019
360.0,1120.0,41.668532
400.0,1120.0,42.396512
440.0,1120.0,43.222899
480.0,1120.0,44.147617
520.0,1120.0,45.170958
560.0,1120.0,46.292614
600.0,1120.0,47.512922
640.0,1120.0,48.831691
680.0,1120.0,50.248909
720.0,1120.0,51.764735
760.0,1120.0,53.378887
800.0,1120.0,55.091303
840.0,1120.0,56.902034
880.0,1120.0,58.810934
920.0,1120.0,60.817837
960.0,1120.0,62.922555
1000.0,1120.0,65.124881
1040.0,1120.0,67.424585
1080.0,1120.0,69.82142
1120.0,1120.0,72.315119
1160.0,1120.0,74.905397
1200.0,1120.0,77.591951
1240.0,1120.0,80.37446
1280.0,1120.0,
1320.0,1120.0,
1360.0,1120.0,
1400.0,1120.0,
-1360.0,1160.0,
-1320.0,1160.0,
-1280.0,1160.0,
-1240.0,1160.0,
-1200.0,1160.0,
-1160.0,1160.0,
-1120.0,1160.0,
-1080.0,1160.0,
-1040.0,1160.0,
-1000.0,1160.0,
-960.0,1160.0,
-920.0,1160.0,81.904362
-880.0,1160.0,79.149423
-840.0,1160.0,76.489933
-800.0,1160.0,73.926054
-760.0,1160.0,71.457935
-720.0,1160.0,69.085709
-680.0,1160.0,66.809162
-640.0,1160.0,64.628679
-600.0,1160.0,62.544397
-560.0,1160.0,60.555942
-520.0,1160.0,58.663805
-480.0,1160.0,56.867693
-440.0,1160.0,55.167854
-400.0,1160.0,53.564018
-360.0,1160.0,52.056486
-320.0,1160.0,50.644885
-280.0,1160.0,49.329391
-240.0,1160.0,48.109985
-200.0,1160.0,46.986499
-160.0,1160.0,45.958796
-120.0,1160.0,45.026929
-80.0,1160.0,44.190796
-40.0,1160.0,43.450297
0.0,1160.0,42.805332
40.0,1160.0,42.255854
80.0,1160.0,41.805924
120.0,1160.0,41.470422
160.0,1160.0,41.273561
200.0,1160.0,41.2491
240.0,1160.0,41.440048
280.0,1160.0,41.849538
320.0,1160.0,42.362713
360.0,1160.0,42.970923
400.0,1160.0,43.673995
440.0,1160.0,44.47208
480.0,1160.0,45.36533
520.0,1160.0,46.353438
560.0,1160.0,47.436857
600.0,1160.0,48.615131
640.0,1160.0,49.888663
680.0,1160.0,51.257213
720.0,1160.0,52.720731
760.0,1160.0,54.279368
800.0,1160.0,55.932905
840.0,1160.0,57.681114
880.0,1160.0,59.524105
920.0,1160.0,61.461722
960.0,1160.0,63.493789
1000.0,1160.0,65.620109
1040.0,1160.0,67.840467
1080.0,1160.0,70.154631
1120.0,1160.0,72.562348
1160.0,1160.0,75.06335
1200.0,1160.0,77.65735
1240.0,1160.0,
1280.0,1160.0,
1320.0,1160.0,
1360.0,1160.0,
-1320.0,1200.0,
-1280.0,1200.0,
-1240.0,1200.0,
-1200.0,1200.0,
-1160.0,1200.0,
-1120.0,1200.0,
-1080.0,1200.0,
-1040.0,1200.0,
-1000.0,1200.0,
-960.0,1200.0,
-920.0,1200.0,
-880.0,1200.0,79.252958
-840.0,1200.0,76.682827
-800.0,1200.0,74.205096
-760.0,1200.0,71.819847
-720.0,1200.0,69.526957
-680.0,1200.0,67.326831
-640.0,1200.0,65.219574
-600.0,1200.0,63.204798
-560.0,1200.0,61.283053
-520.0,1200.0,59.454059
-480.0,1200.0,57.718016
-440.0,1200.0,56.074772
-400.0,1200.0,54.524557
-360.0,1200.0,53.066991
-320.0,1200.0,51.702401
-280.0,1200.0,50.43066
-240.0,1200.0,49.251513
-200.0,1200.0,48.165137
-160.0,1200.0,47.171444
-120.0,1200.0,46.270345
-80.0,1200.0,45.461751
-40.0,1200.0,44.745553
0.0,1200.0,44.121672
40.0,1200.0,43.590118
80.0,1200.0,43.154693
120.0,1200.0,42.829774
160.0,1200.0,42.63882
200.0,1200.0,42.614498
240.0,1200.0,42.79848
280.0,1200.0,43.194412
320.0,1200.0,43.690709
360.0,1200.0,44.278669
400.0,1200.0,44.958564
440.0,1200.0,45.730334
480.0,1200.0,46.593838
520.0,1200.0,47.549458
560.0,1200.0,48.596683
600.0,1200.0,49.736101
640.0,1200.0,50.967127
680.0,1200.0,52.290219
720.0,1200.0,53.705109
760.0,1200.0,55.211688
800.0,1200.0,56.810116
840.0,1200.0,58.50025
880.0,1200.0,60.281672
920.0,1200.0,62.15457
960.0,1200.0,64.118776
1000.0,1200.0,66.174105
1040.0,1200.0,68.320356
1080.0,1200.0,70.557307
1120.0,1200.0,72.884721
1160.0,1200.0,
1200.0,1200.0,
1240.0,1200.0,
1280.0,1200.0,
1320.0,1200.0,
-1280.0,1240.0,
-1240.0,1240.0,
-1200.0,1240.0,
-1160.0,1240.0,
-1120.0,1240.0,
-1080.0,1240.0,
-1040.0,1240.0,
-1000.0,1240.0,
-960.0,1240.0,
-920.0,1240.0,
-880.0,1240.0,
-840.0,1240.0,
-800.0,1240.0,74.555329
-760.0,1240.0,72.247369
-720.0,1240.0,70.029041
-680.0,1240.0,67.900422
-640.0,1240.0,65.861204
-600.0,1240.0,63.911914
-560.0,1240.0,62.052294
-520.0,1240.0,60.282517
-480.0,1240.0,58.602528
-440.0,1240.0,57.012431
-400.0,1240.0,55.512034
-360.0,1240.0,54.101611
-320.0,1240.0,52.780842
-280.0,1240.0,51.549837
-240.0,1240.0,50.40863
-200.0,1240.0,49.357144
-160.0,1240.0,48.395144
-120.0,1240.0,47.522715
-80.0,1240.0,46.739808
-40.0,1240.0,46.046344
0.0,1240.0,45.442246
40.0,1240.0,44.927479
80.0,1240.0,44.50562
120.0,1240.0,44.190699
160.0,1240.0,44.005402
200.0,1240.0,43.981366
240.0,1240.0,44.158855
280.0,1240.0,44.541831
320.0,1240.0,45.022191
360.0,1240.0,45.5915
400.0,1240.0,46.24954
440.0,1240.0,46.996494
480.0,1240.0,47.832516
520.0,1240.0,48.757183
560.0,1240.0,49.771031
600.0,1240.0,50.873554
640.0,1240.0,52.065265
680.0,1240.0,53.345538
720.0,1240.0,54.714864
760.0,1240.0,56.172974
800.0,1240.0,57.719678
840.0,1240.0,59.355158
880.0,1240.0,61.079283
920.0,1240.0,62.891662
960.0,1240.0,64.792332
1000.0,1240.0,66.781199
1040.0,1240.0,68.85807
1080.0,1240.0,71.022737
1120.0,1240.0,
1160.0,1240.0,
1200.0,1240.0,
1240.0,1240.0,
1280.0,1240.0,
-1240.0,1280.0,
-1200.0,1280.0,
-1160.0,1280.0,
-1120.0,1280.0,
-1080.0,1280.0,
-1040.0,1280.0,
-1000.0,1280.0,
-960.0,1280.0,
-920.0,1280.0,
-880.0,1280.0,
-840.0,1280.0,
-800.0,1280.0,
-760.0,1280.0,72.734694
-720.0,1280.0,70.586196
-680.0,1280.0,68.524229
-640.0,1280.0,66.549268
-600.0,1280.0,64.661071
-560.0,1280.0,62.859807
-520.0,1280.0,61.145492
-480.0,1280.0,59.518123
-440.0,1280.0,57.97768
-400.0,1280.0,56.52435
-360.0,1280.0,55.157739
-320.0,1280.0,53.878195
-280.0,1280.0,52.685654
-240.0,1280.0,51.579805
-200.0,1280.0,50.560829
-160.0,1280.0,49.628684
-120.0,1280.0,48.7833
-80.0,1280.0,48.024605
-40.0,1280.0,47.35253
0.0,1280.0,46.767007
40.0,1280.0,46.268005
80.0,1280.0,45.858876
120.0,1280.0,45.553261
160.0,1280.0,45.373148
200.0,1280.0,45.349217
240.0,1280.0,45.520644
280.0,1280.0,45.891687
320.0,1280.0,46.357125
360.0,1280.0,46.908594
400.0,1280.0,47.546276
440.0,1280.0,48.270093
480.0,1280.0,49.079891
520.0,1280.0,49.976028
560.0,1280.0,50.958065
600.0,1280.0,52.026432
640.0,1280.0,53.180708
680.0,1280.0,54.421329
720.0,1280.0,55.747665
760.0,1280.0,57.1602
800.0,1280.0,58.658691
840.0,1280.0,60.24285
880.0,1280.0,61.912891
920.0,1280.0,63.668675
960.0,1280.0,65.509924
1000.0,1280.0,67.436428
1040.0,1280.0,
1080.0,1280.0,
1120.0,1280.0,
1160.0,1280.0,
1200.0,1280.0,
1240.0,1280.0,
-1200.0,1320.0,
-1160.0,1320.0,
-1120.0,1320.0,
-1080.0,1320.0,
-1040.0,1320.0,
-1000.0,1320.0,
-960.0,1320.0,
-920.0,1320.0,
-880.0,1320.0,
-840.0,1320.0,
-800.0,1320.0,
-760.0,1320.0,
-720.0,1320.0,
-680.0,1320.0,69.194124
-640.0,1320.0,67.279218
-600.0,1320.0,65.448514
-560.0,1320.0,63.702077
-520.0,1320.0,62.039818
-480.0,1320.0,60.461867
-440.0,1320.0,58.968231
-400.0,1320.0,57.558752
-360.0,1320.0,56.233699
-320.0,1320.0,54.99282
-280.0,1320.0,53.836121
-240.0,1320.0,52.763705
-200.0,1320.0,51.775508
-160.0,1320.0,50.871432
-120.0,1320.0,50.051336
-80.0,1320.0,49.315306
-40.0,1320.0,48.663281
0.0,1320.0,48.095202
40.0,1320.0,47.611039
80.0,1320.0,47.213931
120.0,1320.0,46.917156
160.0,1320.0,46.742033
200.0,1320.0,46.718316
240.0,1320.0,46.883904
280.0,1320.0,47.243474
320.0,1320.0,47.694895
360.0,1320.0,48.229903
400.0,1320.0,48.848223
440.0,1320.0,49.550117
480.0,1320.0,50.335694
520.0,1320.0,51.20449
560.0,1320.0,52.157023
600.0,1320.0,53.192902
640.0,1320.0,54.312402
680.0,1320.0,55.515192
720.0,1320.0,56.801647
760.0,1320.0,58.171128
800.0,1320.0,59.624109
840.0,1320.0,61.160393
880.0,1320.0,62.779571
920.0,1320.0,64.481901
960.0,1320.0,66.267237
1000.0,1320.0,
1040.0,1320.0,
1080.0,1320.0,
1120.0,1320.0,
1160.0,1320.0,
1200.0,1320.0,
-1160.0,1360.0,
-1120.0,1360.0,
-1080.0,1360.0,
-1040.0,1360.0,
-1000.0,1360.0,
-960.0,1360.0,
-920.0,1360.0,
-880.0,1360.0,
-840.0,1360.0,
-800.0,1360.0,
-760.0,1360.0,
-720.0,1360.0,
-680.0,1360.0,
-640.0,1360.0,
-600.0,1360.0,66.270878
-560.0,1360.0,64.575907
-520.0,1360.0,62.962768
-480.0,1360.0,61.431303
-440.0,1360.0,59.981579
-400.0,1360.0,58.613782
-360.0,1360.0,57.327461
-320.0,1360.0,56.123005
-280.0,1360.0,55.000358
-240.0,1360.0,53.959324
-200.0,1360.0,52.999895
-160.0,1360.0,52.122142
-120.0,1360.0,51.326008
-80.0,1360.0,50.611435
-40.0,1360.0,49.978369
0.0,1360.0,49.426757
40.0,1360.0,48.956573
80.0,1360.0,48.570753
120.0,1360.0,48.28222
160.0,1360.0,48.111681
200.0,1360.0,48.08807
240.0,1360.0,48.248357
280.0,1360.0,48.59733
320.0,1360.0,49.035423
360.0,1360.0,49.554593
400.0,1360.0,50.154918
440.0,1360.0,50.836289
480.0,1360.0,51.598582
520.0,1360.0,52.442118
560.0,1360.0,53.366508
600.0,1360.0,54.37205
640.0,1360.0,55.458519
680.0,1360.0,56.626048
720.0,1360.0,57.874387
760.0,1360.0,59.203864
800.0,1360.0,60.613815
840.0,1360.0,62.104713
880.0,1360.0,63.676422
920.0,1360.0,
960.0,1360.0,
1000.0,1360.0,
1040.0,1360.0,
1080.0,1360.0,
1120.0,1360.0,
1160.0,1360.0,
-1120.0,1400.0,
-1080.0,1400.0,
-1040.0,1400.0,
-1000.0,1400.0,
-960.0,1400.0,
-920.0,1400.0,
-880.0,1400.0,
-840.0,1400.0,
-800.0,1400.0,
-760.0,1400.0,
-720.0,1400.0,
-680.0,1400.0,
-640.0,1400.0,
-600.0,1400.0,
-560.0,1400.0,
-520.0,1400.0,63.911737
-480.0,1400.0,62.42417
-440.0,1400.0,61.016008
-400.0,1400.0,59.687086
-360.0,1400.0,58.437684
-320.0,1400.0,57.267638
-280.0,1400.0,56.176809
-240.0,1400.0,55.165387
-200.0,1400.0,54.233319
-160.0,1400.0,53.380552
-120.0,1400.0,52.606992
-80.0,1400.0,51.912567
-40.0,1400.0,51.297329
0.0,1400.0,50.761233
40.0,1400.0,50.304253
80.0,1400.0,49.929133
120.0,1400.0,49.648459
160.0,1400.0,49.482361
200.0,1400.0,49.458807
240.0,1400.0,49.613869
280.0,1400.0,49.952594
320.0,1400.0,50.378303
360.0,1400.0,50.882833
400.0,1400.0,51.465859
440.0,1400.0,52.127739
480.0,1400.0,52.868512
520.0,1400.0,53.687716
560.0,1400.0,54.585838
600.0,1400.0,55.562576
640.0,1400.0,56.618015
680.0,1400.0,57.752086
720.0,1400.0,58.964799
760.0,1400.0,60.255962
800.0,1400.0,
840.0,1400.0,
880.0,1400.0,
920.0,1400.0,
960.0,1400.0,
1000.0,1400.0,
1040.0,1400.0,
1080.0,1400.0,
1120.0,1400.0,
-1080.0,1440.0,
-1040.0,1440.0,
-1000.0,1440.0,
-960.0,1440.0,
-920.0,1440.0,
-880.0,1440.0,
-840.0,1440.0,
-800.0,1440.0,
-760.0,1440.0,
-720.0,1440.0,
-680.0,1440.0,
-640.0,1440.0,
-600.0,1440.0,
-560.0,1440.0,
-520.0,1440.0,
-480.0,1440.0,
-440.0,1440.0,
-400.0,1440.0,60.777685
-360.0,1440.0,59.562821
-320.0,1440.0,58.425157
-280.0,1440.0,57.364694
-240.0,1440.0,56.381365
-200.0,1440.0,55.474934
-160.0,1440.0,54.645601
-120.0,1440.0,53.893318
-80.0,1440.0,53.218041
-40.0,1440.0,52.619725
0.0,1440.0,52.098329
40.0,1440.0,51.653829
80.0,1440.0,51.288783
120.0,1440.0,51.015456
160.0,1440.0,50.853446
200.0,1440.0,50.8301
240.0,1440.0,50.980406
280.0,1440.0,51.3096
320.0,1440.0,51.723356
360.0,1440.0,52.213736
400.0,1440.0,52.780768
440.0,1440.0,53.424295
480.0,1440.0,54.144266
520.0,1440.0,54.940947
560.0,1440.0,55.813984
600.0,1440.0,56.763587
640.0,1440.0,57.789682
680.0,1440.0,
720.0,1440.0,
760.0,1440.0,
800.0,1440.0,
840.0,1440.0,
880.0,1440.0,
920.0,1440.0,
960.0,1440.0,
1000.0,1440.0,
1040.0,1440.0,
1080.0,1440.0,
-1000.0,1480.0,
-960.0,1480.0,
-920.0,1480.0,
-880.0,1480.0,
-840.0,1480.0,
-800.0,1480.0,
-760.0,1480.0,
-720.0,1480.0,
-680.0,1480.0,
-640.0,1480.0,
-600.0,1480.0,
-560.0,1480.0,
-520.0,1480.0,
-480.0,1480.0,
-440.0,1480.0,
-400.0,1480.0,
-360.0,1480.0,
-320.0,1480.0,
-280.0,1480.0,
-240.0,1480.0,
-200.0,1480.0,56.723986
-160.0,1480.0,55.917017
-120.0,1480.0,55.184982
-80.0,1480.0,54.527839
-40.0,1480.0,53.945483
0.0,1480.0,53.437976
40.0,1480.0,53.005301
80.0,1480.0,52.64984
120.0,1480.0,52.383513
160.0,1480.0,52.225353
200.0,1480.0,52.202038
240.0,1480.0,52.347631
280.0,1480.0,52.667693
320.0,1480.0,53.070406
360.0,1480.0,53.547604
400.0,1480.0,54.099125
440.0,1480.0,54.725233
480.0,1480.0,55.425959
520.0,1480.0,
560.0,1480.0,
600.0,1480.0,
640.0,1480.0,
680.0,1480.0,
720.0,1480.0,
760.0,1480.0,
800.0,1480.0,
840.0,1480.0,
880.0,1480.0,
920.0,1480.0,
960.0,1480.0,
1000.0,1480.0,
-960.0,1520.0,
-920.0,1520.0,
-880.0,1520.0,
-840.0,1520.0,
-800.0,1520.0,
-760.0,1520.0,
-720.0,1520.0,
-680.0,1520.0,
-640.0,1520.0,
-600.0,1520.0,
-560.0,1520.0,
-520.0,1520.0,
-480.0,1520.0,
-440.0,1520.0,
-400.0,1520.0,
-360.0,1520.0,
-320.0,1520.0,
-280.0,1520.0,
-240.0,1520.0,
-200.0,1520.0,
-160.0,1520.0,
-120.0,1520.0,
-80.0,1520.0,
-40.0,1520.0,
0.0,1520.0,
40.0,1520.0,
80.0,1520.0,
120.0,1520.0,
160.0,1520.0,
200.0,1520.0,
240.0,1520.0,
280.0,1520.0,
320.0,1520.0,
360.0,1520.0,
400.0,1520.0,
440.0,1520.0,
480.0,1520.0,
520.0,1520.0,
560.0,1520.0,
600.0,1520.0,
640.0,1520.0,
680.0,1520.0,
720.0,1520.0,
760.0,1520.0,
800.0,1520.0,
840.0,1520.0,
880.0,1520.0,
920.0,1520.0,
960.0,1520.0,
-880.0,1560.0,
-840.0,1560.0,
-800.0,1560.0,
-760.0,1560.0,
-720.0,1560.0,
-680.0,1560.0,
-640.0,1560.0,
-600.0,1560.0,
-560.0,1560.0,
-520.0,1560.0,
-480.0,1560.0,
-440.0,1560.0,
-400.0,1560.0,
-360.0,1560.0,
-320.0,1560.0,
-280.0,1560.0,
-240.0,1560.0,
-200.0,1560.0,
-160.0,1560.0,
-120.0,1560.0,
-80.0,1560.0,
-40.0,1560.0,
0.0,1560.0,
40.0,1560.0,
80.0,1560.0,
120.0,1560.0,
160.0,1560.0,
200.0,1560.0,
240.0,1560.0,
280.0,1560.0,
320.0,1560.0,
360.0,1560.0,
400.0,1560.0,
440.0,1560.0,
480.0,1560.0,
520.0,1560.0,
560.0,1560.0,
600.0,1560.0,
640.0,1560.0,
680.0,1560.0,
720.0,1560.0,
760.0,1560.0,
800.0,1560.0,
840.0,1560.0,
880.0,1560.0,
-800.0,1600.0,
-760.0,1600.0,
-720.0,1600.0,
-680.0,1600.0,
-640.0,1600.0,
-600.0,1600.0,
-560.0,1600.0,
-520.0,1600.0,
-480.0,1600.0,
-440.0,1600.0,
-400.0,1600.0,
-360.0,1600.0,
-320.0,1600.0,
-280.0,1600.0,
-240.0,1600.0,
-200.0,1600.0,
-160.0,1600.0,
-120.0,1600.0,
-80.0,1600.0,
-40.0,1600.0,
0.0,1600.0,
40.0,1600.0,
80.0,1600.0,
120.0,1600.0,
160.0,1600.0,
200.0,1600.0,
240.0,1600.0,
280.0,1600.0,
320.0,1600.0,
360.0,1600.0,
400.0,1600.0,
440.0,1600.0,
480.0,1600.0,
520.0,1600.0,
560.0,1600.0,
600.0,1600.0,
640.0,1600.0,
680.0,1600.0,
720.0,1600.0,
760.0,1600.0,
800.0,1600.0,
-720.0,1640.0,
-680.0,1640.0,
-640.0,1640.0,
-600.0,1640.0,
-560.0,1640.0,
-520.0,1640.0,
-480.0,1640.0,
-440.0,1640.0,
-400.0,1640.0,
-360.0,1640.0,
-320.0,1640.0,
-280.0,1640.0,
-240.0,1640.0,
-200.0,1640.0,
-160.0,1640.0,
-120.0,1640.0,
-80.0,1640.0,
-40.0,1640.0,
0.0,1640.0,
40.0,1640.0,
80.0,1640.0,
120.0,1640.0,
160.0,1640.0,
200.0,1640.0,
240.0,1640.0,
280.0,1640.0,
320.0,1640.0,
360.0,1640.0,
400.0,1640.0,
440.0,1640.0,
480.0,1640.0,
520.0,1640.0,
560.0,1640.0,
600.0,1640.0,
640.0,1640.0,
680.0,1640.0,
720.0,1640.0,
-640.0,1680.0,
-600.0,1680.0,
-560.0,1680.0,
-520.0,1680.0,
-480.0,1680.0,
-440.0,1680.0,
-400.0,1680.0,
-360.0,1680.0,
-320.0,1680.0,
-280.0,1680.0,
-240.0,1680.0,
-200.0,1680.0,
-160.0,1680.0,
-120.0,1680.0,
-80.0,1680.0,
-40.0,1680.0,
0.0,1680.0,
40.0,1680.0,
80.0,1680.0,
120.0,1680.0,
160.0,1680.0,
200.0,1680.0,
240.0,1680.0,
280.0,1680.0,
320.0,1680.0,
360.0,1680.0,
400.0,1680.0,
440.0,1680.0,
480.0,1680.0,
520.0,1680.0,
560.0,1680.0,
600.0,1680.0,
640.0,1680.0,
-520.0,1720.0,
-480.0,1720.0,
-440.0,1720.0,
-400.0,1720.0,
-360.0,1720.0,
-320.0,1720.0,
-280.0,1720.0,
-240.0,1720.0,
-200.0,1720.0,
-160.0,1720.0,
-120.0,1720.0,
-80.0,1720.0,
-40.0,1720.0,
0.0,1720.0,
40.0,1720.0,
80.0,1720.0,
120.0,1720.0,
160.0,1720.0,
200.0,1720.0,
240.0,1720.0,
280.0,1720.0,
320.0,1720.0,
360.0,1720.0,
400.0,1720.0,
440.0,1720.0,
480.0,1720.0,
520.0,1720.0,
-360.0,1760.0,
-320.0,1760.0,
-280.0,1760.0,
-240.0,1760.0,
-200.0,1760.0,
-160.0,1760.0,
-120.0,1760.0,
-80.0,1760.0,
-40.0,1760.0,
0.0,1760.0,
40.0,1760.0,
80.0,1760.0,
120.0,1760.0,
160.0,1760.0,
200.0,1760.0,
240.0,1760.0,
280.0,1760.0,
320.0,1760.0,
360.0,1760.0,
0.0,1800.0,
