x_m,y_m,E_diam_given_detectable_m
0.0,-1800.0,
-360.0,-1760.0,
-320.0,-1760.0,
-280.0,-1760.0,
-240.0,-1760.0,
-200.0,-1760.0,
-160.0,-1760.0,
-120.0,-1760.0,
-80.0,-1760.0,
-40.0,-1760.0,
0.0,-1760.0,
40.0,-1760.0,
80.0,-1760.0,
120.0,-1760.0,
160.0,-1760.0,
200.0,-1760.0,
240.0,-1760.0,
280.0,-1760.0,
320.0,-1760.0,
360.0,-1760.0,
-520.0,-1720.0,
-480.0,-1720.0,
-440.0,-1720.0,
-400.0,-1720.0,
-360.0,-1720.0,
-320.0,-1720.0,
-280.0,-1720.0,
-240.0,-1720.0,
-200.0,-1720.0,
-160.0,-1720.0,
-120.0,-1720.0,
-80.0,-1720.0,
-40.0,-1720.0,
0.0,-1720.0,
40.0,-1720.0,
80.0,-1720.0,
120.0,-1720.0,
160.0,-1720.0,
200.0,-1720.0,
240.0,-1720.0,
280.0,-1720.0,
320.0,-1720.0,
360.0,-1720.0,
400.0,-1720.0,
440.0,-1720.0,
480.0,-1720.0,
520.0,-1720.0,
-640.0,-1680.0,
-600.0,-1680.0,
-560.0,-1680.0,
-520.0,-1680.0,
-480.0,-1680.0,
-440.0,-1680.0,
-400.0,-1680.0,
-360.0,-1680.0,
-320.0,-1680.0,
-280.0,-1680.0,
-240.0,-1680.0,
-200.0,-1680.0,
-160.0,-1680.0,
-120.0,-1680.0,
-80.0,-1680.0,
-40.0,-1680.0,
0.0,-1680.0,
40.0,-1680.0,
80.0,-1680.0,
120.0,-1680.0,
160.0,-1680.0,
200.0,-1680.0,
240.0,-1680.0,
280.0,-1680.0,
320.0,-1680.0,
360.0,-1680.0,
400.0,-1680.0,
440.0,-1680.0,
480.0,-1680.0,
520.0,-1680.0,
560.0,-1680.0,
600.0,-1680.0,
640.0,-1680.0,
-720.0,-1640.0,
-680.0,-1640.0,
-640.0,-1640.0,
-600.0,-1640.0,
-560.0,-1640.0,
-520.0,-1640.0,
-480.0,-1640.0,
-440.0,-1640.0,
-400.0,-1640.0,
-360.0,-1640.0,
-320.0,-1640.0,
-280.0,-1640.0,
-240.0,-1640.0,
-200.0,-1640.0,
-160.0,-1640.0,
-120.0,-1640.0,
-80.0,-1640.0,
-40.0,-1640.0,
0.0,-1640.0,
40.0,-1640.0,
80.0,-1640.0,
120.0,-1640.0,
160.0,-1640.0,
200.0,-1640.0,
240.0,-1640.0,
280.0,-1640.0,
320.0,-1640.0,
360.0,-1640.0,
400.0,-1640.0,
440.0,-1640.0,
480.0,-1640.0,
520.0,-1640.0,
560.0,-1640.0,
600.0,-1640.0,
640.0,-1640.0,
680.0,-1640.0,
720.0,-1640.0,
-800.0,-1600.0,
-760.0,-1600.0,
-720.0,-1600.0,
-680.0,-1600.0,
-640.0,-1600.0,
-600.0,-1600.0,
-560.0,-1600.0,
-520.0,-1600.0,
-480.0,-1600.0,
-440.0,-1600.0,
-400.0,-1600.0,
-360.0,-1600.0,
-320.0,-1600.0,
-280.0,-1600.0,
-240.0,-1600.0,
-200.0,-1600.0,
-160.0,-1600.0,
-120.0,-1600.0,
-80.0,-1600.0,
-40.0,-1600.0,
0.0,-1600.0,
40.0,-1600.0,
80.0,-1600.0,
120.0,-1600.0,
160.0,-1600.0,
200.0,-1600.0,
240.0,-1600.0,
280.0,-1600.0,
320.0,-1600.0,
360.0,-1600.0,
400.0,-1600.0,
440.0,-1600.0,
480.0,-1600.0,
520.0,-1600.0,
560.0,-1600.0,
600.0,-1600.0,
640.0,-1600.0,
680.0,-1600.0,
720.0,-1600.0,
760.0,-1600.0,
800.0,-1600.0,
-880.0,-1560.0,
-840.0,-1560.0,
-800.0,-1560.0,
-760.0,-1560.0,
-720.0,-1560.0,
-680.0,-1560.0,
-640.0,-1560.0,
-600.0,-1560.0,
-560.0,-1560.0,
-520.0,-1560.0,
-480.0,-1560.0,
-440.0,-1560.0,
-400.0,-1560.0,
-360.0,-1560.0,
-320.0,-1560.0,
-280.0,-1560.0,
-240.0,-1560.0,
-200.0,-1560.0,
-160.0,-1560.0,
-120.0,-1560.0,
-80.0,-1560.0,
-40.0,-1560.0,
0.0,-1560.0,
40.0,-1560.0,
80.0,-1560.0,
120.0,-1560.0,
160.0,-1560.0,
200.0,-1560.0,
240.0,-1560.0,
280.0,-1560.0,
320.0,-1560.0,
360.0,-1560.0,
400.0,-1560.0,
440.0,-1560.0,
480.0,-1560.0,
520.0,-1560.0,
560.0,-1560.0,
600.0,-1560.0,
640.0,-1560.0,
680.0,-1560.0,
720.0,-1560.0,
760.0,-1560.0,
800.0,-1560.0,
840.0,-1560.0,
880.0,-1560.0,
-960.0,-1520.0,
-920.0,-1520.0,
-880.0,-1520.0,
-840.0,-1520.0,
-800.0,-1520.0,
-760.0,-1520.0,
-720.0,-1520.0,
-680.0,-1520.0,
-640.0,-1520.0,
-600.0,-1520.0,
-560.0,-1520.0,
-520.0,-1520.0,
-480.0,-1520.0,
-440.0,-1520.0,
-400.0,-1520.0,
-360.0,-1520.0,
-320.0,-1520.0,
-280.0,-1520.0,
-240.0,-1520.0,
-200.0,-1520.0,
-160.0,-1520.0,
-120.0,-1520.0,
-80.0,-1520.0,
-40.0,-1520.0,
0.0,-1520.0,
40.0,-1520.0,
80.0,-1520.0,
120.0,-1520.0,
160.0,-1520.0,
200.0,-1520.0,
240.0,-1520.0,
280.0,-1520.0,
320.0,-1520.0,
360.0,-1520.0,
400.0,-1520.0,
440.0,-1520.0,
480.0,-1520.0,
520.0,-1520.0,
560.0,-1520.0,
600.0,-1520.0,
640.0,-1520.0,
680.0,-1520.0,
720.0,-1520.0,
760.0,-1520.0,
800.0,-1520.0,
840.0,-1520.0,
880.0,-1520.0,
920.0,-1520.0,
960.0,-1520.0,
-1000.0,-1480.0,
-960.0,-1480.0,
-920.0,-1480.0,
-880.0,-1480.0,
-840.0,-1480.0,
-800.0,-1480.0,
-760.0,-1480.0,
-720.0,-1480.0,
-680.0,-1480.0,
-640.0,-1480.0,
-600.0,-1480.0,
-560.0,-1480.0,
-520.0,-1480.0,
-480.0,-1480.0,
-440.0,-1480.0,
-400.0,-1480.0,
-360.0,-1480.0,
-320.0,-1480.0,
-280.0,-1480.0,
-240.0,-1480.0,
-200.0,-1480.0,105.781583
-160.0,-1480.0,103.180571
-120.0,-1480.0,100.658397
-80.0,-1480.0,98.215018
-40.0,-1480.0,95.850377
0.0,-1480.0,93.564403
40.0,-1480.0,91.35701
80.0,-1480.0,89.228193
120.0,-1480.0,87.178309
160.0,-1480.0,85.207977
200.0,-1480.0,83.318115
240.0,-1480.0,81.509881
280.0,-1480.0,79.784755
320.0,-1480.0,78.14439
360.0,-1480.0,76.59084
400.0,-1480.0,75.126207
440.0,-1480.0,73.753012
480.0,-1480.0,72.473884
520.0,-1480.0,71.291669
560.0,-1480.0,70.209599
600.0,-1480.0,69.230763
640.0,-1480.0,68.358768
680.0,-1480.0,67.597187
720.0,-1480.0,66.949896
760.0,-1480.0,66.421142
800.0,-1480.0,66.01478
840.0,-1480.0,65.735555
880.0,-1480.0,65.587743
920.0,-1480.0,65.576013
960.0,-1480.0,65.705587
1000.0,-1480.0,65.980705
-1080.0,-1440.0,
-1040.0,-1440.0,
-1000.0,-1440.0,
-960.0,-1440.0,
-920.0,-1440.0,
-880.0,-1440.0,
-840.0,-1440.0,
-800.0,-1440.0,
-760.0,-1440.0,
-720.0,-1440.0,
-680.0,-1440.0,
-640.0,-1440.0,
-600.0,-1440.0,
-560.0,-1440.0,
-520.0,-1440.0,
-480.0,-1440.0,
-440.0,-1440.0,
-400.0,-1440.0,120.356121
-360.0,-1440.0,117.276191
-320.0,-1440.0,114.277493
-280.0,-1440.0,111.360038
-240.0,-1440.0,108.523825
-200.0,-1440.0,105.768852
-160.0,-1440.0,103.095101
-120.0,-1440.0,100.50255
-80.0,-1440.0,97.99116
-40.0,-1440.0,95.560883
0.0,-1440.0,93.211654
40.0,-1440.0,90.943392
80.0,-1440.0,88.756105
120.0,-1440.0,86.650165
160.0,-1440.0,84.626217
200.0,-1440.0,82.685205
240.0,-1440.0,80.828326
280.0,-1440.0,79.057099
320.0,-1440.0,77.373225
360.0,-1440.0,75.778806
400.0,-1440.0,74.275993
440.0,-1440.0,72.867373
480.0,-1440.0,71.555618
520.0,-1440.0,70.343641
560.0,-1440.0,69.234725
600.0,-1440.0,68.232015
640.0,-1440.0,67.339287
680.0,-1440.0,66.559988
720.0,-1440.0,65.898091
760.0,-1440.0,65.357922
800.0,-1440.0,64.943389
840.0,-1440.0,64.659309
880.0,-1440.0,64.509982
920.0,-1440.0,64.500151
960.0,-1440.0,64.635078
1000.0,-1440.0,64.919158
1040.0,-1440.0,65.358219
1080.0,-1440.0,65.957453
-1120.0,-1400.0,
-1080.0,-1400.0,
-1040.0,-1400.0,
-1000.0,-1400.0,
-960.0,-1400.0,
-920.0,-1400.0,
-880.0,-1400.0,
-840.0,-1400.0,
-800.0,-1400.0,
-760.0,-1400.0,
-720.0,-1400.0,
-680.0,-1400.0,
-640.0,-1400.0,
-600.0,-1400.0,
-560.0,-1400.0,
-520.0,-1400.0,130.85244
-480.0,-1400.0,127.432182
-440.0,-1400.0,124.095529
-400.0,-1400.0,120.842511
-360.0,-1400.0,117.673156
-320.0,-1400.0,114.587486
-280.0,-1400.0,111.58552
-240.0,-1400.0,108.667267
-200.0,-1400.0,105.832732
-160.0,-1400.0,103.081909
-120.0,-1400.0,100.414782
-80.0,-1400.0,97.831323
-40.0,-1400.0,95.33149
0.0,-1400.0,92.915228
40.0,-1400.0,90.582462
80.0,-1400.0,88.333214
120.0,-1400.0,86.167875
160.0,-1400.0,84.087115
200.0,-1400.0,82.091909
240.0,-1400.0,80.183498
280.0,-1400.0,78.36344
320.0,-1400.0,76.63349
360.0,-1400.0,74.995799
400.0,-1400.0,73.452574
440.0,-1400.0,72.006469
480.0,-1400.0,70.660202
520.0,-1400.0,69.416759
560.0,-1400.0,68.279472
600.0,-1400.0,67.251548
640.0,-1400.0,66.336834
680.0,-1400.0,65.538927
720.0,-1400.0,64.861662
760.0,-1400.0,64.309484
800.0,-1400.0,63.886377
840.0,-1400.0,63.597225
880.0,-1400.0,63.446356
920.0,-1400.0,63.438582
960.0,-1400.0,63.579203
1000.0,-1400.0,63.872773
1040.0,-1400.0,64.324977
1080.0,-1400.0,64.94115
1120.0,-1400.0,65.726881
-1160.0,-1360.0,
-1120.0,-1360.0,
-1080.0,-1360.0,
-1040.0,-1360.0,
-1000.0,-1360.0,
-960.0,-1360.0,
-920.0,-1360.0,
-880.0,-1360.0,
-840.0,-1360.0,
-800.0,-1360.0,
-760.0,-1360.0,
-720.0,-1360.0,
-680.0,-1360.0,
-640.0,-1360.0,
-600.0,-1360.0,139.052394
-560.0,-1360.0,135.357284
-520.0,-1360.0,131.748268
-480.0,-1360.0,128.225387
-440.0,-1360.0,124.788682
-400.0,-1360.0,121.438192
-360.0,-1360.0,118.173951
-320.0,-1360.0,114.995993
-280.0,-1360.0,111.904344
-240.0,-1360.0,108.899025
-200.0,-1360.0,105.98005
-160.0,-1360.0,103.147423
-120.0,-1360.0,100.401137
-80.0,-1360.0,97.741176
-40.0,-1360.0,95.167507
0.0,-1360.0,92.680078
40.0,-1360.0,90.278838
80.0,-1360.0,87.963817
120.0,-1360.0,85.735422
160.0,-1360.0,83.594355
200.0,-1360.0,81.541627
240.0,-1360.0,79.578523
280.0,-1360.0,77.706646
320.0,-1360.0,75.92781
360.0,-1360.0,74.244216
400.0,-1360.0,72.658135
440.0,-1360.0,71.172287
480.0,-1360.0,69.789445
520.0,-1360.0,68.512667
560.0,-1360.0,67.345338
600.0,-1360.0,66.290729
640.0,-1360.0,65.352763
680.0,-1360.0,64.535073
720.0,-1360.0,63.841691
760.0,-1360.0,63.276855
800.0,-1360.0,62.844727
840.0,-1360.0,62.550265
880.0,-1360.0,62.397818
920.0,-1360.0,62.392271
960.0,-1360.0,62.53896
1000.0,-1360.0,62.842539
1040.0,-1360.0,63.308713
1080.0,-1360.0,63.942801
1120.0,-1360.0,64.750526
1160.0,-1360.0,65.738352
-1200.0,-1320.0,
-1160.0,-1320.0,
-1120.0,-1320.0,
-1080.0,-1320.0,
-1040.0,-1320.0,
-1000.0,-1320.0,
-960.0,-1320.0,
-920.0,-1320.0,
-880.0,-1320.0,
-840.0,-1320.0,
-800.0,-1320.0,
-760.0,-1320.0,
-720.0,-1320.0,
-680.0,-1320.0,148.198099
-640.0,-1320.0,144.211042
-600.0,-1320.0,140.312693
-560.0,-1320.0,136.503099
-520.0,-1320.0,132.782309
-480.0,-1320.0,129.150372
-440.0,-1320.0,125.607337
-400.0,-1320.0,122.15325
-360.0,-1320.0,118.788156
-320.0,-1320.0,115.512098
-280.0,-1320.0,112.325112
-240.0,-1320.0,109.227229
-200.0,-1320.0,106.21845
-160.0,-1320.0,103.298803
-120.0,-1320.0,100.468313
-80.0,-1320.0,97.726976
-40.0,-1320.0,95.07477
0.0,-1320.0,92.511659
40.0,-1320.0,90.03759
80.0,-1320.0,87.652617
120.0,-1320.0,85.357176
160.0,-1320.0,83.151997
200.0,-1320.0,81.038128
240.0,-1320.0,79.016907
280.0,-1320.0,77.08994
320.0,-1320.0,75.259132
360.0,-1320.0,73.526748
400.0,-1320.0,71.895123
440.0,-1320.0,70.367054
480.0,-1320.0,68.945367
520.0,-1320.0,67.633199
560.0,-1320.0,66.433991
600.0,-1320.0,65.351081
640.0,-1320.0,64.388467
680.0,-1320.0,63.549823
720.0,-1320.0,62.839278
760.0,-1320.0,62.261162
800.0,-1320.0,61.819521
840.0,-1320.0,61.51948
880.0,-1320.0,61.365414
920.0,-1320.0,61.362275
960.0,-1320.0,61.515437
1000.0,-1320.0,61.829602
1040.0,-1320.0,62.310635
1080.0,-1320.0,62.963704
1120.0,-1320.0,63.794706
1160.0,-1320.0,64.810161
1200.0,-1320.0,66.015466
-1240.0,-1280.0,
-1200.0,-1280.0,
-1160.0,-1280.0,
-1120.0,-1280.0,
-1080.0,-1280.0,
-1040.0,-1280.0,
-1000.0,-1280.0,
-960.0,-1280.0,
-920.0,-1280.0,
-880.0,-1280.0,
-840.0,-1280.0,
-800.0,-1280.0,
-760.0,-1280.0,158.380453
-720.0,-1280.0,154.082914
-680.0,-1280.0,149.876731
-640.0,-1280.0,145.762069
-600.0,-1280.0,141.738981
-560.0,-1280.0,137.80752
-520.0,-1280.0,133.967741
-480.0,-1280.0,130.2197
-440.0,-1280.0,126.563454
-400.0,-1280.0,122.99906
-360.0,-1280.0,119.526572
-320.0,-1280.0,116.146042
-280.0,-1280.0,112.857469
-240.0,-1280.0,109.660941
-200.0,-1280.0,106.556508
-160.0,-1280.0,103.544199
-120.0,-1280.0,100.624032
-80.0,-1280.0,97.796015
-40.0,-1280.0,95.060141
0.0,-1280.0,92.416385
40.0,-1280.0,89.864709
80.0,-1280.0,87.405184
120.0,-1280.0,85.038275
160.0,-1280.0,82.764747
200.0,-1280.0,80.585688
240.0,-1280.0,78.502495
280.0,-1280.0,76.516866
320.0,-1280.0,74.630749
360.0,-1280.0,72.84642
400.0,-1280.0,71.166293
440.0,-1280.0,69.593271
480.0,-1280.0,68.130236
520.0,-1280.0,66.780412
560.0,-1280.0,65.547298
600.0,-1280.0,64.434301
640.0,-1280.0,63.445499
680.0,-1280.0,62.584606
720.0,-1280.0,61.855831
760.0,-1280.0,61.263628
800.0,-1280.0,60.811952
840.0,-1280.0,60.506032
880.0,-1280.0,60.350294
920.0,-1280.0,60.349757
960.0,-1280.0,60.50983
1000.0,-1280.0,60.835264
1040.0,-1280.0,61.332075
1080.0,-1280.0,62.00529
1120.0,-1280.0,62.860975
1160.0,-1280.0,63.905703
1200.0,-1280.0,65.144942
1240.0,-1280.0,66.585919
-1280.0,-1240.0,
-1240.0,-1240.0,
-1200.0,-1240.0,
-1160.0,-1240.0,
-1120.0,-1240.0,
-1080.0,-1240.0,
-1040.0,-1240.0,
-1000.0,-1240.0,
-960.0,-1240.0,
-920.0,-1240.0,
-880.0,-1240.0,
-840.0,-1240.0,
-800.0,-1240.0,165.073679
-760.0,-1240.0,160.539597
-720.0,-1240.0,156.099787
-680.0,-1240.0,151.754475
-640.0,-1240.0,147.503729
-600.0,-1240.0,143.347606
-560.0,-1240.0,139.286166
-520.0,-1240.0,135.31947
-480.0,-1240.0,131.447582
-440.0,-1240.0,127.670568
-400.0,-1240.0,123.988493
-360.0,-1240.0,120.401389
-320.0,-1240.0,116.909311
-280.0,-1240.0,113.512371
-240.0,-1240.0,110.210623
-200.0,-1240.0,107.00412
-160.0,-1240.0,103.892902
-120.0,-1240.0,100.877005
-80.0,-1240.0,97.956449
-40.0,-1240.0,95.131243
0.0,-1240.0,92.401379
40.0,-1240.0,89.76683
80.0,-1240.0,87.227693
120.0,-1240.0,84.784461
160.0,-1240.0,82.43794
200.0,-1240.0,80.189264
240.0,-1240.0,78.03989
280.0,-1240.0,75.991575
320.0,-1240.0,74.046342
360.0,-1240.0,72.206574
400.0,-1240.0,70.474754
440.0,-1240.0,68.853759
480.0,-1240.0,67.346611
520.0,-1240.0,65.956623
560.0,-1240.0,64.687358
600.0,-1240.0,63.542294
640.0,-1240.0,62.525595
680.0,-1240.0,61.641018
720.0,-1240.0,60.892849
760.0,-1240.0,60.285586
800.0,-1240.0,59.823341
840.0,-1240.0,59.511203
880.0,-1240.0,59.353726
920.0,-1240.0,59.355998
960.0,-1240.0,59.52346
1000.0,-1240.0,59.860909
1040.0,-1240.0,60.374503
1080.0,-1240.0,61.069143
1120.0,-1240.0,61.951054
1160.0,-1240.0,63.026862
1200.0,-1240.0,64.302105
1240.0,-1240.0,65.784137
1280.0,-1240.0,67.451542
-1320.0,-1200.0,
-1280.0,-1200.0,
-1240.0,-1200.0,
-1200.0,-1200.0,
-1160.0,-1200.0,
-1120.0,-1200.0,
-1080.0,-1200.0,
-1040.0,-1200.0,
-1000.0,-1200.0,
-960.0,-1200.0,
-920.0,-1200.0,
-880.0,-1200.0,177.298027
-840.0,-1200.0,172.413535
-800.0,-1200.0,167.62665
-760.0,-1200.0,162.937334
-720.0,-1200.0,158.34559
-680.0,-1200.0,153.851603
-640.0,-1200.0,149.455431
-600.0,-1200.0,145.157134
-560.0,-1200.0,140.956778
-520.0,-1200.0,136.85443
-480.0,-1200.0,132.850163
-440.0,-1200.0,128.944051
-400.0,-1200.0,125.136102
-360.0,-1200.0,121.426441
-320.0,-1200.0,117.815169
-280.0,-1200.0,114.302362
-240.0,-1200.0,110.888089
-200.0,-1200.0,107.572415
-160.0,-1200.0,104.3554
-120.0,-1200.0,101.237093
-80.0,-1200.0,98.217533
-40.0,-1200.0,95.296744
0.0,-1200.0,92.474736
40.0,-1200.0,89.7515
80.0,-1200.0,87.127159
120.0,-1200.0,84.602238
160.0,-1200.0,82.177589
200.0,-1200.0,79.854397
240.0,-1200.0,77.634186
280.0,-1200.0,75.518777
320.0,-1200.0,73.510273
360.0,-1200.0,71.611132
400.0,-1200.0,69.823918
440.0,-1200.0,68.151688
480.0,-1200.0,66.597387
520.0,-1200.0,65.164449
560.0,-1200.0,63.856538
600.0,-1200.0,62.677208
640.0,-1200.0,61.63071
680.0,-1200.0,60.720847
720.0,-1200.0,59.951983
760.0,-1200.0,59.328667
800.0,-1200.0,58.855129
840.0,-1200.0,58.536414
880.0,-1200.0,58.377115
920.0,-1200.0,58.382416
960.0,-1200.0,58.557786
1000.0,-1200.0,58.908068
1040.0,-1200.0,59.439507
1080.0,-1200.0,60.157023
1120.0,-1200.0,61.066861
1160.0,-1200.0,62.175741
1200.0,-1200.0,63.489272
1240.0,-1200.0,65.014918
1280.0,-1200.0,66.730832
1320.0,-1200.0,68.547242
-1360.0,-1160.0,
-1320.0,-1160.0,
-1280.0,-1160.0,
-1240.0,-1160.0,
-1200.0,-1160.0,
-1160.0,-1160.0,
-1120.0,-1160.0,
-1080.0,-1160.0,
-1040.0,-1160.0,
-1000.0,-1160.0,
-960.0,-1160.0,
-920.0,-1160.0,185.627145
-880.0,-1160.0,180.468528
-840.0,-1160.0,175.41095
-800.0,-1160.0,170.454445
-760.0,-1160.0,165.598883
-720.0,-1160.0,160.844444
-680.0,-1160.0,156.191232
-640.0,-1160.0,151.639308
-600.0,-1160.0,147.188735
-560.0,-1160.0,142.839584
-520.0,-1160.0,138.591931
-480.0,-1160.0,134.445853
-440.0,-1160.0,130.401352
-400.0,-1160.0,126.458582
-360.0,-1160.0,122.617653
-320.0,-1160.0,118.878653
-280.0,-1160.0,115.241671
-240.0,-1160.0,111.706791
-200.0,-1160.0,108.274095
-160.0,-1160.0,104.943659
-120.0,-1160.0,101.715551
-80.0,-1160.0,98.589828
-40.0,-1160.0,95.566534
0.0,-1160.0,92.645699
40.0,-1160.0,89.827334
80.0,-1160.0,87.111591
120.0,-1160.0,84.499031
160.0,-1160.0,81.990558
200.0,-1160.0,79.587414
240.0,-1160.0,77.291197
280.0,-1160.0,75.103798
320.0,-1160.0,73.027409
360.0,-1160.0,71.064567
400.0,-1160.0,69.217928
440.0,-1160.0,67.490647
480.0,-1160.0,65.885814
520.0,-1160.0,64.406866
560.0,-1160.0,63.057526
600.0,-1160.0,61.841472
640.0,-1160.0,60.763049
680.0,-1160.0,59.826105
720.0,-1160.0,59.035092
760.0,-1160.0,58.394601
800.0,-1160.0,57.90892
840.0,-1160.0,57.583251
880.0,-1160.0,57.422025
920.0,-1160.0,57.430586
960.0,-1160.0,57.614431
1000.0,-1160.0,57.978444
1040.0,-1160.0,58.52894
1080.0,-1160.0,59.270894
1120.0,-1160.0,60.21054
1160.0,-1160.0,61.354697
1200.0,-1160.0,62.709044
1240.0,-1160.0,64.281141
1280.0,-1160.0,66.048733
1320.0,-1160.0,67.920673
1360.0,-1160.0,69.890274
-1400.0,-1120.0,
-1360.0,-1120.0,
-1320.0,-1120.0,
-1280.0,-1120.0,
-1240.0,-1120.0,
-1200.0,-1120.0,
-1160.0,-1120.0,
-1120.0,-1120.0,
-1080.0,-1120.0,
-1040.0,-1120.0,
-1000.0,-1120.0,
-960.0,-1120.0,194.770025
-920.0,-1120.0,189.31716
-880.0,-1120.0,183.969027
-840.0,-1120.0,178.725654
-800.0,-1120.0,173.587044
-760.0,-1120.0,168.553066
-720.0,-1120.0,163.623979
-680.0,-1120.0,158.79984
-640.0,-1120.0,154.08071
-600.0,-1120.0,149.466657
-560.0,-1120.0,144.957756
-520.0,-1120.0,140.554089
-480.0,-1120.0,136.255658
-440.0,-1120.0,132.062613
-400.0,-1120.0,127.975084
-360.0,-1120.0,123.993172
-320.0,-1120.0,120.116977
-280.0,-1120.0,116.346602
-240.0,-1120.0,112.682148
-200.0,-1120.0,109.123714
-160.0,-1120.0,105.671395
-120.0,-1120.0,102.325279
-80.0,-1120.0,99.085444
-40.0,-1120.0,95.951957
0.0,-1120.0,92.924867
40.0,-1120.0,90.004211
80.0,-1120.0,87.190174
120.0,-1120.0,84.483357
160.0,-1120.0,81.884723
200.0,-1120.0,79.395575
240.0,-1120.0,77.017593
280.0,-1120.0,74.752747
320.0,-1120.0,72.603326
360.0,-1120.0,70.571956
400.0,-1120.0,68.661391
440.0,-1120.0,66.874894
480.0,-1120.0,65.215637
520.0,-1120.0,63.687234
560.0,-1120.0,62.293384
600.0,-1120.0,61.037852
640.0,-1120.0,59.925115
680.0,-1120.0,58.959074
720.0,-1120.0,58.144268
760.0,-1120.0,57.485338
800.0,-1120.0,56.986626
840.0,-1120.0,56.653487
880.0,-1120.0,56.490201
920.0,-1120.0,56.502265
960.0,-1120.0,56.695203
1000.0,-1120.0,57.073938
1040.0,-1120.0,57.64485
1080.0,-1120.0,58.412958
1120.0,-1120.0,59.384501
1160.0,-1120.0,60.566385
1200.0,-1120.0,61.964359
1240.0,-1120.0,63.586061
1280.0,-1120.0,65.40886
1320.0,-1120.0,67.340198
1360.0,-1120.0,69.37336
1400.0,-1120.0,71.509234
-1440.0,-1080.0,
-1400.0,-1080.0,
-1360.0,-1080.0,
-1320.0,-1080.0,
-1280.0,-1080.0,
-1240.0,-1080.0,
-1200.0,-1080.0,
-1160.0,-1080.0,
-1120.0,-1080.0,
-1080.0,-1080.0,
-1040.0,-1080.0,
-1000.0,-1080.0,204.8194
-960.0,-1080.0,199.04984
-920.0,-1080.0,193.38901
-880.0,-1080.0,187.836922
-840.0,-1080.0,182.393599
-800.0,-1080.0,177.058968
-760.0,-1080.0,171.833034
-720.0,-1080.0,166.715992
-680.0,-1080.0,161.707896
-640.0,-1080.0,156.80881
-600.0,-1080.0,152.018805
-560.0,-1080.0,147.337959
-520.0,-1080.0,142.766294
-480.0,-1080.0,138.303911
-440.0,-1080.0,133.950977
-400.0,-1080.0,129.707598
-360.0,-1080.0,125.573886
-320.0,-1080.0,121.549956
-280.0,-1080.0,117.635924
-240.0,-1080.0,113.83191
-200.0,-1080.0,110.138032
-160.0,-1080.0,106.554404
-120.0,-1080.0,103.081136
-80.0,-1080.0,99.71833
-40.0,-1080.0,96.466077
0.0,-1080.0,93.324452
40.0,-1080.0,90.293517
80.0,-1080.0,87.373495
120.0,-1080.0,84.565033
160.0,-1080.0,81.869157
200.0,-1080.0,79.287243
240.0,-1080.0,76.82106
280.0,-1080.0,74.472664
320.0,-1080.0,72.244452
360.0,-1080.0,70.139148
400.0,-1080.0,68.159611
440.0,-1080.0,66.309226
480.0,-1080.0,64.591254
520.0,-1080.0,63.009425
560.0,-1080.0,61.567615
600.0,-1080.0,60.269512
640.0,-1080.0,59.119768
680.0,-1080.0,58.122352
720.0,-1080.0,57.281893
760.0,-1080.0,56.603083
800.0,-1080.0,56.090324
840.0,-1080.0,55.749075
880.0,-1080.0,55.583604
920.0,-1080.0,55.599426
960.0,-1080.0,55.802133
1000.0,-1080.0,56.196684
1040.0,-1080.0,56.789523
1080.0,-1080.0,57.585693
1120.0,-1080.0,58.591462
1160.0,-1080.0,59.813811
1200.0,-1080.0,61.258553
1240.0,-1080.0,62.933384
1280.0,-1080.0,64.815332
1320.0,-1080.0,66.810396
1360.0,-1080.0,68.911835
1400.0,-1080.0,71.12044
1440.0,-1080.0,73.436895
-1440.0,-1040.0,
-1400.0,-1040.0,
-1360.0,-1040.0,
-1320.0,-1040.0,
-1280.0,-1040.0,
-1240.0,-1040.0,
-1200.0,-1040.0,
-1160.0,-1040.0,
-1120.0,-1040.0,
-1080.0,-1040.0,
-1040.0,-1040.0,215.882493
-1000.0,-1040.0,209.771271
-960.0,-1040.0,203.772935
-920.0,-1040.0,197.887667
-880.0,-1040.0,192.115474
-840.0,-1040.0,186.456373
-800.0,-1040.0,180.910219
-760.0,-1040.0,175.477136
-720.0,-1040.0,170.15726
-680.0,-1040.0,164.950645
-640.0,-1040.0,159.857352
-600.0,-1040.0,154.877454
-560.0,-1040.0,150.01101
-520.0,-1040.0,145.258021
-480.0,-1040.0,140.618709
-440.0,-1040.0,136.093182
-400.0,-1040.0,131.681558
-360.0,-1040.0,127.383958
-320.0,-1040.0,123.200512
-280.0,-1040.0,119.131353
-240.0,-1040.0,115.176617
-200.0,-1040.0,111.336443
-160.0,-1040.0,107.610966
-120.0,-1040.0,104.000321
-80.0,-1040.0,100.504634
-40.0,-1040.0,97.124024
0.0,-1040.0,93.858594
40.0,-1040.0,90.708436
80.0,-1040.0,87.673815
120.0,-1040.0,84.755428
160.0,-1040.0,81.954377
200.0,-1040.0,79.272113
240.0,-1040.0,76.710505
280.0,-1040.0,74.271707
320.0,-1040.0,71.958233
360.0,-1040.0,69.772915
400.0,-1040.0,67.718733
440.0,-1040.0,65.799198
480.0,-1040.0,64.017672
520.0,-1040.0,62.378014
560.0,-1040.0,60.884194
600.0,-1040.0,59.540095
640.0,-1040.0,58.350293
680.0,-1040.0,57.318912
720.0,-1040.0,56.450681
760.0,-1040.0,55.750347
800.0,-1040.0,55.222373
840.0,-1040.0,54.872293
880.0,-1040.0,54.704447
920.0,-1040.0,54.724292
960.0,-1040.0,54.937509
1000.0,-1040.0,55.34909
1040.0,-1040.0,55.96554
1080.0,-1040.0,56.791907
1120.0,-1040.0,57.834514
1160.0,-1040.0,59.100396
1200.0,-1040.0,60.595432
1240.0,-1040.0,62.327349
1280.0,-1040.0,64.272875
1320.0,-1040.0,66.336533
1360.0,-1040.0,68.511554
1400.0,-1040.0,70.798599
1440.0,-1040.0,73.198731
-1480.0,-1000.0,
-1440.0,-1000.0,
-1400.0,-1000.0,
-1360.0,-1000.0,
-1320.0,-1000.0,
-1280.0,-1000.0,
-1240.0,-1000.0,
-1200.0,-1000.0,
-1160.0,-1000.0,
-1120.0,-1000.0,
-1080.0,-1000.0,228.084398
-1040.0,-1000.0,221.603233
-1000.0,-1000.0,215.239657
-960.0,-1000.0,208.993669
-920.0,-1000.0,202.865456
-880.0,-1000.0,196.855016
-840.0,-1000.0,190.962356
-800.0,-1000.0,185.187268
-760.0,-1000.0,179.529975
-720.0,-1000.0,173.99056
-680.0,-1000.0,168.569074
-640.0,-1000.0,163.265577
-600.0,-1000.0,158.080141
-560.0,-1000.0,153.012737
-520.0,-1000.0,148.063541
-480.0,-1000.0,143.232699
-440.0,-1000.0,138.520325
-400.0,-1000.0,133.926545
-360.0,-1000.0,129.451493
-320.0,-1000.0,125.095312
-280.0,-1000.0,120.85815
-240.0,-1000.0,116.740164
-200.0,-1000.0,112.741512
-160.0,-1000.0,108.862353
-120.0,-1000.0,105.102848
-80.0,-1000.0,101.46315
-40.0,-1000.0,97.943405
0.0,-1000.0,94.543748
40.0,-1000.0,91.264314
80.0,-1000.0,88.105413
120.0,-1000.0,85.067789
160.0,-1000.0,82.15263
200.0,-1000.0,79.361475
240.0,-1000.0,76.696305
280.0,-1000.0,74.159379
320.0,-1000.0,71.753343
360.0,-1000.0,69.48115
400.0,-1000.0,67.345908
440.0,-1000.0,65.351273
480.0,-1000.0,63.500717
520.0,-1000.0,61.798238
560.0,-1000.0,60.247913
600.0,-1000.0,58.853771
640.0,-1000.0,57.620485
680.0,-1000.0,56.552185
720.0,-1000.0,55.653757
760.0,-1000.0,54.930008
800.0,-1000.0,54.385465
840.0,-1000.0,54.025742
880.0,-1000.0,53.855244
920.0,-1000.0,53.879386
960.0,-1000.0,54.103927
1000.0,-1000.0,54.533888
1040.0,-1000.0,55.175836
1080.0,-1000.0,56.0348
1120.0,-1000.0,57.117184
1160.0,-1000.0,58.43006
1200.0,-1000.0,59.979366
1240.0,-1000.0,61.772837
1280.0,-1000.0,63.786942
1320.0,-1000.0,65.924694
1360.0,-1000.0,68.179297
1400.0,-1000.0,70.551241
1440.0,-1000.0,73.042033
1480.0,-1000.0,75.652534
-1520.0,-960.0,
-1480.0,-960.0,
-1440.0,-960.0,
-1400.0,-960.0,
-1360.0,-960.0,
-1320.0,-960.0,
-1280.0,-960.0,
-1240.0,-960.0,
-1200.0,-960.0,
-1160.0,-960.0,
-1120.0,-960.0,241.572088
-1080.0,-960.0,234.688689
-1040.0,-960.0,227.928281
-1000.0,-960.0,221.29063
-960.0,-960.0,214.775675
-920.0,-960.0,208.38362
-880.0,-960.0,202.114452
-840.0,-960.0,195.968166
-800.0,-960.0,189.944493
-760.0,-960.0,184.043739
-720.0,-960.0,178.26594
-680.0,-960.0,172.61114
-640.0,-960.0,167.079395
-600.0,-960.0,161.670738
-560.0,-960.0,156.385167
-520.0,-960.0,151.222909
-480.0,-960.0,146.184073
-440.0,-960.0,141.26878
-400.0,-960.0,136.477163
-360.0,-960.0,131.809368
-320.0,-960.0,127.265548
-280.0,-960.0,122.845871
-240.0,-960.0,118.55051
-200.0,-960.0,114.379645
-160.0,-960.0,110.333428
-120.0,-960.0,106.41208
-80.0,-960.0,102.615793
-40.0,-960.0,98.944746
0.0,-960.0,95.399111
40.0,-960.0,91.979049
80.0,-960.0,88.684925
120.0,-960.0,85.51756
160.0,-960.0,82.478224
200.0,-960.0,79.568554
240.0,-960.0,76.790623
280.0,-960.0,74.146822
320.0,-960.0,71.639952
360.0,-960.0,69.273101
400.0,-960.0,67.049524
440.0,-960.0,64.973025
480.0,-960.0,63.047209
520.0,-960.0,61.276222
560.0,-960.0,59.664263
600.0,-960.0,58.215482
640.0,-960.0,56.934765
680.0,-960.0,55.826154
720.0,-960.0,54.894735
760.0,-960.0,54.145384
800.0,-960.0,53.582697
840.0,-960.0,53.212373
880.0,-960.0,53.038872
920.0,-960.0,53.067587
960.0,-960.0,53.304348
1000.0,-960.0,53.754202
1040.0,-960.0,54.42377
1080.0,-960.0,55.318042
1120.0,-960.0,56.443532
1160.0,-960.0,57.807325
1200.0,-960.0,59.415413
1240.0,-960.0,61.275507
1280.0,-960.0,63.363869
1320.0,-960.0,65.581964
1360.0,-960.0,67.922819
1400.0,-960.0,70.387155
1440.0,-960.0,72.976543
1480.0,-960.0,75.691734
1520.0,-960.0,78.532423
-1520.0,-920.0,
-1480.0,-920.0,
-1440.0,-920.0,
-1400.0,-920.0,
-1360.0,-920.0,
-1320.0,-920.0,
-1280.0,-920.0,
-1240.0,-920.0,
-1200.0,-920.0,
-1160.0,-920.0,256.518936
-1120.0,-920.0,249.196737
-1080.0,-920.0,242.003265
-1040.0,-920.0,234.938444
-1000.0,-920.0,228.002054
-960.0,-920.0,221.193931
-920.0,-920.0,214.514314
-880.0,-920.0,207.963173
-840.0,-920.0,201.540467
-800.0,-920.0,195.245943
-760.0,-920.0,189.079892
-720.0,-920.0,183.042336
-680.0,-920.0,177.133309
-640.0,-920.0,171.352862
-600.0,-920.0,165.700945
-560.0,-920.0,160.177697
-520.0,-920.0,154.783277
-480.0,-920.0,149.517794
-440.0,-920.0,144.381373
-400.0,-920.0,139.374153
-360.0,-920.0,134.49629
-320.0,-920.0,129.74795
-280.0,-920.0,125.129314
-240.0,-920.0,120.640537
-200.0,-920.0,116.28185
-160.0,-920.0,112.05348
-120.0,-920.0,107.955644
-80.0,-920.0,103.988557
-40.0,-920.0,100.152436
0.0,-920.0,96.44749
40.0,-920.0,92.873924
80.0,-920.0,89.432159
120.0,-920.0,86.12309
160.0,-920.0,82.948084
200.0,-920.0,79.908891
240.0,-920.0,77.007749
280.0,-920.0,74.247174
320.0,-920.0,71.63006
360.0,-920.0,69.159683
400.0,-920.0,66.83947
440.0,-920.0,64.673385
480.0,-920.0,62.665186
520.0,-920.0,60.819183
560.0,-920.0,59.139708
600.0,-920.0,57.631057
640.0,-920.0,56.298271
680.0,-920.0,55.145479
720.0,-920.0,54.177835
760.0,-920.0,53.400338
800.0,-920.0,52.81766
840.0,-920.0,52.435593
880.0,-920.0,52.258645
920.0,-920.0,52.292211
960.0,-920.0,52.542181
1000.0,-920.0,53.013626
1040.0,-920.0,53.713215
1080.0,-920.0,54.645874
1120.0,-920.0,55.818259
1160.0,-920.0,57.237441
1200.0,-920.0,58.909461
1240.0,-920.0,60.841966
1280.0,-920.0,63.011068
1320.0,-920.0,65.316649
1360.0,-920.0,67.751424
1400.0,-920.0,70.316674
1440.0,-920.0,73.013729
1480.0,-920.0,75.842893
1520.0,-920.0,78.804625
-1560.0,-880.0,
-1520.0,-880.0,
-1480.0,-880.0,
-1440.0,-880.0,
-1400.0,-880.0,
-1360.0,-880.0,
-1320.0,-880.0,
-1280.0,-880.0,
-1240.0,-880.0,
-1200.0,-880.0,273.130533
-1160.0,-880.0,265.328206
-1120.0,-880.0,257.660514
-1080.0,-880.0,250.127642
-1040.0,-880.0,242.729648
-1000.0,-880.0,235.466344
-960.0,-880.0,228.337416
-920.0,-880.0,221.343155
-880.0,-880.0,214.483509
-840.0,-880.0,207.758404
-800.0,-880.0,201.167586
-760.0,-880.0,194.711329
-720.0,-880.0,188.38964
-680.0,-880.0,182.20254
-640.0,-880.0,176.150069
-600.0,-880.0,170.232098
-560.0,-880.0,164.448892
-520.0,-880.0,158.800543
-480.0,-880.0,153.287158
-440.0,-880.0,147.908864
-400.0,-880.0,142.665805
-360.0,-880.0,137.558141
-320.0,-880.0,132.58605
-280.0,-880.0,127.749662
-240.0,-880.0,123.049262
-200.0,-880.0,118.485075
-160.0,-880.0,114.057336
-120.0,-880.0,109.766291
-80.0,-880.0,105.612191
-40.0,-880.0,101.595289
0.0,-880.0,97.715838
40.0,-880.0,93.974088
80.0,-880.0,90.370523
120.0,-880.0,86.906122
160.0,-880.0,83.582357
200.0,-880.0,80.401107
240.0,-880.0,77.364759
280.0,-880.0,74.47598
320.0,-880.0,71.737894
360.0,-880.0,69.153865
400.0,-880.0,66.727499
440.0,-880.0,64.462966
480.0,-880.0,62.364198
520.0,-880.0,60.435686
560.0,-880.0,58.681915
600.0,-880.0,57.107341
640.0,-880.0,55.71715
680.0,-880.0,54.515656
720.0,-880.0,53.508018
760.0,-880.0,52.699395
800.0,-880.0,52.094549
840.0,-880.0,51.699373
880.0,-880.0,51.518416
920.0,-880.0,51.557105
960.0,-880.0,51.821378
1000.0,-880.0,52.316328
1040.0,-880.0,53.048672
1080.0,-880.0,54.023237
1120.0,-880.0,55.246856
1160.0,-880.0,56.72656
1200.0,-880.0,58.468298
1240.0,-880.0,60.47999
1280.0,-880.0,62.737283
1320.0,-880.0,65.138561
1360.0,-880.0,67.676171
1400.0,-880.0,70.352035
1440.0,-880.0,73.16718
1480.0,-880.0,76.121377
1520.0,-880.0,79.215951
1560.0,-880.0,82.451016
-1560.0,-840.0,
-1520.0,-840.0,
-1480.0,-840.0,
-1440.0,-840.0,
-1400.0,-840.0,
-1360.0,-840.0,
-1320.0,-840.0,
-1280.0,-840.0,
-1240.0,-840.0,
-1200.0,-840.0,283.323778
-1160.0,-840.0,275.134467
-1120.0,-840.0,267.086915
-1080.0,-840.0,259.180906
-1040.0,-840.0,251.416667
-1000.0,-840.0,243.794057
-960.0,-840.0,236.312557
-920.0,-840.0,228.97253
-880.0,-840.0,221.773899
-840.0,-840.0,214.716561
-800.0,-840.0,207.800232
-760.0,-840.0,201.025174
-720.0,-840.0,194.391375
-680.0,-840.0,187.89884
-640.0,-840.0,181.547539
-600.0,-840.0,175.337423
-560.0,-840.0,169.268708
-520.0,-840.0,163.341474
-480.0,-840.0,157.555825
-440.0,-840.0,151.911882
-400.0,-840.0,146.409791
-360.0,-840.0,141.049713
-320.0,-840.0,135.831763
-280.0,-840.0,130.756232
-240.0,-840.0,125.823349
-200.0,-840.0,121.033357
-160.0,-840.0,116.386519
-120.0,-840.0,111.883111
-80.0,-840.0,107.52342
-40.0,-840.0,103.307739
0.0,-840.0,99.236365
40.0,-840.0,95.3096
80.0,-840.0,91.527997
120.0,-840.0,87.892628
160.0,-840.0,84.405085
200.0,-840.0,81.067385
240.0,-840.0,77.882084
280.0,-840.0,74.852017
320.0,-840.0,71.980503
360.0,-840.0,69.271138
400.0,-840.0,66.727684
440.0,-840.0,64.354475
480.0,-840.0,62.155675
520.0,-840.0,60.135981
560.0,-840.0,58.300048
600.0,-840.0,56.652517
640.0,-840.0,55.198739
680.0,-840.0,53.943224
720.0,-840.0,52.891174
760.0,-840.0,52.047915
800.0,-840.0,51.418315
840.0,-840.0,51.008383
880.0,-840.0,50.822704
920.0,-840.0,50.866774
960.0,-840.0,51.146565
1000.0,-840.0,51.667194
1040.0,-840.0,52.435398
1080.0,-840.0,53.455935
1120.0,-840.0,54.735794
1160.0,-840.0,56.281946
1200.0,-840.0,58.100158
1240.0,-840.0,60.198811
1280.0,-840.0,62.552915
1320.0,-840.0,65.059105
1360.0,-840.0,67.710153
1400.0,-840.0,70.507854
1440.0,-840.0,73.452679
1480.0,-840.0,76.545145
1520.0,-840.0,79.786178
1560.0,-840.0,83.174979
-1600.0,-800.0,
-1560.0,-800.0,
-1520.0,-800.0,
-1480.0,-800.0,
-1440.0,-800.0,
-1400.0,-800.0,
-1360.0,-800.0,
-1320.0,-800.0,
-1280.0,-800.0,
-1240.0,-800.0,303.476183
-1200.0,-800.0,294.709263
-1160.0,-800.0,286.092296
-1120.0,-800.0,277.625049
-1080.0,-800.0,269.306813
-1040.0,-800.0,261.138019
-1000.0,-800.0,253.11851
-960.0,-800.0,245.247745
-920.0,-800.0,237.525936
-880.0,-800.0,229.953054
-840.0,-800.0,222.52898
-800.0,-800.0,215.253352
-760.0,-800.0,208.126439
-720.0,-800.0,201.1482
-680.0,-800.0,194.318615
-640.0,-800.0,187.637587
-600.0,-800.0,181.105132
-560.0,-800.0,174.721409
-520.0,-800.0,168.486488
-480.0,-800.0,162.400458
-440.0,-800.0,156.463435
-400.0,-800.0,150.67556
-360.0,-800.0,145.036918
-320.0,-800.0,139.547777
-280.0,-800.0,134.208365
-240.0,-800.0,129.018925
-200.0,-800.0,123.979719
-160.0,-800.0,119.091036
-120.0,-800.0,114.353182
-80.0,-800.0,109.766478
-40.0,-800.0,105.331263
0.0,-800.0,101.047879
40.0,-800.0,96.916685
80.0,-800.0,92.938308
120.0,-800.0,89.113925
160.0,-800.0,85.445256
200.0,-800.0,81.93448
240.0,-800.0,78.584336
280.0,-800.0,75.397846
320.0,-800.0,72.378551
360.0,-800.0,69.530254
400.0,-800.0,66.856994
440.0,-800.0,64.363258
480.0,-800.0,62.053421
520.0,-800.0,59.932438
560.0,-800.0,58.005164
600.0,-800.0,56.276447
640.0,-800.0,54.751832
680.0,-800.0,53.436031
720.0,-800.0,52.334363
760.0,-800.0,51.452302
800.0,-800.0,50.794858
840.0,-800.0,50.368174
880.0,-800.0,50.176868
920.0,-800.0,50.226545
960.0,-800.0,50.523209
1000.0,-800.0,51.071999
1040.0,-800.0,51.879575
1080.0,-800.0,52.950859
1120.0,-800.0,54.292771
1160.0,-800.0,55.912267
1200.0,-800.0,57.814867
1240.0,-800.0,60.009487
1280.0,-800.0,62.470445
1320.0,-800.0,65.092502
1360.0,-800.0,67.869129
1400.0,-800.0,70.801736
1440.0,-800.0,73.890123
1480.0,-800.0,77.135851
1520.0,-800.0,80.538653
1560.0,-800.0,84.098241
1600.0,-800.0,87.815142
-1600.0,-760.0,
-1560.0,-760.0,
-1520.0,-760.0,
-1480.0,-760.0,
-1440.0,-760.0,
-1400.0,-760.0,
-1360.0,-760.0,
-1320.0,-760.0,
-1280.0,-760.0,326.141777
-1240.0,-760.0,316.73279
-1200.0,-760.0,307.482345
-1160.0,-760.0,298.390182
-1120.0,-760.0,289.456487
-1080.0,-760.0,280.680567
-1040.0,-760.0,272.062483
-1000.0,-760.0,263.602237
-960.0,-760.0,255.299351
-920.0,-760.0,247.153749
-880.0,-760.0,239.165495
-840.0,-760.0,231.334454
-800.0,-760.0,223.660165
-760.0,-760.0,216.142889
-720.0,-760.0,208.782558
-680.0,-760.0,201.57912
-640.0,-760.0,194.532407
-600.0,-760.0,187.642476
-560.0,-760.0,180.909435
-520.0,-760.0,174.33333
-480.0,-760.0,167.914233
-440.0,-760.0,161.652246
-400.0,-760.0,155.547444
-360.0,-760.0,149.599999
-320.0,-760.0,143.810155
-280.0,-760.0,138.178131
-240.0,-760.0,132.704179
-200.0,-760.0,127.38858
-160.0,-760.0,122.231642
-120.0,-760.0,117.233702
-80.0,-760.0,112.395118
-40.0,-760.0,107.716269
0.0,-760.0,103.197551
40.0,-760.0,98.839378
80.0,-760.0,94.642463
120.0,-760.0,90.608094
160.0,-760.0,86.738139
200.0,-760.0,83.034952
240.0,-760.0,79.501472
280.0,-760.0,76.140939
320.0,-760.0,72.957135
360.0,-760.0,69.954099
400.0,-760.0,67.136124
440.0,-760.0,64.508016
480.0,-760.0,62.074256
520.0,-760.0,59.840132
560.0,-760.0,57.810729
600.0,-760.0,55.991136
640.0,-760.0,54.387123
680.0,-760.0,53.003605
720.0,-760.0,51.846137
760.0,-760.0,50.920299
800.0,-760.0,50.231289
840.0,-760.0,49.785414
880.0,-760.0,49.587327
920.0,-760.0,49.642798
960.0,-760.0,49.957851
1000.0,-760.0,50.53765
1040.0,-760.0,51.388745
1080.0,-760.0,52.516274
1120.0,-760.0,53.927039
1160.0,-760.0,55.627793
1200.0,-760.0,57.624244
1240.0,-760.0,59.925404
1280.0,-760.0,62.504749
1320.0,-760.0,65.255863
1360.0,-760.0,68.17225
1400.0,-760.0,71.254451
1440.0,-760.0,74.503376
1480.0,-760.0,77.91976
1520.0,-760.0,81.502512
1560.0,-760.0,85.252606
1600.0,-760.0,89.168523
-1640.0,-720.0,
-1600.0,-720.0,
-1560.0,-720.0,
-1520.0,-720.0,
-1480.0,-720.0,
-1440.0,-720.0,
-1400.0,-720.0,
-1360.0,-720.0,
-1320.0,-720.0,
-1280.0,-720.0,341.635096
-1240.0,-720.0,331.675015
-1200.0,-720.0,321.883847
-1160.0,-720.0,312.260446
-1120.0,-720.0,302.805308
-1080.0,-720.0,293.517992
-1040.0,-720.0,284.397915
-1000.0,-720.0,275.445328
-960.0,-720.0,266.659841
-920.0,-720.0,258.041007
-880.0,-720.0,249.589007
-840.0,-720.0,241.303655
-800.0,-720.0,233.184473
-760.0,-720.0,225.231587
-720.0,-720.0,217.444939
-680.0,-720.0,209.824431
-640.0,-720.0,202.369829
-600.0,-720.0,195.081194
-560.0,-720.0,187.958586
-520.0,-720.0,181.00202
-480.0,-720.0,174.21154
-440.0,-720.0,167.587215
-400.0,-720.0,161.129063
-360.0,-720.0,154.837343
-320.0,-720.0,148.712238
-280.0,-720.0,142.753966
-240.0,-720.0,136.962782
-200.0,-720.0,131.338979
-160.0,-720.0,125.882884
-120.0,-720.0,120.594858
-80.0,-720.0,115.475295
-40.0,-720.0,110.524617
0.0,-720.0,105.743272
40.0,-720.0,101.131736
80.0,-720.0,96.690808
120.0,-720.0,92.421904
160.0,-720.0,88.327051
200.0,-720.0,84.4088
240.0,-720.0,80.670312
280.0,-720.0,77.115071
320.0,-720.0,73.747125
360.0,-720.0,70.570777
400.0,-720.0,67.590607
440.0,-720.0,64.811708
480.0,-720.0,62.238888
520.0,-720.0,59.877621
560.0,-720.0,57.733318
600.0,-720.0,55.811349
640.0,-720.0,54.117754
680.0,-720.0,52.65769
720.0,-720.0,51.43698
760.0,-720.0,50.461372
800.0,-720.0,49.736288
840.0,-720.0,49.26822
880.0,-720.0,49.061878
920.0,-720.0,49.123259
960.0,-720.0,49.458403
1000.0,-720.0,50.072508
1040.0,-720.0,50.971972
1080.0,-720.0,52.162212
1120.0,-720.0,53.649854
1160.0,-720.0,55.441268
1200.0,-720.0,57.542718
1240.0,-720.0,59.962938
1280.0,-720.0,62.674381
1320.0,-720.0,65.57011
1360.0,-720.0,68.642796
1400.0,-720.0,71.892839
1440.0,-720.0,75.321699
1480.0,-720.0,78.928475
1520.0,-720.0,82.713691
1560.0,-720.0,86.676377
1600.0,-720.0,90.815771
1640.0,-720.0,95.131193
-1640.0,-680.0,
-1600.0,-680.0,
-1560.0,-680.0,
-1520.0,-680.0,
-1480.0,-680.0,
-1440.0,-680.0,
-1400.0,-680.0,
-1360.0,-680.0,
-1320.0,-680.0,369.955432
-1280.0,-680.0,359.194987
-1240.0,-680.0,348.61443
-1200.0,-680.0,338.213891
-1160.0,-680.0,327.992901
-1120.0,-680.0,317.950872
-1080.0,-680.0,308.087994
-1040.0,-680.0,298.403342
-1000.0,-680.0,288.897027
-960.0,-680.0,279.568876
-920.0,-680.0,270.418088
-880.0,-680.0,261.444874
-840.0,-680.0,252.649019
-800.0,-680.0,244.030038
-760.0,-680.0,235.587859
-720.0,-680.0,227.322442
-680.0,-680.0,219.233633
-640.0,-680.0,211.321126
-600.0,-680.0,203.584953
-560.0,-680.0,196.025121
-520.0,-680.0,188.641603
-480.0,-680.0,181.434403
-440.0,-680.0,174.4035
-400.0,-680.0,167.548985
-360.0,-680.0,160.871045
-320.0,-680.0,154.369845
-280.0,-680.0,148.04559
-240.0,-680.0,141.898532
-200.0,-680.0,135.928966
-160.0,-680.0,130.137232
-120.0,-680.0,124.523711
-80.0,-680.0,119.08883
-40.0,-680.0,113.83305
0.0,-680.0,108.756871
40.0,-680.0,103.860832
80.0,-680.0,99.145826
120.0,-680.0,94.613406
160.0,-680.0,90.265775
200.0,-680.0,86.105705
240.0,-680.0,82.136599
280.0,-680.0,78.362212
320.0,-680.0,74.786892
360.0,-680.0,71.415238
400.0,-680.0,68.252149
440.0,-680.0,65.303041
480.0,-680.0,62.573091
520.0,-680.0,60.068004
560.0,-680.0,57.793562
600.0,-680.0,55.755466
640.0,-680.0,53.960074
680.0,-680.0,52.412843
720.0,-680.0,51.119904
760.0,-680.0,50.087254
800.0,-680.0,49.320582
840.0,-680.0,48.826605
880.0,-680.0,48.610116
920.0,-680.0,48.677421
960.0,-680.0,49.03458
1000.0,-680.0,49.686741
1040.0,-680.0,50.640387
1080.0,-680.0,51.901006
1120.0,-680.0,53.474973
1160.0,-680.0,55.368483
1200.0,-680.0,57.588131
1240.0,-680.0,60.141981
1280.0,-680.0,63.002492
1320.0,-680.0,66.061209
1360.0,-680.0,69.309649
1400.0,-680.0,72.749573
1440.0,-680.0,76.380712
1480.0,-680.0,80.202979
1520.0,-680.0,84.21597
1560.0,-680.0,88.418244
1600.0,-680.0,92.809416
1640.0,-680.0,97.387234
-1680.0,-640.0,
-1640.0,-640.0,
-1600.0,-640.0,
-1560.0,-640.0,
-1520.0,-640.0,
-1480.0,-640.0,
-1440.0,-640.0,
-1400.0,-640.0,
-1360.0,-640.0,
-1320.0,-640.0,390.708417
-1280.0,-640.0,379.22992
-1240.0,-640.0,367.945342
-1200.0,-640.0,356.853099
-1160.0,-640.0,345.95379
-1120.0,-640.0,335.246216
-1080.0,-640.0,324.730405
-1040.0,-640.0,314.405916
-1000.0,-640.0,304.272009
-960.0,-640.0,294.328813
-920.0,-640.0,284.575633
-880.0,-640.0,275.012164
-840.0,-640.0,265.638333
-800.0,-640.0,256.453655
-760.0,-640.0,247.457784
-720.0,-640.0,238.650709
-680.0,-640.0,230.032202
-640.0,-640.0,221.60188
-600.0,-640.0,213.359697
-560.0,-640.0,205.305609
-520.0,-640.0,197.439527
-480.0,-640.0,189.7614
-440.0,-640.0,182.271103
-400.0,-640.0,174.968777
-360.0,-640.0,167.854526
-320.0,-640.0,160.928484
-280.0,-640.0,154.190829
-240.0,-640.0,147.641798
-200.0,-640.0,141.281677
-160.0,-640.0,135.110807
-120.0,-640.0,129.129585
-80.0,-640.0,123.338459
-40.0,-640.0,117.737926
0.0,-640.0,112.328533
40.0,-640.0,107.110894
80.0,-640.0,102.085993
120.0,-640.0,97.255524
160.0,-640.0,92.621889
200.0,-640.0,88.1881
240.0,-640.0,83.957835
280.0,-640.0,79.935145
320.0,-640.0,76.124713
360.0,-640.0,72.531467
400.0,-640.0,69.160669
440.0,-640.0,66.018095
480.0,-640.0,63.1093
520.0,-640.0,60.440395
560.0,-640.0,58.017468
600.0,-640.0,55.84665
640.0,-640.0,53.934686
680.0,-640.0,52.2874
720.0,-640.0,50.911283
760.0,-640.0,49.812689
800.0,-640.0,48.997627
840.0,-640.0,48.473108
880.0,-640.0,48.244032
920.0,-640.0,48.317129
960.0,-640.0,48.698484
1000.0,-640.0,49.393069
1040.0,-640.0,50.407856
1080.0,-640.0,51.748039
1120.0,-640.0,53.419497
1160.0,-640.0,55.429072
1200.0,-640.0,57.782814
1240.0,-640.0,60.488094
1280.0,-640.0,63.517949
1320.0,-640.0,66.761079
1360.0,-640.0,70.209976
1400.0,-640.0,73.865277
1440.0,-640.0,77.726441
1480.0,-640.0,81.793547
1520.0,-640.0,86.064586
1560.0,-640.0,90.53929
1600.0,-640.0,95.214895
1640.0,-640.0,100.09083
1680.0,-640.0,105.164283
-1680.0,-600.0,
-1640.0,-600.0,
-1600.0,-600.0,
-1560.0,-600.0,
-1520.0,-600.0,
-1480.0,-600.0,
-1440.0,-600.0,
-1400.0,-600.0,
-1360.0,-600.0,427.077132
-1320.0,-600.0,414.566676
-1280.0,-600.0,402.265954
-1240.0,-600.0,390.173706
-1200.0,-600.0,378.289939
-1160.0,-600.0,366.613472
-1120.0,-600.0,355.144457
-1080.0,-600.0,343.881502
-1040.0,-600.0,332.82492
-1000.0,-600.0,321.973594
-960.0,-600.0,311.327348
-920.0,-600.0,300.885833
-880.0,-600.0,290.648097
-840.0,-600.0,280.614233
-800.0,-600.0,270.783763
-760.0,-600.0,261.155975
-720.0,-600.0,251.730894
-680.0,-600.0,242.508192
-640.0,-600.0,233.487403
-600.0,-600.0,224.668344
-560.0,-600.0,216.050913
-520.0,-600.0,207.634936
-480.0,-600.0,199.420272
-440.0,-600.0,191.406715
-400.0,-600.0,183.594383
-360.0,-600.0,175.983298
-320.0,-600.0,168.573539
-280.0,-600.0,161.365242
-240.0,-600.0,154.358609
-200.0,-600.0,147.553902
-160.0,-600.0,140.95145
-120.0,-600.0,134.551619
-80.0,-600.0,128.354909
-40.0,-600.0,122.361845
0.0,-600.0,116.573017
40.0,-600.0,110.98909
80.0,-600.0,105.611153
120.0,-600.0,100.441066
160.0,-600.0,95.481436
200.0,-600.0,90.735512
240.0,-600.0,86.207281
280.0,-600.0,81.901138
320.0,-600.0,77.822132
360.0,-600.0,73.975564
400.0,-600.0,70.367098
440.0,-600.0,67.002926
480.0,-600.0,63.889023
520.0,-600.0,61.031987
560.0,-600.0,58.43827
600.0,-600.0,56.114513
640.0,-600.0,54.06793
680.0,-600.0,52.304797
720.0,-600.0,50.832042
760.0,-600.0,49.656503
800.0,-600.0,48.784588
840.0,-600.0,48.223633
880.0,-600.0,47.978866
920.0,-600.0,48.057407
960.0,-600.0,48.465449
1000.0,-600.0,49.207761
1040.0,-600.0,50.291931
1080.0,-600.0,51.722613
1120.0,-600.0,53.505604
1160.0,-600.0,55.647957
1200.0,-600.0,58.154516
1240.0,-600.0,61.033798
1280.0,-600.0,64.257068
1320.0,-600.0,67.711765
1360.0,-600.0,71.390337
1400.0,-600.0,75.29201
1440.0,-600.0,79.417277
1480.0,-600.0,83.763703
1520.0,-600.0,88.330932
1560.0,-600.0,93.115806
1600.0,-600.0,98.117244
1640.0,-600.0,103.332279
1680.0,-600.0,108.758969
-1680.0,-560.0,
-1640.0,-560.0,
-1600.0,-560.0,
-1560.0,-560.0,
-1520.0,-560.0,
-1480.0,-560.0,
-1440.0,-560.0,
-1400.0,-560.0,
-1360.0,-560.0,455.726436
-1320.0,-560.0,442.244706
-1280.0,-560.0,428.990388
-1240.0,-560.0,415.963379
-1200.0,-560.0,403.162513
-1160.0,-560.0,390.587295
-1120.0,-560.0,378.236813
-1080.0,-560.0,366.110589
-1040.0,-560.0,354.207617
-1000.0,-560.0,342.527728
-960.0,-560.0,331.069594
-920.0,-560.0,319.833281
-880.0,-560.0,308.817773
-840.0,-560.0,298.022611
-800.0,-560.0,287.44747
-760.0,-560.0,277.091459
-720.0,-560.0,266.954344
-680.0,-560.0,257.03576
-640.0,-560.0,247.335146
-600.0,-560.0,237.852104
-560.0,-560.0,228.586465
-520.0,-560.0,219.537938
-480.0,-560.0,210.706245
-440.0,-560.0,202.091122
-400.0,-560.0,193.692572
-360.0,-560.0,185.510529
-320.0,-560.0,177.544992
-280.0,-560.0,169.796028
-240.0,-560.0,162.263776
-200.0,-560.0,154.948438
-160.0,-560.0,147.850296
-120.0,-560.0,140.969761
-80.0,-560.0,134.30729
-40.0,-560.0,127.863423
0.0,-560.0,121.638777
40.0,-560.0,115.634071
80.0,-560.0,109.850492
120.0,-560.0,104.290065
160.0,-560.0,98.955626
200.0,-560.0,93.850739
240.0,-560.0,88.97969
280.0,-560.0,84.347215
320.0,-560.0,79.958798
360.0,-560.0,75.820154
400.0,-560.0,71.937402
440.0,-560.0,68.317207
480.0,-560.0,64.966029
520.0,-560.0,61.89102
560.0,-560.0,59.099099
600.0,-560.0,56.597503
640.0,-560.0,54.394017
680.0,-560.0,52.495485
720.0,-560.0,50.909363
760.0,-560.0,49.643147
800.0,-560.0,48.703744
840.0,-560.0,48.098823
880.0,-560.0,47.834345
920.0,-560.0,47.917676
960.0,-560.0,48.354936
1000.0,-560.0,49.151661
1040.0,-560.0,50.315234
1080.0,-560.0,51.849649
1120.0,-560.0,53.761583
1160.0,-560.0,56.056861
1200.0,-560.0,58.740496
1240.0,-560.0,61.820711
1280.0,-560.0,65.26723
1320.0,-560.0,68.967135
1360.0,-560.0,72.910461
1400.0,-560.0,77.098076
1440.0,-560.0,81.527317
1480.0,-560.0,86.197504
1520.0,-560.0,91.105221
1560.0,-560.0,96.248504
1600.0,-560.0,101.624383
1640.0,-560.0,107.229554
1680.0,-560.0,113.062345
-1720.0,-520.0,
-1680.0,-520.0,
-1640.0,-520.0,
-1600.0,-520.0,
-1560.0,-520.0,
-1520.0,-520.0,
-1480.0,-520.0,
-1440.0,-520.0,
-1400.0,-520.0,504.193658
-1360.0,-520.0,489.319532
-1320.0,-520.0,474.696203
-1280.0,-520.0,460.323462
-1240.0,-520.0,446.19939
-1200.0,-520.0,432.323695
-1160.0,-520.0,418.695094
-1120.0,-520.0,405.312665
-1080.0,-520.0,392.175602
-1040.0,-520.0,379.282834
-1000.0,-520.0,366.633616
-960.0,-520.0,354.227091
-920.0,-520.0,342.062276
-880.0,-520.0,330.138765
-840.0,-520.0,318.455173
-800.0,-520.0,307.011354
-760.0,-520.0,295.80639
-720.0,-520.0,284.839482
-680.0,-520.0,274.110284
-640.0,-520.0,263.618111
-600.0,-520.0,253.362255
-560.0,-520.0,243.342457
-520.0,-520.0,233.558266
-480.0,-520.0,224.009232
-440.0,-520.0,214.694966
-400.0,-520.0,205.615329
-360.0,-520.0,196.770124
-320.0,-520.0,188.159231
-280.0,-520.0,179.782608
-240.0,-520.0,171.640284
-200.0,-520.0,163.732366
-160.0,-520.0,156.059132
-120.0,-520.0,148.620905
-80.0,-520.0,141.418112
-40.0,-520.0,134.45128
0.0,-520.0,127.721039
40.0,-520.0,121.228142
80.0,-520.0,114.973867
120.0,-520.0,108.96041
160.0,-520.0,103.190849
200.0,-520.0,97.669057
240.0,-520.0,92.399702
280.0,-520.0,87.387903
320.0,-520.0,82.639559
360.0,-520.0,78.160876
400.0,-520.0,73.958486
440.0,-520.0,70.039592
480.0,-520.0,66.411218
520.0,-520.0,63.081152
560.0,-520.0,60.056906
600.0,-520.0,57.34642
640.0,-520.0,54.958185
680.0,-520.0,52.899699
720.0,-520.0,51.179234
760.0,-520.0,49.804997
800.0,-520.0,48.784586
840.0,-520.0,48.126116
880.0,-520.0,47.836538
920.0,-520.0,47.923529
960.0,-520.0,48.393251
1000.0,-520.0,49.252184
1040.0,-520.0,50.507031
1080.0,-520.0,52.16239
1120.0,-520.0,54.224395
1160.0,-520.0,56.698057
1200.0,-520.0,59.588959
1240.0,-520.0,62.90315
1280.0,-520.0,66.611508
1320.0,-520.0,70.596793
1360.0,-520.0,74.850891
1400.0,-520.0,79.371214
1440.0,-520.0,84.156492
1480.0,-520.0,89.203229
1520.0,-520.0,94.508098
1560.0,-520.0,100.068303
1600.0,-520.0,105.878569
1640.0,-520.0,111.936961
1680.0,-520.0,118.239615
1720.0,-520.0,124.782406
-1720.0,-480.0,
-1680.0,-480.0,
-1640.0,-480.0,
-1600.0,-480.0,
-1560.0,-480.0,
-1520.0,-480.0,
-1480.0,-480.0,
-1440.0,-480.0,
-1400.0,-480.0,545.477805
-1360.0,-480.0,529.214927
-1320.0,-480.0,513.230602
-1280.0,-480.0,497.524064
-1240.0,-480.0,482.094242
-1200.0,-480.0,466.938848
-1160.0,-480.0,452.057538
-1120.0,-480.0,437.448635
-1080.0,-480.0,423.110867
-1040.0,-480.0,409.04332
-1000.0,-480.0,395.244367
-960.0,-480.0,381.713353
-920.0,-480.0,368.448734
-880.0,-480.0,355.449745
-840.0,-480.0,342.715236
-800.0,-480.0,330.244097
-760.0,-480.0,318.0357
-720.0,-480.0,306.088628
-680.0,-480.0,294.402404
-640.0,-480.0,282.976213
-600.0,-480.0,271.808932
-560.0,-480.0,260.900151
-520.0,-480.0,250.249199
-480.0,-480.0,239.855404
-440.0,-480.0,229.71816
-400.0,-480.0,219.837139
-360.0,-480.0,210.211955
-320.0,-480.0,200.84231
-280.0,-480.0,191.727996
-240.0,-480.0,182.868846
-200.0,-480.0,174.264922
-160.0,-480.0,165.916343
-120.0,-480.0,157.823336
-80.0,-480.0,149.986256
-40.0,-480.0,142.405579
0.0,-480.0,135.081912
40.0,-480.0,128.016016
80.0,-480.0,121.20924
120.0,-480.0,114.663952
160.0,-480.0,108.383479
200.0,-480.0,102.372023
240.0,-480.0,96.634639
280.0,-480.0,91.176911
320.0,-480.0,86.005175
360.0,-480.0,81.126162
400.0,-480.0,76.547092
440.0,-480.0,72.275787
480.0,-480.0,68.319929
520.0,-480.0,64.688042
560.0,-480.0,61.388384
600.0,-480.0,58.429736
640.0,-480.0,55.821463
680.0,-480.0,53.571849
720.0,-480.0,51.690291
760.0,-480.0,50.185838
800.0,-480.0,49.066833
840.0,-480.0,48.342532
880.0,-480.0,48.020676
920.0,-480.0,48.109144
960.0,-480.0,48.615502
1000.0,-480.0,49.545991
1040.0,-480.0,50.907437
1080.0,-480.0,52.70506
1120.0,-480.0,54.94333
1160.0,-480.0,57.628599
1200.0,-480.0,60.763473
1240.0,-480.0,64.355773
1280.0,-480.0,68.372435
1320.0,-480.0,72.696758
1360.0,-480.0,77.317231
1400.0,-480.0,82.231719
1440.0,-480.0,87.436896
1480.0,-480.0,92.927468
1520.0,-480.0,98.70011
1560.0,-480.0,104.749451
1600.0,-480.0,111.070571
1640.0,-480.0,117.659963
1680.0,-480.0,124.513063
1720.0,-480.0,131.625205
-1720.0,-440.0,
-1680.0,-440.0,
-1640.0,-440.0,
-1600.0,-440.0,
-1560.0,-440.0,
-1520.0,-440.0,
-1480.0,-440.0,
-1440.0,-440.0,
-1400.0,-440.0,595.286379
-1360.0,-440.0,577.333754
-1320.0,-440.0,559.695289
-1280.0,-440.0,542.369341
-1240.0,-440.0,525.354485
-1200.0,-440.0,508.64871
-1160.0,-440.0,492.249774
-1120.0,-440.0,476.156752
-1080.0,-440.0,460.367423
-1040.0,-440.0,444.880252
-1000.0,-440.0,429.693913
-960.0,-440.0,414.806252
-920.0,-440.0,400.216467
-880.0,-440.0,385.922316
-840.0,-440.0,371.923063
-800.0,-440.0,358.21677
-760.0,-440.0,344.802455
-720.0,-440.0,331.678728
-680.0,-440.0,318.844206
-640.0,-440.0,306.298002
-600.0,-440.0,294.038739
-560.0,-440.0,282.065445
-520.0,-440.0,270.377247
-480.0,-440.0,258.973167
-440.0,-440.0,247.852255
-400.0,-440.0,237.013918
-360.0,-440.0,226.457491
-320.0,-440.0,216.18241
-280.0,-440.0,206.188188
-240.0,-440.0,196.474471
-200.0,-440.0,187.041102
-160.0,-440.0,177.887998
-120.0,-440.0,169.015223
-80.0,-440.0,160.422988
-40.0,-440.0,152.111661
0.0,-440.0,144.081769
40.0,-440.0,136.334035
80.0,-440.0,128.869847
120.0,-440.0,121.691722
160.0,-440.0,114.80324
200.0,-440.0,108.208943
240.0,-440.0,101.914293
280.0,-440.0,95.925337
320.0,-440.0,90.248981
360.0,-440.0,84.892448
400.0,-440.0,79.863647
440.0,-440.0,75.171113
480.0,-440.0,70.823302
520.0,-440.0,66.82959
560.0,-440.0,63.199182
600.0,-440.0,59.941871
640.0,-440.0,57.068105
680.0,-440.0,54.587144
720.0,-440.0,52.509845
760.0,-440.0,50.846335
800.0,-440.0,49.60585
840.0,-440.0,48.799419
880.0,-440.0,48.435357
920.0,-440.0,48.522716
960.0,-440.0,49.070184
1000.0,-440.0,50.083582
1040.0,-440.0,51.571569
1080.0,-440.0,53.537445
1120.0,-440.0,55.987545
1160.0,-440.0,58.924937
1200.0,-440.0,62.353847
1240.0,-440.0,66.278457
1280.0,-440.0,70.666197
1320.0,-440.0,75.396498
1360.0,-440.0,80.456586
1400.0,-440.0,85.8431
1440.0,-440.0,91.549766
1480.0,-440.0,97.570788
1520.0,-440.0,103.900574
1560.0,-440.0,110.532448
1600.0,-440.0,117.460214
1640.0,-440.0,124.679313
1680.0,-440.0,132.184762
1720.0,-440.0,139.971471
-1720.0,-400.0,
-1680.0,-400.0,
-1640.0,-400.0,
-1600.0,-400.0,
-1560.0,-400.0,
-1520.0,-400.0,
-1480.0,-400.0,
-1440.0,-400.0,676.971236
-1400.0,-400.0,656.549391
-1360.0,-400.0,636.490999
-1320.0,-400.0,616.793594
-1280.0,-400.0,597.454813
-1240.0,-400.0,578.47213
-1200.0,-400.0,559.843054
-1160.0,-400.0,541.564378
-1120.0,-400.0,523.634448
-1080.0,-400.0,506.050978
-1040.0,-400.0,488.810992
-1000.0,-400.0,471.91275
-960.0,-400.0,455.354095
-920.0,-400.0,439.132344
-880.0,-400.0,423.246166
-840.0,-400.0,407.692693
-800.0,-400.0,392.470793
-760.0,-400.0,377.577778
-720.0,-400.0,363.012491
-680.0,-400.0,348.772651
-640.0,-400.0,334.856859
-600.0,-400.0,321.263478
-560.0,-400.0,307.990713
-520.0,-400.0,295.037382
-480.0,-400.0,282.402068
-440.0,-400.0,270.083278
-400.0,-400.0,258.080036
-360.0,-400.0,246.391254
-320.0,-400.0,235.015966
-280.0,-400.0,223.953271
-240.0,-400.0,213.202512
-200.0,-400.0,202.763168
-160.0,-400.0,192.634849
-120.0,-400.0,182.817338
-80.0,-400.0,173.310598
-40.0,-400.0,164.114788
0.0,-400.0,155.230267
40.0,-400.0,146.657635
80.0,-400.0,138.398256
120.0,-400.0,130.454761
160.0,-400.0,122.830957
200.0,-400.0,115.531722
240.0,-400.0,108.562933
280.0,-400.0,101.931117
320.0,-400.0,95.64378
360.0,-400.0,89.708706
400.0,-400.0,84.134572
440.0,-400.0,78.930734
480.0,-400.0,74.106563
520.0,-400.0,69.672436
560.0,-400.0,65.638753
600.0,-400.0,62.016532
640.0,-400.0,58.81749
680.0,-400.0,56.05235
720.0,-400.0,53.733618
760.0,-400.0,51.872608
800.0,-400.0,50.480565
840.0,-400.0,49.569993
880.0,-400.0,49.150118
920.0,-400.0,49.232474
960.0,-400.0,49.825467
1000.0,-400.0,50.937621
1040.0,-400.0,52.576092
1080.0,-400.0,54.7464
1120.0,-400.0,57.452119
1160.0,-400.0,60.697666
1200.0,-400.0,64.484018
1240.0,-400.0,68.81465
1280.0,-400.0,73.654662
1320.0,-400.0,78.879531
1360.0,-400.0,84.475271
1400.0,-400.0,90.435383
1440.0,-400.0,96.751274
1480.0,-400.0,103.414587
1520.0,-400.0,110.417696
1560.0,-400.0,117.752753
1600.0,-400.0,125.412108
1640.0,-400.0,133.388754
1680.0,-400.0,141.677559
1720.0,-400.0,150.27326
-1760.0,-360.0,
-1720.0,-360.0,
-1680.0,-360.0,
-1640.0,-360.0,
-1600.0,-360.0,
-1560.0,-360.0,
-1520.0,-360.0,
-1480.0,-360.0,
-1440.0,-360.0,756.956455
-1400.0,-360.0,733.763571
-1360.0,-360.0,710.999754
-1320.0,-360.0,688.661127
-1280.0,-360.0,666.743891
-1240.0,-360.0,645.244324
-1200.0,-360.0,624.158391
-1160.0,-360.0,603.482711
-1120.0,-360.0,583.213987
-1080.0,-360.0,563.348807
-1040.0,-360.0,543.883597
-1000.0,-360.0,524.814801
-960.0,-360.0,506.139796
-920.0,-360.0,487.855196
-880.0,-360.0,469.95771
-840.0,-360.0,452.444954
-800.0,-360.0,435.313341
-760.0,-360.0,418.560761
-720.0,-360.0,402.183973
-680.0,-360.0,386.180864
-640.0,-360.0,370.548407
-600.0,-360.0,355.284672
-560.0,-360.0,340.386999
-520.0,-360.0,325.853337
-480.0,-360.0,311.681673
-440.0,-360.0,297.869802
-400.0,-360.0,284.416014
-360.0,-360.0,271.318615
-320.0,-360.0,258.576008
-280.0,-360.0,246.186664
-240.0,-360.0,234.149397
-200.0,-360.0,222.463131
-160.0,-360.0,211.126968
-120.0,-360.0,200.140223
-80.0,-360.0,189.502436
-40.0,-360.0,179.213389
0.0,-360.0,169.273116
40.0,-360.0,159.681955
80.0,-360.0,150.441129
120.0,-360.0,141.553297
160.0,-360.0,133.022436
200.0,-360.0,124.853718
240.0,-360.0,117.05341
280.0,-360.0,109.628518
320.0,-360.0,102.587148
360.0,-360.0,95.937756
400.0,-360.0,89.689825
440.0,-360.0,83.853681
480.0,-360.0,78.439779
520.0,-360.0,73.459679
560.0,-360.0,68.92529
600.0,-360.0,64.849125
640.0,-360.0,61.244364
680.0,-360.0,58.123944
720.0,-360.0,55.502054
760.0,-360.0,53.391794
800.0,-360.0,51.807136
840.0,-360.0,50.761632
880.0,-360.0,50.267962
920.0,-360.0,50.338006
960.0,-360.0,50.983634
1000.0,-360.0,52.212746
1040.0,-360.0,54.035501
1080.0,-360.0,56.455849
1120.0,-360.0,59.47838
1160.0,-360.0,63.105678
1200.0,-360.0,67.336059
1240.0,-360.0,72.171467
1280.0,-360.0,77.573211
1320.0,-360.0,83.412979
1360.0,-360.0,89.672857
1400.0,-360.0,96.342801
1440.0,-360.0,103.411396
1480.0,-360.0,110.867062
1520.0,-360.0,118.698182
1560.0,-360.0,126.895638
1600.0,-360.0,135.450503
1640.0,-360.0,144.354895
1680.0,-360.0,153.601911
1720.0,-360.0,163.185514
1760.0,-360.0,173.100424
-1760.0,-320.0,
-1720.0,-320.0,
-1680.0,-320.0,
-1640.0,-320.0,
-1600.0,-320.0,
-1560.0,-320.0,
-1520.0,-320.0,
-1480.0,-320.0,
-1440.0,-320.0,861.158127
-1400.0,-320.0,834.246716
-1360.0,-320.0,807.860014
-1320.0,-320.0,781.991913
-1280.0,-320.0,756.636462
-1240.0,-320.0,731.787856
-1200.0,-320.0,707.440436
-1160.0,-320.0,683.588684
-1120.0,-320.0,660.227214
-1080.0,-320.0,637.350772
-1040.0,-320.0,614.953819
-1000.0,-320.0,593.03163
-960.0,-320.0,571.57948
-920.0,-320.0,550.592623
-880.0,-320.0,530.06594
-840.0,-320.0,509.995286
-800.0,-320.0,490.376483
-760.0,-320.0,471.204629
-720.0,-320.0,452.476279
-680.0,-320.0,434.187019
-640.0,-320.0,416.33328
-600.0,-320.0,398.911111
-560.0,-320.0,381.91723
-520.0,-320.0,365.347848
-480.0,-320.0,349.200038
-440.0,-320.0,333.470516
-400.0,-320.0,318.156297
-360.0,-320.0,303.254715
-320.0,-320.0,288.763148
-280.0,-320.0,274.679064
-240.0,-320.0,261.000357
-200.0,-320.0,247.725048
-160.0,-320.0,234.851391
-120.0,-320.0,222.377906
-80.0,-320.0,210.303394
-40.0,-320.0,198.626967
0.0,-320.0,187.348055
40.0,-320.0,176.466483
80.0,-320.0,165.983111
120.0,-320.0,155.900455
160.0,-320.0,146.222519
200.0,-320.0,136.95466
240.0,-320.0,128.103448
280.0,-320.0,119.67631
320.0,-320.0,111.681941
360.0,-320.0,104.129506
400.0,-320.0,97.029397
440.0,-320.0,90.393053
480.0,-320.0,84.232192
520.0,-320.0,78.559855
560.0,-320.0,73.389781
600.0,-320.0,68.736216
640.0,-320.0,64.614528
680.0,-320.0,61.040145
720.0,-320.0,58.029068
760.0,-320.0,55.598042
800.0,-320.0,53.762568
840.0,-320.0,52.540342
880.0,-320.0,51.945342
920.0,-320.0,51.993807
960.0,-320.0,52.698404
1000.0,-320.0,54.070834
1040.0,-320.0,56.121914
1080.0,-320.0,58.856121
1120.0,-320.0,62.278377
1160.0,-320.0,66.389234
1200.0,-320.0,71.18453
1240.0,-320.0,76.661722
1280.0,-320.0,82.777502
1320.0,-320.0,89.398562
1360.0,-320.0,96.501376
1400.0,-320.0,104.069551
1440.0,-320.0,112.087087
1480.0,-320.0,120.538647
1520.0,-320.0,129.410062
1560.0,-320.0,138.688842
1600.0,-320.0,148.364176
1640.0,-320.0,158.426793
1680.0,-320.0,168.868767
1720.0,-320.0,179.683307
1760.0,-320.0,190.864556
-1760.0,-280.0,
-1720.0,-280.0,
-1680.0,-280.0,
-1640.0,-280.0,
-1600.0,-280.0,
-1560.0,-280.0,
-1520.0,-280.0,
-1480.0,-280.0,
-1440.0,-280.0,1003.052589
-1400.0,-280.0,970.850913
-1360.0,-280.0,939.326325
-1320.0,-280.0,908.468225
-1280.0,-280.0,878.265937
-1240.0,-280.0,848.710568
-1200.0,-280.0,819.792562
-1160.0,-280.0,791.502646
-1120.0,-280.0,763.831829
-1080.0,-280.0,736.77138
-1040.0,-280.0,710.312828
-1000.0,-280.0,684.447946
-960.0,-280.0,659.168749
-920.0,-280.0,634.46748
-880.0,-280.0,610.336158
-840.0,-280.0,586.767878
-800.0,-280.0,563.755618
-760.0,-280.0,541.292388
-720.0,-280.0,519.371177
-680.0,-280.0,497.986081
-640.0,-280.0,477.130479
-600.0,-280.0,456.79856
-560.0,-280.0,436.984462
-520.0,-280.0,417.682659
-480.0,-280.0,398.887725
-440.0,-280.0,380.594743
-400.0,-280.0,362.798524
-360.0,-280.0,345.49469
-320.0,-280.0,328.678827
-280.0,-280.0,312.346678
-240.0,-280.0,296.494486
-200.0,-280.0,281.118708
-160.0,-280.0,266.216103
-120.0,-280.0,251.783772
-80.0,-280.0,237.819191
-40.0,-280.0,224.320237
0.0,-280.0,211.28521
40.0,-280.0,198.71294
80.0,-280.0,186.603483
120.0,-280.0,174.958848
160.0,-280.0,163.782757
200.0,-280.0,153.080475
240.0,-280.0,142.858652
280.0,-280.0,133.124972
320.0,-280.0,123.888625
360.0,-280.0,115.15945
400.0,-280.0,106.948852
440.0,-280.0,99.269519
480.0,-280.0,92.134545
520.0,-280.0,85.559057
560.0,-280.0,79.558777
600.0,-280.0,74.149969
640.0,-280.0,69.35136
680.0,-280.0,65.180421
720.0,-280.0,61.657343
760.0,-280.0,58.801143
800.0,-280.0,56.632195
840.0,-280.0,55.170455
880.0,-280.0,54.435303
920.0,-280.0,54.445836
960.0,-280.0,55.218723
1000.0,-280.0,56.769108
1040.0,-280.0,59.110344
1080.0,-280.0,62.248705
1120.0,-280.0,66.188681
1160.0,-280.0,70.929109
1200.0,-280.0,76.462497
1240.0,-280.0,82.779902
1280.0,-280.0,89.830237
1320.0,-280.0,97.471367
1360.0,-280.0,105.671422
1400.0,-280.0,114.406747
1440.0,-280.0,123.654139
1480.0,-280.0,133.392594
1520.0,-280.0,143.603912
1560.0,-280.0,154.272623
1600.0,-280.0,165.385336
1640.0,-280.0,176.931783
1680.0,-280.0,188.903034
1720.0,-280.0,201.291576
1760.0,-280.0,214.091009
-1760.0,-240.0,
-1720.0,-240.0,
-1680.0,-240.0,
-1640.0,-240.0,
-1600.0,-240.0,
-1560.0,-240.0,
-1520.0,-240.0,
-1480.0,-240.0,
-1440.0,-240.0,1209.121408
-1400.0,-240.0,1168.708307
-1360.0,-240.0,1129.246054
-1320.0,-240.0,1090.71407
-1280.0,-240.0,1053.094341
-1240.0,-240.0,1016.366889
-1200.0,-240.0,980.515396
-1160.0,-240.0,945.522365
-1120.0,-240.0,911.370141
-1080.0,-240.0,878.043476
-1040.0,-240.0,845.526746
-1000.0,-240.0,813.804817
-960.0,-240.0,782.863093
-920.0,-240.0,752.687492
-880.0,-240.0,723.264425
-840.0,-240.0,694.580776
-800.0,-240.0,666.623886
-760.0,-240.0,639.381496
-720.0,-240.0,612.841428
-680.0,-240.0,586.992754
-640.0,-240.0,561.824506
-600.0,-240.0,537.325731
-560.0,-240.0,513.486564
-520.0,-240.0,490.297166
-480.0,-240.0,467.748051
-440.0,-240.0,445.830349
-400.0,-240.0,424.535402
-360.0,-240.0,403.854954
-320.0,-240.0,383.781324
-280.0,-240.0,364.306975
-240.0,-240.0,345.424957
-200.0,-240.0,327.128756
-160.0,-240.0,309.412267
-120.0,-240.0,292.269873
-80.0,-240.0,275.69647
-40.0,-240.0,259.687539
0.0,-240.0,244.239163
40.0,-240.0,229.348119
80.0,-240.0,215.012754
120.0,-240.0,201.233739
160.0,-240.0,188.013764
200.0,-240.0,175.35737
240.0,-240.0,163.270729
280.0,-240.0,151.76134
320.0,-240.0,140.838565
360.0,-240.0,130.512741
400.0,-240.0,120.79626
440.0,-240.0,111.703099
480.0,-240.0,103.247938
520.0,-240.0,95.448377
560.0,-240.0,88.322104
600.0,-240.0,81.889082
640.0,-240.0,76.170509
680.0,-240.0,71.188469
720.0,-240.0,66.966134
760.0,-240.0,63.528159
800.0,-240.0,60.898724
840.0,-240.0,59.103566
880.0,-240.0,58.167079
920.0,-240.0,58.114015
960.0,-240.0,58.966446
1000.0,-240.0,60.744364
1040.0,-240.0,63.465787
1080.0,-240.0,67.140872
1120.0,-240.0,71.774786
1160.0,-240.0,77.364237
1200.0,-240.0,83.896045
1240.0,-240.0,91.351836
1280.0,-240.0,99.668302
1320.0,-240.0,108.689666
1360.0,-240.0,118.370329
1400.0,-240.0,128.674091
1440.0,-240.0,139.568006
1480.0,-240.0,151.024044
1520.0,-240.0,163.019243
1560.0,-240.0,175.533236
1600.0,-240.0,188.552557
1640.0,-240.0,202.065301
1680.0,-240.0,216.061294
1720.0,-240.0,230.529587
1760.0,-240.0,245.465959
-1760.0,-200.0,
-1720.0,-200.0,
-1680.0,-200.0,
-1640.0,-200.0,
-1600.0,-200.0,
-1560.0,-200.0,
-1520.0,-200.0,
-1480.0,-200.0,1597.315143
-1440.0,-200.0,1540.614009
-1400.0,-200.0,1485.5129
-1360.0,-200.0,1431.962009
-1320.0,-200.0,1379.91485
-1280.0,-200.0,1329.326966
-1240.0,-200.0,1280.1558
-1200.0,-200.0,1232.359323
-1160.0,-200.0,1185.899294
-1120.0,-200.0,1140.738204
-1080.0,-200.0,1096.840062
-1040.0,-200.0,1054.170548
-1000.0,-200.0,1012.697469
-960.0,-200.0,972.388577
-920.0,-200.0,933.214105
-880.0,-200.0,895.14545
-840.0,-200.0,858.154918
-800.0,-200.0,822.21602
-760.0,-200.0,787.303412
-720.0,-200.0,753.392841
-680.0,-200.0,720.461088
-640.0,-200.0,688.485922
-600.0,-200.0,657.445915
-560.0,-200.0,627.320589
-520.0,-200.0,598.090734
-480.0,-200.0,569.737541
-440.0,-200.0,542.243108
-400.0,-200.0,515.590643
-360.0,-200.0,489.763705
-320.0,-200.0,464.74704
-280.0,-200.0,440.52596
-240.0,-200.0,417.086494
-200.0,-200.0,394.415635
-160.0,-200.0,372.501043
-120.0,-200.0,351.331187
-80.0,-200.0,330.895381
-40.0,-200.0,311.183876
0.0,-200.0,292.187836
40.0,-200.0,273.899503
80.0,-200.0,256.313219
120.0,-200.0,239.426288
160.0,-200.0,223.238501
200.0,-200.0,207.751962
240.0,-200.0,192.970912
280.0,-200.0,178.90144
320.0,-200.0,165.552056
360.0,-200.0,152.932986
400.0,-200.0,141.05703
440.0,-200.0,129.938956
480.0,-200.0,119.595607
520.0,-200.0,110.04627
560.0,-200.0,101.312125
600.0,-200.0,93.41587
640.0,-200.0,86.383614
680.0,-200.0,80.241249
720.0,-200.0,75.017901
760.0,-200.0,70.743634
800.0,-200.0,67.44931
840.0,-200.0,65.167425
880.0,-200.0,63.929445
920.0,-200.0,63.768147
960.0,-200.0,64.714263
1000.0,-200.0,66.795494
1040.0,-200.0,70.037288
1080.0,-200.0,74.456052
1120.0,-200.0,80.060576
1160.0,-200.0,86.846635
1200.0,-200.0,94.793502
1240.0,-200.0,103.867233
1280.0,-200.0,113.982593
1320.0,-200.0,124.960325
1360.0,-200.0,136.731422
1400.0,-200.0,149.239838
1440.0,-200.0,162.437083
1480.0,-200.0,176.288386
1520.0,-200.0,190.764064
1560.0,-200.0,205.841096
1600.0,-200.0,221.504935
1640.0,-200.0,237.737442
1680.0,-200.0,254.532429
1720.0,-200.0,271.874855
1760.0,-200.0,289.761308
-1760.0,-160.0,
-1720.0,-160.0,
-1680.0,-160.0,
-1640.0,-160.0,
-1600.0,-160.0,
-1560.0,-160.0,
-1520.0,-160.0,
-1480.0,-160.0,2277.3142
-1440.0,-160.0,2184.222991
-1400.0,-160.0,2094.771932
-1360.0,-160.0,2008.774385
-1320.0,-160.0,1926.061301
-1280.0,-160.0,1846.472335
-1240.0,-160.0,1769.858005
-1200.0,-160.0,1696.080799
-1160.0,-160.0,1625.010989
-1120.0,-160.0,1556.527395
-1080.0,-160.0,1490.516673
-1040.0,-160.0,1426.87267
-1000.0,-160.0,1365.494623
-960.0,-160.0,1306.290073
-920.0,-160.0,1249.170942
-880.0,-160.0,1194.053594
-840.0,-160.0,1140.860951
-800.0,-160.0,1089.519315
-760.0,-160.0,1039.959001
-720.0,-160.0,992.115272
-680.0,-160.0,945.926378
-640.0,-160.0,901.334075
-600.0,-160.0,858.28339
-560.0,-160.0,816.722413
-520.0,-160.0,776.602097
-480.0,-160.0,737.876078
-440.0,-160.0,700.500291
-400.0,-160.0,664.433479
-360.0,-160.0,629.636555
-320.0,-160.0,596.072226
-280.0,-160.0,563.705874
-240.0,-160.0,532.504339
-200.0,-160.0,502.436696
-160.0,-160.0,473.473784
-120.0,-160.0,445.588223
-80.0,-160.0,418.754488
-40.0,-160.0,392.948909
0.0,-160.0,368.149663
40.0,-160.0,344.336955
80.0,-160.0,321.494249
120.0,-160.0,299.609207
160.0,-160.0,278.673
200.0,-160.0,258.68011
240.0,-160.0,239.628282
280.0,-160.0,221.518239
320.0,-160.0,204.354197
360.0,-160.0,188.143562
400.0,-160.0,172.896921
440.0,-160.0,158.628663
480.0,-160.0,145.355437
520.0,-160.0,133.098484
560.0,-160.0,121.88069
600.0,-160.0,111.728784
640.0,-160.0,102.672954
680.0,-160.0,94.744877
720.0,-160.0,87.980043
760.0,-160.0,82.415345
800.0,-160.0,78.090368
840.0,-160.0,75.047363
880.0,-160.0,73.327994
920.0,-160.0,72.97603
960.0,-160.0,74.033806
1000.0,-160.0,76.542009
1040.0,-160.0,80.53891
1080.0,-160.0,86.052864
1120.0,-160.0,93.101218
1160.0,-160.0,101.681395
1200.0,-160.0,111.765308
1240.0,-160.0,123.292567
1280.0,-160.0,136.137813
1320.0,-160.0,150.074341
1360.0,-160.0,164.987725
1400.0,-160.0,180.792049
1440.0,-160.0,197.420658
1480.0,-160.0,214.824826
1520.0,-160.0,232.972491
1560.0,-160.0,251.835898
1600.0,-160.0,271.395518
1640.0,-160.0,291.637209
1680.0,-160.0,312.547568
1720.0,-160.0,334.114853
1760.0,-160.0,356.326525
-1760.0,-120.0,
-1720.0,-120.0,
-1680.0,-120.0,
-1640.0,-120.0,
-1600.0,-120.0,
-1560.0,-120.0,
-1520.0,-120.0,
-1480.0,-120.0,4464.600641
-1440.0,-120.0,4190.464895
-1400.0,-120.0,3938.519356
-1360.0,-120.0,3706.146688
-1320.0,-120.0,3491.140865
-1280.0,-120.0,3291.625354
-1240.0,-120.0,3105.994618
-1200.0,-120.0,2932.863958
-1160.0,-120.0,2771.033615
-1120.0,-120.0,2619.458403
-1080.0,-120.0,2477.223176
-1040.0,-120.0,2343.521547
-1000.0,-120.0,2217.641763
-960.0,-120.0,2098.951714
-920.0,-120.0,1986.889334
-880.0,-120.0,1880.951372
-840.0,-120.0,1780.686794
-800.0,-120.0,1685.690095
-760.0,-120.0,1595.595622
-720.0,-120.0,1510.072596
-680.0,-120.0,1428.820171
-640.0,-120.0,1351.566871
-600.0,-120.0,1278.063389
-560.0,-120.0,1208.083554
-520.0,-120.0,1141.420079
-480.0,-120.0,1077.883001
-440.0,-120.0,1017.298085
-400.0,-120.0,959.505257
-360.0,-120.0,904.357237
-320.0,-120.0,851.718286
-280.0,-120.0,801.463102
-240.0,-120.0,753.476409
-200.0,-120.0,707.651286
-160.0,-120.0,663.889316
-120.0,-120.0,622.099365
-80.0,-120.0,582.197353
-40.0,-120.0,544.105815
0.0,-120.0,507.753527
40.0,-120.0,473.075447
80.0,-120.0,440.014031
120.0,-120.0,408.52
160.0,-120.0,378.551193
200.0,-120.0,350.072344
240.0,-120.0,323.054998
280.0,-120.0,297.476919
320.0,-120.0,273.323038
360.0,-120.0,250.583924
400.0,-120.0,229.256998
440.0,-120.0,209.345297
480.0,-120.0,190.857771
520.0,-120.0,173.809704
560.0,-120.0,158.221105
600.0,-120.0,144.117567
640.0,-120.0,131.530437
680.0,-120.0,120.494889
720.0,-120.0,111.052101
760.0,-120.0,103.247002
800.0,-120.0,97.1287
840.0,-120.0,92.750761
880.0,-120.0,90.168118
920.0,-120.0,89.441451
960.0,-120.0,90.629648
1000.0,-120.0,93.793461
1040.0,-120.0,98.991109
1080.0,-120.0,106.273623
1120.0,-120.0,115.676464
1160.0,-120.0,127.213531
1200.0,-120.0,140.849098
1240.0,-120.0,156.478986
1280.0,-120.0,173.892666
1320.0,-120.0,192.755024
1360.0,-120.0,212.864482
1400.0,-120.0,234.081948
1440.0,-120.0,256.316932
1480.0,-120.0,279.510711
1520.0,-120.0,303.62324
1560.0,-120.0,328.62529
1600.0,-120.0,354.493989
1640.0,-120.0,381.210272
1680.0,-120.0,408.753205
1720.0,-120.0,437.109579
1760.0,-120.0,466.265549
-1760.0,-80.0,
-1720.0,-80.0,
-1680.0,-80.0,
-1640.0,-80.0,
-1600.0,-80.0,
-1560.0,-80.0,
-1520.0,-80.0,
-1480.0,-80.0,39273.168745
-1440.0,-80.0,72813.814511
-1400.0,-80.0,42048.540665
-1360.0,-80.0,33672.964069
-1320.0,-80.0,48450.585125
-1280.0,-80.0,35273.838368
-1240.0,-80.0,70532.268179
-1200.0,-80.0,38380.994186
-1160.0,-80.0,30737.521653
-1120.0,-80.0,45326.129795
-1080.0,-80.0,32563.378198
-1040.0,-80.0,72084.131571
-1000.0,-80.0,14259.062392
-960.0,-80.0,10340.178812
-920.0,-80.0,8275.585777
-880.0,-80.0,6923.683321
-840.0,-80.0,5944.772391
-800.0,-80.0,5192.684433
-760.0,-80.0,4591.640749
-720.0,-80.0,4097.547457
-680.0,-80.0,3682.627207
-640.0,-80.0,3328.336261
-600.0,-80.0,3021.72749
-560.0,-80.0,2753.438919
-520.0,-80.0,2516.502595
-480.0,-80.0,2305.60768
-440.0,-80.0,2116.624974
-400.0,-80.0,1946.286917
-360.0,-80.0,1791.971003
-320.0,-80.0,1651.543678
-280.0,-80.0,1523.249863
-240.0,-80.0,1405.631168
-200.0,-80.0,1297.464785
-160.0,-80.0,1197.717057
-120.0,-80.0,1105.508325
-80.0,-80.0,1020.084791
-40.0,-80.0,940.797254
0.0,-80.0,867.083799
40.0,-80.0,798.456566
80.0,-80.0,734.492986
120.0,-80.0,674.827942
160.0,-80.0,619.145416
200.0,-80.0,567.172957
240.0,-80.0,518.676454
280.0,-80.0,473.456016
320.0,-80.0,431.342449
360.0,-80.0,392.194076
400.0,-80.0,355.894233
440.0,-80.0,322.34909
480.0,-80.0,291.48492
520.0,-80.0,263.247899
560.0,-80.0,237.600522
600.0,-80.0,214.521928
640.0,-80.0,194.007719
680.0,-80.0,176.063932
720.0,-80.0,160.714206
760.0,-80.0,147.989283
800.0,-80.0,137.935102
840.0,-80.0,130.607403
880.0,-80.0,126.069426
920.0,-80.0,124.394311
960.0,-80.0,125.662629
1000.0,-80.0,129.960113
1040.0,-80.0,137.376353
1080.0,-80.0,147.998563
1120.0,-80.0,161.906003
1160.0,-80.0,179.150635
1200.0,-80.0,199.713788
1240.0,-80.0,223.431449
1280.0,-80.0,249.870557
1320.0,-80.0,278.38068
1360.0,-80.0,308.56311
1400.0,-80.0,340.194989
1440.0,-80.0,373.163321
1480.0,-80.0,407.399885
1520.0,-80.0,442.85176
1560.0,-80.0,479.480044
1600.0,-80.0,517.252535
1640.0,-80.0,556.13663
1680.0,-80.0,596.100649
1720.0,-80.0,637.11306
1760.0,-80.0,679.141999
-1760.0,-40.0,
-1720.0,-40.0,
-1680.0,-40.0,
-1640.0,-40.0,
-1600.0,-40.0,
-1560.0,-40.0,
-1520.0,-40.0,
-1480.0,-40.0,
-1440.0,-40.0,
-1400.0,-40.0,
-1360.0,-40.0,
-1320.0,-40.0,
-1280.0,-40.0,
-1240.0,-40.0,
-1200.0,-40.0,
-1160.0,-40.0,
-1120.0,-40.0,201146.73979
-1080.0,-40.0,57366.568234
-1040.0,-40.0,259076.672296
-1000.0,-40.0,42761.879477
-960.0,-40.0,25932.338728
-920.0,-40.0,46834.094654
-880.0,-40.0,24090.515023
-840.0,-40.0,241611.519174
-800.0,-40.0,25348.261224
-760.0,-40.0,17183.466266
-720.0,-40.0,33704.279365
-680.0,-40.0,17827.660069
-640.0,-40.0,13619.687753
-600.0,-40.0,20260.802847
-560.0,-40.0,14030.924317
-520.0,-40.0,29866.190084
-480.0,-40.0,15159.402187
-440.0,-40.0,11747.274778
-400.0,-40.0,17974.340226
-360.0,-40.0,12414.301429
-320.0,-40.0,29443.707603
-280.0,-40.0,13742.527378
-240.0,-40.0,10678.742833
-200.0,-40.0,16855.222803
-160.0,-40.0,11465.284079
-120.0,-40.0,31674.369201
-80.0,-40.0,12921.994541
-40.0,-40.0,10006.325632
0.0,-40.0,16380.428166
40.0,-40.0,10867.55576
80.0,-40.0,37934.664883
120.0,-40.0,6486.663836
160.0,-40.0,3672.042233
200.0,-40.0,2680.835941
240.0,-40.0,2105.130109
280.0,-40.0,1713.768168
320.0,-40.0,1425.35388
360.0,-40.0,1202.085766
400.0,-40.0,1023.505882
440.0,-40.0,877.402443
480.0,-40.0,755.972303
520.0,-40.0,653.978793
560.0,-40.0,567.776647
600.0,-40.0,494.758779
640.0,-40.0,433.026419
680.0,-40.0,381.1779
720.0,-40.0,338.171178
760.0,-40.0,303.233405
800.0,-40.0,275.796955
840.0,-40.0,255.452666
880.0,-40.0,241.915328
920.0,-40.0,235.002745
960.0,-40.0,234.614926
1000.0,-40.0,240.719734
1040.0,-40.0,253.339579
1080.0,-40.0,272.541553
1120.0,-40.0,298.432713
1160.0,-40.0,331.084213
1200.0,-40.0,370.208647
1240.0,-40.0,415.273091
1280.0,-40.0,465.398849
1320.0,-40.0,517.940073
1360.0,-40.0,572.738326
1400.0,-40.0,629.173094
1440.0,-40.0,686.317957
1480.0,-40.0,745.601719
1520.0,-40.0,805.206088
1560.0,-40.0,867.123088
1600.0,-40.0,930.366502
1640.0,-40.0,993.422379
1680.0,-40.0,1059.117196
1720.0,-40.0,1124.268188
1760.0,-40.0,1192.308273
-1760.0,40.0,
-1720.0,40.0,
-1680.0,40.0,
-1640.0,40.0,
-1600.0,40.0,
-1560.0,40.0,
-1520.0,40.0,
-1480.0,40.0,
-1440.0,40.0,
-1400.0,40.0,
-1360.0,40.0,
-1320.0,40.0,
-1280.0,40.0,
-1240.0,40.0,
-1200.0,40.0,
-1160.0,40.0,
-1120.0,40.0,201146.739789
-1080.0,40.0,57366.568234
-1040.0,40.0,259076.672286
-1000.0,40.0,42761.879477
-960.0,40.0,25932.338728
-920.0,40.0,46834.094654
-880.0,40.0,24090.515023
-840.0,40.0,241611.51916
-800.0,40.0,25348.261224
-760.0,40.0,17183.466266
-720.0,40.0,33704.279365
-680.0,40.0,17827.660069
-640.0,40.0,13619.687753
-600.0,40.0,20260.802847
-560.0,40.0,14030.924317
-520.0,40.0,29866.190084
-480.0,40.0,15159.402187
-440.0,40.0,11747.274778
-400.0,40.0,17974.340226
-360.0,40.0,12414.301429
-320.0,40.0,29443.707602
-280.0,40.0,13742.527378
-240.0,40.0,10678.742833
-200.0,40.0,16855.222803
-160.0,40.0,11465.284079
-120.0,40.0,31674.3692
-80.0,40.0,12921.994541
-40.0,40.0,10006.325632
0.0,40.0,16380.428166
40.0,40.0,10867.55576
80.0,40.0,37934.664883
120.0,40.0,6486.663836
160.0,40.0,3672.042233
200.0,40.0,2680.835941
240.0,40.0,2105.130109
280.0,40.0,1713.768168
320.0,40.0,1425.35388
360.0,40.0,1202.085766
400.0,40.0,1023.505882
440.0,40.0,877.402443
480.0,40.0,755.972303
520.0,40.0,653.978793
560.0,40.0,567.776647
600.0,40.0,494.758779
640.0,40.0,433.026419
680.0,40.0,381.1779
720.0,40.0,338.171178
760.0,40.0,303.233405
800.0,40.0,275.796955
840.0,40.0,255.452666
880.0,40.0,241.915328
920.0,40.0,235.002745
960.0,40.0,234.614926
1000.0,40.0,240.719734
1040.0,40.0,253.339579
1080.0,40.0,272.541553
1120.0,40.0,298.432713
1160.0,40.0,331.084213
1200.0,40.0,370.208647
1240.0,40.0,415.273091
1280.0,40.0,465.398849
1320.0,40.0,517.940073
1360.0,40.0,572.738326
1400.0,40.0,629.173094
1440.0,40.0,686.317957
1480.0,40.0,745.601719
1520.0,40.0,805.206088
1560.0,40.0,867.123088
1600.0,40.0,930.366502
1640.0,40.0,993.422379
1680.0,40.0,1059.117196
1720.0,40.0,1124.268188
1760.0,40.0,1192.308273
-1760.0,80.0,
-1720.0,80.0,
-1680.0,80.0,
-1640.0,80.0,
-1600.0,80.0,
-1560.0,80.0,
-1520.0,80.0,
-1480.0,80.0,39273.168745
-1440.0,80.0,72813.814512
-1400.0,80.0,42048.540665
-1360.0,80.0,33672.964069
-1320.0,80.0,48450.585125
-1280.0,80.0,35273.838368
-1240.0,80.0,70532.268178
-1200.0,80.0,38380.994186
-1160.0,80.0,30737.521653
-1120.0,80.0,45326.129795
-1080.0,80.0,32563.378198
-1040.0,80.0,72084.131572
-1000.0,80.0,14259.062392
-960.0,80.0,10340.178812
-920.0,80.0,8275.585777
-880.0,80.0,6923.683321
-840.0,80.0,5944.772391
-800.0,80.0,5192.684433
-760.0,80.0,4591.640749
-720.0,80.0,4097.547457
-680.0,80.0,3682.627207
-640.0,80.0,3328.336261
-600.0,80.0,3021.72749
-560.0,80.0,2753.438919
-520.0,80.0,2516.502595
-480.0,80.0,2305.60768
-440.0,80.0,2116.624974
-400.0,80.0,1946.286917
-360.0,80.0,1791.971003
-320.0,80.0,1651.543678
-280.0,80.0,1523.249863
-240.0,80.0,1405.631168
-200.0,80.0,1297.464785
-160.0,80.0,1197.717057
-120.0,80.0,1105.508325
-80.0,80.0,1020.084791
-40.0,80.0,940.797254
0.0,80.0,867.083799
40.0,80.0,798.456566
80.0,80.0,734.492986
120.0,80.0,674.827942
160.0,80.0,619.145416
200.0,80.0,567.172957
240.0,80.0,518.676454
280.0,80.0,473.456016
320.0,80.0,431.342449
360.0,80.0,392.194076
400.0,80.0,355.894233
440.0,80.0,322.34909
480.0,80.0,291.48492
520.0,80.0,263.247899
560.0,80.0,237.600522
600.0,80.0,214.521928
640.0,80.0,194.007719
680.0,80.0,176.063932
720.0,80.0,160.714206
760.0,80.0,147.989283
800.0,80.0,137.935102
840.0,80.0,130.607403
880.0,80.0,126.069426
920.0,80.0,124.394311
960.0,80.0,125.662629
1000.0,80.0,129.960113
1040.0,80.0,137.376353
1080.0,80.0,147.998563
1120.0,80.0,161.906003
1160.0,80.0,179.150635
1200.0,80.0,199.713788
1240.0,80.0,223.431449
1280.0,80.0,249.870557
1320.0,80.0,278.38068
1360.0,80.0,308.56311
1400.0,80.0,340.194989
1440.0,80.0,373.163321
1480.0,80.0,407.399885
1520.0,80.0,442.85176
1560.0,80.0,479.480044
1600.0,80.0,517.252535
1640.0,80.0,556.13663
1680.0,80.0,596.100649
1720.0,80.0,637.11306
1760.0,80.0,679.141999
-1760.0,120.0,
-1720.0,120.0,
-1680.0,120.0,
-1640.0,120.0,
-1600.0,120.0,
-1560.0,120.0,
-1520.0,120.0,
-1480.0,120.0,4464.600641
-1440.0,120.0,4190.464895
-1400.0,120.0,3938.519356
-1360.0,120.0,3706.146688
-1320.0,120.0,3491.140865
-1280.0,120.0,3291.625354
-1240.0,120.0,3105.994618
-1200.0,120.0,2932.863958
-1160.0,120.0,2771.033615
-1120.0,120.0,2619.458403
-1080.0,120.0,2477.223176
-1040.0,120.0,2343.521547
-1000.0,120.0,2217.641763
-960.0,120.0,2098.951714
-920.0,120.0,1986.889334
-880.0,120.0,1880.951372
-840.0,120.0,1780.686794
-800.0,120.0,1685.690095
-760.0,120.0,1595.595622
-720.0,120.0,1510.072596
-680.0,120.0,1428.820171
-640.0,120.0,1351.566871
-600.0,120.0,1278.063389
-560.0,120.0,1208.083554
-520.0,120.0,1141.420079
-480.0,120.0,1077.883001
-440.0,120.0,1017.298085
-400.0,120.0,959.505257
-360.0,120.0,904.357237
-320.0,120.0,851.718286
-280.0,120.0,801.463102
-240.0,120.0,753.476409
-200.0,120.0,707.651286
-160.0,120.0,663.889316
-120.0,120.0,622.099365
-80.0,120.0,582.197353
-40.0,120.0,544.105815
0.0,120.0,507.753527
40.0,120.0,473.075447
80.0,120.0,440.014031
120.0,120.0,408.52
160.0,120.0,378.551193
200.0,120.0,350.072344
240.0,120.0,323.054998
280.0,120.0,297.476919
320.0,120.0,273.323038
360.0,120.0,250.583924
400.0,120.0,229.256998
440.0,120.0,209.345297
480.0,120.0,190.857771
520.0,120.0,173.809704
560.0,120.0,158.221105
600.0,120.0,144.117567
640.0,120.0,131.530437
680.0,120.0,120.494889
720.0,120.0,111.052101
760.0,120.0,103.247002
800.0,120.0,97.1287
840.0,120.0,92.750761
880.0,120.0,90.168118
920.0,120.0,89.441451
960.0,120.0,90.629648
1000.0,120.0,93.793461
1040.0,120.0,98.991109
1080.0,120.0,106.273623
1120.0,120.0,115.676464
1160.0,120.0,127.213531
1200.0,120.0,140.849098
1240.0,120.0,156.478986
1280.0,120.0,173.892666
1320.0,120.0,192.755024
1360.0,120.0,212.864482
1400.0,120.0,234.081948
1440.0,120.0,256.316932
1480.0,120.0,279.510711
1520.0,120.0,303.62324
1560.0,120.0,328.62529
1600.0,120.0,354.493989
1640.0,120.0,381.210272
1680.0,120.0,408.753205
1720.0,120.0,437.109579
1760.0,120.0,466.265549
-1760.0,160.0,
-1720.0,160.0,
-1680.0,160.0,
-1640.0,160.0,
-1600.0,160.0,
-1560.0,160.0,
-1520.0,160.0,
-1480.0,160.0,2277.3142
-1440.0,160.0,2184.222991
-1400.0,160.0,2094.771932
-1360.0,160.0,2008.774385
-1320.0,160.0,1926.061301
-1280.0,160.0,1846.472335
-1240.0,160.0,1769.858005
-1200.0,160.0,1696.080799
-1160.0,160.0,1625.010989
-1120.0,160.0,1556.527395
-1080.0,160.0,1490.516673
-1040.0,160.0,1426.87267
-1000.0,160.0,1365.494623
-960.0,160.0,1306.290073
-920.0,160.0,1249.170942
-880.0,160.0,1194.053594
-840.0,160.0,1140.860951
-800.0,160.0,1089.519315
-760.0,160.0,1039.959001
-720.0,160.0,992.115272
-680.0,160.0,945.926378
-640.0,160.0,901.334075
-600.0,160.0,858.28339
-560.0,160.0,816.722413
-520.0,160.0,776.602097
-480.0,160.0,737.876078
-440.0,160.0,700.500291
-400.0,160.0,664.433479
-360.0,160.0,629.636555
-320.0,160.0,596.072226
-280.0,160.0,563.705874
-240.0,160.0,532.504339
-200.0,160.0,502.436696
-160.0,160.0,473.473784
-120.0,160.0,445.588223
-80.0,160.0,418.754488
-40.0,160.0,392.948909
0.0,160.0,368.149663
40.0,160.0,344.336955
80.0,160.0,321.494249
120.0,160.0,299.609207
160.0,160.0,278.673
200.0,160.0,258.68011
240.0,160.0,239.628282
280.0,160.0,221.518239
320.0,160.0,204.354197
360.0,160.0,188.143562
400.0,160.0,172.896921
440.0,160.0,158.628663
480.0,160.0,145.355437
520.0,160.0,133.098484
560.0,160.0,121.88069
600.0,160.0,111.728784
640.0,160.0,102.672954
680.0,160.0,94.744877
720.0,160.0,87.980043
760.0,160.0,82.415345
800.0,160.0,78.090368
840.0,160.0,75.047363
880.0,160.0,73.327994
920.0,160.0,72.97603
960.0,160.0,74.033806
1000.0,160.0,76.542009
1040.0,160.0,80.53891
1080.0,160.0,86.052864
1120.0,160.0,93.101218
1160.0,160.0,101.681395
1200.0,160.0,111.765308
1240.0,160.0,123.292567
1280.0,160.0,136.137813
1320.0,160.0,150.074341
1360.0,160.0,164.987725
1400.0,160.0,180.792049
1440.0,160.0,197.420658
1480.0,160.0,214.824826
1520.0,160.0,232.972491
1560.0,160.0,251.835898
1600.0,160.0,271.395518
1640.0,160.0,291.637209
1680.0,160.0,312.547568
1720.0,160.0,334.114853
1760.0,160.0,356.326525
-1760.0,200.0,
-1720.0,200.0,
-1680.0,200.0,
-1640.0,200.0,
-1600.0,200.0,
-1560.0,200.0,
-1520.0,200.0,
-1480.0,200.0,1597.315143
-1440.0,200.0,1540.614009
-1400.0,200.0,1485.5129
-1360.0,200.0,1431.962009
-1320.0,200.0,1379.91485
-1280.0,200.0,1329.326966
-1240.0,200.0,1280.1558
-1200.0,200.0,1232.359323
-1160.0,200.0,1185.899294
-1120.0,200.0,1140.738204
-1080.0,200.0,1096.840062
-1040.0,200.0,1054.170548
-1000.0,200.0,1012.697469
-960.0,200.0,972.388577
-920.0,200.0,933.214105
-880.0,200.0,895.14545
-840.0,200.0,858.154918
-800.0,200.0,822.21602
-760.0,200.0,787.303412
-720.0,200.0,753.392841
-680.0,200.0,720.461088
-640.0,200.0,688.485922
-600.0,200.0,657.445915
-560.0,200.0,627.320589
-520.0,200.0,598.090734
-480.0,200.0,569.737541
-440.0,200.0,542.243108
-400.0,200.0,515.590643
-360.0,200.0,489.763705
-320.0,200.0,464.74704
-280.0,200.0,440.52596
-240.0,200.0,417.086494
-200.0,200.0,394.415635
-160.0,200.0,372.501043
-120.0,200.0,351.331187
-80.0,200.0,330.895381
-40.0,200.0,311.183876
0.0,200.0,292.187836
40.0,200.0,273.899503
80.0,200.0,256.313219
120.0,200.0,239.426288
160.0,200.0,223.238501
200.0,200.0,207.751962
240.0,200.0,192.970912
280.0,200.0,178.90144
320.0,200.0,165.552056
360.0,200.0,152.932986
400.0,200.0,141.05703
440.0,200.0,129.938956
480.0,200.0,119.595607
520.0,200.0,110.04627
560.0,200.0,101.312125
600.0,200.0,93.41587
640.0,200.0,86.383614
680.0,200.0,80.241249
720.0,200.0,75.017901
760.0,200.0,70.743634
800.0,200.0,67.44931
840.0,200.0,65.167425
880.0,200.0,63.929445
920.0,200.0,63.768147
960.0,200.0,64.714263
1000.0,200.0,66.795494
1040.0,200.0,70.037288
1080.0,200.0,74.456052
1120.0,200.0,80.060576
1160.0,200.0,86.846635
1200.0,200.0,94.793502
1240.0,200.0,103.867233
1280.0,200.0,113.982593
1320.0,200.0,124.960325
1360.0,200.0,136.731422
1400.0,200.0,149.239838
1440.0,200.0,162.437083
1480.0,200.0,176.288386
1520.0,200.0,190.764064
1560.0,200.0,205.841096
1600.0,200.0,221.504935
1640.0,200.0,237.737442
1680.0,200.0,254.532429
1720.0,200.0,271.874855
1760.0,200.0,289.761308
-1760.0,240.0,
-1720.0,240.0,
-1680.0,240.0,
-1640.0,240.0,
-1600.0,240.0,
-1560.0,240.0,
-1520.0,240.0,
-1480.0,240.0,
-1440.0,240.0,1209.121408
-1400.0,240.0,1168.708307
-1360.0,240.0,1129.246054
-1320.0,240.0,1090.71407
-1280.0,240.0,1053.094341
-1240.0,240.0,1016.366889
-1200.0,240.0,980.515396
-1160.0,240.0,945.522365
-1120.0,240.0,911.370141
-1080.0,240.0,878.043476
-1040.0,240.0,845.526746
-1000.0,240.0,813.804817
-960.0,240.0,782.863093
-920.0,240.0,752.687492
-880.0,240.0,723.264425
-840.0,240.0,694.580776
-800.0,240.0,666.623886
-760.0,240.0,639.381496
-720.0,240.0,612.841428
-680.0,240.0,586.992754
-640.0,240.0,561.824506
-600.0,240.0,537.325731
-560.0,240.0,513.486564
-520.0,240.0,490.297166
-480.0,240.0,467.748051
-440.0,240.0,445.830349
-400.0,240.0,424.535402
-360.0,240.0,403.854954
-320.0,240.0,383.781324
-280.0,240.0,364.306975
-240.0,240.0,345.424957
-200.0,240.0,327.128756
-160.0,240.0,309.412267
-120.0,240.0,292.269873
-80.0,240.0,275.69647
-40.0,240.0,259.687539
0.0,240.0,244.239163
40.0,240.0,229.348119
80.0,240.0,215.012754
120.0,240.0,201.233739
160.0,240.0,188.013764
200.0,240.0,175.35737
240.0,240.0,163.270729
280.0,240.0,151.76134
320.0,240.0,140.838565
360.0,240.0,130.512741
400.0,240.0,120.79626
440.0,240.0,111.703099
480.0,240.0,103.247938
520.0,240.0,95.448377
560.0,240.0,88.322104
600.0,240.0,81.889082
640.0,240.0,76.170509
680.0,240.0,71.188469
720.0,240.0,66.966134
760.0,240.0,63.528159
800.0,240.0,60.898724
840.0,240.0,59.103566
880.0,240.0,58.167079
920.0,240.0,58.114015
960.0,240.0,58.966446
1000.0,240.0,60.744364
1040.0,240.0,63.465787
1080.0,240.0,67.140872
1120.0,240.0,71.774786
1160.0,240.0,77.364237
1200.0,240.0,83.896045
1240.0,240.0,91.351836
1280.0,240.0,99.668302
1320.0,240.0,108.689666
1360.0,240.0,118.370329
1400.0,240.0,128.674091
1440.0,240.0,139.568006
1480.0,240.0,151.024044
1520.0,240.0,163.019243
1560.0,240.0,175.533236
1600.0,240.0,188.552557
1640.0,240.0,202.065301
1680.0,240.0,216.061294
1720.0,240.0,230.529587
1760.0,240.0,245.465959
-1760.0,280.0,
-1720.0,280.0,
-1680.0,280.0,
-1640.0,280.0,
-1600.0,280.0,
-1560.0,280.0,
-1520.0,280.0,
-1480.0,280.0,
-1440.0,280.0,1003.052589
-1400.0,280.0,970.850913
-1360.0,280.0,939.326325
-1320.0,280.0,908.468225
-1280.0,280.0,878.265937
-1240.0,280.0,848.710568
-1200.0,280.0,819.792562
-1160.0,280.0,791.502646
-1120.0,280.0,763.831829
-1080.0,280.0,736.77138
-1040.0,280.0,710.312828
-1000.0,280.0,684.447946
-960.0,280.0,659.168749
-920.0,280.0,634.46748
-880.0,280.0,610.336158
-840.0,280.0,586.767878
-800.0,280.0,563.755618
-760.0,280.0,541.292388
-720.0,280.0,519.371177
-680.0,280.0,497.986081
-640.0,280.0,477.130479
-600.0,280.0,456.79856
-560.0,280.0,436.984462
-520.0,280.0,417.682659
-480.0,280.0,398.887725
-440.0,280.0,380.594743
-400.0,280.0,362.798524
-360.0,280.0,345.49469
-320.0,280.0,328.678827
-280.0,280.0,312.346678
-240.0,280.0,296.494486
-200.0,280.0,281.118708
-160.0,280.0,266.216103
-120.0,280.0,251.783772
-80.0,280.0,237.819191
-40.0,280.0,224.320237
0.0,280.0,211.28521
40.0,280.0,198.71294
80.0,280.0,186.603483
120.0,280.0,174.958848
160.0,280.0,163.782757
200.0,280.0,153.080475
240.0,280.0,142.858652
280.0,280.0,133.124972
320.0,280.0,123.888625
360.0,280.0,115.15945
400.0,280.0,106.948852
440.0,280.0,99.269519
480.0,280.0,92.134545
520.0,280.0,85.559057
560.0,280.0,79.558777
600.0,280.0,74.149969
640.0,280.0,69.35136
680.0,280.0,65.180421
720.0,280.0,61.657343
760.0,280.0,58.801143
800.0,280.0,56.632195
840.0,280.0,55.170455
880.0,280.0,54.435303
920.0,280.0,54.445836
960.0,280.0,55.218723
1000.0,280.0,56.769108
1040.0,280.0,59.110344
1080.0,280.0,62.248705
1120.0,280.0,66.188681
1160.0,280.0,70.929109
1200.0,280.0,76.462497
1240.0,280.0,82.779902
1280.0,280.0,89.830237
1320.0,280.0,97.471367
1360.0,280.0,105.671422
1400.0,280.0,114.406747
1440.0,280.0,123.654139
1480.0,280.0,133.392594
1520.0,280.0,143.603912
1560.0,280.0,154.272623
1600.0,280.0,165.385336
1640.0,280.0,176.931783
1680.0,280.0,188.903034
1720.0,280.0,201.291576
1760.0,280.0,214.091009
-1760.0,320.0,
-1720.0,320.0,
-1680.0,320.0,
-1640.0,320.0,
-1600.0,320.0,
-1560.0,320.0,
-1520.0,320.0,
-1480.0,320.0,
-1440.0,320.0,861.158127
-1400.0,320.0,834.246716
-1360.0,320.0,807.860014
-1320.0,320.0,781.991913
-1280.0,320.0,756.636462
-1240.0,320.0,731.787856
-1200.0,320.0,707.440436
-1160.0,320.0,683.588684
-1120.0,320.0,660.227214
-1080.0,320.0,637.350772
-1040.0,320.0,614.953819
-1000.0,320.0,593.03163
-960.0,320.0,571.57948
-920.0,320.0,550.592623
-880.0,320.0,530.06594
-840.0,320.0,509.995286
-800.0,320.0,490.376483
-760.0,320.0,471.204629
-720.0,320.0,452.476279
-680.0,320.0,434.187019
-640.0,320.0,416.33328
-600.0,320.0,398.911111
-560.0,320.0,381.91723
-520.0,320.0,365.347848
-480.0,320.0,349.200038
-440.0,320.0,333.470516
-400.0,320.0,318.156297
-360.0,320.0,303.254715
-320.0,320.0,288.763148
-280.0,320.0,274.679064
-240.0,320.0,261.000357
-200.0,320.0,247.725048
-160.0,320.0,234.851391
-120.0,320.0,222.377906
-80.0,320.0,210.303394
-40.0,320.0,198.626967
0.0,320.0,187.348055
40.0,320.0,176.466483
80.0,320.0,165.983111
120.0,320.0,155.900455
160.0,320.0,146.222519
200.0,320.0,136.95466
240.0,320.0,128.103448
280.0,320.0,119.67631
320.0,320.0,111.681941
360.0,320.0,104.129506
400.0,320.0,97.029397
440.0,320.0,90.393053
480.0,320.0,84.232192
520.0,320.0,78.559855
560.0,320.0,73.389781
600.0,320.0,68.736216
640.0,320.0,64.614528
680.0,320.0,61.040145
720.0,320.0,58.029068
760.0,320.0,55.598042
800.0,320.0,53.762568
840.0,320.0,52.540342
880.0,320.0,51.945342
920.0,320.0,51.993807
960.0,320.0,52.698404
1000.0,320.0,54.070834
1040.0,320.0,56.121914
1080.0,320.0,58.856121
1120.0,320.0,62.278377
1160.0,320.0,66.389234
1200.0,320.0,71.18453
1240.0,320.0,76.661722
1280.0,320.0,82.777502
1320.0,320.0,89.398562
1360.0,320.0,96.501376
1400.0,320.0,104.069551
1440.0,320.0,112.087087
1480.0,320.0,120.538647
1520.0,320.0,129.410062
1560.0,320.0,138.688842
1600.0,320.0,148.364176
1640.0,320.0,158.426793
1680.0,320.0,168.868767
1720.0,320.0,179.683307
1760.0,320.0,190.864556
-1760.0,360.0,
-1720.0,360.0,
-1680.0,360.0,
-1640.0,360.0,
-1600.0,360.0,
-1560.0,360.0,
-1520.0,360.0,
-1480.0,360.0,
-1440.0,360.0,756.956455
-1400.0,360.0,733.763571
-1360.0,360.0,710.999754
-1320.0,360.0,688.661127
-1280.0,360.0,666.743891
-1240.0,360.0,645.244324
-1200.0,360.0,624.158391
-1160.0,360.0,603.482711
-1120.0,360.0,583.213987
-1080.0,360.0,563.348807
-1040.0,360.0,543.883597
-1000.0,360.0,524.814801
-960.0,360.0,506.139796
-920.0,360.0,487.855196
-880.0,360.0,469.95771
-840.0,360.0,452.444954
-800.0,360.0,435.313341
-760.0,360.0,418.560761
-720.0,360.0,402.183973
-680.0,360.0,386.180864
-640.0,360.0,370.548407
-600.0,360.0,355.284672
-560.0,360.0,340.386999
-520.0,360.0,325.853337
-480.0,360.0,311.681673
-440.0,360.0,297.869802
-400.0,360.0,284.416014
-360.0,360.0,271.318615
-320.0,360.0,258.576008
-280.0,360.0,246.186664
-240.0,360.0,234.149397
-200.0,360.0,222.463131
-160.0,360.0,211.126968
-120.0,360.0,200.140223
-80.0,360.0,189.502436
-40.0,360.0,179.213389
0.0,360.0,169.273116
40.0,360.0,159.681955
80.0,360.0,150.441129
120.0,360.0,141.553297
160.0,360.0,133.022436
200.0,360.0,124.853718
240.0,360.0,117.05341
280.0,360.0,109.628518
320.0,360.0,102.587148
360.0,360.0,95.937756
400.0,360.0,89.689825
440.0,360.0,83.853681
480.0,360.0,78.439779
520.0,360.0,73.459679
560.0,360.0,68.92529
600.0,360.0,64.849125
640.0,360.0,61.244364
680.0,360.0,58.123944
720.0,360.0,55.502054
760.0,360.0,53.391794
800.0,360.0,51.807136
840.0,360.0,50.761632
880.0,360.0,50.267962
920.0,360.0,50.338006
960.0,360.0,50.983634
1000.0,360.0,52.212746
1040.0,360.0,54.035501
1080.0,360.0,56.455849
1120.0,360.0,59.47838
1160.0,360.0,63.105678
1200.0,360.0,67.336059
1240.0,360.0,72.171467
1280.0,360.0,77.573211
1320.0,360.0,83.412979
1360.0,360.0,89.672857
1400.0,360.0,96.342801
1440.0,360.0,103.411396
1480.0,360.0,110.867062
1520.0,360.0,118.698182
1560.0,360.0,126.895638
1600.0,360.0,135.450503
1640.0,360.0,144.354895
1680.0,360.0,153.601911
1720.0,360.0,163.185514
1760.0,360.0,173.100424
-1720.0,400.0,
-1680.0,400.0,
-1640.0,400.0,
-1600.0,400.0,
-1560.0,400.0,
-1520.0,400.0,
-1480.0,400.0,
-1440.0,400.0,676.971236
-1400.0,400.0,656.549391
-1360.0,400.0,636.490999
-1320.0,400.0,616.793594
-1280.0,400.0,597.454813
-1240.0,400.0,578.47213
-1200.0,400.0,559.843054
-1160.0,400.0,541.564378
-1120.0,400.0,523.634448
-1080.0,400.0,506.050978
-1040.0,400.0,488.810992
-1000.0,400.0,471.91275
-960.0,400.0,455.354095
-920.0,400.0,439.132344
-880.0,400.0,423.246166
-840.0,400.0,407.692693
-800.0,400.0,392.470793
-760.0,400.0,377.577778
-720.0,400.0,363.012491
-680.0,400.0,348.772651
-640.0,400.0,334.856859
-600.0,400.0,321.263478
-560.0,400.0,307.990713
-520.0,400.0,295.037382
-480.0,400.0,282.402068
-440.0,400.0,270.083278
-400.0,400.0,258.080036
-360.0,400.0,246.391254
-320.0,400.0,235.015966
-280.0,400.0,223.953271
-240.0,400.0,213.202512
-200.0,400.0,202.763168
-160.0,400.0,192.634849
-120.0,400.0,182.817338
-80.0,400.0,173.310598
-40.0,400.0,164.114788
0.0,400.0,155.230267
40.0,400.0,146.657635
80.0,400.0,138.398256
120.0,400.0,130.454761
160.0,400.0,122.830957
200.0,400.0,115.531722
240.0,400.0,108.562933
280.0,400.0,101.931117
320.0,400.0,95.64378
360.0,400.0,89.708706
400.0,400.0,84.134572
440.0,400.0,78.930734
480.0,400.0,74.106563
520.0,400.0,69.672436
560.0,400.0,65.638753
600.0,400.0,62.016532
640.0,400.0,58.81749
680.0,400.0,56.05235
720.0,400.0,53.733618
760.0,400.0,51.872608
800.0,400.0,50.480565
840.0,400.0,49.569993
880.0,400.0,49.150118
920.0,400.0,49.232474
960.0,400.0,49.825467
1000.0,400.0,50.937621
1040.0,400.0,52.576092
1080.0,400.0,54.7464
1120.0,400.0,57.452119
1160.0,400.0,60.697666
1200.0,400.0,64.484018
1240.0,400.0,68.81465
1280.0,400.0,73.654662
1320.0,400.0,78.879531
1360.0,400.0,84.475271
1400.0,400.0,90.435383
1440.0,400.0,96.751274
1480.0,400.0,103.414587
1520.0,400.0,110.417696
1560.0,400.0,117.752753
1600.0,400.0,125.412108
1640.0,400.0,133.388754
1680.0,400.0,141.677559
1720.0,400.0,150.27326
-1720.0,440.0,
-1680.0,440.0,
-1640.0,440.0,
-1600.0,440.0,
-1560.0,440.0,
-1520.0,440.0,
-1480.0,440.0,
-1440.0,440.0,
-1400.0,440.0,595.286379
-1360.0,440.0,577.333754
-1320.0,440.0,559.695289
-1280.0,440.0,542.369341
-1240.0,440.0,525.354485
-1200.0,440.0,508.64871
-1160.0,440.0,492.249774
-1120.0,440.0,476.156752
-1080.0,440.0,460.367423
-1040.0,440.0,444.880252
-1000.0,440.0,429.693913
-960.0,440.0,414.806252
-920.0,440.0,400.216467
-880.0,440.0,385.922316
-840.0,440.0,371.923063
-800.0,440.0,358.21677
-760.0,440.0,344.802455
-720.0,440.0,331.678728
-680.0,440.0,318.844206
-640.0,440.0,306.298002
-600.0,440.0,294.038739
-560.0,440.0,282.065445
-520.0,440.0,270.377247
-480.0,440.0,258.973167
-440.0,440.0,247.852255
-400.0,440.0,237.013918
-360.0,440.0,226.457491
-320.0,440.0,216.18241
-280.0,440.0,206.188188
-240.0,440.0,196.474471
-200.0,440.0,187.041102
-160.0,440.0,177.887998
-120.0,440.0,169.015223
-80.0,440.0,160.422988
-40.0,440.0,152.111661
0.0,440.0,144.081769
40.0,440.0,136.334035
80.0,440.0,128.869847
120.0,440.0,121.691722
160.0,440.0,114.80324
200.0,440.0,108.208943
240.0,440.0,101.914293
280.0,440.0,95.925337
320.0,440.0,90.248981
360.0,440.0,84.892448
400.0,440.0,79.863647
440.0,440.0,75.171113
480.0,440.0,70.823302
520.0,440.0,66.82959
560.0,440.0,63.199182
600.0,440.0,59.941871
640.0,440.0,57.068105
680.0,440.0,54.587144
720.0,440.0,52.509845
760.0,440.0,50.846335
800.0,440.0,49.60585
840.0,440.0,48.799419
880.0,440.0,48.435357
920.0,440.0,48.522716
960.0,440.0,49.070184
1000.0,440.0,50.083582
1040.0,440.0,51.571569
1080.0,440.0,53.537445
1120.0,440.0,55.987545
1160.0,440.0,58.924937
1200.0,440.0,62.353847
1240.0,440.0,66.278457
1280.0,440.0,70.666197
1320.0,440.0,75.396498
1360.0,440.0,80.456586
1400.0,440.0,85.8431
1440.0,440.0,91.549766
1480.0,440.0,97.570788
1520.0,440.0,103.900574
1560.0,440.0,110.532448
1600.0,440.0,117.460214
1640.0,440.0,124.679313
1680.0,440.0,132.184762
1720.0,440.0,139.971471
-1720.0,480.0,
-1680.0,480.0,
-1640.0,480.0,
-1600.0,480.0,
-1560.0,480.0,
-1520.0,480.0,
-1480.0,480.0,
-1440.0,480.0,
-1400.0,480.0,545.477805
-1360.0,480.0,529.214927
-1320.0,480.0,513.230602
-1280.0,480.0,497.524064
-1240.0,480.0,482.094242
-1200.0,480.0,466.938848
-1160.0,480.0,452.057538
-1120.0,480.0,437.448635
-1080.0,480.0,423.110867
-1040.0,480.0,409.04332
-1000.0,480.0,395.244367
-960.0,480.0,381.713353
-920.0,480.0,368.448734
-880.0,480.0,355.449745
-840.0,480.0,342.715236
-800.0,480.0,330.244097
-760.0,480.0,318.0357
-720.0,480.0,306.088628
-680.0,480.0,294.402404
-640.0,480.0,282.976213
-600.0,480.0,271.808932
-560.0,480.0,260.900151
-520.0,480.0,250.249199
-480.0,480.0,239.855404
-440.0,480.0,229.71816
-400.0,480.0,219.837139
-360.0,480.0,210.211955
-320.0,480.0,200.84231
-280.0,480.0,191.727996
-240.0,480.0,182.868846
-200.0,480.0,174.264922
-160.0,480.0,165.916343
-120.0,480.0,157.823336
-80.0,480.0,149.986256
-40.0,480.0,142.405579
0.0,480.0,135.081912
40.0,480.0,128.016016
80.0,480.0,121.20924
120.0,480.0,114.663952
160.0,480.0,108.383479
200.0,480.0,102.372023
240.0,480.0,96.634639
280.0,480.0,91.176911
320.0,480.0,86.005175
360.0,480.0,81.126162
400.0,480.0,76.547092
440.0,480.0,72.275787
480.0,480.0,68.319929
520.0,480.0,64.688042
560.0,480.0,61.388384
600.0,480.0,58.429736
640.0,480.0,55.821463
680.0,480.0,53.571849
720.0,480.0,51.690291
760.0,480.0,50.185838
800.0,480.0,49.066833
840.0,480.0,48.342532
880.0,480.0,48.020676
920.0,480.0,48.109144
960.0,480.0,48.615502
1000.0,480.0,49.545991
1040.0,480.0,50.907437
1080.0,480.0,52.70506
1120.0,480.0,54.94333
1160.0,480.0,57.628599
1200.0,480.0,60.763473
1240.0,480.0,64.355773
1280.0,480.0,68.372435
1320.0,480.0,72.696758
1360.0,480.0,77.317231
1400.0,480.0,82.231719
1440.0,480.0,87.436896
1480.0,480.0,92.927468
1520.0,480.0,98.70011
1560.0,480.0,104.749451
1600.0,480.0,111.070571
1640.0,480.0,117.659963
1680.0,480.0,124.513063
1720.0,480.0,131.625205
-1720.0,520.0,
-1680.0,520.0,
-1640.0,520.0,
-1600.0,520.0,
-1560.0,520.0,
-1520.0,520.0,
-1480.0,520.0,
-1440.0,520.0,
-1400.0,520.0,504.193658
-1360.0,520.0,489.319532
-1320.0,520.0,474.696203
-1280.0,520.0,460.323462
-1240.0,520.0,446.19939
-1200.0,520.0,432.323695
-1160.0,520.0,418.695094
-1120.0,520.0,405.312665
-1080.0,520.0,392.175602
-1040.0,520.0,379.282834
-1000.0,520.0,366.633616
-960.0,520.0,354.227091
-920.0,520.0,342.062276
-880.0,520.0,330.138765
-840.0,520.0,318.455173
-800.0,520.0,307.011354
-760.0,520.0,295.80639
-720.0,520.0,284.839482
-680.0,520.0,274.110284
-640.0,520.0,263.618111
-600.0,520.0,253.362255
-560.0,520.0,243.342457
-520.0,520.0,233.558266
-480.0,520.0,224.009232
-440.0,520.0,214.694966
-400.0,520.0,205.615329
-360.0,520.0,196.770124
-320.0,520.0,188.159231
-280.0,520.0,179.782608
-240.0,520.0,171.640284
-200.0,520.0,163.732366
-160.0,520.0,156.059132
-120.0,520.0,148.620905
-80.0,520.0,141.418112
-40.0,520.0,134.45128
0.0,520.0,127.721039
40.0,520.0,121.228142
80.0,520.0,114.973867
120.0,520.0,108.96041
160.0,520.0,103.190849
200.0,520.0,97.669057
240.0,520.0,92.399702
280.0,520.0,87.387903
320.0,520.0,82.639559
360.0,520.0,78.160876
400.0,520.0,73.958486
440.0,520.0,70.039592
480.0,520.0,66.411218
520.0,520.0,63.081152
560.0,520.0,60.056906
600.0,520.0,57.34642
640.0,520.0,54.958185
680.0,520.0,52.899699
720.0,520.0,51.179234
760.0,520.0,49.804997
800.0,520.0,48.784586
840.0,520.0,48.126116
880.0,520.0,47.836538
920.0,520.0,47.923529
960.0,520.0,48.393251
1000.0,520.0,49.252184
1040.0,520.0,50.507031
1080.0,520.0,52.16239
1120.0,520.0,54.224395
1160.0,520.0,56.698057
1200.0,520.0,59.588959
1240.0,520.0,62.90315
1280.0,520.0,66.611508
1320.0,520.0,70.596793
1360.0,520.0,74.850891
1400.0,520.0,79.371214
1440.0,520.0,84.156492
1480.0,520.0,89.203229
1520.0,520.0,94.508098
1560.0,520.0,100.068303
1600.0,520.0,105.878569
1640.0,520.0,111.936961
1680.0,520.0,118.239615
1720.0,520.0,124.782406
-1680.0,560.0,
-1640.0,560.0,
-1600.0,560.0,
-1560.0,560.0,
-1520.0,560.0,
-1480.0,560.0,
-1440.0,560.0,
-1400.0,560.0,
-1360.0,560.0,455.726436
-1320.0,560.0,442.244706
-1280.0,560.0,428.990388
-1240.0,560.0,415.963379
-1200.0,560.0,403.162513
-1160.0,560.0,390.587295
-1120.0,560.0,378.236813
-1080.0,560.0,366.110589
-1040.0,560.0,354.207617
-1000.0,560.0,342.527728
-960.0,560.0,331.069594
-920.0,560.0,319.833281
-880.0,560.0,308.817773
-840.0,560.0,298.022611
-800.0,560.0,287.44747
-760.0,560.0,277.091459
-720.0,560.0,266.954344
-680.0,560.0,257.03576
-640.0,560.0,247.335146
-600.0,560.0,237.852104
-560.0,560.0,228.586465
-520.0,560.0,219.537938
-480.0,560.0,210.706245
-440.0,560.0,202.091122
-400.0,560.0,193.692572
-360.0,560.0,185.510529
-320.0,560.0,177.544992
-280.0,560.0,169.796028
-240.0,560.0,162.263776
-200.0,560.0,154.948438
-160.0,560.0,147.850296
-120.0,560.0,140.969761
-80.0,560.0,134.30729
-40.0,560.0,127.863423
0.0,560.0,121.638777
40.0,560.0,115.634071
80.0,560.0,109.850492
120.0,560.0,104.290065
160.0,560.0,98.955626
200.0,560.0,93.850739
240.0,560.0,88.97969
280.0,560.0,84.347215
320.0,560.0,79.958798
360.0,560.0,75.820154
400.0,560.0,71.937402
440.0,560.0,68.317207
480.0,560.0,64.966029
520.0,560.0,61.89102
560.0,560.0,59.099099
600.0,560.0,56.597503
640.0,560.0,54.394017
680.0,560.0,52.495485
720.0,560.0,50.909363
760.0,560.0,49.643147
800.0,560.0,48.703744
840.0,560.0,48.098823
880.0,560.0,47.834345
920.0,560.0,47.917676
960.0,560.0,48.354936
1000.0,560.0,49.151661
1040.0,560.0,50.315234
1080.0,560.0,51.849649
1120.0,560.0,53.761583
1160.0,560.0,56.056861
1200.0,560.0,58.740496
1240.0,560.0,61.820711
1280.0,560.0,65.26723
1320.0,560.0,68.967135
1360.0,560.0,72.910461
1400.0,560.0,77.098076
1440.0,560.0,81.527317
1480.0,560.0,86.197504
1520.0,560.0,91.105221
1560.0,560.0,96.248504
1600.0,560.0,101.624383
1640.0,560.0,107.229554
1680.0,560.0,113.062345
-1680.0,600.0,
-1640.0,600.0,
-1600.0,600.0,
-1560.0,600.0,
-1520.0,600.0,
-1480.0,600.0,
-1440.0,600.0,
-1400.0,600.0,
-1360.0,600.0,427.077132
-1320.0,600.0,414.566676
-1280.0,600.0,402.265954
-1240.0,600.0,390.173706
-1200.0,600.0,378.289939
-1160.0,600.0,366.613472
-1120.0,600.0,355.144457
-1080.0,600.0,343.881502
-1040.0,600.0,332.82492
-1000.0,600.0,321.973594
-960.0,600.0,311.327348
-920.0,600.0,300.885833
-880.0,600.0,290.648097
-840.0,600.0,280.614233
-800.0,600.0,270.783763
-760.0,600.0,261.155975
-720.0,600.0,251.730894
-680.0,600.0,242.508192
-640.0,600.0,233.487403
-600.0,600.0,224.668344
-560.0,600.0,216.050913
-520.0,600.0,207.634936
-480.0,600.0,199.420272
-440.0,600.0,191.406715
-400.0,600.0,183.594383
-360.0,600.0,175.983298
-320.0,600.0,168.573539
-280.0,600.0,161.365242
-240.0,600.0,154.358609
-200.0,600.0,147.553902
-160.0,600.0,140.95145
-120.0,600.0,134.551619
-80.0,600.0,128.354909
-40.0,600.0,122.361845
0.0,600.0,116.573017
40.0,600.0,110.98909
80.0,600.0,105.611153
120.0,600.0,100.441066
160.0,600.0,95.481436
200.0,600.0,90.735512
240.0,600.0,86.207281
280.0,600.0,81.901138
320.0,600.0,77.822132
360.0,600.0,73.975564
400.0,600.0,70.367098
440.0,600.0,67.002926
480.0,600.0,63.889023
520.0,600.0,61.031987
560.0,600.0,58.43827
600.0,600.0,56.114513
640.0,600.0,54.06793
680.0,600.0,52.304797
720.0,600.0,50.832042
760.0,600.0,49.656503
800.0,600.0,48.784588
840.0,600.0,48.223633
880.0,600.0,47.978866
920.0,600.0,48.057407
960.0,600.0,48.465449
1000.0,600.0,49.207761
1040.0,600.0,50.291931
1080.0,600.0,51.722613
1120.0,600.0,53.505604
1160.0,600.0,55.647957
1200.0,600.0,58.154516
1240.0,600.0,61.033798
1280.0,600.0,64.257068
1320.0,600.0,67.711765
1360.0,600.0,71.390337
1400.0,600.0,75.29201
1440.0,600.0,79.417277
1480.0,600.0,83.763703
1520.0,600.0,88.330932
1560.0,600.0,93.115806
1600.0,600.0,98.117244
1640.0,600.0,103.332279
1680.0,600.0,108.758969
-1680.0,640.0,
-1640.0,640.0,
-1600.0,640.0,
-1560.0,640.0,
-1520.0,640.0,
-1480.0,640.0,
-1440.0,640.0,
-1400.0,640.0,
-1360.0,640.0,
-1320.0,640.0,390.708417
-1280.0,640.0,379.22992
-1240.0,640.0,367.945342
-1200.0,640.0,356.853099
-1160.0,640.0,345.95379
-1120.0,640.0,335.246216
-1080.0,640.0,324.730405
-1040.0,640.0,314.405916
-1000.0,640.0,304.272009
-960.0,640.0,294.328813
-920.0,640.0,284.575633
-880.0,640.0,275.012164
-840.0,640.0,265.638333
-800.0,640.0,256.453655
-760.0,640.0,247.457784
-720.0,640.0,238.650709
-680.0,640.0,230.032202
-640.0,640.0,221.60188
-600.0,640.0,213.359697
-560.0,640.0,205.305609
-520.0,640.0,197.439527
-480.0,640.0,189.7614
-440.0,640.0,182.271103
-400.0,640.0,174.968777
-360.0,640.0,167.854526
-320.0,640.0,160.928484
-280.0,640.0,154.190829
-240.0,640.0,147.641798
-200.0,640.0,141.281677
-160.0,640.0,135.110807
-120.0,640.0,129.129585
-80.0,640.0,123.338459
-40.0,640.0,117.737926
0.0,640.0,112.328533
40.0,640.0,107.110894
80.0,640.0,102.085993
120.0,640.0,97.255524
160.0,640.0,92.621889
200.0,640.0,88.1881
240.0,640.0,83.957835
280.0,640.0,79.935145
320.0,640.0,76.124713
360.0,640.0,72.531467
400.0,640.0,69.160669
440.0,640.0,66.018095
480.0,640.0,63.1093
520.0,640.0,60.440395
560.0,640.0,58.017468
600.0,640.0,55.84665
640.0,640.0,53.934686
680.0,640.0,52.2874
720.0,640.0,50.911283
760.0,640.0,49.812689
800.0,640.0,48.997627
840.0,640.0,48.473108
880.0,640.0,48.244032
920.0,640.0,48.317129
960.0,640.0,48.698484
1000.0,640.0,49.393069
1040.0,640.0,50.407856
1080.0,640.0,51.748039
1120.0,640.0,53.419497
1160.0,640.0,55.429072
1200.0,640.0,57.782814
1240.0,640.0,60.488094
1280.0,640.0,63.517949
1320.0,640.0,66.761079
1360.0,640.0,70.209976
1400.0,640.0,73.865277
1440.0,640.0,77.726441
1480.0,640.0,81.793547
1520.0,640.0,86.064586
1560.0,640.0,90.53929
1600.0,640.0,95.214895
1640.0,640.0,100.09083
1680.0,640.0,105.164283
-1640.0,680.0,
-1600.0,680.0,
-1560.0,680.0,
-1520.0,680.0,
-1480.0,680.0,
-1440.0,680.0,
-1400.0,680.0,
-1360.0,680.0,
-1320.0,680.0,369.955432
-1280.0,680.0,359.194987
-1240.0,680.0,348.61443
-1200.0,680.0,338.213891
-1160.0,680.0,327.992901
-1120.0,680.0,317.950872
-1080.0,680.0,308.087994
-1040.0,680.0,298.403342
-1000.0,680.0,288.897027
-960.0,680.0,279.568876
-920.0,680.0,270.418088
-880.0,680.0,261.444874
-840.0,680.0,252.649019
-800.0,680.0,244.030038
-760.0,680.0,235.587859
-720.0,680.0,227.322442
-680.0,680.0,219.233633
-640.0,680.0,211.321126
-600.0,680.0,203.584953
-560.0,680.0,196.025121
-520.0,680.0,188.641603
-480.0,680.0,181.434403
-440.0,680.0,174.4035
-400.0,680.0,167.548985
-360.0,680.0,160.871045
-320.0,680.0,154.369845
-280.0,680.0,148.04559
-240.0,680.0,141.898532
-200.0,680.0,135.928966
-160.0,680.0,130.137232
-120.0,680.0,124.523711
-80.0,680.0,119.08883
-40.0,680.0,113.83305
0.0,680.0,108.756871
40.0,680.0,103.860832
80.0,680.0,99.145826
120.0,680.0,94.613406
160.0,680.0,90.265775
200.0,680.0,86.105705
240.0,680.0,82.136599
280.0,680.0,78.362212
320.0,680.0,74.786892
360.0,680.0,71.415238
400.0,680.0,68.252149
440.0,680.0,65.303041
480.0,680.0,62.573091
520.0,680.0,60.068004
560.0,680.0,57.793562
600.0,680.0,55.755466
640.0,680.0,53.960074
680.0,680.0,52.412843
720.0,680.0,51.119904
760.0,680.0,50.087254
800.0,680.0,49.320582
840.0,680.0,48.826605
880.0,680.0,48.610116
920.0,680.0,48.677421
960.0,680.0,49.03458
1000.0,680.0,49.686741
1040.0,680.0,50.640387
1080.0,680.0,51.901006
1120.0,680.0,53.474973
1160.0,680.0,55.368483
1200.0,680.0,57.588131
1240.0,680.0,60.141981
1280.0,680.0,63.002492
1320.0,680.0,66.061209
1360.0,680.0,69.309649
1400.0,680.0,72.749573
1440.0,680.0,76.380712
1480.0,680.0,80.202979
1520.0,680.0,84.21597
1560.0,680.0,88.418244
1600.0,680.0,92.809416
1640.0,680.0,97.387234
-1640.0,720.0,
-1600.0,720.0,
-1560.0,720.0,
-1520.0,720.0,
-1480.0,720.0,
-1440.0,720.0,
-1400.0,720.0,
-1360.0,720.0,
-1320.0,720.0,
-1280.0,720.0,341.635096
-1240.0,720.0,331.675015
-1200.0,720.0,321.883847
-1160.0,720.0,312.260446
-1120.0,720.0,302.805308
-1080.0,720.0,293.517992
-1040.0,720.0,284.397915
-1000.0,720.0,275.445328
-960.0,720.0,266.659841
-920.0,720.0,258.041007
-880.0,720.0,249.589007
-840.0,720.0,241.303655
-800.0,720.0,233.184473
-760.0,720.0,225.231587
-720.0,720.0,217.444939
-680.0,720.0,209.824431
-640.0,720.0,202.369829
-600.0,720.0,195.081194
-560.0,720.0,187.958586
-520.0,720.0,181.00202
-480.0,720.0,174.21154
-440.0,720.0,167.587215
-400.0,720.0,161.129063
-360.0,720.0,154.837343
-320.0,720.0,148.712238
-280.0,720.0,142.753966
-240.0,720.0,136.962782
-200.0,720.0,131.338979
-160.0,720.0,125.882884
-120.0,720.0,120.594858
-80.0,720.0,115.475295
-40.0,720.0,110.524617
0.0,720.0,105.743272
40.0,720.0,101.131736
80.0,720.0,96.690808
120.0,720.0,92.421904
160.0,720.0,88.327051
200.0,720.0,84.4088
240.0,720.0,80.670312
280.0,720.0,77.115071
320.0,720.0,73.747125
360.0,720.0,70.570777
400.0,720.0,67.590607
440.0,720.0,64.811708
480.0,720.0,62.238888
520.0,720.0,59.877621
560.0,720.0,57.733318
600.0,720.0,55.811349
640.0,720.0,54.117754
680.0,720.0,52.65769
720.0,720.0,51.43698
760.0,720.0,50.461372
800.0,720.0,49.736288
840.0,720.0,49.26822
880.0,720.0,49.061878
920.0,720.0,49.123259
960.0,720.0,49.458403
1000.0,720.0,50.072508
1040.0,720.0,50.971972
1080.0,720.0,52.162212
1120.0,720.0,53.649854
1160.0,720.0,55.441268
1200.0,720.0,57.542718
1240.0,720.0,59.962938
1280.0,720.0,62.674381
1320.0,720.0,65.57011
1360.0,720.0,68.642796
1400.0,720.0,71.892839
1440.0,720.0,75.321699
1480.0,720.0,78.928475
1520.0,720.0,82.713691
1560.0,720.0,86.676377
1600.0,720.0,90.815771
1640.0,720.0,95.131193
-1600.0,760.0,
-1560.0,760.0,
-1520.0,760.0,
-1480.0,760.0,
-1440.0,760.0,
-1400.0,760.0,
-1360.0,760.0,
-1320.0,760.0,
-1280.0,760.0,326.141777
-1240.0,760.0,316.73279
-1200.0,760.0,307.482345
-1160.0,760.0,298.390182
-1120.0,760.0,289.456487
-1080.0,760.0,280.680567
-1040.0,760.0,272.062483
-1000.0,760.0,263.602237
-960.0,760.0,255.299351
-920.0,760.0,247.153749
-880.0,760.0,239.165495
-840.0,760.0,231.334454
-800.0,760.0,223.660165
-760.0,760.0,216.142889
-720.0,760.0,208.782558
-680.0,760.0,201.57912
-640.0,760.0,194.532407
-600.0,760.0,187.642476
-560.0,760.0,180.909435
-520.0,760.0,174.33333
-480.0,760.0,167.914233
-440.0,760.0,161.652246
-400.0,760.0,155.547444
-360.0,760.0,149.599999
-320.0,760.0,143.810155
-280.0,760.0,138.178131
-240.0,760.0,132.704179
-200.0,760.0,127.38858
-160.0,760.0,122.231642
-120.0,760.0,117.233702
-80.0,760.0,112.395118
-40.0,760.0,107.716269
0.0,760.0,103.197551
40.0,760.0,98.839378
80.0,760.0,94.642463
120.0,760.0,90.608094
160.0,760.0,86.738139
200.0,760.0,83.034952
240.0,760.0,79.501472
280.0,760.0,76.140939
320.0,760.0,72.957135
360.0,760.0,69.954099
400.0,760.0,67.136124
440.0,760.0,64.508016
480.0,760.0,62.074256
520.0,760.0,59.840132
560.0,760.0,57.810729
600.0,760.0,55.991136
640.0,760.0,54.387123
680.0,760.0,53.003605
720.0,760.0,51.846137
760.0,760.0,50.920299
800.0,760.0,50.231289
840.0,760.0,49.785414
880.0,760.0,49.587327
920.0,760.0,49.642798
960.0,760.0,49.957851
1000.0,760.0,50.53765
1040.0,760.0,51.388745
1080.0,760.0,52.516274
1120.0,760.0,53.927039
1160.0,760.0,55.627793
1200.0,760.0,57.624244
1240.0,760.0,59.925404
1280.0,760.0,62.504749
1320.0,760.0,65.255863
1360.0,760.0,68.17225
1400.0,760.0,71.254451
1440.0,760.0,74.503376
1480.0,760.0,77.91976
1520.0,760.0,81.502512
1560.0,760.0,85.252606
1600.0,760.0,89.168523
-1600.0,800.0,
-1560.0,800.0,
-1520.0,800.0,
-1480.0,800.0,
-1440.0,800.0,
-1400.0,800.0,
-1360.0,800.0,
-1320.0,800.0,
-1280.0,800.0,
-1240.0,800.0,303.476183
-1200.0,800.0,294.709263
-1160.0,800.0,286.092296
-1120.0,800.0,277.625049
-1080.0,800.0,269.306813
-1040.0,800.0,261.138019
-1000.0,800.0,253.11851
-960.0,800.0,245.247745
-920.0,800.0,237.525936
-880.0,800.0,229.953054
-840.0,800.0,222.52898
-800.0,800.0,215.253352
-760.0,800.0,208.126439
-720.0,800.0,201.1482
-680.0,800.0,194.318615
-640.0,800.0,187.637587
-600.0,800.0,181.105132
-560.0,800.0,174.721409
-520.0,800.0,168.486488
-480.0,800.0,162.400458
-440.0,800.0,156.463435
-400.0,800.0,150.67556
-360.0,800.0,145.036918
-320.0,800.0,139.547777
-280.0,800.0,134.208365
-240.0,800.0,129.018925
-200.0,800.0,123.979719
-160.0,800.0,119.091036
-120.0,800.0,114.353182
-80.0,800.0,109.766478
-40.0,800.0,105.331263
0.0,800.0,101.047879
40.0,800.0,96.916685
80.0,800.0,92.938308
120.0,800.0,89.113925
160.0,800.0,85.445256
200.0,800.0,81.93448
240.0,800.0,78.584336
280.0,800.0,75.397846
320.0,800.0,72.378551
360.0,800.0,69.530254
400.0,800.0,66.856994
440.0,800.0,64.363258
480.0,800.0,62.053421
520.0,800.0,59.932438
560.0,800.0,58.005164
600.0,800.0,56.276447
640.0,800.0,54.751832
680.0,800.0,53.436031
720.0,800.0,52.334363
760.0,800.0,51.452302
800.0,800.0,50.794858
840.0,800.0,50.368174
880.0,800.0,50.176868
920.0,800.0,50.226545
960.0,800.0,50.523209
1000.0,800.0,51.071999
1040.0,800.0,51.879575
1080.0,800.0,52.950859
1120.0,800.0,54.292771
1160.0,800.0,55.912267
1200.0,800.0,57.814867
1240.0,800.0,60.009487
1280.0,800.0,62.470445
1320.0,800.0,65.092502
1360.0,800.0,67.869129
1400.0,800.0,70.801736
1440.0,800.0,73.890123
1480.0,800.0,77.135851
1520.0,800.0,80.538653
1560.0,800.0,84.098241
1600.0,800.0,87.815142
-1560.0,840.0,
-1520.0,840.0,
-1480.0,840.0,
-1440.0,840.0,
-1400.0,840.0,
-1360.0,840.0,
-1320.0,840.0,
-1280.0,840.0,
-1240.0,840.0,
-1200.0,840.0,283.323778
-1160.0,840.0,275.134467
-1120.0,840.0,267.086915
-1080.0,840.0,259.180906
-1040.0,840.0,251.416667
-1000.0,840.0,243.794057
-960.0,840.0,236.312557
-920.0,840.0,228.97253
-880.0,840.0,221.773899
-840.0,840.0,214.716561
-800.0,840.0,207.800232
-760.0,840.0,201.025174
-720.0,840.0,194.391375
-680.0,840.0,187.89884
-640.0,840.0,181.547539
-600.0,840.0,175.337423
-560.0,840.0,169.268708
-520.0,840.0,163.341474
-480.0,840.0,157.555825
-440.0,840.0,151.911882
-400.0,840.0,146.409791
-360.0,840.0,141.049713
-320.0,840.0,135.831763
-280.0,840.0,130.756232
-240.0,840.0,125.823349
-200.0,840.0,121.033357
-160.0,840.0,116.386519
-120.0,840.0,111.883111
-80.0,840.0,107.52342
-40.0,840.0,103.307739
0.0,840.0,99.236365
40.0,840.0,95.3096
80.0,840.0,91.527997
120.0,840.0,87.892628
160.0,840.0,84.405085
200.0,840.0,81.067385
240.0,840.0,77.882084
280.0,840.0,74.852017
320.0,840.0,71.980503
360.0,840.0,69.271138
400.0,840.0,66.727684
440.0,840.0,64.354475
480.0,840.0,62.155675
520.0,840.0,60.135981
560.0,840.0,58.300048
600.0,840.0,56.652517
640.0,840.0,55.198739
680.0,840.0,53.943224
720.0,840.0,52.891174
760.0,840.0,52.047915
800.0,840.0,51.418315
840.0,840.0,51.008383
880.0,840.0,50.822704
920.0,840.0,50.866774
960.0,840.0,51.146565
1000.0,840.0,51.667194
1040.0,840.0,52.435398
1080.0,840.0,53.455935
1120.0,840.0,54.735794
1160.0,840.0,56.281946
1200.0,840.0,58.100158
1240.0,840.0,60.198811
1280.0,840.0,62.552915
1320.0,840.0,65.059105
1360.0,840.0,67.710153
1400.0,840.0,70.507854
1440.0,840.0,73.452679
1480.0,840.0,76.545145
1520.0,840.0,79.786178
1560.0,840.0,83.174979
-1560.0,880.0,
-1520.0,880.0,
-1480.0,880.0,
-1440.0,880.0,
-1400.0,880.0,
-1360.0,880.0,
-1320.0,880.0,
-1280.0,880.0,
-1240.0,880.0,
-1200.0,880.0,273.130533
-1160.0,880.0,265.328206
-1120.0,880.0,257.660514
-1080.0,880.0,250.127642
-1040.0,880.0,242.729648
-1000.0,880.0,235.466344
-960.0,880.0,228.337416
-920.0,880.0,221.343155
-880.0,880.0,214.483509
-840.0,880.0,207.758404
-800.0,880.0,201.167586
-760.0,880.0,194.711329
-720.0,880.0,188.38964
-680.0,880.0,182.20254
-640.0,880.0,176.150069
-600.0,880.0,170.232098
-560.0,880.0,164.448892
-520.0,880.0,158.800543
-480.0,880.0,153.287158
-440.0,880.0,147.908864
-400.0,880.0,142.665805
-360.0,880.0,137.558141
-320.0,880.0,132.58605
-280.0,880.0,127.749662
-240.0,880.0,123.049262
-200.0,880.0,118.485075
-160.0,880.0,114.057336
-120.0,880.0,109.766291
-80.0,880.0,105.612191
-40.0,880.0,101.595289
0.0,880.0,97.715838
40.0,880.0,93.974088
80.0,880.0,90.370523
120.0,880.0,86.906122
160.0,880.0,83.582357
200.0,880.0,80.401107
240.0,880.0,77.364759
280.0,880.0,74.47598
320.0,880.0,71.737894
360.0,880.0,69.153865
400.0,880.0,66.727499
440.0,880.0,64.462966
480.0,880.0,62.364198
520.0,880.0,60.435686
560.0,880.0,58.681915
600.0,880.0,57.107341
640.0,880.0,55.71715
680.0,880.0,54.515656
720.0,880.0,53.508018
760.0,880.0,52.699395
800.0,880.0,52.094549
840.0,880.0,51.699373
880.0,880.0,51.518416
920.0,880.0,51.557105
960.0,880.0,51.821378
1000.0,880.0,52.316328
1040.0,880.0,53.048672
1080.0,880.0,54.023237
1120.0,880.0,55.246856
1160.0,880.0,56.72656
1200.0,880.0,58.468298
1240.0,880.0,60.47999
1280.0,880.0,62.737283
1320.0,880.0,65.138561
1360.0,880.0,67.676171
1400.0,880.0,70.352035
1440.0,880.0,73.16718
1480.0,880.0,76.121377
1520.0,880.0,79.215951
1560.0,880.0,82.451016
-1520.0,920.0,
-1480.0,920.0,
-1440.0,920.0,
-1400.0,920.0,
-1360.0,920.0,
-1320.0,920.0,
-1280.0,920.0,
-1240.0,920.0,
-1200.0,920.0,
-1160.0,920.0,256.518936
-1120.0,920.0,249.196737
-1080.0,920.0,242.003265
-1040.0,920.0,234.938444
-1000.0,920.0,228.002054
-960.0,920.0,221.193931
-920.0,920.0,214.514314
-880.0,920.0,207.963173
-840.0,920.0,201.540467
-800.0,920.0,195.245943
-760.0,920.0,189.079892
-720.0,920.0,183.042336
-680.0,920.0,177.133309
-640.0,920.0,171.352862
-600.0,920.0,165.700945
-560.0,920.0,160.177697
-520.0,920.0,154.783277
-480.0,920.0,149.517794
-440.0,920.0,144.381373
-400.0,920.0,139.374153
-360.0,920.0,134.49629
-320.0,920.0,129.74795
-280.0,920.0,125.129314
-240.0,920.0,120.640537
-200.0,920.0,116.28185
-160.0,920.0,112.05348
-120.0,920.0,107.955644
-80.0,920.0,103.988557
-40.0,920.0,100.152436
0.0,920.0,96.44749
40.0,920.0,92.873924
80.0,920.0,89.432159
120.0,920.0,86.12309
160.0,920.0,82.948084
200.0,920.0,79.908891
240.0,920.0,77.007749
280.0,920.0,74.247174
320.0,920.0,71.63006
360.0,920.0,69.159683
400.0,920.0,66.83947
440.0,920.0,64.673385
480.0,920.0,62.665186
520.0,920.0,60.819183
560.0,920.0,59.139708
600.0,920.0,57.631057
640.0,920.0,56.298271
680.0,920.0,55.145479
720.0,920.0,54.177835
760.0,920.0,53.400338
800.0,920.0,52.81766
840.0,920.0,52.435593
880.0,920.0,52.258645
920.0,920.0,52.292211
960.0,920.0,52.542181
1000.0,920.0,53.013626
1040.0,920.0,53.713215
1080.0,920.0,54.645874
1120.0,920.0,55.818259
1160.0,920.0,57.237441
1200.0,920.0,58.909461
1240.0,920.0,60.841966
1280.0,920.0,63.011068
1320.0,920.0,65.316649
1360.0,920.0,67.751424
1400.0,920.0,70.316674
1440.0,920.0,73.013729
1480.0,920.0,75.842893
1520.0,920.0,78.804625
-1520.0,960.0,
-1480.0,960.0,
-1440.0,960.0,
-1400.0,960.0,
-1360.0,960.0,
-1320.0,960.0,
-1280.0,960.0,
-1240.0,960.0,
-1200.0,960.0,
-1160.0,960.0,
-1120.0,960.0,241.572088
-1080.0,960.0,234.688689
-1040.0,960.0,227.928281
-1000.0,960.0,221.29063
-960.0,960.0,214.775675
-920.0,960.0,208.38362
-880.0,960.0,202.114452
-840.0,960.0,195.968166
-800.0,960.0,189.944493
-760.0,960.0,184.043739
-720.0,960.0,178.26594
-680.0,960.0,172.61114
-640.0,960.0,167.079395
-600.0,960.0,161.670738
-560.0,960.0,156.385167
-520.0,960.0,151.222909
-480.0,960.0,146.184073
-440.0,960.0,141.26878
-400.0,960.0,136.477163
-360.0,960.0,131.809368
-320.0,960.0,127.265548
-280.0,960.0,122.845871
-240.0,960.0,118.55051
-200.0,960.0,114.379645
-160.0,960.0,110.333428
-120.0,960.0,106.41208
-80.0,960.0,102.615793
-40.0,960.0,98.944746
0.0,960.0,95.399111
40.0,960.0,91.979049
80.0,960.0,88.684925
120.0,960.0,85.51756
160.0,960.0,82.478224
200.0,960.0,79.568554
240.0,960.0,76.790623
280.0,960.0,74.146822
320.0,960.0,71.639952
360.0,960.0,69.273101
400.0,960.0,67.049524
440.0,960.0,64.973025
480.0,960.0,63.047209
520.0,960.0,61.276222
560.0,960.0,59.664263
600.0,960.0,58.215482
640.0,960.0,56.934765
680.0,960.0,55.826154
720.0,960.0,54.894735
760.0,960.0,54.145384
800.0,960.0,53.582697
840.0,960.0,53.212373
880.0,960.0,53.038872
920.0,960.0,53.067587
960.0,960.0,53.304348
1000.0,960.0,53.754202
1040.0,960.0,54.42377
1080.0,960.0,55.318042
1120.0,960.0,56.443532
1160.0,960.0,57.807325
1200.0,960.0,59.415413
1240.0,960.0,61.275507
1280.0,960.0,63.363869
1320.0,960.0,65.581964
1360.0,960.0,67.922819
1400.0,960.0,70.387155
1440.0,960.0,72.976543
1480.0,960.0,75.691734
1520.0,960.0,78.532423
-1480.0,1000.0,
-1440.0,1000.0,
-1400.0,1000.0,
-1360.0,1000.0,
-1320.0,1000.0,
-1280.0,1000.0,
-1240.0,1000.0,
-1200.0,1000.0,
-1160.0,1000.0,
-1120.0,1000.0,
-1080.0,1000.0,228.084398
-1040.0,1000.0,221.603233
-1000.0,1000.0,215.239657
-960.0,1000.0,208.993669
-920.0,1000.0,202.865456
-880.0,1000.0,196.855016
-840.0,1000.0,190.962356
-800.0,1000.0,185.187268
-760.0,1000.0,179.529975
-720.0,1000.0,173.99056
-680.0,1000.0,168.569074
-640.0,1000.0,163.265577
-600.0,1000.0,158.080141
-560.0,1000.0,153.012737
-520.0,1000.0,148.063541
-480.0,1000.0,143.232699
-440.0,1000.0,138.520325
-400.0,1000.0,133.926545
-360.0,1000.0,129.451493
-320.0,1000.0,125.095312
-280.0,1000.0,120.85815
-240.0,1000.0,116.740164
-200.0,1000.0,112.741512
-160.0,1000.0,108.862353
-120.0,1000.0,105.102848
-80.0,1000.0,101.46315
-40.0,1000.0,97.943405
0.0,1000.0,94.543748
40.0,1000.0,91.264314
80.0,1000.0,88.105413
120.0,1000.0,85.067789
160.0,1000.0,82.15263
200.0,1000.0,79.361475
240.0,1000.0,76.696305
280.0,1000.0,74.159379
320.0,1000.0,71.753343
360.0,1000.0,69.48115
400.0,1000.0,67.345908
440.0,1000.0,65.351273
480.0,1000.0,63.500717
520.0,1000.0,61.798238
560.0,1000.0,60.247913
600.0,1000.0,58.853771
640.0,1000.0,57.620485
680.0,1000.0,56.552185
720.0,1000.0,55.653757
760.0,1000.0,54.930008
800.0,1000.0,54.385465
840.0,1000.0,54.025742
880.0,1000.0,53.855244
920.0,1000.0,53.879386
960.0,1000.0,54.103927
1000.0,1000.0,54.533888
1040.0,1000.0,55.175836
1080.0,1000.0,56.0348
1120.0,1000.0,57.117184
1160.0,1000.0,58.43006
1200.0,1000.0,59.979366
1240.0,1000.0,61.772837
1280.0,1000.0,63.786942
1320.0,1000.0,65.924694
1360.0,1000.0,68.179297
1400.0,1000.0,70.551241
1440.0,1000.0,73.042033
1480.0,1000.0,75.652534
-1440.0,1040.0,
-1400.0,1040.0,
-1360.0,1040.0,
-1320.0,1040.0,
-1280.0,1040.0,
-1240.0,1040.0,
-1200.0,1040.0,
-1160.0,1040.0,
-1120.0,1040.0,
-1080.0,1040.0,
-1040.0,1040.0,215.882493
-1000.0,1040.0,209.771271
-960.0,1040.0,203.772935
-920.0,1040.0,197.887667
-880.0,1040.0,192.115474
-840.0,1040.0,186.456373
-800.0,1040.0,180.910219
-760.0,1040.0,175.477136
-720.0,1040.0,170.15726
-680.0,1040.0,164.950645
-640.0,1040.0,159.857352
-600.0,1040.0,154.877454
-560.0,1040.0,150.01101
-520.0,1040.0,145.258021
-480.0,1040.0,140.618709
-440.0,1040.0,136.093182
-400.0,1040.0,131.681558
-360.0,1040.0,127.383958
-320.0,1040.0,123.200512
-280.0,1040.0,119.131353
-240.0,1040.0,115.176617
-200.0,1040.0,111.336443
-160.0,1040.0,107.610966
-120.0,1040.0,104.000321
-80.0,1040.0,100.504634
-40.0,1040.0,97.124024
0.0,1040.0,93.858594
40.0,1040.0,90.708436
80.0,1040.0,87.673815
120.0,1040.0,84.755428
160.0,1040.0,81.954377
200.0,1040.0,79.272113
240.0,1040.0,76.710505
280.0,1040.0,74.271707
320.0,1040.0,71.958233
360.0,1040.0,69.772915
400.0,1040.0,67.718733
440.0,1040.0,65.799198
480.0,1040.0,64.017672
520.0,1040.0,62.378014
560.0,1040.0,60.884194
600.0,1040.0,59.540095
640.0,1040.0,58.350293
680.0,1040.0,57.318912
720.0,1040.0,56.450681
760.0,1040.0,55.750347
800.0,1040.0,55.222373
840.0,1040.0,54.872293
880.0,1040.0,54.704447
920.0,1040.0,54.724292
960.0,1040.0,54.937509
1000.0,1040.0,55.34909
1040.0,1040.0,55.96554
1080.0,1040.0,56.791907
1120.0,1040.0,57.834514
1160.0,1040.0,59.100396
1200.0,1040.0,60.595432
1240.0,1040.0,62.327349
1280.0,1040.0,64.272875
1320.0,1040.0,66.336533
1360.0,1040.0,68.511554
1400.0,1040.0,70.798599
1440.0,1040.0,73.198731
-1440.0,1080.0,
-1400.0,1080.0,
-1360.0,1080.0,
-1320.0,1080.0,
-1280.0,1080.0,
-1240.0,1080.0,
-1200.0,1080.0,
-1160.0,1080.0,
-1120.0,1080.0,
-1080.0,1080.0,
-1040.0,1080.0,
-1000.0,1080.0,204.8194
-960.0,1080.0,199.04984
-920.0,1080.0,193.38901
-880.0,1080.0,187.836922
-840.0,1080.0,182.393599
-800.0,1080.0,177.058968
-760.0,1080.0,171.833034
-720.0,1080.0,166.715992
-680.0,1080.0,161.707896
-640.0,1080.0,156.80881
-600.0,1080.0,152.018805
-560.0,1080.0,147.337959
-520.0,1080.0,142.766294
-480.0,1080.0,138.303911
-440.0,1080.0,133.950977
-400.0,1080.0,129.707598
-360.0,1080.0,125.573886
-320.0,1080.0,121.549956
-280.0,1080.0,117.635924
-240.0,1080.0,113.83191
-200.0,1080.0,110.138032
-160.0,1080.0,106.554404
-120.0,1080.0,103.081136
-80.0,1080.0,99.71833
-40.0,1080.0,96.466077
0.0,1080.0,93.324452
40.0,1080.0,90.293517
80.0,1080.0,87.373495
120.0,1080.0,84.565033
160.0,1080.0,81.869157
200.0,1080.0,79.287243
240.0,1080.0,76.82106
280.0,1080.0,74.472664
320.0,1080.0,72.244452
360.0,1080.0,70.139148
400.0,1080.0,68.159611
440.0,1080.0,66.309226
480.0,1080.0,64.591254
520.0,1080.0,63.009425
560.0,1080.0,61.567615
600.0,1080.0,60.269512
640.0,1080.0,59.119768
680.0,1080.0,58.122352
720.0,1080.0,57.281893
760.0,1080.0,56.603083
800.0,1080.0,56.090324
840.0,1080.0,55.749075
880.0,1080.0,55.583604
920.0,1080.0,55.599426
960.0,1080.0,55.802133
1000.0,1080.0,56.196684
1040.0,1080.0,56.789523
1080.0,1080.0,57.585693
1120.0,1080.0,58.591462
1160.0,1080.0,59.813811
1200.0,1080.0,61.258553
1240.0,1080.0,62.933384
1280.0,1080.0,64.815332
1320.0,1080.0,66.810396
1360.0,1080.0,68.911835
1400.0,1080.0,71.12044
1440.0,1080.0,73.436895
-1400.0,1120.0,
-1360.0,1120.0,
-1320.0,1120.0,
-1280.0,1120.0,
-1240.0,1120.0,
-1200.0,1120.0,
-1160.0,1120.0,
-1120.0,1120.0,
-1080.0,1120.0,
-1040.0,1120.0,
-1000.0,1120.0,
-960.0,1120.0,194.770025
-920.0,1120.0,189.31716
-880.0,1120.0,183.969027
-840.0,1120.0,178.725654
-800.0,1120.0,173.587044
-760.0,1120.0,168.553066
-720.0,1120.0,163.623979
-680.0,1120.0,158.79984
-640.0,1120.0,154.08071
-600.0,1120.0,149.466657
-560.0,1120.0,144.957756
-520.0,1120.0,140.554089
-480.0,1120.0,136.255658
-440.0,1120.0,132.062613
-400.0,1120.0,127.975084
-360.0,1120.0,123.993172
-320.0,1120.0,120.116977
-280.0,1120.0,116.346602
-240.0,1120.0,112.682148
-200.0,1120.0,109.123714
-160.0,1120.0,105.671395
-120.0,1120.0,102.325279
-80.0,1120.0,99.085444
-40.0,1120.0,95.951957
0.0,1120.0,92.924867
40.0,1120.0,90.004211
80.0,1120.0,87.190174
120.0,1120.0,84.483357
160.0,1120.0,81.884723
200.0,1120.0,79.395575
240.0,1120.0,77.017593
280.0,1120.0,74.752747
320.0,1120.0,72.603326
360.0,1120.0,70.571956
400.0,1120.0,68.661391
440.0,1120.0,66.874894
480.0,1120.0,65.215637
520.0,1120.0,63.687234
560.0,1120.0,62.293384
600.0,1120.0,61.037852
640.0,1120.0,59.925115
680.0,1120.0,58.959074
720.0,1120.0,58.144268
760.0,1120.0,57.485338
800.0,1120.0,56.986626
840.0,1120.0,56.653487
880.0,1120.0,56.490201
920.0,1120.0,56.502265
960.0,1120.0,56.695203
1000.0,1120.0,57.073938
1040.0,1120.0,57.64485
1080.0,1120.0,58.412958
1120.0,1120.0,59.384501
1160.0,1120.0,60.566385
1200.0,1120.0,61.964359
1240.0,1120.0,63.586061
1280.0,1120.0,65.40886
1320.0,1120.0,67.340198
1360.0,1120.0,69.37336
1400.0,1120.0,71.509234
-1360.0,1160.0,
-1320.0,1160.0,
-1280.0,1160.0,
-1240.0,1160.0,
-1200.0,1160.0,
-1160.0,1160.0,
-1120.0,1160.0,
-1080.0,1160.0,
-1040.0,1160.0,
-1000.0,1160.0,
-960.0,1160.0,
-920.0,1160.0,185.627145
-880.0,1160.0,180.468528
-840.0,1160.0,175.41095
-800.0,1160.0,170.454445
-760.0,1160.0,165.598883
-720.0,1160.0,160.844444
-680.0,1160.0,156.191232
-640.0,1160.0,151.639308
-600.0,1160.0,147.188735
-560.0,1160.0,142.839584
-520.0,1160.0,138.591931
-480.0,1160.0,134.445853
-440.0,1160.0,130.401352
-400.0,1160.0,126.458582
-360.0,1160.0,122.617653
-320.0,1160.0,118.878653
-280.0,1160.0,115.241671
-240.0,1160.0,111.706791
-200.0,1160.0,108.274095
-160.0,1160.0,104.943659
-120.0,1160.0,101.715551
-80.0,1160.0,98.589828
-40.0,1160.0,95.566534
0.0,1160.0,92.645699
40.0,1160.0,89.827334
80.0,1160.0,87.111591
120.0,1160.0,84.499031
160.0,1160.0,81.990558
200.0,1160.0,79.587414
240.0,1160.0,77.291197
280.0,1160.0,75.103798
320.0,1160.0,73.027409
360.0,1160.0,71.064567
400.0,1160.0,69.217928
440.0,1160.0,67.490647
480.0,1160.0,65.885814
520.0,1160.0,64.406866
560.0,1160.0,63.057526
600.0,1160.0,61.841472
640.0,1160.0,60.763049
680.0,1160.0,59.826105
720.0,1160.0,59.035092
760.0,1160.0,58.394601
800.0,1160.0,57.90892
840.0,1160.0,57.583251
880.0,1160.0,57.422025
920.0,1160.0,57.430586
960.0,1160.0,57.614431
1000.0,1160.0,57.978444
1040.0,1160.0,58.52894
1080.0,1160.0,59.270894
1120.0,1160.0,60.21054
1160.0,1160.0,61.354697
1200.0,1160.0,62.709044
1240.0,1160.0,64.281141
1280.0,1160.0,66.048733
1320.0,1160.0,67.920673
1360.0,1160.0,69.890274
-1320.0,1200.0,
-1280.0,1200.0,
-1240.0,1200.0,
-1200.0,1200.0,
-1160.0,1200.0,
-1120.0,1200.0,
-1080.0,1200.0,
-1040.0,1200.0,
-1000.0,1200.0,
-960.0,1200.0,
-920.0,1200.0,
-880.0,1200.0,177.298027
-840.0,1200.0,172.413535
-800.0,1200.0,167.62665
-760.0,1200.0,162.937334
-720.0,1200.0,158.34559
-680.0,1200.0,153.851603
-640.0,1200.0,149.455431
-600.0,1200.0,145.157134
-560.0,1200.0,140.956778
-520.0,1200.0,136.85443
-480.0,1200.0,132.850163
-440.0,1200.0,128.944051
-400.0,1200.0,125.136102
-360.0,1200.0,121.426441
-320.0,1200.0,117.815169
-280.0,1200.0,114.302362
-240.0,1200.0,110.888089
-200.0,1200.0,107.572415
-160.0,1200.0,104.3554
-120.0,1200.0,101.237093
-80.0,1200.0,98.217533
-40.0,1200.0,95.296744
0.0,1200.0,92.474736
40.0,1200.0,89.7515
80.0,1200.0,87.127159
120.0,1200.0,84.602238
160.0,1200.0,82.177589
200.0,1200.0,79.854397
240.0,1200.0,77.634186
280.0,1200.0,75.518777
320.0,1200.0,73.510273
360.0,1200.0,71.611132
400.0,1200.0,69.823918
440.0,1200.0,68.151688
480.0,1200.0,66.597387
520.0,1200.0,65.164449
560.0,1200.0,63.856538
600.0,1200.0,62.677208
640.0,1200.0,61.63071
680.0,1200.0,60.720847
720.0,1200.0,59.951983
760.0,1200.0,59.328667
800.0,1200.0,58.855129
840.0,1200.0,58.536414
880.0,1200.0,58.377115
920.0,1200.0,58.382416
960.0,1200.0,58.557786
1000.0,1200.0,58.908068
1040.0,1200.0,59.439507
1080.0,1200.0,60.157023
1120.0,1200.0,61.066861
1160.0,1200.0,62.175741
1200.0,1200.0,63.489272
1240.0,1200.0,65.014918
1280.0,1200.0,66.730832
1320.0,1200.0,68.547242
-1280.0,1240.0,
-1240.0,1240.0,
-1200.0,1240.0,
-1160.0,1240.0,
-1120.0,1240.0,
-1080.0,1240.0,
-1040.0,1240.0,
-1000.0,1240.0,
-960.0,1240.0,
-920.0,1240.0,
-880.0,1240.0,
-840.0,1240.0,
-800.0,1240.0,165.073679
-760.0,1240.0,160.539597
-720.0,1240.0,156.099787
-680.0,1240.0,151.754475
-640.0,1240.0,147.503729
-600.0,1240.0,143.347606
-560.0,1240.0,139.286166
-520.0,1240.0,135.31947
-480.0,1240.0,131.447582
-440.0,1240.0,127.670568
-400.0,1240.0,123.988493
-360.0,1240.0,120.401389
-320.0,1240.0,116.909311
-280.0,1240.0,113.512371
-240.0,1240.0,110.210623
-200.0,1240.0,107.00412
-160.0,1240.0,103.892902
-120.0,1240.0,100.877005
-80.0,1240.0,97.956449
-40.0,1240.0,95.131243
0.0,1240.0,92.401379
40.0,1240.0,89.76683
80.0,1240.0,87.227693
120.0,1240.0,84.784461
160.0,1240.0,82.43794
200.0,1240.0,80.189264
240.0,1240.0,78.03989
280.0,1240.0,75.991575
320.0,1240.0,74.046342
360.0,1240.0,72.206574
400.0,1240.0,70.474754
440.0,1240.0,68.853759
480.0,1240.0,67.346611
520.0,1240.0,65.956623
560.0,1240.0,64.687358
600.0,1240.0,63.542294
640.0,1240.0,62.525595
680.0,1240.0,61.641018
720.0,1240.0,60.892849
760.0,1240.0,60.285586
800.0,1240.0,59.823341
840.0,1240.0,59.511203
880.0,1240.0,59.353726
920.0,1240.0,59.355998
960.0,1240.0,59.52346
1000.0,1240.0,59.860909
1040.0,1240.0,60.374503
1080.0,1240.0,61.069143
1120.0,1240.0,61.951054
1160.0,1240.0,63.026862
1200.0,1240.0,64.302105
1240.0,1240.0,65.784137
1280.0,1240.0,67.451542
-1240.0,1280.0,
-1200.0,1280.0,
-1160.0,1280.0,
-1120.0,1280.0,
-1080.0,1280.0,
-1040.0,1280.0,
-1000.0,1280.0,
-960.0,1280.0,
-920.0,1280.0,
-880.0,1280.0,
-840.0,1280.0,
-800.0,1280.0,
-760.0,1280.0,158.380453
-720.0,1280.0,154.082914
-680.0,1280.0,149.876731
-640.0,1280.0,145.762069
-600.0,1280.0,141.738981
-560.0,1280.0,137.80752
-520.0,1280.0,133.967741
-480.0,1280.0,130.2197
-440.0,1280.0,126.563454
-400.0,1280.0,122.99906
-360.0,1280.0,119.526572
-320.0,1280.0,116.146042
-280.0,1280.0,112.857469
-240.0,1280.0,109.660941
-200.0,1280.0,106.556508
-160.0,1280.0,103.544199
-120.0,1280.0,100.624032
-80.0,1280.0,97.796015
-40.0,1280.0,95.060141
0.0,1280.0,92.416385
40.0,1280.0,89.864709
80.0,1280.0,87.405184
120.0,1280.0,85.038275
160.0,1280.0,82.764747
200.0,1280.0,80.585688
240.0,1280.0,78.502495
280.0,1280.0,76.516866
320.0,1280.0,74.630749
360.0,1280.0,72.84642
400.0,1280.0,71.166293
440.0,1280.0,69.593271
480.0,1280.0,68.130236
520.0,1280.0,66.780412
560.0,1280.0,65.547298
600.0,1280.0,64.434301
640.0,1280.0,63.445499
680.0,1280.0,62.584606
720.0,1280.0,61.855831
760.0,1280.0,61.263628
800.0,1280.0,60.811952
840.0,1280.0,60.506032
880.0,1280.0,60.350294
920.0,1280.0,60.349757
960.0,1280.0,60.50983
1000.0,1280.0,60.835264
1040.0,1280.0,61.332075
1080.0,1280.0,62.00529
1120.0,1280.0,62.860975
1160.0,1280.0,63.905703
1200.0,1280.0,65.144942
1240.0,1280.0,66.585919
-1200.0,1320.0,
-1160.0,1320.0,
-1120.0,1320.0,
-1080.0,1320.0,
-1040.0,1320.0,
-1000.0,1320.0,
-960.0,1320.0,
-920.0,1320.0,
-880.0,1320.0,
-840.0,1320.0,
-800.0,1320.0,
-760.0,1320.0,
-720.0,1320.0,
-680.0,1320.0,148.198099
-640.0,1320.0,144.211042
-600.0,1320.0,140.312693
-560.0,1320.0,136.503099
-520.0,1320.0,132.782309
-480.0,1320.0,129.150372
-440.0,1320.0,125.607337
-400.0,1320.0,122.15325
-360.0,1320.0,118.788156
-320.0,1320.0,115.512098
-280.0,1320.0,112.325112
-240.0,1320.0,109.227229
-200.0,1320.0,106.21845
-160.0,1320.0,103.298803
-120.0,1320.0,100.468313
-80.0,1320.0,97.726976
-40.0,1320.0,95.07477
0.0,1320.0,92.511659
40.0,1320.0,90.03759
80.0,1320.0,87.652617
120.0,1320.0,85.357176
160.0,1320.0,83.151997
200.0,1320.0,81.038128
240.0,1320.0,79.016907
280.0,1320.0,77.08994
320.0,1320.0,75.259132
360.0,1320.0,73.526748
400.0,1320.0,71.895123
440.0,1320.0,70.367054
480.0,1320.0,68.945367
520.0,1320.0,67.633199
560.0,1320.0,66.433991
600.0,1320.0,65.351081
640.0,1320.0,64.388467
680.0,1320.0,63.549823
720.0,1320.0,62.839278
760.0,1320.0,62.261162
800.0,1320.0,61.819521
840.0,1320.0,61.51948
880.0,1320.0,61.365414
920.0,1320.0,61.362275
960.0,1320.0,61.515437
1000.0,1320.0,61.829602
1040.0,1320.0,62.310635
1080.0,1320.0,62.963704
1120.0,1320.0,63.794706
1160.0,1320.0,64.810161
1200.0,1320.0,66.015466
-1160.0,1360.0,
-1120.0,1360.0,
-1080.0,1360.0,
-1040.0,1360.0,
-1000.0,1360.0,
-960.0,1360.0,
-920.0,1360.0,
-880.0,1360.0,
-840.0,1360.0,
-800.0,1360.0,
-760.0,1360.0,
-720.0,1360.0,
-680.0,1360.0,
-640.0,1360.0,
-600.0,1360.0,139.052394
-560.0,1360.0,135.357284
-520.0,1360.0,131.748268
-480.0,1360.0,128.225387
-440.0,1360.0,124.788682
-400.0,1360.0,121.438192
-360.0,1360.0,118.173951
-320.0,1360.0,114.995993
-280.0,1360.0,111.904344
-240.0,1360.0,108.899025
-200.0,1360.0,105.98005
-160.0,1360.0,103.147423
-120.0,1360.0,100.401137
-80.0,1360.0,97.741176
-40.0,1360.0,95.167507
0.0,1360.0,92.680078
40.0,1360.0,90.278838
80.0,1360.0,87.963817
120.0,1360.0,85.735422
160.0,1360.0,83.594355
200.0,1360.0,81.541627
240.0,1360.0,79.578523
280.0,1360.0,77.706646
320.0,1360.0,75.92781
360.0,1360.0,74.244216
400.0,1360.0,72.658135
440.0,1360.0,71.172287
480.0,1360.0,69.789445
520.0,1360.0,68.512667
560.0,1360.0,67.345338
600.0,1360.0,66.290729
640.0,1360.0,65.352763
680.0,1360.0,64.535073
720.0,1360.0,63.841691
760.0,1360.0,63.276855
800.0,1360.0,62.844727
840.0,1360.0,62.550265
880.0,1360.0,62.397818
920.0,1360.0,62.392271
960.0,1360.0,62.53896
1000.0,1360.0,62.842539
1040.0,1360.0,63.308713
1080.0,1360.0,63.942801
1120.0,1360.0,64.750526
1160.0,1360.0,65.738352
-1120.0,1400.0,
-1080.0,1400.0,
-1040.0,1400.0,
-1000.0,1400.0,
-960.0,1400.0,
-920.0,1400.0,
-880.0,1400.0,
-840.0,1400.0,
-800.0,1400.0,
-760.0,1400.0,
-720.0,1400.0,
-680.0,1400.0,
-640.0,1400.0,
-600.0,1400.0,
-560.0,1400.0,
-520.0,1400.0,130.85244
-480.0,1400.0,127.432182
-440.0,1400.0,124.095529
-400.0,1400.0,120.842511
-360.0,1400.0,117.673156
-320.0,1400.0,114.587486
-280.0,1400.0,111.58552
-240.0,1400.0,108.667267
-200.0,1400.0,105.832732
-160.0,1400.0,103.081909
-120.0,1400.0,100.414782
-80.0,1400.0,97.831323
-40.0,1400.0,95.33149
0.0,1400.0,92.915228
40.0,1400.0,90.582462
80.0,1400.0,88.333214
120.0,1400.0,86.167875
160.0,1400.0,84.087115
200.0,1400.0,82.091909
240.0,1400.0,80.183498
280.0,1400.0,78.36344
320.0,1400.0,76.63349
360.0,1400.0,74.995799
400.0,1400.0,73.452574
440.0,1400.0,72.006469
480.0,1400.0,70.660202
520.0,1400.0,69.416759
560.0,1400.0,68.279472
600.0,1400.0,67.251548
640.0,1400.0,66.336834
680.0,1400.0,65.538927
720.0,1400.0,64.861662
760.0,1400.0,64.309484
800.0,1400.0,63.886377
840.0,1400.0,63.597225
880.0,1400.0,63.446356
920.0,1400.0,63.438582
960.0,1400.0,63.579203
1000.0,1400.0,63.872773
1040.0,1400.0,64.324977
1080.0,1400.0,64.94115
1120.0,1400.0,65.726881
-1080.0,1440.0,
-1040.0,1440.0,
-1000.0,1440.0,
-960.0,1440.0,
-920.0,1440.0,
-880.0,1440.0,
-840.0,1440.0,
-800.0,1440.0,
-760.0,1440.0,
-720.0,1440.0,
-680.0,1440.0,
-640.0,1440.0,
-600.0,1440.0,
-560.0,1440.0,
-520.0,1440.0,
-480.0,1440.0,
-440.0,1440.0,
-400.0,1440.0,120.356121
-360.0,1440.0,117.276191
-320.0,1440.0,114.277493
-280.0,1440.0,111.360038
-240.0,1440.0,108.523825
-200.0,1440.0,105.768852
-160.0,1440.0,103.095101
-120.0,1440.0,100.50255
-80.0,1440.0,97.99116
-40.0,1440.0,95.560883
0.0,1440.0,93.211654
40.0,1440.0,90.943392
80.0,1440.0,88.756105
120.0,1440.0,86.650165
160.0,1440.0,84.626217
200.0,1440.0,82.685205
240.0,1440.0,80.828326
280.0,1440.0,79.057099
320.0,1440.0,77.373225
360.0,1440.0,75.778806
400.0,1440.0,74.275993
440.0,1440.0,72.867373
480.0,1440.0,71.555618
520.0,1440.0,70.343641
560.0,1440.0,69.234725
600.0,1440.0,68.232015
640.0,1440.0,67.339287
680.0,1440.0,66.559988
720.0,1440.0,65.898091
760.0,1440.0,65.357922
800.0,1440.0,64.943389
840.0,1440.0,64.659309
880.0,1440.0,64.509982
920.0,1440.0,64.500151
960.0,1440.0,64.635078
1000.0,1440.0,64.919158
1040.0,1440.0,65.358219
1080.0,1440.0,65.957453
-1000.0,1480.0,
-960.0,1480.0,
-920.0,1480.0,
-880.0,1480.0,
-840.0,1480.0,
-800.0,1480.0,
-760.0,1480.0,
-720.0,1480.0,
-680.0,1480.0,
-640.0,1480.0,
-600.0,1480.0,
-560.0,1480.0,
-520.0,1480.0,
-480.0,1480.0,
-440.0,1480.0,
-400.0,1480.0,
-360.0,1480.0,
-320.0,1480.0,
-280.0,1480.0,
-240.0,1480.0,
-200.0,1480.0,105.781583
-160.0,1480.0,103.180571
-120.0,1480.0,100.658397
-80.0,1480.0,98.215018
-40.0,1480.0,95.850377
0.0,1480.0,93.564403
40.0,1480.0,91.35701
80.0,1480.0,89.228193
120.0,1480.0,87.178309
160.0,1480.0,85.207977
200.0,1480.0,83.318115
240.0,1480.0,81.509881
280.0,1480.0,79.784755
320.0,1480.0,78.14439
360.0,1480.0,76.59084
400.0,1480.0,75.126207
440.0,1480.0,73.753012
480.0,1480.0,72.473884
520.0,1480.0,71.291669
560.0,1480.0,70.209599
600.0,1480.0,69.230763
640.0,1480.0,68.358768
680.0,1480.0,67.597187
720.0,1480.0,66.949896
760.0,1480.0,66.421142
800.0,1480.0,66.01478
840.0,1480.0,65.735555
880.0,1480.0,65.587743
920.0,1480.0,65.576013
960.0,1480.0,65.705587
1000.0,1480.0,65.980705
-960.0,1520.0,
-920.0,1520.0,
-880.0,1520.0,
-840.0,1520.0,
-800.0,1520.0,
-760.0,1520.0,
-720.0,1520.0,
-680.0,1520.0,
-640.0,1520.0,
-600.0,1520.0,
-560.0,1520.0,
-520.0,1520.0,
-480.0,1520.0,
-440.0,1520.0,
-400.0,1520.0,
-360.0,1520.0,
-320.0,1520.0,
-280.0,1520.0,
-240.0,1520.0,
-200.0,1520.0,
-160.0,1520.0,
-120.0,1520.0,
-80.0,1520.0,
-40.0,1520.0,
0.0,1520.0,
40.0,1520.0,
80.0,1520.0,
120.0,1520.0,
160.0,1520.0,
200.0,1520.0,
240.0,1520.0,
280.0,1520.0,
320.0,1520.0,
360.0,1520.0,
400.0,1520.0,
440.0,1520.0,
480.0,1520.0,
520.0,1520.0,
560.0,1520.0,
600.0,1520.0,
640.0,1520.0,
680.0,1520.0,
720.0,1520.0,
760.0,1520.0,
800.0,1520.0,
840.0,1520.0,
880.0,1520.0,
920.0,1520.0,
960.0,1520.0,
-880.0,1560.0,
-840.0,1560.0,
-800.0,1560.0,
-760.0,1560.0,
-720.0,1560.0,
-680.0,1560.0,
-640.0,1560.0,
-600.0,1560.0,
-560.0,1560.0,
-520.0,1560.0,
-480.0,1560.0,
-440.0,1560.0,
-400.0,1560.0,
-360.0,1560.0,
-320.0,1560.0,
-280.0,1560.0,
-240.0,1560.0,
-200.0,1560.0,
-160.0,1560.0,
-120.0,1560.0,
-80.0,1560.0,
-40.0,1560.0,
0.0,1560.0,
40.0,1560.0,
80.0,1560.0,
120.0,1560.0,
160.0,1560.0,
200.0,1560.0,
240.0,1560.0,
280.0,1560.0,
320.0,1560.0,
360.0,1560.0,
400.0,1560.0,
440.0,1560.0,
480.0,1560.0,
520.0,1560.0,
560.0,1560.0,
600.0,1560.0,
640.0,1560.0,
680.0,1560.0,
720.0,1560.0,
760.0,1560.0,
800.0,1560.0,
840.0,1560.0,
880.0,1560.0,
-800.0,1600.0,
-760.0,1600.0,
-720.0,1600.0,
-680.0,1600.0,
-640.0,1600.0,
-600.0,1600.0,
-560.0,1600.0,
-520.0,1600.0,
-480.0,1600.0,
-440.0,1600.0,
-400.0,1600.0,
-360.0,1600.0,
-320.0,1600.0,
-280.0,1600.0,
-240.0,1600.0,
-200.0,1600.0,
-160.0,1600.0,
-120.0,1600.0,
-80.0,1600.0,
-40.0,1600.0,
0.0,1600.0,
40.0,1600.0,
80.0,1600.0,
120.0,1600.0,
160.0,1600.0,
200.0,1600.0,
240.0,1600.0,
280.0,1600.0,
320.0,1600.0,
360.0,1600.0,
400.0,1600.0,
440.0,1600.0,
480.0,1600.0,
520.0,1600.0,
560.0,1600.0,
600.0,1600.0,
640.0,1600.0,
680.0,1600.0,
720.0,1600.0,
760.0,1600.0,
800.0,1600.0,
-720.0,1640.0,
-680.0,1640.0,
-640.0,1640.0,
-600.0,1640.0,
-560.0,1640.0,
-520.0,1640.0,
-480.0,1640.0,
-440.0,1640.0,
-400.0,1640.0,
-360.0,1640.0,
-320.0,1640.0,
-280.0,1640.0,
-240.0,1640.0,
-200.0,1640.0,
-160.0,1640.0,
-120.0,1640.0,
-80.0,1640.0,
-40.0,1640.0,
0.0,1640.0,
40.0,1640.0,
80.0,1640.0,
120.0,1640.0,
160.0,1640.0,
200.0,1640.0,
240.0,1640.0,
280.0,1640.0,
320.0,1640.0,
360.0,1640.0,
400.0,1640.0,
440.0,1640.0,
480.0,1640.0,
520.0,1640.0,
560.0,1640.0,
600.0,1640.0,
640.0,1640.0,
680.0,1640.0,
720.0,1640.0,
-640.0,1680.0,
-600.0,1680.0,
-560.0,1680.0,
-520.0,1680.0,
-480.0,1680.0,
-440.0,1680.0,
-400.0,1680.0,
-360.0,1680.0,
-320.0,1680.0,
-280.0,1680.0,
-240.0,1680.0,
-200.0,1680.0,
-160.0,1680.0,
-120.0,1680.0,
-80.0,1680.0,
-40.0,1680.0,
0.0,1680.0,
40.0,1680.0,
80.0,1680.0,
120.0,1680.0,
160.0,1680.0,
200.0,1680.0,
240.0,1680.0,
280.0,1680.0,
320.0,1680.0,
360.0,1680.0,
400.0,1680.0,
440.0,1680.0,
480.0,1680.0,
520.0,1680.0,
560.0,1680.0,
600.0,1680.0,
640.0,1680.0,
-520.0,1720.0,
-480.0,1720.0,
-440.0,1720.0,
-400.0,1720.0,
-360.0,1720.0,
-320.0,1720.0,
-280.0,1720.0,
-240.0,1720.0,
-200.0,1720.0,
-160.0,1720.0,
-120.0,1720.0,
-80.0,1720.0,
-40.0,1720.0,
0.0,1720.0,
40.0,1720.0,
80.0,1720.0,
120.0,1720.0,
160.0,1720.0,
200.0,1720.0,
240.0,1720.0,
280.0,1720.0,
320.0,1720.0,
360.0,1720.0,
400.0,1720.0,
440.0,1720.0,
480.0,1720.0,
520.0,1720.0,
-360.0,1760.0,
-320.0,1760.0,
-280.0,1760.0,
-240.0,1760.0,
-200.0,1760.0,
-160.0,1760.0,
-120.0,1760.0,
-80.0,1760.0,
-40.0,1760.0,
0.0,1760.0,
40.0,1760.0,
80.0,1760.0,
120.0,1760.0,
160.0,1760.0,
200.0,1760.0,
240.0,1760.0,
280.0,1760.0,
320.0,1760.0,
360.0,1760.0,
0.0,1800.0,
