x_m,y_m,E_diam_given_detectable_m
0.0,-1800.0,
-360.0,-1760.0,
-320.0,-1760.0,
-280.0,-1760.0,
-240.0,-1760.0,
-200.0,-1760.0,
-160.0,-1760.0,
-120.0,-1760.0,
-80.0,-1760.0,
-40.0,-1760.0,
0.0,-1760.0,
40.0,-1760.0,
80.0,-1760.0,
120.0,-1760.0,
160.0,-1760.0,
200.0,-1760.0,
240.0,-1760.0,
280.0,-1760.0,
320.0,-1760.0,
360.0,-1760.0,
-520.0,-1720.0,
-480.0,-1720.0,
-440.0,-1720.0,
-400.0,-1720.0,
-360.0,-1720.0,
-320.0,-1720.0,
-280.0,-1720.0,
-240.0,-1720.0,
-200.0,-1720.0,
-160.0,-1720.0,
-120.0,-1720.0,
-80.0,-1720.0,
-40.0,-1720.0,
0.0,-1720.0,
40.0,-1720.0,
80.0,-1720.0,
120.0,-1720.0,
160.0,-1720.0,
200.0,-1720.0,
240.0,-1720.0,
280.0,-1720.0,
320.0,-1720.0,
360.0,-1720.0,
400.0,-1720.0,
440.0,-1720.0,
480.0,-1720.0,
520.0,-1720.0,
-640.0,-1680.0,
-600.0,-1680.0,
-560.0,-1680.0,
-520.0,-1680.0,
-480.0,-1680.0,
-440.0,-1680.0,
-400.0,-1680.0,
-360.0,-1680.0,
-320.0,-1680.0,
-280.0,-1680.0,
-240.0,-1680.0,
-200.0,-1680.0,
-160.0,-1680.0,
-120.0,-1680.0,
-80.0,-1680.0,
-40.0,-1680.0,
0.0,-1680.0,
40.0,-1680.0,
80.0,-1680.0,
120.0,-1680.0,
160.0,-1680.0,
200.0,-1680.0,
240.0,-1680.0,
280.0,-1680.0,
320.0,-1680.0,
360.0,-1680.0,
400.0,-1680.0,
440.0,-1680.0,
480.0,-1680.0,
520.0,-1680.0,
560.0,-1680.0,
600.0,-1680.0,
640.0,-1680.0,
-720.0,-1640.0,
-680.0,-1640.0,
-640.0,-1640.0,
-600.0,-1640.0,
-560.0,-1640.0,
-520.0,-1640.0,
-480.0,-1640.0,
-440.0,-1640.0,
-400.0,-1640.0,
-360.0,-1640.0,
-320.0,-1640.0,
-280.0,-1640.0,
-240.0,-1640.0,
-200.0,-1640.0,
-160.0,-1640.0,
-120.0,-1640.0,
-80.0,-1640.0,
-40.0,-1640.0,
0.0,-1640.0,
40.0,-1640.0,
80.0,-1640.0,
120.0,-1640.0,
160.0,-1640.0,
200.0,-1640.0,
240.0,-1640.0,
280.0,-1640.0,
320.0,-1640.0,
360.0,-1640.0,
400.0,-1640.0,
440.0,-1640.0,
480.0,-1640.0,
520.0,-1640.0,
560.0,-1640.0,
600.0,-1640.0,
640.0,-1640.0,
680.0,-1640.0,
720.0,-1640.0,
-800.0,-1600.0,
-760.0,-1600.0,
-720.0,-1600.0,
-680.0,-1600.0,
-640.0,-1600.0,
-600.0,-1600.0,
-560.0,-1600.0,
-520.0,-1600.0,
-480.0,-1600.0,
-440.0,-1600.0,
-400.0,-1600.0,
-360.0,-1600.0,
-320.0,-1600.0,
-280.0,-1600.0,
-240.0,-1600.0,
-200.0,-1600.0,
-160.0,-1600.0,
-120.0,-1600.0,
-80.0,-1600.0,
-40.0,-1600.0,
0.0,-1600.0,
40.0,-1600.0,
80.0,-1600.0,
120.0,-1600.0,
160.0,-1600.0,
200.0,-1600.0,
240.0,-1600.0,
280.0,-1600.0,
320.0,-1600.0,
360.0,-1600.0,
400.0,-1600.0,
440.0,-1600.0,
480.0,-1600.0,
520.0,-1600.0,
560.0,-1600.0,
600.0,-1600.0,
640.0,-1600.0,
680.0,-1600.0,
720.0,-1600.0,
760.0,-1600.0,
800.0,-1600.0,
-880.0,-1560.0,
-840.0,-1560.0,
-800.0,-1560.0,
-760.0,-1560.0,
-720.0,-1560.0,
-680.0,-1560.0,
-640.0,-1560.0,
-600.0,-1560.0,
-560.0,-1560.0,
-520.0,-1560.0,
-480.0,-1560.0,
-440.0,-1560.0,
-400.0,-1560.0,
-360.0,-1560.0,
-320.0,-1560.0,
-280.0,-1560.0,
-240.0,-1560.0,
-200.0,-1560.0,
-160.0,-1560.0,
-120.0,-1560.0,
-80.0,-1560.0,
-40.0,-1560.0,
0.0,-1560.0,
40.0,-1560.0,
80.0,-1560.0,
120.0,-1560.0,
160.0,-1560.0,
200.0,-1560.0,
240.0,-1560.0,
280.0,-1560.0,
320.0,-1560.0,
360.0,-1560.0,
400.0,-1560.0,
440.0,-1560.0,
480.0,-1560.0,
520.0,-1560.0,
560.0,-1560.0,
600.0,-1560.0,
640.0,-1560.0,
680.0,-1560.0,
720.0,-1560.0,
760.0,-1560.0,
800.0,-1560.0,
840.0,-1560.0,
880.0,-1560.0,
-960.0,-1520.0,
-920.0,-1520.0,
-880.0,-1520.0,
-840.0,-1520.0,
-800.0,-1520.0,
-760.0,-1520.0,
-720.0,-1520.0,
-680.0,-1520.0,
-640.0,-1520.0,
-600.0,-1520.0,
-560.0,-1520.0,
-520.0,-1520.0,
-480.0,-1520.0,
-440.0,-1520.0,
-400.0,-1520.0,
-360.0,-1520.0,
-320.0,-1520.0,
-280.0,-1520.0,
-240.0,-1520.0,
-200.0,-1520.0,
-160.0,-1520.0,
-120.0,-1520.0,
-80.0,-1520.0,
-40.0,-1520.0,
0.0,-1520.0,
40.0,-1520.0,
80.0,-1520.0,
120.0,-1520.0,
160.0,-1520.0,
200.0,-1520.0,
240.0,-1520.0,
280.0,-1520.0,
320.0,-1520.0,
360.0,-1520.0,
400.0,-1520.0,
440.0,-1520.0,
480.0,-1520.0,
520.0,-1520.0,
560.0,-1520.0,
600.0,-1520.0,
640.0,-1520.0,
680.0,-1520.0,
720.0,-1520.0,
760.0,-1520.0,
800.0,-1520.0,
840.0,-1520.0,
880.0,-1520.0,
920.0,-1520.0,
960.0,-1520.0,
-1000.0,-1480.0,
-960.0,-1480.0,
-920.0,-1480.0,
-880.0,-1480.0,
-840.0,-1480.0,
-800.0,-1480.0,
-760.0,-1480.0,
-720.0,-1480.0,
-680.0,-1480.0,
-640.0,-1480.0,
-600.0,-1480.0,
-560.0,-1480.0,
-520.0,-1480.0,
-480.0,-1480.0,
-440.0,-1480.0,
-400.0,-1480.0,
-360.0,-1480.0,
-320.0,-1480.0,
-280.0,-1480.0,
-240.0,-1480.0,
-200.0,-1480.0,77.782709
-160.0,-1480.0,75.986594
-120.0,-1480.0,74.266972
-80.0,-1480.0,72.623707
-40.0,-1480.0,71.056651
0.0,-1480.0,69.565639
40.0,-1480.0,68.150495
80.0,-1480.0,66.811262
120.0,-1480.0,65.548903
160.0,-1480.0,64.365061
200.0,-1480.0,63.262098
240.0,-1480.0,62.243106
280.0,-1480.0,61.311863
320.0,-1480.0,60.472829
360.0,-1480.0,59.731139
400.0,-1480.0,59.092579
440.0,-1480.0,58.563569
480.0,-1480.0,58.151145
520.0,-1480.0,57.862938
560.0,-1480.0,57.707025
600.0,-1480.0,57.692248
640.0,-1480.0,57.827962
680.0,-1480.0,58.124002
720.0,-1480.0,58.59071
760.0,-1480.0,59.238926
800.0,-1480.0,60.079925
840.0,-1480.0,61.067119
880.0,-1480.0,62.127539
920.0,-1480.0,63.261145
960.0,-1480.0,64.468248
1000.0,-1480.0,65.749047
-1080.0,-1440.0,
-1040.0,-1440.0,
-1000.0,-1440.0,
-960.0,-1440.0,
-920.0,-1440.0,
-880.0,-1440.0,
-840.0,-1440.0,
-800.0,-1440.0,
-760.0,-1440.0,
-720.0,-1440.0,
-680.0,-1440.0,
-640.0,-1440.0,
-600.0,-1440.0,
-560.0,-1440.0,
-520.0,-1440.0,
-480.0,-1440.0,
-440.0,-1440.0,
-400.0,-1440.0,87.47514
-360.0,-1440.0,85.234668
-320.0,-1440.0,83.073436
-280.0,-1440.0,80.991369
-240.0,-1440.0,78.988383
-200.0,-1440.0,77.064378
-160.0,-1440.0,75.219245
-120.0,-1440.0,73.452858
-80.0,-1440.0,71.765079
-40.0,-1440.0,70.155752
0.0,-1440.0,68.624708
40.0,-1440.0,67.171761
80.0,-1440.0,65.796961
120.0,-1440.0,64.501289
160.0,-1440.0,63.286423
200.0,-1440.0,62.154778
240.0,-1440.0,61.109523
280.0,-1440.0,60.154514
320.0,-1440.0,59.294313
360.0,-1440.0,58.53417
400.0,-1440.0,57.879996
440.0,-1440.0,57.338348
480.0,-1440.0,56.916407
520.0,-1440.0,56.62196
560.0,-1440.0,56.463379
600.0,-1440.0,56.449489
640.0,-1440.0,56.589794
680.0,-1440.0,56.894398
720.0,-1440.0,57.373835
760.0,-1440.0,58.039144
800.0,-1440.0,58.901848
840.0,-1440.0,59.914275
880.0,-1440.0,61.001759
920.0,-1440.0,62.164463
960.0,-1440.0,63.40273
1000.0,-1440.0,64.716893
1040.0,-1440.0,66.106898
1080.0,-1440.0,67.573341
-1120.0,-1400.0,
-1080.0,-1400.0,
-1040.0,-1400.0,
-1000.0,-1400.0,
-960.0,-1400.0,
-920.0,-1400.0,
-880.0,-1400.0,
-840.0,-1400.0,
-800.0,-1400.0,
-760.0,-1400.0,
-720.0,-1400.0,
-680.0,-1400.0,
-640.0,-1400.0,
-600.0,-1400.0,
-560.0,-1400.0,
-520.0,-1400.0,94.492098
-480.0,-1400.0,91.942573
-440.0,-1400.0,89.474834
-400.0,-1400.0,87.08884
-360.0,-1400.0,84.784538
-320.0,-1400.0,82.561866
-280.0,-1400.0,80.420751
-240.0,-1400.0,78.36111
-200.0,-1400.0,76.382844
-160.0,-1400.0,74.485791
-120.0,-1400.0,72.669881
-80.0,-1400.0,70.934979
-40.0,-1400.0,69.280926
0.0,-1400.0,67.707543
40.0,-1400.0,66.214638
80.0,-1400.0,64.802269
120.0,-1400.0,63.471435
160.0,-1400.0,62.22385
200.0,-1400.0,61.061991
240.0,-1400.0,59.989063
280.0,-1400.0,59.009002
320.0,-1400.0,58.126508
360.0,-1400.0,57.346946
400.0,-1400.0,56.67636
440.0,-1400.0,56.121446
480.0,-1400.0,55.689537
520.0,-1400.0,55.388578
560.0,-1400.0,55.227109
600.0,-1400.0,55.214245
640.0,-1400.0,55.359531
680.0,-1400.0,55.673193
720.0,-1400.0,56.166055
760.0,-1400.0,56.849359
800.0,-1400.0,57.734844
840.0,-1400.0,58.773801
880.0,-1400.0,59.889794
920.0,-1400.0,61.083134
960.0,-1400.0,62.354231
1000.0,-1400.0,63.70345
1040.0,-1400.0,65.130923
1080.0,-1400.0,66.636949
1120.0,-1400.0,68.222077
-1160.0,-1360.0,
-1120.0,-1360.0,
-1080.0,-1360.0,
-1040.0,-1360.0,
-1000.0,-1360.0,
-960.0,-1360.0,
-920.0,-1360.0,
-880.0,-1360.0,
-840.0,-1360.0,
-800.0,-1360.0,
-760.0,-1360.0,
-720.0,-1360.0,
-680.0,-1360.0,
-640.0,-1360.0,
-600.0,-1360.0,99.884404
-560.0,-1360.0,97.090902
-520.0,-1360.0,94.38177
-480.0,-1360.0,91.75698
-440.0,-1360.0,89.216503
-400.0,-1360.0,86.760298
-360.0,-1360.0,84.388317
-320.0,-1360.0,82.100502
-280.0,-1360.0,79.89674
-240.0,-1360.0,77.776949
-200.0,-1360.0,75.741089
-160.0,-1360.0,73.789049
-120.0,-1360.0,71.920701
-80.0,-1360.0,70.1359
-40.0,-1360.0,68.434483
0.0,-1360.0,66.816265
40.0,-1360.0,65.281046
80.0,-1360.0,63.828892
120.0,-1360.0,62.460822
160.0,-1360.0,61.178589
200.0,-1360.0,59.984736
240.0,-1360.0,58.882572
280.0,-1360.0,57.876139
320.0,-1360.0,56.970217
360.0,-1360.0,56.170196
400.0,-1360.0,55.482332
440.0,-1360.0,54.913474
480.0,-1360.0,54.471109
520.0,-1360.0,54.163348
560.0,-1360.0,53.998902
600.0,-1360.0,53.987064
640.0,-1360.0,54.137691
680.0,-1360.0,54.461023
720.0,-1360.0,54.968065
760.0,-1360.0,55.670345
800.0,-1360.0,56.579817
840.0,-1360.0,57.646542
880.0,-1360.0,58.792725
920.0,-1360.0,60.018368
960.0,-1360.0,61.324104
1000.0,-1360.0,62.710336
1040.0,-1360.0,64.177371
1080.0,-1360.0,65.725234
1120.0,-1360.0,67.354657
1160.0,-1360.0,69.065955
-1200.0,-1320.0,
-1160.0,-1320.0,
-1120.0,-1320.0,
-1080.0,-1320.0,
-1040.0,-1320.0,
-1000.0,-1320.0,
-960.0,-1320.0,
-920.0,-1320.0,
-880.0,-1320.0,
-840.0,-1320.0,
-800.0,-1320.0,
-760.0,-1320.0,
-720.0,-1320.0,
-680.0,-1320.0,106.037153
-640.0,-1320.0,102.984401
-600.0,-1320.0,100.018557
-560.0,-1320.0,97.139767
-520.0,-1320.0,94.348016
-480.0,-1320.0,91.643283
-440.0,-1320.0,89.025543
-400.0,-1320.0,86.49476
-360.0,-1320.0,84.05086
-320.0,-1320.0,81.693736
-280.0,-1320.0,79.423421
-240.0,-1320.0,77.239834
-200.0,-1320.0,75.142883
-160.0,-1320.0,73.132458
-120.0,-1320.0,71.208431
-80.0,-1320.0,69.370655
-40.0,-1320.0,67.618964
0.0,-1320.0,65.953168
40.0,-1320.0,64.373058
80.0,-1320.0,62.878709
120.0,-1320.0,61.471164
160.0,-1320.0,60.152215
200.0,-1320.0,58.924477
240.0,-1320.0,57.791332
280.0,-1320.0,56.756925
320.0,-1320.0,55.826149
360.0,-1320.0,55.004621
400.0,-1320.0,54.298643
440.0,-1320.0,53.715104
480.0,-1320.0,53.261758
520.0,-1320.0,52.946882
560.0,-1320.0,52.779364
600.0,-1320.0,52.768682
640.0,-1320.0,52.924881
680.0,-1320.0,53.258563
720.0,-1320.0,53.780634
760.0,-1320.0,54.50295
800.0,-1320.0,55.437719
840.0,-1320.0,56.533725
880.0,-1320.0,57.711723
920.0,-1320.0,58.97151
960.0,-1320.0,60.313856
1000.0,-1320.0,61.739231
1040.0,-1320.0,63.248056
1080.0,-1320.0,64.840275
1120.0,-1320.0,66.516624
1160.0,-1320.0,68.277495
1200.0,-1320.0,70.122949
-1240.0,-1280.0,
-1200.0,-1280.0,
-1160.0,-1280.0,
-1120.0,-1280.0,
-1080.0,-1280.0,
-1040.0,-1280.0,
-1000.0,-1280.0,
-960.0,-1280.0,
-920.0,-1280.0,
-880.0,-1280.0,
-840.0,-1280.0,
-800.0,-1280.0,
-760.0,-1280.0,113.023825
-720.0,-1280.0,109.694998
-680.0,-1280.0,106.456033
-640.0,-1280.0,103.306706
-600.0,-1280.0,100.247272
-560.0,-1280.0,97.277726
-520.0,-1280.0,94.398057
-480.0,-1280.0,91.608251
-440.0,-1280.0,88.908288
-400.0,-1280.0,86.298042
-360.0,-1280.0,83.777537
-320.0,-1280.0,81.346774
-280.0,-1280.0,79.005692
-240.0,-1280.0,76.754216
-200.0,-1280.0,74.592258
-160.0,-1280.0,72.519711
-120.0,-1280.0,70.536447
-80.0,-1280.0,68.64232
-40.0,-1280.0,66.837161
0.0,-1280.0,65.120774
40.0,-1280.0,63.492943
80.0,-1280.0,61.953755
120.0,-1280.0,60.504276
160.0,-1280.0,59.146344
200.0,-1280.0,57.882646
240.0,-1280.0,56.716645
280.0,-1280.0,55.652593
320.0,-1280.0,54.695503
360.0,-1280.0,53.851124
400.0,-1280.0,53.125918
440.0,-1280.0,52.527036
480.0,-1280.0,52.062181
520.0,-1280.0,51.739854
560.0,-1280.0,51.569167
600.0,-1280.0,51.559784
640.0,-1280.0,51.721947
680.0,-1280.0,52.066458
720.0,-1280.0,52.604611
760.0,-1280.0,53.348119
800.0,-1280.0,54.309606
840.0,-1280.0,55.436535
880.0,-1280.0,56.648018
920.0,-1280.0,57.944056
960.0,-1280.0,59.325164
1000.0,-1280.0,60.792014
1040.0,-1280.0,62.345065
1080.0,-1280.0,63.984401
1120.0,-1280.0,65.710558
1160.0,-1280.0,67.524072
1200.0,-1280.0,69.425085
1240.0,-1280.0,71.413579
-1280.0,-1240.0,
-1240.0,-1240.0,
-1200.0,-1240.0,
-1160.0,-1240.0,
-1120.0,-1240.0,
-1080.0,-1240.0,
-1040.0,-1240.0,
-1000.0,-1240.0,
-960.0,-1240.0,
-920.0,-1240.0,
-880.0,-1240.0,
-840.0,-1240.0,
-800.0,-1240.0,117.304164
-760.0,-1240.0,113.773668
-720.0,-1240.0,110.336047
-680.0,-1240.0,106.991119
-640.0,-1240.0,103.738998
-600.0,-1240.0,100.579782
-560.0,-1240.0,97.51347
-520.0,-1240.0,94.540059
-480.0,-1240.0,91.659541
-440.0,-1240.0,88.871765
-400.0,-1240.0,86.176834
-360.0,-1240.0,83.574744
-320.0,-1240.0,81.065453
-280.0,-1240.0,78.648908
-240.0,-1240.0,76.32504
-200.0,-1240.0,74.093766
-160.0,-1240.0,71.954982
-120.0,-1240.0,69.908565
-80.0,-1240.0,67.954369
-40.0,-1240.0,66.092222
0.0,-1240.0,64.321926
40.0,-1240.0,62.643259
80.0,-1240.0,61.056321
120.0,-1240.0,59.562201
160.0,-1240.0,58.162792
200.0,-1240.0,56.860851
240.0,-1240.0,55.659932
280.0,-1240.0,54.564399
320.0,-1240.0,53.579389
360.0,-1240.0,52.710793
400.0,-1240.0,51.965222
440.0,-1240.0,51.349987
480.0,-1240.0,50.87307
520.0,-1240.0,50.543007
560.0,-1240.0,50.369048
600.0,-1240.0,50.361127
640.0,-1240.0,50.529683
680.0,-1240.0,50.885727
720.0,-1240.0,51.440821
760.0,-1240.0,52.206899
800.0,-1240.0,53.196652
840.0,-1240.0,54.356295
880.0,-1240.0,55.603235
920.0,-1240.0,56.93768
960.0,-1240.0,58.359906
1000.0,-1240.0,59.870787
1040.0,-1240.0,61.470824
1080.0,-1240.0,63.160228
1120.0,-1240.0,64.939363
1160.0,-1240.0,66.808897
1200.0,-1240.0,68.769035
1240.0,-1240.0,70.81966
1280.0,-1240.0,72.961562
-1320.0,-1200.0,
-1280.0,-1200.0,
-1240.0,-1200.0,
-1200.0,-1200.0,
-1160.0,-1200.0,
-1120.0,-1200.0,
-1080.0,-1200.0,
-1040.0,-1200.0,
-1000.0,-1200.0,
-960.0,-1200.0,
-920.0,-1200.0,
-880.0,-1200.0,125.904228
-840.0,-1200.0,122.062187
-800.0,-1200.0,118.316204
-760.0,-1200.0,114.666288
-720.0,-1200.0,111.112383
-680.0,-1200.0,107.654332
-640.0,-1200.0,104.292391
-600.0,-1200.0,101.026567
-560.0,-1200.0,97.856867
-520.0,-1200.0,94.783295
-480.0,-1200.0,91.805694
-440.0,-1200.0,88.9242
-400.0,-1200.0,86.138826
-360.0,-1200.0,83.44955
-320.0,-1200.0,80.85634
-280.0,-1200.0,78.35915
-240.0,-1200.0,75.95792
-200.0,-1200.0,73.652572
-160.0,-1200.0,71.44301
-120.0,-1200.0,69.329114
-80.0,-1200.0,67.31074
-40.0,-1200.0,65.387718
0.0,-1200.0,63.55984
40.0,-1200.0,61.826898
80.0,-1200.0,60.188998
120.0,-1200.0,58.647247
160.0,-1200.0,57.203605
200.0,-1200.0,55.860901
240.0,-1200.0,54.62279
280.0,-1200.0,53.493751
320.0,-1200.0,52.479056
360.0,-1200.0,51.584738
400.0,-1200.0,50.817568
440.0,-1200.0,50.185022
480.0,-1200.0,49.695255
520.0,-1200.0,49.357077
560.0,-1200.0,49.179825
600.0,-1200.0,49.173548
640.0,-1200.0,49.348974
680.0,-1200.0,49.717323
720.0,-1200.0,50.290377
760.0,-1200.0,51.080455
800.0,-1200.0,52.100166
840.0,-1200.0,53.294481
880.0,-1200.0,54.57904
920.0,-1200.0,55.954195
960.0,-1200.0,57.420192
1000.0,-1200.0,58.977919
1040.0,-1200.0,60.627981
1080.0,-1200.0,62.370709
1120.0,-1200.0,64.206319
1160.0,-1200.0,66.135602
1200.0,-1200.0,68.1588
1240.0,-1200.0,70.275742
1280.0,-1200.0,72.487265
1320.0,-1200.0,74.793327
-1360.0,-1160.0,
-1320.0,-1160.0,
-1280.0,-1160.0,
-1240.0,-1160.0,
-1200.0,-1160.0,
-1160.0,-1160.0,
-1120.0,-1160.0,
-1080.0,-1160.0,
-1040.0,-1160.0,
-1000.0,-1160.0,
-960.0,-1160.0,
-920.0,-1160.0,131.424383
-880.0,-1160.0,127.348382
-840.0,-1160.0,123.371657
-800.0,-1160.0,119.494406
-760.0,-1160.0,115.716637
-720.0,-1160.0,112.038151
-680.0,-1160.0,108.459083
-640.0,-1160.0,104.979554
-600.0,-1160.0,101.599578
-560.0,-1160.0,98.319168
-520.0,-1160.0,95.138193
-480.0,-1160.0,92.056755
-440.0,-1160.0,89.074917
-400.0,-1160.0,86.192676
-360.0,-1160.0,83.410019
-320.0,-1160.0,80.726922
-280.0,-1160.0,78.143352
-240.0,-1160.0,75.659255
-200.0,-1160.0,73.274548
-160.0,-1160.0,70.989116
-120.0,-1160.0,68.8029
-80.0,-1160.0,66.715763
-40.0,-1160.0,64.727537
0.0,-1160.0,62.83802
40.0,-1160.0,61.046983
80.0,-1160.0,59.354557
120.0,-1160.0,57.761889
160.0,-1160.0,56.270999
200.0,-1160.0,54.884795
240.0,-1160.0,53.607022
280.0,-1160.0,52.442238
320.0,-1160.0,51.395902
360.0,-1160.0,50.474202
400.0,-1160.0,49.684071
440.0,-1160.0,49.033157
480.0,-1160.0,48.529795
520.0,-1160.0,48.182978
560.0,-1160.0,48.002338
600.0,-1160.0,47.997977
640.0,-1160.0,48.180801
680.0,-1160.0,48.562308
720.0,-1160.0,49.154503
760.0,-1160.0,49.96996
800.0,-1160.0,51.021615
840.0,-1160.0,52.252748
880.0,-1160.0,53.577304
920.0,-1160.0,54.995716
960.0,-1160.0,56.508402
1000.0,-1160.0,58.116084
1040.0,-1160.0,59.819536
1080.0,-1160.0,61.619189
1120.0,-1160.0,63.515149
1160.0,-1160.0,65.50831
1200.0,-1160.0,67.598932
1240.0,-1160.0,69.786826
1280.0,-1160.0,72.072859
1320.0,-1160.0,74.456904
1360.0,-1160.0,76.938952
-1400.0,-1120.0,
-1360.0,-1120.0,
-1320.0,-1120.0,
-1280.0,-1120.0,
-1240.0,-1120.0,
-1200.0,-1120.0,
-1160.0,-1120.0,
-1120.0,-1120.0,
-1080.0,-1120.0,
-1040.0,-1120.0,
-1000.0,-1120.0,
-960.0,-1120.0,137.547481
-920.0,-1120.0,133.220456
-880.0,-1120.0,128.996177
-840.0,-1120.0,124.874925
-800.0,-1120.0,120.856808
-760.0,-1120.0,116.941811
-720.0,-1120.0,113.12967
-680.0,-1120.0,109.420725
-640.0,-1120.0,105.814994
-600.0,-1120.0,102.312497
-560.0,-1120.0,98.913157
-520.0,-1120.0,95.616977
-480.0,-1120.0,92.424101
-440.0,-1120.0,89.33454
-400.0,-1120.0,86.348302
-360.0,-1120.0,83.465384
-320.0,-1120.0,80.685776
-280.0,-1120.0,78.009423
-240.0,-1120.0,75.43626
-200.0,-1120.0,72.966298
-160.0,-1120.0,70.59946
-120.0,-1120.0,68.335642
-80.0,-1120.0,66.174712
-40.0,-1120.0,64.116509
0.0,-1120.0,62.160833
40.0,-1120.0,60.307453
80.0,-1120.0,58.556524
120.0,-1120.0,56.909224
160.0,-1120.0,55.367646
200.0,-1120.0,53.934784
240.0,-1120.0,52.614516
280.0,-1120.0,51.411577
320.0,-1120.0,50.331509
360.0,-1120.0,49.380584
400.0,-1120.0,48.565983
440.0,-1120.0,47.895533
480.0,-1120.0,47.377751
520.0,-1120.0,47.021822
560.0,-1120.0,46.837568
600.0,-1120.0,46.835437
640.0,-1120.0,47.026258
680.0,-1120.0,47.421867
720.0,-1120.0,48.034508
760.0,-1120.0,48.876993
800.0,-1120.0,49.962647
840.0,-1120.0,51.232961
880.0,-1120.0,52.600137
920.0,-1120.0,54.0647
960.0,-1120.0,55.62723
1000.0,-1120.0,57.288317
1040.0,-1120.0,59.048894
1080.0,-1120.0,60.909476
1120.0,-1120.0,62.870094
1160.0,-1120.0,64.931728
1200.0,-1120.0,67.094626
1240.0,-1120.0,69.358631
1280.0,-1120.0,71.724609
1320.0,-1120.0,74.192313
1360.0,-1120.0,76.761922
1400.0,-1120.0,79.433938
-1440.0,-1080.0,
-1400.0,-1080.0,
-1360.0,-1080.0,
-1320.0,-1080.0,
-1280.0,-1080.0,
-1240.0,-1080.0,
-1200.0,-1080.0,
-1160.0,-1080.0,
-1120.0,-1080.0,
-1080.0,-1080.0,
-1040.0,-1080.0,
-1000.0,-1080.0,144.342105
-960.0,-1080.0,139.744702
-920.0,-1080.0,135.254338
-880.0,-1080.0,130.870563
-840.0,-1080.0,126.593827
-800.0,-1080.0,122.424162
-760.0,-1080.0,118.36143
-720.0,-1080.0,114.405606
-680.0,-1080.0,110.556922
-640.0,-1080.0,106.8154
-600.0,-1080.0,103.181048
-560.0,-1080.0,99.653697
-520.0,-1080.0,96.233605
-480.0,-1080.0,92.920796
-440.0,-1080.0,89.715294
-400.0,-1080.0,86.617116
-360.0,-1080.0,83.626275
-320.0,-1080.0,80.742677
-280.0,-1080.0,77.966397
-240.0,-1080.0,75.297434
-200.0,-1080.0,72.735742
-160.0,-1080.0,70.281258
-120.0,-1080.0,67.93389
-80.0,-1080.0,65.693517
-40.0,-1080.0,63.559985
0.0,-1080.0,61.5331
40.0,-1080.0,59.612634
80.0,-1080.0,57.798764
120.0,-1080.0,56.092711
160.0,-1080.0,54.496647
200.0,-1080.0,53.013659
240.0,-1080.0,51.647751
280.0,-1080.0,50.403799
320.0,-1080.0,49.287519
360.0,-1080.0,48.305425
400.0,-1080.0,47.464716
440.0,-1080.0,46.77343
480.0,-1080.0,46.240315
520.0,-1080.0,45.874747
560.0,-1080.0,45.686746
600.0,-1080.0,45.686959
640.0,-1080.0,45.88657
680.0,-1080.0,46.297327
720.0,-1080.0,46.931859
760.0,-1080.0,47.803221
800.0,-1080.0,48.925066
840.0,-1080.0,50.237228
880.0,-1080.0,51.649933
920.0,-1080.0,53.163859
960.0,-1080.0,54.779746
1000.0,-1080.0,56.498083
1040.0,-1080.0,58.319951
1080.0,-1080.0,60.24593
1120.0,-1080.0,62.276016
1160.0,-1080.0,64.411253
1200.0,-1080.0,66.651848
1240.0,-1080.0,68.997723
1280.0,-1080.0,71.449714
1320.0,-1080.0,74.007413
1360.0,-1080.0,76.671254
1400.0,-1080.0,79.441363
1440.0,-1080.0,82.317289
-1440.0,-1040.0,
-1400.0,-1040.0,
-1360.0,-1040.0,
-1320.0,-1040.0,
-1280.0,-1040.0,
-1240.0,-1040.0,
-1200.0,-1040.0,
-1160.0,-1040.0,
-1120.0,-1040.0,
-1080.0,-1040.0,
-1040.0,-1040.0,151.887447
-1000.0,-1040.0,146.998297
-960.0,-1040.0,142.220446
-920.0,-1040.0,137.553843
-880.0,-1040.0,132.998073
-840.0,-1040.0,128.553608
-800.0,-1040.0,124.220458
-760.0,-1040.0,119.998371
-720.0,-1040.0,115.887539
-680.0,-1040.0,111.888095
-640.0,-1040.0,108.000067
-600.0,-1040.0,104.223327
-560.0,-1040.0,100.557988
-520.0,-1040.0,97.004182
-480.0,-1040.0,93.561947
-440.0,-1040.0,90.231315
-400.0,-1040.0,87.012318
-360.0,-1040.0,83.904847
-320.0,-1040.0,80.909067
-280.0,-1040.0,78.024984
-240.0,-1040.0,75.25259
-200.0,-1040.0,72.591859
-160.0,-1040.0,70.04274
-120.0,-1040.0,67.60516
-80.0,-1040.0,65.279011
-40.0,-1040.0,63.06415
0.0,-1040.0,60.960393
40.0,-1040.0,58.967518
80.0,-1040.0,57.08573
120.0,-1040.0,55.316302
160.0,-1040.0,53.661484
200.0,-1040.0,52.124478
240.0,-1040.0,50.70942
280.0,-1040.0,49.421338
320.0,-1040.0,48.266115
360.0,-1040.0,47.250445
400.0,-1040.0,46.381794
440.0,-1040.0,45.668294
480.0,-1040.0,45.118825
520.0,-1040.0,44.743034
560.0,-1040.0,44.551138
600.0,-1040.0,44.553986
640.0,-1040.0,44.763043
680.0,-1040.0,45.190183
720.0,-1040.0,45.848214
760.0,-1040.0,46.750504
800.0,-1040.0,47.910975
840.0,-1040.0,49.267946
880.0,-1040.0,50.729417
920.0,-1040.0,52.296295
960.0,-1040.0,53.969466
1000.0,-1040.0,55.749356
1040.0,-1040.0,57.637183
1080.0,-1040.0,59.633569
1120.0,-1040.0,61.738517
1160.0,-1040.0,63.953112
1200.0,-1040.0,66.277481
1240.0,-1040.0,68.711685
1280.0,-1040.0,71.256493
1320.0,-1040.0,73.911286
1360.0,-1040.0,76.676831
1400.0,-1040.0,79.552779
1440.0,-1040.0,82.539193
-1480.0,-1000.0,
-1440.0,-1000.0,
-1400.0,-1000.0,
-1360.0,-1000.0,
-1320.0,-1000.0,
-1280.0,-1000.0,
-1240.0,-1000.0,
-1200.0,-1000.0,
-1160.0,-1000.0,
-1120.0,-1000.0,
-1080.0,-1000.0,160.274975
-1040.0,-1000.0,155.070726
-1000.0,-1000.0,149.981756
-960.0,-1000.0,145.008668
-920.0,-1000.0,140.151384
-880.0,-1000.0,135.409552
-840.0,-1000.0,130.783617
-800.0,-1000.0,126.273585
-760.0,-1000.0,121.879103
-720.0,-1000.0,117.600553
-680.0,-1000.0,113.437984
-640.0,-1000.0,109.3914
-600.0,-1000.0,105.460624
-560.0,-1000.0,101.645955
-520.0,-1000.0,97.947438
-480.0,-1000.0,94.365118
-440.0,-1000.0,90.899043
-400.0,-1000.0,87.549107
-360.0,-1000.0,84.315511
-320.0,-1000.0,81.198295
-280.0,-1000.0,78.197482
-240.0,-1000.0,75.313083
-200.0,-1000.0,72.545092
-160.0,-1000.0,69.89348
-120.0,-1000.0,67.358192
-80.0,-1000.0,64.939138
-40.0,-1000.0,62.636194
0.0,-1000.0,60.449187
40.0,-1000.0,58.377906
80.0,-1000.0,56.422591
120.0,-1000.0,54.584573
160.0,-1000.0,52.866195
200.0,-1000.0,51.270781
240.0,-1000.0,49.802614
280.0,-1000.0,48.466887
320.0,-1000.0,47.269663
360.0,-1000.0,46.217824
400.0,-1000.0,45.319032
440.0,-1000.0,44.581685
480.0,-1000.0,44.014797
520.0,-1000.0,43.628126
560.0,-1000.0,43.432171
600.0,-1000.0,43.437979
640.0,-1000.0,43.657225
680.0,-1000.0,44.102122
720.0,-1000.0,44.785449
760.0,-1000.0,45.720957
800.0,-1000.0,46.922844
840.0,-1000.0,48.327851
880.0,-1000.0,49.841714
920.0,-1000.0,51.465565
960.0,-1000.0,53.200433
1000.0,-1000.0,55.046719
1040.0,-1000.0,57.005761
1080.0,-1000.0,59.078199
1120.0,-1000.0,61.264088
1160.0,-1000.0,63.564525
1200.0,-1000.0,65.979518
1240.0,-1000.0,68.509324
1280.0,-1000.0,71.154552
1320.0,-1000.0,73.914486
1360.0,-1000.0,76.79014
1400.0,-1000.0,79.780639
1440.0,-1000.0,82.886662
1480.0,-1000.0,86.107494
-1520.0,-960.0,
-1480.0,-960.0,
-1440.0,-960.0,
-1400.0,-960.0,
-1360.0,-960.0,
-1320.0,-960.0,
-1280.0,-960.0,
-1240.0,-960.0,
-1200.0,-960.0,
-1160.0,-960.0,
-1120.0,-960.0,169.613186
-1080.0,-960.0,164.066078
-1040.0,-960.0,158.639923
-1000.0,-960.0,153.334085
-960.0,-960.0,148.149081
-920.0,-960.0,143.084853
-880.0,-960.0,138.14107
-840.0,-960.0,133.31817
-800.0,-960.0,128.616099
-760.0,-960.0,124.034574
-720.0,-960.0,119.573981
-680.0,-960.0,115.234348
-640.0,-960.0,111.015564
-600.0,-960.0,106.917681
-560.0,-960.0,102.940899
-520.0,-960.0,99.08527
-480.0,-960.0,95.350852
-440.0,-960.0,91.737567
-400.0,-960.0,88.245589
-360.0,-960.0,84.875013
-320.0,-960.0,81.625894
-280.0,-960.0,78.498276
-240.0,-960.0,75.492193
-200.0,-960.0,72.607663
-160.0,-960.0,69.84468
-120.0,-960.0,67.203214
-80.0,-960.0,64.68318
-40.0,-960.0,62.28449
0.0,-960.0,60.007006
40.0,-960.0,57.850534
80.0,-960.0,55.815355
120.0,-960.0,53.902869
160.0,-960.0,52.115484
200.0,-960.0,50.456687
240.0,-960.0,48.930924
280.0,-960.0,47.543569
320.0,-960.0,46.300877
360.0,-960.0,45.209932
400.0,-960.0,44.278602
440.0,-960.0,43.515489
480.0,-960.0,42.929893
520.0,-960.0,42.531657
560.0,-960.0,42.331454
600.0,-960.0,42.340591
640.0,-960.0,42.570944
680.0,-960.0,43.035021
720.0,-960.0,43.745698
760.0,-960.0,44.716994
800.0,-960.0,45.963423
840.0,-960.0,47.420088
880.0,-960.0,48.990422
920.0,-960.0,50.675786
960.0,-960.0,52.477327
1000.0,-960.0,54.395496
1040.0,-960.0,56.431704
1080.0,-960.0,58.586585
1120.0,-960.0,60.8603
1160.0,-960.0,63.253921
1200.0,-960.0,65.767291
1240.0,-960.0,68.400932
1280.0,-960.0,71.155048
1320.0,-960.0,74.029353
1360.0,-960.0,77.024471
1400.0,-960.0,80.139499
1440.0,-960.0,83.375339
1480.0,-960.0,86.730725
1520.0,-960.0,90.206621
-1520.0,-920.0,
-1480.0,-920.0,
-1440.0,-920.0,
-1400.0,-920.0,
-1360.0,-920.0,
-1320.0,-920.0,
-1280.0,-920.0,
-1240.0,-920.0,
-1200.0,-920.0,
-1160.0,-920.0,180.028572
-1120.0,-920.0,174.108499
-1080.0,-920.0,168.314179
-1040.0,-920.0,162.646296
-1000.0,-920.0,157.104255
-960.0,-920.0,151.688425
-920.0,-920.0,146.39882
-880.0,-920.0,141.235078
-840.0,-920.0,136.197652
-800.0,-920.0,131.286422
-760.0,-920.0,126.501203
-720.0,-920.0,121.842336
-680.0,-920.0,117.309848
-640.0,-920.0,112.903519
-600.0,-920.0,108.623613
-560.0,-920.0,104.470237
-520.0,-920.0,100.443451
-480.0,-920.0,96.543232
-440.0,-920.0,92.769653
-400.0,-920.0,89.122896
-360.0,-920.0,85.603038
-320.0,-920.0,82.210152
-280.0,-920.0,78.944307
-240.0,-920.0,75.805563
-200.0,-920.0,72.793943
-160.0,-920.0,69.909453
-120.0,-920.0,67.152143
-80.0,-920.0,64.521976
-40.0,-920.0,62.018877
0.0,-920.0,59.642718
40.0,-920.0,57.393328
80.0,-920.0,55.271037
120.0,-920.0,53.27733
160.0,-920.0,51.414772
200.0,-920.0,49.686978
240.0,-920.0,48.098553
280.0,-920.0,46.655027
320.0,-920.0,45.362915
360.0,-920.0,44.229516
400.0,-920.0,43.262914
440.0,-920.0,42.471926
480.0,-920.0,41.86606
520.0,-920.0,41.45549
560.0,-920.0,41.250822
600.0,-920.0,41.263696
640.0,-920.0,41.506192
680.0,-920.0,41.991029
720.0,-920.0,42.731403
760.0,-920.0,43.741386
800.0,-920.0,45.035884
840.0,-920.0,46.548293
880.0,-920.0,48.179717
920.0,-920.0,49.931746
960.0,-920.0,51.80564
1000.0,-920.0,53.801912
1040.0,-920.0,55.922061
1080.0,-920.0,58.166665
1120.0,-920.0,60.536044
1160.0,-920.0,63.031209
1200.0,-920.0,65.651779
1240.0,-920.0,68.398615
1280.0,-920.0,71.271411
1320.0,-920.0,74.270405
1360.0,-920.0,77.395477
1400.0,-920.0,80.646489
1440.0,-920.0,84.02333
1480.0,-920.0,87.525785
1520.0,-920.0,91.153501
-1560.0,-880.0,
-1520.0,-880.0,
-1480.0,-880.0,
-1440.0,-880.0,
-1400.0,-880.0,
-1360.0,-880.0,
-1320.0,-880.0,
-1280.0,-880.0,
-1240.0,-880.0,
-1200.0,-880.0,191.672596
-1160.0,-880.0,185.343716
-1120.0,-880.0,179.147407
-1080.0,-880.0,173.082831
-1040.0,-880.0,167.150611
-1000.0,-880.0,161.350319
-960.0,-880.0,155.682104
-920.0,-880.0,150.146106
-880.0,-880.0,144.741882
-840.0,-880.0,139.469919
-800.0,-880.0,134.330047
-760.0,-880.0,129.32214
-720.0,-880.0,124.446511
-680.0,-880.0,119.70315
-640.0,-880.0,115.091833
-600.0,-880.0,110.612915
-560.0,-880.0,106.266454
-520.0,-880.0,102.052506
-480.0,-880.0,97.970962
-440.0,-880.0,94.022121
-400.0,-880.0,90.206074
-360.0,-880.0,86.522917
-320.0,-880.0,82.972746
-280.0,-880.0,79.555657
-240.0,-880.0,76.271654
-200.0,-880.0,73.120903
-160.0,-880.0,70.103467
-120.0,-880.0,67.21938
-80.0,-880.0,64.468642
-40.0,-880.0,61.851211
0.0,-880.0,59.366994
40.0,-880.0,57.015852
80.0,-880.0,54.798173
120.0,-880.0,52.715543
160.0,-880.0,50.770661
200.0,-880.0,48.967319
240.0,-880.0,47.31034
280.0,-880.0,45.805517
320.0,-880.0,44.459482
360.0,-880.0,43.279784
400.0,-880.0,42.274772
440.0,-880.0,41.453484
480.0,-880.0,40.825645
520.0,-880.0,40.401633
560.0,-880.0,40.192365
600.0,-880.0,40.209438
640.0,-880.0,40.465251
680.0,-880.0,40.972729
720.0,-880.0,41.745376
760.0,-880.0,42.797336
800.0,-880.0,44.143903
840.0,-880.0,45.716667
880.0,-880.0,47.414481
920.0,-880.0,49.239058
960.0,-880.0,51.191797
1000.0,-880.0,53.273303
1040.0,-880.0,55.485153
1080.0,-880.0,57.827819
1120.0,-880.0,60.301839
1160.0,-880.0,62.908038
1200.0,-880.0,65.645981
1240.0,-880.0,68.516718
1280.0,-880.0,71.519381
1320.0,-880.0,74.654846
1360.0,-880.0,77.922098
1400.0,-880.0,81.321901
1440.0,-880.0,84.852956
1480.0,-880.0,88.516131
1520.0,-880.0,92.309971
1560.0,-880.0,96.235104
-1560.0,-840.0,
-1520.0,-840.0,
-1480.0,-840.0,
-1440.0,-840.0,
-1400.0,-840.0,
-1360.0,-840.0,
-1320.0,-840.0,
-1280.0,-840.0,
-1240.0,-840.0,
-1200.0,-840.0,197.947739
-1160.0,-840.0,191.309036
-1120.0,-840.0,184.8092
-1080.0,-840.0,178.447967
-1040.0,-840.0,172.225464
-1000.0,-840.0,166.141621
-960.0,-840.0,160.196289
-920.0,-840.0,154.389795
-880.0,-840.0,148.721553
-840.0,-840.0,143.192112
-800.0,-840.0,137.801263
-760.0,-840.0,132.5489
-720.0,-840.0,127.435321
-680.0,-840.0,122.460438
-640.0,-840.0,117.624153
-600.0,-840.0,112.926763
-560.0,-840.0,108.368325
-520.0,-840.0,103.948793
-480.0,-840.0,99.668275
-440.0,-840.0,95.526982
-400.0,-840.0,91.525021
-360.0,-840.0,87.662508
-320.0,-840.0,83.939547
-280.0,-840.0,80.356186
-240.0,-840.0,76.912649
-200.0,-840.0,73.609048
-160.0,-840.0,70.445478
-120.0,-840.0,67.422014
-80.0,-840.0,64.538699
-40.0,-840.0,61.795535
0.0,-840.0,59.192472
40.0,-840.0,56.729414
80.0,-840.0,54.406821
120.0,-840.0,52.226392
160.0,-840.0,50.190989
200.0,-840.0,48.304601
240.0,-840.0,46.57228
280.0,-840.0,45.000062
320.0,-840.0,43.594896
360.0,-840.0,42.364518
400.0,-840.0,41.31746
440.0,-840.0,40.463064
480.0,-840.0,39.811275
520.0,-840.0,39.372677
560.0,-840.0,39.15848
600.0,-840.0,39.180278
640.0,-840.0,39.450743
680.0,-840.0,39.98301
720.0,-840.0,40.790874
760.0,-840.0,41.888572
800.0,-840.0,43.29178
840.0,-840.0,44.930231
880.0,-840.0,46.700465
920.0,-840.0,48.60436
960.0,-840.0,50.643406
1000.0,-840.0,52.818381
1040.0,-840.0,55.13088
1080.0,-840.0,57.581222
1120.0,-840.0,60.17023
1160.0,-840.0,62.898293
1200.0,-840.0,65.765417
1240.0,-840.0,68.772082
1280.0,-840.0,71.917753
1320.0,-840.0,75.202862
1360.0,-840.0,78.626675
1400.0,-840.0,82.189356
1440.0,-840.0,85.890367
1480.0,-840.0,89.729288
1520.0,-840.0,93.706236
1560.0,-840.0,97.819801
-1600.0,-800.0,
-1560.0,-800.0,
-1520.0,-800.0,
-1480.0,-800.0,
-1440.0,-800.0,
-1400.0,-800.0,
-1360.0,-800.0,
-1320.0,-800.0,
-1280.0,-800.0,
-1240.0,-800.0,212.132165
-1200.0,-800.0,205.005016
-1160.0,-800.0,198.024406
-1120.0,-800.0,191.18962
-1080.0,-800.0,184.501085
-1040.0,-800.0,177.958314
-1000.0,-800.0,171.561694
-960.0,-800.0,165.310676
-920.0,-800.0,159.205805
-880.0,-800.0,153.246423
-840.0,-800.0,147.433023
-800.0,-800.0,141.765426
-760.0,-800.0,136.24349
-720.0,-800.0,130.867522
-680.0,-800.0,125.637362
-640.0,-800.0,120.553007
-600.0,-800.0,115.614705
-560.0,-800.0,110.822513
-520.0,-800.0,106.176282
-480.0,-800.0,101.676323
-440.0,-800.0,97.322763
-400.0,-800.0,93.115726
-360.0,-800.0,89.055333
-320.0,-800.0,85.141628
-280.0,-800.0,81.374891
-240.0,-800.0,77.755275
-200.0,-800.0,74.282933
-160.0,-800.0,70.958004
-120.0,-800.0,67.780611
-80.0,-800.0,64.750849
-40.0,-800.0,61.868771
0.0,-800.0,59.134382
40.0,-800.0,56.54764
80.0,-800.0,54.109094
120.0,-800.0,51.820578
160.0,-800.0,49.685141
200.0,-800.0,47.707003
240.0,-800.0,45.89147
280.0,-800.0,44.244857
320.0,-800.0,42.774392
360.0,-800.0,41.488143
400.0,-800.0,40.394869
440.0,-800.0,39.50408
480.0,-800.0,38.82602
520.0,-800.0,38.371485
560.0,-800.0,38.151877
600.0,-800.0,38.179063
640.0,-800.0,38.465705
680.0,-800.0,39.025231
720.0,-800.0,39.871671
760.0,-800.0,41.019469
800.0,-800.0,42.484585
840.0,-800.0,44.194879
880.0,-800.0,46.044506
920.0,-800.0,48.035568
960.0,-800.0,50.169594
1000.0,-800.0,52.447591
1040.0,-800.0,54.871131
1080.0,-800.0,57.440309
1120.0,-800.0,60.156307
1160.0,-800.0,63.018945
1200.0,-800.0,66.028769
1240.0,-800.0,69.185419
1280.0,-800.0,72.489148
1320.0,-800.0,75.939249
1360.0,-800.0,79.536095
1400.0,-800.0,83.278364
1440.0,-800.0,87.166673
1480.0,-800.0,91.199742
1520.0,-800.0,95.377533
1560.0,-800.0,99.699865
1600.0,-800.0,104.165141
-1600.0,-760.0,
-1560.0,-760.0,
-1520.0,-760.0,
-1480.0,-760.0,
-1440.0,-760.0,
-1400.0,-760.0,
-1360.0,-760.0,
-1320.0,-760.0,
-1280.0,-760.0,228.155111
-1240.0,-760.0,220.485909
-1200.0,-760.0,212.971262
-1160.0,-760.0,205.611131
-1120.0,-760.0,198.405
-1080.0,-760.0,191.353413
-1040.0,-760.0,184.455516
-1000.0,-760.0,177.712038
-960.0,-760.0,171.122145
-920.0,-760.0,164.686442
-880.0,-760.0,158.404388
-840.0,-760.0,152.276237
-800.0,-760.0,146.301929
-760.0,-760.0,140.48123
-720.0,-760.0,134.814474
-680.0,-760.0,129.30144
-640.0,-760.0,123.942181
-600.0,-760.0,118.73691
-560.0,-760.0,113.685615
-520.0,-760.0,108.788233
-480.0,-760.0,104.045072
-440.0,-760.0,99.456245
-400.0,-760.0,95.021886
-360.0,-760.0,90.742024
-320.0,-760.0,86.616945
-280.0,-760.0,82.646852
-240.0,-760.0,78.831938
-200.0,-760.0,75.172397
-160.0,-760.0,71.668417
-120.0,-760.0,68.320177
-80.0,-760.0,65.127831
-40.0,-760.0,62.091498
0.0,-760.0,59.211246
40.0,-760.0,56.487105
80.0,-760.0,53.919728
120.0,-760.0,51.511112
160.0,-760.0,49.264525
200.0,-760.0,47.184451
240.0,-760.0,45.276494
280.0,-760.0,43.547277
320.0,-760.0,42.004349
360.0,-760.0,40.656085
400.0,-760.0,39.511606
440.0,-760.0,38.580586
480.0,-760.0,37.873505
520.0,-760.0,37.401415
560.0,-760.0,37.175911
600.0,-760.0,37.209114
640.0,-760.0,37.513687
680.0,-760.0,38.103327
720.0,-760.0,38.992268
760.0,-760.0,40.195208
800.0,-760.0,41.728353
840.0,-760.0,43.517658
880.0,-760.0,45.454815
920.0,-760.0,47.542224
960.0,-760.0,49.781377
1000.0,-760.0,52.173581
1040.0,-760.0,54.720198
1080.0,-760.0,57.421386
1120.0,-760.0,60.27836
1160.0,-760.0,63.290447
1200.0,-760.0,66.45865
1240.0,-760.0,69.781869
1280.0,-760.0,73.260736
1320.0,-760.0,76.894197
1360.0,-760.0,80.682242
1400.0,-760.0,84.624388
1440.0,-760.0,88.719601
1480.0,-760.0,92.968109
1520.0,-760.0,97.36866
1560.0,-760.0,101.920856
1600.0,-760.0,106.624552
-1640.0,-720.0,
-1600.0,-720.0,
-1560.0,-720.0,
-1520.0,-720.0,
-1480.0,-720.0,
-1440.0,-720.0,
-1400.0,-720.0,
-1360.0,-720.0,
-1320.0,-720.0,
-1280.0,-720.0,238.060626
-1240.0,-720.0,229.949519
-1200.0,-720.0,222.002453
-1160.0,-720.0,214.218487
-1120.0,-720.0,206.598335
-1080.0,-720.0,199.141406
-1040.0,-720.0,191.847732
-1000.0,-720.0,184.717231
-960.0,-720.0,177.749665
-920.0,-720.0,170.945096
-880.0,-720.0,164.303345
-840.0,-720.0,157.824341
-800.0,-720.0,151.508201
-760.0,-720.0,145.354532
-720.0,-720.0,139.36372
-680.0,-720.0,133.535491
-640.0,-720.0,127.86991
-600.0,-720.0,122.367165
-560.0,-720.0,117.02716
-520.0,-720.0,111.849953
-480.0,-720.0,106.835791
-440.0,-720.0,101.984788
-400.0,-720.0,97.297011
-360.0,-720.0,92.772625
-320.0,-720.0,88.411916
-280.0,-720.0,84.215096
-240.0,-720.0,80.182393
-200.0,-720.0,76.314048
-160.0,-720.0,72.610305
-120.0,-720.0,69.071398
-80.0,-720.0,65.697528
-40.0,-720.0,62.48893
0.0,-720.0,59.445751
40.0,-720.0,56.568108
80.0,-720.0,53.856781
120.0,-720.0,51.313961
160.0,-720.0,48.94315
200.0,-720.0,46.749132
240.0,-720.0,44.737871
280.0,-720.0,42.916348
320.0,-720.0,41.292472
360.0,-720.0,39.874966
400.0,-720.0,38.673272
440.0,-720.0,37.697458
480.0,-720.0,36.958055
520.0,-720.0,36.466447
560.0,-720.0,36.234423
600.0,-720.0,36.274339
640.0,-720.0,36.598871
680.0,-720.0,37.221959
720.0,-720.0,38.158023
760.0,-720.0,39.42199
800.0,-720.0,41.030344
840.0,-720.0,42.907043
880.0,-720.0,44.941365
920.0,-720.0,47.13595
960.0,-720.0,49.492215
1000.0,-720.0,52.011827
1040.0,-720.0,54.695697
1080.0,-720.0,57.544447
1120.0,-720.0,60.558515
1160.0,-720.0,63.737896
1200.0,-720.0,67.082481
1240.0,-720.0,70.592146
1280.0,-720.0,74.266046
1320.0,-720.0,78.104385
1360.0,-720.0,82.105611
1400.0,-720.0,86.269883
1440.0,-720.0,90.596505
1480.0,-720.0,95.084025
1520.0,-720.0,99.732627
1560.0,-720.0,104.541627
1600.0,-720.0,109.50933
1640.0,-720.0,114.635973
-1640.0,-680.0,
-1600.0,-680.0,
-1560.0,-680.0,
-1520.0,-680.0,
-1480.0,-680.0,
-1440.0,-680.0,
-1400.0,-680.0,
-1360.0,-680.0,
-1320.0,-680.0,258.114965
-1280.0,-680.0,249.332938
-1240.0,-680.0,240.725509
-1200.0,-680.0,232.291854
-1160.0,-680.0,224.032554
-1120.0,-680.0,215.94721
-1080.0,-680.0,208.035329
-1040.0,-680.0,200.297345
-1000.0,-680.0,192.732409
-960.0,-680.0,185.341012
-920.0,-680.0,178.122531
-880.0,-680.0,171.077254
-840.0,-680.0,164.204669
-800.0,-680.0,157.50515
-760.0,-680.0,150.978059
-720.0,-680.0,144.62386
-680.0,-680.0,138.442239
-640.0,-680.0,132.433213
-600.0,-680.0,126.596965
-560.0,-680.0,120.933316
-520.0,-680.0,115.442408
-480.0,-680.0,110.124432
-440.0,-680.0,104.9795
-400.0,-680.0,100.007584
-360.0,-680.0,95.20904
-320.0,-680.0,90.584087
-280.0,-680.0,86.132964
-240.0,-680.0,81.855938
-200.0,-680.0,77.75329
-160.0,-680.0,73.825272
-120.0,-680.0,70.072262
-80.0,-680.0,66.494561
-40.0,-680.0,63.092452
0.0,-680.0,59.866177
40.0,-680.0,56.815957
80.0,-680.0,53.942729
120.0,-680.0,51.248911
160.0,-680.0,48.738335
200.0,-680.0,46.416151
240.0,-680.0,44.288656
280.0,-680.0,42.363252
320.0,-680.0,40.648286
360.0,-680.0,39.152874
400.0,-680.0,37.886826
440.0,-680.0,36.860555
480.0,-680.0,36.084896
520.0,-680.0,35.571357
560.0,-680.0,35.331997
600.0,-680.0,35.379342
640.0,-680.0,35.72624
680.0,-680.0,36.386699
720.0,-680.0,37.375356
760.0,-680.0,38.707322
800.0,-680.0,40.399405
840.0,-680.0,42.373449
880.0,-680.0,44.516411
920.0,-680.0,46.831084
960.0,-680.0,49.318746
1000.0,-680.0,51.981494
1040.0,-680.0,54.819621
1080.0,-680.0,57.834297
1120.0,-680.0,61.02497
1160.0,-680.0,64.392364
1200.0,-680.0,67.935209
1240.0,-680.0,71.65383
1280.0,-680.0,75.547208
1320.0,-680.0,79.614534
1360.0,-680.0,83.855569
1400.0,-680.0,88.268813
1440.0,-680.0,92.853784
1480.0,-680.0,97.609967
1520.0,-680.0,102.53617
1560.0,-680.0,107.631336
1600.0,-680.0,112.895235
1640.0,-680.0,118.32708
-1680.0,-640.0,
-1640.0,-640.0,
-1600.0,-640.0,
-1560.0,-640.0,
-1520.0,-640.0,
-1480.0,-640.0,
-1440.0,-640.0,
-1400.0,-640.0,
-1360.0,-640.0,
-1320.0,-640.0,271.594719
-1280.0,-640.0,262.238123
-1240.0,-640.0,253.068186
-1200.0,-640.0,244.084715
-1160.0,-640.0,235.287211
-1120.0,-640.0,226.675303
-1080.0,-640.0,218.249233
-1040.0,-640.0,210.008351
-1000.0,-640.0,201.952602
-960.0,-640.0,194.081962
-920.0,-640.0,186.395792
-880.0,-640.0,178.8945
-840.0,-640.0,171.577284
-800.0,-640.0,164.44462
-760.0,-640.0,157.495869
-720.0,-640.0,150.731305
-680.0,-640.0,144.150683
-640.0,-640.0,137.753909
-600.0,-640.0,131.541171
-560.0,-640.0,125.512208
-520.0,-640.0,119.667206
-480.0,-640.0,114.006307
-440.0,-640.0,108.529538
-400.0,-640.0,103.236978
-360.0,-640.0,98.128947
-320.0,-640.0,93.205667
-280.0,-640.0,88.467398
-240.0,-640.0,83.914416
-200.0,-640.0,79.547027
-160.0,-640.0,75.365661
-120.0,-640.0,71.3707
-80.0,-640.0,67.562534
-40.0,-640.0,63.941544
0.0,-640.0,60.508087
40.0,-640.0,57.262507
80.0,-640.0,54.205929
120.0,-640.0,51.341041
160.0,-640.0,48.672037
200.0,-640.0,46.20449
240.0,-640.0,43.945205
280.0,-640.0,41.902027
320.0,-640.0,40.08372
360.0,-640.0,38.499912
400.0,-640.0,37.160832
440.0,-640.0,36.077263
480.0,-640.0,35.260431
520.0,-640.0,34.72195
560.0,-640.0,34.474173
600.0,-640.0,34.529793
640.0,-640.0,34.90181
680.0,-640.0,35.604305
720.0,-640.0,36.652095
760.0,-640.0,38.060421
800.0,-640.0,39.846457
840.0,-640.0,41.92983
880.0,-640.0,44.195232
920.0,-640.0,46.645357
960.0,-640.0,49.281815
1000.0,-640.0,52.106412
1040.0,-640.0,55.119454
1080.0,-640.0,58.321678
1120.0,-640.0,61.712755
1160.0,-640.0,65.292329
1200.0,-640.0,69.060193
1240.0,-640.0,73.014726
1280.0,-640.0,77.155915
1320.0,-640.0,81.482623
1360.0,-640.0,85.993301
1400.0,-640.0,90.687662
1440.0,-640.0,95.564711
1480.0,-640.0,100.622783
1520.0,-640.0,105.861343
1560.0,-640.0,111.279648
1600.0,-640.0,116.876772
1640.0,-640.0,122.651811
1680.0,-640.0,128.603204
-1680.0,-600.0,
-1640.0,-600.0,
-1600.0,-600.0,
-1560.0,-600.0,
-1520.0,-600.0,
-1480.0,-600.0,
-1440.0,-600.0,
-1400.0,-600.0,
-1360.0,-600.0,297.342198
-1320.0,-600.0,287.129084
-1280.0,-600.0,277.116878
-1240.0,-600.0,267.305069
-1200.0,-600.0,257.693213
-1160.0,-600.0,248.281386
-1120.0,-600.0,239.069294
-1080.0,-600.0,230.056182
-1040.0,-600.0,221.242049
-1000.0,-600.0,212.626824
-960.0,-600.0,204.209628
-920.0,-600.0,195.990764
-880.0,-600.0,187.969709
-840.0,-600.0,180.146274
-800.0,-600.0,172.520309
-760.0,-600.0,165.09153
-720.0,-600.0,157.859828
-680.0,-600.0,150.825115
-640.0,-600.0,143.987098
-600.0,-600.0,137.345988
-560.0,-600.0,130.901447
-520.0,-600.0,124.653642
-480.0,-600.0,118.602673
-440.0,-600.0,112.748467
-400.0,-600.0,107.091204
-360.0,-600.0,101.631139
-320.0,-600.0,96.368492
-280.0,-600.0,91.303517
-240.0,-600.0,86.436484
-200.0,-600.0,81.767863
-160.0,-600.0,77.298076
-120.0,-600.0,73.027581
-80.0,-600.0,68.956865
-40.0,-600.0,65.086421
0.0,-600.0,61.416732
40.0,-600.0,57.948295
80.0,-600.0,54.682453
120.0,-600.0,51.62222
160.0,-600.0,48.772215
200.0,-600.0,46.138511
240.0,-600.0,43.728459
280.0,-600.0,41.550506
320.0,-600.0,39.613953
360.0,-600.0,37.928893
400.0,-600.0,36.506101
440.0,-600.0,35.356796
480.0,-600.0,34.492626
520.0,-600.0,33.9254
560.0,-600.0,33.667752
600.0,-600.0,33.732561
640.0,-600.0,34.132951
680.0,-600.0,34.883094
720.0,-600.0,35.997919
760.0,-600.0,37.492776
800.0,-600.0,39.385198
840.0,-600.0,41.592495
880.0,-600.0,43.997158
920.0,-600.0,46.601572
960.0,-600.0,49.40793
1000.0,-600.0,52.417147
1040.0,-600.0,55.630199
1080.0,-600.0,59.046432
1120.0,-600.0,62.666172
1160.0,-600.0,66.488131
1200.0,-600.0,70.511568
1240.0,-600.0,74.735717
1280.0,-600.0,79.158759
1320.0,-600.0,83.779823
1360.0,-600.0,88.597911
1400.0,-600.0,93.611737
1440.0,-600.0,98.819416
1480.0,-600.0,104.220492
1520.0,-600.0,109.813834
1560.0,-600.0,115.598344
1600.0,-600.0,121.572961
1640.0,-600.0,127.736408
1680.0,-600.0,134.087694
-1680.0,-560.0,
-1640.0,-560.0,
-1600.0,-560.0,
-1560.0,-560.0,
-1520.0,-560.0,
-1480.0,-560.0,
-1440.0,-560.0,
-1400.0,-560.0,
-1360.0,-560.0,316.168282
-1320.0,-560.0,305.181729
-1280.0,-560.0,294.412531
-1240.0,-560.0,283.860291
-1200.0,-560.0,273.524609
-1160.0,-560.0,263.404663
-1120.0,-560.0,253.500391
-1080.0,-560.0,243.8115
-1040.0,-560.0,234.337604
-1000.0,-560.0,225.07771
-960.0,-560.0,216.032101
-920.0,-560.0,207.200299
-880.0,-560.0,198.581554
-840.0,-560.0,190.176107
-800.0,-560.0,181.983111
-760.0,-560.0,174.002741
-720.0,-560.0,166.234365
-680.0,-560.0,158.67812
-640.0,-560.0,151.333414
-600.0,-560.0,144.200492
-560.0,-560.0,137.278934
-520.0,-560.0,130.568826
-480.0,-560.0,124.07022
-440.0,-560.0,117.782935
-400.0,-560.0,111.707207
-360.0,-560.0,105.843219
-320.0,-560.0,100.191172
-280.0,-560.0,94.751236
-240.0,-560.0,89.523853
-200.0,-560.0,84.509452
-160.0,-560.0,79.708508
-120.0,-560.0,75.121556
-80.0,-560.0,70.749181
-40.0,-560.0,66.592
0.0,-560.0,62.650641
40.0,-560.0,58.925775
80.0,-560.0,55.419001
120.0,-560.0,52.133723
160.0,-560.0,49.075064
200.0,-560.0,46.249687
240.0,-560.0,43.66559
280.0,-560.0,41.331885
320.0,-560.0,39.258595
360.0,-560.0,37.456353
400.0,-560.0,35.936533
440.0,-560.0,34.710905
480.0,-560.0,33.791569
520.0,-560.0,33.190733
560.0,-560.0,32.921233
600.0,-560.0,32.996198
640.0,-560.0,33.42885
680.0,-560.0,34.23348
720.0,-560.0,35.424974
760.0,-560.0,37.018964
800.0,-560.0,39.033101
840.0,-560.0,41.382359
880.0,-560.0,43.947058
920.0,-560.0,46.729128
960.0,-560.0,49.731148
1000.0,-560.0,52.953443
1040.0,-560.0,56.39653
1080.0,-560.0,60.060017
1120.0,-560.0,63.942517
1160.0,-560.0,68.043479
1200.0,-560.0,72.361358
1240.0,-560.0,76.894161
1280.0,-560.0,81.640959
1320.0,-560.0,86.600202
1360.0,-560.0,91.770161
1400.0,-560.0,97.149045
1440.0,-560.0,102.73592
1480.0,-560.0,108.529418
1520.0,-560.0,114.528227
1560.0,-560.0,120.731088
1600.0,-560.0,127.136794
1640.0,-560.0,133.744183
1680.0,-560.0,140.552125
-1720.0,-520.0,
-1680.0,-520.0,
-1640.0,-520.0,
-1600.0,-520.0,
-1560.0,-520.0,
-1520.0,-520.0,
-1480.0,-520.0,
-1440.0,-520.0,
-1400.0,-520.0,350.384687
-1360.0,-520.0,338.25734
-1320.0,-520.0,326.36752
-1280.0,-520.0,314.714678
-1240.0,-520.0,303.29827
-1200.0,-520.0,292.117752
-1160.0,-520.0,281.172584
-1120.0,-520.0,270.462085
-1080.0,-520.0,259.98555
-1040.0,-520.0,249.742772
-1000.0,-520.0,239.733239
-960.0,-520.0,229.956265
-920.0,-520.0,220.411167
-880.0,-520.0,211.097882
-840.0,-520.0,202.015657
-800.0,-520.0,193.164066
-760.0,-520.0,184.542937
-720.0,-520.0,176.151465
-680.0,-520.0,167.989793
-640.0,-520.0,160.057145
-600.0,-520.0,152.353649
-560.0,-520.0,144.878846
-520.0,-520.0,137.632649
-480.0,-520.0,130.615066
-440.0,-520.0,123.825783
-400.0,-520.0,117.265036
-360.0,-520.0,110.932921
-320.0,-520.0,104.829543
-280.0,-520.0,98.955122
-240.0,-520.0,93.310087
-200.0,-520.0,87.894863
-160.0,-520.0,82.709968
-120.0,-520.0,77.756004
-80.0,-520.0,73.033653
-40.0,-520.0,68.543661
0.0,-520.0,64.286817
40.0,-520.0,60.263989
80.0,-520.0,56.477078
120.0,-520.0,52.929946
160.0,-520.0,49.628311
200.0,-520.0,46.579538
240.0,-520.0,43.792389
280.0,-520.0,41.276773
320.0,-520.0,39.043505
360.0,-520.0,37.104049
400.0,-520.0,35.470357
440.0,-520.0,34.154926
480.0,-520.0,33.170428
520.0,-520.0,32.52956
560.0,-520.0,32.245474
600.0,-520.0,32.331588
640.0,-520.0,32.801206
680.0,-520.0,33.668779
720.0,-520.0,34.949019
760.0,-520.0,36.657857
800.0,-520.0,38.81267
840.0,-520.0,41.326775
880.0,-520.0,44.077174
920.0,-520.0,47.066596
960.0,-520.0,50.296311
1000.0,-520.0,53.767256
1040.0,-520.0,57.478394
1080.0,-520.0,61.429056
1120.0,-520.0,65.61791
1160.0,-520.0,70.042682
1200.0,-520.0,74.701643
1240.0,-520.0,79.593052
1280.0,-520.0,84.714929
1320.0,-520.0,90.06515
1360.0,-520.0,95.641651
1400.0,-520.0,101.443069
1440.0,-520.0,107.46773
1480.0,-520.0,113.71405
1520.0,-520.0,120.180525
1560.0,-520.0,126.865731
1600.0,-520.0,133.768306
1640.0,-520.0,140.88695
1680.0,-520.0,148.220413
1720.0,-520.0,155.767485
-1720.0,-480.0,
-1680.0,-480.0,
-1640.0,-480.0,
-1600.0,-480.0,
-1560.0,-480.0,
-1520.0,-480.0,
-1480.0,-480.0,
-1440.0,-480.0,
-1400.0,-480.0,377.704222
-1360.0,-480.0,364.482738
-1320.0,-480.0,351.522894
-1280.0,-480.0,338.823914
-1240.0,-480.0,326.385029
-1200.0,-480.0,314.205481
-1160.0,-480.0,302.284519
-1120.0,-480.0,290.621402
-1080.0,-480.0,279.215395
-1040.0,-480.0,268.065427
-1000.0,-480.0,257.171085
-960.0,-480.0,246.531721
-920.0,-480.0,236.146657
-880.0,-480.0,226.014901
-840.0,-480.0,216.135983
-800.0,-480.0,206.509486
-760.0,-480.0,197.13439
-720.0,-480.0,188.010492
-680.0,-480.0,179.137134
-640.0,-480.0,170.513838
-600.0,-480.0,162.140221
-560.0,-480.0,154.015907
-520.0,-480.0,146.140515
-480.0,-480.0,138.513993
-440.0,-480.0,131.135869
-400.0,-480.0,124.006295
-360.0,-480.0,117.125259
-320.0,-480.0,110.492715
-280.0,-480.0,104.108935
-240.0,-480.0,97.974255
-200.0,-480.0,92.089085
-160.0,-480.0,86.453957
-120.0,-480.0,81.069518
-80.0,-480.0,75.936514
-40.0,-480.0,71.055859
0.0,-480.0,66.42851
40.0,-480.0,62.055555
80.0,-480.0,57.939243
120.0,-480.0,54.083972
160.0,-480.0,50.496137
200.0,-480.0,47.183934
240.0,-480.0,44.157051
280.0,-480.0,41.426344
320.0,-480.0,39.003586
360.0,-480.0,36.901226
400.0,-480.0,35.13202
440.0,-480.0,33.709339
480.0,-480.0,32.646616
520.0,-480.0,31.957184
560.0,-480.0,31.65469
600.0,-480.0,31.752914
640.0,-480.0,32.265274
680.0,-480.0,33.206421
720.0,-480.0,34.590735
760.0,-480.0,36.434449
800.0,-480.0,38.754397
840.0,-480.0,41.462288
880.0,-480.0,44.431588
920.0,-480.0,47.665333
960.0,-480.0,51.164308
1000.0,-480.0,54.927931
1040.0,-480.0,58.955383
1080.0,-480.0,63.244694
1120.0,-480.0,67.792933
1160.0,-480.0,72.598156
1200.0,-480.0,77.65776
1240.0,-480.0,82.969165
1280.0,-480.0,88.529885
1320.0,-480.0,94.337137
1360.0,-480.0,100.389148
1400.0,-480.0,106.683855
1440.0,-480.0,113.219323
1480.0,-480.0,119.99374
1520.0,-480.0,127.005406
1560.0,-480.0,134.252718
1600.0,-480.0,141.734159
1640.0,-480.0,149.448284
1680.0,-480.0,157.393706
1720.0,-480.0,165.56871
-1720.0,-440.0,
-1680.0,-440.0,
-1640.0,-440.0,
-1600.0,-440.0,
-1560.0,-440.0,
-1520.0,-440.0,
-1480.0,-440.0,
-1440.0,-440.0,
-1400.0,-440.0,410.606837
-1360.0,-440.0,396.066309
-1320.0,-440.0,381.817372
-1280.0,-440.0,367.858632
-1240.0,-440.0,354.189315
-1200.0,-440.0,340.808452
-1160.0,-440.0,327.714974
-1120.0,-440.0,314.907827
-1080.0,-440.0,302.385977
-1040.0,-440.0,290.148405
-1000.0,-440.0,278.193918
-960.0,-440.0,266.521601
-920.0,-440.0,255.130613
-880.0,-440.0,244.02003
-840.0,-440.0,233.188948
-800.0,-440.0,222.636045
-760.0,-440.0,212.360942
-720.0,-440.0,202.362817
-680.0,-440.0,192.640483
-640.0,-440.0,183.193738
-600.0,-440.0,174.021516
-560.0,-440.0,165.12355
-520.0,-440.0,156.499008
-480.0,-440.0,148.147752
-440.0,-440.0,140.069103
-400.0,-440.0,132.263016
-360.0,-440.0,124.729327
-320.0,-440.0,117.467791
-280.0,-440.0,110.478649
-240.0,-440.0,103.7621
-200.0,-440.0,97.318489
-160.0,-440.0,91.148292
-120.0,-440.0,85.252177
-80.0,-440.0,79.63101
-40.0,-440.0,74.285773
0.0,-440.0,69.217592
40.0,-440.0,64.427787
80.0,-440.0,59.918999
120.0,-440.0,55.696253
160.0,-440.0,51.766803
200.0,-440.0,48.139804
240.0,-440.0,44.825977
280.0,-440.0,41.83736
320.0,-440.0,39.186888
360.0,-440.0,36.888177
400.0,-440.0,34.955163
440.0,-440.0,33.402239
480.0,-440.0,32.243906
520.0,-440.0,31.494366
560.0,-440.0,31.168047
600.0,-440.0,31.279133
640.0,-440.0,31.841532
680.0,-440.0,32.869757
720.0,-440.0,34.378101
760.0,-440.0,36.382463
800.0,-440.0,38.899666
840.0,-440.0,41.838457
880.0,-440.0,45.070338
920.0,-440.0,48.596548
960.0,-440.0,52.417575
1000.0,-440.0,56.532022
1040.0,-440.0,60.937161
1080.0,-440.0,65.629728
1120.0,-440.0,70.606654
1160.0,-440.0,75.864446
1200.0,-440.0,81.399679
1240.0,-440.0,87.20909
1280.0,-440.0,93.28962
1320.0,-440.0,99.638433
1360.0,-440.0,106.252909
1400.0,-440.0,113.130645
1440.0,-440.0,120.269406
1480.0,-440.0,127.667131
1520.0,-440.0,135.3219
1560.0,-440.0,143.231913
1600.0,-440.0,151.395472
1640.0,-440.0,159.810963
1680.0,-440.0,168.47684
1720.0,-440.0,177.391309
-1720.0,-400.0,
-1680.0,-400.0,
-1640.0,-400.0,
-1600.0,-400.0,
-1560.0,-400.0,
-1520.0,-400.0,
-1480.0,-400.0,
-1440.0,-400.0,467.438062
-1400.0,-400.0,450.9408
-1360.0,-400.0,434.77535
-1320.0,-400.0,418.939288
-1280.0,-400.0,403.431627
-1240.0,-400.0,388.251069
-1200.0,-400.0,373.396024
-1160.0,-400.0,358.86494
-1120.0,-400.0,344.656274
-1080.0,-400.0,330.768481
-1040.0,-400.0,317.200298
-1000.0,-400.0,303.95028
-960.0,-400.0,291.016848
-920.0,-400.0,278.398735
-880.0,-400.0,266.094621
-840.0,-400.0,254.103215
-800.0,-400.0,242.423259
-760.0,-400.0,231.05341
-720.0,-400.0,219.992323
-680.0,-400.0,209.2392
-640.0,-400.0,198.792792
-600.0,-400.0,188.652013
-560.0,-400.0,178.816176
-520.0,-400.0,169.284085
-480.0,-400.0,160.055316
-440.0,-400.0,151.12895
-400.0,-400.0,142.504582
-360.0,-400.0,134.181804
-320.0,-400.0,126.160153
-280.0,-400.0,118.439651
-240.0,-400.0,111.020308
-200.0,-400.0,103.9023
-160.0,-400.0,97.085996
-120.0,-400.0,90.57207
-80.0,-400.0,84.361357
-40.0,-400.0,78.454909
0.0,-400.0,72.853992
40.0,-400.0,67.560159
80.0,-400.0,62.576482
120.0,-400.0,57.908706
160.0,-400.0,53.565058
200.0,-400.0,49.555871
240.0,-400.0,45.893137
280.0,-400.0,42.590213
320.0,-400.0,39.661505
360.0,-400.0,37.1221
400.0,-400.0,34.98744
440.0,-400.0,33.273353
480.0,-400.0,31.995804
520.0,-400.0,31.170232
560.0,-400.0,30.812285
600.0,-400.0,30.936771
640.0,-400.0,31.55839
680.0,-400.0,32.691306
720.0,-400.0,34.350158
760.0,-400.0,36.549536
800.0,-400.0,39.306377
840.0,-400.0,42.526433
880.0,-400.0,46.077469
920.0,-400.0,49.960503
960.0,-400.0,54.173986
1000.0,-400.0,58.714407
1040.0,-400.0,63.577601
1080.0,-400.0,68.759073
1120.0,-400.0,74.254017
1160.0,-400.0,80.057774
1200.0,-400.0,86.165961
1240.0,-400.0,92.57454
1280.0,-400.0,99.279829
1320.0,-400.0,106.27849
1360.0,-400.0,113.5675
1400.0,-400.0,121.144112
1440.0,-400.0,129.005821
1480.0,-400.0,137.150328
1520.0,-400.0,145.575211
1560.0,-400.0,154.277838
1600.0,-400.0,163.257014
1640.0,-400.0,172.510941
1680.0,-400.0,182.037257
1720.0,-400.0,191.833356
-1760.0,-360.0,
-1720.0,-360.0,
-1680.0,-360.0,
-1640.0,-360.0,
-1600.0,-360.0,
-1560.0,-360.0,
-1520.0,-360.0,
-1480.0,-360.0,
-1440.0,-360.0,520.101092
-1400.0,-360.0,501.495898
-1360.0,-360.0,483.272835
-1320.0,-360.0,465.431556
-1280.0,-360.0,447.968113
-1240.0,-360.0,430.881674
-1200.0,-360.0,414.169828
-1160.0,-360.0,397.829575
-1120.0,-360.0,381.859575
-1080.0,-360.0,366.257576
-1040.0,-360.0,351.021383
-1000.0,-360.0,336.148857
-960.0,-360.0,321.637915
-920.0,-360.0,307.48653
-880.0,-360.0,293.692728
-840.0,-360.0,280.254592
-800.0,-360.0,267.170258
-760.0,-360.0,254.437919
-720.0,-360.0,242.055826
-680.0,-360.0,230.022057
-640.0,-360.0,218.335111
-600.0,-360.0,206.993599
-560.0,-360.0,195.995786
-520.0,-360.0,185.340505
-480.0,-360.0,175.026442
-440.0,-360.0,165.052463
-400.0,-360.0,155.417554
-360.0,-360.0,146.120958
-320.0,-360.0,137.161799
-280.0,-360.0,128.539745
-240.0,-360.0,120.254473
-200.0,-360.0,112.305814
-160.0,-360.0,104.694005
-120.0,-360.0,97.419503
-80.0,-360.0,90.483042
-40.0,-360.0,83.885661
0.0,-360.0,77.628705
40.0,-360.0,71.713921
80.0,-360.0,66.144833
120.0,-360.0,60.928002
160.0,-360.0,56.072778
200.0,-360.0,51.590845
240.0,-360.0,47.49576
280.0,-360.0,43.802432
320.0,-360.0,40.527087
360.0,-360.0,37.686697
400.0,-360.0,35.298674
440.0,-360.0,33.380876
480.0,-360.0,31.951298
520.0,-360.0,31.027243
560.0,-360.0,30.626223
600.0,-360.0,30.764084
640.0,-360.0,31.456712
680.0,-360.0,32.718239
720.0,-360.0,34.562874
760.0,-360.0,37.004864
800.0,-360.0,40.059005
840.0,-360.0,43.628394
880.0,-360.0,47.57706
920.0,-360.0,51.903627
960.0,-360.0,56.603862
1000.0,-360.0,61.671907
1040.0,-360.0,67.101327
1080.0,-360.0,72.885323
1120.0,-360.0,79.017359
1160.0,-360.0,85.491387
1200.0,-360.0,92.301938
1240.0,-360.0,99.444126
1280.0,-360.0,106.913612
1320.0,-360.0,114.706088
1360.0,-360.0,122.818158
1400.0,-360.0,131.246925
1440.0,-360.0,139.989587
1480.0,-360.0,149.04347
1520.0,-360.0,158.404646
1560.0,-360.0,168.072268
1600.0,-360.0,178.043974
1640.0,-360.0,188.315608
1680.0,-360.0,198.887294
1720.0,-360.0,209.754644
1760.0,-360.0,220.917028
-1760.0,-320.0,
-1720.0,-320.0,
-1680.0,-320.0,
-1640.0,-320.0,
-1600.0,-320.0,
-1560.0,-320.0,
-1520.0,-320.0,
-1480.0,-320.0,
-1440.0,-320.0,588.084537
-1400.0,-320.0,566.708156
-1360.0,-320.0,545.787704
-1320.0,-320.0,525.320009
-1280.0,-320.0,505.300625
-1240.0,-320.0,485.727087
-1200.0,-320.0,466.595615
-1160.0,-320.0,447.90319
-1120.0,-320.0,429.645964
-1080.0,-320.0,411.821419
-1040.0,-320.0,394.425794
-1000.0,-320.0,377.455826
-960.0,-320.0,360.908727
-920.0,-320.0,344.781335
-880.0,-320.0,329.070582
-840.0,-320.0,313.773492
-800.0,-320.0,298.887182
-760.0,-320.0,284.408863
-720.0,-320.0,270.335839
-680.0,-320.0,256.665504
-640.0,-320.0,243.39535
-600.0,-320.0,230.522655
-560.0,-320.0,218.045461
-520.0,-320.0,205.961599
-480.0,-320.0,194.268681
-440.0,-320.0,182.965197
-400.0,-320.0,172.049128
-360.0,-320.0,161.519163
-320.0,-320.0,151.37369
-280.0,-320.0,141.611786
-240.0,-320.0,132.232528
-200.0,-320.0,123.235221
-160.0,-320.0,114.619674
-120.0,-320.0,106.385941
-80.0,-320.0,98.534465
-40.0,-320.0,91.0661
0.0,-320.0,83.982134
40.0,-320.0,77.284407
80.0,-320.0,70.976873
120.0,-320.0,65.066982
160.0,-320.0,59.565356
200.0,-320.0,54.485237
240.0,-320.0,49.841969
280.0,-320.0,45.652481
320.0,-320.0,41.935144
360.0,-320.0,38.709415
400.0,-320.0,35.99533
440.0,-320.0,33.813629
480.0,-320.0,32.185095
520.0,-320.0,31.130149
560.0,-320.0,30.66861
600.0,-320.0,30.819024
640.0,-320.0,31.598101
680.0,-320.0,33.021229
720.0,-320.0,35.101705
760.0,-320.0,37.851955
800.0,-320.0,41.285401
840.0,-320.0,45.300449
880.0,-320.0,49.755994
920.0,-320.0,54.647083
960.0,-320.0,59.965645
1000.0,-320.0,65.702019
1040.0,-320.0,71.846218
1080.0,-320.0,78.388717
1120.0,-320.0,85.320855
1160.0,-320.0,92.634971
1200.0,-320.0,100.324386
1240.0,-320.0,108.383309
1280.0,-320.0,116.806716
1320.0,-320.0,125.589018
1360.0,-320.0,134.727106
1400.0,-320.0,144.217696
1440.0,-320.0,154.05597
1480.0,-320.0,164.239939
1520.0,-320.0,174.766373
1560.0,-320.0,185.631705
1600.0,-320.0,196.834065
1640.0,-320.0,208.369667
1680.0,-320.0,220.236094
1720.0,-320.0,232.43129
1760.0,-320.0,244.949893
-1760.0,-280.0,
-1720.0,-280.0,
-1680.0,-280.0,
-1640.0,-280.0,
-1600.0,-280.0,
-1560.0,-280.0,
-1520.0,-280.0,
-1480.0,-280.0,
-1440.0,-280.0,679.33955
-1400.0,-280.0,654.138692
-1360.0,-280.0,629.50303
-1320.0,-280.0,605.426898
-1280.0,-280.0,581.904724
-1240.0,-280.0,558.930687
-1200.0,-280.0,536.498939
-1160.0,-280.0,514.604814
-1120.0,-280.0,493.242683
-1080.0,-280.0,472.406606
-1040.0,-280.0,452.092294
-1000.0,-280.0,432.29367
-960.0,-280.0,413.00625
-920.0,-280.0,394.225154
-880.0,-280.0,375.944943
-840.0,-280.0,358.161224
-800.0,-280.0,340.869423
-760.0,-280.0,324.064986
-720.0,-280.0,307.74352
-680.0,-280.0,291.90079
-640.0,-280.0,276.532722
-600.0,-280.0,261.635398
-560.0,-280.0,247.204968
-520.0,-280.0,233.237776
-480.0,-280.0,219.730615
-440.0,-280.0,206.680181
-400.0,-280.0,194.083368
-360.0,-280.0,181.937605
-320.0,-280.0,170.24017
-280.0,-280.0,158.98899
-240.0,-280.0,148.182111
-200.0,-280.0,137.817903
-160.0,-280.0,127.895284
-120.0,-280.0,118.413528
-80.0,-280.0,109.372415
-40.0,-280.0,100.772285
0.0,-280.0,92.614068
40.0,-280.0,84.899488
80.0,-280.0,77.632784
120.0,-280.0,70.822309
160.0,-280.0,64.480071
200.0,-280.0,58.621062
240.0,-280.0,53.262696
280.0,-280.0,48.424334
320.0,-280.0,44.127102
360.0,-280.0,40.393707
400.0,-280.0,37.247736
440.0,-280.0,34.714055
480.0,-280.0,32.81745
520.0,-280.0,31.583052
560.0,-280.0,31.034364
600.0,-280.0,31.193893
640.0,-280.0,32.081272
680.0,-280.0,33.712584
720.0,-280.0,36.100886
760.0,-280.0,39.256472
800.0,-280.0,43.188671
840.0,-280.0,47.789684
880.0,-280.0,52.911152
920.0,-280.0,58.541974
960.0,-280.0,64.667775
1000.0,-280.0,71.273313
1040.0,-280.0,78.344114
1080.0,-280.0,85.867274
1120.0,-280.0,93.830913
1160.0,-280.0,102.225923
1200.0,-280.0,111.044579
1240.0,-280.0,120.279427
1280.0,-280.0,129.924213
1320.0,-280.0,139.975013
1360.0,-280.0,150.424742
1400.0,-280.0,161.27196
1440.0,-280.0,172.509633
1480.0,-280.0,184.136628
1520.0,-280.0,196.14765
1560.0,-280.0,208.539256
1600.0,-280.0,221.308812
1640.0,-280.0,234.451953
1680.0,-280.0,247.963949
1720.0,-280.0,261.842362
1760.0,-280.0,276.083132
-1760.0,-240.0,
-1720.0,-240.0,
-1680.0,-240.0,
-1640.0,-240.0,
-1600.0,-240.0,
-1560.0,-240.0,
-1520.0,-240.0,
-1480.0,-240.0,
-1440.0,-240.0,808.817914
-1400.0,-240.0,777.939531
-1360.0,-240.0,747.810336
-1320.0,-240.0,718.419533
-1280.0,-240.0,689.75516
-1240.0,-240.0,661.808133
-1200.0,-240.0,634.568121
-1160.0,-240.0,608.025096
-1120.0,-240.0,582.169307
-1080.0,-240.0,556.99126
-1040.0,-240.0,532.481053
-1000.0,-240.0,508.629939
-960.0,-240.0,485.429406
-920.0,-240.0,462.869785
-880.0,-240.0,440.943559
-840.0,-240.0,419.6415
-800.0,-240.0,398.956354
-760.0,-240.0,378.880084
-720.0,-240.0,359.404706
-680.0,-240.0,340.523309
-640.0,-240.0,322.228767
-600.0,-240.0,304.514244
-560.0,-240.0,287.373196
-520.0,-240.0,270.799361
-480.0,-240.0,254.786597
-440.0,-240.0,239.329365
-400.0,-240.0,224.422362
-360.0,-240.0,210.060392
-320.0,-240.0,196.238866
-280.0,-240.0,182.953451
-240.0,-240.0,170.200313
-200.0,-240.0,157.975958
-160.0,-240.0,146.277591
-120.0,-240.0,135.1029
-80.0,-240.0,124.450235
-40.0,-240.0,114.31874
0.0,-240.0,104.7084
40.0,-240.0,95.620247
80.0,-240.0,87.058474
120.0,-240.0,79.032151
160.0,-240.0,71.554616
200.0,-240.0,64.642736
240.0,-240.0,58.316277
280.0,-240.0,52.597514
320.0,-240.0,47.511162
360.0,-240.0,43.084198
400.0,-240.0,39.345227
440.0,-240.0,36.324754
480.0,-240.0,34.053891
520.0,-240.0,32.56398
560.0,-240.0,31.885673
600.0,-240.0,32.047238
640.0,-240.0,33.072976
680.0,-240.0,34.982279
720.0,-240.0,37.788004
760.0,-240.0,41.496684
800.0,-240.0,46.110922
840.0,-240.0,51.51299
880.0,-240.0,57.543047
920.0,-240.0,64.178721
960.0,-240.0,71.395885
1000.0,-240.0,79.171256
1040.0,-240.0,87.48434
1080.0,-240.0,96.316771
1120.0,-240.0,105.655892
1160.0,-240.0,115.488978
1200.0,-240.0,125.807217
1240.0,-240.0,136.601687
1280.0,-240.0,147.86682
1320.0,-240.0,159.594084
1360.0,-240.0,171.779953
1400.0,-240.0,184.419064
1440.0,-240.0,197.505271
1480.0,-240.0,211.034114
1520.0,-240.0,225.001309
1560.0,-240.0,239.401946
1600.0,-240.0,254.231061
1640.0,-240.0,269.483604
1680.0,-240.0,285.154406
1720.0,-240.0,301.23816
1760.0,-240.0,317.729401
-1760.0,-200.0,
-1720.0,-200.0,
-1680.0,-200.0,
-1640.0,-200.0,
-1600.0,-200.0,
-1560.0,-200.0,
-1520.0,-200.0,
-1480.0,-200.0,1050.286052
-1440.0,-200.0,1008.824014
-1400.0,-200.0,968.498607
-1360.0,-200.0,929.284669
-1320.0,-200.0,891.15804
-1280.0,-200.0,854.095325
-1240.0,-200.0,818.072412
-1200.0,-200.0,783.069243
-1160.0,-200.0,749.062859
-1120.0,-200.0,716.03391
-1080.0,-200.0,683.96114
-1040.0,-200.0,652.82557
-1000.0,-200.0,622.608598
-960.0,-200.0,593.291953
-920.0,-200.0,564.858055
-880.0,-200.0,537.289913
-840.0,-200.0,510.570489
-800.0,-200.0,484.684741
-760.0,-200.0,459.617044
-720.0,-200.0,435.352558
-680.0,-200.0,411.877088
-640.0,-200.0,389.177186
-600.0,-200.0,367.239527
-560.0,-200.0,346.05141
-520.0,-200.0,325.600993
-480.0,-200.0,305.876753
-440.0,-200.0,286.867685
-400.0,-200.0,268.563341
-360.0,-200.0,250.954023
-320.0,-200.0,234.030503
-280.0,-200.0,217.783964
-240.0,-200.0,202.206634
-200.0,-200.0,187.291049
-160.0,-200.0,173.030797
-120.0,-200.0,159.420143
-80.0,-200.0,146.454304
-40.0,-200.0,134.129646
0.0,-200.0,122.443699
40.0,-200.0,111.39553
80.0,-200.0,100.988258
120.0,-200.0,91.231008
160.0,-200.0,82.137999
200.0,-200.0,73.727725
240.0,-200.0,66.022463
280.0,-200.0,59.04795
320.0,-200.0,52.833586
360.0,-200.0,47.411987
400.0,-200.0,42.819074
440.0,-200.0,39.092982
480.0,-200.0,36.274328
520.0,-200.0,34.404441
560.0,-200.0,33.524208
600.0,-200.0,33.67214
640.0,-200.0,34.881827
680.0,-200.0,37.178811
720.0,-200.0,40.577419
760.0,-200.0,45.079009
800.0,-200.0,50.674116
840.0,-200.0,57.227321
880.0,-200.0,64.557537
920.0,-200.0,72.624033
960.0,-200.0,81.386026
1000.0,-200.0,90.807617
1040.0,-200.0,100.861342
1080.0,-200.0,111.524642
1120.0,-200.0,122.779859
1160.0,-200.0,134.614099
1200.0,-200.0,147.015931
1240.0,-200.0,159.97461
1280.0,-200.0,173.482801
1320.0,-200.0,187.532973
1360.0,-200.0,202.118023
1400.0,-200.0,217.231174
1440.0,-200.0,232.865832
1480.0,-200.0,249.015476
1520.0,-200.0,265.672746
1560.0,-200.0,282.830232
1600.0,-200.0,300.482124
1640.0,-200.0,318.621505
1680.0,-200.0,337.237769
1720.0,-200.0,356.325155
1760.0,-200.0,375.874867
-1760.0,-160.0,
-1720.0,-160.0,
-1680.0,-160.0,
-1640.0,-160.0,
-1600.0,-160.0,
-1560.0,-160.0,
-1520.0,-160.0,
-1480.0,-160.0,1428.590702
-1440.0,-160.0,1366.809895
-1400.0,-160.0,1307.182768
-1360.0,-160.0,1249.627788
-1320.0,-160.0,1194.067389
-1280.0,-160.0,1140.429073
-1240.0,-160.0,1088.645397
-1200.0,-160.0,1038.649824
-1160.0,-160.0,990.381403
-1120.0,-160.0,943.781957
-1080.0,-160.0,898.795901
-1040.0,-160.0,855.37069
-1000.0,-160.0,813.455733
-960.0,-160.0,773.003644
-920.0,-160.0,733.969505
-880.0,-160.0,696.309962
-840.0,-160.0,659.983548
-800.0,-160.0,624.951735
-760.0,-160.0,591.177214
-720.0,-160.0,558.624584
-680.0,-160.0,527.259899
-640.0,-160.0,497.051108
-600.0,-160.0,467.968166
-560.0,-160.0,439.9813
-520.0,-160.0,413.063595
-480.0,-160.0,387.188761
-440.0,-160.0,362.331951
-400.0,-160.0,338.469721
-360.0,-160.0,315.579983
-320.0,-160.0,293.641954
-280.0,-160.0,272.636128
-240.0,-160.0,252.544224
-200.0,-160.0,233.349222
-160.0,-160.0,215.035634
-120.0,-160.0,197.589257
-80.0,-160.0,180.997476
-40.0,-160.0,165.249441
0.0,-160.0,150.336196
40.0,-160.0,136.251199
80.0,-160.0,122.993444
120.0,-160.0,110.569659
160.0,-160.0,98.993026
200.0,-160.0,88.282324
240.0,-160.0,78.46181
280.0,-160.0,69.560934
320.0,-160.0,61.61497
360.0,-160.0,54.664217
400.0,-160.0,48.754193
440.0,-160.0,43.935081
480.0,-160.0,40.260791
520.0,-160.0,37.787911
560.0,-160.0,36.573994
600.0,-160.0,36.675002
640.0,-160.0,38.141458
680.0,-160.0,41.012483
720.0,-160.0,45.309
760.0,-160.0,51.026864
800.0,-160.0,58.132924
840.0,-160.0,66.457351
880.0,-160.0,75.777371
920.0,-160.0,86.015913
960.0,-160.0,97.105743
1000.0,-160.0,108.995463
1040.0,-160.0,121.646953
1080.0,-160.0,135.033603
1120.0,-160.0,149.134735
1160.0,-160.0,163.934093
1200.0,-160.0,179.417215
1240.0,-160.0,195.572923
1280.0,-160.0,212.390912
1320.0,-160.0,229.861517
1360.0,-160.0,247.97209
1400.0,-160.0,266.715595
1440.0,-160.0,286.080218
1480.0,-160.0,306.056734
1520.0,-160.0,326.632386
1560.0,-160.0,347.798669
1600.0,-160.0,369.54128
1640.0,-160.0,391.847711
1680.0,-160.0,414.706242
1720.0,-160.0,438.102666
1760.0,-160.0,462.022094
-1760.0,-120.0,
-1720.0,-120.0,
-1680.0,-120.0,
-1640.0,-120.0,
-1600.0,-120.0,
-1560.0,-120.0,
-1520.0,-120.0,
-1480.0,-120.0,2380.066919
-1440.0,-120.0,2250.191565
-1400.0,-120.0,2127.841101
-1360.0,-120.0,2012.41545
-1320.0,-120.0,1903.384752
-1280.0,-120.0,1800.270219
-1240.0,-120.0,1702.646983
-1200.0,-120.0,1610.13117
-1160.0,-120.0,1522.375138
-1120.0,-120.0,1439.06749
-1080.0,-120.0,1359.921964
-1040.0,-120.0,1284.681248
-1000.0,-120.0,1213.109349
-960.0,-120.0,1144.989218
-920.0,-120.0,1080.12511
-880.0,-120.0,1018.333844
-840.0,-120.0,959.449577
-800.0,-120.0,903.318278
-760.0,-120.0,849.798108
-720.0,-120.0,798.756876
-680.0,-120.0,750.074519
-640.0,-120.0,703.6372
-600.0,-120.0,659.341239
-560.0,-120.0,617.089591
-520.0,-120.0,576.792213
-480.0,-120.0,538.364984
-440.0,-120.0,501.730594
-400.0,-120.0,466.816291
-360.0,-120.0,433.555013
-320.0,-120.0,401.884114
-280.0,-120.0,371.745509
-240.0,-120.0,343.085389
-200.0,-120.0,315.853963
-160.0,-120.0,290.005222
-120.0,-120.0,265.497041
-80.0,-120.0,242.290973
-40.0,-120.0,220.352504
0.0,-120.0,199.651165
40.0,-120.0,180.161243
80.0,-120.0,161.865824
120.0,-120.0,144.759164
160.0,-120.0,128.84494
200.0,-120.0,114.13575
240.0,-120.0,100.653284
280.0,-120.0,88.428573
320.0,-120.0,77.501697
360.0,-120.0,67.92219
400.0,-120.0,59.748247
440.0,-120.0,53.046344
480.0,-120.0,47.890308
520.0,-120.0,44.360061
560.0,-120.0,42.540441
600.0,-120.0,42.516747
640.0,-120.0,44.371191
680.0,-120.0,48.172652
720.0,-120.0,53.964259
760.0,-120.0,61.739781
800.0,-120.0,71.425064
840.0,-120.0,82.76621
880.0,-120.0,95.447174
920.0,-120.0,109.316084
960.0,-120.0,124.26444
1000.0,-120.0,140.221686
1040.0,-120.0,157.138389
1080.0,-120.0,174.984686
1120.0,-120.0,193.732509
1160.0,-120.0,213.363886
1200.0,-120.0,233.858225
1240.0,-120.0,255.198826
1280.0,-120.0,277.369756
1320.0,-120.0,300.353929
1360.0,-120.0,324.133965
1400.0,-120.0,348.691994
1440.0,-120.0,374.009521
1480.0,-120.0,400.067331
1520.0,-120.0,426.844271
1560.0,-120.0,454.316006
1600.0,-120.0,482.463789
1640.0,-120.0,511.260214
1680.0,-120.0,540.680305
1720.0,-120.0,570.696278
1760.0,-120.0,601.282098
-1760.0,-80.0,
-1720.0,-80.0,
-1680.0,-80.0,
-1640.0,-80.0,
-1600.0,-80.0,
-1560.0,-80.0,
-1520.0,-80.0,
-1480.0,-80.0,28489.238374
-1440.0,-80.0,15223.421876
-1400.0,-80.0,11190.291657
-1360.0,-80.0,8937.362585
-1320.0,-80.0,7440.119531
-1280.0,-80.0,6353.054488
-1240.0,-80.0,5519.471263
-1200.0,-80.0,4855.8636
-1160.0,-80.0,4312.877721
-1120.0,-80.0,3859.148664
-1080.0,-80.0,3473.632729
-1040.0,-80.0,3141.611819
-1000.0,-80.0,2852.437594
-960.0,-80.0,2598.190917
-920.0,-80.0,2372.849285
-880.0,-80.0,2171.737639
-840.0,-80.0,1991.170387
-800.0,-80.0,1828.194582
-760.0,-80.0,1680.416787
-720.0,-80.0,1545.871616
-680.0,-80.0,1422.932988
-640.0,-80.0,1310.239358
-600.0,-80.0,1206.642992
-560.0,-80.0,1111.168992
-520.0,-80.0,1022.983614
-480.0,-80.0,941.369003
-440.0,-80.0,865.704303
-400.0,-80.0,795.449373
-360.0,-80.0,730.132577
-320.0,-80.0,669.339938
-280.0,-80.0,612.707099
-240.0,-80.0,559.912411
-200.0,-80.0,510.670988
-160.0,-80.0,464.730063
-120.0,-80.0,421.865089
-80.0,-80.0,381.876407
-40.0,-80.0,344.586888
0.0,-80.0,309.83988
40.0,-80.0,277.498669
80.0,-80.0,247.450805
120.0,-80.0,219.609529
160.0,-80.0,193.911035
200.0,-80.0,170.314138
240.0,-80.0,148.799681
280.0,-80.0,129.370012
320.0,-80.0,112.048278
360.0,-80.0,96.877675
400.0,-80.0,83.920435
440.0,-80.0,73.256436
480.0,-80.0,64.983018
520.0,-80.0,59.212762
560.0,-80.0,56.071418
600.0,-80.0,55.69497
640.0,-80.0,58.224163
680.0,-80.0,63.793633
720.0,-80.0,72.5074
760.0,-80.0,84.39298
800.0,-80.0,99.300916
840.0,-80.0,116.741583
880.0,-80.0,136.123694
920.0,-80.0,157.136098
960.0,-80.0,179.611738
1000.0,-80.0,203.458845
1040.0,-80.0,228.617152
1080.0,-80.0,255.042754
1120.0,-80.0,282.699954
1160.0,-80.0,311.549796
1200.0,-80.0,341.560506
1240.0,-80.0,372.696908
1280.0,-80.0,404.920813
1320.0,-80.0,438.192723
1360.0,-80.0,472.473635
1400.0,-80.0,507.720184
1440.0,-80.0,543.883866
1480.0,-80.0,580.918611
1520.0,-80.0,618.774433
1560.0,-80.0,657.39454
1600.0,-80.0,696.719956
1640.0,-80.0,736.693705
1680.0,-80.0,777.248216
1720.0,-80.0,818.315531
1760.0,-80.0,859.828518
-1760.0,-40.0,
-1720.0,-40.0,
-1680.0,-40.0,
-1640.0,-40.0,
-1600.0,-40.0,
-1560.0,-40.0,
-1520.0,-40.0,
-1480.0,-40.0,
-1440.0,-40.0,
-1400.0,-40.0,
-1360.0,-40.0,
-1320.0,-40.0,
-1280.0,-40.0,
-1240.0,-40.0,
-1200.0,-40.0,
-1160.0,-40.0,
-1120.0,-40.0,454437.680246
-1080.0,-40.0,196700.900529
-1040.0,-40.0,125071.31374
-1000.0,-40.0,91422.153011
-960.0,-40.0,71968.460196
-920.0,-40.0,59355.144866
-880.0,-40.0,50553.063853
-840.0,-40.0,44086.317383
-800.0,-40.0,39150.497266
-760.0,-40.0,35270.311254
-720.0,-40.0,32140.633215
-680.0,-40.0,29563.896753
-640.0,-40.0,27408.779174
-600.0,-40.0,25581.976089
-560.0,-40.0,24015.463225
-520.0,-40.0,22658.5348
-480.0,-40.0,21472.664818
-440.0,-40.0,20428.087929
-400.0,-40.0,19501.463518
-360.0,-40.0,18674.247012
-320.0,-40.0,5970.738352
-280.0,-40.0,3699.318814
-240.0,-40.0,2721.194248
-200.0,-40.0,2132.180144
-160.0,-40.0,1727.545542
-120.0,-40.0,1428.575585
-80.0,-40.0,1197.128845
-40.0,-40.0,1012.039115
0.0,-40.0,860.451424
40.0,-40.0,734.04019
80.0,-40.0,627.15881
120.0,-40.0,535.846376
160.0,-40.0,457.254992
200.0,-40.0,389.303091
240.0,-40.0,330.454931
280.0,-40.0,279.576602
320.0,-40.0,235.837103
360.0,-40.0,198.640162
400.0,-40.0,167.575075
440.0,-40.0,142.381714
480.0,-40.0,122.923609
520.0,-40.0,109.16766
560.0,-40.0,101.166065
600.0,-40.0,99.048968
640.0,-40.0,103.00284
680.0,-40.0,113.263838
720.0,-40.0,130.086755
760.0,-40.0,153.665419
800.0,-40.0,183.80956
840.0,-40.0,219.006461
880.0,-40.0,257.421143
920.0,-40.0,298.388698
960.0,-40.0,341.674254
1000.0,-40.0,387.133617
1040.0,-40.0,434.643593
1080.0,-40.0,484.08699
1120.0,-40.0,535.348886
1160.0,-40.0,588.293977
1200.0,-40.0,642.785794
1240.0,-40.0,698.695876
1280.0,-40.0,755.926594
1320.0,-40.0,814.392265
1360.0,-40.0,874.013022
1400.0,-40.0,934.714316
1440.0,-40.0,996.423314
1480.0,-40.0,1059.051731
1520.0,-40.0,1122.518696
1560.0,-40.0,1186.724765
1600.0,-40.0,1251.50051
1640.0,-40.0,1316.678316
1680.0,-40.0,1381.92254
1720.0,-40.0,1446.740794
1760.0,-40.0,1510.215792
-1760.0,40.0,
-1720.0,40.0,
-1680.0,40.0,
-1640.0,40.0,
-1600.0,40.0,
-1560.0,40.0,
-1520.0,40.0,
-1480.0,40.0,
-1440.0,40.0,
-1400.0,40.0,
-1360.0,40.0,
-1320.0,40.0,
-1280.0,40.0,
-1240.0,40.0,
-1200.0,40.0,
-1160.0,40.0,
-1120.0,40.0,454437.680251
-1080.0,40.0,196700.900532
-1040.0,40.0,125071.313736
-1000.0,40.0,91422.153009
-960.0,40.0,71968.460195
-920.0,40.0,59355.144867
-880.0,40.0,50553.063853
-840.0,40.0,44086.317383
-800.0,40.0,39150.497265
-760.0,40.0,35270.311254
-720.0,40.0,32140.633215
-680.0,40.0,29563.896753
-640.0,40.0,27408.779174
-600.0,40.0,25581.976088
-560.0,40.0,24015.463224
-520.0,40.0,22658.5348
-480.0,40.0,21472.664818
-440.0,40.0,20428.087929
-400.0,40.0,19501.463518
-360.0,40.0,18674.247012
-320.0,40.0,5970.738352
-280.0,40.0,3699.318814
-240.0,40.0,2721.194248
-200.0,40.0,2132.180144
-160.0,40.0,1727.545542
-120.0,40.0,1428.575585
-80.0,40.0,1197.128845
-40.0,40.0,1012.039115
0.0,40.0,860.451424
40.0,40.0,734.04019
80.0,40.0,627.15881
120.0,40.0,535.846376
160.0,40.0,457.254992
200.0,40.0,389.303091
240.0,40.0,330.454931
280.0,40.0,279.576602
320.0,40.0,235.837103
360.0,40.0,198.640162
400.0,40.0,167.575075
440.0,40.0,142.381714
480.0,40.0,122.923609
520.0,40.0,109.16766
560.0,40.0,101.166065
600.0,40.0,99.048968
640.0,40.0,103.00284
680.0,40.0,113.263838
720.0,40.0,130.086755
760.0,40.0,153.665419
800.0,40.0,183.80956
840.0,40.0,219.006461
880.0,40.0,257.421143
920.0,40.0,298.388698
960.0,40.0,341.674254
1000.0,40.0,387.133617
1040.0,40.0,434.643593
1080.0,40.0,484.08699
1120.0,40.0,535.348886
1160.0,40.0,588.293977
1200.0,40.0,642.785794
1240.0,40.0,698.695876
1280.0,40.0,755.926594
1320.0,40.0,814.392265
1360.0,40.0,874.013022
1400.0,40.0,934.714316
1440.0,40.0,996.423314
1480.0,40.0,1059.051731
1520.0,40.0,1122.518696
1560.0,40.0,1186.724765
1600.0,40.0,1251.50051
1640.0,40.0,1316.678316
1680.0,40.0,1381.92254
1720.0,40.0,1446.740794
1760.0,40.0,1510.215792
-1760.0,80.0,
-1720.0,80.0,
-1680.0,80.0,
-1640.0,80.0,
-1600.0,80.0,
-1560.0,80.0,
-1520.0,80.0,
-1480.0,80.0,28489.238374
-1440.0,80.0,15223.421876
-1400.0,80.0,11190.291657
-1360.0,80.0,8937.362585
-1320.0,80.0,7440.119531
-1280.0,80.0,6353.054488
-1240.0,80.0,5519.471263
-1200.0,80.0,4855.8636
-1160.0,80.0,4312.877721
-1120.0,80.0,3859.148664
-1080.0,80.0,3473.632729
-1040.0,80.0,3141.611819
-1000.0,80.0,2852.437594
-960.0,80.0,2598.190917
-920.0,80.0,2372.849285
-880.0,80.0,2171.737639
-840.0,80.0,1991.170387
-800.0,80.0,1828.194582
-760.0,80.0,1680.416787
-720.0,80.0,1545.871616
-680.0,80.0,1422.932988
-640.0,80.0,1310.239358
-600.0,80.0,1206.642992
-560.0,80.0,1111.168992
-520.0,80.0,1022.983614
-480.0,80.0,941.369003
-440.0,80.0,865.704303
-400.0,80.0,795.449373
-360.0,80.0,730.132577
-320.0,80.0,669.339938
-280.0,80.0,612.707099
-240.0,80.0,559.912411
-200.0,80.0,510.670988
-160.0,80.0,464.730063
-120.0,80.0,421.865089
-80.0,80.0,381.876407
-40.0,80.0,344.586888
0.0,80.0,309.83988
40.0,80.0,277.498669
80.0,80.0,247.450805
120.0,80.0,219.609529
160.0,80.0,193.911035
200.0,80.0,170.314138
240.0,80.0,148.799681
280.0,80.0,129.370012
320.0,80.0,112.048278
360.0,80.0,96.877675
400.0,80.0,83.920435
440.0,80.0,73.256436
480.0,80.0,64.983018
520.0,80.0,59.212762
560.0,80.0,56.071418
600.0,80.0,55.69497
640.0,80.0,58.224163
680.0,80.0,63.793633
720.0,80.0,72.5074
760.0,80.0,84.39298
800.0,80.0,99.300916
840.0,80.0,116.741583
880.0,80.0,136.123694
920.0,80.0,157.136098
960.0,80.0,179.611738
1000.0,80.0,203.458845
1040.0,80.0,228.617152
1080.0,80.0,255.042754
1120.0,80.0,282.699954
1160.0,80.0,311.549796
1200.0,80.0,341.560506
1240.0,80.0,372.696908
1280.0,80.0,404.920813
1320.0,80.0,438.192723
1360.0,80.0,472.473635
1400.0,80.0,507.720184
1440.0,80.0,543.883866
1480.0,80.0,580.918611
1520.0,80.0,618.774433
1560.0,80.0,657.39454
1600.0,80.0,696.719956
1640.0,80.0,736.693705
1680.0,80.0,777.248216
1720.0,80.0,818.315531
1760.0,80.0,859.828518
-1760.0,120.0,
-1720.0,120.0,
-1680.0,120.0,
-1640.0,120.0,
-1600.0,120.0,
-1560.0,120.0,
-1520.0,120.0,
-1480.0,120.0,2380.066919
-1440.0,120.0,2250.191565
-1400.0,120.0,2127.841101
-1360.0,120.0,2012.41545
-1320.0,120.0,1903.384752
-1280.0,120.0,1800.270219
-1240.0,120.0,1702.646983
-1200.0,120.0,1610.13117
-1160.0,120.0,1522.375138
-1120.0,120.0,1439.06749
-1080.0,120.0,1359.921964
-1040.0,120.0,1284.681248
-1000.0,120.0,1213.109349
-960.0,120.0,1144.989218
-920.0,120.0,1080.12511
-880.0,120.0,1018.333844
-840.0,120.0,959.449577
-800.0,120.0,903.318278
-760.0,120.0,849.798108
-720.0,120.0,798.756876
-680.0,120.0,750.074519
-640.0,120.0,703.6372
-600.0,120.0,659.341239
-560.0,120.0,617.089591
-520.0,120.0,576.792213
-480.0,120.0,538.364984
-440.0,120.0,501.730594
-400.0,120.0,466.816291
-360.0,120.0,433.555013
-320.0,120.0,401.884114
-280.0,120.0,371.745509
-240.0,120.0,343.085389
-200.0,120.0,315.853963
-160.0,120.0,290.005222
-120.0,120.0,265.497041
-80.0,120.0,242.290973
-40.0,120.0,220.352504
0.0,120.0,199.651165
40.0,120.0,180.161243
80.0,120.0,161.865824
120.0,120.0,144.759164
160.0,120.0,128.84494
200.0,120.0,114.13575
240.0,120.0,100.653284
280.0,120.0,88.428573
320.0,120.0,77.501697
360.0,120.0,67.92219
400.0,120.0,59.748247
440.0,120.0,53.046344
480.0,120.0,47.890308
520.0,120.0,44.360061
560.0,120.0,42.540441
600.0,120.0,42.516747
640.0,120.0,44.371191
680.0,120.0,48.172652
720.0,120.0,53.964259
760.0,120.0,61.739781
800.0,120.0,71.425064
840.0,120.0,82.76621
880.0,120.0,95.447174
920.0,120.0,109.316084
960.0,120.0,124.26444
1000.0,120.0,140.221686
1040.0,120.0,157.138389
1080.0,120.0,174.984686
1120.0,120.0,193.732509
1160.0,120.0,213.363886
1200.0,120.0,233.858225
1240.0,120.0,255.198826
1280.0,120.0,277.369756
1320.0,120.0,300.353929
1360.0,120.0,324.133965
1400.0,120.0,348.691994
1440.0,120.0,374.009521
1480.0,120.0,400.067331
1520.0,120.0,426.844271
1560.0,120.0,454.316006
1600.0,120.0,482.463789
1640.0,120.0,511.260214
1680.0,120.0,540.680305
1720.0,120.0,570.696278
1760.0,120.0,601.282098
-1760.0,160.0,
-1720.0,160.0,
-1680.0,160.0,
-1640.0,160.0,
-1600.0,160.0,
-1560.0,160.0,
-1520.0,160.0,
-1480.0,160.0,1428.590702
-1440.0,160.0,1366.809895
-1400.0,160.0,1307.182768
-1360.0,160.0,1249.627788
-1320.0,160.0,1194.067389
-1280.0,160.0,1140.429073
-1240.0,160.0,1088.645397
-1200.0,160.0,1038.649824
-1160.0,160.0,990.381403
-1120.0,160.0,943.781957
-1080.0,160.0,898.795901
-1040.0,160.0,855.37069
-1000.0,160.0,813.455733
-960.0,160.0,773.003644
-920.0,160.0,733.969505
-880.0,160.0,696.309962
-840.0,160.0,659.983548
-800.0,160.0,624.951735
-760.0,160.0,591.177214
-720.0,160.0,558.624584
-680.0,160.0,527.259899
-640.0,160.0,497.051108
-600.0,160.0,467.968166
-560.0,160.0,439.9813
-520.0,160.0,413.063595
-480.0,160.0,387.188761
-440.0,160.0,362.331951
-400.0,160.0,338.469721
-360.0,160.0,315.579983
-320.0,160.0,293.641954
-280.0,160.0,272.636128
-240.0,160.0,252.544224
-200.0,160.0,233.349222
-160.0,160.0,215.035634
-120.0,160.0,197.589257
-80.0,160.0,180.997476
-40.0,160.0,165.249441
0.0,160.0,150.336196
40.0,160.0,136.251199
80.0,160.0,122.993444
120.0,160.0,110.569659
160.0,160.0,98.993026
200.0,160.0,88.282324
240.0,160.0,78.46181
280.0,160.0,69.560934
320.0,160.0,61.61497
360.0,160.0,54.664217
400.0,160.0,48.754193
440.0,160.0,43.935081
480.0,160.0,40.260791
520.0,160.0,37.787911
560.0,160.0,36.573994
600.0,160.0,36.675002
640.0,160.0,38.141458
680.0,160.0,41.012483
720.0,160.0,45.309
760.0,160.0,51.026864
800.0,160.0,58.132924
840.0,160.0,66.457351
880.0,160.0,75.777371
920.0,160.0,86.015913
960.0,160.0,97.105743
1000.0,160.0,108.995463
1040.0,160.0,121.646953
1080.0,160.0,135.033603
1120.0,160.0,149.134735
1160.0,160.0,163.934093
1200.0,160.0,179.417215
1240.0,160.0,195.572923
1280.0,160.0,212.390912
1320.0,160.0,229.861517
1360.0,160.0,247.97209
1400.0,160.0,266.715595
1440.0,160.0,286.080218
1480.0,160.0,306.056734
1520.0,160.0,326.632386
1560.0,160.0,347.798669
1600.0,160.0,369.54128
1640.0,160.0,391.847711
1680.0,160.0,414.706242
1720.0,160.0,438.102666
1760.0,160.0,462.022094
-1760.0,200.0,
-1720.0,200.0,
-1680.0,200.0,
-1640.0,200.0,
-1600.0,200.0,
-1560.0,200.0,
-1520.0,200.0,
-1480.0,200.0,1050.286052
-1440.0,200.0,1008.824014
-1400.0,200.0,968.498607
-1360.0,200.0,929.284669
-1320.0,200.0,891.15804
-1280.0,200.0,854.095325
-1240.0,200.0,818.072412
-1200.0,200.0,783.069243
-1160.0,200.0,749.062859
-1120.0,200.0,716.03391
-1080.0,200.0,683.96114
-1040.0,200.0,652.82557
-1000.0,200.0,622.608598
-960.0,200.0,593.291953
-920.0,200.0,564.858055
-880.0,200.0,537.289913
-840.0,200.0,510.570489
-800.0,200.0,484.684741
-760.0,200.0,459.617044
-720.0,200.0,435.352558
-680.0,200.0,411.877088
-640.0,200.0,389.177186
-600.0,200.0,367.239527
-560.0,200.0,346.05141
-520.0,200.0,325.600993
-480.0,200.0,305.876753
-440.0,200.0,286.867685
-400.0,200.0,268.563341
-360.0,200.0,250.954023
-320.0,200.0,234.030503
-280.0,200.0,217.783964
-240.0,200.0,202.206634
-200.0,200.0,187.291049
-160.0,200.0,173.030797
-120.0,200.0,159.420143
-80.0,200.0,146.454304
-40.0,200.0,134.129646
0.0,200.0,122.443699
40.0,200.0,111.39553
80.0,200.0,100.988258
120.0,200.0,91.231008
160.0,200.0,82.137999
200.0,200.0,73.727725
240.0,200.0,66.022463
280.0,200.0,59.04795
320.0,200.0,52.833586
360.0,200.0,47.411987
400.0,200.0,42.819074
440.0,200.0,39.092982
480.0,200.0,36.274328
520.0,200.0,34.404441
560.0,200.0,33.524208
600.0,200.0,33.67214
640.0,200.0,34.881827
680.0,200.0,37.178811
720.0,200.0,40.577419
760.0,200.0,45.079009
800.0,200.0,50.674116
840.0,200.0,57.227321
880.0,200.0,64.557537
920.0,200.0,72.624033
960.0,200.0,81.386026
1000.0,200.0,90.807617
1040.0,200.0,100.861342
1080.0,200.0,111.524642
1120.0,200.0,122.779859
1160.0,200.0,134.614099
1200.0,200.0,147.015931
1240.0,200.0,159.97461
1280.0,200.0,173.482801
1320.0,200.0,187.532973
1360.0,200.0,202.118023
1400.0,200.0,217.231174
1440.0,200.0,232.865832
1480.0,200.0,249.015476
1520.0,200.0,265.672746
1560.0,200.0,282.830232
1600.0,200.0,300.482124
1640.0,200.0,318.621505
1680.0,200.0,337.237769
1720.0,200.0,356.325155
1760.0,200.0,375.874867
-1760.0,240.0,
-1720.0,240.0,
-1680.0,240.0,
-1640.0,240.0,
-1600.0,240.0,
-1560.0,240.0,
-1520.0,240.0,
-1480.0,240.0,
-1440.0,240.0,808.817914
-1400.0,240.0,777.939531
-1360.0,240.0,747.810336
-1320.0,240.0,718.419533
-1280.0,240.0,689.75516
-1240.0,240.0,661.808133
-1200.0,240.0,634.568121
-1160.0,240.0,608.025096
-1120.0,240.0,582.169307
-1080.0,240.0,556.99126
-1040.0,240.0,532.481053
-1000.0,240.0,508.629939
-960.0,240.0,485.429406
-920.0,240.0,462.869785
-880.0,240.0,440.943559
-840.0,240.0,419.6415
-800.0,240.0,398.956354
-760.0,240.0,378.880084
-720.0,240.0,359.404706
-680.0,240.0,340.523309
-640.0,240.0,322.228767
-600.0,240.0,304.514244
-560.0,240.0,287.373196
-520.0,240.0,270.799361
-480.0,240.0,254.786597
-440.0,240.0,239.329365
-400.0,240.0,224.422362
-360.0,240.0,210.060392
-320.0,240.0,196.238866
-280.0,240.0,182.953451
-240.0,240.0,170.200313
-200.0,240.0,157.975958
-160.0,240.0,146.277591
-120.0,240.0,135.1029
-80.0,240.0,124.450235
-40.0,240.0,114.31874
0.0,240.0,104.7084
40.0,240.0,95.620247
80.0,240.0,87.058474
120.0,240.0,79.032151
160.0,240.0,71.554616
200.0,240.0,64.642736
240.0,240.0,58.316277
280.0,240.0,52.597514
320.0,240.0,47.511162
360.0,240.0,43.084198
400.0,240.0,39.345227
440.0,240.0,36.324754
480.0,240.0,34.053891
520.0,240.0,32.56398
560.0,240.0,31.885673
600.0,240.0,32.047238
640.0,240.0,33.072976
680.0,240.0,34.982279
720.0,240.0,37.788004
760.0,240.0,41.496684
800.0,240.0,46.110922
840.0,240.0,51.51299
880.0,240.0,57.543047
920.0,240.0,64.178721
960.0,240.0,71.395885
1000.0,240.0,79.171256
1040.0,240.0,87.48434
1080.0,240.0,96.316771
1120.0,240.0,105.655892
1160.0,240.0,115.488978
1200.0,240.0,125.807217
1240.0,240.0,136.601687
1280.0,240.0,147.86682
1320.0,240.0,159.594084
1360.0,240.0,171.779953
1400.0,240.0,184.419064
1440.0,240.0,197.505271
1480.0,240.0,211.034114
1520.0,240.0,225.001309
1560.0,240.0,239.401946
1600.0,240.0,254.231061
1640.0,240.0,269.483604
1680.0,240.0,285.154406
1720.0,240.0,301.23816
1760.0,240.0,317.729401
-1760.0,280.0,
-1720.0,280.0,
-1680.0,280.0,
-1640.0,280.0,
-1600.0,280.0,
-1560.0,280.0,
-1520.0,280.0,
-1480.0,280.0,
-1440.0,280.0,679.33955
-1400.0,280.0,654.138692
-1360.0,280.0,629.50303
-1320.0,280.0,605.426898
-1280.0,280.0,581.904724
-1240.0,280.0,558.930687
-1200.0,280.0,536.498939
-1160.0,280.0,514.604814
-1120.0,280.0,493.242683
-1080.0,280.0,472.406606
-1040.0,280.0,452.092294
-1000.0,280.0,432.29367
-960.0,280.0,413.00625
-920.0,280.0,394.225154
-880.0,280.0,375.944943
-840.0,280.0,358.161224
-800.0,280.0,340.869423
-760.0,280.0,324.064986
-720.0,280.0,307.74352
-680.0,280.0,291.90079
-640.0,280.0,276.532722
-600.0,280.0,261.635398
-560.0,280.0,247.204968
-520.0,280.0,233.237776
-480.0,280.0,219.730615
-440.0,280.0,206.680181
-400.0,280.0,194.083368
-360.0,280.0,181.937605
-320.0,280.0,170.24017
-280.0,280.0,158.98899
-240.0,280.0,148.182111
-200.0,280.0,137.817903
-160.0,280.0,127.895284
-120.0,280.0,118.413528
-80.0,280.0,109.372415
-40.0,280.0,100.772285
0.0,280.0,92.614068
40.0,280.0,84.899488
80.0,280.0,77.632784
120.0,280.0,70.822309
160.0,280.0,64.480071
200.0,280.0,58.621062
240.0,280.0,53.262696
280.0,280.0,48.424334
320.0,280.0,44.127102
360.0,280.0,40.393707
400.0,280.0,37.247736
440.0,280.0,34.714055
480.0,280.0,32.81745
520.0,280.0,31.583052
560.0,280.0,31.034364
600.0,280.0,31.193893
640.0,280.0,32.081272
680.0,280.0,33.712584
720.0,280.0,36.100886
760.0,280.0,39.256472
800.0,280.0,43.188671
840.0,280.0,47.789684
880.0,280.0,52.911152
920.0,280.0,58.541974
960.0,280.0,64.667775
1000.0,280.0,71.273313
1040.0,280.0,78.344114
1080.0,280.0,85.867274
1120.0,280.0,93.830913
1160.0,280.0,102.225923
1200.0,280.0,111.044579
1240.0,280.0,120.279427
1280.0,280.0,129.924213
1320.0,280.0,139.975013
1360.0,280.0,150.424742
1400.0,280.0,161.27196
1440.0,280.0,172.509633
1480.0,280.0,184.136628
1520.0,280.0,196.14765
1560.0,280.0,208.539256
1600.0,280.0,221.308812
1640.0,280.0,234.451953
1680.0,280.0,247.963949
1720.0,280.0,261.842362
1760.0,280.0,276.083132
-1760.0,320.0,
-1720.0,320.0,
-1680.0,320.0,
-1640.0,320.0,
-1600.0,320.0,
-1560.0,320.0,
-1520.0,320.0,
-1480.0,320.0,
-1440.0,320.0,588.084537
-1400.0,320.0,566.708156
-1360.0,320.0,545.787704
-1320.0,320.0,525.320009
-1280.0,320.0,505.300625
-1240.0,320.0,485.727087
-1200.0,320.0,466.595615
-1160.0,320.0,447.90319
-1120.0,320.0,429.645964
-1080.0,320.0,411.821419
-1040.0,320.0,394.425794
-1000.0,320.0,377.455826
-960.0,320.0,360.908727
-920.0,320.0,344.781335
-880.0,320.0,329.070582
-840.0,320.0,313.773492
-800.0,320.0,298.887182
-760.0,320.0,284.408863
-720.0,320.0,270.335839
-680.0,320.0,256.665504
-640.0,320.0,243.39535
-600.0,320.0,230.522655
-560.0,320.0,218.045461
-520.0,320.0,205.961599
-480.0,320.0,194.268681
-440.0,320.0,182.965197
-400.0,320.0,172.049128
-360.0,320.0,161.519163
-320.0,320.0,151.37369
-280.0,320.0,141.611786
-240.0,320.0,132.232528
-200.0,320.0,123.235221
-160.0,320.0,114.619674
-120.0,320.0,106.385941
-80.0,320.0,98.534465
-40.0,320.0,91.0661
0.0,320.0,83.982134
40.0,320.0,77.284407
80.0,320.0,70.976873
120.0,320.0,65.066982
160.0,320.0,59.565356
200.0,320.0,54.485237
240.0,320.0,49.841969
280.0,320.0,45.652481
320.0,320.0,41.935144
360.0,320.0,38.709415
400.0,320.0,35.99533
440.0,320.0,33.813629
480.0,320.0,32.185095
520.0,320.0,31.130149
560.0,320.0,30.66861
600.0,320.0,30.819024
640.0,320.0,31.598101
680.0,320.0,33.021229
720.0,320.0,35.101705
760.0,320.0,37.851955
800.0,320.0,41.285401
840.0,320.0,45.300449
880.0,320.0,49.755994
920.0,320.0,54.647083
960.0,320.0,59.965645
1000.0,320.0,65.702019
1040.0,320.0,71.846218
1080.0,320.0,78.388717
1120.0,320.0,85.320855
1160.0,320.0,92.634971
1200.0,320.0,100.324386
1240.0,320.0,108.383309
1280.0,320.0,116.806716
1320.0,320.0,125.589018
1360.0,320.0,134.727106
1400.0,320.0,144.217696
1440.0,320.0,154.05597
1480.0,320.0,164.239939
1520.0,320.0,174.766373
1560.0,320.0,185.631705
1600.0,320.0,196.834065
1640.0,320.0,208.369667
1680.0,320.0,220.236094
1720.0,320.0,232.43129
1760.0,320.0,244.949893
-1760.0,360.0,
-1720.0,360.0,
-1680.0,360.0,
-1640.0,360.0,
-1600.0,360.0,
-1560.0,360.0,
-1520.0,360.0,
-1480.0,360.0,
-1440.0,360.0,520.101092
-1400.0,360.0,501.495898
-1360.0,360.0,483.272835
-1320.0,360.0,465.431556
-1280.0,360.0,447.968113
-1240.0,360.0,430.881674
-1200.0,360.0,414.169828
-1160.0,360.0,397.829575
-1120.0,360.0,381.859575
-1080.0,360.0,366.257576
-1040.0,360.0,351.021383
-1000.0,360.0,336.148857
-960.0,360.0,321.637915
-920.0,360.0,307.48653
-880.0,360.0,293.692728
-840.0,360.0,280.254592
-800.0,360.0,267.170258
-760.0,360.0,254.437919
-720.0,360.0,242.055826
-680.0,360.0,230.022057
-640.0,360.0,218.335111
-600.0,360.0,206.993599
-560.0,360.0,195.995786
-520.0,360.0,185.340505
-480.0,360.0,175.026442
-440.0,360.0,165.052463
-400.0,360.0,155.417554
-360.0,360.0,146.120958
-320.0,360.0,137.161799
-280.0,360.0,128.539745
-240.0,360.0,120.254473
-200.0,360.0,112.305814
-160.0,360.0,104.694005
-120.0,360.0,97.419503
-80.0,360.0,90.483042
-40.0,360.0,83.885661
0.0,360.0,77.628705
40.0,360.0,71.713921
80.0,360.0,66.144833
120.0,360.0,60.928002
160.0,360.0,56.072778
200.0,360.0,51.590845
240.0,360.0,47.49576
280.0,360.0,43.802432
320.0,360.0,40.527087
360.0,360.0,37.686697
400.0,360.0,35.298674
440.0,360.0,33.380876
480.0,360.0,31.951298
520.0,360.0,31.027243
560.0,360.0,30.626223
600.0,360.0,30.764084
640.0,360.0,31.456712
680.0,360.0,32.718239
720.0,360.0,34.562874
760.0,360.0,37.004864
800.0,360.0,40.059005
840.0,360.0,43.628394
880.0,360.0,47.57706
920.0,360.0,51.903627
960.0,360.0,56.603862
1000.0,360.0,61.671907
1040.0,360.0,67.101327
1080.0,360.0,72.885323
1120.0,360.0,79.017359
1160.0,360.0,85.491387
1200.0,360.0,92.301938
1240.0,360.0,99.444126
1280.0,360.0,106.913612
1320.0,360.0,114.706088
1360.0,360.0,122.818158
1400.0,360.0,131.246925
1440.0,360.0,139.989587
1480.0,360.0,149.04347
1520.0,360.0,158.404646
1560.0,360.0,168.072268
1600.0,360.0,178.043974
1640.0,360.0,188.315608
1680.0,360.0,198.887294
1720.0,360.0,209.754644
1760.0,360.0,220.917028
-1720.0,400.0,
-1680.0,400.0,
-1640.0,400.0,
-1600.0,400.0,
-1560.0,400.0,
-1520.0,400.0,
-1480.0,400.0,
-1440.0,400.0,467.438062
-1400.0,400.0,450.9408
-1360.0,400.0,434.77535
-1320.0,400.0,418.939288
-1280.0,400.0,403.431627
-1240.0,400.0,388.251069
-1200.0,400.0,373.396024
-1160.0,400.0,358.86494
-1120.0,400.0,344.656274
-1080.0,400.0,330.768481
-1040.0,400.0,317.200298
-1000.0,400.0,303.95028
-960.0,400.0,291.016848
-920.0,400.0,278.398735
-880.0,400.0,266.094621
-840.0,400.0,254.103215
-800.0,400.0,242.423259
-760.0,400.0,231.05341
-720.0,400.0,219.992323
-680.0,400.0,209.2392
-640.0,400.0,198.792792
-600.0,400.0,188.652013
-560.0,400.0,178.816176
-520.0,400.0,169.284085
-480.0,400.0,160.055316
-440.0,400.0,151.12895
-400.0,400.0,142.504582
-360.0,400.0,134.181804
-320.0,400.0,126.160153
-280.0,400.0,118.439651
-240.0,400.0,111.020308
-200.0,400.0,103.9023
-160.0,400.0,97.085996
-120.0,400.0,90.57207
-80.0,400.0,84.361357
-40.0,400.0,78.454909
0.0,400.0,72.853992
40.0,400.0,67.560159
80.0,400.0,62.576482
120.0,400.0,57.908706
160.0,400.0,53.565058
200.0,400.0,49.555871
240.0,400.0,45.893137
280.0,400.0,42.590213
320.0,400.0,39.661505
360.0,400.0,37.1221
400.0,400.0,34.98744
440.0,400.0,33.273353
480.0,400.0,31.995804
520.0,400.0,31.170232
560.0,400.0,30.812285
600.0,400.0,30.936771
640.0,400.0,31.55839
680.0,400.0,32.691306
720.0,400.0,34.350158
760.0,400.0,36.549536
800.0,400.0,39.306377
840.0,400.0,42.526433
880.0,400.0,46.077469
920.0,400.0,49.960503
960.0,400.0,54.173986
1000.0,400.0,58.714407
1040.0,400.0,63.577601
1080.0,400.0,68.759073
1120.0,400.0,74.254017
1160.0,400.0,80.057774
1200.0,400.0,86.165961
1240.0,400.0,92.57454
1280.0,400.0,99.279829
1320.0,400.0,106.27849
1360.0,400.0,113.5675
1400.0,400.0,121.144112
1440.0,400.0,129.005821
1480.0,400.0,137.150328
1520.0,400.0,145.575211
1560.0,400.0,154.277838
1600.0,400.0,163.257014
1640.0,400.0,172.510941
1680.0,400.0,182.037257
1720.0,400.0,191.833356
-1720.0,440.0,
-1680.0,440.0,
-1640.0,440.0,
-1600.0,440.0,
-1560.0,440.0,
-1520.0,440.0,
-1480.0,440.0,
-1440.0,440.0,
-1400.0,440.0,410.606837
-1360.0,440.0,396.066309
-1320.0,440.0,381.817372
-1280.0,440.0,367.858632
-1240.0,440.0,354.189315
-1200.0,440.0,340.808452
-1160.0,440.0,327.714974
-1120.0,440.0,314.907827
-1080.0,440.0,302.385977
-1040.0,440.0,290.148405
-1000.0,440.0,278.193918
-960.0,440.0,266.521601
-920.0,440.0,255.130613
-880.0,440.0,244.02003
-840.0,440.0,233.188948
-800.0,440.0,222.636045
-760.0,440.0,212.360942
-720.0,440.0,202.362817
-680.0,440.0,192.640483
-640.0,440.0,183.193738
-600.0,440.0,174.021516
-560.0,440.0,165.12355
-520.0,440.0,156.499008
-480.0,440.0,148.147752
-440.0,440.0,140.069103
-400.0,440.0,132.263016
-360.0,440.0,124.729327
-320.0,440.0,117.467791
-280.0,440.0,110.478649
-240.0,440.0,103.7621
-200.0,440.0,97.318489
-160.0,440.0,91.148292
-120.0,440.0,85.252177
-80.0,440.0,79.63101
-40.0,440.0,74.285773
0.0,440.0,69.217592
40.0,440.0,64.427787
80.0,440.0,59.918999
120.0,440.0,55.696253
160.0,440.0,51.766803
200.0,440.0,48.139804
240.0,440.0,44.825977
280.0,440.0,41.83736
320.0,440.0,39.186888
360.0,440.0,36.888177
400.0,440.0,34.955163
440.0,440.0,33.402239
480.0,440.0,32.243906
520.0,440.0,31.494366
560.0,440.0,31.168047
600.0,440.0,31.279133
640.0,440.0,31.841532
680.0,440.0,32.869757
720.0,440.0,34.378101
760.0,440.0,36.382463
800.0,440.0,38.899666
840.0,440.0,41.838457
880.0,440.0,45.070338
920.0,440.0,48.596548
960.0,440.0,52.417575
1000.0,440.0,56.532022
1040.0,440.0,60.937161
1080.0,440.0,65.629728
1120.0,440.0,70.606654
1160.0,440.0,75.864446
1200.0,440.0,81.399679
1240.0,440.0,87.20909
1280.0,440.0,93.28962
1320.0,440.0,99.638433
1360.0,440.0,106.252909
1400.0,440.0,113.130645
1440.0,440.0,120.269406
1480.0,440.0,127.667131
1520.0,440.0,135.3219
1560.0,440.0,143.231913
1600.0,440.0,151.395472
1640.0,440.0,159.810963
1680.0,440.0,168.47684
1720.0,440.0,177.391309
-1720.0,480.0,
-1680.0,480.0,
-1640.0,480.0,
-1600.0,480.0,
-1560.0,480.0,
-1520.0,480.0,
-1480.0,480.0,
-1440.0,480.0,
-1400.0,480.0,377.704222
-1360.0,480.0,364.482738
-1320.0,480.0,351.522894
-1280.0,480.0,338.823914
-1240.0,480.0,326.385029
-1200.0,480.0,314.205481
-1160.0,480.0,302.284519
-1120.0,480.0,290.621402
-1080.0,480.0,279.215395
-1040.0,480.0,268.065427
-1000.0,480.0,257.171085
-960.0,480.0,246.531721
-920.0,480.0,236.146657
-880.0,480.0,226.014901
-840.0,480.0,216.135983
-800.0,480.0,206.509486
-760.0,480.0,197.13439
-720.0,480.0,188.010492
-680.0,480.0,179.137134
-640.0,480.0,170.513838
-600.0,480.0,162.140221
-560.0,480.0,154.015907
-520.0,480.0,146.140515
-480.0,480.0,138.513993
-440.0,480.0,131.135869
-400.0,480.0,124.006295
-360.0,480.0,117.125259
-320.0,480.0,110.492715
-280.0,480.0,104.108935
-240.0,480.0,97.974255
-200.0,480.0,92.089085
-160.0,480.0,86.453957
-120.0,480.0,81.069518
-80.0,480.0,75.936514
-40.0,480.0,71.055859
0.0,480.0,66.42851
40.0,480.0,62.055555
80.0,480.0,57.939243
120.0,480.0,54.083972
160.0,480.0,50.496137
200.0,480.0,47.183934
240.0,480.0,44.157051
280.0,480.0,41.426344
320.0,480.0,39.003586
360.0,480.0,36.901226
400.0,480.0,35.13202
440.0,480.0,33.709339
480.0,480.0,32.646616
520.0,480.0,31.957184
560.0,480.0,31.65469
600.0,480.0,31.752914
640.0,480.0,32.265274
680.0,480.0,33.206421
720.0,480.0,34.590735
760.0,480.0,36.434449
800.0,480.0,38.754397
840.0,480.0,41.462288
880.0,480.0,44.431588
920.0,480.0,47.665333
960.0,480.0,51.164308
1000.0,480.0,54.927931
1040.0,480.0,58.955383
1080.0,480.0,63.244694
1120.0,480.0,67.792933
1160.0,480.0,72.598156
1200.0,480.0,77.65776
1240.0,480.0,82.969165
1280.0,480.0,88.529885
1320.0,480.0,94.337137
1360.0,480.0,100.389148
1400.0,480.0,106.683855
1440.0,480.0,113.219323
1480.0,480.0,119.99374
1520.0,480.0,127.005406
1560.0,480.0,134.252718
1600.0,480.0,141.734159
1640.0,480.0,149.448284
1680.0,480.0,157.393706
1720.0,480.0,165.56871
-1720.0,520.0,
-1680.0,520.0,
-1640.0,520.0,
-1600.0,520.0,
-1560.0,520.0,
-1520.0,520.0,
-1480.0,520.0,
-1440.0,520.0,
-1400.0,520.0,350.384687
-1360.0,520.0,338.25734
-1320.0,520.0,326.36752
-1280.0,520.0,314.714678
-1240.0,520.0,303.29827
-1200.0,520.0,292.117752
-1160.0,520.0,281.172584
-1120.0,520.0,270.462085
-1080.0,520.0,259.98555
-1040.0,520.0,249.742772
-1000.0,520.0,239.733239
-960.0,520.0,229.956265
-920.0,520.0,220.411167
-880.0,520.0,211.097882
-840.0,520.0,202.015657
-800.0,520.0,193.164066
-760.0,520.0,184.542937
-720.0,520.0,176.151465
-680.0,520.0,167.989793
-640.0,520.0,160.057145
-600.0,520.0,152.353649
-560.0,520.0,144.878846
-520.0,520.0,137.632649
-480.0,520.0,130.615066
-440.0,520.0,123.825783
-400.0,520.0,117.265036
-360.0,520.0,110.932921
-320.0,520.0,104.829543
-280.0,520.0,98.955122
-240.0,520.0,93.310087
-200.0,520.0,87.894863
-160.0,520.0,82.709968
-120.0,520.0,77.756004
-80.0,520.0,73.033653
-40.0,520.0,68.543661
0.0,520.0,64.286817
40.0,520.0,60.263989
80.0,520.0,56.477078
120.0,520.0,52.929946
160.0,520.0,49.628311
200.0,520.0,46.579538
240.0,520.0,43.792389
280.0,520.0,41.276773
320.0,520.0,39.043505
360.0,520.0,37.104049
400.0,520.0,35.470357
440.0,520.0,34.154926
480.0,520.0,33.170428
520.0,520.0,32.52956
560.0,520.0,32.245474
600.0,520.0,32.331588
640.0,520.0,32.801206
680.0,520.0,33.668779
720.0,520.0,34.949019
760.0,520.0,36.657857
800.0,520.0,38.81267
840.0,520.0,41.326775
880.0,520.0,44.077174
920.0,520.0,47.066596
960.0,520.0,50.296311
1000.0,520.0,53.767256
1040.0,520.0,57.478394
1080.0,520.0,61.429056
1120.0,520.0,65.61791
1160.0,520.0,70.042682
1200.0,520.0,74.701643
1240.0,520.0,79.593052
1280.0,520.0,84.714929
1320.0,520.0,90.06515
1360.0,520.0,95.641651
1400.0,520.0,101.443069
1440.0,520.0,107.46773
1480.0,520.0,113.71405
1520.0,520.0,120.180525
1560.0,520.0,126.865731
1600.0,520.0,133.768306
1640.0,520.0,140.88695
1680.0,520.0,148.220413
1720.0,520.0,155.767485
-1680.0,560.0,
-1640.0,560.0,
-1600.0,560.0,
-1560.0,560.0,
-1520.0,560.0,
-1480.0,560.0,
-1440.0,560.0,
-1400.0,560.0,
-1360.0,560.0,316.168282
-1320.0,560.0,305.181729
-1280.0,560.0,294.412531
-1240.0,560.0,283.860291
-1200.0,560.0,273.524609
-1160.0,560.0,263.404663
-1120.0,560.0,253.500391
-1080.0,560.0,243.8115
-1040.0,560.0,234.337604
-1000.0,560.0,225.07771
-960.0,560.0,216.032101
-920.0,560.0,207.200299
-880.0,560.0,198.581554
-840.0,560.0,190.176107
-800.0,560.0,181.983111
-760.0,560.0,174.002741
-720.0,560.0,166.234365
-680.0,560.0,158.67812
-640.0,560.0,151.333414
-600.0,560.0,144.200492
-560.0,560.0,137.278934
-520.0,560.0,130.568826
-480.0,560.0,124.07022
-440.0,560.0,117.782935
-400.0,560.0,111.707207
-360.0,560.0,105.843219
-320.0,560.0,100.191172
-280.0,560.0,94.751236
-240.0,560.0,89.523853
-200.0,560.0,84.509452
-160.0,560.0,79.708508
-120.0,560.0,75.121556
-80.0,560.0,70.749181
-40.0,560.0,66.592
0.0,560.0,62.650641
40.0,560.0,58.925775
80.0,560.0,55.419001
120.0,560.0,52.133723
160.0,560.0,49.075064
200.0,560.0,46.249687
240.0,560.0,43.66559
280.0,560.0,41.331885
320.0,560.0,39.258595
360.0,560.0,37.456353
400.0,560.0,35.936533
440.0,560.0,34.710905
480.0,560.0,33.791569
520.0,560.0,33.190733
560.0,560.0,32.921233
600.0,560.0,32.996198
640.0,560.0,33.42885
680.0,560.0,34.23348
720.0,560.0,35.424974
760.0,560.0,37.018964
800.0,560.0,39.033101
840.0,560.0,41.382359
880.0,560.0,43.947058
920.0,560.0,46.729128
960.0,560.0,49.731148
1000.0,560.0,52.953443
1040.0,560.0,56.39653
1080.0,560.0,60.060017
1120.0,560.0,63.942517
1160.0,560.0,68.043479
1200.0,560.0,72.361358
1240.0,560.0,76.894161
1280.0,560.0,81.640959
1320.0,560.0,86.600202
1360.0,560.0,91.770161
1400.0,560.0,97.149045
1440.0,560.0,102.73592
1480.0,560.0,108.529418
1520.0,560.0,114.528227
1560.0,560.0,120.731088
1600.0,560.0,127.136794
1640.0,560.0,133.744183
1680.0,560.0,140.552125
-1680.0,600.0,
-1640.0,600.0,
-1600.0,600.0,
-1560.0,600.0,
-1520.0,600.0,
-1480.0,600.0,
-1440.0,600.0,
-1400.0,600.0,
-1360.0,600.0,297.342198
-1320.0,600.0,287.129084
-1280.0,600.0,277.116878
-1240.0,600.0,267.305069
-1200.0,600.0,257.693213
-1160.0,600.0,248.281386
-1120.0,600.0,239.069294
-1080.0,600.0,230.056182
-1040.0,600.0,221.242049
-1000.0,600.0,212.626824
-960.0,600.0,204.209628
-920.0,600.0,195.990764
-880.0,600.0,187.969709
-840.0,600.0,180.146274
-800.0,600.0,172.520309
-760.0,600.0,165.09153
-720.0,600.0,157.859828
-680.0,600.0,150.825115
-640.0,600.0,143.987098
-600.0,600.0,137.345988
-560.0,600.0,130.901447
-520.0,600.0,124.653642
-480.0,600.0,118.602673
-440.0,600.0,112.748467
-400.0,600.0,107.091204
-360.0,600.0,101.631139
-320.0,600.0,96.368492
-280.0,600.0,91.303517
-240.0,600.0,86.436484
-200.0,600.0,81.767863
-160.0,600.0,77.298076
-120.0,600.0,73.027581
-80.0,600.0,68.956865
-40.0,600.0,65.086421
0.0,600.0,61.416732
40.0,600.0,57.948295
80.0,600.0,54.682453
120.0,600.0,51.62222
160.0,600.0,48.772215
200.0,600.0,46.138511
240.0,600.0,43.728459
280.0,600.0,41.550506
320.0,600.0,39.613953
360.0,600.0,37.928893
400.0,600.0,36.506101
440.0,600.0,35.356796
480.0,600.0,34.492626
520.0,600.0,33.9254
560.0,600.0,33.667752
600.0,600.0,33.732561
640.0,600.0,34.132951
680.0,600.0,34.883094
720.0,600.0,35.997919
760.0,600.0,37.492776
800.0,600.0,39.385198
840.0,600.0,41.592495
880.0,600.0,43.997158
920.0,600.0,46.601572
960.0,600.0,49.40793
1000.0,600.0,52.417147
1040.0,600.0,55.630199
1080.0,600.0,59.046432
1120.0,600.0,62.666172
1160.0,600.0,66.488131
1200.0,600.0,70.511568
1240.0,600.0,74.735717
1280.0,600.0,79.158759
1320.0,600.0,83.779823
1360.0,600.0,88.597911
1400.0,600.0,93.611737
1440.0,600.0,98.819416
1480.0,600.0,104.220492
1520.0,600.0,109.813834
1560.0,600.0,115.598344
1600.0,600.0,121.572961
1640.0,600.0,127.736408
1680.0,600.0,134.087694
-1680.0,640.0,
-1640.0,640.0,
-1600.0,640.0,
-1560.0,640.0,
-1520.0,640.0,
-1480.0,640.0,
-1440.0,640.0,
-1400.0,640.0,
-1360.0,640.0,
-1320.0,640.0,271.594719
-1280.0,640.0,262.238123
-1240.0,640.0,253.068186
-1200.0,640.0,244.084715
-1160.0,640.0,235.287211
-1120.0,640.0,226.675303
-1080.0,640.0,218.249233
-1040.0,640.0,210.008351
-1000.0,640.0,201.952602
-960.0,640.0,194.081962
-920.0,640.0,186.395792
-880.0,640.0,178.8945
-840.0,640.0,171.577284
-800.0,640.0,164.44462
-760.0,640.0,157.495869
-720.0,640.0,150.731305
-680.0,640.0,144.150683
-640.0,640.0,137.753909
-600.0,640.0,131.541171
-560.0,640.0,125.512208
-520.0,640.0,119.667206
-480.0,640.0,114.006307
-440.0,640.0,108.529538
-400.0,640.0,103.236978
-360.0,640.0,98.128947
-320.0,640.0,93.205667
-280.0,640.0,88.467398
-240.0,640.0,83.914416
-200.0,640.0,79.547027
-160.0,640.0,75.365661
-120.0,640.0,71.3707
-80.0,640.0,67.562534
-40.0,640.0,63.941544
0.0,640.0,60.508087
40.0,640.0,57.262507
80.0,640.0,54.205929
120.0,640.0,51.341041
160.0,640.0,48.672037
200.0,640.0,46.20449
240.0,640.0,43.945205
280.0,640.0,41.902027
320.0,640.0,40.08372
360.0,640.0,38.499912
400.0,640.0,37.160832
440.0,640.0,36.077263
480.0,640.0,35.260431
520.0,640.0,34.72195
560.0,640.0,34.474173
600.0,640.0,34.529793
640.0,640.0,34.90181
680.0,640.0,35.604305
720.0,640.0,36.652095
760.0,640.0,38.060421
800.0,640.0,39.846457
840.0,640.0,41.92983
880.0,640.0,44.195232
920.0,640.0,46.645357
960.0,640.0,49.281815
1000.0,640.0,52.106412
1040.0,640.0,55.119454
1080.0,640.0,58.321678
1120.0,640.0,61.712755
1160.0,640.0,65.292329
1200.0,640.0,69.060193
1240.0,640.0,73.014726
1280.0,640.0,77.155915
1320.0,640.0,81.482623
1360.0,640.0,85.993301
1400.0,640.0,90.687662
1440.0,640.0,95.564711
1480.0,640.0,100.622783
1520.0,640.0,105.861343
1560.0,640.0,111.279648
1600.0,640.0,116.876772
1640.0,640.0,122.651811
1680.0,640.0,128.603204
-1640.0,680.0,
-1600.0,680.0,
-1560.0,680.0,
-1520.0,680.0,
-1480.0,680.0,
-1440.0,680.0,
-1400.0,680.0,
-1360.0,680.0,
-1320.0,680.0,258.114965
-1280.0,680.0,249.332938
-1240.0,680.0,240.725509
-1200.0,680.0,232.291854
-1160.0,680.0,224.032554
-1120.0,680.0,215.94721
-1080.0,680.0,208.035329
-1040.0,680.0,200.297345
-1000.0,680.0,192.732409
-960.0,680.0,185.341012
-920.0,680.0,178.122531
-880.0,680.0,171.077254
-840.0,680.0,164.204669
-800.0,680.0,157.50515
-760.0,680.0,150.978059
-720.0,680.0,144.62386
-680.0,680.0,138.442239
-640.0,680.0,132.433213
-600.0,680.0,126.596965
-560.0,680.0,120.933316
-520.0,680.0,115.442408
-480.0,680.0,110.124432
-440.0,680.0,104.9795
-400.0,680.0,100.007584
-360.0,680.0,95.20904
-320.0,680.0,90.584087
-280.0,680.0,86.132964
-240.0,680.0,81.855938
-200.0,680.0,77.75329
-160.0,680.0,73.825272
-120.0,680.0,70.072262
-80.0,680.0,66.494561
-40.0,680.0,63.092452
0.0,680.0,59.866177
40.0,680.0,56.815957
80.0,680.0,53.942729
120.0,680.0,51.248911
160.0,680.0,48.738335
200.0,680.0,46.416151
240.0,680.0,44.288656
280.0,680.0,42.363252
320.0,680.0,40.648286
360.0,680.0,39.152874
400.0,680.0,37.886826
440.0,680.0,36.860555
480.0,680.0,36.084896
520.0,680.0,35.571357
560.0,680.0,35.331997
600.0,680.0,35.379342
640.0,680.0,35.72624
680.0,680.0,36.386699
720.0,680.0,37.375356
760.0,680.0,38.707322
800.0,680.0,40.399405
840.0,680.0,42.373449
880.0,680.0,44.516411
920.0,680.0,46.831084
960.0,680.0,49.318746
1000.0,680.0,51.981494
1040.0,680.0,54.819621
1080.0,680.0,57.834297
1120.0,680.0,61.02497
1160.0,680.0,64.392364
1200.0,680.0,67.935209
1240.0,680.0,71.65383
1280.0,680.0,75.547208
1320.0,680.0,79.614534
1360.0,680.0,83.855569
1400.0,680.0,88.268813
1440.0,680.0,92.853784
1480.0,680.0,97.609967
1520.0,680.0,102.53617
1560.0,680.0,107.631336
1600.0,680.0,112.895235
1640.0,680.0,118.32708
-1640.0,720.0,
-1600.0,720.0,
-1560.0,720.0,
-1520.0,720.0,
-1480.0,720.0,
-1440.0,720.0,
-1400.0,720.0,
-1360.0,720.0,
-1320.0,720.0,
-1280.0,720.0,238.060626
-1240.0,720.0,229.949519
-1200.0,720.0,222.002453
-1160.0,720.0,214.218487
-1120.0,720.0,206.598335
-1080.0,720.0,199.141406
-1040.0,720.0,191.847732
-1000.0,720.0,184.717231
-960.0,720.0,177.749665
-920.0,720.0,170.945096
-880.0,720.0,164.303345
-840.0,720.0,157.824341
-800.0,720.0,151.508201
-760.0,720.0,145.354532
-720.0,720.0,139.36372
-680.0,720.0,133.535491
-640.0,720.0,127.86991
-600.0,720.0,122.367165
-560.0,720.0,117.02716
-520.0,720.0,111.849953
-480.0,720.0,106.835791
-440.0,720.0,101.984788
-400.0,720.0,97.297011
-360.0,720.0,92.772625
-320.0,720.0,88.411916
-280.0,720.0,84.215096
-240.0,720.0,80.182393
-200.0,720.0,76.314048
-160.0,720.0,72.610305
-120.0,720.0,69.071398
-80.0,720.0,65.697528
-40.0,720.0,62.48893
0.0,720.0,59.445751
40.0,720.0,56.568108
80.0,720.0,53.856781
120.0,720.0,51.313961
160.0,720.0,48.94315
200.0,720.0,46.749132
240.0,720.0,44.737871
280.0,720.0,42.916348
320.0,720.0,41.292472
360.0,720.0,39.874966
400.0,720.0,38.673272
440.0,720.0,37.697458
480.0,720.0,36.958055
520.0,720.0,36.466447
560.0,720.0,36.234423
600.0,720.0,36.274339
640.0,720.0,36.598871
680.0,720.0,37.221959
720.0,720.0,38.158023
760.0,720.0,39.42199
800.0,720.0,41.030344
840.0,720.0,42.907043
880.0,720.0,44.941365
920.0,720.0,47.13595
960.0,720.0,49.492215
1000.0,720.0,52.011827
1040.0,720.0,54.695697
1080.0,720.0,57.544447
1120.0,720.0,60.558515
1160.0,720.0,63.737896
1200.0,720.0,67.082481
1240.0,720.0,70.592146
1280.0,720.0,74.266046
1320.0,720.0,78.104385
1360.0,720.0,82.105611
1400.0,720.0,86.269883
1440.0,720.0,90.596505
1480.0,720.0,95.084025
1520.0,720.0,99.732627
1560.0,720.0,104.541627
1600.0,720.0,109.50933
1640.0,720.0,114.635973
-1600.0,760.0,
-1560.0,760.0,
-1520.0,760.0,
-1480.0,760.0,
-1440.0,760.0,
-1400.0,760.0,
-1360.0,760.0,
-1320.0,760.0,
-1280.0,760.0,228.155111
-1240.0,760.0,220.485909
-1200.0,760.0,212.971262
-1160.0,760.0,205.611131
-1120.0,760.0,198.405
-1080.0,760.0,191.353413
-1040.0,760.0,184.455516
-1000.0,760.0,177.712038
-960.0,760.0,171.122145
-920.0,760.0,164.686442
-880.0,760.0,158.404388
-840.0,760.0,152.276237
-800.0,760.0,146.301929
-760.0,760.0,140.48123
-720.0,760.0,134.814474
-680.0,760.0,129.30144
-640.0,760.0,123.942181
-600.0,760.0,118.73691
-560.0,760.0,113.685615
-520.0,760.0,108.788233
-480.0,760.0,104.045072
-440.0,760.0,99.456245
-400.0,760.0,95.021886
-360.0,760.0,90.742024
-320.0,760.0,86.616945
-280.0,760.0,82.646852
-240.0,760.0,78.831938
-200.0,760.0,75.172397
-160.0,760.0,71.668417
-120.0,760.0,68.320177
-80.0,760.0,65.127831
-40.0,760.0,62.091498
0.0,760.0,59.211246
40.0,760.0,56.487105
80.0,760.0,53.919728
120.0,760.0,51.511112
160.0,760.0,49.264525
200.0,760.0,47.184451
240.0,760.0,45.276494
280.0,760.0,43.547277
320.0,760.0,42.004349
360.0,760.0,40.656085
400.0,760.0,39.511606
440.0,760.0,38.580586
480.0,760.0,37.873505
520.0,760.0,37.401415
560.0,760.0,37.175911
600.0,760.0,37.209114
640.0,760.0,37.513687
680.0,760.0,38.103327
720.0,760.0,38.992268
760.0,760.0,40.195208
800.0,760.0,41.728353
840.0,760.0,43.517658
880.0,760.0,45.454815
920.0,760.0,47.542224
960.0,760.0,49.781377
1000.0,760.0,52.173581
1040.0,760.0,54.720198
1080.0,760.0,57.421386
1120.0,760.0,60.27836
1160.0,760.0,63.290447
1200.0,760.0,66.45865
1240.0,760.0,69.781869
1280.0,760.0,73.260736
1320.0,760.0,76.894197
1360.0,760.0,80.682242
1400.0,760.0,84.624388
1440.0,760.0,88.719601
1480.0,760.0,92.968109
1520.0,760.0,97.36866
1560.0,760.0,101.920856
1600.0,760.0,106.624552
-1600.0,800.0,
-1560.0,800.0,
-1520.0,800.0,
-1480.0,800.0,
-1440.0,800.0,
-1400.0,800.0,
-1360.0,800.0,
-1320.0,800.0,
-1280.0,800.0,
-1240.0,800.0,212.132165
-1200.0,800.0,205.005016
-1160.0,800.0,198.024406
-1120.0,800.0,191.18962
-1080.0,800.0,184.501085
-1040.0,800.0,177.958314
-1000.0,800.0,171.561694
-960.0,800.0,165.310676
-920.0,800.0,159.205805
-880.0,800.0,153.246423
-840.0,800.0,147.433023
-800.0,800.0,141.765426
-760.0,800.0,136.24349
-720.0,800.0,130.867522
-680.0,800.0,125.637362
-640.0,800.0,120.553007
-600.0,800.0,115.614705
-560.0,800.0,110.822513
-520.0,800.0,106.176282
-480.0,800.0,101.676323
-440.0,800.0,97.322763
-400.0,800.0,93.115726
-360.0,800.0,89.055333
-320.0,800.0,85.141628
-280.0,800.0,81.374891
-240.0,800.0,77.755275
-200.0,800.0,74.282933
-160.0,800.0,70.958004
-120.0,800.0,67.780611
-80.0,800.0,64.750849
-40.0,800.0,61.868771
0.0,800.0,59.134382
40.0,800.0,56.54764
80.0,800.0,54.109094
120.0,800.0,51.820578
160.0,800.0,49.685141
200.0,800.0,47.707003
240.0,800.0,45.89147
280.0,800.0,44.244857
320.0,800.0,42.774392
360.0,800.0,41.488143
400.0,800.0,40.394869
440.0,800.0,39.50408
480.0,800.0,38.82602
520.0,800.0,38.371485
560.0,800.0,38.151877
600.0,800.0,38.179063
640.0,800.0,38.465705
680.0,800.0,39.025231
720.0,800.0,39.871671
760.0,800.0,41.019469
800.0,800.0,42.484585
840.0,800.0,44.194879
880.0,800.0,46.044506
920.0,800.0,48.035568
960.0,800.0,50.169594
1000.0,800.0,52.447591
1040.0,800.0,54.871131
1080.0,800.0,57.440309
1120.0,800.0,60.156307
1160.0,800.0,63.018945
1200.0,800.0,66.028769
1240.0,800.0,69.185419
1280.0,800.0,72.489148
1320.0,800.0,75.939249
1360.0,800.0,79.536095
1400.0,800.0,83.278364
1440.0,800.0,87.166673
1480.0,800.0,91.199742
1520.0,800.0,95.377533
1560.0,800.0,99.699865
1600.0,800.0,104.165141
-1560.0,840.0,
-1520.0,840.0,
-1480.0,840.0,
-1440.0,840.0,
-1400.0,840.0,
-1360.0,840.0,
-1320.0,840.0,
-1280.0,840.0,
-1240.0,840.0,
-1200.0,840.0,197.947739
-1160.0,840.0,191.309036
-1120.0,840.0,184.8092
-1080.0,840.0,178.447967
-1040.0,840.0,172.225464
-1000.0,840.0,166.141621
-960.0,840.0,160.196289
-920.0,840.0,154.389795
-880.0,840.0,148.721553
-840.0,840.0,143.192112
-800.0,840.0,137.801263
-760.0,840.0,132.5489
-720.0,840.0,127.435321
-680.0,840.0,122.460438
-640.0,840.0,117.624153
-600.0,840.0,112.926763
-560.0,840.0,108.368325
-520.0,840.0,103.948793
-480.0,840.0,99.668275
-440.0,840.0,95.526982
-400.0,840.0,91.525021
-360.0,840.0,87.662508
-320.0,840.0,83.939547
-280.0,840.0,80.356186
-240.0,840.0,76.912649
-200.0,840.0,73.609048
-160.0,840.0,70.445478
-120.0,840.0,67.422014
-80.0,840.0,64.538699
-40.0,840.0,61.795535
0.0,840.0,59.192472
40.0,840.0,56.729414
80.0,840.0,54.406821
120.0,840.0,52.226392
160.0,840.0,50.190989
200.0,840.0,48.304601
240.0,840.0,46.57228
280.0,840.0,45.000062
320.0,840.0,43.594896
360.0,840.0,42.364518
400.0,840.0,41.31746
440.0,840.0,40.463064
480.0,840.0,39.811275
520.0,840.0,39.372677
560.0,840.0,39.15848
600.0,840.0,39.180278
640.0,840.0,39.450743
680.0,840.0,39.98301
720.0,840.0,40.790874
760.0,840.0,41.888572
800.0,840.0,43.29178
840.0,840.0,44.930231
880.0,840.0,46.700465
920.0,840.0,48.60436
960.0,840.0,50.643406
1000.0,840.0,52.818381
1040.0,840.0,55.13088
1080.0,840.0,57.581222
1120.0,840.0,60.17023
1160.0,840.0,62.898293
1200.0,840.0,65.765417
1240.0,840.0,68.772082
1280.0,840.0,71.917753
1320.0,840.0,75.202862
1360.0,840.0,78.626675
1400.0,840.0,82.189356
1440.0,840.0,85.890367
1480.0,840.0,89.729288
1520.0,840.0,93.706236
1560.0,840.0,97.819801
-1560.0,880.0,
-1520.0,880.0,
-1480.0,880.0,
-1440.0,880.0,
-1400.0,880.0,
-1360.0,880.0,
-1320.0,880.0,
-1280.0,880.0,
-1240.0,880.0,
-1200.0,880.0,191.672596
-1160.0,880.0,185.343716
-1120.0,880.0,179.147407
-1080.0,880.0,173.082831
-1040.0,880.0,167.150611
-1000.0,880.0,161.350319
-960.0,880.0,155.682104
-920.0,880.0,150.146106
-880.0,880.0,144.741882
-840.0,880.0,139.469919
-800.0,880.0,134.330047
-760.0,880.0,129.32214
-720.0,880.0,124.446511
-680.0,880.0,119.70315
-640.0,880.0,115.091833
-600.0,880.0,110.612915
-560.0,880.0,106.266454
-520.0,880.0,102.052506
-480.0,880.0,97.970962
-440.0,880.0,94.022121
-400.0,880.0,90.206074
-360.0,880.0,86.522917
-320.0,880.0,82.972746
-280.0,880.0,79.555657
-240.0,880.0,76.271654
-200.0,880.0,73.120903
-160.0,880.0,70.103467
-120.0,880.0,67.21938
-80.0,880.0,64.468642
-40.0,880.0,61.851211
0.0,880.0,59.366994
40.0,880.0,57.015852
80.0,880.0,54.798173
120.0,880.0,52.715543
160.0,880.0,50.770661
200.0,880.0,48.967319
240.0,880.0,47.31034
280.0,880.0,45.805517
320.0,880.0,44.459482
360.0,880.0,43.279784
400.0,880.0,42.274772
440.0,880.0,41.453484
480.0,880.0,40.825645
520.0,880.0,40.401633
560.0,880.0,40.192365
600.0,880.0,40.209438
640.0,880.0,40.465251
680.0,880.0,40.972729
720.0,880.0,41.745376
760.0,880.0,42.797336
800.0,880.0,44.143903
840.0,880.0,45.716667
880.0,880.0,47.414481
920.0,880.0,49.239058
960.0,880.0,51.191797
1000.0,880.0,53.273303
1040.0,880.0,55.485153
1080.0,880.0,57.827819
1120.0,880.0,60.301839
1160.0,880.0,62.908038
1200.0,880.0,65.645981
1240.0,880.0,68.516718
1280.0,880.0,71.519381
1320.0,880.0,74.654846
1360.0,880.0,77.922098
1400.0,880.0,81.321901
1440.0,880.0,84.852956
1480.0,880.0,88.516131
1520.0,880.0,92.309971
1560.0,880.0,96.235104
-1520.0,920.0,
-1480.0,920.0,
-1440.0,920.0,
-1400.0,920.0,
-1360.0,920.0,
-1320.0,920.0,
-1280.0,920.0,
-1240.0,920.0,
-1200.0,920.0,
-1160.0,920.0,180.028572
-1120.0,920.0,174.108499
-1080.0,920.0,168.314179
-1040.0,920.0,162.646296
-1000.0,920.0,157.104255
-960.0,920.0,151.688425
-920.0,920.0,146.39882
-880.0,920.0,141.235078
-840.0,920.0,136.197652
-800.0,920.0,131.286422
-760.0,920.0,126.501203
-720.0,920.0,121.842336
-680.0,920.0,117.309848
-640.0,920.0,112.903519
-600.0,920.0,108.623613
-560.0,920.0,104.470237
-520.0,920.0,100.443451
-480.0,920.0,96.543232
-440.0,920.0,92.769653
-400.0,920.0,89.122896
-360.0,920.0,85.603038
-320.0,920.0,82.210152
-280.0,920.0,78.944307
-240.0,920.0,75.805563
-200.0,920.0,72.793943
-160.0,920.0,69.909453
-120.0,920.0,67.152143
-80.0,920.0,64.521976
-40.0,920.0,62.018877
0.0,920.0,59.642718
40.0,920.0,57.393328
80.0,920.0,55.271037
120.0,920.0,53.27733
160.0,920.0,51.414772
200.0,920.0,49.686978
240.0,920.0,48.098553
280.0,920.0,46.655027
320.0,920.0,45.362915
360.0,920.0,44.229516
400.0,920.0,43.262914
440.0,920.0,42.471926
480.0,920.0,41.86606
520.0,920.0,41.45549
560.0,920.0,41.250822
600.0,920.0,41.263696
640.0,920.0,41.506192
680.0,920.0,41.991029
720.0,920.0,42.731403
760.0,920.0,43.741386
800.0,920.0,45.035884
840.0,920.0,46.548293
880.0,920.0,48.179717
920.0,920.0,49.931746
960.0,920.0,51.80564
1000.0,920.0,53.801912
1040.0,920.0,55.922061
1080.0,920.0,58.166665
1120.0,920.0,60.536044
1160.0,920.0,63.031209
1200.0,920.0,65.651779
1240.0,920.0,68.398615
1280.0,920.0,71.271411
1320.0,920.0,74.270405
1360.0,920.0,77.395477
1400.0,920.0,80.646489
1440.0,920.0,84.02333
1480.0,920.0,87.525785
1520.0,920.0,91.153501
-1520.0,960.0,
-1480.0,960.0,
-1440.0,960.0,
-1400.0,960.0,
-1360.0,960.0,
-1320.0,960.0,
-1280.0,960.0,
-1240.0,960.0,
-1200.0,960.0,
-1160.0,960.0,
-1120.0,960.0,169.613186
-1080.0,960.0,164.066078
-1040.0,960.0,158.639923
-1000.0,960.0,153.334085
-960.0,960.0,148.149081
-920.0,960.0,143.084853
-880.0,960.0,138.14107
-840.0,960.0,133.31817
-800.0,960.0,128.616099
-760.0,960.0,124.034574
-720.0,960.0,119.573981
-680.0,960.0,115.234348
-640.0,960.0,111.015564
-600.0,960.0,106.917681
-560.0,960.0,102.940899
-520.0,960.0,99.08527
-480.0,960.0,95.350852
-440.0,960.0,91.737567
-400.0,960.0,88.245589
-360.0,960.0,84.875013
-320.0,960.0,81.625894
-280.0,960.0,78.498276
-240.0,960.0,75.492193
-200.0,960.0,72.607663
-160.0,960.0,69.84468
-120.0,960.0,67.203214
-80.0,960.0,64.68318
-40.0,960.0,62.28449
0.0,960.0,60.007006
40.0,960.0,57.850534
80.0,960.0,55.815355
120.0,960.0,53.902869
160.0,960.0,52.115484
200.0,960.0,50.456687
240.0,960.0,48.930924
280.0,960.0,47.543569
320.0,960.0,46.300877
360.0,960.0,45.209932
400.0,960.0,44.278602
440.0,960.0,43.515489
480.0,960.0,42.929893
520.0,960.0,42.531657
560.0,960.0,42.331454
600.0,960.0,42.340591
640.0,960.0,42.570944
680.0,960.0,43.035021
720.0,960.0,43.745698
760.0,960.0,44.716994
800.0,960.0,45.963423
840.0,960.0,47.420088
880.0,960.0,48.990422
920.0,960.0,50.675786
960.0,960.0,52.477327
1000.0,960.0,54.395496
1040.0,960.0,56.431704
1080.0,960.0,58.586585
1120.0,960.0,60.8603
1160.0,960.0,63.253921
1200.0,960.0,65.767291
1240.0,960.0,68.400932
1280.0,960.0,71.155048
1320.0,960.0,74.029353
1360.0,960.0,77.024471
1400.0,960.0,80.139499
1440.0,960.0,83.375339
1480.0,960.0,86.730725
1520.0,960.0,90.206621
-1480.0,1000.0,
-1440.0,1000.0,
-1400.0,1000.0,
-1360.0,1000.0,
-1320.0,1000.0,
-1280.0,1000.0,
-1240.0,1000.0,
-1200.0,1000.0,
-1160.0,1000.0,
-1120.0,1000.0,
-1080.0,1000.0,160.274975
-1040.0,1000.0,155.070726
-1000.0,1000.0,149.981756
-960.0,1000.0,145.008668
-920.0,1000.0,140.151384
-880.0,1000.0,135.409552
-840.0,1000.0,130.783617
-800.0,1000.0,126.273585
-760.0,1000.0,121.879103
-720.0,1000.0,117.600553
-680.0,1000.0,113.437984
-640.0,1000.0,109.3914
-600.0,1000.0,105.460624
-560.0,1000.0,101.645955
-520.0,1000.0,97.947438
-480.0,1000.0,94.365118
-440.0,1000.0,90.899043
-400.0,1000.0,87.549107
-360.0,1000.0,84.315511
-320.0,1000.0,81.198295
-280.0,1000.0,78.197482
-240.0,1000.0,75.313083
-200.0,1000.0,72.545092
-160.0,1000.0,69.89348
-120.0,1000.0,67.358192
-80.0,1000.0,64.939138
-40.0,1000.0,62.636194
0.0,1000.0,60.449187
40.0,1000.0,58.377906
80.0,1000.0,56.422591
120.0,1000.0,54.584573
160.0,1000.0,52.866195
200.0,1000.0,51.270781
240.0,1000.0,49.802614
280.0,1000.0,48.466887
320.0,1000.0,47.269663
360.0,1000.0,46.217824
400.0,1000.0,45.319032
440.0,1000.0,44.581685
480.0,1000.0,44.014797
520.0,1000.0,43.628126
560.0,1000.0,43.432171
600.0,1000.0,43.437979
640.0,1000.0,43.657225
680.0,1000.0,44.102122
720.0,1000.0,44.785449
760.0,1000.0,45.720957
800.0,1000.0,46.922844
840.0,1000.0,48.327851
880.0,1000.0,49.841714
920.0,1000.0,51.465565
960.0,1000.0,53.200433
1000.0,1000.0,55.046719
1040.0,1000.0,57.005761
1080.0,1000.0,59.078199
1120.0,1000.0,61.264088
1160.0,1000.0,63.564525
1200.0,1000.0,65.979518
1240.0,1000.0,68.509324
1280.0,1000.0,71.154552
1320.0,1000.0,73.914486
1360.0,1000.0,76.79014
1400.0,1000.0,79.780639
1440.0,1000.0,82.886662
1480.0,1000.0,86.107494
-1440.0,1040.0,
-1400.0,1040.0,
-1360.0,1040.0,
-1320.0,1040.0,
-1280.0,1040.0,
-1240.0,1040.0,
-1200.0,1040.0,
-1160.0,1040.0,
-1120.0,1040.0,
-1080.0,1040.0,
-1040.0,1040.0,151.887447
-1000.0,1040.0,146.998297
-960.0,1040.0,142.220446
-920.0,1040.0,137.553843
-880.0,1040.0,132.998073
-840.0,1040.0,128.553608
-800.0,1040.0,124.220458
-760.0,1040.0,119.998371
-720.0,1040.0,115.887539
-680.0,1040.0,111.888095
-640.0,1040.0,108.000067
-600.0,1040.0,104.223327
-560.0,1040.0,100.557988
-520.0,1040.0,97.004182
-480.0,1040.0,93.561947
-440.0,1040.0,90.231315
-400.0,1040.0,87.012318
-360.0,1040.0,83.904847
-320.0,1040.0,80.909067
-280.0,1040.0,78.024984
-240.0,1040.0,75.25259
-200.0,1040.0,72.591859
-160.0,1040.0,70.04274
-120.0,1040.0,67.60516
-80.0,1040.0,65.279011
-40.0,1040.0,63.06415
0.0,1040.0,60.960393
40.0,1040.0,58.967518
80.0,1040.0,57.08573
120.0,1040.0,55.316302
160.0,1040.0,53.661484
200.0,1040.0,52.124478
240.0,1040.0,50.70942
280.0,1040.0,49.421338
320.0,1040.0,48.266115
360.0,1040.0,47.250445
400.0,1040.0,46.381794
440.0,1040.0,45.668294
480.0,1040.0,45.118825
520.0,1040.0,44.743034
560.0,1040.0,44.551138
600.0,1040.0,44.553986
640.0,1040.0,44.763043
680.0,1040.0,45.190183
720.0,1040.0,45.848214
760.0,1040.0,46.750504
800.0,1040.0,47.910975
840.0,1040.0,49.267946
880.0,1040.0,50.729417
920.0,1040.0,52.296295
960.0,1040.0,53.969466
1000.0,1040.0,55.749356
1040.0,1040.0,57.637183
1080.0,1040.0,59.633569
1120.0,1040.0,61.738517
1160.0,1040.0,63.953112
1200.0,1040.0,66.277481
1240.0,1040.0,68.711685
1280.0,1040.0,71.256493
1320.0,1040.0,73.911286
1360.0,1040.0,76.676831
1400.0,1040.0,79.552779
1440.0,1040.0,82.539193
-1440.0,1080.0,
-1400.0,1080.0,
-1360.0,1080.0,
-1320.0,1080.0,
-1280.0,1080.0,
-1240.0,1080.0,
-1200.0,1080.0,
-1160.0,1080.0,
-1120.0,1080.0,
-1080.0,1080.0,
-1040.0,1080.0,
-1000.0,1080.0,144.342105
-960.0,1080.0,139.744702
-920.0,1080.0,135.254338
-880.0,1080.0,130.870563
-840.0,1080.0,126.593827
-800.0,1080.0,122.424162
-760.0,1080.0,118.36143
-720.0,1080.0,114.405606
-680.0,1080.0,110.556922
-640.0,1080.0,106.8154
-600.0,1080.0,103.181048
-560.0,1080.0,99.653697
-520.0,1080.0,96.233605
-480.0,1080.0,92.920796
-440.0,1080.0,89.715294
-400.0,1080.0,86.617116
-360.0,1080.0,83.626275
-320.0,1080.0,80.742677
-280.0,1080.0,77.966397
-240.0,1080.0,75.297434
-200.0,1080.0,72.735742
-160.0,1080.0,70.281258
-120.0,1080.0,67.93389
-80.0,1080.0,65.693517
-40.0,1080.0,63.559985
0.0,1080.0,61.5331
40.0,1080.0,59.612634
80.0,1080.0,57.798764
120.0,1080.0,56.092711
160.0,1080.0,54.496647
200.0,1080.0,53.013659
240.0,1080.0,51.647751
280.0,1080.0,50.403799
320.0,1080.0,49.287519
360.0,1080.0,48.305425
400.0,1080.0,47.464716
440.0,1080.0,46.77343
480.0,1080.0,46.240315
520.0,1080.0,45.874747
560.0,1080.0,45.686746
600.0,1080.0,45.686959
640.0,1080.0,45.88657
680.0,1080.0,46.297327
720.0,1080.0,46.931859
760.0,1080.0,47.803221
800.0,1080.0,48.925066
840.0,1080.0,50.237228
880.0,1080.0,51.649933
920.0,1080.0,53.163859
960.0,1080.0,54.779746
1000.0,1080.0,56.498083
1040.0,1080.0,58.319951
1080.0,1080.0,60.24593
1120.0,1080.0,62.276016
1160.0,1080.0,64.411253
1200.0,1080.0,66.651848
1240.0,1080.0,68.997723
1280.0,1080.0,71.449714
1320.0,1080.0,74.007413
1360.0,1080.0,76.671254
1400.0,1080.0,79.441363
1440.0,1080.0,82.317289
-1400.0,1120.0,
-1360.0,1120.0,
-1320.0,1120.0,
-1280.0,1120.0,
-1240.0,1120.0,
-1200.0,1120.0,
-1160.0,1120.0,
-1120.0,1120.0,
-1080.0,1120.0,
-1040.0,1120.0,
-1000.0,1120.0,
-960.0,1120.0,137.547481
-920.0,1120.0,133.220456
-880.0,1120.0,128.996177
-840.0,1120.0,124.874925
-800.0,1120.0,120.856808
-760.0,1120.0,116.941811
-720.0,1120.0,113.12967
-680.0,1120.0,109.420725
-640.0,1120.0,105.814994
-600.0,1120.0,102.312497
-560.0,1120.0,98.913157
-520.0,1120.0,95.616977
-480.0,1120.0,92.424101
-440.0,1120.0,89.33454
-400.0,1120.0,86.348302
-360.0,1120.0,83.465384
-320.0,1120.0,80.685776
-280.0,1120.0,78.009423
-240.0,1120.0,75.43626
-200.0,1120.0,72.966298
-160.0,1120.0,70.59946
-120.0,1120.0,68.335642
-80.0,1120.0,66.174712
-40.0,1120.0,64.116509
0.0,1120.0,62.160833
40.0,1120.0,60.307453
80.0,1120.0,58.556524
120.0,1120.0,56.909224
160.0,1120.0,55.367646
200.0,1120.0,53.934784
240.0,1120.0,52.614516
280.0,1120.0,51.411577
320.0,1120.0,50.331509
360.0,1120.0,49.380584
400.0,1120.0,48.565983
440.0,1120.0,47.895533
480.0,1120.0,47.377751
520.0,1120.0,47.021822
560.0,1120.0,46.837568
600.0,1120.0,46.835437
640.0,1120.0,47.026258
680.0,1120.0,47.421867
720.0,1120.0,48.034508
760.0,1120.0,48.876993
800.0,1120.0,49.962647
840.0,1120.0,51.232961
880.0,1120.0,52.600137
920.0,1120.0,54.0647
960.0,1120.0,55.62723
1000.0,1120.0,57.288317
1040.0,1120.0,59.048894
1080.0,1120.0,60.909476
1120.0,1120.0,62.870094
1160.0,1120.0,64.931728
1200.0,1120.0,67.094626
1240.0,1120.0,69.358631
1280.0,1120.0,71.724609
1320.0,1120.0,74.192313
1360.0,1120.0,76.761922
1400.0,1120.0,79.433938
-1360.0,1160.0,
-1320.0,1160.0,
-1280.0,1160.0,
-1240.0,1160.0,
-1200.0,1160.0,
-1160.0,1160.0,
-1120.0,1160.0,
-1080.0,1160.0,
-1040.0,1160.0,
-1000.0,1160.0,
-960.0,1160.0,
-920.0,1160.0,131.424383
-880.0,1160.0,127.348382
-840.0,1160.0,123.371657
-800.0,1160.0,119.494406
-760.0,1160.0,115.716637
-720.0,1160.0,112.038151
-680.0,1160.0,108.459083
-640.0,1160.0,104.979554
-600.0,1160.0,101.599578
-560.0,1160.0,98.319168
-520.0,1160.0,95.138193
-480.0,1160.0,92.056755
-440.0,1160.0,89.074917
-400.0,1160.0,86.192676
-360.0,1160.0,83.410019
-320.0,1160.0,80.726922
-280.0,1160.0,78.143352
-240.0,1160.0,75.659255
-200.0,1160.0,73.274548
-160.0,1160.0,70.989116
-120.0,1160.0,68.8029
-80.0,1160.0,66.715763
-40.0,1160.0,64.727537
0.0,1160.0,62.83802
40.0,1160.0,61.046983
80.0,1160.0,59.354557
120.0,1160.0,57.761889
160.0,1160.0,56.270999
200.0,1160.0,54.884795
240.0,1160.0,53.607022
280.0,1160.0,52.442238
320.0,1160.0,51.395902
360.0,1160.0,50.474202
400.0,1160.0,49.684071
440.0,1160.0,49.033157
480.0,1160.0,48.529795
520.0,1160.0,48.182978
560.0,1160.0,48.002338
600.0,1160.0,47.997977
640.0,1160.0,48.180801
680.0,1160.0,48.562308
720.0,1160.0,49.154503
760.0,1160.0,49.96996
800.0,1160.0,51.021615
840.0,1160.0,52.252748
880.0,1160.0,53.577304
920.0,1160.0,54.995716
960.0,1160.0,56.508402
1000.0,1160.0,58.116084
1040.0,1160.0,59.819536
1080.0,1160.0,61.619189
1120.0,1160.0,63.515149
1160.0,1160.0,65.50831
1200.0,1160.0,67.598932
1240.0,1160.0,69.786826
1280.0,1160.0,72.072859
1320.0,1160.0,74.456904
1360.0,1160.0,76.938952
-1320.0,1200.0,
-1280.0,1200.0,
-1240.0,1200.0,
-1200.0,1200.0,
-1160.0,1200.0,
-1120.0,1200.0,
-1080.0,1200.0,
-1040.0,1200.0,
-1000.0,1200.0,
-960.0,1200.0,
-920.0,1200.0,
-880.0,1200.0,125.904228
-840.0,1200.0,122.062187
-800.0,1200.0,118.316204
-760.0,1200.0,114.666288
-720.0,1200.0,111.112383
-680.0,1200.0,107.654332
-640.0,1200.0,104.292391
-600.0,1200.0,101.026567
-560.0,1200.0,97.856867
-520.0,1200.0,94.783295
-480.0,1200.0,91.805694
-440.0,1200.0,88.9242
-400.0,1200.0,86.138826
-360.0,1200.0,83.44955
-320.0,1200.0,80.85634
-280.0,1200.0,78.35915
-240.0,1200.0,75.95792
-200.0,1200.0,73.652572
-160.0,1200.0,71.44301
-120.0,1200.0,69.329114
-80.0,1200.0,67.31074
-40.0,1200.0,65.387718
0.0,1200.0,63.55984
40.0,1200.0,61.826898
80.0,1200.0,60.188998
120.0,1200.0,58.647247
160.0,1200.0,57.203605
200.0,1200.0,55.860901
240.0,1200.0,54.62279
280.0,1200.0,53.493751
320.0,1200.0,52.479056
360.0,1200.0,51.584738
400.0,1200.0,50.817568
440.0,1200.0,50.185022
480.0,1200.0,49.695255
520.0,1200.0,49.357077
560.0,1200.0,49.179825
600.0,1200.0,49.173548
640.0,1200.0,49.348974
680.0,1200.0,49.717323
720.0,1200.0,50.290377
760.0,1200.0,51.080455
800.0,1200.0,52.100166
840.0,1200.0,53.294481
880.0,1200.0,54.57904
920.0,1200.0,55.954195
960.0,1200.0,57.420192
1000.0,1200.0,58.977919
1040.0,1200.0,60.627981
1080.0,1200.0,62.370709
1120.0,1200.0,64.206319
1160.0,1200.0,66.135602
1200.0,1200.0,68.1588
1240.0,1200.0,70.275742
1280.0,1200.0,72.487265
1320.0,1200.0,74.793327
-1280.0,1240.0,
-1240.0,1240.0,
-1200.0,1240.0,
-1160.0,1240.0,
-1120.0,1240.0,
-1080.0,1240.0,
-1040.0,1240.0,
-1000.0,1240.0,
-960.0,1240.0,
-920.0,1240.0,
-880.0,1240.0,
-840.0,1240.0,
-800.0,1240.0,117.304164
-760.0,1240.0,113.773668
-720.0,1240.0,110.336047
-680.0,1240.0,106.991119
-640.0,1240.0,103.738998
-600.0,1240.0,100.579782
-560.0,1240.0,97.51347
-520.0,1240.0,94.540059
-480.0,1240.0,91.659541
-440.0,1240.0,88.871765
-400.0,1240.0,86.176834
-360.0,1240.0,83.574744
-320.0,1240.0,81.065453
-280.0,1240.0,78.648908
-240.0,1240.0,76.32504
-200.0,1240.0,74.093766
-160.0,1240.0,71.954982
-120.0,1240.0,69.908565
-80.0,1240.0,67.954369
-40.0,1240.0,66.092222
0.0,1240.0,64.321926
40.0,1240.0,62.643259
80.0,1240.0,61.056321
120.0,1240.0,59.562201
160.0,1240.0,58.162792
200.0,1240.0,56.860851
240.0,1240.0,55.659932
280.0,1240.0,54.564399
320.0,1240.0,53.579389
360.0,1240.0,52.710793
400.0,1240.0,51.965222
440.0,1240.0,51.349987
480.0,1240.0,50.87307
520.0,1240.0,50.543007
560.0,1240.0,50.369048
600.0,1240.0,50.361127
640.0,1240.0,50.529683
680.0,1240.0,50.885727
720.0,1240.0,51.440821
760.0,1240.0,52.206899
800.0,1240.0,53.196652
840.0,1240.0,54.356295
880.0,1240.0,55.603235
920.0,1240.0,56.93768
960.0,1240.0,58.359906
1000.0,1240.0,59.870787
1040.0,1240.0,61.470824
1080.0,1240.0,63.160228
1120.0,1240.0,64.939363
1160.0,1240.0,66.808897
1200.0,1240.0,68.769035
1240.0,1240.0,70.81966
1280.0,1240.0,72.961562
-1240.0,1280.0,
-1200.0,1280.0,
-1160.0,1280.0,
-1120.0,1280.0,
-1080.0,1280.0,
-1040.0,1280.0,
-1000.0,1280.0,
-960.0,1280.0,
-920.0,1280.0,
-880.0,1280.0,
-840.0,1280.0,
-800.0,1280.0,
-760.0,1280.0,113.023825
-720.0,1280.0,109.694998
-680.0,1280.0,106.456033
-640.0,1280.0,103.306706
-600.0,1280.0,100.247272
-560.0,1280.0,97.277726
-520.0,1280.0,94.398057
-480.0,1280.0,91.608251
-440.0,1280.0,88.908288
-400.0,1280.0,86.298042
-360.0,1280.0,83.777537
-320.0,1280.0,81.346774
-280.0,1280.0,79.005692
-240.0,1280.0,76.754216
-200.0,1280.0,74.592258
-160.0,1280.0,72.519711
-120.0,1280.0,70.536447
-80.0,1280.0,68.64232
-40.0,1280.0,66.837161
0.0,1280.0,65.120774
40.0,1280.0,63.492943
80.0,1280.0,61.953755
120.0,1280.0,60.504276
160.0,1280.0,59.146344
200.0,1280.0,57.882646
240.0,1280.0,56.716645
280.0,1280.0,55.652593
320.0,1280.0,54.695503
360.0,1280.0,53.851124
400.0,1280.0,53.125918
440.0,1280.0,52.527036
480.0,1280.0,52.062181
520.0,1280.0,51.739854
560.0,1280.0,51.569167
600.0,1280.0,51.559784
640.0,1280.0,51.721947
680.0,1280.0,52.066458
720.0,1280.0,52.604611
760.0,1280.0,53.348119
800.0,1280.0,54.309606
840.0,1280.0,55.436535
880.0,1280.0,56.648018
920.0,1280.0,57.944056
960.0,1280.0,59.325164
1000.0,1280.0,60.792014
1040.0,1280.0,62.345065
1080.0,1280.0,63.984401
1120.0,1280.0,65.710558
1160.0,1280.0,67.524072
1200.0,1280.0,69.425085
1240.0,1280.0,71.413579
-1200.0,1320.0,
-1160.0,1320.0,
-1120.0,1320.0,
-1080.0,1320.0,
-1040.0,1320.0,
-1000.0,1320.0,
-960.0,1320.0,
-920.0,1320.0,
-880.0,1320.0,
-840.0,1320.0,
-800.0,1320.0,
-760.0,1320.0,
-720.0,1320.0,
-680.0,1320.0,106.037153
-640.0,1320.0,102.984401
-600.0,1320.0,100.018557
-560.0,1320.0,97.139767
-520.0,1320.0,94.348016
-480.0,1320.0,91.643283
-440.0,1320.0,89.025543
-400.0,1320.0,86.49476
-360.0,1320.0,84.05086
-320.0,1320.0,81.693736
-280.0,1320.0,79.423421
-240.0,1320.0,77.239834
-200.0,1320.0,75.142883
-160.0,1320.0,73.132458
-120.0,1320.0,71.208431
-80.0,1320.0,69.370655
-40.0,1320.0,67.618964
0.0,1320.0,65.953168
40.0,1320.0,64.373058
80.0,1320.0,62.878709
120.0,1320.0,61.471164
160.0,1320.0,60.152215
200.0,1320.0,58.924477
240.0,1320.0,57.791332
280.0,1320.0,56.756925
320.0,1320.0,55.826149
360.0,1320.0,55.004621
400.0,1320.0,54.298643
440.0,1320.0,53.715104
480.0,1320.0,53.261758
520.0,1320.0,52.946882
560.0,1320.0,52.779364
600.0,1320.0,52.768682
640.0,1320.0,52.924881
680.0,1320.0,53.258563
720.0,1320.0,53.780634
760.0,1320.0,54.50295
800.0,1320.0,55.437719
840.0,1320.0,56.533725
880.0,1320.0,57.711723
920.0,1320.0,58.97151
960.0,1320.0,60.313856
1000.0,1320.0,61.739231
1040.0,1320.0,63.248056
1080.0,1320.0,64.840275
1120.0,1320.0,66.516624
1160.0,1320.0,68.277495
1200.0,1320.0,70.122949
-1160.0,1360.0,
-1120.0,1360.0,
-1080.0,1360.0,
-1040.0,1360.0,
-1000.0,1360.0,
-960.0,1360.0,
-920.0,1360.0,
-880.0,1360.0,
-840.0,1360.0,
-800.0,1360.0,
-760.0,1360.0,
-720.0,1360.0,
-680.0,1360.0,
-640.0,1360.0,
-600.0,1360.0,99.884404
-560.0,1360.0,97.090902
-520.0,1360.0,94.38177
-480.0,1360.0,91.75698
-440.0,1360.0,89.216503
-400.0,1360.0,86.760298
-360.0,1360.0,84.388317
-320.0,1360.0,82.100502
-280.0,1360.0,79.89674
-240.0,1360.0,77.776949
-200.0,1360.0,75.741089
-160.0,1360.0,73.789049
-120.0,1360.0,71.920701
-80.0,1360.0,70.1359
-40.0,1360.0,68.434483
0.0,1360.0,66.816265
40.0,1360.0,65.281046
80.0,1360.0,63.828892
120.0,1360.0,62.460822
160.0,1360.0,61.178589
200.0,1360.0,59.984736
240.0,1360.0,58.882572
280.0,1360.0,57.876139
320.0,1360.0,56.970217
360.0,1360.0,56.170196
400.0,1360.0,55.482332
440.0,1360.0,54.913474
480.0,1360.0,54.471109
520.0,1360.0,54.163348
560.0,1360.0,53.998902
600.0,1360.0,53.987064
640.0,1360.0,54.137691
680.0,1360.0,54.461023
720.0,1360.0,54.968065
760.0,1360.0,55.670345
800.0,1360.0,56.579817
840.0,1360.0,57.646542
880.0,1360.0,58.792725
920.0,1360.0,60.018368
960.0,1360.0,61.324104
1000.0,1360.0,62.710336
1040.0,1360.0,64.177371
1080.0,1360.0,65.725234
1120.0,1360.0,67.354657
1160.0,1360.0,69.065955
-1120.0,1400.0,
-1080.0,1400.0,
-1040.0,1400.0,
-1000.0,1400.0,
-960.0,1400.0,
-920.0,1400.0,
-880.0,1400.0,
-840.0,1400.0,
-800.0,1400.0,
-760.0,1400.0,
-720.0,1400.0,
-680.0,1400.0,
-640.0,1400.0,
-600.0,1400.0,
-560.0,1400.0,
-520.0,1400.0,94.492098
-480.0,1400.0,91.942573
-440.0,1400.0,89.474834
-400.0,1400.0,87.08884
-360.0,1400.0,84.784538
-320.0,1400.0,82.561866
-280.0,1400.0,80.420751
-240.0,1400.0,78.36111
-200.0,1400.0,76.382844
-160.0,1400.0,74.485791
-120.0,1400.0,72.669881
-80.0,1400.0,70.934979
-40.0,1400.0,69.280926
0.0,1400.0,67.707543
40.0,1400.0,66.214638
80.0,1400.0,64.802269
120.0,1400.0,63.471435
160.0,1400.0,62.22385
200.0,1400.0,61.061991
240.0,1400.0,59.989063
280.0,1400.0,59.009002
320.0,1400.0,58.126508
360.0,1400.0,57.346946
400.0,1400.0,56.67636
440.0,1400.0,56.121446
480.0,1400.0,55.689537
520.0,1400.0,55.388578
560.0,1400.0,55.227109
600.0,1400.0,55.214245
640.0,1400.0,55.359531
680.0,1400.0,55.673193
720.0,1400.0,56.166055
760.0,1400.0,56.849359
800.0,1400.0,57.734844
840.0,1400.0,58.773801
880.0,1400.0,59.889794
920.0,1400.0,61.083134
960.0,1400.0,62.354231
1000.0,1400.0,63.70345
1040.0,1400.0,65.130923
1080.0,1400.0,66.636949
1120.0,1400.0,68.222077
-1080.0,1440.0,
-1040.0,1440.0,
-1000.0,1440.0,
-960.0,1440.0,
-920.0,1440.0,
-880.0,1440.0,
-840.0,1440.0,
-800.0,1440.0,
-760.0,1440.0,
-720.0,1440.0,
-680.0,1440.0,
-640.0,1440.0,
-600.0,1440.0,
-560.0,1440.0,
-520.0,1440.0,
-480.0,1440.0,
-440.0,1440.0,
-400.0,1440.0,87.47514
-360.0,1440.0,85.234668
-320.0,1440.0,83.073436
-280.0,1440.0,80.991369
-240.0,1440.0,78.988383
-200.0,1440.0,77.064378
-160.0,1440.0,75.219245
-120.0,1440.0,73.452858
-80.0,1440.0,71.765079
-40.0,1440.0,70.155752
0.0,1440.0,68.624708
40.0,1440.0,67.171761
80.0,1440.0,65.796961
120.0,1440.0,64.501289
160.0,1440.0,63.286423
200.0,1440.0,62.154778
240.0,1440.0,61.109523
280.0,1440.0,60.154514
320.0,1440.0,59.294313
360.0,1440.0,58.53417
400.0,1440.0,57.879996
440.0,1440.0,57.338348
480.0,1440.0,56.916407
520.0,1440.0,56.62196
560.0,1440.0,56.463379
600.0,1440.0,56.449489
640.0,1440.0,56.589794
680.0,1440.0,56.894398
720.0,1440.0,57.373835
760.0,1440.0,58.039144
800.0,1440.0,58.901848
840.0,1440.0,59.914275
880.0,1440.0,61.001759
920.0,1440.0,62.164463
960.0,1440.0,63.40273
1000.0,1440.0,64.716893
1040.0,1440.0,66.106898
1080.0,1440.0,67.573341
-1000.0,1480.0,
-960.0,1480.0,
-920.0,1480.0,
-880.0,1480.0,
-840.0,1480.0,
-800.0,1480.0,
-760.0,1480.0,
-720.0,1480.0,
-680.0,1480.0,
-640.0,1480.0,
-600.0,1480.0,
-560.0,1480.0,
-520.0,1480.0,
-480.0,1480.0,
-440.0,1480.0,
-400.0,1480.0,
-360.0,1480.0,
-320.0,1480.0,
-280.0,1480.0,
-240.0,1480.0,
-200.0,1480.0,77.782709
-160.0,1480.0,75.986594
-120.0,1480.0,74.266972
-80.0,1480.0,72.623707
-40.0,1480.0,71.056651
0.0,1480.0,69.565639
40.0,1480.0,68.150495
80.0,1480.0,66.811262
120.0,1480.0,65.548903
160.0,1480.0,64.365061
200.0,1480.0,63.262098
240.0,1480.0,62.243106
280.0,1480.0,61.311863
320.0,1480.0,60.472829
360.0,1480.0,59.731139
400.0,1480.0,59.092579
440.0,1480.0,58.563569
480.0,1480.0,58.151145
520.0,1480.0,57.862938
560.0,1480.0,57.707025
600.0,1480.0,57.692248
640.0,1480.0,57.827962
680.0,1480.0,58.124002
720.0,1480.0,58.59071
760.0,1480.0,59.238926
800.0,1480.0,60.079925
840.0,1480.0,61.067119
880.0,1480.0,62.127539
920.0,1480.0,63.261145
960.0,1480.0,64.468248
1000.0,1480.0,65.749047
-960.0,1520.0,
-920.0,1520.0,
-880.0,1520.0,
-840.0,1520.0,
-800.0,1520.0,
-760.0,1520.0,
-720.0,1520.0,
-680.0,1520.0,
-640.0,1520.0,
-600.0,1520.0,
-560.0,1520.0,
-520.0,1520.0,
-480.0,1520.0,
-440.0,1520.0,
-400.0,1520.0,
-360.0,1520.0,
-320.0,1520.0,
-280.0,1520.0,
-240.0,1520.0,
-200.0,1520.0,
-160.0,1520.0,
-120.0,1520.0,
-80.0,1520.0,
-40.0,1520.0,
0.0,1520.0,
40.0,1520.0,
80.0,1520.0,
120.0,1520.0,
160.0,1520.0,
200.0,1520.0,
240.0,1520.0,
280.0,1520.0,
320.0,1520.0,
360.0,1520.0,
400.0,1520.0,
440.0,1520.0,
480.0,1520.0,
520.0,1520.0,
560.0,1520.0,
600.0,1520.0,
640.0,1520.0,
680.0,1520.0,
720.0,1520.0,
760.0,1520.0,
800.0,1520.0,
840.0,1520.0,
880.0,1520.0,
920.0,1520.0,
960.0,1520.0,
-880.0,1560.0,
-840.0,1560.0,
-800.0,1560.0,
-760.0,1560.0,
-720.0,1560.0,
-680.0,1560.0,
-640.0,1560.0,
-600.0,1560.0,
-560.0,1560.0,
-520.0,1560.0,
-480.0,1560.0,
-440.0,1560.0,
-400.0,1560.0,
-360.0,1560.0,
-320.0,1560.0,
-280.0,1560.0,
-240.0,1560.0,
-200.0,1560.0,
-160.0,1560.0,
-120.0,1560.0,
-80.0,1560.0,
-40.0,1560.0,
0.0,1560.0,
40.0,1560.0,
80.0,1560.0,
120.0,1560.0,
160.0,1560.0,
200.0,1560.0,
240.0,1560.0,
280.0,1560.0,
320.0,1560.0,
360.0,1560.0,
400.0,1560.0,
440.0,1560.0,
480.0,1560.0,
520.0,1560.0,
560.0,1560.0,
600.0,1560.0,
640.0,1560.0,
680.0,1560.0,
720.0,1560.0,
760.0,1560.0,
800.0,1560.0,
840.0,1560.0,
880.0,1560.0,
-800.0,1600.0,
-760.0,1600.0,
-720.0,1600.0,
-680.0,1600.0,
-640.0,1600.0,
-600.0,1600.0,
-560.0,1600.0,
-520.0,1600.0,
-480.0,1600.0,
-440.0,1600.0,
-400.0,1600.0,
-360.0,1600.0,
-320.0,1600.0,
-280.0,1600.0,
-240.0,1600.0,
-200.0,1600.0,
-160.0,1600.0,
-120.0,1600.0,
-80.0,1600.0,
-40.0,1600.0,
0.0,1600.0,
40.0,1600.0,
80.0,1600.0,
120.0,1600.0,
160.0,1600.0,
200.0,1600.0,
240.0,1600.0,
280.0,1600.0,
320.0,1600.0,
360.0,1600.0,
400.0,1600.0,
440.0,1600.0,
480.0,1600.0,
520.0,1600.0,
560.0,1600.0,
600.0,1600.0,
640.0,1600.0,
680.0,1600.0,
720.0,1600.0,
760.0,1600.0,
800.0,1600.0,
-720.0,1640.0,
-680.0,1640.0,
-640.0,1640.0,
-600.0,1640.0,
-560.0,1640.0,
-520.0,1640.0,
-480.0,1640.0,
-440.0,1640.0,
-400.0,1640.0,
-360.0,1640.0,
-320.0,1640.0,
-280.0,1640.0,
-240.0,1640.0,
-200.0,1640.0,
-160.0,1640.0,
-120.0,1640.0,
-80.0,1640.0,
-40.0,1640.0,
0.0,1640.0,
40.0,1640.0,
80.0,1640.0,
120.0,1640.0,
160.0,1640.0,
200.0,1640.0,
240.0,1640.0,
280.0,1640.0,
320.0,1640.0,
360.0,1640.0,
400.0,1640.0,
440.0,1640.0,
480.0,1640.0,
520.0,1640.0,
560.0,1640.0,
600.0,1640.0,
640.0,1640.0,
680.0,1640.0,
720.0,1640.0,
-640.0,1680.0,
-600.0,1680.0,
-560.0,1680.0,
-520.0,1680.0,
-480.0,1680.0,
-440.0,1680.0,
-400.0,1680.0,
-360.0,1680.0,
-320.0,1680.0,
-280.0,1680.0,
-240.0,1680.0,
-200.0,1680.0,
-160.0,1680.0,
-120.0,1680.0,
-80.0,1680.0,
-40.0,1680.0,
0.0,1680.0,
40.0,1680.0,
80.0,1680.0,
120.0,1680.0,
160.0,1680.0,
200.0,1680.0,
240.0,1680.0,
280.0,1680.0,
320.0,1680.0,
360.0,1680.0,
400.0,1680.0,
440.0,1680.0,
480.0,1680.0,
520.0,1680.0,
560.0,1680.0,
600.0,1680.0,
640.0,1680.0,
-520.0,1720.0,
-480.0,1720.0,
-440.0,1720.0,
-400.0,1720.0,
-360.0,1720.0,
-320.0,1720.0,
-280.0,1720.0,
-240.0,1720.0,
-200.0,1720.0,
-160.0,1720.0,
-120.0,1720.0,
-80.0,1720.0,
-40.0,1720.0,
0.0,1720.0,
40.0,1720.0,
80.0,1720.0,
120.0,1720.0,
160.0,1720.0,
200.0,1720.0,
240.0,1720.0,
280.0,1720.0,
320.0,1720.0,
360.0,1720.0,
400.0,1720.0,
440.0,1720.0,
480.0,1720.0,
520.0,1720.0,
-360.0,1760.0,
-320.0,1760.0,
-280.0,1760.0,
-240.0,1760.0,
-200.0,1760.0,
-160.0,1760.0,
-120.0,1760.0,
-80.0,1760.0,
-40.0,1760.0,
0.0,1760.0,
40.0,1760.0,
80.0,1760.0,
120.0,1760.0,
160.0,1760.0,
200.0,1760.0,
240.0,1760.0,
280.0,1760.0,
320.0,1760.0,
360.0,1760.0,
0.0,1800.0,
