ts,Tsurf,Csurf,Tc,Cc,jw,W,Tamb,Camb
0.0,301.15,2.5499743914018955,301.15,2.55,3.5852037346073533e-09,0.7401769282992966,301.15,0.01963
1.0,301.15014944553104,2.549946917579053,301.15,2.55,3.580005365420935e-09,0.7401768243118652,301.1588,0.0196365
2.0,301.15045840875973,2.549928463147448,301.15,2.55,3.5750608431526883e-09,0.7401767204686727,301.1676,0.019643
3.0,301.15086402009933,2.549913781428768,301.15,2.55,3.5702573283382553e-09,0.7401766167670347,301.1764,0.0196495
4.0,301.1513482489078,2.54990115052363,301.15,2.55,3.565560820840427e-09,0.7401765132032182,301.18519999999995,0.019656
5.0,301.15189942054286,2.5498899513991455,301.15,2.55,3.5609530592170535e-09,0.7401764097740305,301.19399999999996,0.019662500000000003
6.0,301.152510560938,2.5498798432088403,301.15,2.55,3.5564233561792305e-09,0.7401763064773293,301.20279999999997,0.019669000000000002
7.0,301.1531763734072,2.5498705680734197,301.15,2.55,3.5519636038441715e-09,0.7401762033112016,301.2116,0.019675500000000002
8.0,301.1538918013798,2.5498619244212195,301.15,2.55,3.5475663994029514e-09,0.7401761002735101,301.2204,0.019682
9.0,301.15465467843876,2.549853868088219,301.15,2.55,3.5432288943781e-09,0.7401759973628936,301.2292,0.0196885
10.0,301.1554605981462,2.549846221791311,301.15,2.55,3.5389446257643062e-09,0.7401758945774917,301.238,0.019695
11.0,301.1563076322331,2.5498389570079807,301.15,2.55,3.534711140164812e-09,0.7401757919158514,301.24679999999995,0.0197015
12.0,301.15719327410227,2.5498320109048063,301.15,2.55,3.530525051244465e-09,0.7401756893764282,301.25559999999996,0.019708
13.0,301.1581153934876,2.5498253289309636,301.15,2.55,3.5263834731178943e-09,0.7401755869578054,301.26439999999997,0.019714500000000003
14.0,301.1590730899706,2.5498189186290965,301.15,2.55,3.522285421331417e-09,0.7401754846588136,301.2732,0.019721000000000002
15.0,301.16006421278865,2.5498127244102786,301.15,2.55,3.5182279779502637e-09,0.7401753824780375,301.282,0.019727500000000002
16.0,301.16108830183634,2.5498067537107056,301.15,2.55,3.514210670156065e-09,0.7401752804145291,301.2908,0.019734
17.0,301.16214363509846,2.54980097175494,301.15,2.55,3.510231236381686e-09,0.7401751784669639,301.2996,0.0197405
18.0,301.1632300199397,2.5497953796481703,301.15,2.55,3.5062894672471506e-09,0.7401750766346147,301.3084,0.019747
19.0,301.1643458046039,2.549789948941381,301.15000000000003,2.55,3.5023832306085243e-09,0.7401749749161415,301.31719999999996,0.0197535
20.0,301.16548982425076,2.549784661047936,301.15000000000003,2.55,3.4985110357079602e-09,0.7401748733104088,301.32599999999996,0.01976
21.0,301.166661760371,2.5497795151023173,301.1500000000001,2.55,3.494672511450181e-09,0.7401747718166596,301.3348,0.0197665
22.0,301.16786086334315,2.54977450121205,301.1500000000002,2.55,3.490866716315702e-09,0.7401746704339438,301.3436,0.019773000000000002
23.0,301.1690859573657,2.549769600560988,301.15000000000043,2.55,3.4870921446887387e-09,0.7401745691611213,301.3524,0.019779500000000002
24.0,301.17033641639756,2.549764806212141,301.15000000000083,2.55,3.4833480210672754e-09,0.7401744679973031,301.3612,0.019786
25.0,301.17161225300924,2.5497601254063005,301.15000000000174,2.55,3.479634421222e-09,0.7401743669418983,301.37,0.0197925
26.0,301.17291235694563,2.549755540456469,301.15000000000316,2.55,3.475949924091981e-09,0.7401742659937919,301.37879999999996,0.019799
27.0,301.1742360304785,2.5497510428341386,301.15000000000515,2.55,3.4722936583621158e-09,0.7401741651520618,301.38759999999996,0.0198055
28.0,301.175583356973,2.5497466397882924,301.1500000000096,2.55,3.468665782262248e-09,0.7401740644161962,301.39639999999997,0.019812
29.0,301.17695355092434,2.5497423210173977,301.1500000000163,2.55,3.4650653086959885e-09,0.7401739637852268,301.4052,0.0198185
30.0,301.1783460283627,2.549738080290779,301.1500000000257,2.55,3.4614915160915525e-09,0.740173863258291,301.414,0.019825000000000002
31.0,301.1797607170989,2.5497339192165764,301.15000000005347,2.55,3.4579443386368006e-09,0.7401737628348567,301.4228,0.019831500000000002
32.0,301.1811973222623,2.549729836080215,301.150000000108,2.55,3.454423425861988e-09,0.7401736625142458,301.4316,0.019838
33.0,301.182655080644,2.5497258221788623,301.15000000018284,2.55,3.450927828381131e-09,0.7401735622954733,301.44039999999995,0.0198445
34.0,301.1841335176188,2.5497218731157574,301.1500000002806,2.55,3.4474569656575387e-09,0.7401734621777436,301.44919999999996,0.019851
35.0,301.1856321585616,2.549717984494137,301.1500000004041,2.55,3.444010257050253e-09,0.7401733621602609,301.45799999999997,0.0198575
36.0,301.18715052884716,2.5497141519172395,301.150000000556,2.55,3.4405871218069343e-09,0.740173262242229,301.4668,0.019864
37.0,301.1886893775363,2.5497103871739366,301.15000000089776,2.55,3.437188528685811e-09,0.7401731624237325,301.4756,0.0198705
38.0,301.19024764549636,2.5497066781362125,301.15000000135626,2.55,3.4338131568347195e-09,0.7401730627035554,301.4844,0.019877
39.0,301.191824931535,2.5497030213786003,301.15000000194374,2.55,3.430460518356093e-09,0.7401729630809543,301.4932,0.019883500000000002
40.0,301.1934208553288,2.5496994137516618,301.15000000267514,2.55,3.427130151688362e-09,0.7401728635552014,301.50199999999995,0.01989
41.0,301.1950350365541,2.549695852105959,301.1500000035655,2.55,3.423821595175233e-09,0.7401727641255685,301.51079999999996,0.0198965
42.0,301.1966674932612,2.5496923382732612,301.15000000482763,2.55,3.420534889585347e-09,0.7401726647916412,301.51959999999997,0.019903
43.0,301.19831841723203,2.5496888762576555,301.1500000067608,2.55,3.4172702949401972e-09,0.7401725655531407,301.5284,0.0199095
44.0,301.1999870606787,2.5496854583149844,301.15000000919747,2.55,3.4140268859952887e-09,0.7401724664090505,301.5372,0.019916
45.0,301.2016731296878,2.5496820823762656,301.1500000121954,2.55,3.4108043099199846e-09,0.7401723673587106,301.546,0.0199225
46.0,301.20337633034546,2.5496787463725203,301.15000001581257,2.55,3.4076022138115252e-09,0.7401722684014603,301.5548,0.019929
47.0,301.2050963687382,2.549675448234768,301.15000002010675,2.55,3.404420244691225e-09,0.74017216953664,301.56359999999995,0.0199355
48.0,301.2068334530721,2.5496721914906635,301.1500000260964,2.55,3.401258678078464e-09,0.7401720707640419,301.57239999999996,0.019942
49.0,301.20858725661157,2.5496689737053932,301.15000003377656,2.55,3.398117119925545e-09,0.7401719720829762,301.58119999999997,0.0199485
50.0,301.2103575117552,2.5496657931032534,301.1500000432555,2.55,3.3949952501278413e-09,0.7401718734928061,301.59,0.019955
51.0,301.2121440409906,2.5496626489126735,301.15000005481363,2.55,3.3918928613189927e-09,0.740171774992977,301.5988,0.0199615
52.0,301.21394667769476,2.549659540483458,301.1500000687525,2.55,3.3888097597393473e-09,0.7401716765829434,301.6076,0.019968
53.0,301.21576589717523,2.5496564662796386,301.1500000859549,2.55,3.3857464945295733e-09,0.7401715782631006,301.6164,0.0199745
54.0,301.2176036465861,2.5496534225549246,301.15000010862303,2.55,3.3827053173278803e-09,0.7401714800360122,301.62519999999995,0.019981
55.0,301.21945848707423,2.5496504111058558,301.150000135961,2.55,3.37968456782973e-09,0.7401713818992353,301.63399999999996,0.0199875
56.0,301.22133055661715,2.5496474313510964,301.1500001685857,2.55,3.3766844090511642e-09,0.7401712838526492,301.64279999999997,0.019994
57.0,301.2232200230223,2.5496444828004563,301.15000020715115,2.55,3.3737050396756895e-09,0.7401711858961706,301.6516,0.0200005
58.0,301.2251270839271,2.549641565054883,301.15000025234957,2.55,3.3707466940740532e-09,0.7401710880297547,301.6604,0.020007
59.0,301.227051966799,2.5496386778064704,301.15000030491046,2.55,3.367809642325978e-09,0.7401709902533934,301.6692,0.0200135
60.0,301.22899492893566,2.5496358208384535,301.1500003656011,2.55,3.3648941902406246e-09,0.7401708925671171,301.678,0.02002
61.0,301.2309591127851,2.5496330056452496,301.1500004354166,2.55,3.3604133044361107e-09,0.7401707949733398,301.68906666666663,0.0200285
62.0,301.2329692386084,2.5496302230664396,301.1500005168233,2.55,3.3559866222108072e-09,0.7401706974922138,301.7001333333333,0.020037
63.0,301.2350367147758,2.5496274741111637,301.1500006116975,2.55,3.3516275064166017e-09,0.7401706001348084,301.71119999999996,0.0200455
64.0,301.2371395780655,2.5496247563137144,301.1500007219547,2.55,3.3473102821972743e-09,0.7401705029005189,301.72226666666666,0.020054
65.0,301.239278400719,2.5496220694092884,301.1500008500726,2.55,3.343035631305427e-09,0.7401704057991366,301.7333333333333,0.0200625
66.0,301.24145030926667,2.549619411256386,301.15000099816285,2.55,3.3388001921090507e-09,0.7401703088241768,301.7444,0.020071
67.0,301.24364563567656,2.5496167797396465,301.1500011687934,2.55,3.3345926547241333e-09,0.7401702119743838,301.7554666666666,0.0200795
68.0,301.2458686213431,2.549614174821751,301.1500013647239,2.55,3.330417990432943e-09,0.7401701152484845,301.7665333333333,0.020087999999999998
69.0,301.2481149750614,2.54961159486093,301.1500015888299,2.55,3.3262711785250557e-09,0.7401700186405518,301.77759999999995,0.0200965
70.0,301.25038569839774,2.549609039978689,301.15000184460916,2.55,3.3221534021661474e-09,0.7401699221526438,301.78866666666664,0.020104999999999998
71.0,301.25267929611385,2.549606509195783,301.1500021351838,2.55,3.3180629150733638e-09,0.7401698257815074,301.79973333333334,0.0201135
72.0,301.2549969155792,2.549604002469927,301.1500024658979,2.55,3.3140010701054543e-09,0.740169729529786,301.8108,0.020122
73.0,301.25733729857393,2.5496015189728096,301.15000283951747,2.55,3.309966399175021e-09,0.7401696333946403,301.82186666666666,0.0201305
74.0,301.25969995387425,2.5495990581374963,301.1500032599316,2.55,3.305958333417708e-09,0.7401695373751576,301.8329333333333,0.020139
75.0,301.2620842730282,2.5495966194746638,301.15000373414995,2.55,3.3019761671043644e-09,0.7401694414720803,301.844,0.0201475
76.0,301.26448979331235,2.5495942023985103,301.1500042653031,2.55,3.2980193641319543e-09,0.7401693456840938,301.85506666666663,0.020156
77.0,301.26691602400473,2.549591806375453,301.15000485812567,2.55,3.294087355805422e-09,0.7401692500105542,301.8661333333333,0.0201645
78.0,301.26936268495285,2.549589431103935,301.15000552121853,2.55,3.290179821611347e-09,0.7401691544508939,301.87719999999996,0.020173
79.0,301.2718292347185,2.5495870759944896,301.1500062583852,2.55,3.2862961326644704e-09,0.7401690590044516,301.88826666666665,0.020181499999999998
80.0,301.2743152573475,2.5495847405764254,301.15000707535387,2.55,3.2824358077345957e-09,0.7401689636705788,301.8993333333333,0.02019
81.0,301.27682080110986,2.5495824246704073,301.15000798209456,2.55,3.278598911586425e-09,0.740168868448437,301.9104,0.0201985
82.0,301.2793453392834,2.549580127736224,301.1500089833234,2.55,3.2747848324842285e-09,0.7401687733374234,301.9214666666666,0.020207
83.0,301.28188860686885,2.5495778494111185,301.1500100870489,2.55,3.270993266538566e-09,0.740168678336873,301.9325333333333,0.0202155
84.0,301.2844509779904,2.5495755898441184,301.1500113146779,2.55,3.2672246628848684e-09,0.7401685834462387,301.94359999999995,0.020224
85.0,301.28703166092157,2.5495733482506813,301.1500126631766,2.55,3.2634780969702457e-09,0.7401684886647584,301.95466666666664,0.0202325
86.0,301.28963035689486,2.5495711242410106,301.15001413984544,2.55,3.2597532248363173e-09,0.7401683939917613,301.96573333333333,0.020241
87.0,301.29224676714296,2.5495689174253098,301.1500157519849,2.55,3.2560497023877003e-09,0.7401682994265762,301.97679999999997,0.0202495
88.0,301.29488059289827,2.549566727413783,301.1500175068955,2.55,3.252367185387983e-09,0.7401682049685322,301.98786666666666,0.020257999999999998
89.0,301.2975315353935,2.549564553816637,301.1500194118777,2.55,3.248705329456941e-09,0.740168110616958,301.9989333333333,0.0202665
90.0,301.3001994904599,2.5495623964261647,301.15002148028407,2.55,3.2450640197793257e-09,0.7401680163713035,302.01,0.020275
91.0,301.30288514111993,2.549560255771234,301.15002374994884,2.55,3.241444070898261e-09,0.7401679222315058,302.0210666666666,0.0202835
92.0,301.30558754192407,2.5495581308569486,301.1500262080606,2.55,3.237844375007226e-09,0.7401678281964936,302.0321333333333,0.020292
93.0,301.3083064594233,2.549556021354636,301.15002886395126,2.55,3.2342646645429488e-09,0.7401677342656356,302.04319999999996,0.0203005
94.0,301.3110416601689,2.549553926935623,301.15003172695276,2.55,3.2307046718314858e-09,0.7401676404383019,302.05426666666665,0.020309
95.0,301.31379291071187,2.5495518472712355,301.15003480639695,2.55,3.2271641290862655e-09,0.7401675467138613,302.0653333333333,0.0203175
96.0,301.3165599776034,2.5495497820328046,301.15003811161574,2.55,3.2236427684048496e-09,0.7401674530916834,302.0764,0.020326
97.0,301.31934288304194,2.549547731160658,301.1500416633369,2.55,3.2201406240922878e-09,0.740167359571344,302.0874666666666,0.0203345
98.0,301.3221421933343,2.549545695167649,301.1500455065424,2.55,3.2166583740783515e-09,0.7401672661528572,302.0985333333333,0.020343
99.0,301.3249571179073,2.549543673138885,301.15004962572965,2.55,3.2131950916309577e-09,0.7401671728351434,302.1096,0.020351499999999998
100.0,301.3277874842331,2.549541664809798,301.1500540329462,2.55,3.2097505807216403e-09,0.7401670796176206,302.12066666666664,0.02036
101.0,301.3306331197842,2.54953966991582,301.1500587402395,2.55,3.206324645242853e-09,0.740166986499708,302.13173333333333,0.0203685
102.0,301.33349385203263,2.5495376881923866,301.1500637596572,2.55,3.2029170890062074e-09,0.7401668934808237,302.14279999999997,0.020377
103.0,301.33636950845073,2.54953571937493,301.1500691032468,2.55,3.199527715740738e-09,0.7401668005603866,302.15386666666666,0.0203855
104.0,301.3392601222398,2.5495337634674833,301.1500747986165,2.55,3.1961565730525885e-09,0.7401667077380326,302.1649333333333,0.020394
105.0,301.34216594229065,2.549531820755675,301.15008088968864,2.55,3.192803964432925e-09,0.7401666150136268,302.176,0.0204025
106.0,301.3450864804028,2.5495298905628037,301.15008736463426,2.55,3.1894693192581423e-09,0.7401665223862535,302.1870666666666,0.020411
107.0,301.3480216018097,2.549527972673604,301.1500942383571,2.55,3.186152485893692e-09,0.7401664298553712,302.1981333333333,0.0204195
108.0,301.3509711717446,2.5495260668728132,301.1501015257607,2.55,3.18285331264489e-09,0.7401663374204382,302.20919999999995,0.020427999999999998
109.0,301.35393505544096,2.5495241729451648,301.15010924174885,2.55,3.179571647756521e-09,0.7401662450809133,302.22026666666665,0.0204365
110.0,301.35691311813207,2.549522290675398,301.15011740122515,2.55,3.1763073394104555e-09,0.7401661528362549,302.2313333333333,0.020444999999999998
111.0,301.35990418836417,2.5495204201812367,301.1501260500142,2.55,3.1730590178950884e-09,0.7401660606858904,302.2424,0.0204535
112.0,301.3629069690687,2.5495185616207614,301.15013523768715,2.55,3.169825165033402e-09,0.7401659686292427,302.25346666666667,0.020462
113.0,301.3659226552313,2.5495167143515935,301.1501449394857,2.55,3.1666071901371244e-09,0.7401658766658107,302.2645333333333,0.0204705
114.0,301.36895103530196,2.549514878183137,301.15015517260366,2.55,3.163404850356724e-09,0.7401657847950508,302.2756,0.020479
115.0,301.37199189773054,2.5495130529248007,301.150165954235,2.55,3.160217902708567e-09,0.7401656930164191,302.28666666666663,0.0204875
116.0,301.3750450309669,2.549511238385989,301.1501773015734,2.55,3.1570461040733963e-09,0.7401656013293717,302.2977333333333,0.020496
117.0,301.3781102234609,2.5495094343761124,301.1501892318129,2.55,3.153889211194033e-09,0.7401655097333651,302.30879999999996,0.0205045
118.0,301.3811872636625,2.5495076407045794,301.1502017621472,2.55,3.1507469806740656e-09,0.7401654182278551,302.31986666666666,0.020513
119.0,301.3842759400216,2.5495058571808,301.1502149097703,2.55,3.1476191689759816e-09,0.7401653268122983,302.3309333333333,0.020521499999999998
120.0,301.3873760409881,2.5495040836141856,301.150228691876,2.55,3.1445055324197887e-09,0.7401652354861505,302.342,0.02053
121.0,301.39047416816095,2.5495023157721164,301.1502431359852,2.55,3.141911842118658e-09,0.7401651442466213,302.3502,0.02053783333333333
122.0,301.3935340143055,2.5495005563172626,301.15025828755915,2.55,3.1392736971286832e-09,0.7401650530870157,302.35839999999996,0.020545666666666667
123.0,301.3965643702901,2.5494988052224903,301.150274167595,2.55,3.136601444060563e-09,0.7401649620061346,302.36659999999995,0.0205535
124.0,301.39957702732,2.5494970625081708,301.15029079973436,2.55,3.133908976798297e-09,0.7401648710022811,302.3748,0.020561333333333334
125.0,301.4025763091642,2.5494953284660147,301.1503082050784,2.55,3.1312013892384776e-09,0.740164780075982,302.383,0.020569166666666666
126.0,301.405569454472,2.5494936033404674,301.15032640510105,2.55,3.128487218417328e-09,0.7401646892272691,302.39119999999997,0.020576999999999998
127.0,301.4085566928364,2.5494918871856873,301.1503454224146,2.55,3.125766732287588e-09,0.7401645984572506,302.39939999999996,0.020584833333333333
128.0,301.41154181853824,2.5494901800997543,301.1503652798321,2.55,3.123044407677505e-09,0.7401645077660319,302.4076,0.020592666666666665
129.0,301.4145227187239,2.549488481842179,301.1503860037555,2.55,3.1203177468543756e-09,0.7401644171537124,302.4158,0.0206005
130.0,301.41750343143286,2.549486792570776,301.150407616174,2.55,3.1175915174393135e-09,0.7401643266207665,302.424,0.020608333333333333
131.0,301.42048403098363,2.5494851121758266,301.15043014274335,2.55,3.114865806388753e-09,0.7401642361671357,302.43219999999997,0.020616166666666668
132.0,301.4234637977408,2.5494834404919944,301.15045361000784,2.55,3.112139762353891e-09,0.7401641457926017,302.44039999999995,0.020624
133.0,301.42644462276814,2.5494817775368235,301.1504780415899,2.55,3.1094156194798243e-09,0.7401640554974748,302.4486,0.020631833333333332
134.0,301.4294257071138,2.549480123175842,301.15050346544194,2.55,3.1066924333273014e-09,0.7401639652813832,302.4568,0.020639666666666667
135.0,301.43240767991813,2.549478477343989,301.15052990680874,2.55,3.103970947274576e-09,0.7401638751443596,302.465,0.0206475
136.0,301.43539098747675,2.549476839970728,301.1505573916416,2.55,3.101251689002804e-09,0.7401637850863722,302.47319999999996,0.020655333333333335
137.0,301.43837572774936,2.5494752109825374,301.15058594802196,2.55,3.0985347746736974e-09,0.7401636951072373,302.4814,0.020663166666666666
138.0,301.4413622857899,2.5494735903020596,301.15061560161223,2.55,3.0958206599897175e-09,0.7401636052069204,302.4896,0.020671000000000002
139.0,301.4443508318559,2.5494719778610673,301.15064638225357,2.55,3.0931095469831914e-09,0.7401635153852879,302.4978,0.020678833333333334
140.0,301.4473416117679,2.549470373586489,301.15067831770125,2.55,3.0904017271668887e-09,0.740163425642238,302.506,0.020686666666666666
141.0,301.4503349651203,2.549468777399249,301.1507114331224,2.55,3.0876976031450756e-09,0.7401633359777079,302.51419999999996,0.0206945
142.0,301.4533311678834,2.5494671892243437,301.1507457554403,2.55,3.084997502534398e-09,0.7401632463916077,302.52239999999995,0.020702333333333333
143.0,301.45633049602753,2.5494656089867673,301.15078131157804,2.55,3.0823017531700383e-09,0.740163156883848,302.5306,0.02071016666666667
144.0,301.4593331162609,2.5494640366117904,301.1508181298903,2.55,3.0796105537748197e-09,0.7401630674543089,302.5388,0.020718
145.0,301.4623384777483,2.549462472026497,301.15085624813133,2.55,3.076923253726621e-09,0.7401629781026634,302.54699999999997,0.020725833333333332
146.0,301.4653472877665,2.5494609151547882,301.15089568757435,2.55,3.0742406916618446e-09,0.7401628888289464,302.55519999999996,0.020733666666666668
147.0,301.46835974576965,2.54945936592185,301.15093647614486,2.55,3.0715631053790573e-09,0.7401627996330463,302.5634,0.0207415
148.0,301.47137605121173,2.5494578242528645,301.1509786417685,2.55,3.0688907328380032e-09,0.7401627105148515,302.5716,0.020749333333333335
149.0,301.474396403547,2.5494562900730147,301.1510222123708,2.55,3.0662238121590105e-09,0.740162621474251,302.5798,0.020757166666666667
150.0,301.4774203464462,2.549454763321779,301.15106722552383,2.55,3.0635618047108654e-09,0.7401625325109153,302.58799999999997,0.020765
151.0,301.4804480004201,2.549453243926062,301.1511137103146,2.55,3.0609048550061996e-09,0.7401624436247072,302.59619999999995,0.020772833333333334
152.0,301.483479719541,2.5494517318076735,301.1511616923941,2.55,3.058253384451823e-09,0.7401623548155666,302.6044,0.020780666666666666
153.0,301.48651562199785,2.5494502268935664,301.15121120088344,2.55,3.055607535145943e-09,0.7401622660833549,302.6126,0.0207885
154.0,301.48955582597983,2.549448729110691,301.15126226490355,2.55,3.052967449284574e-09,0.7401621774279342,302.6208,0.020796333333333333
155.0,301.492600334857,2.549447238394765,301.1513149161154,2.55,3.050333133068814e-09,0.7401620888491178,302.62899999999996,0.02080416666666667
156.0,301.4956488007824,2.549445754708324,301.15136919394934,2.55,3.0477041763445898e-09,0.7401620003465712,302.6372,0.020812
157.0,301.49870159491536,2.5494442779590027,301.15142512193034,2.55,3.0450810211976736e-09,0.7401619119202628,302.6454,0.020819833333333333
158.0,301.5017587863614,2.549442808077501,301.1514827302652,2.55,3.042463751814492e-09,0.7401618235700334,302.6536,0.020827666666666668
159.0,301.5048204442263,2.5494413449945137,301.1515420491606,2.55,3.0398524524412717e-09,0.7401617352957242,302.66179999999997,0.0208355
160.0,301.5078866376157,2.54943988864074,301.15160310882345,2.55,3.0372472073842248e-09,0.7401616470971758,302.66999999999996,0.020843333333333335
161.0,301.51095705571726,2.5494384390302116,301.1516659541816,2.55,3.034647650661207e-09,0.7401615589740266,302.6782,0.020851166666666667
162.0,301.5140318856053,2.54943699606775,301.1517306108708,2.55,3.0320540063311694e-09,0.7401614709261806,302.6864,0.020859000000000003
163.0,301.51711127909664,2.5494355596659073,301.1517971058929,2.55,3.0294664568001476e-09,0.7401613829535231,302.6946,0.020866833333333334
164.0,301.5201952883549,2.5494341297590983,301.15186547011115,2.55,3.026885066414214e-09,0.7401612950558859,302.70279999999997,0.020874666666666666
165.0,301.52328396554367,2.549432706281733,301.15193573438887,2.55,3.0243098995662937e-09,0.7401612072331011,302.71099999999996,0.020882500000000002
166.0,301.5263773628265,2.5494312891682247,301.1520079295892,2.55,3.0217410206965443e-09,0.7401611194850007,302.7192,0.020890333333333334
167.0,301.529475532367,2.549429878352985,301.1520820865756,2.55,3.019178494292493e-09,0.7401610318114169,302.7274,0.02089816666666667
168.0,301.5325785263287,2.5494284737704227,301.15215823621116,2.55,3.0166223848894333e-09,0.7401609442121811,302.7356,0.020906
169.0,301.5356863968751,2.5494270753549513,301.15223640935915,2.55,3.014072757070241e-09,0.7401608566871256,302.74379999999996,0.020913833333333333
170.0,301.5387986437655,2.549425683210039,301.15231666033,2.55,3.0115290200163708e-09,0.7401607692357821,302.75199999999995,0.02092166666666667
171.0,301.5419156573666,2.5494242971665937,301.15239900563165,2.55,3.008991639428429e-09,0.7401606818581667,302.7602,0.0209295
172.0,301.5450374965042,2.5494229171569867,301.1524834758447,2.55,3.0064606878092175e-09,0.7401605945541146,302.7684,0.020937333333333336
173.0,301.5481641940603,2.549421543121529,301.1525701026507,2.55,3.0039362069158415e-09,0.7401605073234474,302.7766,0.020945166666666667
174.0,301.5512957829166,2.5494201750005328,301.1526589177314,2.55,3.001418238537626e-09,0.7401604201659866,302.78479999999996,0.020953
175.0,301.5544322959551,2.5494188127343085,301.15274995276854,2.55,2.9989068244963055e-09,0.7401603330815539,302.793,0.020960833333333335
176.0,301.55757376605766,2.549417456263167,301.1528432394437,2.55,2.9964020066465616e-09,0.7401602460699704,302.8012,0.020968666666666667
177.0,301.5607202261061,2.549416105527418,301.15293880943864,2.55,2.993903826875893e-09,0.740160159131058,302.8094,0.020976500000000002
178.0,301.56387168625025,2.5494147604730673,301.15303669504596,2.55,2.9914123000844337e-09,0.7401600722646324,302.81759999999997,0.020984333333333334
179.0,301.5670279021923,2.549413421109869,301.1531369353976,2.55,2.9889271386934922e-09,0.7401599854704476,302.82579999999996,0.02099216666666667
180.0,301.5701888680174,2.5494120873878545,301.15323956321794,2.55,2.9864483383716526e-09,0.7401598987483148,302.834,0.021
181.0,301.5733187539181,2.5494107660730903,301.1533446094863,2.55,2.9833903598590645e-09,0.7401598121095414,302.8398833333333,0.021008500000000003
182.0,301.576412185003,2.5494094536899574,301.15345210815184,2.55,2.980289665229396e-09,0.7401597255556303,302.84576666666663,0.021017
183.0,301.57948512253904,2.5494081498978476,301.15356208994103,2.55,2.977165248978167e-09,0.7401596390899441,302.85164999999995,0.021025500000000003
184.0,301.5825375741207,2.5494068551121822,301.1536745869221,2.55,2.9740171110943262e-09,0.740159552716213,302.8575333333333,0.021034
185.0,301.585576044426,2.5494055686816584,301.15378964640155,2.55,2.9708529878153004e-09,0.7401594664355284,302.86341666666664,0.021042500000000002
186.0,301.5886025658476,2.549404290295019,301.15390726838666,2.55,2.9676752914636338e-09,0.7401593802468891,302.86929999999995,0.021051
187.0,301.5916204992303,2.5494030195201987,301.1540275226653,2.55,2.964488019097347e-09,0.7401592941511141,302.8751833333333,0.021059500000000002
188.0,301.59463280637937,2.5494017559922604,301.154150449251,2.55,2.961294695092803e-09,0.7401592081484453,302.88106666666664,0.021068
189.0,301.59763663827687,2.5494005000623057,301.15427600965404,2.55,2.9580919206979555e-09,0.7401591222386502,302.88694999999996,0.0210765
190.0,301.6006351154915,2.54939925121401,301.15440432017283,2.55,2.954883409770828e-09,0.7401590364221875,302.89283333333333,0.021085
191.0,301.6036278689257,2.5493980095084687,301.15453536705166,2.55,2.951668719338321e-09,0.7401589506990031,302.89871666666664,0.0210935
192.0,301.60661434867785,2.5493967750363984,301.15466913019947,2.55,2.9484471906056267e-09,0.7401588650690177,302.90459999999996,0.021102000000000003
193.0,301.6095967023824,2.5493955474081753,301.15480573542453,2.55,2.945221380313492e-09,0.7401587795327674,302.91048333333333,0.0211105
194.0,301.6125747452204,2.5493943266573478,301.1549451719001,2.55,2.9419910657801084e-09,0.7401586940902057,302.91636666666665,0.021119000000000002
195.0,301.61554881374764,2.549393112712223,301.15508746882443,2.55,2.9387566458645457e-09,0.7401586087414403,302.92224999999996,0.0211275
196.0,301.61851867525905,2.5493919055716603,301.15523265119646,2.55,2.9355178404531776e-09,0.740158523486509,302.92813333333334,0.021136000000000002
197.0,301.62148520035225,2.5493907050977738,301.1553807521538,2.55,2.932275685922142e-09,0.7401584383255844,302.93401666666665,0.0211445
198.0,301.62444881271404,2.5493895112080667,301.15553180153745,2.55,2.9290306859040437e-09,0.7401583532587845,302.93989999999997,0.021153
199.0,301.62740993603137,2.549388323820038,301.15568582918837,2.55,2.925783344363897e-09,0.740158268286228,302.94578333333334,0.0211615
200.0,301.6303685249239,2.549387142896963,301.1558428677534,2.55,2.9225336054471334e-09,0.7401581834079312,302.95166666666665,0.02117
201.0,301.6333243823611,2.5493859684169236,301.15600295078656,2.55,2.9192812321373828e-09,0.7401580986238786,302.95754999999997,0.021178500000000003
202.0,301.63627825257566,2.5493848002661297,301.15616610621134,2.55,2.9160271116696195e-09,0.7401580139342574,302.9634333333333,0.021187
203.0,301.6392304357743,2.5493836383741257,301.15633236460735,2.55,2.9127716013526456e-09,0.7401579293391591,302.96931666666666,0.021195500000000003
204.0,301.6421812321638,2.549382482670456,301.1565017565541,2.55,2.90951505872917e-09,0.7401578448386753,302.9752,0.021204
205.0,301.6451302767877,2.5493813331576645,301.1566743099287,2.55,2.9062570466666132e-09,0.740157760432682,302.9810833333333,0.021212500000000002
206.0,301.6480776496756,2.54938018978946,301.15685005441594,2.55,2.902997659619344e-09,0.7401576761211992,302.98696666666666,0.021221
207.0,301.6510238144688,2.5493790524774456,301.15702902125963,2.55,2.899737450691517e-09,0.7401575919043714,302.99285,0.021229500000000002
208.0,301.6539689591855,2.549377921163476,301.1572112405834,2.55,2.896476643801804e-09,0.7401575077822539,302.9987333333333,0.021238
209.0,301.6569132718441,2.549376795789403,301.15739674251114,2.55,2.893215463014642e-09,0.7401574237549015,303.00461666666666,0.0212465
210.0,301.6598564079767,2.549375676367492,301.1575855467784,2.55,2.889953495763875e-09,0.7401573398221186,303.0105,0.021255000000000003
211.0,301.6627986530622,2.549374562826708,301.1577776854104,2.55,2.8866910826633147e-09,0.7401572559840056,303.0163833333333,0.0212635
212.0,301.6657402035406,2.549373455107789,301.15797318869517,2.55,2.883428458035944e-09,0.7401571722406224,303.02226666666667,0.021272000000000003
213.0,301.66868118318143,2.549372353161079,301.15817208550294,2.55,2.880165769411899e-09,0.7401570885919934,303.02815,0.0212805
214.0,301.6716216930215,2.5493712569410265,301.15837440346183,2.55,2.87690313722278e-09,0.7401570050381262,303.0340333333333,0.021289000000000002
215.0,301.6745613582253,2.549370166487936,301.15858014419206,2.55,2.8736401126210064e-09,0.7401569215786701,303.03991666666667,0.0212975
216.0,301.67750063856147,2.5493690816915313,301.1587893549272,2.55,2.8703772451921266e-09,0.7401568382139033,303.0458,0.021306000000000002
217.0,301.68043963778916,2.5493680025057674,301.159002063444,2.55,2.867114658792627e-09,0.7401567549438354,303.0516833333333,0.0213145
218.0,301.6833784596675,2.5493669288845986,301.15921829751926,2.55,2.8638524773596127e-09,0.7401566717684761,303.0575666666666,0.021323
219.0,301.6863172079555,2.549365860781978,301.15943808492966,2.55,2.860590824910403e-09,0.7401565886878352,303.06345,0.0213315
220.0,301.6892559864123,2.5493647981518572,301.15966145345186,2.55,2.8573298255429477e-09,0.7401565057019222,303.0693333333333,0.02134
221.0,301.69219489879697,2.5493637409481904,301.15988843086274,2.55,2.854069603435233e-09,0.7401564228107472,303.0752166666666,0.021348500000000003
222.0,301.6951340488686,2.549362689124928,301.160119044939,2.55,2.8508102828463665e-09,0.74015634001432,303.0811,0.021357
223.0,301.69807297436626,2.549361642745817,301.16035328428393,2.55,2.8475513100811836e-09,0.7401562573122022,303.0869833333333,0.021365500000000003
224.0,301.7010120186423,2.549360601718333,301.16059119325627,2.55,2.844293096284464e-09,0.7401561747045934,303.0928666666666,0.021374
225.0,301.70395135118196,2.5493595659836785,301.1608328041815,2.55,2.8410358445255105e-09,0.7401560921915551,303.09875,0.021382500000000002
226.0,301.7068910498042,2.5493585355008364,301.16107814304115,2.55,2.8377796481445615e-09,0.7401560097730766,303.1046333333333,0.021391
227.0,301.709831192328,2.5493575102287886,301.16132723581654,2.55,2.8345246005428423e-09,0.7401559274491474,303.1105166666666,0.021399500000000002
228.0,301.71277185657226,2.5493564901265167,301.16158010848926,2.55,2.8312707951816644e-09,0.7401558452197563,303.1164,0.021408
229.0,301.71571312035593,2.5493554751530008,301.1618367870407,2.55,2.8280183255829926e-09,0.7401557630848927,303.1222833333333,0.0214165
230.0,301.71865506149794,2.549354465267222,301.16209729745236,2.55,2.8247672853297656e-09,0.7401556810445458,303.12816666666663,0.021425
231.0,301.721597377277,2.549353460507036,301.162361631793,2.55,2.82151731166384e-09,0.7401555990984018,303.13405,0.0214335
232.0,301.7245401223299,2.5493524608362277,301.16262981397807,2.55,2.8182684702590304e-09,0.7401555172464309,303.1399333333333,0.021442000000000003
233.0,301.7274835400734,2.5493514661794547,301.1629018847467,2.55,2.815021053318578e-09,0.7401554354887546,303.14581666666663,0.0214505
234.0,301.73042768412193,2.549350476500715,301.1631778679233,2.55,2.811775125484983e-09,0.7401553538253428,303.1517,0.021459000000000002
235.0,301.73337260809,2.549349491764003,301.1634577873324,2.55,2.8085307514430305e-09,0.7401552722561654,303.1575833333333,0.0214675
236.0,301.736318365592,2.5493485119333172,301.1637416667983,2.55,2.8052879959191004e-09,0.7401551907811925,303.16346666666664,0.021476000000000002
237.0,301.73926501024243,2.549347536972652,301.1640295301454,2.55,2.802046923682094e-09,0.740155109400394,303.16934999999995,0.0214845
238.0,301.74221259565576,2.549346566846004,301.16432140119826,2.55,2.7988075995422993e-09,0.7401550281137396,303.1752333333333,0.021493
239.0,301.745161127072,2.549345601527924,301.16461729876113,2.55,2.795570030263361e-09,0.7401549469211596,303.18111666666664,0.0215015
240.0,301.74811568203813,2.5493446406861953,301.16491722617064,2.55,2.792340320848147e-09,0.7401548658213191,303.18699999999995,0.02151
241.0,301.75119044362543,2.549343666180402,301.16522120562826,2.55,2.790753262501713e-09,0.7401547847891764,303.2002833333333,0.021516666666666667
242.0,301.7543896428911,2.549342686185838,301.16552925779155,2.55,2.7893165196352512e-09,0.740154703809154,303.2135666666666,0.021523333333333335
243.0,301.7576872425614,2.549341699805467,301.1658414079028,2.55,2.787998832593738e-09,0.7401546228665833,303.22684999999996,0.02153
244.0,301.7610564018344,2.5493407089195808,301.16615767092287,2.55,2.786767975735552e-09,0.7401545419605852,303.2401333333333,0.02153666666666667
245.0,301.76447587870894,2.5493397151959067,301.1664780774178,2.55,2.785598438895162e-09,0.7401544610875653,303.2534166666666,0.021543333333333334
246.0,301.7679475631095,2.5493387186034715,301.1668026362403,2.55,2.7844925320895026e-09,0.7401543802471068,303.26669999999996,0.02155
247.0,301.77146614930706,2.54933771963848,301.16713136354315,2.55,2.7834439060599372e-09,0.7401542994379845,303.2799833333333,0.02155666666666667
248.0,301.7750271316291,2.5493367186363827,301.1674642843945,2.55,2.7824471694714747e-09,0.7401542186582047,303.2932666666666,0.021563333333333334
249.0,301.77862852223035,2.5493357157388417,301.1678014118845,2.55,2.7814999589891723e-09,0.7401541379067345,303.30654999999996,0.021570000000000002
250.0,301.7822684268591,2.5493347110626265,301.16814276209,2.55,2.780600022295235e-09,0.7401540571823035,303.3198333333333,0.021576666666666668
251.0,301.7859432291272,2.5493337048975935,301.1684883525122,2.55,2.7797430312679643e-09,0.7401539764835329,303.3331166666666,0.021583333333333333
252.0,301.7896523442743,2.549332697260084,301.16883820076515,2.55,2.778928307021694e-09,0.7401538958092069,303.34639999999996,0.02159
253.0,301.79339349214837,2.5493316883150436,301.169192324032,2.55,2.7781531272597136e-09,0.7401538151580229,303.3596833333333,0.021596666666666667
254.0,301.79716462164345,2.5493306782105147,301.1695507391572,2.55,2.777415043726292e-09,0.7401537345287342,303.3729666666666,0.021603333333333335
255.0,301.8009661589823,2.549329666894038,301.16991346152105,2.55,2.776714593047852e-09,0.7401536539204602,303.38624999999996,0.02161
256.0,301.8047958632535,2.549328654526689,301.1702805083749,2.55,2.776049096179875e-09,0.7401535733318932,303.3995333333333,0.021616666666666666
257.0,301.8086531573389,2.5493276411376655,301.1706518946046,2.55,2.7754178787625452e-09,0.7401534927620964,303.41281666666663,0.021623333333333335
258.0,301.8125376064365,2.549326626745003,301.1710276347909,2.55,2.7748204376966263e-09,0.7401534122101728,303.42609999999996,0.02163
259.0,301.81644792065,2.5493256114338436,301.1714077453479,2.55,2.774255237751319e-09,0.7401533316749819,303.4393833333333,0.02163666666666667
260.0,301.82038441175956,2.5493245951621137,301.17179223522413,2.55,2.773722675631743e-09,0.7401532511560883,303.45266666666663,0.021643333333333334
261.0,301.8243456990762,2.549323578022607,301.1721811223992,2.55,2.773221105346454e-09,0.740153170652241,303.46594999999996,0.02165
262.0,301.8283309352013,2.549322560065632,301.1725744220071,2.55,2.7727495235106396e-09,0.7401530901624461,303.4792333333333,0.021656666666666668
263.0,301.83233931376697,2.5493215413382275,301.1729721489628,2.55,2.7723069755144073e-09,0.7401530096857291,303.49251666666663,0.021663333333333333
264.0,301.8363706761272,2.549320521835413,301.1733743139006,2.55,2.77189328845443e-09,0.7401529292214366,303.50579999999997,0.021670000000000002
265.0,301.8404250705076,2.5493195015355887,301.1737809260872,2.55,2.771508539328685e-09,0.7401528487690164,303.5190833333333,0.021676666666666667
266.0,301.84450129824796,2.549318480517316,301.1741920030304,2.55,2.771151298368604e-09,0.7401527683273006,303.53236666666663,0.021683333333333332
267.0,301.8485987392981,2.549317458812684,301.17460755841387,2.55,2.770820834043147e-09,0.7401526878954073,303.54564999999997,0.02169
268.0,301.8527167736078,2.549316436453787,301.17502760592123,2.55,2.7705164142395016e-09,0.7401526074724539,303.5589333333333,0.021696666666666666
269.0,301.85685623301714,2.549315413357288,301.1754521473779,2.55,2.7702390621579365e-09,0.7401525270582769,303.57221666666663,0.021703333333333335
270.0,301.8610160648169,2.5493143895896804,301.1758812000012,2.55,2.769987522334061e-09,0.74015244665178,303.58549999999997,0.02171
271.0,301.86519574228635,2.549313365175645,301.1763147767125,2.55,2.7697611746421713e-09,0.7401523662521277,303.5987833333333,0.021716666666666665
272.0,301.8693948180198,2.5493123401335565,301.17675288978535,2.55,2.7695594944427607e-09,0.7401522858585229,303.61206666666664,0.021723333333333334
273.0,301.87361321466216,2.5493113144527797,301.17719554698976,2.55,2.769382404630749e-09,0.7401522054703762,303.62534999999997,0.02173
274.0,301.87785104646264,2.5493102881076526,301.17764275376385,2.55,2.769230060092351e-09,0.740152125087206,303.6386333333333,0.021736666666666668
275.0,301.882107611954,2.549309261136477,301.1780945254731,2.55,2.7691016280148665e-09,0.7401520447080729,303.65191666666664,0.021743333333333333
276.0,301.88638257798976,2.54930823354868,301.1785508730006,2.55,2.768996721040334e-09,0.7401519643322445,303.66519999999997,0.02175
277.0,301.89067561142343,2.549307205353685,301.17901180722924,2.55,2.7689149515035927e-09,0.740151883958988,303.6784833333333,0.021756666666666667
278.0,301.894987235111,2.549306176496218,301.1794773202928,2.55,2.7688569688886943e-09,0.7401518035882002,303.69176666666664,0.021763333333333332
279.0,301.89931671986085,2.5493051470156436,301.1799474317489,2.55,2.7688219055360036e-09,0.7401517232188575,303.70504999999997,0.02177
280.0,301.9036637078803,2.5493041169232535,301.1804221530204,2.55,2.7688093433548527e-09,0.7401516428502084,303.7183333333333,0.021776666666666666
281.0,301.9080279154106,2.549303086224749,301.1809014939086,2.55,2.7688189536990537e-09,0.7401515624815573,303.73161666666664,0.02178333333333333
282.0,301.91240905869313,2.54930205492583,301.18138546421477,2.55,2.7688504076556096e-09,0.7401514821122078,303.7449,0.02179
283.0,301.91680685396904,2.5493010230322017,301.18187407374006,2.55,2.768903376042786e-09,0.7401514017414632,303.7581833333333,0.021796666666666666
284.0,301.92122101747964,2.549299990549568,301.1823673322858,2.55,2.7689775294051894e-09,0.7401513213686273,303.77146666666664,0.021803333333333334
285.0,301.9256523991011,2.5492989574009526,301.1828652184716,2.55,2.7690739143195972e-09,0.7401512409939394,303.78475,0.02181
286.0,301.930100049632,2.5492979236405935,301.1833677604023,2.55,2.769191393702705e-09,0.740151160616154,303.7980333333333,0.021816666666666665
287.0,301.9345637377409,2.5492968892703756,301.1838749664371,2.55,2.7693297013691885e-09,0.7401510802346177,303.81131666666664,0.021823333333333333
288.0,301.9390432381404,2.549295854291743,301.18438684476894,2.55,2.7694885782573645e-09,0.7401509998486833,303.8246,0.02183
289.0,301.9435383255432,2.5492948187061426,301.1849034035907,2.55,2.769667765091463e-09,0.7401509194577018,303.8378833333333,0.021836666666666667
290.0,301.9480487746621,2.549293782515023,301.1854246510954,2.55,2.7698670023787894e-09,0.7401508390610255,303.85116666666664,0.021843333333333333
291.0,301.9525744306983,2.5492927457149106,301.1859505932362,2.55,2.770086116114398e-09,0.7401507586580693,303.86445,0.021849999999999998
292.0,301.95711598168396,2.549291708243482,301.1864812091861,2.55,2.770325957216496e-09,0.7401506782490038,303.8777333333333,0.021856666666666667
293.0,301.9616726365732,2.5492906701416898,301.18701652511453,2.55,2.7705855781786693e-09,0.7401505978326737,303.89101666666664,0.021863333333333332
294.0,301.9662442223775,2.5492896314073343,301.1875565475526,2.55,2.770864782644225e-09,0.7401505174084775,303.9043,0.02187
295.0,301.97083056610813,2.5492885920382147,301.1881012830317,2.55,2.7711633740948063e-09,0.7401504369758143,303.9175833333333,0.021876666666666666
296.0,301.9754314947766,2.5492875520321325,301.1886507380828,2.55,2.7714811558487373e-09,0.740150356534083,303.93086666666665,0.02188333333333333
297.0,301.98004683539426,2.5492865113868923,301.1892049192372,2.55,2.7718179310592086e-09,0.7401502760826822,303.94415,0.02189
298.0,301.98467644410505,2.5492854700983285,301.1897638320239,2.55,2.77217353819853e-09,0.7401501956210382,303.9574333333333,0.021896666666666665
299.0,301.9893204673432,2.5492844281426645,301.1903274719844,2.55,2.772548169295902e-09,0.7401501151488524,303.97071666666665,0.021903333333333334
300.0,301.99395334432904,2.549283386250658,301.1908958431296,2.55,2.7729106790866568e-09,0.7401500346676712,303.984,0.02191
301.0,301.9985280859728,2.5492823478716993,301.1914689500441,2.55,2.772913257568979e-09,0.7401499541809143,303.99165,0.021917
302.0,302.0030381013317,2.5492813119385067,301.192046798826,2.55,2.772838312105702e-09,0.7401498736936076,303.99929999999995,0.021924
303.0,302.007480832487,2.5492802790706452,301.19262939511276,2.55,2.772682667980497e-09,0.7401497932095086,304.00694999999996,0.021931
304.0,302.01188082643847,2.5492792489376743,301.1932167415414,2.55,2.7724762210461966e-09,0.7401497127298352,304.0146,0.021938
305.0,302.01625704567465,2.5492782212728766,301.19380884771795,2.55,2.7722420799752926e-09,0.7401496322578066,304.02225,0.021945
306.0,302.02060432952686,2.5492771961400846,301.1944057119451,2.55,2.771973923167692e-09,0.7401495517927554,304.0299,0.021952
307.0,302.02493325286207,2.549276173245298,301.19500734407825,2.55,2.7716846386187627e-09,0.7401494713365085,304.03754999999995,0.021959
308.0,302.0292408020368,2.549275152666807,301.1956137419446,2.55,2.7713705296446595e-09,0.7401493908885887,304.04519999999997,0.021966
309.0,302.0335329543392,2.549274134231341,301.19622491487223,2.55,2.7710388802813373e-09,0.7401493104502793,304.05285,0.021973
310.0,302.0378105100416,2.5492731179161217,301.19684086527013,2.55,2.7706906553707636e-09,0.7401492300218196,304.0605,0.02198
311.0,302.0420737427585,2.5492721037144106,301.19746159728743,2.55,2.7703261770108536e-09,0.7401491496034864,304.06815,0.021987
312.0,302.0463255949645,2.5492710915407972,301.19808711511945,2.55,2.769949030444138e-09,0.740149069195888,304.07579999999996,0.021994
313.0,302.0505672697858,2.549270081358255,301.1987174233946,2.55,2.7695606773666087e-09,0.740148988799407,304.08344999999997,0.022001
314.0,302.05479835988876,2.549269073171515,301.19935252763764,2.55,2.769160611049126e-09,0.7401489084142078,304.0911,0.022008
315.0,302.05902112593424,2.549268066916114,301.1999924318885,2.55,2.768751588411586e-09,0.7401488280408165,304.09875,0.022015
316.0,302.0632362374495,2.549267062566999,301.2006371411306,2.55,2.768334421860505e-09,0.7401487476795039,304.10639999999995,0.022022
317.0,302.0674431903328,2.5492660601262465,301.20128666110435,2.55,2.7679084880312455e-09,0.7401486673303095,304.11404999999996,0.022029
318.0,302.0716434894362,2.5492650595494846,301.2019409962541,2.55,2.7674756225614603e-09,0.740148586993668,304.1217,0.022036
319.0,302.07583757837114,2.549264060816415,301.20260015192025,2.55,2.767036363221076e-09,0.7401485066697685,304.12935,0.022043
320.0,302.08002533605026,2.5492630639190494,301.20326413414926,2.55,2.766590556601081e-09,0.7401484263586279,304.137,0.02205
321.0,302.08420764321596,2.549262068827548,301.2039329477347,2.55,2.766139276563584e-09,0.740148346060568,304.14464999999996,0.022057
322.0,302.0883847174646,2.549261075526494,301.20460659930825,2.55,2.765682785323062e-09,0.74014826577565,304.15229999999997,0.022064
323.0,302.09255656719455,2.5492600840050104,301.20528509645476,2.55,2.7652210889234085e-09,0.7401481855038312,304.15995,0.022071
324.0,302.09672400378753,2.5492590942347917,301.2059684430998,2.55,2.7647551778865323e-09,0.7401481052454677,304.1676,0.022078
325.0,302.1008874688355,2.549258106195552,301.20665664485404,2.55,2.7642855901814087e-09,0.7401480250007325,304.17525,0.022085
326.0,302.1050474039303,2.5492571198670033,301.2073497073283,2.55,2.763812864276929e-09,0.7401479447697975,304.18289999999996,0.022092
327.0,302.10920402587556,2.5492561352338834,301.20804763768143,2.55,2.763337263359189e-09,0.7401478645527237,304.19055,0.022099
328.0,302.1133567886941,2.5492551522979943,301.2087504483252,2.55,2.762858114829361e-09,0.7401477843491915,304.1982,0.022106
329.0,302.1175066344211,2.5492541710278447,301.2094581414239,2.55,2.7623765718763487e-09,0.7401477041596225,304.20585,0.022113
330.0,302.1216538930642,2.5492531914056347,301.2101707233569,2.55,2.761893037368487e-09,0.7401476239841339,304.21349999999995,0.02212
331.0,302.1257988946309,2.549252213413559,301.21088820050323,2.55,2.761407914545366e-09,0.7401475438228426,304.22114999999997,0.022126999999999997
332.0,302.1299419256982,2.5492512370348157,301.2116105796785,2.55,2.7609215536736064e-09,0.740147463675844,304.2288,0.022133999999999997
333.0,302.1340821553585,2.5492502622784743,301.2123378789236,2.55,2.7604329324827704e-09,0.7401473835426758,304.23645,0.022140999999999997
334.0,302.1382204671113,2.549249289113914,301.21307009905775,2.55,2.7599431344452475e-09,0.7401473034237311,304.2441,0.022147999999999998
335.0,302.14235708620754,2.54924831752575,301.2138072475124,2.55,2.7594524349797173e-09,0.7401472233190746,304.25174999999996,0.022154999999999998
336.0,302.14649223789814,2.5492473474985946,301.2145493317192,2.55,2.7589611097577402e-09,0.7401471432287711,304.25939999999997,0.022161999999999998
337.0,302.1506261474341,2.5492463790170596,301.2152963591095,2.55,2.758469434703392e-09,0.7401470631528849,304.26705,0.022168999999999998
338.0,302.154758365268,2.549245412082543,301.21604834884556,2.55,2.7579768560490435e-09,0.7401469830911017,304.2747,0.022175999999999998
339.0,302.1588893099725,2.549244446674848,301.21680530499816,2.55,2.7574838874791866e-09,0.7401469030435949,304.28234999999995,0.022182999999999998
340.0,302.1630192095088,2.5492434827785138,301.2175672349518,2.55,2.756990808605472e-09,0.7401468230104307,304.28999999999996,0.022189999999999998
341.0,302.16714822117876,2.5492425203798383,301.21833414731907,2.55,2.7564978123301828e-09,0.7401467429916354,304.29765,0.022196999999999998
342.0,302.1712765022845,2.54924155946512,301.21910605071275,2.55,2.756005091732097e-09,0.7401466629872354,304.3053,0.022203999999999998
343.0,302.1754037274334,2.549240600034568,301.2198829708408,2.55,2.7555122457318585e-09,0.7401465829969087,304.31295,0.022210999999999998
344.0,302.17953013097554,2.5492396420722576,301.22066491358703,2.55,2.755019562244565e-09,0.7401465030207369,304.32059999999996,0.022217999999999998
345.0,302.1836560050008,2.5492386855605993,301.22145188279063,2.55,2.7545274005737333e-09,0.7401464230588441,304.32824999999997,0.022224999999999998
346.0,302.18778147896376,2.549237730486688,301.22224388805057,2.55,2.754035919964065e-09,0.7401463431112372,304.3359,0.022232
347.0,302.19190668231903,2.5492367768376196,301.2230409389658,2.55,2.7535452798045616e-09,0.7401462631779219,304.34355,0.022239
348.0,302.19603174452106,2.5492358246004887,301.22384304513537,2.55,2.753055639629373e-09,0.7401461832589047,304.35119999999995,0.022246
349.0,302.2001567950245,2.549234873762388,301.2246502161581,2.55,2.7525671591184073e-09,0.7401461033541921,304.35884999999996,0.022253
350.0,302.2042819632839,2.5492339243104096,301.2254624616332,2.55,2.7520799980960075e-09,0.7401460234637905,304.3665,0.02226
351.0,302.2084068248935,2.549232976248839,301.22627981598197,2.55,2.7515936333399463e-09,0.7401459435872646,304.37415,0.022267
352.0,302.2125315780758,2.5492320295626323,301.2271022857215,2.55,2.7511083093446187e-09,0.740145863724676,304.3818,0.022274
353.0,302.21665651973035,2.5492310842336847,301.22792987294633,2.55,2.7506243926011113e-09,0.7401457838761638,304.38944999999995,0.022281
354.0,302.2207817466047,2.549230140250101,301.2287625887213,2.55,2.750142002875927e-09,0.740145704041709,304.39709999999997,0.022288
355.0,302.22490735544625,2.5492291975999857,301.22960044411116,2.55,2.74966126004435e-09,0.7401456242212915,304.40475,0.022295
356.0,302.2290334430026,2.5492282562714434,301.23044345018076,2.55,2.7491822840907175e-09,0.7401455444148918,304.4124,0.022302
357.0,302.2331601060212,2.5492273162525763,301.23129161799494,2.55,2.7487051951078006e-09,0.74014546462249,304.42004999999995,0.022309
358.0,302.2372874412495,2.549226377531487,301.23214495861845,2.55,2.748230113297784e-09,0.7401453848440664,304.42769999999996,0.022316
359.0,302.24142518812744,2.5492254409891704,301.23300350052915,2.55,2.7477690846454876e-09,0.7401453050850525,304.43534999999997,0.022323
360.0,302.2455738820243,2.5492245066542845,301.2338672555839,2.55,2.747322780332442e-09,0.740145225345677,304.443,0.02233
361.0,302.2497310528008,2.54922357709751,301.23473623021215,2.55,2.7464930425021403e-09,0.7401451456244683,304.4517833333333,0.0223375
362.0,302.2538977594722,2.5492226495756567,301.2356104372164,2.55,2.745676302241093e-09,0.7401450659219512,304.46056666666664,0.022345
363.0,302.25807506105366,2.5492217241658697,301.2364898893992,2.55,2.7448738787397396e-09,0.7401449862386499,304.46934999999996,0.0223525
364.0,302.26226401656044,2.5492208009452817,301.237374599563,2.55,2.744087092422803e-09,0.7401449065750888,304.4781333333333,0.022359999999999998
365.0,302.2664601964709,2.5492198795821377,301.2382645864547,2.55,2.7433104683834694e-09,0.7401448269317326,304.4869166666666,0.0223675
366.0,302.27066209189377,2.5492189599622916,301.2391598656579,2.55,2.742542144170787e-09,0.7401447473090784,304.4957,0.022375
367.0,302.27487350393386,2.5492180423671673,301.2400604470053,2.55,2.7417868341478327e-09,0.7401446677076797,304.5044833333333,0.0223825
368.0,302.2790947998693,2.5492171268223682,301.2409663440486,2.55,2.7410450019244276e-09,0.7401445881280534,304.51326666666665,0.02239
369.0,302.2833263469786,2.5492162133534944,301.24187757033945,2.55,2.7403171115583546e-09,0.7401445085707163,304.52205,0.0223975
370.0,302.28756851253974,2.549215301986143,301.24279413942963,2.55,2.73960362755728e-09,0.7401444290361853,304.5308333333333,0.022405
371.0,302.2918177337059,2.549214392287711,301.2437160653738,2.55,2.7389001399637566e-09,0.7401443495222845,304.53961666666663,0.0224125
372.0,302.2960699090689,2.549213483762835,301.2446433622958,2.55,2.738201566506504e-09,0.7401442700264685,304.54839999999996,0.02242
373.0,302.3003288178092,2.549212576834922,301.2455760433105,2.55,2.737512599796127e-09,0.7401441905515923,304.5571833333333,0.0224275
374.0,302.3045941672259,2.549211671452647,301.2465141220541,2.55,2.736832882546833e-09,0.7401441110977204,304.56596666666667,0.022435
375.0,302.30886566461817,2.549210767564686,301.2474576121628,2.55,2.7361620571421272e-09,0.740144031664917,304.57475,0.0224425
376.0,302.3131430172852,2.549209865119721,301.24840652727266,2.55,2.735499765633059e-09,0.7401439522532474,304.5835333333333,0.02245
377.0,302.31742601008864,2.549208964056862,301.24936087960356,2.55,2.7348457459302753e-09,0.740143872861573,304.59231666666665,0.0224575
378.0,302.32171453349895,2.549208064302194,301.2503206794466,2.55,2.734199866707981e-09,0.7401437934871179,304.6011,0.022465
379.0,302.326008175314,2.549207165819145,301.2512859426202,2.55,2.7335616209662628e-09,0.7401437141317999,304.6098833333333,0.0224725
380.0,302.3303066618421,2.5492062685540597,301.25225668241353,2.55,2.7329306731308814e-09,0.740143634795389,304.6186666666666,0.02248
381.0,302.33460971939166,2.549205372453284,301.2532329121155,2.55,2.7323066873117474e-09,0.7401435554776551,304.62744999999995,0.0224875
382.0,302.33891707427097,2.5492044774631637,301.25421464501517,2.55,2.731689327301967e-09,0.7401434761783678,304.63623333333334,0.022495
383.0,302.34322881654333,2.5492035835872917,301.25520189269554,2.55,2.731078709179538e-09,0.7401433968971827,304.64501666666666,0.0225025
384.0,302.3475465923705,2.549202691074136,301.25619465944095,2.55,2.730476885778077e-09,0.7401433176332659,304.6538,0.02251
385.0,302.3518689539935,2.5492017996852807,301.25719296404714,2.55,2.7298820604327976e-09,0.740143238386757,304.6625833333333,0.0225175
386.0,302.3561957755248,2.5492009093903345,301.25819681910997,2.55,2.729294080688116e-09,0.7401431591573786,304.67136666666664,0.022525
387.0,302.3605269310765,2.5492000201589073,301.2592062372251,2.55,2.72871279394436e-09,0.7401430799448548,304.68014999999997,0.0225325
388.0,302.364862294761,2.5491991319606067,301.26022123098846,2.55,2.7281380474576424e-09,0.7401430007489084,304.6889333333333,0.02254
389.0,302.3692017406906,2.549198244765046,301.2612418129958,2.55,2.7275696883396454e-09,0.7401429215692631,304.6977166666666,0.0225475
390.0,302.37354628125604,2.549197358724637,301.26226798175065,2.55,2.7270089822656635e-09,0.7401428424062585,304.7065,0.022555
391.0,302.3778954136782,2.5491964737484603,301.26329975451483,2.55,2.726455307221284e-09,0.7401427632594143,304.71528333333333,0.0225625
392.0,302.38224893106866,2.5491955897931167,301.264337144887,2.55,2.7259084095618527e-09,0.7401426841284097,304.72406666666666,0.02257
393.0,302.38660679074934,2.549194706841579,301.26538016443277,2.55,2.7253682402145343e-09,0.7401426050130133,304.73285,0.0225775
394.0,302.39096895004207,2.549193824876822,301.26642882471776,2.55,2.7248347500600317e-09,0.7401425259129935,304.7416333333333,0.022585
395.0,302.3953353662686,2.5491929438818195,301.2674831373077,2.55,2.7243078899337635e-09,0.7401424468281187,304.75041666666664,0.0225925
396.0,302.399706176917,2.5491920638651937,301.268543103761,2.55,2.7237878354754553e-09,0.7401423677584373,304.75919999999996,0.022600000000000002
397.0,302.40408145092806,2.54919118482581,301.2696087294437,2.55,2.7232746769274757e-09,0.7401422887038915,304.7679833333333,0.0226075
398.0,302.40846103581225,2.549190306731008,301.27068003202066,2.55,2.722768228139036e-09,0.7401422096640792,304.7767666666666,0.022615
399.0,302.41284491208245,2.549189429567063,301.27175702176953,2.55,2.7222684688908095e-09,0.7401421306388045,304.78555,0.0226225
400.0,302.4172330602514,2.549188553320251,301.2728397089677,2.55,2.7217753789448544e-09,0.7401420516278723,304.7943333333333,0.02263
401.0,302.42162546083216,2.549187677976847,301.2739281038928,2.55,2.7212889380458016e-09,0.7401419726310867,304.80311666666665,0.0226375
402.0,302.4260220779382,2.5491868035083405,301.2750222240566,2.55,2.7208091053215643e-09,0.740141893648046,304.8119,0.022645000000000002
403.0,302.430422849968,2.5491859298572654,301.2761220958159,2.55,2.720335807508309e-09,0.740141814677952,304.8206833333333,0.022652500000000002
404.0,302.43482785200706,2.549185057088401,301.27722768479055,2.55,2.7198691430309034e-09,0.7401417357217116,304.82946666666663,0.02266
405.0,302.4392370840553,2.5491841852017183,301.27833899098056,2.55,2.7194091160565815e-09,0.7401416567793244,304.83824999999996,0.0226675
406.0,302.4436505461128,2.549183314197185,301.2794560143859,2.55,2.718955730758149e-09,0.740141577850791,304.8470333333333,0.022675
407.0,302.44806823817953,2.5491824440747726,301.2805787550066,2.55,2.7185089913135754e-09,0.7401414989361113,304.85581666666667,0.0226825
408.0,302.4524901602554,2.549181574834452,301.2817072128427,2.55,2.7180689019068142e-09,0.7401414200352847,304.8646,0.022690000000000002
409.0,302.4569132673941,2.549180706119243,301.28284167261864,2.55,2.7176316552020797e-09,0.7401413411410843,304.8733833333333,0.022697500000000002
410.0,302.4613395849778,2.54917983816656,301.2839819449466,2.55,2.7171997885014674e-09,0.7401412622583178,304.88216666666665,0.022705000000000003
411.0,302.4657695835724,2.549178971031542,301.2851279858252,2.55,2.7167738943867564e-09,0.7401411833881013,304.89095,0.0227125
412.0,302.4702032631779,2.549178104714162,301.2862797952545,2.55,2.7163539765549027e-09,0.7401411045304355,304.8997333333333,0.02272
413.0,302.4746406237943,2.5491772392143943,301.28743737323447,2.55,2.7159400387077563e-09,0.7401410256853201,304.9085166666666,0.0227275
414.0,302.4790816654216,2.5491763745322116,301.2886007197651,2.55,2.715532084551084e-09,0.7401409468527551,304.91729999999995,0.022735000000000002
415.0,302.4835263880597,2.549175510667588,301.28976983484637,2.55,2.7151301177953333e-09,0.7401408680327407,304.9260833333333,0.022742500000000002
416.0,302.4879747917088,2.5491746476204975,301.2909447184784,2.55,2.714734142155439e-09,0.7401407892252763,304.93486666666666,0.022750000000000003
417.0,302.4924268763687,2.5491737853909138,301.29212537066104,2.55,2.7143441613509872e-09,0.7401407104303629,304.94365,0.0227575
418.0,302.49688264203957,2.5491729239788095,301.29331179139433,2.55,2.7139601791055816e-09,0.7401406316479995,304.9524333333333,0.022765
419.0,302.5013420887213,2.549172063384158,301.2945039806783,2.55,2.7135821991474435e-09,0.7401405528781868,304.96121666666664,0.0227725
420.0,302.5058052164139,2.5491712036069334,301.295701938513,2.55,2.713210225209503e-09,0.7401404741209243,304.96999999999997,0.02278
421.0,302.51022513877734,2.549170348126192,301.29690573156006,2.55,2.712502398182176e-09,0.7401403953788173,304.97501666666665,0.022787833333333334
422.0,302.51458053264537,2.54916949615978,301.2981153932996,2.55,2.7117149820967244e-09,0.7401403166563387,304.9800333333333,0.02279566666666667
423.0,302.51889208413616,2.5491686477304487,301.2993309027919,2.55,2.710873881897116e-09,0.7401402379569249,304.98505,0.0228035
424.0,302.5231746570028,2.5491678025479363,301.30055225281745,2.55,2.709997715879192e-09,0.7401401592828741,304.9900666666666,0.022811333333333336
425.0,302.52743066533975,2.549166960518882,301.3017794438832,2.55,2.709089489170735e-09,0.7401400806346287,304.9950833333333,0.022819166666666668
426.0,302.53166432747287,2.549166121496416,301.30301247935984,2.55,2.7081544754765956e-09,0.7401400020132038,305.0001,0.022827
427.0,302.5358775343094,2.549165285422278,301.3042513600326,2.55,2.7071950304564994e-09,0.7401399234190105,305.00511666666665,0.022834833333333335
428.0,302.5400728043234,2.5491644522048533,301.3054960893257,2.55,2.706214300342044e-09,0.7401398448528691,305.01013333333333,0.022842666666666667
429.0,302.5442530040899,2.5491636217459632,301.30674667009055,2.55,2.7052158717980056e-09,0.7401397663155945,305.01514999999995,0.022850500000000003
430.0,302.54841691919563,2.549162794071096,301.3080031035917,2.55,2.70419820559786e-09,0.7401396878072529,305.0201666666666,0.022858333333333335
431.0,302.5525671421928,2.549161969092503,301.30926539224754,2.55,2.703164547113049e-09,0.7401396093285536,305.0251833333333,0.022866166666666667
432.0,302.556705643786,2.5491611467405217,301.3105335383471,2.55,2.702117362787848e-09,0.740139530880111,305.0302,0.022874000000000002
433.0,302.5608323807433,2.549160327003631,301.3118075433893,2.55,2.70105658835072e-09,0.7401394524622268,305.03521666666666,0.022881833333333334
434.0,302.5649471101023,2.5491595098760698,301.3130874087902,2.55,2.6999819082401704e-09,0.740139374075171,305.04023333333333,0.02288966666666667
435.0,302.5690518845148,2.549158695285853,301.3143731369179,2.55,2.6988958952227137e-09,0.7401392957195717,305.04524999999995,0.0228975
436.0,302.5731474391427,2.5491578831994124,301.3156647293851,2.55,2.697799466243955e-09,0.7401392173958306,305.05026666666663,0.022905333333333333
437.0,302.57723246497903,2.549157073644989,301.31696218556056,2.55,2.696690965778267e-09,0.7401391391038956,305.0552833333333,0.02291316666666667
438.0,302.58130851988676,2.549156266564135,301.31826550796023,2.55,2.6955723466292518e-09,0.7401390608443512,305.0603,0.022921
439.0,302.5853761729309,2.5491554619282963,301.3195746980146,2.55,2.69444431806026e-09,0.7401389826175633,305.06531666666666,0.022928833333333336
440.0,302.58943520290455,2.549154659735322,301.32088975488335,2.55,2.693306594500025e-09,0.7401389044236003,305.07033333333334,0.022936666666666668
441.0,302.59348602695536,2.54915385996173,301.3222106795604,2.55,2.6921596944404768e-09,0.7401388262627703,305.07534999999996,0.0229445
442.0,302.59752916320343,2.5491530625806593,301.3235374733298,2.55,2.691004264102514e-09,0.7401387481354194,305.08036666666663,0.022952333333333335
443.0,302.60156473316937,2.5491522675797924,301.3248701352342,2.55,2.6898404503876983e-09,0.7401386700416772,305.0853833333333,0.022960166666666667
444.0,302.6055927757874,2.549151474949989,301.326208663722,2.55,2.6886682962213412e-09,0.7401385919816195,305.0904,0.022968000000000002
445.0,302.60961389255976,2.5491506846604555,301.3275530612887,2.55,2.6874885539991206e-09,0.7401385139556836,305.09541666666667,0.022975833333333334
446.0,302.61362840806333,2.5491498966910537,301.32890332843755,2.55,2.6863016275054327e-09,0.7401384359641299,305.1004333333333,0.022983666666666666
447.0,302.6176366468751,2.5491491110216398,301.3302594656719,2.55,2.6851079208940973e-09,0.7401383580072172,305.10544999999996,0.0229915
448.0,302.62163893357183,2.5491483276320697,301.3316214734949,2.55,2.683907838685029e-09,0.7401382800852052,305.11046666666664,0.022999333333333333
449.0,302.6256348471214,2.549147546529963,301.33298934694295,2.55,2.682700844689914e-09,0.74013820219791,305.1154833333333,0.02300716666666667
450.0,302.62962477685124,2.549146767692762,301.33436308699396,2.55,2.6814874252836626e-09,0.7401381243456292,305.1205,0.023015
451.0,302.6336091596201,2.5491459910961387,301.3357426949746,2.55,2.6802681272963366e-09,0.7401380465286896,305.12551666666667,0.023022833333333333
452.0,302.6375882433056,2.5491452167227955,301.33712817082574,2.55,2.679043259365518e-09,0.740137968747305,305.1305333333333,0.023030666666666668
453.0,302.6415622757853,2.549144444555437,301.3385195144884,2.55,2.6778131304072553e-09,0.7401378910016894,305.13554999999997,0.0230385
454.0,302.6455314293316,2.549143674579592,301.33991672530243,2.55,2.676577954084344e-09,0.7401378132920117,305.14056666666664,0.023046333333333335
455.0,302.64949505127,2.549142906811631,301.3413197960516,2.55,2.675336901675873e-09,0.7401377356179507,305.1455833333333,0.023054166666666667
456.0,302.65345386736436,2.5491421412163886,301.3427287304749,2.55,2.674090886211336e-09,0.7401376579800045,305.1506,0.023062
457.0,302.6574080517112,2.549141377779322,301.3441435279268,2.55,2.672840124015868e-09,0.7401375803783428,305.1556166666667,0.023069833333333335
458.0,302.6613577784067,2.5491406164858867,301.3455641877618,2.55,2.6715848316083007e-09,0.7401375028131361,305.1606333333333,0.023077666666666666
459.0,302.6653032215472,2.5491398573215376,301.34699070933453,2.55,2.670325225701775e-09,0.7401374252845543,305.16564999999997,0.023085500000000002
460.0,302.669244308262,2.5491391002816117,301.34842308938113,2.55,2.6690612107488326e-09,0.7401373477925958,305.17066666666665,0.023093333333333334
461.0,302.6731809226595,2.54913834536317,301.3498613241819,2.55,2.6677926366846933e-09,0.7401372703372286,305.1756833333333,0.023101166666666666
462.0,302.67711343755866,2.549137592543711,301.35130541519806,2.55,2.66651997188625e-09,0.7401371929187619,305.1807,0.023109
463.0,302.68104197937475,2.5491368418105944,301.35275536127864,2.55,2.665243373197709e-09,0.740137115537332,305.1857166666666,0.023116833333333333
464.0,302.68496667452297,2.549136093151178,301.35421116127276,2.55,2.6639629976031917e-09,0.7401370381930757,305.1907333333333,0.02312466666666667
465.0,302.6888876494186,2.5491353465528217,301.35567281402933,2.55,2.6626790022269057e-09,0.74013696088613,305.19575,0.0231325
466.0,302.6928045729672,2.5491346020243606,301.3571403100338,2.55,2.6613909647847156e-09,0.7401368836161963,305.20076666666665,0.023140333333333332
467.0,302.69671772784517,2.5491338595458153,301.3586136509918,2.55,2.6600992402915107e-09,0.7401368063835596,305.20578333333333,0.023148166666666668
468.0,302.7006273348878,2.5491331191001105,301.3600928374784,2.55,2.6588041057015178e-09,0.7401367291884472,305.21079999999995,0.023156
469.0,302.70453350141366,2.5491323806754966,301.36157786799356,2.55,2.657505694321932e-09,0.7401366520309781,305.2158166666666,0.023163833333333335
470.0,302.7084363347412,2.5491316442602248,301.3630687410372,2.55,2.65620413957775e-09,0.7401365749112705,305.2208333333333,0.023171666666666667
471.0,302.7123359421889,2.549130909842545,301.3645654551092,2.55,2.6548995750117988e-09,0.7401364978294435,305.22585,0.0231795
472.0,302.7162324310753,2.5491301774107074,301.3660680087095,2.55,2.6535921342852124e-09,0.7401364207856156,305.23086666666666,0.023187333333333334
473.0,302.72012590871884,2.549129446952958,301.36757640033795,2.55,2.652281951176341e-09,0.7401363437799057,305.23588333333333,0.023195166666666666
474.0,302.7240164824381,2.5491287184575446,301.36909062849463,2.55,2.650969159581523e-09,0.7401362668124323,305.2409,0.023203
475.0,302.72790397391014,2.5491279919268397,301.37061068522604,2.55,2.649653530985496e-09,0.740136189883015,305.24591666666663,0.023210833333333333
476.0,302.73178848314086,2.5491272673494523,301.3721365688669,2.55,2.6483351900038198e-09,0.7401361129917648,305.2509333333333,0.023218666666666665
477.0,302.73567016939774,2.549126544711058,301.37366827909074,2.55,2.6470143366062432e-09,0.7401360361388546,305.25595,0.0232265
478.0,302.73954910615697,2.549125824001578,301.375205813633,2.55,2.645691061982225e-09,0.7401359593243682,305.26096666666666,0.023234333333333333
479.0,302.7434253668948,2.549125105210929,301.37674917022895,2.55,2.6443654574020925e-09,0.7401358825483882,305.26598333333334,0.023242166666666668
480.0,302.7473115038439,2.5491243885336514,301.37829834605503,2.55,2.6430534756619994e-09,0.7401358058122596,305.27099999999996,0.02325
481.0,302.7512726702966,2.549123679622885,301.3798533359314,2.55,2.641193987819279e-09,0.7401357291226428,305.28114999999997,0.023258666666666667
482.0,302.7553066593992,2.549122973941098,301.38141413701976,2.55,2.639428230824922e-09,0.7401356524814352,305.2913,0.023267333333333334
483.0,302.7594098115056,2.549122271512731,301.3829807462841,2.55,2.6377516127216615e-09,0.7401355758908181,305.30145,0.023275999999999998
484.0,302.7635582322364,2.5491215714857196,301.3845531609414,2.55,2.6361337908644974e-09,0.7401354993483669,305.3116,0.023284666666666665
485.0,302.7677465116019,2.5491208735580857,301.386131377819,2.55,2.6345679190424906e-09,0.7401354228535815,305.32174999999995,0.023293333333333333
486.0,302.7719651999125,2.5491201771961887,301.3877153936767,2.55,2.633042001914265e-09,0.7401353464038738,305.33189999999996,0.023302
487.0,302.776214828881,2.5491194824120473,301.38930520469864,2.55,2.6315567437585395e-09,0.7401352699981192,305.34205,0.023310666666666667
488.0,302.7804877552087,2.549118788835628,301.3909008075866,2.55,2.6301024375115164e-09,0.7401351936347317,305.3522,0.023319333333333334
489.0,302.78478561802166,2.5491180965514584,301.3925021981939,2.55,2.6286811927073772e-09,0.7401351173130807,305.36235,0.023328
490.0,302.78910543655604,2.5491174054102936,301.3941093728278,2.55,2.627289233878957e-09,0.7401350410319474,305.3725,0.023336666666666665
491.0,302.7934470081394,2.5491167153888696,301.39572232715886,2.55,2.6259263228992664e-09,0.7401349647907174,305.38264999999996,0.023345333333333333
492.0,302.7978093046366,2.549116026428906,301.39734105711074,2.55,2.6245911691683774e-09,0.7401348885885511,305.39279999999997,0.023354
493.0,302.80219132433325,2.5491153384659135,301.39896555814863,2.55,2.623282514555811e-09,0.7401348124247314,305.40295,0.023362666666666667
494.0,302.80659221398565,2.5491146514442082,301.40059582583143,2.55,2.621999289177021e-09,0.7401347362985405,305.4131,0.023371333333333334
495.0,302.8110113208008,2.5491139653235484,301.40223185461514,2.55,2.620740677963293e-09,0.7401346602093494,305.42325,0.023379999999999998
496.0,302.8154478034543,2.549113280050965,301.4038736398519,2.55,2.6195056244914556e-09,0.7401345841564425,305.4334,0.023388666666666665
497.0,302.8199007219371,2.5491125955677747,301.4055211772883,2.55,2.6182929453864326e-09,0.7401345081390577,305.44354999999996,0.023397333333333332
498.0,302.82436922480065,2.5491119118204377,301.4071744623169,2.55,2.617101569238081e-09,0.7401344321564753,305.45369999999997,0.023406
499.0,302.8288534322409,2.5491112288097293,301.40883348788606,2.55,2.6159316645511684e-09,0.7401343562082711,305.46385,0.023414666666666667
500.0,302.83335283470495,2.5491105465012245,301.41049824852826,2.55,2.6147825955630643e-09,0.7401342802938284,305.474,0.023423333333333334
501.0,302.8378664631939,2.5491098648348274,301.41216873993176,2.55,2.6136531388523315e-09,0.7401342044123921,305.48415,0.023432
502.0,302.8423936755229,2.549109183768712,301.41384495696275,2.55,2.612542487515221e-09,0.7401341285633054,305.49429999999995,0.023440666666666665
503.0,302.8469347324462,2.549108503310338,301.415526891507,2.55,2.6114509881955073e-09,0.7401340527462311,305.50444999999996,0.023449333333333332
504.0,302.85148943091866,2.549107823441852,301.41721453698136,2.55,2.610378394844623e-09,0.7401339769606684,305.5146,0.023458
505.0,302.8560569762116,2.549107144113111,301.41890788875537,2.55,2.609323704407873e-09,0.7401339012059067,305.52475,0.023466666666666667
506.0,302.8606369357575,2.549106465293743,301.42060694100337,2.55,2.6082863761867246e-09,0.740133825481364,305.5349,0.023475333333333334
507.0,302.8652293974419,2.549105786981351,301.4223116849268,2.55,2.6072665349799266e-09,0.7401337497866947,305.54504999999995,0.023484
508.0,302.8698342612015,2.5491051091634347,301.4240221128009,2.55,2.606264065162178e-09,0.7401336741214684,305.55519999999996,0.023492666666666665
509.0,302.8744509783737,2.5491044318033875,301.425738219463,2.55,2.6052782766570138e-09,0.7401335984850497,305.56534999999997,0.023501333333333332
510.0,302.8790792471708,2.5491037548778754,301.42745999834045,2.55,2.604308794872842e-09,0.740133522876916,305.5755,0.02351
511.0,302.8837192225077,2.5491030783877235,301.4291874372571,2.55,2.6033558298879293e-09,0.7401334472968262,305.58565,0.023518666666666667
512.0,302.8883708004326,2.5491024023200604,301.430920527213,2.5499999999999994,2.602419260327929e-09,0.7401333717443798,305.5958,0.023527333333333334
513.0,302.8930334360352,2.549101726638698,301.43265926461834,2.5499999999999994,2.6014983995636813e-09,0.7401332962189037,305.60595,0.023536
514.0,302.8977068780927,2.5491010513229826,301.4344036422801,2.5499999999999994,2.6005929367796468e-09,0.7401332207199066,305.61609999999996,0.023544666666666665
515.0,302.90239087538225,2.5491003763522624,301.4361536530051,2.5499999999999994,2.5997025608593375e-09,0.7401331452468973,305.62624999999997,0.023553333333333332
516.0,302.90708517668105,2.549099701705889,301.4379092896002,2.5499999999999994,2.5988269603817392e-09,0.7401330697993836,305.6364,0.023562
517.0,302.9117895307663,2.5490990273632157,301.43967054487246,2.5499999999999994,2.5979658236205653e-09,0.7401329943768745,305.64655,0.023570666666666667
518.0,302.9165047363534,2.5490983533605744,301.4414373938775,2.5499999999999994,2.597120185944615e-09,0.7401329189795969,305.6567,0.023579333333333334
519.0,302.92122997702216,2.5490976796466445,301.44320983897796,2.5499999999999994,2.5962890105474673e-09,0.7401328436066723,305.66684999999995,0.023587999999999998
520.0,302.9259650367111,2.5490970062026914,301.4449878723863,2.5499999999999994,2.5954720304097345e-09,0.7401327682576336,305.67699999999996,0.023596666666666665
521.0,302.9307097249797,2.549096333011371,301.44677148588187,2.5499999999999994,2.594669011154324e-09,0.7401326929320302,305.68715,0.023605333333333332
522.0,302.93546385138745,2.5490956600553414,301.4485606712438,2.5499999999999994,2.5938797181725175e-09,0.7401326176294128,305.6973,0.023614
523.0,302.9402272254939,2.549094987317262,301.45035542025136,2.5499999999999994,2.59310391662291e-09,0.7401325423493312,305.70745,0.023622666666666667
524.0,302.944999980693,2.549094314798003,301.4521557175527,2.5499999999999994,2.5923417876713787e-09,0.7401324670915759,305.71759999999995,0.023631333333333334
525.0,302.9497823781292,2.5490936425056185,301.4539615449829,2.5499999999999994,2.591593676934811e-09,0.7401323918560311,305.72774999999996,0.02364
526.0,302.9545738747173,2.5490929704029384,301.4557729020866,2.5499999999999994,2.590858896144871e-09,0.7401323166419859,305.73789999999997,0.023648666666666665
527.0,302.95937433305846,2.5490922984756086,301.45758977947514,2.5499999999999994,2.590137278181645e-09,0.7401322414490291,305.74805,0.023657333333333332
528.0,302.9641836157539,2.5490916267092762,301.45941216775975,2.549999999999999,2.589428655759593e-09,0.7401321662767509,305.7582,0.023666
529.0,302.96900158540456,2.5490909550895884,301.46124005755166,2.549999999999999,2.588732861426965e-09,0.7401320911247403,305.76835,0.023674666666666667
530.0,302.97382810461175,2.5490902836021947,301.46307343946205,2.549999999999999,2.588049727564884e-09,0.7401320159925865,305.77849999999995,0.023683333333333334
531.0,302.97866352183325,2.549089612261315,301.464912289515,2.549999999999999,2.587379712053528e-09,0.7401319408802912,305.78864999999996,0.023692
532.0,302.98350756764023,2.5490889410448343,301.46675660228567,2.549999999999999,2.5867224773696155e-09,0.7401318657873313,305.79879999999997,0.023700666666666665
533.0,302.98836004515704,2.549088269934906,301.4686063701711,2.549999999999999,2.5860777791212623e-09,0.7401317907132459,305.80895,0.023709333333333332
534.0,302.9932208520777,2.549087598919243,301.47046158272883,2.5499999999999985,2.5854454945457404e-09,0.7401317156576542,305.8191,0.023718
535.0,302.9980898860963,2.549086927985564,301.4723222295166,2.5499999999999985,2.5848255007584476e-09,0.7401316406201756,305.82925,0.023726666666666667
536.0,303.0029670449068,2.5490862571215835,301.4741883000919,2.5499999999999985,2.5842176747519344e-09,0.7401315656004287,305.83939999999996,0.023735333333333334
537.0,303.00784861229903,2.5490855863575845,301.476059781649,2.549999999999998,2.583617234218907e-09,0.7401314905981247,305.84954999999997,0.023744
538.0,303.012720304347,2.5490849158483764,301.47793665447074,2.549999999999998,2.583005763763263e-09,0.7401314156132418,305.8597,0.023752666666666665
539.0,303.01759045597043,2.549084245482396,301.47981891363276,2.549999999999998,2.582394004897884e-09,0.7401313406451857,305.86985,0.023761333333333332
540.0,303.0224576606892,2.549083575262803,301.4817065478396,2.549999999999998,2.581780141598189e-09,0.7401312656936079,305.88,0.02377
541.0,303.027320512023,2.5490829043142424,301.4835995457961,2.549999999999998,2.581285448585807e-09,0.7401311907581614,305.88786666666664,0.0237785
542.0,303.0321776034915,2.5490822335184697,301.48549789620694,2.549999999999998,2.5807850077712496e-09,0.7401311158384978,305.8957333333333,0.023787
543.0,303.03702701404916,2.549081562970634,301.48740158640385,2.549999999999998,2.580276333572659e-09,0.7401310409348344,305.9036,0.0237955
544.0,303.0418658253482,2.5490808929441036,301.4893106010582,2.549999999999998,2.579755651012244e-09,0.7401309660484843,305.9114666666666,0.023804
545.0,303.04669356020725,2.549080223276067,301.4912249313538,2.549999999999998,2.5792223316364825e-09,0.7401308911780784,305.9193333333333,0.0238125
546.0,303.0515086602295,2.5490795539969193,301.4931445655902,2.549999999999998,2.578674350590032e-09,0.7401308163234365,305.92719999999997,0.023821
547.0,303.05630956701833,2.5490788851370754,301.4950694920667,2.549999999999998,2.57810968090911e-09,0.7401307414843769,305.93506666666667,0.0238295
548.0,303.0610947221771,2.5490782167269597,301.4969996990828,2.549999999999998,2.5775262935345375e-09,0.7401306666607191,305.9429333333333,0.023837999999999998
549.0,303.06586871558585,2.5490775488238437,301.4989351747314,2.549999999999998,2.5769301101065454e-09,0.7401305918530217,305.95079999999996,0.0238465
550.0,303.070645917623,2.5490768815276086,301.5008759067775,2.5499999999999976,2.576339712904563e-09,0.7401305170630201,305.95866666666666,0.023855
551.0,303.07541792279216,2.5490762148387205,301.50282188375013,2.5499999999999976,2.575744227724622e-09,0.7401304422897099,305.9665333333333,0.0238635
552.0,303.08018579496115,2.549075548798979,301.5047730938609,2.5499999999999976,2.575145027191644e-09,0.7401303675332254,305.97439999999995,0.023872
553.0,303.08495059799765,2.5490748834501726,301.50672952532096,2.549999999999997,2.5745434853785607e-09,0.740130292793701,305.98226666666665,0.0238805
554.0,303.08971247885535,2.5490742186679416,301.50869116832246,2.549999999999997,2.5739397888407428e-09,0.7401302180715026,305.9901333333333,0.023889
555.0,303.0944725897378,2.5490735545100653,301.510658010886,2.549999999999997,2.573335428181725e-09,0.7401301433667422,305.998,0.0238975
556.0,303.0992320115284,2.5490728910213916,301.5126300411861,2.5499999999999967,2.5727318030394183e-09,0.74013006867955,306.00586666666663,0.023906
557.0,303.10399167957286,2.549072228220389,301.5146072477119,2.5499999999999967,2.5721301256523886e-09,0.740129994010093,306.01373333333333,0.023914499999999998
558.0,303.10875120903546,2.549071566070425,301.51658962011425,2.5499999999999967,2.5715298974230165e-09,0.7401299193582682,306.0216,0.023923
559.0,303.113508346674,2.549070904456909,301.5185771496882,2.5499999999999963,2.5709281955143573e-09,0.7401298447235899,306.0294666666666,0.023931499999999998
560.0,303.1182654047292,2.5490702434557635,301.520569823711,2.5499999999999963,2.5703280179723008e-09,0.740129770106507,306.0373333333333,0.02394
561.0,303.12302278053596,2.5490695830629964,301.5225676311453,2.5499999999999963,2.5697298806464514e-09,0.7401296955070763,306.04519999999997,0.0239485
562.0,303.12778087142954,2.5490689232746107,301.5245705609534,2.549999999999996,2.569134299926645e-09,0.7401296209253546,306.0530666666666,0.023957
563.0,303.1325382432618,2.5490682640496924,301.52657860649657,2.549999999999996,2.568539414770557e-09,0.7401295463607358,306.0609333333333,0.0239655
564.0,303.13729551899957,2.549067605388796,301.52859175619534,2.5499999999999954,2.567946033814761e-09,0.7401294718133586,306.06879999999995,0.023974
565.0,303.14205310934926,2.549066947288196,301.53060999898014,2.5499999999999954,2.5673546908022314e-09,0.740129397283285,306.07666666666665,0.0239825
566.0,303.14681115998377,2.5490662897388203,301.5326333244178,2.549999999999995,2.5667655756487826e-09,0.7401293227704802,306.0845333333333,0.023991
567.0,303.1515696101119,2.549065632740196,301.5346617246619,2.549999999999994,2.5661786102262634e-09,0.7401292482747971,306.0924,0.0239995
568.0,303.1563281953442,2.5490649763003272,301.53669519441655,2.549999999999994,2.5655934517366586e-09,0.7401291737959769,306.10026666666664,0.024007999999999998
569.0,303.16108731221146,2.5490643203996948,301.5387337201059,2.5499999999999936,2.565010616151614e-09,0.7401290993341224,306.1081333333333,0.0240165
570.0,303.1658470539092,2.5490636650314134,301.5407772919543,2.549999999999993,2.564430225574485e-09,0.7401290248891711,306.116,0.024024999999999998
571.0,303.170607513633,2.5490630101885907,301.54282590018613,2.549999999999993,2.5638524022362356e-09,0.74012895046106,306.12386666666663,0.0240335
572.0,303.1753687845784,2.549062355864338,301.5448795350257,2.5499999999999927,2.5632772684947347e-09,0.7401288760497257,306.13173333333333,0.024042
573.0,303.1801308014919,2.5490617020660116,301.5469381953041,2.5499999999999927,2.562704740717833e-09,0.7401288016549898,306.1396,0.0240505
574.0,303.1848936558217,2.5490610487868786,301.54900187134064,2.5499999999999923,2.5621349390833795e-09,0.7401287272767879,306.1474666666667,0.024059
575.0,303.1896574721837,2.5490603960172216,301.55107055165297,2.5499999999999923,2.5615680270633905e-09,0.74012865291508,306.1553333333333,0.0240675
576.0,303.1944223262315,2.549059743751724,301.5531442274182,2.549999999999992,2.5610041045581314e-09,0.7401285785697902,306.16319999999996,0.024076
577.0,303.199188293619,2.5490590919850717,301.5552228898136,2.549999999999992,2.560443271572127e-09,0.7401285042408429,306.17106666666666,0.0240845
578.0,303.2039554337749,2.549058440711951,301.55730653107406,2.5499999999999914,2.5598856070675885e-09,0.7401284299281526,306.1789333333333,0.024093
579.0,303.20872361219,2.5490577899271045,301.5593951560779,2.549999999999991,2.559330937259019e-09,0.740128355631524,306.18679999999995,0.024101499999999998
580.0,303.21349301515033,2.5490571396251838,301.56148874878994,2.5499999999999905,2.558779506496819e-09,0.7401282813509438,306.19466666666665,0.02411
581.0,303.21826370106913,2.5490564898008756,301.5635873015113,2.5499999999999905,2.558231392596416e-09,0.7401282070863265,306.2025333333333,0.0241185
582.0,303.2230357283596,2.549055840448866,301.5656908065431,2.54999999999999,2.5576866734543484e-09,0.740128132837587,306.2104,0.024127
583.0,303.22780915543484,2.5490551915638413,301.56779925618656,2.5499999999999896,2.557145427048099e-09,0.740128058604639,306.21826666666664,0.0241355
584.0,303.23258395054467,2.5490545431383254,301.569912649176,2.5499999999999887,2.556607613720538e-09,0.7401279843873437,306.22613333333334,0.024144
585.0,303.23736008103987,2.549053895164823,301.57203098430995,2.5499999999999883,2.556073192598196e-09,0.7401279101855612,306.234,0.0241525
586.0,303.2421376697056,2.549053247639562,301.57415424929656,2.549999999999988,2.5555423258030976e-09,0.7401278359992437,306.2418666666666,0.024161
587.0,303.2469167584669,2.5490526005568297,301.5762824376135,2.5499999999999874,2.5550150699742452e-09,0.7401277618282961,306.2497333333333,0.0241695
588.0,303.25169738924876,2.549051953910915,301.57841554273824,2.549999999999987,2.554491481809498e-09,0.7401276876726229,306.25759999999997,0.024177999999999998
589.0,303.25647960397623,2.549051307696109,301.5805535581485,2.549999999999986,2.5539716180654258e-09,0.7401276135321287,306.2654666666666,0.0241865
590.0,303.26126853846847,2.5490506606167553,301.58269651439673,2.5499999999999856,2.5534621844273045e-09,0.7401275393971838,306.2733333333333,0.024194999999999998
591.0,303.26606154501275,2.549050013348216,301.5848443853846,2.549999999999985,2.5529597314151245e-09,0.7401274652727272,306.28119999999996,0.0242035
592.0,303.2708578838575,2.549049366082712,301.5869971589004,2.5499999999999843,2.552463297618129e-09,0.7401273911601259,306.28906666666666,0.024212
593.0,303.2756577160869,2.5490487187843396,301.58915482928893,2.549999999999984,2.5519730973686177e-09,0.7401273170590617,306.2969333333333,0.0242205
594.0,303.2804612027851,2.5490480714171992,301.5913173908951,2.549999999999983,2.551489345225688e-09,0.7401272429692162,306.3048,0.024229
595.0,303.2852685050361,2.5490474239453844,301.59348483806383,2.5499999999999825,2.551012255975829e-09,0.740127168890271,306.31266666666664,0.0242375
596.0,303.2900797839241,2.5490467763329896,301.5956571651399,2.5499999999999816,2.5505420446329056e-09,0.7401270948219071,306.3205333333333,0.024246
597.0,303.2948952005333,2.5490461285441075,301.5978343664683,2.5499999999999807,2.5500789264394084e-09,0.7401270207638064,306.3284,0.0242545
598.0,303.29971491594773,2.549045480542829,301.60001643639384,2.5499999999999803,2.5496231168664756e-09,0.7401269467156507,306.33626666666663,0.024263
599.0,303.30453909125157,2.5490448322932426,301.60220336926136,2.5499999999999794,2.5491748316152166e-09,0.7401268726771209,306.34413333333333,0.024271499999999998
600.0,303.30936788752894,2.5490441837594364,301.6043951594158,2.5499999999999785,2.5487342866163052e-09,0.7401267986478989,306.352,0.02428
601.0,303.314202679835,2.5490435212659586,301.6065918016837,2.5499999999999776,2.55018539407553e-09,0.7401267246267844,306.3632833333333,0.024286166666666668
602.0,303.31909031386783,2.549042850243155,301.6087933089325,2.5499999999999767,2.551707436853906e-09,0.740126650579563,306.3745666666666,0.024292333333333332
603.0,303.3240378731683,2.5490421690292226,301.610999680001,2.549999999999976,2.5533097503374095e-09,0.7401265764970265,306.38585,0.0242985
604.0,303.3290207872675,2.549041478660614,301.61321091179957,2.5499999999999745,2.5549601637455064e-09,0.7401265023694504,306.39713333333333,0.024304666666666665
605.0,303.3340431002274,2.5490407781729907,301.61542700377663,2.5499999999999736,2.5566640159528893e-09,0.7401264281876546,306.40841666666665,0.024310833333333334
606.0,303.33909090434526,2.5490400705269547,301.61764795053364,2.5499999999999723,2.558403114328464e-09,0.7401263539545868,306.4197,0.024317
607.0,303.34416225913924,2.549039355929448,301.6198737500083,2.5499999999999714,2.5601749403543037e-09,0.7401262796666714,306.4309833333333,0.024323166666666667
608.0,303.3492545016365,2.549038635616733,301.62210439883484,2.5499999999999705,2.5619760325022414e-09,0.7401262053265231,306.4422666666666,0.02432933333333333
609.0,303.3543674257227,2.5490379095064366,301.624339895456,2.549999999999969,2.5638061427461414e-09,0.7401261309331878,306.45354999999995,0.0243355
610.0,303.35949911817994,2.5490371781093204,301.6265802375034,2.549999999999968,2.5656627839507006e-09,0.7401260564865975,306.46483333333333,0.024341666666666664
611.0,303.364646836816,2.5490364420601557,301.62882542247905,2.5499999999999665,2.567542377289228e-09,0.7401259819862516,306.47611666666666,0.024347833333333332
612.0,303.36981270018106,2.549035700741877,301.63107544982415,2.549999999999965,2.5694477223083962e-09,0.7401259074309635,306.4874,0.024354
613.0,303.37499418912563,2.5490349547909696,301.63333031699676,2.549999999999964,2.5713755310500045e-09,0.7401258328205642,306.4986833333333,0.024360166666666665
614.0,303.3801912942115,2.549034204193048,301.63559002270273,2.5499999999999625,2.5733258090625322e-09,0.7401257581541689,306.5099666666666,0.024366333333333334
615.0,303.3854040442594,2.5490334489243587,301.6378545656704,2.549999999999961,2.5752986122259846e-09,0.7401256834308789,306.52124999999995,0.0243725
616.0,303.39063154676705,2.549032689187394,301.64012394409605,2.5499999999999594,2.5772927853012883e-09,0.7401256086501407,306.53253333333333,0.024378666666666667
617.0,303.3958736226424,2.549031925028908,301.6423981569408,2.5499999999999576,2.5793081100865615e-09,0.74012553381125,306.54381666666666,0.02438483333333333
618.0,303.40112974270613,2.5490311565614148,301.6446772025968,2.5499999999999563,2.5813439074771822e-09,0.7401254589135121,306.5551,0.024391
619.0,303.40639960233267,2.5490303838542,301.6469610799374,2.5499999999999545,2.583399793186025e-09,0.7401253839565176,306.5663833333333,0.024397166666666664
620.0,303.411682896438,2.549029606976643,301.64924978783466,2.5499999999999527,2.5854753819076147e-09,0.7401253089398558,306.57766666666663,0.024403333333333332
621.0,303.4169791210825,2.5490288260372003,301.65154332464766,2.5499999999999505,2.5875700260260063e-09,0.7401252338626462,306.58894999999995,0.0244095
622.0,303.42228787449244,2.5490280411242603,301.65384168899914,2.5499999999999488,2.589683211788399e-09,0.7401251587242494,306.60023333333334,0.024415666666666665
623.0,303.42760875489404,2.549027252326213,301.65614487951177,2.5499999999999465,2.5918144248658596e-09,0.7401250835240264,306.61151666666666,0.024421833333333334
624.0,303.43294155881426,2.549026459687658,301.6584528950403,2.5499999999999448,2.593963411697797e-09,0.7401250082615078,306.6228,0.024428
625.0,303.43828674122545,2.5490256631077726,301.6607657352103,2.5499999999999425,2.596130786493364e-09,0.7401249329367886,306.6340833333333,0.024434166666666667
626.0,303.4436434567125,2.549024862772935,301.6630833981252,2.5499999999999403,2.5983154493679827e-09,0.7401248575488494,306.64536666666663,0.02444033333333333
627.0,303.44901139797065,2.549024058750682,301.6654058825182,2.549999999999938,2.600517008983949e-09,0.7401247820971322,306.65664999999996,0.0244465
628.0,303.45439025769514,2.5490232511085553,301.6677331871225,2.549999999999936,2.602735073560275e-09,0.7401247065810783,306.6679333333333,0.024452666666666664
629.0,303.4597797285812,2.549022439914098,301.67006531067153,2.5499999999999337,2.6049692508689906e-09,0.7401246310001298,306.67921666666666,0.024458833333333332
630.0,303.46518063667946,2.549021624981819,301.6724022527911,2.5499999999999314,2.6072206445542116e-09,0.740124555354445,306.6905,0.024465
631.0,303.47059219970856,2.5490208064853057,301.67474401184035,2.549999999999929,2.6094882355460397e-09,0.740124479643165,306.7017833333333,0.024471166666666665
632.0,303.47601417103704,2.549019984478562,301.67709058660046,2.5499999999999265,2.6117717111946965e-09,0.7401244038657702,306.71306666666663,0.024477333333333334
633.0,303.48144634302747,2.549019159006882,301.6794419758831,2.5499999999999234,2.614070810021243e-09,0.7401243280217651,306.72434999999996,0.0244835
634.0,303.48688850804257,2.549018330115569,301.6817981785,2.5499999999999208,2.616385270247978e-09,0.7401242521106547,306.73563333333334,0.024489666666666667
635.0,303.49234094001366,2.5490174977378475,301.68415919318454,2.5499999999999177,2.618715466504298e-09,0.7401241761322365,306.74691666666666,0.02449583333333333
636.0,303.49780347485796,2.549016661908884,301.68652501874135,2.5499999999999146,2.6210611945885447e-09,0.7401241000860415,306.7582,0.024502
637.0,303.5032758099758,2.549015822696079,301.6888956539977,2.5499999999999114,2.6234220668169134e-09,0.7401240239715169,306.7694833333333,0.024508166666666664
638.0,303.508757799561,2.549014980130348,301.69127109775525,2.549999999999908,2.6257979025445134e-09,0.7401239477882049,306.78076666666664,0.024514333333333332
639.0,303.5142492978077,2.549014134242607,301.69365134881565,2.5499999999999043,2.6281885209203743e-09,0.7401238715356481,306.79204999999996,0.024520499999999997
640.0,303.51975041990346,2.5490132850007274,301.6960364050017,2.5499999999999012,2.63059408646068e-09,0.7401237952135827,306.8033333333333,0.024526666666666665
641.0,303.525261240358,2.5490124323824075,301.6984262642885,2.5499999999998972,2.633014710015749e-09,0.740123718821715,306.81461666666667,0.024532833333333334
642.0,303.5307813616817,2.5490115764793595,301.70082092642195,2.5499999999998937,2.6354498772442667e-09,0.7401236423594002,306.8259,0.024539
643.0,303.53631066147346,2.5490107173168504,301.7032203901159,2.54999999999989,2.6378994377588697e-09,0.740123565826198,306.8371833333333,0.024545166666666667
644.0,303.54184901733214,2.549009854920147,301.7056246540843,2.549999999999886,2.6403632410003014e-09,0.7401234892216682,306.84846666666664,0.02455133333333333
645.0,303.5473963068566,2.549008989314519,301.70803371704096,2.549999999999882,2.6428411362359097e-09,0.7401234125453706,306.85974999999996,0.0245575
646.0,303.5529524076459,2.549008120525234,301.7104475776998,2.5499999999998777,2.645332972558731e-09,0.7401233357968645,306.8710333333333,0.024563666666666664
647.0,303.55851719729867,2.5490072485775634,301.71286623477476,2.5499999999998737,2.6478385988867785e-09,0.7401232589757104,306.8823166666666,0.024569833333333332
648.0,303.56409060084707,2.5490063734853674,301.71528968668747,2.5499999999998693,2.6503579269208376e-09,0.7401231820815096,306.8936,0.024575999999999997
649.0,303.5696731796321,2.5490054951093946,301.71771792794016,2.549999999999865,2.6528917131012547e-09,0.7401231051144295,306.9048833333333,0.024582166666666665
650.0,303.5752643394119,2.5490046135884503,301.7201509601531,2.54999999999986,2.655439180047009e-09,0.7401230280736105,306.91616666666664,0.02458833333333333
651.0,303.58086398525126,2.5490037289411998,301.7225887818711,2.5499999999998555,2.6580002127765926e-09,0.740122950958637,306.92744999999996,0.0245945
652.0,303.58647202221516,2.549002841186307,301.72503139163877,2.54999999999985,2.660574696175227e-09,0.7401228737690927,306.9387333333333,0.024600666666666667
653.0,303.5920883553685,2.54900195034244,301.7274787880009,2.549999999999845,2.6631625149942104e-09,0.7401227965045625,306.95001666666667,0.02460683333333333
654.0,303.5977128897763,2.5490010564282652,301.7299309695021,2.5499999999998395,2.6657635538502143e-09,0.7401227191646298,306.9613,0.024613
655.0,303.60334553050336,2.5490001594624516,301.7323879346872,2.549999999999834,2.6683776972244583e-09,0.740122641748879,306.9725833333333,0.024619166666666664
656.0,303.6089861826147,2.5489992594636686,301.7348496821008,2.5499999999998284,2.6710048294623837e-09,0.7401225642568945,306.98386666666664,0.024625333333333332
657.0,303.6146230026537,2.5489983571512775,301.737316208503,2.5499999999998226,2.673629178756992e-09,0.7401224866920275,306.99514999999997,0.024631499999999997
658.0,303.62025415923114,2.5489974526476225,301.73978751217464,2.5499999999998164,2.6762482998904073e-09,0.7401224090544191,307.0064333333333,0.024637666666666665
659.0,303.6258813782149,2.548996545862889,301.74226359193705,2.54999999999981,2.6788644879392167e-09,0.7401223313430693,307.0177166666666,0.02464383333333333
660.0,303.6315027517517,2.548995636923995,301.7447444460595,2.5499999999998035,2.6814751940564817e-09,0.7401222535581438,307.029,0.02465
661.0,303.63711637198816,2.5489947299225717,301.74723007281136,2.5499999999997964,2.6835223218702684e-09,0.7401221756998081,307.03548333333333,0.024656833333333333
662.0,303.64267255479257,2.548993823463938,301.74972046994606,2.5499999999997898,2.6854950787307094e-09,0.7401220977774753,307.04196666666667,0.024663666666666664
663.0,303.64816221212425,2.5489929186733784,301.75221563562286,2.5499999999997827,2.6873812673359974e-09,0.7401220197972755,307.04845,0.024670499999999998
664.0,303.6536052566557,2.5489920157087456,301.7547155682987,2.5499999999997756,2.6892074122957078e-09,0.7401219417640711,307.05493333333334,0.024677333333333332
665.0,303.6590171385994,2.5489911139581443,301.7572202664878,2.5499999999997676,2.6909941003067815e-09,0.7401218636792414,307.0614166666667,0.024684166666666667
666.0,303.6644029046793,2.5489902130610638,301.75972972863764,2.5499999999997596,2.6927480380259936e-09,0.7401217855434191,307.06789999999995,0.024690999999999998
667.0,303.66976638008384,2.5489893128226466,301.762243953212,2.549999999999751,2.6944743082993023e-09,0.740121707357294,307.0743833333333,0.024697833333333332
668.0,303.6751104892216,2.5489884130472404,301.764762938676,2.5499999999997427,2.696176795248928e-09,0.7401216291213484,307.0808666666666,0.024704666666666666
669.0,303.68043822390837,2.5489875136052556,301.7672866835608,2.5499999999997347,2.697859478427153e-09,0.7401215508362653,307.08734999999996,0.024711499999999997
670.0,303.68574952199515,2.5489866145149964,301.76981518642714,2.5499999999997263,2.6995222562031293e-09,0.7401214725025657,307.0938333333333,0.024718333333333332
671.0,303.691046634259,2.548985715663286,301.77234844587974,2.549999999999717,2.7011681221004833e-09,0.7401213941208253,307.10031666666663,0.024725166666666666
672.0,303.69632926537713,2.548984817082249,301.7748864606536,2.5499999999997076,2.7027966649590365e-09,0.7401213156915349,307.10679999999996,0.024731999999999997
673.0,303.70159890031687,2.548983918700788,301.7774292294364,2.5499999999996974,2.70440985697743e-09,0.7401212372152074,307.1132833333333,0.02473883333333333
674.0,303.706856062414,2.548983020500362,301.7799767511617,2.5499999999996876,2.7060083846754122e-09,0.740121158692244,307.11976666666664,0.024745666666666666
675.0,303.7121015854933,2.548982122442852,301.7825290248364,2.5499999999996774,2.7075933513735743e-09,0.7401210801230318,307.12624999999997,0.024752499999999997
676.0,303.7173360355294,2.5489812244983803,301.78508604994295,2.5499999999996668,2.7091655026804245e-09,0.7401210015077653,307.1327333333333,0.02475933333333333
677.0,303.7225603301025,2.5489803266322744,301.787647824962,2.549999999999656,2.7107260565700617e-09,0.7401209228470346,307.13921666666664,0.024766166666666665
678.0,303.72777524047757,2.548979428811845,301.79021434879127,2.549999999999645,2.712276036191133e-09,0.7401208441412651,307.1457,0.024773
679.0,303.73298146040315,2.5489785310072612,301.7927856204528,2.549999999999634,2.7138163619035787e-09,0.7401207653908448,307.1521833333333,0.02477983333333333
680.0,303.7381783153984,2.5489776332392955,301.7953616411668,2.549999999999622,2.715346119171047e-09,0.7401206865954976,307.15866666666665,0.024786666666666665
681.0,303.74336711977054,2.548976735455157,301.79794240895853,2.54999999999961,2.7168670618708006e-09,0.740120607755912,307.16515,0.0247935
682.0,303.74854846138203,2.548975837628915,301.8005279230202,2.549999999999597,2.7183799705570416e-09,0.7401205288724251,307.1716333333333,0.02480033333333333
683.0,303.75372292809527,2.5489749397346326,301.803118182544,2.549999999999584,2.7198856266896997e-09,0.7401204499453731,307.17811666666665,0.024807166666666665
684.0,303.75888986096777,2.548974041798476,301.8057131893027,2.549999999999571,2.7213831377467467e-09,0.7401203709745616,307.1846,0.024814
685.0,303.7640498458315,2.5489731437945906,301.80831294249265,2.5499999999995575,2.722873282840424e-09,0.7401202919603266,307.1910833333333,0.024820833333333334
686.0,303.7692035072446,2.548972245695496,301.81091744123023,2.5499999999995433,2.72435689403277e-09,0.7401202129030201,307.19756666666666,0.024827666666666665
687.0,303.77435123330037,2.548971347483591,301.81352668512113,2.5499999999995286,2.7258344864176663e-09,0.7401201338028932,307.20405,0.0248345
688.0,303.77949294678507,2.548970449162127,301.81614067554597,2.549999999999514,2.7273059499223427e-09,0.7401200546599752,307.21053333333333,0.024841333333333333
689.0,303.7846285919511,2.548969550733391,301.8187594138037,2.5499999999994984,2.728771203238106e-09,0.7401199754743054,307.21701666666667,0.024848166666666664
690.0,303.78975874176126,2.5489686521714896,301.8213828987948,2.549999999999483,2.7302310109622887e-09,0.7401198962462232,307.22349999999994,0.024855
691.0,303.79488365923413,2.548967753464418,301.824011130602,2.549999999999467,2.7316857213888574e-09,0.7401198169759203,307.2299833333333,0.024861833333333333
692.0,303.8000034319929,2.548966854608115,301.8266441109367,2.54999999999945,2.7331354470701227e-09,0.7401197376634754,307.2364666666666,0.024868666666666664
693.0,303.8051177274858,2.548965955617563,301.82928184541134,2.549999999999433,2.7345797348368254e-09,0.7401196583086946,307.24294999999995,0.0248755
694.0,303.81022721257017,2.5489650564624498,301.8319243303593,2.5499999999994154,2.736019477320084e-09,0.7401195789120306,307.2494333333333,0.024882333333333333
695.0,303.8153321045414,2.5489641571328345,301.8345715662879,2.549999999999397,2.7374549623885995e-09,0.7401194994736461,307.2559166666666,0.024889166666666664
696.0,303.82043262069504,2.548963257618774,301.83722355370446,2.5499999999993785,2.738886478240332e-09,0.7401194199937023,307.26239999999996,0.024895999999999998
697.0,303.8255289783264,2.5489623579103213,301.8398802931163,2.5499999999993594,2.740314313402703e-09,0.7401193404723617,307.2688833333333,0.024902833333333332
698.0,303.8306213947311,2.5489614579975273,301.8425417850309,2.54999999999934,2.741738756732348e-09,0.7401192609097865,307.2753666666666,0.024909666666666667
699.0,303.83570969031814,2.5489605578875247,301.84520803521656,2.5499999999993195,2.743159562014491e-09,0.7401191813058434,307.28184999999996,0.024916499999999998
700.0,303.84079370025745,2.5489596575868108,301.847879049246,2.5499999999992986,2.744576502682852e-09,0.7401191016604106,307.2883333333333,0.024923333333333332
701.0,303.845873986164,2.548958757070615,301.85055482306234,2.5499999999992773,2.7459903324463436e-09,0.740119021973906,307.29481666666663,0.024930166666666666
702.0,303.85095071255944,2.5489578563312545,301.85323535787256,2.5499999999992555,2.7474012697323023e-09,0.7401189422464524,307.30129999999997,0.024936999999999997
703.0,303.8560240439654,2.548956955361044,301.85592065488345,2.549999999999233,2.7488095332160984e-09,0.7401188624781729,307.3077833333333,0.024943833333333332
704.0,303.8610941449035,2.5489560541523,301.85861071530206,2.54999999999921,2.750215341820866e-09,0.7401187826691902,307.31426666666664,0.024950666666666666
705.0,303.8661611798954,2.5489551526973315,301.8613055403352,2.549999999999186,2.7516189147179458e-09,0.7401187028196271,307.32075,0.0249575
706.0,303.87122477806406,2.5489542510104677,301.86400514028,2.5499999999991614,2.753019747655669e-09,0.7401186229291733,307.3272333333333,0.02496433333333333
707.0,303.876285063222,2.5489533490856937,301.86670951703456,2.549999999999136,2.7544180046576744e-09,0.7401185429979189,307.33371666666665,0.024971166666666666
708.0,303.8813423834269,2.548952446907774,301.86941866868966,2.5499999999991103,2.7558141532021463e-09,0.7401184630261352,307.3402,0.024978
709.0,303.8863968567115,2.5489515444709285,301.87213259724143,2.5499999999990837,2.75720835011877e-09,0.7401183830139073,307.3466833333333,0.02498483333333333
710.0,303.89144860110866,2.548950641769377,301.87485130468616,2.5499999999990566,2.758600752414497e-09,0.7401183029613205,307.35316666666665,0.024991666666666666
711.0,303.8964977346512,2.5489497387973357,301.8775747930201,2.549999999999029,2.759991517273069e-09,0.7401182228684601,307.35965,0.0249985
712.0,303.9015443753719,2.548948835549022,301.88030306423934,2.549999999999,2.7613808020555046e-09,0.7401181427354111,307.3661333333333,0.02500533333333333
713.0,303.90658814918874,2.5489479320377972,301.8830361311987,2.549999999998971,2.7627680978334094e-09,0.740118062561803,307.37261666666666,0.025012166666666665
714.0,303.9116293633434,2.5489470282505176,301.8857739917195,2.5499999999989407,2.7641538180830675e-09,0.740117982347896,307.3791,0.025019
715.0,303.9166681698675,2.548946124180074,301.8885166470477,2.5499999999989096,2.7655381664254075e-09,0.7401179020938073,307.38558333333333,0.02502583333333333
716.0,303.9217046557133,2.548945219821892,301.89126409986534,2.549999999998878,2.7669212584997355e-09,0.740117821799593,307.39206666666666,0.025032666666666665
717.0,303.9267389078333,2.548944315171391,301.89401635285446,2.549999999998845,2.768303210075293e-09,0.7401177414653096,307.39855,0.0250395
718.0,303.93177101317974,2.548943410223994,301.896773408697,2.549999999998812,2.7696841370516894e-09,0.7401176610910135,307.40503333333334,0.025046333333333334
719.0,303.9368017396943,2.548942505011861,301.8995352702315,2.5499999999987772,2.771065079809734e-09,0.7401175806769396,307.41151666666667,0.025053166666666665
720.0,303.9418491111289,2.548941600498062,301.9023019442612,2.549999999998742,2.772470508799199e-09,0.7401175002278417,307.418,0.02506
721.0,303.9469167599312,2.5489407015506735,301.9050734342174,2.549999999998706,2.7732504585006004e-09,0.7401174197448107,307.42696666666666,0.025067666666666665
722.0,303.9520144159233,2.5489398042575386,301.90784974296247,2.549999999998669,2.7740730970676198e-09,0.7401173392337279,307.4359333333333,0.02507533333333333
723.0,303.957149133593,2.5489389090356678,301.91063087450726,2.5499999999986307,2.774948045795139e-09,0.7401172586971656,307.44489999999996,0.025082999999999998
724.0,303.96230294551196,2.5489380149445457,301.9134168312147,2.5499999999985916,2.775850925516768e-09,0.7401171781338086,307.4538666666666,0.025090666666666667
725.0,303.9674788370103,2.5489371222087787,301.91620761663233,2.549999999998551,2.7767858183870394e-09,0.7401170975461301,307.4628333333333,0.025098333333333334
726.0,303.97266842109104,2.548936229878475,301.91900323500283,2.5499999999985103,2.7777413394190154e-09,0.7401170169308251,307.4718,0.025106
727.0,303.9778744244982,2.5489353382612494,301.92180368512663,2.5499999999984677,2.778721216060148e-09,0.7401169362889438,307.4807666666666,0.025113666666666666
728.0,303.98308868984896,2.548934446433954,301.92460898035876,2.549999999998424,2.779714362952937e-09,0.740116855616746,307.48973333333333,0.025121333333333332
729.0,303.9883151436166,2.5489335548407857,301.92741911427095,2.54999999999838,2.7807261371446817e-09,0.7401167749160316,307.4987,0.025129
730.0,303.99355313314607,2.5489326634051377,301.93023408939877,2.549999999998334,2.7817556644461837e-09,0.7401166941863179,307.50766666666664,0.025136666666666665
731.0,303.9987997934511,2.54893177179109,301.9330539168731,2.5499999999982874,2.782799055245702e-09,0.7401166134254833,307.5166333333333,0.02514433333333333
732.0,304.0040566781122,2.5489308801806647,301.93587859065815,2.5499999999982395,2.7838584377704145e-09,0.740116532634678,307.5256,0.025152
733.0,304.0093231470483,2.548929988497341,301.9387081143441,2.549999999998191,2.784932951978844e-09,0.740116451813324,307.53456666666665,0.025159666666666667
734.0,304.014597768744,2.5489290965701006,301.9415424959603,2.5499999999981404,2.786020657519031e-09,0.7401163709601283,307.5435333333333,0.025167333333333333
735.0,304.0198805880466,2.548928204404227,301.94438173525526,2.549999999998089,2.787121625794869e-09,0.7401162900751308,307.5525,0.025175
736.0,304.0251716953415,2.5489273120021734,301.9472258333975,2.549999999998036,2.7882359903668025e-09,0.7401162091581504,307.56146666666666,0.025182666666666666
737.0,304.03047084220776,2.548926419330847,301.95007479246135,2.549999999997982,2.7893634225486323e-09,0.7401161282088555,307.5704333333333,0.025190333333333332
738.0,304.0357773602441,2.5489255263130968,301.95292861564354,2.5499999999979264,2.790503019914267e-09,0.7401160472267291,307.57939999999996,0.025197999999999998
739.0,304.0410908606181,2.5489246329011053,301.9557873053938,2.5499999999978695,2.7916542607775373e-09,0.740115966211378,307.5883666666666,0.025205666666666668
740.0,304.0464109544977,2.548923739047063,301.95865086416165,2.549999999997811,2.792816622848851e-09,0.7401158851624082,307.5973333333333,0.025213333333333334
741.0,304.0517378645726,2.548922844766386,301.9615192923518,2.549999999997751,2.7939904188184345e-09,0.7401158040796064,307.6063,0.025221
742.0,304.05707175594677,2.5489219500685323,301.9643925905615,2.5499999999976897,2.795175883038242e-09,0.7401157229627411,307.6152666666666,0.025228666666666667
743.0,304.06241189398133,2.548921054869947,301.9672707623967,2.549999999997627,2.796372020009316e-09,0.7401156418113176,307.62423333333334,0.025236333333333333
744.0,304.06775801394804,2.5489201591356565,301.97015380989194,2.549999999997562,2.7975784757202358e-09,0.7401155606249787,307.6332,0.025244
745.0,304.0731098511188,2.5489192628306947,301.9730417350819,2.5499999999974965,2.7987948957478358e-09,0.7401154794033679,307.64216666666664,0.025251666666666665
746.0,304.07846754261345,2.5489183659640586,301.97593453729183,2.549999999997429,2.8000214751695034e-09,0.7401153981462749,307.6511333333333,0.02525933333333333
747.0,304.0838315062091,2.548917468575447,301.978832213955,2.54999999999736,2.8012587934760773e-09,0.740115316853594,307.6601,0.025267
748.0,304.08920110025764,2.548916570588659,301.9817347696471,2.549999999997289,2.802505980206782e-09,0.7401152355248294,307.66906666666665,0.025274666666666668
749.0,304.094576168997,2.5489156719806507,301.98464220566814,2.5499999999972167,2.8037628293818006e-09,0.7401151541596642,307.6780333333333,0.025282333333333334
750.0,304.09995655666523,2.5489147727283834,301.98755452331807,2.5499999999971426,2.805029134780956e-09,0.7401150727577813,307.68699999999995,0.02529
751.0,304.1053422563878,2.5489138728261045,301.9904717215483,2.5499999999970666,2.806304893998204e-09,0.7401149913189408,307.69596666666666,0.025297666666666666
752.0,304.1107335818438,2.5489129723052804,301.99339379425453,2.549999999996989,2.8075905440901936e-09,0.740114909843069,307.7049333333333,0.025305333333333332
753.0,304.11613013626544,2.5489120711148887,301.99632074653795,2.549999999996909,2.808885548357165e-09,0.740114828329724,307.71389999999997,0.025313
754.0,304.121531823033,2.5489111692387594,301.9992525787657,2.5499999999968277,2.8101897811976914e-09,0.7401147467786197,307.7228666666666,0.02532066666666667
755.0,304.12693854552685,2.548910266660723,302.0021892913049,2.5499999999967438,2.811503116862357e-09,0.740114665189469,307.7318333333333,0.025328333333333335
756.0,304.13235027179337,2.5489093633728395,302.0051308813784,2.549999999996658,2.8128255182199772e-09,0.7401145835620387,307.7408,0.025336
757.0,304.1377672801822,2.548908459406653,302.00807733112197,2.5499999999965706,2.8141573741686853e-09,0.7401145018963479,307.74976666666663,0.025343666666666667
758.0,304.14318919882083,2.5489075547109703,302.0110286542858,2.549999999996481,2.8154981809955543e-09,0.7401144201918856,307.75873333333334,0.025351333333333333
759.0,304.1486159482741,2.548906649271811,302.01398485040136,2.5499999999963894,2.8168478361687175e-09,0.74011433844838,307.7677,0.025359
760.0,304.15404744910666,2.5489057430751965,302.0169459190003,2.5499999999962957,2.818206237035797e-09,0.7401142566655583,307.77666666666664,0.025366666666666666
761.0,304.15948362188334,2.5489048361071474,302.01991185961424,2.5499999999961993,2.819573280822535e-09,0.7401141748431481,307.7856333333333,0.025374333333333332
762.0,304.16492438716887,2.5489039283536874,302.0228826717747,2.549999999996101,2.820948864633346e-09,0.7401140929808774,307.79459999999995,0.025382000000000002
763.0,304.1703696655281,2.5489030198008393,302.0258583550132,2.549999999996001,2.8223328854497795e-09,0.7401140110784734,307.80356666666665,0.025389666666666668
764.0,304.1758193775256,2.548902110434626,302.0288389088615,2.5499999999958978,2.8237252401310085e-09,0.7401139291356638,307.8125333333333,0.025397333333333334
765.0,304.18127385756185,2.5489012002944467,302.03182430474294,2.5499999999957925,2.825126395009589e-09,0.7401138471525233,307.82149999999996,0.025405
766.0,304.186732921313,2.5489002893527966,302.0348145493133,2.549999999995685,2.8265361028002893e-09,0.740113765128691,307.83046666666667,0.025412666666666667
767.0,304.19219639092876,2.548899377583006,302.0378096487886,2.5499999999955745,2.8279541248374396e-09,0.7401136830638126,307.8394333333333,0.025420333333333333
768.0,304.1976642077051,2.5488984649737763,302.04080960129227,2.549999999995462,2.8293803863083528e-09,0.7401136009576329,307.84839999999997,0.025428
769.0,304.20313631293817,2.5488975515138064,302.0438144049479,2.5499999999953467,2.8308148123106945e-09,0.740113518809897,307.8573666666666,0.02543566666666667
770.0,304.2086126479239,2.548896637191797,302.04682405787884,2.5499999999952285,2.8322573278523358e-09,0.7401134366203493,307.86633333333333,0.025443333333333335
771.0,304.2140931539586,2.54889572199645,302.0498385582087,2.549999999995108,2.8337078578513195e-09,0.7401133543887357,307.8753,0.025451
772.0,304.219577772338,2.5488948059164676,302.0528579040609,2.5499999999949847,2.8351663271353828e-09,0.7401132721148005,307.88426666666663,0.025458666666666668
773.0,304.22506387310347,2.548893889586659,302.05588208014495,2.549999999994859,2.8366291218016756e-09,0.740113189802384,307.8932333333333,0.025466333333333334
774.0,304.23054700685003,2.548892974099064,302.0589110616786,2.54999999999473,2.838090118864489e-09,0.7401131074582235,307.9022,0.025474
775.0,304.2360310786401,2.5488920584464054,302.0619448674639,2.549999999994598,2.8395546925611524e-09,0.7401130250757512,307.91116666666665,0.025481666666666666
776.0,304.24151572209763,2.548891142694729,302.0649834940192,2.549999999994463,2.841022339806046e-09,0.7401129426552023,307.9201333333333,0.025489333333333333
777.0,304.2470005708466,2.5488902269100855,302.0680269378629,2.5499999999943253,2.842492556907142e-09,0.7401128601968117,307.92909999999995,0.025497000000000002
778.0,304.2524852585109,2.54888931115853,302.0710751955134,2.5499999999941845,2.8439648395648246e-09,0.7401127777008144,307.93806666666666,0.02550466666666667
779.0,304.25796941871454,2.54888839550612,302.07412826348906,2.54999999999404,2.845438682872514e-09,0.7401126951674457,307.9470333333333,0.025512333333333335
780.0,304.26345268508146,2.5488874800189194,302.0771861383084,2.549999999993893,2.846913581315205e-09,0.7401126125969398,307.95599999999996,0.02552
781.0,304.26893469123564,2.548886578197754,302.08024881648964,2.5499999999937426,2.8465063321193194e-09,0.7401125299895325,307.9616,0.02553
782.0,304.27437805043445,2.5488856831626556,302.08331628200114,2.549999999993589,2.846048003355406e-09,0.7401124473733404,307.9672,0.02554
783.0,304.27976798718356,2.5488847978932654,302.0863885253982,2.5499999999934317,2.8455181457312155e-09,0.7401123647628036,307.9728,0.02555
784.0,304.28512743596525,2.54888392137347,302.0894655427508,2.549999999993271,2.8449484051510262e-09,0.74011228216657,307.97839999999997,0.02556
785.0,304.2904550355017,2.5488830540904974,302.09254732731443,2.5499999999931067,2.84433686636994e-09,0.7401121995923652,307.984,0.025570000000000002
786.0,304.2957633766228,2.5488821935033554,302.09563387568807,2.549999999992939,2.843700892356421e-09,0.7401121170385545,307.9896,0.025580000000000002
787.0,304.30105394729395,2.548881339046712,302.0987251820792,2.549999999992768,2.843042515111807e-09,0.7401120345057811,307.99519999999995,0.02559
788.0,304.30633030626404,2.5488804896610855,302.10182124121167,2.549999999992593,2.842366631910878e-09,0.7401119519931555,308.00079999999997,0.0256
789.0,304.3115906380757,2.5488796457012475,302.1049220459245,2.549999999992414,2.8416707150479365e-09,0.7401118695004242,308.0064,0.02561
790.0,304.3168396357882,2.5488788060631027,302.10802759109293,2.5499999999922314,2.840961237947492e-09,0.7401117870278026,308.01199999999994,0.02562
791.0,304.3220774716839,2.548877970730313,302.111137870072,2.5499999999920444,2.8402384263007424e-09,0.7401117045756819,308.01759999999996,0.02563
792.0,304.3273036787611,2.548877139859256,302.1142528759799,2.5499999999918534,2.8395016214609686e-09,0.7401116221445856,308.0232,0.02564
793.0,304.3325203920344,2.5488763129019567,302.11737260289647,2.549999999991659,2.8387537657142e-09,0.7401115397345024,308.0288,0.025650000000000003
794.0,304.3377265399597,2.5488754901257398,302.1204970435758,2.54999999999146,2.8379933645478445e-09,0.7401114573463252,308.0344,0.025660000000000002
795.0,304.34292332029906,2.548874671237706,302.1236261917552,2.5499999999912566,2.8372220651793483e-09,0.740111374980229,308.03999999999996,0.025670000000000002
796.0,304.3481111126183,2.5488738561399646,302.12676004073825,2.549999999991049,2.8364403829921334e-09,0.7401112926365935,308.0456,0.02568
797.0,304.35329019301037,2.5488730447555943,302.12989858373214,2.5499999999908374,2.8356486905267986e-09,0.7401112103157952,308.0512,0.02569
798.0,304.35846107303485,2.548872236959947,302.13304181416396,2.5499999999906207,2.834847687307945e-09,0.7401111280182174,308.05679999999995,0.0257
799.0,304.36362390862587,2.54887143270179,302.1361897250742,2.5499999999903995,2.834037580376164e-09,0.7401110457435673,308.06239999999997,0.02571
800.0,304.3687792457246,2.548870631848912,302.13934230994585,2.549999999990174,2.833219118163016e-09,0.7401109634925204,308.068,0.02572
801.0,304.3739274935461,2.5488698342974825,302.14249956210676,2.5499999999899434,2.8323928602014465e-09,0.740110881265413,308.0736,0.02573
802.0,304.37906905556844,2.5488690399448597,302.14566147487824,2.5499999999897085,2.8315593587071975e-09,0.7401107990625672,308.07919999999996,0.025740000000000002
803.0,304.38420433526977,2.548868248688396,302.1488280415817,2.5499999999894682,2.8307191665324417e-09,0.7401107168843046,308.0848,0.025750000000000002
804.0,304.3893329222792,2.5488674606104196,302.1519992552364,2.549999999989223,2.829871706820958e-09,0.7401106347302407,308.0904,0.02576
805.0,304.3944552720236,2.548866675596475,302.15517510918295,2.5499999999889726,2.8290176049138444e-09,0.7401105526007422,308.096,0.02577
806.0,304.39957188273627,2.548865893522369,302.15835559677794,2.5499999999887173,2.8281575463531827e-09,0.7401104704962137,308.10159999999996,0.02578
807.0,304.40468306222107,2.548865114307188,302.1615407113071,2.5499999999884566,2.8272919527538103e-09,0.7401103884168935,308.1072,0.02579
808.0,304.4097891182819,2.5488643378700164,302.16473044605635,2.5499999999881906,2.82642124621256e-09,0.7401103063630208,308.1128,0.0258
809.0,304.4148897570863,2.5488635642686477,302.16792479442177,2.5499999999879193,2.825545012552316e-09,0.7401102243344494,308.11839999999995,0.02581
810.0,304.41998493351554,2.5488627935035346,302.17112374975386,2.549999999987642,2.824663183149548e-09,0.7401101423311932,308.12399999999997,0.025820000000000003
811.0,304.42507521463347,2.5488620254339827,302.1743273052909,2.5499999999873593,2.8237765412129605e-09,0.7401100603536562,308.1296,0.025830000000000002
812.0,304.43016080545226,2.5488612600027674,302.17753545433766,2.549999999987071,2.8228853668701535e-09,0.7401099784020116,308.1352,0.025840000000000002
813.0,304.435241910984,2.5488604971526625,302.1807481901987,2.5499999999867766,2.8219899405686476e-09,0.7401098964764328,308.14079999999996,0.02585
814.0,304.44031851546686,2.5488597368798533,302.1839655065674,2.5499999999864764,2.8210902356189087e-09,0.7401098145769553,308.14639999999997,0.02586
815.0,304.4453903792994,2.54885897923468,302.18718739753103,2.5499999999861696,2.8201859134956125e-09,0.7401097327034762,308.152,0.02587
816.0,304.45045795353064,2.548858224100389,302.19041385596114,2.549999999985857,2.8192775976611293e-09,0.7401096508563212,308.1576,0.02588
817.0,304.4555213792007,2.548857471435227,302.193644875275,2.5499999999855376,2.8183654801890333e-09,0.7401095690356236,308.16319999999996,0.02589
818.0,304.4605807973497,2.5488567211974367,302.19688044889,2.549999999985212,2.817449753371623e-09,0.7401094872415173,308.1688,0.0259
819.0,304.4656362722291,2.5488559733649394,302.2001205707802,2.54999999998488,2.816530502644693e-09,0.7401094054740752,308.1744,0.025910000000000002
820.0,304.47068742171405,2.548855228030031,302.2033652381571,2.5499999999845415,2.8156071909309852e-09,0.7401093237330224,308.17999999999995,0.025920000000000002
821.0,304.47573476305456,2.548854485054556,302.2066144417095,2.549999999984196,2.8146805353745305e-09,0.7401092420187859,308.18559999999997,0.02593
822.0,304.48077841361936,2.5488537444028205,302.20986817502643,2.5499999999838434,2.813750695849046e-09,0.7401091603314807,308.1912,0.02594
823.0,304.4858184907772,2.5488530060391286,302.2131264316969,2.549999999983484,2.8128178324100998e-09,0.7401090786712213,308.1968,0.02595
824.0,304.49085511189674,2.5488522699277834,302.21638920530967,2.5499999999831178,2.8118821052943164e-09,0.7401089970381229,308.20239999999995,0.02596
825.0,304.4958883943468,2.5488515360330863,302.2196564894538,2.549999999982744,2.8109436749201743e-09,0.7401089154323004,308.20799999999997,0.02597
826.0,304.50091845549605,2.548850804319338,302.22292827771827,2.549999999982363,2.810002701887121e-09,0.7401088338538685,308.2136,0.02598
827.0,304.50594541271323,2.548850074750839,302.226204563692,2.5499999999819747,2.8090593469760254e-09,0.740108752302942,308.2192,0.02599
828.0,304.5109687791051,2.548849347448167,302.22948534769114,2.5499999999815786,2.8081129264672433e-09,0.7401086707790709,308.22479999999996,0.026000000000000002
829.0,304.515988914363,2.548848622312951,302.23277062060686,2.5499999999811744,2.807163939635809e-09,0.7401085892825963,308.2304,0.026010000000000002
830.0,304.52100601761305,2.5488478992883445,302.2360603751179,2.5499999999807628,2.806212661736687e-09,0.7401085078137098,308.236,0.02602
831.0,304.5260201785852,2.548847178345791,302.239354605121,2.5499999999803427,2.805259215283831e-09,0.7401084263725005,308.24159999999995,0.02603
832.0,304.5310314870098,2.548846459456735,302.24265330451266,2.5499999999799146,2.8043037229287582e-09,0.7401083449590571,308.24719999999996,0.02604
833.0,304.53604003261677,2.5488457425926203,302.2459564671896,2.5499999999794785,2.8033463074612017e-09,0.7401082635734688,308.2528,0.02605
834.0,304.5410459051363,2.548845027724889,302.2492640870486,2.549999999979034,2.802387091808853e-09,0.7401081822158245,308.2584,0.02606
835.0,304.5460491942986,2.54884431482498,302.2525761579861,2.5499999999785805,2.8014261990370298e-09,0.7401081008862134,308.264,0.02607
836.0,304.5510531417862,2.5488436013148803,302.25589267804565,2.5499999999781187,2.8004681519460617e-09,0.7401080195672735,308.26959999999997,0.026080000000000002
837.0,304.5560594082691,2.548842885895345,302.2592136431909,2.549999999977648,2.7995152708572086e-09,0.740107938250396,308.2752,0.026090000000000002
838.0,304.56106577973185,2.5488421704011683,302.2625390442874,2.549999999977168,2.798564467257991e-09,0.7401078569484251,308.2808,0.0261
839.0,304.56607259218816,2.5488414546045597,302.2658688755559,2.549999999976679,2.797616211590137e-09,0.7401077756600861,308.28639999999996,0.02611
840.0,304.5710801816517,2.5488407382777245,302.269203131217,2.54999999997618,2.796670974809731e-09,0.7401076943841042,308.292,0.02612
841.0,304.5760888841362,2.548840009749954,302.2725418054914,2.5499999999756726,2.797332862155341e-09,0.7401076131192049,308.29836666666665,0.026128000000000002
842.0,304.5810990356552,2.548839280236356,302.27588489259983,2.5499999999751553,2.7979987138365885e-09,0.7401075318641142,308.30473333333333,0.026136
843.0,304.5861109722224,2.548838549509126,302.2792323867629,2.549999999974628,2.7986690023599437e-09,0.7401074506175569,308.3111,0.026144
844.0,304.591125096363,2.5488378170015835,302.2825842830334,2.5499999999740908,2.7993442911392133e-09,0.7401073693718012,308.31746666666663,0.026152
845.0,304.5961420310317,2.5488370810239704,302.28594057922146,2.5499999999735437,2.8000254438533847e-09,0.7401072880977149,308.3238333333333,0.02616
846.0,304.60116189605174,2.5488363424499427,302.2893012668434,2.549999999972986,2.8007126409942907e-09,0.7401072068150121,308.3302,0.026168
847.0,304.60618504187335,2.5488356009781246,302.2926663403004,2.549999999972418,2.8014063769340486e-09,0.7401071255210168,308.33656666666667,0.026176
848.0,304.61121181894697,2.5488348563071384,302.2960357939937,2.5499999999718392,2.8021071465887864e-09,0.740107044213053,308.3429333333333,0.026184
849.0,304.6162425777229,2.5488341081355976,302.29940962232473,2.54999999997125,2.802815445418924e-09,0.7401069628884442,308.34929999999997,0.026192
850.0,304.62127766865154,2.5488333561621177,302.30278781969463,2.54999999997065,2.8035317694314138e-09,0.7401068815445148,308.35566666666665,0.0262
851.0,304.6263174421831,2.5488326000853077,302.3061703805047,2.549999999970039,2.8042566151804307e-09,0.740106800178588,308.36203333333333,0.026208000000000002
852.0,304.631362248768,2.548831839603772,302.3095572991562,2.5499999999694163,2.804990479769742e-09,0.7401067187879882,308.36839999999995,0.026216
853.0,304.63640202939825,2.548831081869304,302.3129485673666,2.549999999968782,2.805719253959149e-09,0.740106637394348,308.37476666666663,0.026224
854.0,304.6414424802742,2.5488303227530054,302.3163441809155,2.5499999999681364,2.806450927255352e-09,0.7401065559825074,308.3811333333333,0.026232000000000002
855.0,304.6464847781682,2.548829561361857,302.3197441344172,2.5499999999674787,2.8071871526759773e-09,0.7401064745478607,308.3875,0.02624
856.0,304.6515288773116,2.5488287976781834,302.32314842217073,2.549999999966809,2.8079278681323507e-09,0.7401063930886572,308.39386666666667,0.026248
857.0,304.65657473193573,2.5488280316843044,302.3265570384753,2.549999999966127,2.8086730114668054e-09,0.7401063116031456,308.4002333333333,0.026256
858.0,304.6616222962719,2.5488272633625426,302.32996997762996,2.549999999965433,2.8094225204516874e-09,0.7401062300895751,308.40659999999997,0.026264
859.0,304.6666715245515,2.5488264926952215,302.33338723393393,2.5499999999647263,2.81017633279019e-09,0.740106148546195,308.41296666666665,0.026272
860.0,304.6717223710058,2.5488257196646646,302.33680880168623,2.549999999964007,2.8109343861150464e-09,0.7401060669712544,308.4193333333333,0.02628
861.0,304.67677468645763,2.5488249444357907,302.34023467446076,2.5499999999632745,2.8116964735778654e-09,0.7401059853649979,308.4257,0.026288
862.0,304.68182666097397,2.548824170106032,302.3436648341837,2.5499999999625285,2.812460068187436e-09,0.7401059037597243,308.4320666666666,0.026296
863.0,304.6868794895995,2.5488233944667353,302.34709928385655,2.5499999999617686,2.8132268389772563e-09,0.7401058221297341,308.4384333333333,0.026304
864.0,304.69193306311814,2.5488226176122657,302.3505380173335,2.5499999999609955,2.813996633894061e-09,0.7401057404745007,308.4448,0.026312
865.0,304.69698727231366,2.5488218396369886,302.3539810284687,2.5499999999602085,2.814769300715186e-09,0.7401056587934989,308.45116666666667,0.02632
866.0,304.70204200797,2.5488210606352704,302.35742831111617,2.5499999999594074,2.815544687049032e-09,0.740105577086201,308.45753333333334,0.026328
867.0,304.70709716087106,2.54882028070148,302.3608798591302,2.5499999999585925,2.81632264033467e-09,0.7401054953520815,308.46389999999997,0.026336
868.0,304.7121526218006,2.548819499929987,302.36433566636475,2.5499999999577625,2.817103007841412e-09,0.7401054135906139,308.47026666666665,0.026344
869.0,304.71720828154264,2.54881871841516,302.36779572667405,2.5499999999569183,2.8178856366692593e-09,0.7401053318012721,308.4766333333333,0.026352
870.0,304.7222644099678,2.5488179360376257,302.37126002883167,2.5499999999560594,2.8186709087411555e-09,0.7401052499871663,308.48299999999995,0.026359999999999998
871.0,304.72732201113627,2.5488171522640295,302.3747285517714,2.5499999999551846,2.8194602428257192e-09,0.7401051681584513,308.4893666666666,0.026368
872.0,304.732380057482,2.5488163677065483,302.3782013016552,2.5499999999542946,2.820252190507735e-09,0.74010508630579,308.4957333333333,0.026376
873.0,304.737438496835,2.5488155824273884,302.38167827157275,2.5499999999533887,2.8210466794551858e-09,0.7401050044292031,308.5021,0.026384
874.0,304.7424972770254,2.548814796488754,302.38515945461364,2.549999999952467,2.8218436372547504e-09,0.7401049225287121,308.50846666666666,0.026392
875.0,304.74755634588325,2.548814009952851,302.3886448438673,2.5499999999515297,2.8226429914128104e-09,0.7401048406043378,308.5148333333333,0.0264
876.0,304.7526156512387,2.5488132228818863,302.3921344324236,2.549999999950576,2.823444669354566e-09,0.740104758656101,308.52119999999996,0.026408
877.0,304.75767514092183,2.548812435338066,302.3956282133718,2.5499999999496055,2.824248598424453e-09,0.7401046766840231,308.52756666666664,0.026416
878.0,304.7627347627627,2.548811647383597,302.3991261798017,2.5499999999486183,2.8250547058858737e-09,0.7401045946881246,308.5339333333333,0.026424
879.0,304.76779496517946,2.5488108585946616,302.4026283132272,2.549999999947614,2.8258636252296687e-09,0.7401045126688296,308.5403,0.026432
880.0,304.77285614136434,2.5488100686010533,302.40613459643913,2.5499999999465923,2.8266759127048233e-09,0.7401044306265177,308.5466666666666,0.026439999999999998
881.0,304.7779177217991,2.5488092779672753,302.40964503449044,2.5499999999455527,2.827490766079166e-09,0.7401043485607931,308.5530333333333,0.026448
882.0,304.78297969614454,2.5488084867149228,302.41315961950335,2.549999999944495,2.8283081718648378e-09,0.7401042664717107,308.5594,0.026456
883.0,304.7880420540615,2.5488076948655856,302.41667834360015,2.5499999999434193,2.8291281165585407e-09,0.7401041843593253,308.56576666666666,0.026463999999999998
884.0,304.79310478521097,2.548806902440856,302.42020119890316,2.5499999999423255,2.829950586641269e-09,0.7401041022236914,308.57213333333334,0.026472
885.0,304.79816787925364,2.548806109462327,302.42372817753466,2.549999999941213,2.830775568578378e-09,0.7401040200648634,308.57849999999996,0.02648
886.0,304.80323132585045,2.54880531595159,302.42725927161695,2.549999999940082,2.831603048819509e-09,0.7401039378828963,308.58486666666664,0.026487999999999998
887.0,304.80829511466226,2.5488045219302373,302.4307944732723,2.5499999999389313,2.8324330137988574e-09,0.7401038556778446,308.5912333333333,0.026496
888.0,304.8133595043142,2.5488037270982966,302.43433375219075,2.549999999937761,2.8332658298091007e-09,0.7401037734476485,308.5976,0.026504
889.0,304.8184244848869,2.548802931476856,302.4378771004596,2.5499999999365706,2.834101484161694e-09,0.7401036911923586,308.6039666666666,0.026511999999999997
890.0,304.8234899104609,2.548802135249603,302.44142452150885,2.54999999993536,2.8349397719658e-09,0.7401036089130966,308.6103333333333,0.02652
891.0,304.8285557818258,2.5488013384248216,302.4449760065326,2.549999999934129,2.8357806954806356e-09,0.7401035266098287,308.6167,0.026528
892.0,304.8336220997712,2.5488005410108023,302.448531546725,2.5499999999328775,2.836624256967754e-09,0.7401034442825227,308.62306666666666,0.026536
893.0,304.8386888650868,2.5487997430158273,302.45209113328013,2.549999999931605,2.837470458690652e-09,0.7401033619311453,308.6294333333333,0.026543999999999998
894.0,304.84375607856225,2.548798944448185,302.4556547573921,2.5499999999303116,2.838319302913994e-09,0.7401032795556639,308.63579999999996,0.026552
895.0,304.84882374098714,2.5487981453161623,302.45922241025505,2.5499999999289966,2.8391707919049103e-09,0.7401031971560458,308.64216666666664,0.02656
896.0,304.85389185315125,2.548797345628044,302.46279408306316,2.54999999992766,2.8400249279321636e-09,0.7401031147322576,308.6485333333333,0.026567999999999998
897.0,304.8589604158441,2.5487965453921166,302.46636976701046,2.5499999999263014,2.840881713266008e-09,0.7401030322842672,308.6549,0.026576
898.0,304.8640294376318,2.5487957446056813,302.469949451708,2.5499999999249203,2.8417411611766085e-09,0.7401029498119234,308.6612666666666,0.026584
899.0,304.86909897786785,2.5487949431942853,302.4735331164271,2.549999999923517,2.842603356792414e-09,0.740102867314307,308.6676333333333,0.026591999999999998
900.0,304.8741737281598,2.548794139891009,302.4771207505992,2.54999999992209,2.843474990663425e-09,0.7401027847860436,308.674,0.0266
901.0,304.87929628199265,2.5487933031269128,302.4807123451723,2.5499999999206393,2.8472319225377572e-09,0.7401027021796884,308.68345,0.0266045
902.0,304.8844712183813,2.5487924513382714,302.4843078876722,2.549999999919165,2.8510656423251263e-09,0.7401026194862551,308.6929,0.026608999999999997
903.0,304.88967682709017,2.5487915858406023,302.48790737012746,2.549999999917666,2.8549451898017494e-09,0.7401025366891483,308.70234999999997,0.0266135
904.0,304.89492148659843,2.5487907036826263,302.49151078065694,2.549999999916143,2.8588825562502834e-09,0.7401024537706137,308.7118,0.026618
905.0,304.90018745497775,2.5487898106985325,302.49511810613245,2.549999999914595,2.862852467203114e-09,0.7401023707361668,308.72125,0.0266225
906.0,304.9054802717266,2.548788905133237,302.4987293487835,2.549999999913022,2.8668628590031776e-09,0.7401022875839801,308.73069999999996,0.026626999999999998
907.0,304.910786278455,2.548787992036398,302.5023444682468,2.5499999999114227,2.870894264921228e-09,0.7401022043123987,308.74014999999997,0.0266315
908.0,304.9161116847617,2.5487870691120094,302.50596348287297,2.5499999999097978,2.8749555702576673e-09,0.7401021209221751,308.7496,0.026636
909.0,304.92145381712197,2.5487861374826544,302.5095863706832,2.5499999999081466,2.8790429818014605e-09,0.7401020374127959,308.75905,0.026640499999999998
910.0,304.92681071946646,2.5487851979696448,302.5132131155968,2.549999999906469,2.883153726856438e-09,0.7401019537838857,308.76849999999996,0.026645
911.0,304.93218384338047,2.548784249962309,302.51684372940696,2.549999999904765,2.8872898988335474e-09,0.7401018700357125,308.77795,0.0266495
912.0,304.93757033418393,2.548783294559671,302.5204781735779,2.549999999903033,2.891447437511077e-09,0.7401017861665963,308.7874,0.026654
913.0,304.94297022325526,2.548782331749523,302.5241164485332,2.549999999901273,2.895626405304977e-09,0.7401017021765556,308.79684999999995,0.026658499999999998
914.0,304.948383246231,2.5487813616230124,302.5277585438417,2.549999999899485,2.899826441565209e-09,0.7401016180649674,308.80629999999996,0.026663
915.0,304.9538092179572,2.5487803842392394,302.5314044491316,2.5499999998976692,2.904047298575141e-09,0.7401015338311863,308.81575,0.0266675
916.0,304.9592470859118,2.548779400008243,302.53505415337827,2.549999999895824,2.9082874869711643e-09,0.7401014494748103,308.8252,0.026671999999999998
917.0,304.96469620542,2.548778409175058,302.53870764586395,2.54999999989395,2.912546099526694e-09,0.7401013649953222,308.83464999999995,0.0266765
918.0,304.9701562116792,2.5487774118802253,302.5423649149597,2.549999999892046,2.9168226288287025e-09,0.7401012803921599,308.84409999999997,0.026681
919.0,304.97562766948465,2.5487764079171944,302.54602594600954,2.5499999998901126,2.921117898791442e-09,0.74010119566461,308.85355,0.0266855
920.0,304.98110947286006,2.5487753977032552,302.5496907297979,2.549999999888148,2.9254303397598212e-09,0.7401011108122306,308.863,0.02669
921.0,304.9866011647091,2.5487743814134216,302.55335925499634,2.549999999886153,2.929759310475677e-09,0.7401010258344748,308.87244999999996,0.0266945
922.0,304.9921022879353,2.5487733592227153,302.5570315102764,2.5499999998841267,2.9341041689243147e-09,0.7401009407307951,308.8819,0.026699
923.0,304.99761373328425,2.5487723308064325,302.56070748227364,2.549999999882069,2.938466205858575e-09,0.7401008555009002,308.89135,0.026703499999999998
924.0,305.00313459184787,2.54877129650711,302.56438716034216,2.5499999998799785,2.9428441311551004e-09,0.7401007701441571,308.9008,0.026708
925.0,305.0086645505596,2.5487702564463737,302.5680705329359,2.5499999998778557,2.9472375084172384e-09,0.7401006846600459,308.91024999999996,0.0267125
926.0,305.0142033192991,2.5487692107373476,302.57175758847416,2.5499999998757006,2.9516459336779487e-09,0.7401005990480507,308.9197,0.026717
927.0,305.0197511353416,2.5487681592944025,302.5754483156064,2.5499999998735117,2.9560697599464333e-09,0.7401005133079409,308.92915,0.0267215
928.0,305.02530779634594,2.5487671021975826,302.5791427027903,2.5499999998712886,2.9605087090942004e-09,0.740100427439248,308.93859999999995,0.026726
929.0,305.03087296481067,2.548766039577872,302.5828407384244,2.5499999998690313,2.964962308426644e-09,0.7401003414414307,308.94804999999997,0.0267305
930.0,305.0364464456118,2.548764971512602,302.58654241096957,2.5499999998667393,2.9694302893542966e-09,0.7401002553140248,308.9575,0.026735000000000002
931.0,305.04202831699024,2.548763897972429,302.59024770969984,2.549999999864412,2.9739127760252335e-09,0.740100169056836,308.96695,0.0267395
932.0,305.047618587958,2.5487628189550264,302.59395662368337,2.549999999862049,2.978409793176567e-09,0.7401000826696015,308.97639999999996,0.026744
933.0,305.05321684577626,2.548761734622646,302.59766914073344,2.54999999985965,2.9829207588012717e-09,0.7400999961516416,308.98584999999997,0.0267485
934.0,305.0588229249847,2.5487606450410496,302.60138524939913,2.549999999857214,2.98744544606154e-09,0.740099909502522,308.9953,0.026753
935.0,305.06443666012325,2.5487595502760003,302.60510493822943,2.549999999854741,2.9919836278490455e-09,0.7400998227218073,309.00475,0.0267575
936.0,305.0700578857315,2.5487584503932617,302.6088281957734,2.5499999998522305,2.99653507678147e-09,0.7400997358090625,309.01419999999996,0.026762
937.0,305.0756864363494,2.5487573454586006,302.61255501058,2.5499999998496823,3.0010995652038156e-09,0.7400996487638523,309.02365,0.026766500000000002
938.0,305.08132227827844,2.548756235485949,302.6162853716683,2.5499999998470955,3.0056770550429296e-09,0.7400995615858673,309.0331,0.026771
939.0,305.08696586876636,2.5487551202960894,302.62001926980815,2.5499999998444696,3.0102682158110347e-09,0.7400994742752646,309.04255,0.0267755
940.0,305.0926166146943,2.548754000123038,302.6237566920234,2.5499999998418037,3.0148722034359307e-09,0.7400993868312025,309.05199999999996,0.02678
941.0,305.0982743891709,2.548752875017393,302.62749762700054,2.549999999839098,3.01948884522156e-09,0.7400992992532824,309.06145,0.0267845
942.0,305.10393906530504,2.5487517450297528,302.63124206342627,2.5499999998363516,3.0241179682628516e-09,0.740099211541106,309.0709,0.026789
943.0,305.10961051620535,2.5487506102107176,302.63498998998705,2.549999999833564,3.0287593994446582e-09,0.7400991236942751,309.08034999999995,0.0267935
944.0,305.11528861498056,2.548749470610889,302.6387413953696,2.5499999998307357,3.033412965441398e-09,0.7400990357123913,309.08979999999997,0.026798000000000002
945.0,305.1209732347395,2.5487483262808706,302.6424962682604,2.5499999998278646,3.0380784927157704e-09,0.7400989475950561,309.09925,0.0268025
946.0,305.1266649296826,2.5487471770028876,302.6462546013943,2.5499999998249514,3.0427567913437784e-09,0.7400988593424891,309.1087,0.026807
947.0,305.13236324924964,2.548746022955079,302.65001638153404,2.549999999821994,3.047447220602997e-09,0.7400987709539979,309.11814999999996,0.026811500000000002
948.0,305.13806803908227,2.5487448641988752,302.653781597203,2.5499999998189935,3.0521495671011588e-09,0.7400986824291595,309.1276,0.026816
949.0,305.14377920820937,2.548743700770725,302.65755023730134,2.549999999815949,3.056863708830382e-09,0.7400985937676086,309.13705,0.0268205
950.0,305.1494966656598,2.5487425327070827,302.661322290729,2.549999999812859,3.0615895236340115e-09,0.7400985049689784,309.1465,0.026825
951.0,305.15522032046243,2.548741360044403,302.66509774638615,2.549999999809724,3.0663268892049815e-09,0.7400984160329038,309.15594999999996,0.026829500000000003
952.0,305.1609500816462,2.548740182819139,302.6688765931728,2.5499999998065435,3.071075683086216e-09,0.740098326959019,309.1654,0.026834
953.0,305.16668614801534,2.5487390009519775,302.6726588240987,2.5499999998033163,3.0758362021477997e-09,0.7400982377472464,309.17485,0.0268385
954.0,305.17242847712146,2.5487378144599884,302.67644442875206,2.5499999998000416,3.0806083942889553e-09,0.7400981483972686,309.1843,0.026843000000000002
955.0,305.17817685094957,2.548736623430381,302.6802333942312,2.549999999796719,3.085391953036787e-09,0.7400980589085937,309.19374999999997,0.0268475
956.0,305.1839312022698,2.5487354278901293,302.6840257097729,2.5499999997933482,3.09018679001736e-09,0.740097969280879,309.2032,0.026852
957.0,305.1896914638522,2.5487342278662046,302.687821364614,2.5499999997899288,3.0949928167479738e-09,0.7400978795137825,309.21265,0.026856500000000002
958.0,305.195457568467,2.548733023385581,302.69162034799126,2.54999999978646,3.0998099446362667e-09,0.7400977896069623,309.22209999999995,0.026861000000000003
959.0,305.20122944888436,2.548731814475233,302.6954226491414,2.549999999782941,3.1046380849804597e-09,0.7400976995600761,309.23154999999997,0.0268655
960.0,305.20699481742525,2.5487306028802053,302.69922825787717,2.549999999779372,3.1094593890654775e-09,0.740097609379208,309.241,0.02687
961.0,305.2126890654068,2.5487294150069406,302.7030371664764,2.549999999775751,3.111754493262844e-09,0.7400975190979563,309.24538333333334,0.026877500000000002
962.0,305.21831500383195,2.5487282360232957,302.7068493650305,2.549999999772078,3.1139528323270216e-09,0.7400974287354446,309.24976666666663,0.026885000000000003
963.0,305.2238745947968,2.5487270681343945,302.71066484388837,2.5499999997683527,3.1160571936491575e-09,0.740097338311087,309.25415,0.0268925
964.0,305.22939293199033,2.54872590841335,302.7144835930137,2.549999999764574,3.1181040090260652e-09,0.7400972478286815,309.25853333333333,0.0269
965.0,305.23487602280545,2.5487247555907784,302.71830560277584,2.549999999760742,3.120101964660818e-09,0.7400971572908014,309.2629166666666,0.0269075
966.0,305.2403319558158,2.548723607999925,302.7221308636041,2.549999999756855,3.122062786574009e-09,0.7400970666974597,309.2673,0.026915
967.0,305.2457616365297,2.548722465088373,302.72595936629307,2.549999999752913,3.1239877547972635e-09,0.7400969760474665,309.2716833333333,0.026922500000000002
968.0,305.2511714013574,2.5487213258163113,302.72979110142484,2.549999999748915,3.1258860654785335e-09,0.7400968853423481,309.2760666666666,0.026930000000000003
969.0,305.25655934850516,2.5487201904820678,302.73362606018355,2.549999999744861,3.1277549225550286e-09,0.7400967945822577,309.28045,0.026937500000000003
970.0,305.2619290689763,2.5487190583939014,302.7374642334229,2.549999999740749,3.1295995312925845e-09,0.740096703767863,309.2848333333333,0.026945
971.0,305.2672799648918,2.548717929712079,302.74130561261893,2.54999999973658,3.1314189979825404e-09,0.7400966129001347,309.2892166666667,0.0269525
972.0,305.27261382136385,2.5487168040819803,302.7451501889246,2.5499999997323517,3.133215901830433e-09,0.7400965219796641,309.29359999999997,0.02696
973.0,305.2779313285687,2.5487156813933645,302.7489979541012,2.5499999997280645,3.1349912285763643e-09,0.7400964310073004,309.2979833333333,0.026967500000000002
974.0,305.2832334341756,2.5487145614620523,302.75284889995237,2.5499999997237173,3.1367463405887307e-09,0.7400963399835847,309.30236666666667,0.026975000000000002
975.0,305.28852080986087,2.548713444153652,302.7567030190272,2.5499999997193097,3.1384821991030206e-09,0.740096248908918,309.30674999999997,0.0269825
976.0,305.293794533414,2.5487123292761575,302.76056030235713,2.5499999997148404,3.1402003595263902e-09,0.7400961577841584,309.3111333333333,0.02699
977.0,305.2990555165227,2.548711216661113,302.7644207415943,2.5499999997103093,3.1419021365053117e-09,0.7400960666099773,309.31551666666667,0.0269975
978.0,305.3043040786476,2.548710106241442,302.7682843297467,2.5499999997057157,3.1435879811616163e-09,0.7400959753866873,309.31989999999996,0.027005
979.0,305.30954022803655,2.548708998003348,302.77215106053495,2.5499999997010585,3.145257890451125e-09,0.7400958841144134,309.3242833333333,0.027012500000000002
980.0,305.31476516939887,2.548707891728184,302.7760209249404,2.549999999696337,3.1469136100787637e-09,0.7400957927940041,309.32866666666666,0.027020000000000002
981.0,305.31997959047476,2.548706787285804,302.7798939151278,2.5499999996915506,3.1485561319818276e-09,0.740095701425995,309.33304999999996,0.027027500000000003
982.0,305.32518347455624,2.548705684676971,302.7837700253729,2.5499999996866984,3.1501854191792686e-09,0.7400956100105555,309.3374333333333,0.027035
983.0,305.3303767402957,2.5487045839144598,302.78764925014525,2.5499999996817797,3.1518013401349715e-09,0.7400955185478214,309.34181666666666,0.0270425
984.0,305.33556032203967,2.5487034848222816,302.7915315808707,2.5499999996767935,3.153405249242064e-09,0.7400954270384565,309.34619999999995,0.02705
985.0,305.3407346818765,2.548702387312203,302.7954170103903,2.5499999996717393,3.1549978113093205e-09,0.7400953354828795,309.3505833333333,0.0270575
986.0,305.3458997724012,2.5487012913951856,302.79930553419814,2.549999999666616,3.1565789461162145e-09,0.74009524388124,309.35496666666666,0.027065000000000002
987.0,305.351055668983,2.548700197058287,302.803197147149,2.549999999661423,3.1581487531484706e-09,0.740095152233753,309.35934999999995,0.0270725
988.0,305.3562029550367,2.5486991041896445,302.8070918414521,2.5499999996561598,3.159708076136569e-09,0.7400950605409001,309.3637333333333,0.02708
989.0,305.3613419518727,2.548698012728421,302.81098961068164,2.5499999996508254,3.1612573757859e-09,0.7400949688030263,309.36811666666665,0.0270875
990.0,305.366472431608,2.548696922721085,302.81489045469624,2.5499999996454186,3.162796308520746e-09,0.7400948770201283,309.37249999999995,0.027095
991.0,305.371594636922,2.548695834122163,302.8187943679699,2.549999999639939,3.1643252201859425e-09,0.7400947851925008,309.3768833333333,0.0271025
992.0,305.37670908317557,2.5486947468328944,302.82270134185603,2.5499999996343856,3.1658448568614216e-09,0.7400946933206105,309.38126666666665,0.027110000000000002
993.0,305.38181603816497,2.548693660802889,302.82661137054123,2.5499999996287577,3.167355602380828e-09,0.7400946014047679,309.38565,0.027117500000000003
994.0,305.3869157696865,2.548692575981754,302.8305244482119,2.5499999996230547,3.1688578410247193e-09,0.7400945094452834,309.3900333333333,0.027125
995.0,305.39200854553644,2.548691492319091,302.8344405690546,2.5499999996172757,3.170351957518219e-09,0.7400944174424672,309.39441666666664,0.0271325
996.0,305.3970944727715,2.548690409795502,302.83835972981524,2.5499999996114195,3.1718381010766263e-09,0.7400943253965117,309.3988,0.02714
997.0,305.40217293889907,2.548689328530367,302.8422819386975,2.549999999605485,3.173315364552398e-09,0.7400942333070792,309.4031833333333,0.0271475
998.0,305.4072447578646,2.5486882483679496,302.8462071811914,2.5499999995994718,3.174784934885963e-09,0.7400941411748826,309.40756666666664,0.027155000000000002
999.0,305.4123101326763,2.548687169270342,302.850135452515,2.549999999593379,3.176247102787677e-09,0.740094049000184,309.41195,0.0271625
1000.0,305.41736926634246,2.5486860911996327,302.85406674788646,2.549999999587205,3.1777021593033166e-09,0.7400939567832464,309.41633333333334,0.02717
1001.0,305.4224223618713,2.548685014117906,302.8580010625239,2.5499999995809506,3.179150395813998e-09,0.7400938645243323,309.42071666666664,0.0271775
1002.0,305.42746962227113,2.5486839379872466,302.8619383916455,2.5499999995746134,3.1805921040343132e-09,0.7400937722237046,309.4251,0.027185
1003.0,305.43251059858693,2.5486828628945846,302.8658787441787,2.549999999568193,3.1820266171152186e-09,0.7400936798810844,309.42948333333334,0.0271925
1004.0,305.4375455193953,2.5486817887971087,302.8698221148041,2.5499999995616878,3.1834542642631244e-09,0.7400935874967556,309.43386666666663,0.027200000000000002
1005.0,305.44257474971647,2.548680715625874,302.87376849533297,2.5499999995550975,3.1848755758488e-09,0.7400934950711152,309.43825,0.027207500000000003
1006.0,305.4475984357262,2.548679643353844,302.8777178821785,2.5499999995484215,3.186290760698773e-09,0.7400934026043791,309.44263333333333,0.027215
1007.0,305.4526167236005,2.5486785719539773,302.881670271754,2.5499999995416585,3.1877000278795473e-09,0.7400933100967627,309.4470166666666,0.0272225
1008.0,305.45762975951516,2.548677501399233,302.88562566047256,2.5499999995348075,3.1891035866970063e-09,0.7400932175484812,309.4514,0.02723
1009.0,305.4626375587414,2.548676431687336,302.8895840486272,2.5499999995278677,3.1905014538435275e-09,0.7400931249596228,309.45578333333333,0.0272375
1010.0,305.46763981374966,2.5486753628770895,302.89354544607806,2.5499999995208373,3.1918931703517227e-09,0.7400930323299593,309.4601666666666,0.027245000000000002
1011.0,305.4726369654827,2.5486742948856795,302.897509840502,2.549999999513717,3.1932793800335117e-09,0.7400929396599942,309.46455,0.0272525
1012.0,305.4776291224928,2.548673227693177,302.9014772294273,2.549999999506504,3.194660237326219e-09,0.7400928469499062,309.4689333333333,0.02726
1013.0,305.48261639333214,2.5486721612796543,302.90544761038234,2.5499999994991986,3.196035896844368e-09,0.7400927541998743,309.4733166666666,0.0272675
1014.0,305.48759888655314,2.548671095625183,302.9094209808953,2.5499999994917997,3.19740651337963e-09,0.740092661410077,309.47769999999997,0.027275
1015.0,305.49257671070814,2.5486700307098324,302.91339733849446,2.549999999484306,3.1987722419003827e-09,0.7400925685806932,309.4820833333333,0.0272825
1016.0,305.49754977152236,2.5486689665514177,302.91737668886924,2.549999999476716,3.200132938165495e-09,0.7400924757116621,309.4864666666666,0.027290000000000002
1017.0,305.5025181798139,2.5486679031295862,302.92135902945665,2.54999999946903,3.20148876059807e-09,0.7400923828031651,309.49084999999997,0.027297500000000002
1018.0,305.50748206050474,2.548666840421359,302.9253443571264,2.549999999461245,3.2028398886301407e-09,0.7400922898554005,309.4952333333333,0.027305
1019.0,305.51244149365994,2.5486657784121034,302.9293326705529,2.549999999453362,3.2041864356305542e-09,0.7400921968685136,309.4996166666666,0.0273125
1020.0,305.5174002419961,2.5486647172785313,302.93332396850485,2.5499999994453786,3.2055339654391804e-09,0.7400921038435414,309.50399999999996,0.02732
1021.0,305.5224755095442,2.5486636780354317,302.9373182526463,2.549999999437294,3.204961341387083e-09,0.7400920108090235,309.5158833333333,0.027330166666666666
1022.0,305.52767472152954,2.5486626474196203,302.9413155224192,2.5499999994291076,3.2045743837245675e-09,0.7400919177783946,309.52776666666665,0.027340333333333335
1023.0,305.5329704744745,2.5486616253180836,302.9453157767042,2.549999999420818,3.2043326709540353e-09,0.7400918247603688,309.53965,0.0273505
1024.0,305.5383290212229,2.548660608870999,302.9493190141086,2.549999999412423,3.2041863140399e-09,0.740091731751364,309.5515333333333,0.02736066666666667
1025.0,305.5437404036191,2.5486595964179086,302.9533252337002,2.5499999994039237,3.2041206249599133e-09,0.7400916387468639,309.5634166666666,0.027370833333333334
1026.0,305.5491974082099,2.54865858716392,302.95733443469675,2.5499999993953177,3.204124975364178e-09,0.7400915457440419,309.57529999999997,0.027381
1027.0,305.5546931351466,2.54865758022902,302.96134661631226,2.5499999993866034,3.2041891887915286e-09,0.740091452739491,309.5871833333333,0.027391166666666668
1028.0,305.56022754622376,2.548656575700873,302.9653617779017,2.549999999377781,3.2043132620435953e-09,0.740091359732094,309.59906666666666,0.027401333333333333
1029.0,305.5657957830079,2.548655573016296,302.96937991869055,2.5499999993688487,3.204490035392041e-09,0.7400912667195532,309.61095,0.027411500000000002
1030.0,305.5713976635646,2.5486545721506717,302.97340103793266,2.5499999993598053,3.2047192853086518e-09,0.7400911737010403,309.6228333333333,0.027421666666666667
1031.0,305.57703079073787,2.548653572815823,302.9774251348091,2.54999999935065,3.204997497502357e-09,0.7400910806750118,309.63471666666663,0.027431833333333332
1032.0,305.58269360557176,2.548652574808261,302.98145220846135,2.549999999341381,3.2053223989545188e-09,0.7400909876402846,309.6466,0.027442
1033.0,305.58838490551904,2.5486515779825396,302.985482257616,2.5499999993319977,3.2056922439513247e-09,0.7400908945956209,309.6584833333333,0.027452166666666666
1034.0,305.5941028465494,2.548650582112133,302.9895152815265,2.5499999993224987,3.206104330908452e-09,0.7400908015396925,309.67036666666667,0.027462333333333335
1035.0,305.5998457713536,2.5486495869927577,302.9935512793059,2.5499999993128823,3.2065562327334176e-09,0.7400907084712085,309.68224999999995,0.0274725
1036.0,305.6056130528142,2.5486485925427083,302.99759024953477,2.5499999993031484,3.2070470521713105e-09,0.7400906153891152,309.6941333333333,0.027482666666666666
1037.0,305.61140419626224,2.54864759869604,303.00163219072596,2.549999999293295,3.207576088080571e-09,0.7400905222923889,309.70601666666664,0.027492833333333334
1038.0,305.6172173780254,2.5486466052287264,303.0056771020718,2.549999999283321,3.2081406599478778e-09,0.7400904291797002,309.7179,0.027503
1039.0,305.623051532296,2.548645612006541,303.00972498233165,2.549999999273225,3.2087392126010556e-09,0.7400903360499101,309.72978333333333,0.02751316666666667
1040.0,305.6289075570071,2.5486446191246666,303.01377582874227,2.5499999992630067,3.209373114385486e-09,0.7400902429025173,309.7416666666667,0.027523333333333334
1041.0,305.63478371797487,2.548643626370814,303.0178296405813,2.549999999252664,3.2100398131248125e-09,0.7400901497361665,309.75354999999996,0.0275335
1042.0,305.6406791775562,2.548642633637437,303.0218864164312,2.5499999992421962,3.2107380898921567e-09,0.7400900565497925,309.7654333333333,0.027543666666666668
1043.0,305.64659397281406,2.5486416409199055,303.0259461534661,2.5499999992316016,3.2114680285936726e-09,0.7400899633427342,309.77731666666665,0.027553833333333333
1044.0,305.65252767302616,2.548640648158556,303.03000884961347,2.5499999992208786,3.2122290155420147e-09,0.7400898701141141,309.7892,0.027564
1045.0,305.6584794247896,2.548639655244009,303.03407450348107,2.549999999210026,3.2130198056224828e-09,0.7400897768628606,309.8010833333333,0.027574166666666667
1046.0,305.66444891205055,2.54863866213019,303.03814311211715,2.549999999199043,3.213839954222189e-09,0.7400896835881996,309.8129666666666,0.027584333333333332
1047.0,305.6704363975104,2.5486376688392927,303.0422146701696,2.5499999991879285,3.2146898803558974e-09,0.7400895902897302,309.82484999999997,0.0275945
1048.0,305.6764408181012,2.548636675237141,303.04628917778507,2.54999999917668,3.2155680234649485e-09,0.7400894969661967,309.8367333333333,0.027604666666666666
1049.0,305.6824616813438,2.5486356812568687,303.0503666327436,2.5499999991652977,3.2164736735103256e-09,0.7400894036167116,309.84861666666666,0.027614833333333335
1050.0,305.6884984947591,2.5486346868316136,303.05444703282524,2.549999999153779,3.217406119565999e-09,0.7400893102403874,309.8605,0.027625
1051.0,305.69455076586803,2.5486336918945236,303.05853037581005,2.5499999991421234,3.2183646498115975e-09,0.7400892168363357,309.8723833333333,0.027635166666666666
1052.0,305.70061915203394,2.5486326965159174,303.06261665227515,2.5499999991303293,3.2193502712329845e-09,0.7400891234044785,309.88426666666663,0.027645333333333334
1053.0,305.706702931796,2.548631700601627,303.066705861435,2.549999999118395,3.2203619293392328e-09,0.7400890299437667,309.89615,0.0276555
1054.0,305.7128015287172,2.5486307040747915,303.0707980015956,2.549999999106319,3.2213987853190377e-09,0.7400889364532535,309.9080333333333,0.02766566666666667
1055.0,305.71891456551793,2.5486297068823163,303.07489306981535,2.5499999990941005,3.2224602974380315e-09,0.7400888429321324,309.91991666666667,0.027675833333333334
1056.0,305.72504166491865,2.5486287089711093,303.07899106315267,2.5499999990817384,3.2235459232713787e-09,0.7400887493795967,309.93179999999995,0.027686
1057.0,305.7311828531568,2.5486277103371284,303.08309197501194,2.5499999990692306,3.224655724220893e-09,0.7400886557951439,309.9436833333333,0.027696166666666668
1058.0,305.73733845872863,2.5486267110130667,303.0871957960605,2.549999999056576,3.2257902147792393e-09,0.7400885621785012,309.95556666666664,0.027706333333333333
1059.0,305.7435076806576,2.548625710894343,303.0913025271935,2.5499999990437723,3.2269482169278746e-09,0.7400884685285409,309.96745,0.0277165
1060.0,305.7496902422489,2.5486247099401007,303.0954121645585,2.5499999990308195,3.228129337325544e-09,0.7400883748445332,309.97933333333333,0.027726666666666667
1061.0,305.75588586680766,2.5486237081094902,303.0995247043031,2.5499999990177153,3.229333182127067e-09,0.7400882811257471,309.9912166666667,0.027736833333333332
1062.0,305.7620942776391,2.548622705361665,303.10364014257493,2.549999999004459,3.2305593569805167e-09,0.7400881873714517,310.00309999999996,0.027747
1063.0,305.7683159737747,2.5486217017522703,303.10775846450395,2.5499999989910473,3.231808631548122e-09,0.7400880935815838,310.0149833333333,0.027757166666666666
1064.0,305.7745503845484,2.5486206972038925,303.1118796704129,2.5499999989774804,3.2330801701836245e-09,0.7400879997551598,310.02686666666665,0.027767333333333335
1065.0,305.7807972476174,2.548619691677474,303.1160037562456,2.5499999989637563,3.234373599297549e-09,0.7400879058914612,310.03875,0.0277775
1066.0,305.7870563536252,2.5486186851405543,303.12013071719326,2.5499999989498736,3.2356886244390843e-09,0.7400878119898154,310.0506333333333,0.027787666666666665
1067.0,305.7933274932152,2.5486176775606717,303.12426054844695,2.5499999989358306,3.2370249507756687e-09,0.7400877180495498,310.0625166666666,0.027797833333333334
1068.0,305.7996108091308,2.548616668950608,303.12839323714866,2.549999998921626,3.238382812586632e-09,0.7400876240703665,310.07439999999997,0.027808
1069.0,305.80590633980677,2.5486156593097427,303.1325287728246,2.549999998907257,3.2397622875802304e-09,0.7400875300518579,310.0862833333333,0.027818166666666668
1070.0,305.8122135779315,2.5486146485673355,303.13666715747763,2.5499999988927238,3.241162632322145e-09,0.7400874359930328,310.09816666666666,0.027828333333333333
1071.0,305.818532345766,2.5486136366949967,303.1408083855761,2.549999998878024,3.2425835985033094e-09,0.7400873418932524,310.11005,0.0278385
1072.0,305.8248624655712,2.5486126236643365,303.1449524515884,2.549999998863156,3.244024937489498e-09,0.7400872477518775,310.1219333333333,0.027848666666666667
1073.0,305.83120375960783,2.5486116094469704,303.1490993499828,2.549999998848119,3.245486400320252e-09,0.7400871535682693,310.13381666666663,0.027858833333333333
1074.0,305.8375560501369,2.548610594014515,303.1532490752278,2.5499999988329107,3.2469677377062715e-09,0.7400870593417883,310.1457,0.027869
1075.0,305.8439191594193,2.5486095773385884,303.1574016217917,2.5499999988175306,3.248468700027909e-09,0.7400869650717958,310.1575833333333,0.027879166666666667
1076.0,305.85029132740794,2.5486085591220045,303.16155697981725,2.5499999988019755,3.249986650559447e-09,0.7400868707561741,310.16946666666666,0.027889333333333332
1077.0,305.85666966061024,2.5486075388750544,303.16571513634887,2.5499999987862445,3.2515172386044397e-09,0.740086776391746,310.18134999999995,0.0278995
1078.0,305.8630552516289,2.548606516785213,303.16987608932754,2.549999998770336,3.2530621242730205e-09,0.7400866819790599,310.1932333333333,0.027909666666666666
1079.0,305.8694474192656,2.548605492738619,303.17403983184533,2.549999998754248,3.254620291568047e-09,0.7400865875170064,310.20511666666664,0.027919833333333335
1080.0,305.87584548232206,2.5486044666214207,303.1782063569944,2.5499999987379796,3.256190723072652e-09,0.7400864930044755,310.217,0.02793
1081.0,305.88219068354323,2.5486034043210006,303.1823756557207,2.5499999987215283,3.261386201182989e-09,0.7400863984088808,310.2228666666666,0.0279355
1082.0,305.8884268471609,2.54860232213331,303.18654771868853,2.5499999987048922,3.266420168741585e-09,0.7400863036794657,310.2287333333333,0.027941
1083.0,305.89459250690703,2.5486012211182993,303.1907225396844,2.5499999986880706,3.27135066908803e-09,0.7400862087995085,310.2346,0.0279465
1084.0,305.90071604887976,2.5486001066954405,303.1949001119186,2.549999998671061,3.276220537697452e-09,0.7400861137721981,310.24046666666663,0.027952
1085.0,305.90680444096915,2.5485989817333907,303.1990804275783,2.5499999986538615,3.2810402715902434e-09,0.7400860186038094,310.2463333333333,0.0279575
1086.0,305.91286291342686,2.5485978475413402,303.20326348062804,2.549999998636471,3.2858177393502773e-09,0.7400859232967766,310.25219999999996,0.027963000000000002
1087.0,305.9188949687503,2.5485967048744183,303.20744926204594,2.5499999986188864,3.2905582016748258e-09,0.7400858278521756,310.25806666666665,0.0279685
1088.0,305.92490121410424,2.5485955538814453,303.21163777014334,2.5499999986011077,3.295262540064453e-09,0.7400857322702331,310.2639333333333,0.027974
1089.0,305.93088586112754,2.5485943955926365,303.21582899304434,2.5499999985831323,3.299937101093189e-09,0.7400856365525069,310.2698,0.0279795
1090.0,305.9368495485104,2.548593230176743,303.2200229263449,2.5499999985649584,3.3045828222019762e-09,0.7400855406993726,310.27566666666667,0.027985
1091.0,305.94279383381945,2.5485920580250294,303.22421956364667,2.549999998546585,3.3092020359153595e-09,0.7400854447115259,310.2815333333333,0.0279905
1092.0,305.9487212978712,2.5485908797683114,303.2284188981238,2.5499999985280097,3.313798630363618e-09,0.7400853485899278,310.2874,0.027996
1093.0,305.9546334023238,2.5485896957743783,303.232620923238,2.5499999985092305,3.318374800270424e-09,0.7400852523352778,310.2932666666666,0.0280015
1094.0,305.9605292883356,2.548588505864104,303.23682563274787,2.549999998490246,3.3229292203306366e-09,0.7400851559477812,310.2991333333333,0.028007
1095.0,305.96641166503923,2.5485873106992596,303.2410330199554,2.5499999984710544,3.3274659821781375e-09,0.7400850594284032,310.30499999999995,0.0280125
1096.0,305.97228197664555,2.5485861106434697,303.2452430783245,2.5499999984516535,3.3319872611538123e-09,0.7400849627778397,310.31086666666664,0.028018
1097.0,305.97813897422947,2.548584905400711,303.24945580326914,2.549999998432041,3.3364911425883656e-09,0.740084865996076,310.31673333333333,0.0280235
1098.0,305.9839840743281,2.5485836953278174,303.2536711882731,2.549999998412216,3.3409797614997905e-09,0.7400847690838006,310.32259999999997,0.028029
1099.0,305.98981841360575,2.5485824807130584,303.257889227023,2.5499999983921757,3.3454548300756974e-09,0.7400846720416281,310.32846666666666,0.0280345
1100.0,305.99564210750697,2.5485812615897077,303.26210991496185,2.549999998371919,3.3499165092126385e-09,0.7400845748698234,310.3343333333333,0.02804
1101.0,306.0014550628812,2.548580037938601,303.2663332479666,2.549999998351443,3.354364642622559e-09,0.7400844775685733,310.3402,0.0280455
1102.0,306.00725829847653,2.5485788100200963,303.2705592196014,2.549999998330746,3.3588007664051896e-09,0.7400843801384784,310.3460666666666,0.028051
1103.0,306.01305223293906,2.548577577943094,303.27478782526657,2.5499999983098265,3.3632255048608698e-09,0.740084282579886,310.3519333333333,0.0280565
1104.0,306.0188364324354,2.548576341598288,303.2790190660724,2.5499999982886825,3.367638184595331e-09,0.7400841848926325,310.3578,0.028062
1105.0,306.0246119243925,2.5485751012503988,303.2832529333417,2.549999998267311,3.3720403579187456e-09,0.7400840870774316,310.36366666666663,0.0280675
1106.0,306.0303791555344,2.5485738570155014,303.28748942228697,2.5499999982457116,3.376432694029957e-09,0.7400839891346476,310.3695333333333,0.028073
1107.0,306.03613857258523,2.548572609009663,303.29172852812036,2.5499999982238815,3.3808158629952066e-09,0.7400838910646461,310.37539999999996,0.0280785
1108.0,306.04189062226925,2.548571357348944,303.2959702460543,2.5499999982018187,3.3851905357453166e-09,0.7400837928677915,310.38126666666665,0.028084
1109.0,306.0476345184318,2.5485701018335094,303.30021458390075,2.549999998179521,3.3895555031716456e-09,0.7400836945436343,310.3871333333333,0.0280895
1110.0,306.05337124303554,2.5485688427165574,303.3044615314021,2.549999998156986,3.39391225298723e-09,0.7400835960928933,310.393,0.028095000000000002
1111.0,306.05910115880226,2.5485675800926177,303.3087110846291,2.5499999981342127,3.3982613294715968e-09,0.7400834975158773,310.39886666666666,0.0281005
1112.0,306.0648246029612,2.548566314049678,303.31296323991324,2.5499999981111983,3.4026032386740346e-09,0.7400833988128791,310.4047333333333,0.028106
1113.0,306.0705419127419,2.548565044675726,303.3172179935857,2.5499999980879413,3.406938487292968e-09,0.7400832999841912,310.4106,0.0281115
1114.0,306.0762525358135,2.5485637718309766,303.3214753544733,2.549999998064439,3.4112662234267815e-09,0.7400832010295146,310.4164666666666,0.028117
1115.0,306.0819569467929,2.548562495638593,303.3257353169775,2.5499999980406893,3.4155871637901014e-09,0.7400831019492328,310.4223333333333,0.0281225
1116.0,306.08765554328124,2.5485612162020104,303.32999787658156,2.5499999980166907,3.4199019082525704e-09,0.7400830027436787,310.42819999999995,0.028128
1117.0,306.0933485633054,2.5485599335838067,303.33426303101044,2.549999997992441,3.424210813385825e-09,0.7400829034130785,310.43406666666664,0.0281335
1118.0,306.09903624489215,2.5485586478465523,303.33853077798875,2.5499999979679373,3.4285142362170645e-09,0.7400828039576594,310.43993333333333,0.028139
1119.0,306.10471837335666,2.5485573589363586,303.34280112546236,2.549999997943178,3.432811841405894e-09,0.740082704377312,310.44579999999996,0.0281445
1120.0,306.1103950661955,2.5485560668847906,303.34707407387714,2.5499999979181602,3.437103801729935e-09,0.7400826046721741,310.45166666666665,0.02815
1121.0,306.116066683857,2.5485547717859074,303.3513496181941,2.5499999978928827,3.441390662232607e-09,0.7400825048425622,310.4575333333333,0.0281555
1122.0,306.12173339815456,2.5485534736852413,303.35562775763293,2.549999997867343,3.445672679689998e-09,0.7400824048886547,310.4634,0.028161
1123.0,306.12739538090165,2.5485521726283205,303.3599084914133,2.549999997841539,3.4499501112060653e-09,0.7400823048106283,310.4692666666666,0.0281665
1124.0,306.13305248152164,2.548550868576351,303.36419183273586,2.5499999978154673,3.454222720054875e-09,0.7400822046083532,310.4751333333333,0.028172
1125.0,306.1387046606089,2.548549561519616,303.3684777899802,2.549999997789126,3.4584904396816215e-09,0.7400821042818052,310.481,0.0281775
1126.0,306.14435235370524,2.54854825157262,303.3727663509291,2.549999997762513,3.4627539319048714e-09,0.7400820038314138,310.48686666666663,0.028183
1127.0,306.14999570450726,2.548546938773532,303.37705751602147,2.5499999977356267,3.4670134116150078e-09,0.740081903257329,310.4927333333333,0.028188500000000002
1128.0,306.15563485671146,2.5485456231605177,303.38135128569644,2.5499999977084644,3.4712690939750074e-09,0.7400818025597019,310.49859999999995,0.028194
1129.0,306.1612699540144,2.5485443047717427,303.38564766039303,2.5499999976810237,3.4755211944211134e-09,0.7400817017386832,310.50446666666664,0.0281995
1130.0,306.16690114011266,2.548542983645371,303.38994664055025,2.549999997653303,3.479769928660148e-09,0.7400816007944232,310.5103333333333,0.028205
1131.0,306.1725285587027,2.548541659819561,303.3942482266072,2.5499999976253,3.484015512671684e-09,0.740081499727073,310.51619999999997,0.0282105
1132.0,306.178152069156,2.548540333257458,303.39855243448085,2.5499999975970113,3.48825772581586e-09,0.7400813985364807,310.52206666666666,0.028216
1133.0,306.18377139137715,2.5485390038854128,303.4028592876804,2.5499999975684338,3.4924961328193587e-09,0.7400812972223458,310.5279333333333,0.0282215
1134.0,306.18938705678084,2.548537671843878,303.4071687655385,2.549999997539566,3.4967315456044365e-09,0.7400811957852319,310.5338,0.028227000000000002
1135.0,306.19499917526133,2.5485363371620915,303.41148087033423,2.5499999975104064,3.5009641287951807e-09,0.7400810942252535,310.5396666666666,0.0282325
1136.0,306.2006078567126,2.5485349998692914,303.41579560434684,2.5499999974809517,3.5051940472229314e-09,0.740080992542525,310.5455333333333,0.028238
1137.0,306.20621321102885,2.548533659994713,303.4201129698555,2.5499999974512004,3.509421465926235e-09,0.7400808907371614,310.55139999999994,0.0282435
1138.0,306.2118153481041,2.54853231756759,303.4244329691393,2.54999999742115,3.5136465501499764e-09,0.7400807888092775,310.55726666666664,0.028249
1139.0,306.2174143778325,2.548530972617155,303.42875560447743,2.5499999973907976,3.517869465346679e-09,0.740080686758988,310.5631333333333,0.028254500000000002
1140.0,306.2230142207482,2.548529627502875,303.43308088077345,2.5499999973601417,3.522096260483498e-09,0.7400805845965568,310.56899999999996,0.02826
1141.0,306.22863887674436,2.5485283272270305,303.43740881675944,2.549999997329178,3.5221075293485613e-09,0.7400804823857301,310.57671666666664,0.028270833333333335
1142.0,306.23429011897895,2.5485270433056026,303.4417394173209,2.549999997297905,3.522162534633341e-09,0.7400803801390247,310.5844333333333,0.028281666666666667
1143.0,306.2399572814941,2.5485257745509973,303.44607268672405,2.5499999972663194,3.522244887309675e-09,0.7400802778791952,310.59214999999995,0.0282925
1144.0,306.24564462646293,2.548524524030843,303.4504086324243,2.549999997234419,3.522361204377061e-09,0.740080175626648,310.5998666666666,0.028303333333333333
1145.0,306.2513427085727,2.548523284225915,303.4547472566759,2.5499999972022014,3.522496892521398e-09,0.7400800733692595,310.6075833333333,0.028314166666666668
1146.0,306.25705063093113,2.548522055452299,303.45908856624715,2.549999997169664,3.5226505896799067e-09,0.7400799711210436,310.6153,0.028325
1147.0,306.2627668287392,2.548520834252055,303.46343256599494,2.5499999971368035,3.522819864087881e-09,0.7400798688677969,310.6230166666667,0.028335833333333334
1148.0,306.26849123972255,2.5485196211781567,303.4677792587095,2.549999997103619,3.5230046382790478e-09,0.7400797666129596,310.6307333333333,0.028346666666666666
1149.0,306.2742206708874,2.5485184127264526,303.4721286648028,2.5499999970701004,3.5231999655670254e-09,0.7400796643487817,310.63845,0.0283575
1150.0,306.27995701059433,2.548517210969206,303.476480772203,2.5499999970362537,3.5234087880829268e-09,0.7400795620798462,310.64616666666666,0.028368333333333336
1151.0,306.28570008835084,2.5485160157336555,303.48083558318024,2.549999997002078,3.523630851910833e-09,0.7400794598058877,310.6538833333333,0.028379166666666667
1152.0,306.2914476480333,2.5485148247346094,303.48519312777347,2.549999996967559,3.5238626621136443e-09,0.7400793575233887,310.66159999999996,0.028390000000000002
1153.0,306.29720091006345,2.5485136392081165,303.48955338973354,2.5499999969327045,3.5241061230088796e-09,0.7400792552342517,310.66931666666665,0.028400833333333333
1154.0,306.30295987444146,2.54851245915411,303.4939163690604,2.5499999968975144,3.5243612437939273e-09,0.7400791529384768,310.6770333333333,0.02841166666666667
1155.0,306.3087232130855,2.5485112831842818,303.49828209171835,2.5499999968619766,3.5246259676819795e-09,0.7400790506345573,310.68474999999995,0.0284225
1156.0,306.31449106221527,2.5485101114409696,303.50265055504434,2.549999996826092,3.524900513919307e-09,0.7400789483226472,310.69246666666663,0.028433333333333335
1157.0,306.3202631783379,2.5485089436696002,303.50702176379866,2.549999996789859,3.525184510965984e-09,0.7400788460024705,310.7001833333333,0.028444166666666666
1158.0,306.3260399612513,2.5485077802227174,303.5113957213024,2.549999996753274,3.5254785878055137e-09,0.7400787436742111,310.7079,0.028455
1159.0,306.33182093275303,2.5485066206191886,303.51577243370184,2.5499999967163345,3.525782007519787e-09,0.7400786413374038,310.7156166666666,0.028465833333333333
1160.0,306.3376057499004,2.5485054645063165,303.52015190670824,2.5499999966790385,3.526094242872149e-09,0.7400785389916834,310.7233333333333,0.028476666666666667
1161.0,306.34339418329955,2.548504311639226,303.5245341456673,2.5499999966413833,3.5264149428205185e-09,0.7400784366367689,310.73105,0.028487500000000002
1162.0,306.3491860035568,2.548503161773043,303.5289191559249,2.5499999966033657,3.526743755878653e-09,0.740078334272379,310.73876666666666,0.028498333333333334
1163.0,306.35498098127835,2.5485020146628994,303.53330694282664,2.5499999965649836,3.5270803301140684e-09,0.7400782318982327,310.7464833333333,0.02850916666666667
1164.0,306.3607795967025,2.5485008707356274,303.53769750992495,2.5499999965262323,3.5274254194870094e-09,0.7400781295143096,310.75419999999997,0.02852
1165.0,306.36658184693596,2.5484997299607484,303.54209086199313,2.549999996487109,3.5277790254549606e-09,0.740078027120412,310.76191666666665,0.028530833333333335
1166.0,306.3723871977734,2.5484985918048757,303.5464870051473,2.5499999964476117,3.5281403206194495e-09,0.7400779247161461,310.76963333333333,0.028541666666666667
1167.0,306.37819550048454,2.548497456099498,303.55088594452934,2.549999996407738,3.528509078070285e-09,0.7400778223012608,310.77734999999996,0.0285525
1168.0,306.38400660633914,2.5484963226761037,303.55528768528114,2.549999996367484,3.5288850706087143e-09,0.7400777198755045,310.78506666666664,0.028563333333333333
1169.0,306.3898203666068,2.5484951913661833,303.5596922325446,2.5499999963268483,3.529268070745481e-09,0.7400776174386258,310.7927833333333,0.028574166666666668
1170.0,306.39563697953935,2.5484940623426438,303.56409958809735,2.5499999962858264,3.529658392821777e-09,0.740077514990506,310.80049999999994,0.028585
1171.0,306.4014568915823,2.5484929360225985,303.5685097513105,2.5499999962444146,3.530056739475118e-09,0.7400774125311221,310.8082166666666,0.028595833333333334
1172.0,306.4072795349031,2.548491811825162,303.57292273138955,2.549999996202611,3.530462228530634e-09,0.7400773100600616,310.8159333333333,0.02860666666666667
1173.0,306.41310482966725,2.5484906896496167,303.57733853280837,2.5499999961604125,3.5308747398602597e-09,0.7400772075771002,310.82365,0.0286175
1174.0,306.4189326960399,2.5484895693952474,303.5817571600409,2.5499999961178164,3.5312941531806445e-09,0.7400771050820116,310.83136666666667,0.028628333333333335
1175.0,306.42476305418654,2.54848845096134,303.58617861756096,2.5499999960748196,3.53172034805439e-09,0.7400770025745715,310.8390833333333,0.028639166666666667
1176.0,306.430595881408,2.5484873343067482,303.59060290813534,2.5499999960314184,3.532153293361717e-09,0.7400769000545854,310.8468,0.028650000000000002
1177.0,306.4364315791747,2.548486219832551,303.59503002185664,2.5499999959876094,3.532593622394761e-09,0.740076797522087,310.85451666666665,0.028660833333333333
1178.0,306.442269785835,2.5484851071442183,303.5994599716194,2.5499999959433906,3.5330407734545957e-09,0.7400766949766996,310.8622333333333,0.028671666666666668
1179.0,306.44811045643377,2.548483996177403,303.60389276085533,2.5499999958987583,3.533494680539989e-09,0.7400765924182174,310.86994999999996,0.0286825
1180.0,306.4539535460163,2.548482886867756,303.6083283929961,2.5499999958537094,3.5339552775639603e-09,0.7400764898464333,310.87766666666664,0.028693333333333335
1181.0,306.45979900962755,2.5484817791509293,303.6127668714734,2.5499999958082413,3.534422498352957e-09,0.7400763872611416,310.8853833333333,0.02870416666666667
1182.0,306.4656468023126,2.548480672962577,303.61720819971896,2.549999995762351,3.534896276647689e-09,0.7400762846621356,310.8931,0.028715
1183.0,306.4714971780936,2.5484795685926196,303.6216523473814,2.549999995716033,3.535377015783794e-09,0.7400761820494909,310.9008166666666,0.028725833333333336
1184.0,306.4773499232212,2.5484784657767,303.62609933696547,2.549999995669285,3.5358643845247283e-09,0.740076079422842,310.9085333333333,0.028736666666666667
1185.0,306.4832049692962,2.5484773644226912,303.6305491745519,2.549999995622105,3.5363582796942515e-09,0.7400759767819607,310.91625,0.028747500000000002
1186.0,306.48906228042256,2.5484762644769807,303.6350018625489,2.549999995574489,3.5368586490927972e-09,0.7400758741266489,310.9239666666666,0.028758333333333334
1187.0,306.4949218207043,2.548475165885958,303.6394574033644,2.5499999955264347,3.5373654404517255e-09,0.740075771456709,310.9316833333333,0.02876916666666667
1188.0,306.5007835542454,2.548474068596014,303.6439157994066,2.5499999954779384,3.537878601434441e-09,0.7400756687719433,310.9394,0.02878
1189.0,306.50664744514984,2.5484729725535358,303.64837705308355,2.5499999954289976,3.538398079634669e-09,0.7400755660721536,310.94711666666666,0.028790833333333335
1190.0,306.51251345752155,2.548471877704915,303.65284116680334,2.549999995379609,3.538923822578177e-09,0.7400754633571428,310.95483333333334,0.02880166666666667
1191.0,306.5183815554646,2.548470783996544,303.65730814297405,2.549999995329769,3.539455777721076e-09,0.7400753606267124,310.96254999999996,0.0288125
1192.0,306.52425170308294,2.5484696913748124,303.6617779840038,2.549999995279475,3.5399938924501744e-09,0.7400752578806653,310.97026666666665,0.028823333333333336
1193.0,306.53012413649026,2.5484686001179115,303.6662506494703,2.54999999522872,3.5405385428691313e-09,0.7400751551190755,310.9779833333333,0.028834166666666668
1194.0,306.53599865337173,2.5484675099692344,303.67072616798595,2.549999995177503,3.5410894142182177e-09,0.7400750523415782,310.98569999999995,0.028845000000000003
1195.0,306.54187522882046,2.548466420888575,303.67520454022826,2.5499999951258214,3.5416464711707867e-09,0.7400749495479877,310.99341666666663,0.028855833333333334
1196.0,306.5477538393665,2.548465332837484,303.6796857666489,2.5499999950736716,3.542209680620503e-09,0.7400748467381176,311.0011333333333,0.02886666666666667
1197.0,306.55363446153996,2.5484642457775113,303.6841698476993,2.5499999950210497,3.5427790094160857e-09,0.7400747439117833,311.00885,0.0288775
1198.0,306.5595170718709,2.548463159670206,303.6886567838309,2.549999994967953,3.543354424362771e-09,0.7400746410687992,311.0165666666666,0.028888333333333335
1199.0,306.5654016468895,2.5484620744771185,303.69314657549523,2.549999994914378,3.543935892220476e-09,0.7400745382089797,311.0242833333333,0.028899166666666667
1200.0,306.57126904739505,2.5484609836488,303.697639216383,2.5499999948603214,3.5444933545526162e-09,0.7400744353028776,311.032,0.02891
1201.0,306.5770927225618,2.54845984496224,303.7021346975634,2.5499999948057783,3.5496322447827744e-09,0.7400743323096993,311.03619999999995,0.028915000000000003
1202.0,306.5828732834457,2.548458689958795,303.7066330181189,2.549999994750746,3.554706251962736e-09,0.7400742292120855,311.0404,0.02892
1203.0,306.58861408569396,2.5484575161836096,303.7111341765135,2.5499999946952205,3.559720551003756e-09,0.740074125978782,311.04459999999995,0.028925000000000003
1204.0,306.5943131509669,2.54845632277003,303.71563816984815,2.5499999946391982,3.5646719708122138e-09,0.7400740225964366,311.04879999999997,0.02893
1205.0,306.599988328579,2.5484551161236038,303.72014499791817,2.549999994582676,3.569588534330409e-09,0.7400739190711176,311.053,0.028935000000000002
1206.0,306.60563867402414,2.548453895358584,303.7246546581234,2.5499999945256495,3.574468715281731e-09,0.7400738153891814,311.05719999999997,0.02894
1207.0,306.6112692238482,2.548452664731295,303.72916714843967,2.5499999944681164,3.5793204331904832e-09,0.7400737115664642,311.0614,0.028945000000000002
1208.0,306.61688357940454,2.5484514252167383,303.7336824667012,2.5499999944100726,3.5841493282654428e-09,0.7400736075970522,311.06559999999996,0.02895
1209.0,306.622479673676,2.5484501765869423,303.7382006092099,2.549999994351514,3.5889521271661283e-09,0.7400735034889041,311.0698,0.028955
1210.0,306.6280624596909,2.5484489210867833,303.7427215740841,2.5499999942924383,3.593736614058013e-09,0.7400733992411412,311.07399999999996,0.02896
1211.0,306.6336318161187,2.548447658656527,303.74724535796065,2.54999999423284,3.5985025791801154e-09,0.7400732948548905,311.0782,0.028965
1212.0,306.6391870105122,2.5484463889115014,303.75177195728276,2.549999994172717,3.6032488479093014e-09,0.7400731903311198,311.0824,0.028970000000000003
1213.0,306.6447304116943,2.5484451131160206,303.7563013694771,2.5499999941120643,3.6079791411818216e-09,0.7400730856716086,311.0866,0.028975
1214.0,306.65026105135803,2.5484438306875052,303.76083359039933,2.549999994050879,3.6126919127864893e-09,0.7400729808749535,311.09079999999994,0.028980000000000002
1215.0,306.6557799502616,2.548442542168999,303.765368617017,2.5499999939891573,3.6173887580469438e-09,0.7400728759424388,311.09499999999997,0.028985
1216.0,306.66128764451196,2.5484412478347673,303.7699064458835,2.5499999939268956,3.6220705081792535e-09,0.7400727708745212,311.0992,0.028990000000000002
1217.0,306.66678436870444,2.548439947803007,303.7744470730048,2.5499999938640894,3.6267375188241247e-09,0.7400726656707928,311.10339999999997,0.028995
1218.0,306.67227066826183,2.5484386423476177,303.77899049508585,2.5499999938007347,3.631390637521961e-09,0.7400725603318997,311.1076,0.029
1219.0,306.67774676413126,2.5484373315888114,303.7835367076695,2.5499999937368285,3.6360301997920923e-09,0.7400724548582059,311.11179999999996,0.029005
1220.0,306.6832130628206,2.548436015732384,303.7880857070753,2.5499999936723667,3.6406568350672516e-09,0.7400723492500247,311.116,0.02901
1221.0,306.6886700552369,2.5484346950230554,303.79263748997636,2.5499999936073454,3.64527130708597e-09,0.7400722435076457,311.12019999999995,0.029015000000000003
1222.0,306.694118153761,2.5484333696693167,303.7971920527168,2.5499999935417605,3.6498742562565216e-09,0.7400721376313801,311.1244,0.02902
1223.0,306.69955777077365,2.548432039879658,303.8017493916409,2.5499999934756086,3.6544663237749407e-09,0.7400720316215397,311.1286,0.029025000000000002
1224.0,306.7049886933819,2.5484307055429554,303.8063095016174,2.5499999934088855,3.659047161205625e-09,0.7400719254785029,311.1328,0.02903
1225.0,306.7104111176737,2.548429366757137,303.81087237848004,2.5499999933415873,3.66361706773303e-09,0.7400718192026043,311.137,0.029035000000000002
1226.0,306.7158256390227,2.548428023824216,303.8154380190049,2.54999999327371,3.668176975752066e-09,0.7400717127941356,311.14119999999997,0.02904
1227.0,306.7212325712279,2.5484266769022748,303.8200064193036,2.5499999932052497,3.672727372378559e-09,0.7400716062534191,311.1454,0.029045
1228.0,306.7266322280883,2.5484253261493937,303.8245775754877,2.549999993136203,3.677268745323503e-09,0.7400714995807764,311.14959999999996,0.02905
1229.0,306.732024370071,2.5484239714323955,303.82915148236924,2.549999993066565,3.681800705047619e-09,0.7400713927763803,311.1538,0.029055
1230.0,306.7374090021793,2.5484226127468217,303.8337281353345,2.549999992996332,3.686323249637191e-09,0.7400712858404689,311.15799999999996,0.029060000000000002
1231.0,306.742786655134,2.548421250364923,303.83830753100466,2.5499999929254997,3.690837211718406e-09,0.7400711787734228,311.1622,0.029065
1232.0,306.7481575453294,2.5484198843934998,303.8428896652625,2.549999992854065,3.695342925804337e-09,0.7400710715755378,311.16639999999995,0.029070000000000002
1233.0,306.7535218891595,2.548418514939349,303.8474745339908,2.549999992782023,3.699840726816153e-09,0.7400709642471095,311.1706,0.029075
1234.0,306.75887959246745,2.5484171419442356,303.8520621323239,2.549999992709369,3.7043304566669875e-09,0.7400708567882192,311.1748,0.02908
1235.0,306.76423061801046,2.5484157653801693,303.8566524555333,2.5499999926360997,3.70881204755496e-09,0.7400707491989876,311.179,0.029085
1236.0,306.76957534144265,2.5484143854385755,303.86124549988574,2.5499999925622108,3.7132860880254606e-09,0.7400706414798205,311.1832,0.02909
1237.0,306.7749139175014,2.5484130021934783,303.86584126111535,2.5499999924876984,3.717752816016098e-09,0.7400705336309704,311.18739999999997,0.029095
1238.0,306.780246500924,2.5484116157189014,303.8704397349564,2.549999992412558,3.7222124697554426e-09,0.7400704256526908,311.1916,0.0291
1239.0,306.7855729685705,2.548410225944802,303.8750409166993,2.549999992336785,3.7266648456564795e-09,0.7400703175449143,311.19579999999996,0.029105
1240.0,306.79089325978543,2.548408832833535,303.87964480173423,2.5499999922603744,3.7311098393526055e-09,0.7400702093076461,311.2,0.02911
1241.0,306.7962077829612,2.548407436590625,303.8842513862006,2.549999992183323,3.735548093063284e-09,0.7400701009414312,311.20419999999996,0.029115000000000002
1242.0,306.801516668278,2.548406037277357,303.88886066579335,2.549999992105627,3.739979806741555e-09,0.740069992446495,311.2084,0.02912
1243.0,306.8068200459165,2.548404634955017,303.8934726362075,2.549999992027282,3.7444051805843005e-09,0.7400698838230614,311.21259999999995,0.029125
1244.0,306.812118046057,2.5484032296848858,303.898087293138,2.549999991948283,3.748824415031529e-09,0.7400697750713561,311.2168,0.02913
1245.0,306.81741079887996,2.5484018215282447,303.90270463227995,2.5499999918686274,3.753237710765439e-09,0.7400696661916035,311.221,0.029135
1246.0,306.82269843456595,2.548400410546372,303.90732464932825,2.54999999178831,3.757645268711607e-09,0.7400695571840282,311.2252,0.02914
1247.0,306.8279809761491,2.548398996745707,303.9119473398705,2.549999991707326,3.762047119179171e-09,0.7400694480487237,311.2294,0.029145
1248.0,306.8332579088767,2.5483975798574336,303.916572698955,2.549999991625669,3.7664424347126104e-09,0.7400693387851225,311.23359999999997,0.02915
1249.0,306.8385298313879,2.5483961601826,303.92120072274645,2.5499999915433365,3.770832163369897e-09,0.7400692293940244,311.2378,0.029155
1250.0,306.8437968438645,2.5483947377671274,303.9258314069098,2.549999991460324,3.775216458775188e-09,0.7400691198756179,311.24199999999996,0.02916
1251.0,306.8490590464881,2.548393312656934,303.93046474711,2.549999991376628,3.779595474738293e-09,0.7400690102300906,311.2462,0.029165
1252.0,306.8543165394404,2.5483918848979403,303.93510073901194,2.5499999912922435,3.7839693652547965e-09,0.7400689004576309,311.25039999999996,0.02917
1253.0,306.85956942290306,2.5483904545360625,303.93973937828054,2.5499999912071667,3.788338284505477e-09,0.7400687905584259,311.2546,0.029175
1254.0,306.86481779705787,2.548389021617216,303.9443806605807,2.5499999911213926,3.79270238685673e-09,0.7400686805326645,311.25879999999995,0.02918
1255.0,306.87006176208644,2.5483875861873155,303.9490245815773,2.5499999910349174,3.797061826858924e-09,0.740068570380534,311.263,0.029185
1256.0,306.87530107747165,2.5483861481186167,303.9536711365651,2.5499999909477347,3.8014162145711016e-09,0.7400684601017958,311.2672,0.02919
1257.0,306.8805359053962,2.548384707488638,303.9583203212764,2.5499999908598405,3.805765803597083e-09,0.7400683496967156,311.27139999999997,0.029195
1258.0,306.88576634949203,2.548383264345051,303.9629721313798,2.5499999907712305,3.810110754179622e-09,0.7400682391654855,311.2756,0.0292
1259.0,306.89099246814953,2.548381818712466,303.96762656249484,2.5499999906819006,3.814451154362294e-09,0.7400681285082411,311.27979999999997,0.029205
1260.0,306.89621922760296,2.5483803707708192,303.9722836102326,2.549999990591845,3.818794922391705e-09,0.7400680177259517,311.284,0.02921
1261.0,306.9015432135934,2.5483789328579842,303.97694327004706,2.54999999050106,3.8219981453180035e-09,0.740067906835146,311.29454999999996,0.029216666666666665
1262.0,306.90696890157983,2.548377496399091,303.9816055374499,2.54999999040954,3.825366183849168e-09,0.7400677958423169,311.3051,0.029223333333333334
1263.0,306.9124760967542,2.5483760613110684,303.98627040791536,2.5499999903172808,3.828866940991271e-09,0.7400676847518755,311.31565,0.02923
1264.0,306.9180367222356,2.548374625874808,303.99093787686394,2.549999990224278,3.8324556780438775e-09,0.740067573560433,311.3262,0.029236666666666668
1265.0,306.92364267105404,2.548373189223333,303.99560793964497,2.5499999901305257,3.836119513534789e-09,0.7400674622650341,311.33675,0.029243333333333333
1266.0,306.92928565087726,2.5483717507026027,304.00028059155653,2.5499999900360204,3.839845256847635e-09,0.7400673508629436,311.34729999999996,0.029249999999999998
1267.0,306.9349626799709,2.5483703100320003,304.00495582783526,2.5499999899407566,3.843628194277748e-09,0.7400672393516443,311.35785,0.029256666666666667
1268.0,306.9406698189141,2.548368866960822,304.0096336436517,2.54999998984473,3.847462075576338e-09,0.7400671277294738,311.36839999999995,0.029263333333333332
1269.0,306.9464056769072,2.548367421417991,304.01431403414176,2.5499999897479353,3.851344721276814e-09,0.7400670159948936,311.37895,0.02927
1270.0,306.95216899000627,2.5483659733079396,304.0189969942749,2.5499999896503676,3.855274152078658e-09,0.7400669041467889,311.3895,0.029276666666666666
1271.0,306.9579581338419,2.5483645225195115,304.02368251909536,2.549999989552023,3.8592478093453836e-09,0.7400667921838032,311.40004999999996,0.029283333333333335
1272.0,306.96377190384703,2.548363068951593,304.0283706033459,2.5499999894528957,3.863263803562963e-09,0.7400666801049071,311.4106,0.02929
1273.0,306.9696089315803,2.548361612508031,304.0330612418472,2.5499999893529814,3.867319980565825e-09,0.7400665679088861,311.42114999999995,0.029296666666666665
1274.0,306.9754683370711,2.54836015313084,304.0377544287961,2.5499999892522744,3.8714149665042164e-09,0.7400664555947607,311.4317,0.029303333333333334
1275.0,306.98134863679616,2.5483586907082687,304.0424501592954,2.5499999891507703,3.875546418101219e-09,0.7400663431612877,311.44225,0.02931
1276.0,306.9872485675229,2.5483572251482096,304.0471484281171,2.5499999890484637,3.879712342510769e-09,0.7400662306073192,311.45279999999997,0.029316666666666668
1277.0,306.9931677939228,2.548355756437469,304.05184922916567,2.5499999889453497,3.883912233190767e-09,0.7400661179320079,311.46335,0.029323333333333333
1278.0,306.9991059301445,2.548354284558563,304.05655255639266,2.5499999888414235,3.8881455019328265e-09,0.7400660051344901,311.47389999999996,0.029330000000000002
1279.0,307.0050615063141,2.5483528094018517,304.0612584047634,2.54999998873668,3.8924098194373e-09,0.7400658922135518,311.48445,0.029336666666666667
1280.0,307.0110335656841,2.5483513309013404,304.06596676876336,2.549999988631115,3.896703677534485e-09,0.7400657791681445,311.495,0.029343333333333332
1281.0,307.0170228557416,2.5483498491287024,304.0706776407359,2.5499999885247218,3.901028304007864e-09,0.7400656659978903,311.50554999999997,0.02935
1282.0,307.02302829931233,2.5483483640082234,304.0753910153177,2.5499999884174964,3.905381996011606e-09,0.7400655527016932,311.5161,0.029356666666666666
1283.0,307.0290490876881,2.5483468754858887,304.08010688680827,2.5499999883094335,3.9097634800945436e-09,0.7400654392785635,311.52664999999996,0.029363333333333335
1284.0,307.03508477175984,2.5483453835360246,304.0848252488521,2.5499999882005278,3.914172059438625e-09,0.740065325727678,311.5372,0.02937
1285.0,307.0411357438388,2.5483438881978655,304.0895460931625,2.549999988090774,3.918608389843339e-09,0.7400652120486546,311.54774999999995,0.029376666666666666
1286.0,307.04720107121665,2.548342389408446,304.09426941449385,2.549999987980167,3.923070995908315e-09,0.7400650982404168,311.5583,0.029383333333333334
1287.0,307.0532803029658,2.5483408871419675,304.0989952064949,2.549999987868702,3.92755917581698e-09,0.7400649843021406,311.56885,0.02939
1288.0,307.05937351878924,2.5483393814096864,304.10372346003265,2.5499999877563733,3.932073081227127e-09,0.740064870233385,311.57939999999996,0.029396666666666668
1289.0,307.0654805726848,2.548337872207102,304.1084541671573,2.549999987643175,3.93661250050327e-09,0.7400647560335458,311.58995,0.029403333333333333
1290.0,307.07160073411285,2.548336359488907,304.1131873229832,2.5499999875291026,3.941176279966718e-09,0.7400646417015974,311.6005,0.02941
1291.0,307.07773362700317,2.5483348432345476,304.1179229207668,2.549999987414151,3.94576383573299e-09,0.7400645272367696,311.61105,0.029416666666666667
1292.0,307.0838788752856,2.5483333234234786,304.12266095376424,2.549999987298315,3.950374583164781e-09,0.7400644126382926,311.6216,0.029423333333333333
1293.0,307.09003610289005,2.5483318000351582,304.1274014152319,2.549999987181589,3.955007936865359e-09,0.7400642979053963,311.63214999999997,0.02943
1294.0,307.09620571451296,2.548330273101687,304.1321442926133,2.549999987063967,3.9596645703004864e-09,0.7400641830379328,311.6427,0.029436666666666667
1295.0,307.10238746547964,2.5483287426113828,304.1368895781866,2.549999986945444,3.9643441098714035e-09,0.7400640680352366,311.65324999999996,0.029443333333333335
1296.0,307.1085807383356,2.54832720852744,304.1416372670051,2.549999986826015,3.969045579681321e-09,0.7400639528963455,311.6638,0.02945
1297.0,307.1147852460048,2.548325670835328,304.1463873516625,2.549999986705674,3.97376853608154e-09,0.7400638376205605,311.67435,0.029456666666666666
1298.0,307.1210007014108,2.548324129520524,304.1511398247526,2.5499999865844165,3.9785125348418215e-09,0.7400637222071822,311.68489999999997,0.029463333333333334
1299.0,307.12722681747766,2.5483225845685054,304.155894678869,2.549999986462237,3.983277131147697e-09,0.740063606655512,311.69545,0.02947
1300.0,307.13346412733256,2.5483210360186357,304.1606518983863,2.5499999863391287,3.9880632055228485e-09,0.7400634909655547,311.70599999999996,0.02947666666666667
1301.0,307.13971224518366,2.548319483849907,304.1654114768872,2.549999986215086,3.992870153693983e-09,0.7400633751365266,311.71655,0.029483333333333334
1302.0,307.14597075773315,2.5483179280395136,304.1701734082305,2.549999986090105,3.997697326085059e-09,0.7400632591676205,311.72709999999995,0.029490000000000002
1303.0,307.1522394557381,2.5483163685780568,304.1749376842299,2.5499999859641793,4.002544402457883e-09,0.7400631430582039,311.73765,0.029496666666666668
1304.0,307.1585181299554,2.5483148054561404,304.17970429669913,2.5499999858373035,4.007411062150484e-09,0.7400630268076446,311.7482,0.029503333333333333
1305.0,307.1648065711422,2.548313238664372,304.184473237452,2.5499999857094724,4.012296984075397e-09,0.7400629104153102,311.75874999999996,0.02951
1306.0,307.1711052134897,2.5483116682328415,304.1892444890993,2.5499999855806785,4.017202888988283e-09,0.7400627938811997,311.7693,0.029516666666666667
1307.0,307.1774136314308,2.548310094138884,304.1940180465489,2.549999985450918,4.0221281054846705e-09,0.7400626772044682,311.77985,0.029523333333333335
1308.0,307.1837315917241,2.5483085163716366,304.1987939019577,2.549999985320184,4.027072273003384e-09,0.7400625603844603,311.7904,0.02953
1309.0,307.1900589370833,2.5483069349249012,304.20357204639635,2.549999985188472,4.032035153661464e-09,0.7400624434205945,311.80095,0.029536666666666666
1310.0,307.1963955102222,2.548305349792484,304.20835247093555,2.5499999850557757,4.03701650925877e-09,0.7400623263122895,311.81149999999997,0.029543333333333335
1311.0,307.20274115385456,2.5483037609681896,304.2131351666459,2.5499999849220902,4.042016101275969e-09,0.7400622090589644,311.82205,0.02955
1312.0,307.2090964200305,2.5483021684827447,304.2179201112271,2.549999984787406,4.047034842207581e-09,0.7400620916609,311.83259999999996,0.02955666666666667
1313.0,307.2154606894688,2.5483005723059096,304.2227073044584,2.5499999846517203,4.052071743959471e-09,0.7400619741169537,311.84315,0.029563333333333334
1314.0,307.22183381665405,2.548298972432108,304.2274967371886,2.549999984515027,4.0571265865860514e-09,0.7400618564265579,311.8537,0.02957
1315.0,307.22821566844266,2.5482973688564075,304.23228840003304,2.5499999843773207,4.062199169946262e-09,0.7400617385891611,311.86424999999997,0.029576666666666668
1316.0,307.23460611169094,2.548295761573879,304.2370822836074,2.549999984238595,4.067289293628598e-09,0.7400616206042112,311.8748,0.029583333333333333
1317.0,307.2410050132553,2.548294150579596,304.2418783785272,2.5499999840988457,4.072396756950322e-09,0.7400615024711563,311.88534999999996,0.02959
1318.0,307.2474122399921,2.5482925358686312,304.246676675408,2.5499999839580654,4.077521358955982e-09,0.7400613841894443,311.8959,0.029596666666666667
1319.0,307.2538276587577,2.5482909174360637,304.2514771648654,2.5499999838162495,4.082662898415956e-09,0.7400612657585234,311.90644999999995,0.029603333333333336
1320.0,307.26024356969253,2.548289297018046,304.2562798368993,2.5499999836733918,4.087808881142643e-09,0.7400611471844278,311.917,0.02961
1321.0,307.2665959258435,2.548287716125759,304.26108467692654,2.549999983529485,4.089096281669569e-09,0.7400610285222359,311.92296666666664,0.029621333333333333
1322.0,307.27288575991867,2.548286151789716,304.26589167466716,2.5499999833845237,4.0902856417059094e-09,0.7400609098006702,311.9289333333333,0.029632666666666668
1323.0,307.27911989854937,2.5482846065818867,304.2707008200103,2.5499999832385014,4.091388005115029e-09,0.7400607910483417,311.93489999999997,0.029644
1324.0,307.28531993743786,2.548283075813517,304.27551210390175,2.549999983091411,4.092438415709751e-09,0.7400606722692543,311.94086666666664,0.029655333333333336
1325.0,307.29149159895525,2.5482815570433397,304.2803255166937,2.5499999829432483,4.093446118523181e-09,0.7400605534643425,311.9468333333333,0.029666666666666668
1326.0,307.29764113837234,2.5482800480925345,304.28514104878644,2.5499999827940063,4.0944212429862764e-09,0.7400604346333053,311.95279999999997,0.029678
1327.0,307.30377019542357,2.548278547917926,304.2899586904152,2.54999998264368,4.0953664170285425e-09,0.7400603157740959,311.95876666666663,0.029689333333333335
1328.0,307.30988366923214,2.5482770550738705,304.29477843200476,2.549999982492263,4.096289585451113e-09,0.74006019688788,311.9647333333333,0.029700666666666667
1329.0,307.3159802628653,2.5482755699086406,304.2996002638923,2.5499999823397475,4.09718861124631e-09,0.7400600779747554,311.97069999999997,0.029712000000000002
1330.0,307.3220629418009,2.5482740914061655,304.30442417658315,2.549999982186129,4.098068298378979e-09,0.7400599590351105,311.97666666666663,0.029723333333333334
1331.0,307.3281311743174,2.5482726197598238,304.3092501607873,2.5499999820314008,4.098927759206805e-09,0.7400598400700252,311.9826333333333,0.029734666666666666
1332.0,307.33418653995085,2.5482711544038974,304.3140782071628,2.549999981875556,4.099769545704112e-09,0.7400597210798882,311.98859999999996,0.029746
1333.0,307.34022962957556,2.5482696951338975,304.3189083068334,2.549999981718589,4.100594601579107e-09,0.7400596020655292,311.9945666666666,0.029757333333333334
1334.0,307.34626126515013,2.548268241645503,304.3237404511389,2.549999981560494,4.1014042484971175e-09,0.7400594830273003,312.0005333333333,0.02976866666666667
1335.0,307.352282049579,2.5482667937058565,304.3285746321082,2.5499999814012635,4.102199452482547e-09,0.7400593639654266,312.00649999999996,0.02978
1336.0,307.35829291904605,2.5482653509891424,304.33341084011187,2.549999981240892,4.102981725021779e-09,0.7400592448807223,312.0124666666666,0.029791333333333333
1337.0,307.3642946689031,2.5482639132088085,304.33824906622124,2.5499999810793734,4.103752349601616e-09,0.740059125773753,312.0184333333333,0.02980266666666667
1338.0,307.3702876636933,2.548262480213234,304.3430893027464,2.549999980916701,4.1045119077287415e-09,0.7400590066447426,312.02439999999996,0.029814
1339.0,307.37627168890793,2.5482610520321707,304.3479315436623,2.549999980752868,4.105260035558966e-09,0.7400588874934559,312.0303666666666,0.029825333333333336
1340.0,307.38224789386794,2.5482596282681698,304.35277577902247,2.5499999805878684,4.1059985979503855e-09,0.7400587683207394,312.0363333333333,0.029836666666666668
1341.0,307.38821687253335,2.5482582086977263,304.3576220004774,2.549999980421696,4.106728554193567e-09,0.740058649126998,312.04229999999995,0.029848
1342.0,307.3941788477528,2.548256793221247,304.3624702011362,2.549999980254344,4.107450257964384e-09,0.7400585299124114,312.0482666666667,0.029859333333333335
1343.0,307.4001332865797,2.548255381991507,304.3673203770792,2.5499999800858055,4.108162827057923e-09,0.7400584106766955,312.0542333333333,0.029870666666666667
1344.0,307.40608117667017,2.5482539746535293,304.372172518409,2.5499999799160746,4.108867866413054e-09,0.7400582914204972,312.0602,0.029882000000000002
1345.0,307.4120229054021,2.5482525710527684,304.3770266175883,2.5499999797451447,4.10956600047232e-09,0.7400581721440957,312.0661666666666,0.029893333333333334
1346.0,307.41795867396706,2.5482511711004348,304.38188266846885,2.549999979573009,4.110257549673487e-09,0.7400580528476655,312.07213333333334,0.029904666666666666
1347.0,307.4238881227856,2.5482497749057966,304.3867406690874,2.549999979399661,4.110941916486441e-09,0.7400579335310635,312.07809999999995,0.029916
1348.0,307.4298118992463,2.548248382222466,304.391600609966,2.549999979225094,4.1116201523096135e-09,0.7400578141947166,312.0840666666667,0.029927333333333334
1349.0,307.43573026361094,2.548246992940782,304.3964624845159,2.549999979049302,4.11229267549002e-09,0.7400576948388317,312.0900333333333,0.02993866666666667
1350.0,307.4416433363753,2.548245607002791,304.40132628875625,2.5499999788722776,4.112959675829622e-09,0.7400575754635275,312.096,0.02995
1351.0,307.4475507431768,2.5482442245336374,304.406192027941,2.5499999786940135,4.113620531985141e-09,0.740057456068605,312.10196666666667,0.029961333333333333
1352.0,307.4534531552131,2.5482428452716075,304.4110596878128,2.5499999785145038,4.114276336746386e-09,0.7400573366545351,312.10793333333334,0.02997266666666667
1353.0,307.4593507866094,2.548241469124097,304.4159292626435,2.549999978333742,4.114927434392076e-09,0.7400572172214954,312.1139,0.029984
1354.0,307.4652438514912,2.5482400959985014,304.4208007467053,2.5499999781517215,4.115574169653554e-09,0.7400570977696646,312.11986666666667,0.029995333333333336
1355.0,307.4711325639839,2.54823872580221,304.42567413427014,2.5499999779684352,4.116216887713364e-09,0.7400569782992201,312.12583333333333,0.030006666666666668
1356.0,307.4770171382128,2.548237358442611,304.43054941961014,2.549999977783877,4.116855934205451e-09,0.7400568588103404,312.1318,0.030018
1357.0,307.4828973171598,2.548235994003722,304.43542660987066,2.549999977598039,4.1174908812356385e-09,0.7400567393028445,312.13776666666666,0.030029333333333335
1358.0,307.48877302932925,2.5482346325000114,304.4403057071278,2.549999977410914,4.11812160523759e-09,0.7400566197766928,312.14373333333333,0.030040666666666667
1359.0,307.49464479241703,2.5482332737250513,304.4451866973591,2.549999977222496,4.118748951019835e-09,0.7400565002322949,312.1497,0.030052000000000002
1360.0,307.5005127652465,2.548231917606958,304.4500695763476,2.549999977032778,4.1193731743682265e-09,0.7400563806697861,312.15566666666666,0.030063333333333334
1361.0,307.50637710664097,2.5482305640738403,304.45495433987634,2.5499999768417534,4.11999453140312e-09,0.7400562610893026,312.1616333333333,0.030074666666666666
1362.0,307.5122379754238,2.5482292130538076,304.4598409837285,2.5499999766494157,4.120613278577506e-09,0.7400561414909805,312.1676,0.030086
1363.0,307.5180955304181,2.548227864474965,304.4647295036871,2.549999976455758,4.121229672677631e-09,0.7400560218749558,312.17356666666666,0.030097333333333334
1364.0,307.5239492188392,2.5482265185366186,304.46961992239864,2.549999976260771,4.121842799252542e-09,0.7400559022407461,312.1795333333333,0.03010866666666667
1365.0,307.5297994299979,2.5482251750790335,304.47451222694514,2.5499999760644485,4.122453294224082e-09,0.7400557825886876,312.1855,0.03012
1366.0,307.53564639270223,2.548223834003644,304.47940641046785,2.5499999758667844,4.1230615299149865e-09,0.7400556629189772,312.19146666666666,0.030131333333333333
1367.0,307.5414902174744,2.548222495256958,304.48430247057314,2.549999975667772,4.123667684199153e-09,0.7400555432317083,312.1974333333333,0.03014266666666667
1368.0,307.5473310148367,2.548221158785485,304.4892004048676,2.549999975467404,4.124271935181628e-09,0.7400554235269754,312.2034,0.030154
1369.0,307.5531688953113,2.548219824535731,304.4941002109576,2.549999975265673,4.124874461198635e-09,0.7400553038048723,312.20936666666665,0.030165333333333336
1370.0,307.5590038988536,2.548218492481962,304.4990018904784,2.5499999750625726,4.1254753244261834e-09,0.7400551840654207,312.2153333333333,0.030176666666666668
1371.0,307.56483566588156,2.5482171627556234,304.50390546787594,2.5499999748580926,4.12607392792716e-09,0.7400550643082341,312.2213,0.030188
1372.0,307.57066460161843,2.5482158351872846,304.50881092393143,2.5499999746522284,4.126670936262849e-09,0.7400549445337077,312.22726666666665,0.030199333333333335
1373.0,307.5764907851686,2.548214509735808,304.51371825804506,2.549999974444973,4.127266476438043e-09,0.740054824741903,312.2332333333333,0.030210666666666667
1374.0,307.58231429563637,2.548213186360056,304.51862746961706,2.549999974236318,4.12786067562226e-09,0.7400547049328823,312.2392,0.030222000000000002
1375.0,307.5881352121262,2.5482118650188896,304.52353855804756,2.5499999740262576,4.128453661150311e-09,0.7400545851067073,312.24516666666665,0.030233333333333334
1376.0,307.5939536137424,2.548210545671167,304.52845152273676,2.5499999738147845,4.129045560521402e-09,0.74005446526344,312.2511333333333,0.030244666666666666
1377.0,307.5997666742289,2.5482092145606643,304.5333663838865,2.549999973601889,4.129631533523628e-09,0.7400543453046836,312.2571,0.030256
1378.0,307.60557265963075,2.5482078630875273,304.538283153878,2.5499999733875622,4.130208602131796e-09,0.7400542251690583,312.26306666666665,0.030267333333333334
1379.0,307.6113743813449,2.548206504108742,304.543201812549,2.5499999731718,4.130781561582675e-09,0.7400541049492192,312.2690333333333,0.03027866666666667
1380.0,307.6171717472815,2.548205136775045,304.54812236052527,2.549999972954595,4.1313502438088094e-09,0.7400539846394267,312.275,0.03029
1381.0,307.6229646653507,2.5482037165171034,304.5530447984327,2.549999972735939,4.1380449229759885e-09,0.7400538642339409,312.28054999999995,0.030293666666666667
1382.0,307.62875304346267,2.5482022862058518,304.5579691268973,2.549999972515826,4.1447349863282025e-09,0.7400537437270224,312.2861,0.030297333333333336
1383.0,307.63453678952754,2.5482008449920333,304.56289534654485,2.5499999722942484,4.151420265187583e-09,0.7400536231129312,312.29165,0.030301
1384.0,307.6403158114555,2.548199392026394,304.56782345800127,2.5499999720711988,4.158100590672942e-09,0.7400535023859279,312.2972,0.030304666666666667
1385.0,307.6460900171566,2.5481979264596806,304.5727534618925,2.54999997184667,4.164775793699343e-09,0.7400533815402729,312.30274999999995,0.030308333333333333
1386.0,307.6518593145411,2.548196447442641,304.57768535884435,2.549999971620655,4.171445704980034e-09,0.7400532605702259,312.3083,0.030312000000000002
1387.0,307.65762445828665,2.5481949574617486,304.5826191666039,2.549999971393144,4.178111600104747e-09,0.7400531394476397,312.31385,0.030315666666666668
1388.0,307.6633867853347,2.548193461297207,304.5875549146911,2.5499999711641252,4.184775750270139e-09,0.7400530181289567,312.3194,0.030319333333333334
1389.0,307.66914476012573,2.548191952413407,304.5924925745459,2.549999970933596,4.191435524287254e-09,0.7400528966466369,312.32495,0.030323
1390.0,307.6748983631793,2.5481904302471277,304.59743214826216,2.5499999707015486,4.19809087742401e-09,0.740052774993019,312.3305,0.03032666666666667
1391.0,307.6806475750149,2.548188894235147,304.602373637934,2.549999970467976,4.204741764900382e-09,0.7400526531604418,312.33605,0.030330333333333334
1392.0,307.6863923761521,2.548187343814244,304.60731704565535,2.5499999702328706,4.21138814188946e-09,0.7400525311412439,312.34159999999997,0.030334
1393.0,307.6921327471106,2.5481857784212005,304.6122623735203,2.549999969996225,4.218029963516545e-09,0.7400524089277644,312.34715,0.030337666666666666
1394.0,307.6978686684097,2.5481841974927946,304.6172096236228,2.549999969758031,4.2246671848594014e-09,0.7400522865123423,312.35269999999997,0.030341333333333335
1395.0,307.7036001205691,2.5481826004658066,304.62215879805683,2.5499999695182822,4.231299760948528e-09,0.740052163887316,312.35825,0.030345
1396.0,307.7093270841083,2.5481809867770195,304.62710989891644,2.5499999692769713,4.2379276467670834e-09,0.7400520410450246,312.36379999999997,0.030348666666666666
1397.0,307.71505026980435,2.548179360710468,304.6320629346406,2.549999969034088,4.244552069461071e-09,0.7400519180022391,312.36935,0.030352333333333335
1398.0,307.72077282161507,2.54817774270097,304.6370179348092,2.5499999687896184,4.251178497977464e-09,0.7400517948571371,312.37489999999997,0.030356
1399.0,307.7264920882731,2.548176114716183,304.64197487864965,2.5499999685435615,4.25780230570581e-09,0.7400516715140056,312.38045,0.030359666666666667
1400.0,307.7322081617287,2.5481744769325188,304.6469337692242,2.5499999682959085,4.264423643803239e-09,0.740051547968912,312.38599999999997,0.030363333333333332
1401.0,307.73792113393205,2.54817282952639,304.65189460959493,2.5499999680466523,4.271042663620247e-09,0.7400514242179231,312.39155,0.030367
1402.0,307.7436310968333,2.5481711726742056,304.6568574028241,2.5499999677957854,4.277659516700652e-09,0.740051300257106,312.39709999999997,0.030370666666666667
1403.0,307.7493381423828,2.5481695065523757,304.66182215197387,2.5499999675432994,4.284274354781578e-09,0.7400511760825275,312.40265,0.030374333333333333
1404.0,307.75504236253073,2.548167831337306,304.6667888601064,2.5499999672891875,4.2908873297938155e-09,0.7400510516902544,312.40819999999997,0.030378
1405.0,307.76074384922725,2.5481661472054027,304.67175753028397,2.5499999670334415,4.297498593860066e-09,0.7400509270763541,312.41375,0.030381666666666668
1406.0,307.76644269442266,2.5481644543330697,304.6767281655687,2.5499999667760536,4.304108299297032e-09,0.7400508022368932,312.41929999999996,0.030385333333333334
1407.0,307.7721389740971,2.548162753109599,304.6817007690884,2.549999966517016,4.310716574286938e-09,0.74005067717343,312.42485,0.030389
1408.0,307.77783242327916,2.548161048469309,304.68667534537326,2.5499999662563115,4.317323027650588e-09,0.7400505520047584,312.43039999999996,0.030392666666666665
1409.0,307.78352339808265,2.5481593370671893,304.69165189639904,2.5499999659939387,4.323928214401954e-09,0.7400504266361133,312.43595,0.030396333333333334
1410.0,307.7892119807377,2.5481576192092117,304.6966304252678,2.549999965729891,4.330532272655899e-09,0.7400503010669037,312.44149999999996,0.0304
1411.0,307.79489825347474,2.5481558952013446,304.7016109350818,2.549999965464159,4.3371353407020444e-09,0.7400501752965389,312.44705,0.030403666666666666
1412.0,307.80058229852403,2.5481541653495565,304.7065934289432,2.5499999651967356,4.34373755700459e-09,0.7400500493244278,312.45259999999996,0.030407333333333335
1413.0,307.80626419811585,2.5481524299598135,304.71157790995414,2.5499999649276126,4.350339060201775e-09,0.7400499231499795,312.45815,0.030411
1414.0,307.8119440344805,2.5481506893380823,304.71656438121676,2.549999964656782,4.356939989106134e-09,0.7400497967726035,312.46369999999996,0.030414666666666666
1415.0,307.81762188984834,2.5481489437903244,304.72155284583323,2.549999964384236,4.363540482704958e-09,0.7400496701917085,312.46925,0.030418333333333332
1416.0,307.8232978464495,2.548147193622505,304.72654330690574,2.5499999641099667,4.3701406801589205e-09,0.7400495434067038,312.47479999999996,0.030422
1417.0,307.8289719865145,2.5481454391405833,304.73153576753646,2.5499999638339657,4.376740720803865e-09,0.7400494164169988,312.48035,0.030425666666666667
1418.0,307.8346430824765,2.5481436749907935,304.73653019689016,2.5499999635562154,4.383338481580476e-09,0.7400492892636993,312.48589999999996,0.030429333333333333
1419.0,307.8403120376718,2.5481419050271645,304.7415266193442,2.5499999632767136,4.389935518909396e-09,0.7400491619200747,312.49145,0.030432999999999998
1420.0,307.8459790180622,2.548140129917469,304.7465250401703,2.5499999629954533,4.396532116595053e-09,0.7400490343828688,312.49699999999996,0.030436666666666667
1421.0,307.8516440747655,2.548138349833228,304.75152546166447,2.549999962712427,4.40312836022837e-09,0.7400489066524814,312.50255,0.030440333333333333
1422.0,307.85730725889925,2.5481365649459633,304.7565278861226,2.549999962427625,4.409724335506481e-09,0.7400487787293116,312.50809999999996,0.030444
1423.0,307.86296862158133,2.5481347754271955,304.76153231584095,2.5499999621410403,4.4163201282357175e-09,0.7400486506137591,312.51365,0.030447666666666665
1424.0,307.8686282139294,2.548132981448444,304.76653875311536,2.5499999618526643,4.4229158243292295e-09,0.7400485223062239,312.51919999999996,0.030451333333333334
1425.0,307.8742860870612,2.5481311831812263,304.7715472002419,2.5499999615624884,4.429511509808634e-09,0.7400483938071051,312.52475,0.030455
1426.0,307.87994229209437,2.548129380797061,304.77655765951664,2.5499999612705055,4.436107270802666e-09,0.7400482651168026,312.53029999999995,0.030458666666666665
1427.0,307.8855968801467,2.5481275744674656,304.78157013323556,2.5499999609767063,4.442703193548436e-09,0.7400481362357157,312.53585,0.030462333333333334
1428.0,307.89124990233586,2.548125764363955,304.7865846236947,2.5499999606810833,4.449299364390513e-09,0.7400480071642443,312.54139999999995,0.030466
1429.0,307.89690063164966,2.548123946768328,304.7916010820464,2.5499999603836176,4.4558945150929225e-09,0.7400478778992963,312.54695,0.030469666666666666
1430.0,307.9025494764901,2.548122123638101,304.7966195340697,2.5499999600843064,4.462489353172028e-09,0.7400477484428746,312.55249999999995,0.03047333333333333
1431.0,307.9081966347552,2.5481202958785163,304.801639991708,2.549999959783143,4.469084220314781e-09,0.7400476187960373,312.55805,0.030477
1432.0,307.91384213633233,2.5481184635549647,304.80666245586184,2.549999959480119,4.4756791658611594e-09,0.7400474889590887,312.56359999999995,0.030480666666666666
1433.0,307.91948601110886,2.5481166267328375,304.8116869274319,2.5499999591752256,4.482274239213721e-09,0.7400473589323331,312.56915,0.030484333333333332
1434.0,307.9251282889721,2.548114785477522,304.81671340731884,2.549999958868455,4.488869489836797e-09,0.7400472287160749,312.5747,0.030487999999999998
1435.0,307.93076899980946,2.5481129398544065,304.82174189642325,2.549999958559798,4.495464967257417e-09,0.7400470983106184,312.58025,0.030491666666666667
1436.0,307.93640817350826,2.5481110899288817,304.8267723956457,2.5499999582492463,4.502060721064882e-09,0.7400469677162682,312.58579999999995,0.030495333333333333
1437.0,307.9420458399559,2.5481092357663346,304.831804905887,2.549999957936792,4.508656800910715e-09,0.7400468369333281,312.59135,0.030499
1438.0,307.94768202903964,2.548107377432152,304.8368394280476,2.5499999576224255,4.515253256508644e-09,0.7400467059621029,312.5969,0.030502666666666664
1439.0,307.9533167706469,2.5481055149917218,304.8418759630282,2.54999995730614,4.521850137634955e-09,0.7400465748028967,312.60245,0.030506333333333333
1440.0,307.958931807125,2.5481036534056605,304.8469145000055,2.549999956987923,4.528416642312657e-09,0.7400464434758226,312.60799999999995,0.03051
1441.0,307.9645050772622,2.5481018225578156,304.85195502571776,2.5499999566677647,4.5315632766716326e-09,0.7400463120051136,312.6102833333333,0.03051783333333333
1442.0,307.9700353260549,2.548100002522273,304.8569975418,2.5499999563456566,4.534640124745209e-09,0.740046180418807,312.6125666666666,0.030525666666666666
1443.0,307.97551473123775,2.5480981973882635,304.86204204436604,2.549999956021589,4.537633936388275e-09,0.74004604874076,312.61485,0.030533499999999998
1444.0,307.9809632772671,2.5480964027003425,304.8670885355244,2.5499999556955544,4.540578400927034e-09,0.7400459169732152,312.6171333333333,0.030541333333333334
1445.0,307.9863819076378,2.5480946192699427,304.8721370129363,2.549999955367542,4.54347507918156e-09,0.7400457851310874,312.61941666666667,0.030549166666666665
1446.0,307.9917772267706,2.548092843334971,304.87718747576554,2.5499999550375443,4.546335066511148e-09,0.74004565320637,312.6217,0.030557
1447.0,307.99715086956104,2.5480910744114116,304.88223992096135,2.549999954705551,4.549161092458148e-09,0.7400455212011235,312.6239833333333,0.030564833333333333
1448.0,308.0025071965722,2.5480893105283213,304.88729434489585,2.5499999543715464,4.551960490461803e-09,0.7400453891146331,312.62626666666665,0.030572666666666665
1449.0,308.0078434092421,2.5480875529514897,304.89235074986914,2.5499999540355405,4.5547285078389644e-09,0.7400452569473678,312.62854999999996,0.0305805
1450.0,308.01316416527425,2.5480857997097432,304.89740912492726,2.5499999536974967,4.557472988429492e-09,0.7400451247009289,312.6308333333333,0.030588333333333332
1451.0,308.0184674766364,2.5480840516446808,304.9024694747457,2.549999953357431,4.560190549140952e-09,0.7400449923746328,312.63311666666664,0.030596166666666667
1452.0,308.02375447506034,2.548082308317338,304.90753179502815,2.54999995301533,4.5628830796935415e-09,0.7400448599693937,312.6354,0.030604
1453.0,308.0290269529076,2.548080569032397,304.9125960789704,2.5499999526711736,4.565553589909549e-09,0.7400447274866606,312.6376833333333,0.03061183333333333
1454.0,308.03428509544534,2.548078833719666,304.91766232567204,2.5499999523249595,4.568202373023175e-09,0.7400445949266095,312.6399666666666,0.030619666666666667
1455.0,308.0395284945716,2.548077102584865,304.9227305306923,2.5499999519766785,4.570828718587358e-09,0.74004446228973,312.64225,0.0306275
1456.0,308.04475843511506,2.5480753751098586,304.9278006916555,2.5499999516263228,4.573434781687169e-09,0.7400443295767183,312.6445333333333,0.030635333333333334
1457.0,308.0499755733985,2.548073651045229,304.93287280541915,2.5499999512738825,4.576021655503431e-09,0.7400441967881934,312.64681666666667,0.030643166666666666
1458.0,308.0551805657445,2.5480719301415524,304.9379468688409,2.5499999509193487,4.578590434510837e-09,0.7400440639247748,312.6491,0.030650999999999998
1459.0,308.06037344461004,2.548070212408522,304.9430228768972,2.549999950562711,4.581141157234311e-09,0.7400439309869398,312.6513833333333,0.030658833333333333
1460.0,308.0655539556517,2.548068497974956,304.9481008236997,2.5499999502039588,4.583673376128236e-09,0.7400437979751,312.65366666666665,0.030666666666666665
1461.0,308.0707231883184,2.5480667864115114,304.95318070741195,2.549999949843084,4.5861889217369776e-09,0.7400436648899735,312.65594999999996,0.0306745
1462.0,308.0758816166413,2.5480650775444573,304.958262524342,2.5499999494800774,4.588688582905659e-09,0.7400435317321381,312.6582333333333,0.030682333333333332
1463.0,308.08102971465155,2.5480633712000538,304.96334627079773,2.549999949114929,4.59117314940338e-09,0.7400433985021716,312.66051666666664,0.030690166666666668
1464.0,308.0861667298257,2.5480616677044186,304.96843193892056,2.5499999487476286,4.593641330315853e-09,0.7400432652000923,312.66279999999995,0.030698
1465.0,308.09129322397655,2.54805996684804,304.9735195253166,2.549999948378166,4.596094064529895e-09,0.7400431318265183,312.6650833333333,0.03070583333333333
1466.0,308.0964097261828,2.548058268434736,304.9786090264808,2.5499999480065325,4.5985322364318955e-09,0.740042998382052,312.6673666666666,0.030713666666666667
1467.0,308.1015165417101,2.548056572359531,304.9837004381478,2.5499999476327186,4.600956351272972e-09,0.7400428648671944,312.66965,0.0307215
1468.0,308.10661384241473,2.5480548785700465,304.9887937553702,2.5499999472567145,4.603366688215513e-09,0.7400427312823505,312.6719333333333,0.030729333333333334
1469.0,308.1117011673751,2.5480531872633865,304.9938889699653,2.5499999468785104,4.605762451282555e-09,0.7400425976274709,312.67421666666667,0.030737166666666666
1470.0,308.11677915256604,2.548051498204182,304.99898607935864,2.5499999464980965,4.608144708470077e-09,0.7400424639032936,312.6765,0.030744999999999998
1471.0,308.12184800518565,2.5480498113261145,305.0040850787834,2.5499999461154634,4.610513799825294e-09,0.7400423301102491,312.6787833333333,0.030752833333333333
1472.0,308.1269079324319,2.5480481265628603,305.009185963473,2.5499999457306015,4.612870065799318e-09,0.7400421962487681,312.68106666666665,0.030760666666666665
1473.0,308.1319587744732,2.5480464439829342,305.0142887245937,2.5499999453435005,4.6152132226368575e-09,0.7400420623188637,312.68334999999996,0.0307685
1474.0,308.1370006133894,2.5480447635659784,305.01939335599246,2.54999994495415,4.617543398097376e-09,0.7400419283208245,312.6856333333333,0.030776333333333333
1475.0,308.142033859843,2.5480430851709155,305.024499855157,2.549999944562542,4.619861279594073e-09,0.740041794255312,312.68791666666664,0.030784166666666668
1476.0,308.1470586887725,2.548041408743268,305.0296082169632,2.5499999441686656,4.6221671538354656e-09,0.7400416601227195,312.6902,0.030792
1477.0,308.15207527511626,2.548039734228553,305.03471843628677,2.5499999437725114,4.624461307868865e-09,0.7400415259234413,312.6924833333333,0.030799833333333332
1478.0,308.1570837938126,2.548038061572287,305.0398305080036,2.54999994337407,4.6267440290784195e-09,0.7400413916578708,312.6947666666666,0.030807666666666667
1479.0,308.1620844197999,2.5480363907199832,305.04494442698945,2.5499999429733315,4.629015605184674e-09,0.7400412573264018,312.69705,0.0308155
1480.0,308.1670772052582,2.548034721661514,305.0500601863239,2.549999942570286,4.631276114928001e-09,0.7400411229292806,312.6993333333333,0.030823333333333335
1481.0,308.1720616785626,2.5480330545760355,305.0551777714219,2.5499999421649213,4.633524743772372e-09,0.7400409884661245,312.70161666666667,0.030831166666666666
1482.0,308.1770384579748,2.548031389248857,305.0602971836461,2.5499999417572288,4.635762535699867e-09,0.74004085393786,312.7039,0.030839
1483.0,308.1820076803489,2.5480297256392497,305.0654184173152,2.5499999413471994,4.63798971432777e-09,0.7400407193448346,312.7061833333333,0.030846833333333334
1484.0,308.1869694825391,2.5480280637064823,305.0705414667476,2.549999940934823,4.6402065035354735e-09,0.7400405846873966,312.70846666666665,0.030854666666666666
1485.0,308.19192400139946,2.5480264034098195,305.07566632626197,2.54999994052009,4.64241312746389e-09,0.7400404499658939,312.71074999999996,0.0308625
1486.0,308.1968713737843,2.5480247447085276,305.08079299017675,2.5499999401029902,4.644609810514877e-09,0.7400403151806746,312.7130333333333,0.030870333333333333
1487.0,308.20181173654765,2.5480230875618677,305.08592145281057,2.549999939683514,4.646796777350362e-09,0.7400401803320866,312.71531666666664,0.03087816666666667
1488.0,308.2067446485357,2.5480214321361405,305.09105169821083,2.549999939261648,4.648973265184733e-09,0.7400400454197706,312.71759999999995,0.030886
1489.0,308.21167040764556,2.548019778332926,305.0961837235578,2.549999938837384,4.651139773672666e-09,0.7400399104442715,312.7198833333333,0.030893833333333332
1490.0,308.2165892479337,2.5480181260766663,305.1013175248972,2.549999938410712,4.653296693871278e-09,0.7400397754060565,312.7221666666666,0.030901666666666668
1491.0,308.22150127138804,2.548016475339109,305.10645309592815,2.5499999379816223,4.655444191413432e-09,0.7400396403054309,312.72445,0.0309095
1492.0,308.22640657999654,2.5480148260920013,305.1115904303495,2.549999937550105,4.657582432125482e-09,0.7400395051426998,312.7267333333333,0.030917333333333335
1493.0,308.23130527574705,2.5480131783070874,305.11672952186035,2.5499999371161493,4.659711582027512e-09,0.7400393699181687,312.72901666666667,0.030925166666666667
1494.0,308.2361974606276,2.548011531956111,305.1218703641596,2.5499999366797463,4.6618318073330694e-09,0.7400392346321429,312.7313,0.030933
1495.0,308.2410831125328,2.5480098870539996,305.12701294800274,2.5499999362408845,4.663943061986181e-09,0.7400390992847594,312.7335833333333,0.030940833333333334
1496.0,308.2459621383268,2.5480082436404006,305.1321572624607,2.5499999357995526,4.666045178254546e-09,0.7400389638760578,312.73586666666665,0.030948666666666666
1497.0,308.2508347500046,2.5480066016487717,305.1373033038416,2.549999935355741,4.668138510938965e-09,0.7400388284064934,312.73814999999996,0.0309565
1498.0,308.2557010175428,2.548004961061995,305.14245106508514,2.5499999349094398,4.6702231718868415e-09,0.7400386928763275,312.7404333333333,0.030964333333333333
1499.0,308.2605610109177,2.548003321862949,305.1476005391311,2.5499999344606383,4.6722992730789e-09,0.7400385572858222,312.74271666666664,0.03097216666666667
1500.0,308.26542519896685,2.5480016832733874,305.1527517185671,2.549999934009327,4.6743847871805795e-09,0.740038421632668,312.745,0.03098
1501.0,308.27036800036444,2.5480000319956018,305.1579045938167,2.549999933555494,4.677706873421622e-09,0.7400382858987418,312.7527666666666,0.0309865
1502.0,308.27538815885873,2.5479983744304873,305.16305915729436,2.5499999330991283,4.68116418084909e-09,0.7400381500742604,312.7605333333333,0.030993
1503.0,308.280478159259,2.547996709206892,305.1682154013498,2.5499999326402203,4.684743878489655e-09,0.7400380141475216,312.76829999999995,0.0309995
1504.0,308.2856129818054,2.5479950377470404,305.1733733184925,2.54999993217876,4.688403042043879e-09,0.740037878115406,312.7760666666666,0.031006000000000002
1505.0,308.2907860719581,2.547993360304223,305.17853290086464,2.549999931714736,4.692130460827478e-09,0.7400377419739248,312.7838333333333,0.031012500000000002
1506.0,308.2959881895136,2.5479916779071656,305.1836941405202,2.549999931248139,4.695910298223757e-09,0.7400376057225562,312.79159999999996,0.031019
1507.0,308.30121957935125,2.547989990707003,305.18885702905055,2.549999930778957,4.6997430206727555e-09,0.7400374693609487,312.79936666666663,0.0310255
1508.0,308.3064722974633,2.547988299275163,305.1940215584491,2.5499999303071803,4.703614997019154e-09,0.7400373328870983,312.8071333333333,0.031032
1509.0,308.31174890893027,2.5479866034155894,305.19918771996265,2.549999929832797,4.707530676102903e-09,0.740037196300391,312.81489999999997,0.0310385
1510.0,308.3170452034077,2.547984903492381,305.2043555053165,2.5499999293557982,4.711482842892226e-09,0.7400370595995608,312.82266666666663,0.031045
1511.0,308.32236196414203,2.547983199397982,305.2095249055365,2.5499999288761717,4.715472876257124e-09,0.7400369227835678,312.8304333333333,0.0310515
1512.0,308.3276972575602,2.547981491298871,305.21469591207784,2.5499999283939077,4.7194974755253855e-09,0.7400367858513344,312.8382,0.031058000000000002
1513.0,308.33305038633415,2.5479797792322456,305.2198685157369,2.549999927908995,4.723555466964363e-09,0.7400366488018657,312.84596666666664,0.031064500000000002
1514.0,308.33842027650786,2.5479780632815014,305.2250427075713,2.549999927421423,4.7276450263133485e-09,0.7400365116341796,312.8537333333333,0.031071
1515.0,308.34380632851344,2.5479763435016416,305.23021847746844,2.549999926931181,4.731765145585809e-09,0.7400363743476832,312.8615,0.0310775
1516.0,308.34920737536424,2.547974619972149,305.2353958169842,2.549999926438258,4.735913836454025e-09,0.7400362369411886,312.86926666666665,0.031084
1517.0,308.35462246021365,2.54797289276346,305.24057471705646,2.5499999259426427,4.7400894710583336e-09,0.7400360994137282,312.8770333333333,0.0310905
1518.0,308.3600509636312,2.547971161923842,305.245755168012,2.5499999254443253,4.744291002214762e-09,0.7400359617645278,312.8848,0.031097
1519.0,308.3654932427649,2.547969427437361,305.25093715840825,2.549999924943294,4.74851906810119e-09,0.7400358239933705,312.89256666666665,0.031103500000000003
1520.0,308.3709479109274,2.5479676894027374,305.25612067996184,2.5499999244395384,4.75277129517572e-09,0.7400356860990439,312.9003333333333,0.031110000000000002
1521.0,308.3764142468082,2.5479659478749603,305.2613057231841,2.5499999239330475,4.757046456907307e-09,0.7400355480807149,312.9081,0.031116500000000002
1522.0,308.3818919689818,2.54796420287631,305.2664922775572,2.54999992342381,4.761344085653743e-09,0.7400354099377886,312.91586666666666,0.031123
1523.0,308.3873815550916,2.5479624543726107,305.2716803307877,2.5499999229118147,4.765665025646379e-09,0.74003527167008,312.9236333333333,0.0311295
1524.0,308.3928818917902,2.547960702448024,305.27686987430394,2.5499999223970513,4.7700073705574025e-09,0.7400351332765446,312.9314,0.031136
1525.0,308.3983924951239,2.547958947139911,305.2820608980619,2.5499999218795084,4.7743703006542875e-09,0.7400349947564778,312.93916666666667,0.0311425
1526.0,308.4039132200096,2.5479571884583843,305.2872533906633,2.549999921359175,4.7787535816400854e-09,0.7400348561093802,312.94693333333333,0.031149
1527.0,308.40944424619187,2.547955426387439,305.2924473394116,2.54999992083604,4.78315754122316e-09,0.7400347173349486,312.9547,0.031155500000000003
1528.0,308.4149848733391,2.547953660981846,305.2976427351276,2.549999920310092,4.787580983678274e-09,0.740034578432348,312.9624666666666,0.031162000000000002
1529.0,308.42053476529486,2.5479518922670943,305.30283956717665,2.54999991978132,4.792023342612978e-09,0.7400344394009629,312.97023333333334,0.031168500000000002
1530.0,308.4260939744177,2.5479501202365586,305.30803782164867,2.5499999192497125,4.7964847240737015e-09,0.7400343002404755,312.97799999999995,0.031175
1531.0,308.431662536759,2.5479483448849596,305.3132374847711,2.549999918715258,4.8009652059884e-09,0.7400341609505545,312.9857666666666,0.0311815
1532.0,308.43723980208847,2.5479465662637626,305.3184385485571,2.5499999181779462,4.80546367668121e-09,0.740034021530345,312.9935333333333,0.031188
1533.0,308.44282549123903,2.547944784393761,305.3236410018914,2.549999917637766,4.809979666597064e-09,0.7400338819792757,313.00129999999996,0.0311945
1534.0,308.44841932504363,2.547942999295749,305.32884483365905,2.549999917094705,4.814512705621407e-09,0.740033742296775,313.0090666666666,0.031201000000000003
1535.0,308.45402102433513,2.5479412109905297,305.33405003274487,2.5499999165487535,4.819062323078169e-09,0.7400336024822712,313.0168333333333,0.031207500000000003
1536.0,308.45963037354625,2.5479394194937637,305.33925658730544,2.5499999159998996,4.823628158116446e-09,0.7400334625352478,313.02459999999996,0.031214000000000002
1537.0,308.46524815537043,2.5479376247404044,305.34446447406805,2.5499999154481303,4.82821158266162e-09,0.7400333224560535,313.03236666666663,0.0312205
1538.0,308.4708734740101,2.547935826801111,305.3496736889776,2.5499999148934354,4.832811055191258e-09,0.7400331822435819,313.0401333333333,0.031227
1539.0,308.476506118575,2.5479340256911724,305.3548842201372,2.549999914335803,4.837426222188587e-09,0.7400330418973214,313.04789999999997,0.0312335
1540.0,308.48214587817506,2.5479322214258806,305.36009605565005,2.5499999137752236,4.842056729711033e-09,0.740032901416759,313.05566666666664,0.03124
1541.0,308.48779254192004,2.5479304140205334,305.3653091836193,2.549999913211684,4.846702223387514e-09,0.7400327608013825,313.0634333333333,0.0312465
1542.0,308.49344589891973,2.547928603490427,305.37052359214795,2.5499999126451742,4.851362348418031e-09,0.7400326200506795,313.0712,0.031253
1543.0,308.499106383137,2.547926789799556,305.3757392599431,2.5499999120756804,4.856037871256413e-09,0.7400324791647539,313.07896666666664,0.0312595
1544.0,308.5047737986321,2.5479249729620266,305.3809561748898,2.5499999115031917,4.860728463288905e-09,0.7400323381431075,313.0867333333333,0.031266
1545.0,308.5104477557494,2.547923153007365,305.38617432769615,2.5499999109276974,4.865433458337182e-09,0.7400321969850571,313.0945,0.0312725
1546.0,308.51612810322564,2.5479213299461323,305.39139370559644,2.5499999103491855,4.870152604459604e-09,0.7400320556901475,313.10226666666665,0.031279
1547.0,308.5218146897974,2.547919503788891,305.396614295825,2.549999909767645,4.874885649406746e-09,0.7400319142579229,313.1100333333333,0.0312855
1548.0,308.5275073642014,2.5479176745462047,305.4018360856161,2.5499999091830645,4.87963234062167e-09,0.7400317726879282,313.1178,0.031292
1549.0,308.5332061462884,2.54791584221522,305.4070590589476,2.5499999085954315,4.8843927234355376e-09,0.7400316309798962,313.12556666666666,0.0312985
1550.0,308.53891129499516,2.5479140067743273,305.41228319524737,2.549999908004733,4.8891672600198715e-09,0.7400314891338232,313.1333333333333,0.031305
1551.0,308.54462238132436,2.547912168255878,305.41750848703526,2.549999907410959,4.893955213527557e-09,0.7400313471489479,313.1411,0.0313115
1552.0,308.5503392935284,2.547910326667342,305.4227349207936,2.5499999068140973,4.898756399581444e-09,0.7400312050248583,313.14886666666666,0.031318
1553.0,308.55606191985987,2.547908482016192,305.42796248300453,2.5499999062141367,4.903570633577286e-09,0.7400310627611428,313.15663333333333,0.031324500000000005
1554.0,308.5617901485712,2.5479066343099,305.43319116015044,2.549999905611066,4.908397730683439e-09,0.7400309203573893,313.1644,0.031331000000000005
1555.0,308.5675238679148,2.5479047835559427,305.4384209387136,2.5499999050048725,4.913237505840634e-09,0.740030777813186,313.1721666666666,0.031337500000000004
1556.0,308.5732577285956,2.547902930100359,305.44365179865275,2.549999904395544,4.918080625627835e-09,0.7400306351301541,313.17993333333334,0.031344000000000004
1557.0,308.578993472534,2.5479010738308583,305.4488837287589,2.549999903783068,4.922930134671866e-09,0.7400304923071622,313.18769999999995,0.0313505
1558.0,308.58473088805033,2.5478992147614195,305.45411671539,2.5499999031674334,4.927785667024309e-09,0.7400303493438373,313.1954666666667,0.031357
1559.0,308.59046937928156,2.547897352930864,305.4593507444253,2.5499999025486293,4.932646184617989e-09,0.740030206239955,313.2032333333333,0.0313635
1560.0,308.5962083503648,2.547895488378024,305.4645858017441,2.5499999019266424,4.937510648088794e-09,0.740030062995292,313.21099999999996,0.03137
1561.0,308.6019147631377,2.5478936256340843,305.4698218723813,2.5499999013014616,4.941892021601451e-09,0.7400299196138553,313.21394999999995,0.031377
1562.0,308.6075307450649,2.5478917645738672,305.4750589406303,2.5499999006730745,4.946118188137105e-09,0.7400297761051198,313.21689999999995,0.031384
1563.0,308.61308616509575,2.547889905551602,305.48029699273206,2.549999900041469,4.950241314340309e-09,0.7400296324751872,313.21984999999995,0.031391
1564.0,308.6186000421933,2.5478880481679793,305.48553601495695,2.5499998994066333,4.954294616314591e-09,0.7400294887271172,313.2228,0.031398
1565.0,308.62408256958264,2.547886192030619,305.4907759920273,2.5499998987685535,4.958295885948521e-09,0.7400293448629289,313.22574999999995,0.031405
1566.0,308.6295385411477,2.54788433682811,305.49601690538253,2.549999898127214,4.96225347392929e-09,0.7400292008838264,313.2287,0.031412
1567.0,308.63496976341156,2.547882482474681,305.50125874882525,2.5499998974826092,4.966170506105338e-09,0.7400290567903043,313.23165,0.031419
1568.0,308.64037907768824,2.547880628877249,305.5065015010053,2.549999896834721,4.970051926923463e-09,0.7400289125839885,313.2346,0.031426
1569.0,308.6457667036606,2.5478787760271144,305.51174516055335,2.549999896183547,4.973898088690353e-09,0.7400287682649827,313.23755,0.031433
1570.0,308.6511352326372,2.547876923834173,305.516989704139,2.5499998955290675,4.9777135050517116e-09,0.7400286238349025,313.2405,0.03144
1571.0,308.6564860102751,2.5478750722501884,305.5222351201153,2.549999894871272,4.98150050902898e-09,0.7400284792945565,313.24345,0.031447
1572.0,308.661818715406,2.5478732212844752,305.52748139812917,2.5499998942101496,4.985258510497398e-09,0.7400283346442176,313.2464,0.031454
1573.0,308.66713547989366,2.547871370861304,305.53272852425386,2.5499998935456887,4.988991226073502e-09,0.7400281898850058,313.24935,0.031461
1574.0,308.67243762901506,2.5478695209328173,305.5379764853886,2.5499998928778775,4.992700960047102e-09,0.7400280450177749,313.2523,0.031468
1575.0,308.6777261990565,2.5478676714607147,305.5432252684084,2.5499998922067033,4.996389511695498e-09,0.7400279000432901,313.25525,0.031475
1576.0,308.68299996200585,2.5478658224817243,305.5484748599987,2.5499998915321522,5.000054703048873e-09,0.7400277549616167,313.2582,0.031482
1577.0,308.68826105708285,2.5478639739209834,305.55372524712686,2.5499998908542123,5.003700273126249e-09,0.7400276097738601,313.26115,0.031489
1578.0,308.69351040592306,2.5478621257439604,305.5589764166583,2.549999890172872,5.007327824219337e-09,0.7400274644807496,313.2641,0.031496
1579.0,308.6987484346359,2.5478602779331725,305.5642283561256,2.5499998894881184,5.010938088900341e-09,0.7400273190828224,313.26705,0.031503
1580.0,308.70397402970906,2.5478584305241556,305.5694810551344,2.5499998887999378,5.014529091768094e-09,0.7400271735800183,313.27,0.03151
1581.0,308.7091887622458,2.547856583459996,305.5747344996756,2.5499998881083186,5.018103579954408e-09,0.7400270279733188,313.27295,0.031517
1582.0,308.71439318751993,2.547854736718749,305.57998867710796,2.549999887413248,5.02166251545722e-09,0.7400268822633107,313.2759,0.031524
1583.0,308.7195874473248,2.547852890293414,305.5852435765175,2.5499998867147133,5.025206133303289e-09,0.7400267364503629,313.27885,0.031531
1584.0,308.72477114445337,2.5478510441964834,305.5904991892419,2.549999886012702,5.028733719432054e-09,0.7400265905345583,313.2818,0.031538000000000004
1585.0,308.729945136591,2.5478491983950633,305.5957555013765,2.5499998853072015,5.032246769995419e-09,0.7400264445166443,313.28475,0.031545000000000004
1586.0,308.735109776221,2.547847352874525,305.60101250112734,2.5499998845981997,5.035745892503479e-09,0.7400262983971009,313.2877,0.031552000000000004
1587.0,308.7402650272962,2.5478455076353326,305.6062701816248,2.549999883885683,5.039231010263245e-09,0.7400261521760901,313.29064999999997,0.031559000000000004
1588.0,308.7454108764582,2.547843662677068,305.61152853571195,2.5499998831696393,5.042702086536649e-09,0.7400260058537937,313.29359999999997,0.031566000000000004
1589.0,308.7505479610516,2.5478418179740228,305.616787547984,2.549999882450056,5.046160232300545e-09,0.7400258594309242,313.29654999999997,0.031573000000000004
1590.0,308.7556765702474,2.5478399735140114,305.6220472074493,2.54999988172692,5.049605945512475e-09,0.7400257129079096,313.29949999999997,0.03158
1591.0,308.7607969932162,2.547838129284848,305.62730750311624,2.5499998810002196,5.053039724711467e-09,0.740025566285178,313.30244999999996,0.031587
1592.0,308.76590951912897,2.5478362852743386,305.63256842399306,2.5499998802699415,5.056462069016415e-09,0.740025419563158,313.30539999999996,0.031594
1593.0,308.77101396101824,2.5478344414889262,305.6378299678639,2.5499998795360725,5.0598726373702386e-09,0.7400252727418539,313.30834999999996,0.031601
1594.0,308.7761102827496,2.547832597929153,305.64309212973285,2.5499998787986,5.063271354774129e-09,0.740025125821405,313.31129999999996,0.031608
1595.0,308.7811990563063,2.5478307545717476,305.64835489339566,2.5499998780575113,5.066659220563113e-09,0.7400249788024905,313.31424999999996,0.031615
1596.0,308.78628050137536,2.547828911407229,305.65361824914146,2.5499998773127937,5.070036612606743e-09,0.7400248316854775,313.31719999999996,0.031622
1597.0,308.79135483764355,2.547827068426111,305.65888218725917,2.5499998765644345,5.073403909212681e-09,0.7400246844707318,313.32014999999996,0.031629
1598.0,308.79642228479787,2.5478252256189045,305.6641466980379,2.5499998758124214,5.076761489124398e-09,0.7400245371586203,313.32309999999995,0.031636
1599.0,308.80148258576133,2.5478233829946335,305.6694117833246,2.54999987505674,5.080108888270379e-09,0.7400243897490792,313.32604999999995,0.031643
1600.0,308.80653573657133,2.5478215405524915,305.67467743883026,2.5499998742973777,5.083446089894205e-09,0.7400242422422737,313.32899999999995,0.03165
1601.0,308.81158218502884,2.5478196982741306,305.67994364931377,2.549999873534322,5.086773876711475e-09,0.7400240946387753,313.33195,0.031657
1602.0,308.81662208795063,2.547817856152496,305.6852104065883,2.5499998727675597,5.090092517227529e-09,0.7400239469388942,313.33489999999995,0.031664
1603.0,308.82165560215344,2.5478160141805315,305.690477702467,2.5499998719970787,5.093402280257958e-09,0.74002379914294,313.33785,0.031671
1604.0,308.82668288445393,2.5478141723511776,305.695745528763,2.5499998712228655,5.096703434929117e-09,0.7400236512512225,313.3408,0.031678
1605.0,308.83170374152735,2.5478123306710865,305.7010138902621,2.5499998704449065,5.099995630367965e-09,0.7400235032636964,313.34375,0.031685
1606.0,308.8367182290942,2.5478104891371567,305.70628278252315,2.549999869663188,5.103278956662871e-09,0.7400233551805688,313.3467,0.031692
1607.0,308.8417266373831,2.5478086477371047,305.7115521924163,2.549999868877698,5.106553919694373e-09,0.740023207002285,313.34965,0.031699
1608.0,308.8467290811736,2.547806806465511,305.71682211331233,2.549999868088423,5.109820714830759e-09,0.740023058729112,313.3526,0.031706
1609.0,308.8517256752449,2.547804965316957,305.7220925385817,2.5499998672953508,5.113079537666215e-09,0.7400229103613166,313.35555,0.031713
1610.0,308.85671653437646,2.5478031242860233,305.72736346159525,2.5499998664984678,5.116330584021223e-09,0.7400227618991664,313.3585,0.03172
1611.0,308.86170139206826,2.5478012833827943,305.73263490059975,2.549999865697758,5.119573373378539e-09,0.7400226133424244,313.36145,0.031727
1612.0,308.86668039480264,2.5477994426005592,305.73790684689743,2.5499998648932096,5.122808157732189e-09,0.7400224646913994,313.3644,0.031734
1613.0,308.87165380930225,2.5477976019277166,305.74317928394555,2.54999986408481,5.126035402838863e-09,0.7400223159465598,313.36735,0.031741
1614.0,308.8766217324063,2.5477957613595725,305.7484522062852,2.549999863272546,5.129255273276206e-09,0.7400221671081486,313.3703,0.031748
1615.0,308.8815842609542,2.5477939208914284,305.75372560845744,2.549999862456405,5.132467933812284e-09,0.7400220181764093,313.37325,0.031755
1616.0,308.8865414917851,2.5477920805185876,305.7589994850035,2.5499998616363735,5.135673549404412e-09,0.7400218691515855,313.3762,0.031762
1617.0,308.8914935217384,2.5477902402363517,305.76427383046445,2.549999860812438,5.138872285198842e-09,0.7400217200339204,313.37915,0.031769
1618.0,308.89644044765345,2.5477884000400186,305.7695486393814,2.5499998599845863,5.142064306531191e-09,0.7400215708236575,313.3821,0.031776
1619.0,308.90138236636943,2.5477865599248872,305.7748239062955,2.549999859152804,5.145249778924932e-09,0.7400214215210402,313.38505,0.031783
1620.0,308.90632743033456,2.547784719521948,305.78009962861387,2.5499998583170793,5.148443196581037e-09,0.7400212721251797,313.388,0.03179
1621.0,308.91131943483856,2.5477828747978943,305.7853758164247,2.549999857477396,5.152010342645252e-09,0.7400211226301783,313.3943833333333,0.03179666666666667
1622.0,308.9163575476996,2.5477810273081865,305.7906524672878,2.549999856633741,5.155661951208473e-09,0.740020973032926,313.40076666666664,0.03180333333333333
1623.0,308.92143753189595,2.547779176400682,305.7959295794956,2.5499998557861008,5.1593905375771514e-09,0.7400208233287708,313.40715,0.03181
1624.0,308.92654493916194,2.5477773224806777,305.80120714854183,2.5499998549344625,5.163170433782094e-09,0.7400206735160115,313.4135333333333,0.03181666666666667
1625.0,308.9316749915547,2.5477754654090816,305.8064851716683,2.54999985407881,5.166993166633577e-09,0.7400205235917737,313.41991666666667,0.031823333333333335
1626.0,308.9368237845402,2.5477736055565963,305.8117636462672,2.5499998532191333,5.170851816355054e-09,0.7400203735560413,313.42629999999997,0.03183
1627.0,308.9419875745415,2.547771743059009,305.81704256854766,2.549999852355408,5.174739739637274e-09,0.7400202234072273,313.43268333333333,0.031836666666666666
1628.0,308.9471651293543,2.5477698779795785,305.82232193737406,2.549999851487627,5.1786547631635144e-09,0.7400200731449438,313.43906666666663,0.031843333333333335
1629.0,308.95235680432404,2.5477680102882507,305.82760175229487,2.5499998506157864,5.1825975417967125e-09,0.7400199227689619,313.44545,0.031849999999999996
1630.0,308.95755973369563,2.5477661401034943,305.83288200873017,2.5499998497398524,5.186562985888254e-09,0.7400197722775322,313.4518333333333,0.031856666666666665
1631.0,308.9627753669744,2.547764267365179,305.8381627089965,2.549999848859842,5.190553699376748e-09,0.7400196216715393,313.45821666666666,0.031863333333333334
1632.0,308.96800122761675,2.5477623921611103,305.84344384769395,2.549999847975714,5.194565282143093e-09,0.7400194709489835,313.46459999999996,0.03187
1633.0,308.97323707125105,2.5477605144998545,305.84872542428974,2.5499998470874647,5.1985973141706385e-09,0.7400193201096664,313.4709833333333,0.031876666666666664
1634.0,308.9784828336825,2.547758634382645,305.85400743729997,2.5499998461950817,5.202649696733396e-09,0.7400191691532486,313.4773666666666,0.03188333333333333
1635.0,308.98373802859174,2.5477567518262223,305.8592898850543,2.5499998452985517,5.206721576973288e-09,0.7400190180792059,313.48375,0.03189
1636.0,308.9890016649535,2.5477548668659358,305.8645727657492,2.5499998443978615,5.21081119926618e-09,0.7400188668868145,313.4901333333333,0.03189666666666666
1637.0,308.99427307228,2.547752979525333,305.86985607766576,2.5499998434929974,5.2149173788947175e-09,0.7400187155754778,313.49651666666665,0.03190333333333333
1638.0,308.99955160151643,2.547751089827245,305.8751398190776,2.5499998425839463,5.21903896811508e-09,0.7400185641446069,313.50289999999995,0.03191
1639.0,309.00483848649293,2.5477491977307754,305.88042398760626,2.5499998416706893,5.223178185182159e-09,0.7400184125942724,313.5092833333333,0.03191666666666667
1640.0,309.01013227061105,2.5477473032860916,305.88570858180503,2.5499998407532156,5.227332438026738e-09,0.7400182609236023,313.5156666666667,0.03192333333333333
1641.0,309.0154324863989,2.547745406509894,305.8909935998847,2.5499998398315116,5.231500901555613e-09,0.7400181091320708,313.52205,0.03193
1642.0,309.02073866638426,2.5477435074188914,305.896279040056,2.549999838905563,5.235682749730763e-09,0.7400179572191522,313.5284333333333,0.03193666666666667
1643.0,309.02605096340795,2.5477416060086275,305.9015649000834,2.5499998379753555,5.239878266195657e-09,0.7400178051846049,313.53481666666664,0.03194333333333333
1644.0,309.0313698437774,2.547739702263951,305.90685117750553,2.549999837040873,5.2440882963299515e-09,0.7400176530283283,313.5412,0.03195
1645.0,309.03669440147513,2.5477377962165386,305.9121378708489,2.5499998361021037,5.248311228017216e-09,0.7400175007495977,313.5475833333333,0.03195666666666667
1646.0,309.04202435449287,2.5477358878767813,305.91742497819075,2.549999835159032,5.252546565497251e-09,0.7400173483479716,313.55396666666667,0.03196333333333334
1647.0,309.0473594208224,2.5477339772550733,305.92271249760836,2.549999834211645,5.2567938124392644e-09,0.7400171958230096,313.56034999999997,0.03197
1648.0,309.0527000897811,2.54773206433444,305.92800042532724,2.5499998332599274,5.261053854934111e-09,0.7400170431747557,313.56673333333333,0.03197666666666667
1649.0,309.05804599953126,2.5477301491281077,305.9332887596164,2.5499998323038655,5.26532605353055e-09,0.7400168904027191,313.57311666666664,0.031983333333333336
1650.0,309.06339684612016,2.5477282316472563,305.93857749860575,2.549999831343445,5.269609871886421e-09,0.7400167375064448,313.5795,0.031990000000000005
1651.0,309.0687524518921,2.5477263118985833,305.9438666401221,2.5499998303786517,5.273904999687578e-09,0.7400165844855577,313.5858833333333,0.031996666666666666
1652.0,309.07411276857704,2.5477243898837685,305.9491561806406,2.549999829409472,5.278211358514323e-09,0.7400164313398071,313.59226666666666,0.032003333333333335
1653.0,309.0794781030877,2.547722465590695,305.9544461129264,2.5499998284358907,5.28252950761644e-09,0.7400162780692842,313.59864999999996,0.032010000000000004
1654.0,309.0848479378532,2.5477205390392657,305.9597364383569,2.549999827457894,5.2868585260398335e-09,0.7400161246732865,313.6050333333333,0.032016666666666665
1655.0,309.0902221276586,2.5477186102349263,305.96502715442006,2.5499998264754677,5.291198160741827e-09,0.7400159711514699,313.6114166666666,0.032023333333333334
1656.0,309.0956005272887,2.547716679183125,305.9703182586037,2.5499998254885976,5.295548158385265e-09,0.7400158175034902,313.6178,0.03203
1657.0,309.10098299152827,2.5477147458893112,305.97560974839575,2.5499998244972697,5.299908265337333e-09,0.7400156637290041,313.6241833333333,0.03203666666666667
1658.0,309.10636937516233,2.547712810358939,305.98090162128415,2.54999982350147,5.304278227668979e-09,0.740015509827667,313.63056666666665,0.03204333333333333
1659.0,309.11175953297567,2.5477108725974613,305.98619387475674,2.5499998225011837,5.308657791154353e-09,0.740015355799135,313.63694999999996,0.03205
1660.0,309.1171540866622,2.547708932579793,305.99148649285314,2.5499998214963946,5.313048081125798e-09,0.7400152016438541,313.6433333333333,0.03205666666666667
1661.0,309.1225524308831,2.5477069903297105,305.9967794811299,2.54999982048709,5.3174480158575506e-09,0.7400150473610065,313.6497166666667,0.03206333333333333
1662.0,309.12795445096697,2.547705045851454,306.00207283653924,2.5499998194732556,5.321857395702772e-09,0.7400148929502794,313.6561,0.03207
1663.0,309.1333600382894,2.5477030991490253,306.0073665559275,2.5499998184548773,5.326276031670235e-09,0.7400147384113667,313.6624833333333,0.03207666666666667
1664.0,309.1387690842261,2.5477011502264286,306.0126606361408,2.5499998174319405,5.330703734546493e-09,0.7400145837439619,313.66886666666664,0.03208333333333334
1665.0,309.1441814801529,2.5476991990876687,306.01795507402556,2.5499998164044304,5.335140314895192e-09,0.7400144289477587,313.67525,0.03209
1666.0,309.14959711744535,2.5476972457367495,306.02324986642793,2.5499998153723338,5.339585583057033e-09,0.740014274022451,313.6816333333333,0.03209666666666667
1667.0,309.15501639692434,2.547695290157291,306.0285449976564,2.5499998143356333,5.344040267648997e-09,0.7400141189682594,313.68801666666667,0.03210333333333334
1668.0,309.1604390941165,2.547693332357932,306.0338404674083,2.549999813294315,5.348503970444223e-09,0.7400139637847577,313.6944,0.03211
1669.0,309.1658650033513,2.5476913723465655,306.03913627491835,2.5499998122483656,5.352976326666253e-09,0.7400138084715393,313.70078333333333,0.03211666666666667
1670.0,309.1712940489894,2.547689410125879,306.044432416221,2.5499998111977704,5.357457205754073e-09,0.7400136530283319,313.70716666666664,0.03212333333333334
1671.0,309.17672615539124,2.547687445698564,306.0497288873507,2.549999810142515,5.36194647699118e-09,0.7400134974548633,313.71355,0.032130000000000006
1672.0,309.18216124691736,2.54768547906731,306.05502568434184,2.549999809082584,5.366444009506954e-09,0.7400133417508615,313.7199333333333,0.03213666666666667
1673.0,309.1875992479283,2.547683510234809,306.06032280322904,2.5499998080179647,5.370949672274339e-09,0.740013185916054,313.72631666666666,0.032143333333333336
1674.0,309.1930437475001,2.547681539220573,306.065620209697,2.549999806948572,5.375469957037837e-09,0.7400130299496936,313.73269999999997,0.032150000000000005
1675.0,309.1984957350667,2.5476795660252423,306.07091790124343,2.549999805874407,5.380006663636394e-09,0.7400128738520018,313.7390833333333,0.03215666666666667
1676.0,309.20395245967137,2.547677590634505,306.0762159030646,2.5499998047955303,5.3845548303826204e-09,0.7400127176234828,313.74546666666663,0.032163333333333335
1677.0,309.2094139213143,2.5476756130483,306.08151421516044,2.5499998037119416,5.389114465719108e-09,0.7400125612641376,313.75185,0.032170000000000004
1678.0,309.21488011999537,2.5476736332665695,306.086812837531,2.5499998026236415,5.393685578099666e-09,0.7400124047739652,313.7582333333333,0.03217666666666667
1679.0,309.22035105571456,2.547671651289252,306.09211177017625,2.5499998015306296,5.39826817598959e-09,0.7400122481529664,313.76461666666665,0.032183333333333335
1680.0,309.225826728472,2.5476696671162893,306.0974110130962,2.5499998004329063,5.402862267865288e-09,0.7400120914011409,313.77099999999996,0.03219
1681.0,309.23131695061505,2.547667683603353,306.10271055024884,2.5499997993304255,5.407102644074907e-09,0.7400119345188176,313.7800833333333,0.03219716666666667
1682.0,309.23686184393915,2.547665698534293,306.10801031547084,2.5499997982230016,5.411445013637278e-09,0.7400117775074359,313.78916666666663,0.032204333333333335
1683.0,309.2424458474468,2.5476637117150807,306.1133103267096,2.5499997971106887,5.4158612678705364e-09,0.7400116203676974,313.79825,0.032211500000000004
1684.0,309.24805944230025,2.5476617227677822,306.1186105889014,2.5499997959935032,5.4203342140550275e-09,0.7400114630986214,313.8073333333333,0.03221866666666667
1685.0,309.25369552280154,2.54765973131766,306.12391109747557,2.549999794871436,5.424851014116333e-09,0.7400113056981069,313.81641666666667,0.032225833333333335
1686.0,309.25935393331457,2.5476577373501916,306.12921185187815,2.549999793744485,5.429411424000335e-09,0.7400111481660256,313.8255,0.032233000000000005
1687.0,309.2650332598993,2.5476557407836458,306.1345128466781,2.5499997926126365,5.434012915785935e-09,0.7400109905013583,313.8345833333333,0.03224016666666667
1688.0,309.2707294875866,2.5476537413947016,306.1398140728183,2.5499997914758676,5.438648236446675e-09,0.7400108327020503,313.84366666666665,0.032247333333333336
1689.0,309.27644450871196,2.5476517392889146,306.14511553386006,2.5499997903341876,5.4433208520047624e-09,0.7400106747689809,313.85274999999996,0.032254500000000005
1690.0,309.2821744379442,2.5476497342572006,306.1504172132677,2.549999789187553,5.448023737152818e-09,0.7400105166991866,313.8618333333333,0.03226166666666667
1691.0,309.2879189879899,2.547647726283932,306.1557191098185,2.549999788035962,5.452756396094449e-09,0.7400103584924479,313.87091666666663,0.03226883333333334
1692.0,309.29367897302603,2.5476457154161976,306.16102121806153,2.5499997868793987,5.457520334678561e-09,0.7400102001483366,313.88,0.032276000000000006
1693.0,309.29945295426086,2.5476437015762725,306.1663235324021,2.5499997857178496,5.462312964073534e-09,0.740010041665818,313.8890833333333,0.03228316666666667
1694.0,309.3052396479889,2.547641684695045,306.17162604725564,2.549999784551299,5.4671319743259005e-09,0.7400098830438978,313.89816666666667,0.03229033333333334
1695.0,309.3110380816387,2.5476396647206556,306.1769287570573,2.549999783379734,5.471975618707803e-09,0.740009724281667,313.90725,0.03229750000000001
1696.0,309.3168492111498,2.5476376417084348,306.1822316553368,2.5499997822031357,5.476845658288793e-09,0.7400095653786745,313.91633333333334,0.03230466666666667
1697.0,309.3226726123714,2.547635615637005,306.18753473627197,2.5499997810214885,5.481741343776414e-09,0.7400094063341417,313.92541666666665,0.03231183333333334
1698.0,309.3285070909182,2.5476335864422,306.19283799440194,2.5499997798347778,5.486660522212305e-09,0.7400092471471058,313.93449999999996,0.032319
1699.0,309.334352061074,2.5476315540936865,306.1981414239803,2.5499997786429893,5.491602146787971e-09,0.7400090878167495,313.9435833333333,0.03232616666666667
1700.0,309.34020791645395,2.5476295186149844,306.203445019684,2.549999777446106,5.4965669540675e-09,0.740008928342636,313.95266666666663,0.03233333333333334
1701.0,309.34607485277377,2.5476274800187237,306.2087487761044,2.5499997762441122,5.501555320818247e-09,0.7400087687242518,313.96175,0.0323405
1702.0,309.35195198656555,2.5476254382582146,306.2140526873663,2.549999775036993,5.506565656406026e-09,0.7400086089606637,313.9708333333333,0.03234766666666667
1703.0,309.3578389892051,2.5476233933172754,306.21935674783435,2.549999773824733,5.511597380271321e-09,0.7400084490511541,313.97991666666667,0.03235483333333334
1704.0,309.363735818017,2.547621345194968,306.22466095277537,2.549999772607316,5.516650432886816e-09,0.7400082889952112,313.989,0.032362
1705.0,309.36964261680913,2.547619293900289,306.2299652980443,2.5499997713847273,5.521725095043655e-09,0.7400081287924583,313.9980833333333,0.03236916666666667
1706.0,309.3755588814362,2.547617239407713,306.2352697774521,2.5499997701569512,5.5268204648561575e-09,0.7400079684420513,314.00716666666665,0.03237633333333333
1707.0,309.3814843882583,2.5476151817066643,306.24057438569474,2.549999768923972,5.531936151614458e-09,0.7400078079433481,314.01624999999996,0.0323835
1708.0,309.3874190479337,2.547613120793052,306.24587911908975,2.549999767685775,5.537072009474558e-09,0.7400076472958749,314.0253333333333,0.03239066666666667
1709.0,309.3933629951701,2.547611056673592,306.2511839766605,2.549999766442344,5.542228301876617e-09,0.7400074864994379,314.03441666666663,0.032397833333333334
1710.0,309.39931575148415,2.547608989325422,306.2564889500253,2.5499997651936632,5.547404171622161e-09,0.7400073255530764,314.0435,0.032405
1711.0,309.40527712233205,2.5476069187393806,306.2617940342314,2.549999763939718,5.552599279661496e-09,0.7400071644561848,314.0525833333333,0.03241216666666667
1712.0,309.41124691316986,2.547604844906311,306.26709922432605,2.549999762680492,5.557813286516466e-09,0.7400070032081578,314.06166666666667,0.032419333333333335
1713.0,309.41722492945377,2.547602767817059,306.2724045153564,2.5499997614159704,5.563045852278891e-09,0.7400068418083899,314.07075,0.032426500000000004
1714.0,309.4232109766399,2.5476006874624737,306.27770990236974,2.5499997601461377,5.568296636607201e-09,0.7400066802562755,314.07983333333334,0.03243366666666667
1715.0,309.4292051372578,2.5475986038466925,306.28301538450535,2.5499997588709777,5.5735658060754254e-09,0.7400065185515216,314.08891666666665,0.032440833333333335
1716.0,309.43520762099075,2.547596516979949,306.2883209627804,2.549999757590474,5.578853760389857e-09,0.7400063566939783,314.09799999999996,0.032448000000000005
1717.0,309.44121790711694,2.5475944268374544,306.2936266274249,2.549999756304612,5.584159561470819e-09,0.7400061946826725,314.1070833333333,0.03245516666666667
1718.0,309.44723584401083,2.5475923334121218,306.2989323741198,2.5499997550133755,5.589482946535073e-09,0.7400060325170472,314.11616666666663,0.032462333333333336
1719.0,309.45326128004706,2.5475902366968697,306.3042381985463,2.54999975371675,5.594823652462804e-09,0.7400058701965451,314.12525,0.032469500000000005
1720.0,309.45929406360005,2.547588136684615,306.3095440963854,2.5499997524147195,5.60018141579644e-09,0.7400057077206089,314.1343333333333,0.03247666666666667
1721.0,309.4653340430444,2.5475860333682796,306.3148500633183,2.549999751107268,5.6055559727388515e-09,0.7400055450886818,314.14341666666667,0.03248383333333334
1722.0,309.4713814141555,2.547583926757196,306.3201561019256,2.549999749794379,5.6109476967341086e-09,0.7400053823005921,314.1525,0.032491000000000006
1723.0,309.4774362901676,2.547581816856793,306.3254622131486,2.5499997484760364,5.616356810186839e-09,0.7400052193560761,314.1615833333333,0.03249816666666667
1724.0,309.48349825480574,2.5475797036474948,306.33076838741243,2.549999747152225,5.621782563356464e-09,0.7400050562542834,314.17066666666665,0.03250533333333334
1725.0,309.4895671979468,2.547577587124187,306.33607462122234,2.5499997458229298,5.627224767953348e-09,0.7400048929947026,314.17974999999996,0.0325125
1726.0,309.4956430094677,2.5475754672817574,306.3413809110837,2.5499997444881344,5.63268323544408e-09,0.7400047295768231,314.1888333333333,0.03251966666666667
1727.0,309.5017255792452,2.5475733441150963,306.34668725350184,2.5499997431478234,5.638157777051117e-09,0.7400045660001333,314.19791666666663,0.03252683333333334
1728.0,309.5078147971562,2.5475712176190957,306.3519936449821,2.549999741801981,5.643648203751445e-09,0.7400044022641227,314.207,0.032534
1729.0,309.5139108360587,2.547569087801177,306.3573000916431,2.5499997404505894,5.649154846819887e-09,0.7400042383686436,314.2160833333333,0.03254116666666667
1730.0,309.52001367333327,2.54756695466011,306.3626065929627,2.5499997390936335,5.6546776782750606e-09,0.7400040743132975,314.2251666666666,0.03254833333333334
1731.0,309.5261230598938,2.5475648181846307,306.3679131407256,2.5499997377310972,5.66021625323872e-09,0.7400039100973947,314.23425,0.0325555
1732.0,309.53223891292873,2.547562678370845,306.3732197323649,2.5499997363629654,5.665770432413758e-09,0.7400037457204596,314.24333333333334,0.03256266666666667
1733.0,309.5383611496267,2.547560535214858,306.3785263653137,2.549999734989222,5.6713400763212014e-09,0.7400035811820157,314.25241666666665,0.03256983333333334
1734.0,309.5444896871761,2.547558388712778,306.3838330370053,2.549999733609851,5.676925045298903e-09,0.7400034164815874,314.26149999999996,0.032577
1735.0,309.5506244427655,2.5475562388607127,306.38913974487275,2.549999732224837,5.682525199501747e-09,0.7400032516186987,314.2705833333333,0.03258416666666667
1736.0,309.55675670201106,2.54755408627242,306.3944464966706,2.5499997308341618,5.688124496549429e-09,0.7400030865960652,314.2796666666666,0.03259133333333333
1737.0,309.56288582930136,2.5475519309836843,306.3997532904931,2.54999972943781,5.693721761526293e-09,0.740002921413416,314.28875,0.0325985
1738.0,309.5690140333263,2.5475497728267458,306.4050601210333,2.549999728035766,5.699321061634693e-09,0.7400027560694274,314.2978333333333,0.03260566666666667
1739.0,309.575140335254,2.547547611861935,306.4103669867957,2.549999726628014,5.704920591110068e-09,0.740002590563955,314.30691666666667,0.032612833333333334
1740.0,309.5812637562525,2.5475454481496005,306.41567388628494,2.549999725214537,5.7105185417840205e-09,0.7400024248968541,314.316,0.03262
1741.0,309.5873833174899,2.547543283801385,306.42098081800566,2.5499997237953203,5.715825306574784e-09,0.74000225906798,314.3217833333333,0.032627500000000004
1742.0,309.5934802056169,2.5475411178116234,306.4262877835751,2.5499997223703468,5.721093928381343e-09,0.7400020930809607,314.32756666666666,0.032635000000000004
1743.0,309.5995275446839,2.547538951671555,306.43159478601757,2.5499997209395997,5.72627473149731e-09,0.7400019269411302,314.33335,0.032642500000000005
1744.0,309.60554675837045,2.547536785181948,306.43690182471863,2.5499997195030626,5.731407218228768e-09,0.7400017606509672,314.3391333333333,0.032650000000000005
1745.0,309.61153643912945,2.5475346187483554,306.44220890035706,2.5499997180607195,5.736488741745521e-09,0.7400015942133095,314.3449166666666,0.032657500000000006
1746.0,309.6175083501005,2.5475324518585536,306.4475160125383,2.5499997166125548,5.741540997480715e-09,0.7400014276287163,314.35069999999996,0.032665
1747.0,309.6234649846799,2.547530284501514,306.452823161759,2.5499997151585516,5.746568567106963e-09,0.7400012608984896,314.3564833333333,0.0326725
1748.0,309.6294091753639,2.5475281164250214,306.45813034844997,2.5499997136986936,5.751576662808777e-09,0.7400010940228203,314.36226666666664,0.03268
1749.0,309.63533955697153,2.5475259476715726,306.4634375742886,2.5499997122329647,5.756562736865517e-09,0.7400009270019021,314.36805,0.0326875
1750.0,309.64126004819343,2.547523778075764,306.46874483966405,2.549999710761348,5.761534019942416e-09,0.7400007598365145,314.3738333333333,0.032695
1751.0,309.64717210557575,2.547521607569867,306.4740521457342,2.549999709283828,5.766493192628935e-09,0.7400005925271317,314.37961666666666,0.0327025
1752.0,309.6530740251405,2.5475194362400897,306.47935949489306,2.5499997078003873,5.771437084788522e-09,0.7400004250738993,314.3854,0.03271
1753.0,309.65896828425787,2.5475172639639414,306.4846668878556,2.5499997063110103,5.776370269732073e-09,0.7400002574773876,314.3911833333333,0.032717500000000004
1754.0,309.6648545768217,2.5475150907609008,306.4899743271284,2.54999970481568,5.781292167638313e-09,0.7400000897378436,314.39696666666663,0.032725000000000004
1755.0,309.6707330055779,2.547512916629156,306.495281814859,2.5499997033143806,5.786202955992348e-09,0.7399999218555677,314.40274999999997,0.032732500000000005
1756.0,309.676604406606,2.5475107415286216,306.50058935261524,2.5499997018070952,5.791104172579225e-09,0.7399997538309488,314.4085333333333,0.032740000000000005
1757.0,309.6824688436202,2.547508565457668,306.5058969440961,2.5499997002938066,5.795995924252972e-09,0.7399995856641299,314.41431666666665,0.032747500000000006
1758.0,309.688326822888,2.5475063883935185,306.5112045910369,2.5499996987744993,5.800879139335035e-09,0.7399994173554701,314.4201,0.032755000000000006
1759.0,309.69417861436426,2.5475042103194365,306.5165122976581,2.549999697249156,5.805754308582178e-09,0.7399992489050851,314.42588333333333,0.0327625
1760.0,309.70002446657804,2.547502031218622,306.52182006857055,2.5499996957177604,5.810621883590916e-09,0.7399990803130551,314.4316666666666,0.03277
1761.0,309.7058648334952,2.547499851074802,306.52712790464057,2.5499996941802956,5.815482698298835e-09,0.7399989115798107,314.43744999999996,0.0327775
1762.0,309.71170006726805,2.547497669871434,306.53243580859015,2.549999692636746,5.820337398462194e-09,0.7399987427056084,314.4432333333333,0.032785
1763.0,309.7175305200489,2.547495487591968,306.5377437831415,2.5499996910870935,5.825186630666851e-09,0.7399985736907051,314.44901666666664,0.0327925
1764.0,309.7233565045325,2.547493304220948,306.5430518313915,2.549999689531323,5.830030968953848e-09,0.7399984045353271,314.4548,0.0328
1765.0,309.7291773401275,2.547491119770526,306.5483599658752,2.5499996879694162,5.834869140376891e-09,0.7399982352389436,314.4605833333333,0.0328075
1766.0,309.734993892998,2.547488934209854,306.55366818443065,2.549999686401357,5.8397027485946715e-09,0.7399980658022035,314.46636666666666,0.032815000000000004
1767.0,309.740806428562,2.5474867475247818,306.55897649060404,2.5499996848271294,5.844532281080728e-09,0.7399978962252969,314.47215,0.032822500000000004
1768.0,309.7466152122373,2.54748455970115,306.56428488794165,2.549999683246716,5.8493582259313835e-09,0.7399977265084149,314.47793333333334,0.032830000000000005
1769.0,309.752420509442,2.547482370724797,306.56959337998967,2.5499996816601014,5.8541810718671255e-09,0.7399975566517475,314.4837166666666,0.032837500000000006
1770.0,309.7582218717779,2.547480180607007,306.57490197818646,2.5499996800672666,5.858999978358487e-09,0.7399973866549953,314.48949999999996,0.032845
1771.0,309.764019424941,2.5474779893385993,306.5802106876231,2.549999678468196,5.863815173725839e-09,0.7399972165182516,314.4952833333333,0.0328525
1772.0,309.7698136237207,2.5474757968986568,306.585519509752,2.549999676862872,5.868627500085621e-09,0.7399970462418382,314.50106666666665,0.03286
1773.0,309.77560463927875,2.5474736032763694,306.59082844916145,2.5499996752512795,5.873437271710391e-09,0.7399968758258806,314.50685,0.0328675
1774.0,309.78139264277667,2.5474714084609245,306.5961375104399,2.5499996736334003,5.8782448032734465e-09,0.7399967052705043,314.5126333333333,0.032875
1775.0,309.7871776420415,2.5474692124484983,306.6014467011125,2.5499996720092177,5.88305010508548e-09,0.7399965345757077,314.51841666666667,0.0328825
1776.0,309.7929593063169,2.5474670152497616,306.6067560347921,2.5499996703787144,5.887852555519984e-09,0.7399963637412249,314.52419999999995,0.03289
1777.0,309.7987380823659,2.547464816842102,306.6120655111118,2.5499996687418744,5.892652983846685e-09,0.7399961927673964,314.5299833333333,0.0328975
1778.0,309.80451408281897,2.5474626172172075,306.61737513571217,2.54999966709868,5.897451596341346e-09,0.7399960216543026,314.53576666666663,0.032905000000000004
1779.0,309.8102874203067,2.5474604163667625,306.62268491423407,2.549999665449115,5.902248599543552e-09,0.7399958504020234,314.54155,0.032912500000000004
1780.0,309.81605820745943,2.5474582142824502,306.62799485231824,2.5499996637931623,5.907044200254985e-09,0.7399956790106389,314.5473333333333,0.032920000000000005
1781.0,309.8218260347192,2.547456010982912,306.63330497501363,2.5499996621308028,5.911837629424332e-09,0.739995507479683,314.55311666666665,0.032927500000000005
1782.0,309.827591278034,2.547453806446237,306.63861527817426,2.5499996604620208,5.916629585831689e-09,0.7399953358095117,314.5589,0.032935000000000006
1783.0,309.83335408993906,2.547451600662047,306.64392576595776,2.5499996587867995,5.921420351254469e-09,0.7399951640002461,314.5646833333333,0.0329425
1784.0,309.83911456209813,2.5474493936231033,306.6492364447841,2.549999657105122,5.926210093932809e-09,0.7399949920519447,314.5704666666666,0.03295
1785.0,309.84487278617496,2.5474471853221665,306.6545473210733,2.5499996554169715,5.9309989823208565e-09,0.7399948199646654,314.57624999999996,0.0329575
1786.0,309.8506288538333,2.5474449757519935,306.65985840124546,2.549999653722331,5.935787185086277e-09,0.7399946477384666,314.5820333333333,0.032965
1787.0,309.8563828567369,2.547442764905342,306.6651696917205,2.5499996520211834,5.940574871110415e-09,0.7399944753734063,314.58781666666664,0.0329725
1788.0,309.8621348865494,2.547440552774967,306.67048119891854,2.549999650313512,5.945362209488158e-09,0.7399943028695427,314.5936,0.03298
1789.0,309.8678848409161,2.5474383393638513,306.67579293846006,2.5499996485992984,5.95014900594854e-09,0.7399941302267035,314.5993833333333,0.0329875
1790.0,309.87363243819766,2.547436124684433,306.6811049344675,2.5499996468785238,5.954934729907601e-09,0.7399939574445041,314.60516666666666,0.032995000000000003
1791.0,309.8793781008367,2.547433908712028,306.68641717767497,2.5499996451511726,5.959720170353072e-09,0.7399937845233949,314.61095,0.033002500000000004
1792.0,309.8851218965521,2.54743169144065,306.6917296756381,2.5499996434172285,5.964505451907037e-09,0.7399936114634059,314.6167333333333,0.033010000000000005
1793.0,309.89086389306306,2.547429472864314,306.6970424359123,2.549999641676674,5.969290699348562e-09,0.7399934382645668,314.6225166666666,0.033017500000000005
1794.0,309.8966041580885,2.547427252977032,306.70235546605306,2.5499996399294917,5.974076037614689e-09,0.739993264926907,314.62829999999997,0.033025
1795.0,309.90234275934745,2.547425031772817,306.707668773616,2.5499996381756653,5.978861591799783e-09,0.7399930914504567,314.6340833333333,0.0330325
1796.0,309.9080797645589,2.5474228092456777,306.71298236615644,2.549999636415177,5.983647487155857e-09,0.7399929178352451,314.63986666666665,0.03304
1797.0,309.91381524144197,2.5474205853896246,306.71829625123,2.5499996346480103,5.9884338490926165e-09,0.7399927440813023,314.64565,0.0330475
1798.0,309.919549090657,2.5474183602073976,306.72361044477714,2.549999632874146,5.993220489239636e-09,0.739992570188453,314.65143333333333,0.033055
1799.0,309.9252812992414,2.547416133697225,306.72892495840284,2.5499996310935678,5.9980073813648666e-09,0.7399923961566286,314.6572166666666,0.0330625
1800.0,309.93101190724974,2.547413905854561,306.73423980105116,2.5499996293062575,6.002794598896705e-09,0.7399922219858244,314.66299999999995,0.03307
