ts,Tsurf,Csurf,Tc,Cc,jw,W,Tamb,Camb
0.0,301.15,2.54996585582159,301.15,2.55,3.5851387330143423e-09,0.7401769282992966,301.15,0.01963
60.0,301.22856735370743,2.549635449387295,301.15000037587635,2.55,3.3649963762030804e-09,0.740170892493367,301.678,0.02002
120.0,301.3865503071778,2.5495038240047734,301.15022920455993,2.55,3.144827395544458e-09,0.7401652350835185,302.342,0.02053
180.0,301.56904537582517,2.549411865770492,301.15324482077443,2.55,2.9868200138659093e-09,0.7401598977335048,302.834,0.021
240.0,301.74715203479866,2.5493444185478493,301.1649357324078,2.55,2.7931743421383104e-09,0.7401548638170761,303.18699999999995,0.02151
300.0,301.9922835453894,2.549283122644968,301.1909406289488,2.55,2.7736700342939123e-09,0.7401500312990552,303.984,0.02191
360.0,302.2439941454302,2.549224212249804,301.2339525963982,2.55,2.7484991044272488e-09,0.7401452203481026,304.443,0.02233
420.0,302.50401448157965,2.5491708576781056,301.2958429366838,2.55,2.7145242764512937e-09,0.7401404669724841,304.96999999999997,0.02278
480.0,302.74569394028435,2.549124002827086,301.3785108042317,2.55,2.6446917375739452e-09,0.7401357961805757,305.27099999999996,0.02325
540.0,303.02060432422314,2.549083126597326,301.4820036248337,2.549999999999998,2.583635364191067e-09,0.7401312531398225,305.88,0.02377
600.0,303.3072523748337,2.549043706323882,301.6047879459234,2.5499999999999763,2.550555010208663e-09,0.7401267830366313,306.352,0.02428
660.0,303.62928999947815,2.5489950160841897,301.74524325095587,2.5499999999997893,2.6837431654498754e-09,0.74012223427487,307.029,0.02465
720.0,303.93982426433035,2.548940894015992,301.9029137223987,2.5499999999986747,2.775154386700365e-09,0.7401174767509581,307.418,0.02506
780.0,304.2613719557723,2.5488866495286544,302.07791726495856,2.549999999993637,2.849911410076483e-09,0.7401125842073927,307.95599999999996,0.02552
840.0,304.56901675643894,2.548839871360106,302.2700612183888,2.5499999999753737,2.799789575878164e-09,0.7401076608018061,308.292,0.02612
900.0,304.8722584330964,2.5487931207359713,302.47811428587755,2.549999999919935,2.8469855271683164e-09,0.7401027454241587,308.674,0.0266
960.0,305.2048667968462,2.548729442345902,302.70036227559024,2.549999999774307,3.113116450928488e-09,0.7400975638529853,309.241,0.02687
1020.0,305.515490761595,2.5486634680699094,302.9346010445504,2.5499999994346854,3.2094947691527456e-09,0.740092051693809,309.50399999999996,0.02732
1080.0,305.87359144838456,2.5486030925017022,303.1796279192854,2.549999998717337,3.260325803198058e-09,0.7400864336550957,310.217,0.02793
1140.0,306.2210547825342,2.5485281503710526,303.4346472225071,2.5499999973231975,3.526770320518874e-09,0.7400805180017692,310.56899999999996,0.02826
1200.0,306.5692335541611,2.548459362166379,303.6993503019133,2.5499999947977985,3.549343653920875e-09,0.7400743603566771,311.032,0.02891
1260.0,306.8943964138175,2.5483785702277775,303.9741400739029,2.549999990492409,3.82393457154832e-09,0.7400679341123196,311.284,0.02921
1320.0,307.2581186301683,2.5482873721824504,304.25828210964517,2.549999983522428,4.093063371795849e-09,0.7400610546408309,311.917,0.02961
1380.0,307.61530186334204,2.548203236125765,304.55026887187813,2.5499999727344083,4.137132747643171e-09,0.7400538834977841,312.275,0.03029
1440.0,307.95716863353533,2.548101422103522,304.84920333042464,2.549999956677755,4.534466803909445e-09,0.7400463324806521,312.60799999999995,0.03051
1500.0,308.2639252648438,2.547999323755411,305.15517932186475,2.5499999335852657,4.680651075255671e-09,0.7400382999428289,312.745,0.03098
1560.0,308.5946102186913,2.547892947007039,305.4671498715574,2.5499999013619092,4.943989409657212e-09,0.7400299302174257,313.21099999999996,0.03137
1620.0,308.9050588192354,2.5477820238858664,305.7827960704538,2.5499998575824128,5.155342651941485e-09,0.7400211277953126,313.388,0.03179
1680.0,309.224428669796,2.5476668016980533,306.10023456807335,2.5499997994966623,5.409778640496116e-09,0.7400119350725378,313.77099999999996,0.03219
1740.0,309.57990032937295,2.5475423925666174,306.41861868697333,2.54999972404197,5.718034384140224e-09,0.740002256106624,314.316,0.03262
1800.0,309.92964021593497,2.547410679386446,306.73730061565595,2.5499996278612826,6.01043059239858e-09,0.7399920401100001,314.66299999999995,0.03307
1860.0,309.9778331001974,2.5468500646308607,307.011568873934,2.5499995842521566,5.782229569008662e-09,0.5865710409385321,315.068,0.03345
1920.0,310.15126541295484,2.5466095786390497,307.28694937211714,2.5499995361846226,5.643910860327267e-09,0.5865631536010731,315.102,0.03403
1980.0,310.35348149067744,2.5464151058096673,307.55881477429807,2.549999483274602,5.678413749974026e-09,0.5865553462320467,315.41299999999995,0.03447
2040.0,310.5787166283424,2.5462234714394123,307.8226074042073,2.549999425125495,5.882111522331318e-09,0.5865473709471185,315.739,0.03476
2100.0,310.7984215046908,2.5460397045128262,308.0776371330775,2.5499993613255847,6.015197855258181e-09,0.5865391568485625,315.895,0.03513
2160.0,311.0207943223801,2.5458698530201156,308.3255837032178,2.5499992914413525,6.0954912588758676e-09,0.5865307997165276,316.135,0.03558
2220.0,311.26533133454893,2.545709885318609,308.5685444391129,2.5499992150119097,6.179194924732173e-09,0.5865223330809116,316.543,0.03609
2280.0,311.49848348035835,2.545545631798552,308.8079622399827,2.549999131547553,6.3562015260114625e-09,0.5865136755758009,316.68399999999997,0.03646
2340.0,311.7501368252439,2.54535069656953,309.0451205632895,2.5499990405284962,6.819254312385014e-09,0.5865045891288974,317.12,0.03653
2400.0,311.9888872630809,2.545159880071881,309.28123046129394,2.5499989414025226,6.988153683688042e-09,0.5864950529722245,317.25199999999995,0.03694
2460.0,312.2412994477291,2.544971836925775,309.5170732208373,2.549998833583569,7.226619411207574e-09,0.5864852480859751,317.65299999999996,0.03731
2520.0,312.483603822666,2.5447798685942606,309.7532956033338,2.5499987164501365,7.464761089775972e-09,0.5864751029114375,317.813,0.03766
2580.0,312.70139424122914,2.544599196502788,309.9901707667039,2.5499985893444594,7.56738527228742e-09,0.5864647215979705,317.851,0.03812
2640.0,312.94529058586687,2.54440786887798,310.22789889520703,2.5499984515710623,7.88020445011846e-09,0.5864540692787464,318.28799999999995,0.0384
2700.0,313.18570822595865,2.544195565592209,310.4659882398952,2.5499983023971824,8.270096915038082e-09,0.586442917784321,318.47299999999996,0.03858
2760.0,313.3978331090196,2.5439966911338843,310.70382626897646,2.549998141055208,8.38550333455053e-09,0.5864314142203765,318.474,0.03903
2820.0,313.6048173426139,2.5438044549519523,310.9415557603503,2.549997966739578,8.55976936279299e-09,0.5864197190023852,318.61199999999997,0.0394
2880.0,313.83436936140794,2.5435898895801934,311.17889794821565,2.5499977786033363,8.977100825111823e-09,0.586407621399715,318.96799999999996,0.03954
2940.0,314.0338285611136,2.543396962335824,311.4148913066786,2.549997575763331,8.967165471039189e-09,0.5863952233232039,318.88899999999995,0.04013
3000.0,314.2335558018455,2.5431789523563424,311.649082836375,2.5499973573014425,9.452656626419692e-09,0.5863825148518104,319.08,0.04011
3060.0,314.42742685288215,2.5429856825244483,311.88143147738623,2.549997122259284,9.39259481568026e-09,0.5863695037972595,319.149,0.04076
3120.0,314.65943575970573,2.5427564570166403,312.1113625887317,2.549996869639444,1.0001020228598305e-08,0.5863561319335613,319.662,0.0407
3180.0,314.87844424678786,2.54254026876448,312.3384603959335,2.5499965984081077,1.0069226328103303e-08,0.5863422696003888,319.75199999999995,0.04128
3240.0,315.0870213079067,2.5423240901364856,312.56307068215744,2.5499963074888585,1.0350426294155556e-08,0.586328175054122,319.911,0.04157
3300.0,315.2944946086975,2.5421009219180366,312.7862949901952,2.5499959957530813,1.062666872279166e-08,0.5863136956993563,320.08299999999997,0.04187
3360.0,315.4801199617074,2.541868433309153,313.0085404319422,2.549995662017974,1.094737959695891e-08,0.5862987968577105,320.06199999999995,0.04205
3420.0,315.6689327468326,2.5416330552521282,313.2296535018362,2.549995305040048,1.1234641049735788e-08,0.5862834893120477,320.239,0.04229
3480.0,315.8359750264735,2.541393610798785,313.44914474015985,2.5499949235297925,1.151606341388831e-08,0.5862677766011236,320.15799999999996,0.04247
3540.0,316.00179161398336,2.5411610528415416,313.6662548969308,2.5499945161530393,1.1703908921412714e-08,0.5862517516631283,320.26099999999997,0.04277
3600.0,316.1989841852083,2.540899167869499,313.8803025038476,2.5499940815333013,1.2260288268927631e-08,0.5862352209337811,320.635,0.04272
3660.0,316.3799084045969,2.5406473427288905,314.09053208462376,2.5499936182528136,1.2415706759766503e-08,0.5862181789474078,320.64799999999997,0.04312
3720.0,316.55693640247426,2.5403963552412963,314.2970506714751,2.549993124845935,1.2718575537348513e-08,0.5862008326346329,320.796,0.04333
3780.0,316.7406398630394,2.5401489094039924,314.5006961646065,2.549992599781469,1.2924620675587678e-08,0.5861831340438426,320.99,0.04369
3840.0,316.9109700233645,2.539883850259722,314.70179308044646,2.549992041445732,1.3353050435353036e-08,0.5861649903652104,321.02299999999997,0.04373
3900.0,317.0714860175897,2.5396145539358175,314.9005171672279,2.5499914481492576,1.366268057052326e-08,0.5861463411568636,321.07599999999996,0.04389
3960.0,317.2301533687356,2.5393548116439355,315.0969989695408,2.549990818116826,1.3851504039033463e-08,0.5861273485719853,321.166,0.0442
4020.0,317.3736836902411,2.53908298137142,315.2909375190829,2.5499901494859127,1.4232007815739044e-08,0.5861079578372597,321.12699999999995,0.04422
4080.0,317.5026717134145,2.5388106711214524,315.4818973598943,2.549989440301316,1.4486255895615124e-08,0.5860881314965611,321.07599999999996,0.04435
4140.0,317.65595085885093,2.538549456549319,315.6694298171406,2.5499886885383294,1.4655741908156361e-08,0.5860680265485383,321.349,0.04468
4200.0,317.79642342756944,2.5382828510591864,315.8528470723556,2.549987892056893,1.4932836365107123e-08,0.5860475940367527,321.316,0.04483
4260.0,317.9416071944965,2.5380062410242994,316.031872885115,2.5499870486236005,1.5284396175557396e-08,0.5860267414673103,321.481,0.04491
4320.0,318.10726232715797,2.5377271599147635,316.2069579403918,2.549986155872455,1.5580276785979828e-08,0.5860054436161765,321.765,0.04514
4380.0,318.23098295188703,2.5374495771016576,316.37846376249877,2.5499852112820593,1.580754528964348e-08,0.5859837589412478,321.53,0.0453
4440.0,318.34122183716323,2.5371761672950175,316.5470921402078,2.5499842121531247,1.602345988947169e-08,0.585961788389572,321.50699999999995,0.04543
4500.0,318.4688485663632,2.5369029555751643,316.71326303369364,2.5499831555817325,1.6255129341417852e-08,0.5859395146728417,321.676,0.04561
4560.0,318.5966668611193,2.536635642241344,316.8761230178213,2.5499820384803997,1.6409019134190848e-08,0.5859169655704842,321.74,0.04589
4620.0,318.73874091344334,2.53634775930157,317.03500108900346,2.5499808575992398,1.6866045650063996e-08,0.5858940038430317,321.97499999999997,0.04585
4680.0,318.86832400807276,2.5360774633128162,317.19013097948937,2.549979609487502,1.6902180238785724e-08,0.5858706875460777,321.977,0.04629
4740.0,319.00170854864416,2.5358024955862035,317.34217659702216,2.549978290443774,1.7210310478111783e-08,0.585847144845542,322.138,0.04641
4800.0,319.1236245618841,2.5355056173699513,317.4918600239477,2.549976896482629,1.764361549749838e-08,0.5858230800865623,322.12899999999996,0.04633
4860.0,319.22652423843823,2.53520841759559,317.63948228142476,2.549975423324972,1.7907436036549005e-08,0.5857985346897585,322.04999999999995,0.04639
4920.0,319.3504892437167,2.5349190107061563,317.7851142350858,2.5499738663971234,1.8122555286671948e-08,0.5857736758023206,322.294,0.0466
4980.0,319.4377418831515,2.534643661331195,317.92831164275816,2.5499722208391136,1.817135296999534e-08,0.5857486036765759,322.02,0.04687
5040.0,319.51616996159134,2.5343665863650537,318.06865609246245,2.549970481520627,1.8396127862642076e-08,0.5857233654455143,321.99,0.04689
5100.0,319.60567709306815,2.5340924507028015,318.2059297312784,2.549968643018985,1.853026339160988e-08,0.5856978804203994,322.063,0.04707
5160.0,319.72996588777977,2.5338008409444353,318.33919554120234,2.549966699642308,1.8939427916680144e-08,0.5856720305973506,322.411,0.04705
5220.0,319.83256400527574,2.5335086546738506,318.46789582866967,2.549964645461586,1.914063353342658e-08,0.5856457313045709,322.31899999999996,0.0472
5280.0,319.9106469879075,2.5332118413057625,318.59273184423307,2.549962474243187,1.944012259169368e-08,0.585619095350126,322.20599999999996,0.04713
5340.0,320.0083487778117,2.5329306833737935,318.7149463754574,2.5499601793466597,1.950410561108667e-08,0.585592224255658,322.407,0.04744
5400.0,320.08692831513196,2.5326325644954046,318.83462156721714,2.5499577537351223,1.9879187250999462e-08,0.585565027408135,322.26599999999996,0.04728
5460.0,320.1912666696418,2.5323480668625287,318.9513940821154,2.5499551900622803,1.9960923154587018e-08,0.5855375433803751,322.565,0.0476
5520.0,320.2791848981521,2.532067399222446,319.06528590674895,2.5499524806639826,2.0106131179849924e-08,0.5855098734711723,322.471,0.04777
5580.0,320.35666239337326,2.5317623535305103,319.17644885015505,2.54994961754288,2.0562613790571424e-08,0.5854818022258731,322.467,0.04751
5640.0,320.43025826536126,2.531476277202329,319.28541732927556,2.5499465923251634,2.0551586944944898e-08,0.5854534186675188,322.45399999999995,0.04782
5700.0,320.52093465769525,2.5311732466372003,319.3921423164368,2.549943396268046,2.0984353249113185e-08,0.5854247565838464,322.642,0.04765
5760.0,320.5938456631519,2.530890442821094,319.4962739617776,2.549940020331279,2.0924125160521084e-08,0.5853958163035713,322.534,0.04802
5820.0,320.64839929907873,2.530593908301811,319.59781930232367,2.549936455183025,2.128277755260869e-08,0.5853666781796348,322.42199999999997,0.04779
5880.0,320.70829198684896,2.5303277349588837,319.6970535145364,2.549932691151682,2.1094377337910246e-08,0.5853374309155782,322.46,0.04827
5940.0,320.8154168170012,2.530024566881587,319.7935931328107,2.5499287182652,2.1710249860525203e-08,0.5853079053533796,322.899,0.04795
6000.0,320.9105282196337,2.5297386464197817,319.8868912951475,2.549924526356227,2.1658491561448638e-08,0.5852779568386766,322.893,0.04841
6060.0,320.98044557414863,2.5294519341209254,319.9775687203348,2.549920105008866,2.1897243551396117e-08,0.585247884692756,322.80999999999995,0.0484
6120.0,321.02446028316086,2.529160988271544,320.0671960286675,2.5499154433235542,2.2070584078517528e-08,0.5852175254771037,322.613,0.04836
6180.0,321.1097866788226,2.528874086136957,320.1562360113535,2.549910529903258,2.2241102932863464e-08,0.5851869611388398,322.97999999999996,0.04851
6240.0,321.18311257401507,2.5285833535235813,320.2438287955832,2.5499053530885587,2.2430095674999805e-08,0.5851561128481608,322.90299999999996,0.04858
6300.0,321.24398766312294,2.5282994850071674,320.329320525646,2.5498999011409436,2.2529787041452875e-08,0.5851250764765542,322.88899999999995,0.04871
6360.0,321.29018286526036,2.527995138600539,320.4132066847402,2.5498941620860323,2.2913355748571146e-08,0.5850937022030795,322.772,0.04842
6420.0,321.3287808173957,2.527710004712535,320.49558595364766,2.5498881236309416,2.286383536630411e-08,0.5850621011881013,322.7,0.04864
6480.0,321.36270704979114,2.527416909531138,320.57595139423626,2.5498817733190147,2.3126059203393638e-08,0.585030355273462,322.62699999999995,0.04845
6540.0,321.44388419801516,2.5271355797785864,320.65351174842345,2.5498750986834247,2.3168040893608565e-08,0.5849984234583049,323.041,0.04875
6600.0,321.495996117015,2.5268378295946157,320.72766139364126,2.549868087329355,2.3477081287302258e-08,0.584966204455768,322.83299999999997,0.04858
6660.0,321.5267357006767,2.526561553061179,320.79879605751825,2.549860726841787,2.3384994679733827e-08,0.5849338540446813,322.719,0.04882
6720.0,321.56830324752826,2.5262882591027775,320.86806615035766,2.54985300446613,2.349349604203472e-08,0.5849015015909274,322.78299999999996,0.04886
6780.0,321.6267166328454,2.5260052469088956,320.93539335934514,2.549844907181299,2.3702684497297403e-08,0.5848689300419817,322.931,0.04885
6840.0,321.6596904448019,2.525726739310028,321.0002414705205,2.549836422032966,2.3754238570477896e-08,0.5848361578223163,322.74199999999996,0.04892
6900.0,321.7275885316292,2.525454057530127,321.06281118744437,2.549827536106402,2.3864874510345588e-08,0.5848033099734222,323.091,0.04908
6960.0,321.78706331014945,2.525174764002868,321.1234957159024,2.5498182363345863,2.402937214941286e-08,0.5847702386975882,323.05199999999996,0.04913
7020.0,321.8347124667878,2.5248857163458407,321.18257456453927,2.549808509548369,2.4280300850937448e-08,0.5847368906868686,323.042,0.04902
7080.0,321.86506374285256,2.5246057692410258,321.24090723671225,2.549798342323255,2.4308314780839323e-08,0.584703343753358,322.909,0.04911
7140.0,321.9072101570866,2.5243396381199634,321.29877563848197,2.5497877209373687,2.430215804691885e-08,0.5846697979120838,323.015,0.0493
7200.0,321.9480853453588,2.5240440565892452,321.3557154836677,2.5497766316586166,2.4729527250782767e-08,0.5846359505320454,323.00199999999995,0.04894
7260.0,321.98974435172147,2.523750450320051,321.4111419011088,2.549765061018328,2.4848748760411075e-08,0.5846017294534342,323.043,0.04897
7320.0,321.99983170525684,2.523468832270197,321.46500037369657,2.549752995729055,2.4866589714879656e-08,0.5845673965024468,322.769,0.04898
7380.0,322.03132003674625,2.5232116592809497,321.51737270874617,2.54974042255474,2.4727976417777042e-08,0.5845331785912411,322.942,0.04929
7440.0,322.04738808461633,2.5229462592067966,321.5679325362155,2.549727328384824,2.484909508104735e-08,0.5844989438948592,322.762,0.0492
7500.0,322.08798224308913,2.5226898442382986,321.61606761997774,2.5497137005371835,2.4824533210019254e-08,0.5844646725514316,322.995,0.04941
7560.0,322.11997314744656,2.522426088553515,321.66172692353814,2.5496995266971556,2.495697070493031e-08,0.5844303002030383,322.91999999999996,0.04938
7620.0,322.13755401927926,2.5221538120579066,321.705110572066,2.549684794751781,2.5124807539370735e-08,0.5843957277176545,322.83299999999997,0.04924
7680.0,322.1553452112824,2.5219052101940065,321.7468714727036,2.549669492540365,2.4942981583434254e-08,0.5843611690592665,322.81899999999996,0.04954
7740.0,322.2016962220267,2.5216474748741957,321.7871399496753,2.54965360785477,2.514036663826231e-08,0.5843266116745099,323.066,0.0495
7800.0,322.22200954287064,2.521370492930168,321.82564377771195,2.5496371287665127,2.5380845432911562e-08,0.5842917207194113,322.864,0.04928
7860.0,322.27891177534593,2.521096213867411,321.86264575801647,2.5496200436348446,2.553072220348292e-08,0.584256602705168,323.245,0.04935
7920.0,322.31331401335,2.520820144950563,321.898764150336,2.5496023406898156,2.565562890445398e-08,0.584221251211216,323.07899999999995,0.04934
7980.0,322.32703585514287,2.520548087037503,321.93441106244165,2.5495840080389707,2.5737548293636157e-08,0.5841857724058517,322.967,0.04929
8040.0,322.3574365772044,2.5202779493273795,321.97027021157794,2.5495650335013043,2.5835884220640237e-08,0.5841501826762168,323.09299999999996,0.0493
8100.0,322.3580048998497,2.5200409560318118,322.00600481482695,2.5495454048454618,2.5500289119132063e-08,0.5841147288796833,322.81399999999996,0.04971
8160.0,322.4107615187403,2.5197798727481278,322.04095572030934,2.549525110461014,2.5877818901863518e-08,0.5840792965111229,323.28499999999997,0.04948
8220.0,322.4362219511249,2.5195092754921795,322.0746968430946,2.549504139346922,2.596978014282968e-08,0.5840434829545667,323.05199999999996,0.04947
8280.0,322.46943502122417,2.5192559327962893,322.1071669505449,2.54948248106449,2.593592167536463e-08,0.5840076664626394,323.20599999999996,0.04966
8340.0,322.4654621373166,2.5190017488277787,322.13920796187483,2.549460125022608,2.5966176416671153e-08,0.5839718171797471,322.85999999999996,0.04959
8400.0,322.4855919128547,2.5187627691675747,322.1709819283793,2.5494370603745935,2.5869054507248134e-08,0.5839360569472406,323.065,0.0498
8460.0,322.5109524278903,2.5185126830677884,322.20206348319505,2.5494132765884068,2.6012542933727093e-08,0.5839002408639009,323.07,0.04973
8520.0,322.5560739222242,2.518246013587138,322.23166748666705,2.549388764059207,2.627995875138936e-08,0.5838641566121658,323.29699999999997,0.0496
8580.0,322.5756778177303,2.5179782739402174,322.2599604587507,2.5493635138426005,2.637551665398518e-08,0.5838277946305173,323.11699999999996,0.04956
8640.0,322.58549191791514,2.5177400178412537,322.2876905938955,2.5493375168184107,2.614919130124728e-08,0.5837915379499772,323.07099999999997,0.04988
8700.0,322.58855025022535,2.5174962227374724,322.3154605236753,2.5493107633661074,2.6248889791359195e-08,0.5837553666757713,322.971,0.04976
8760.0,322.59855400048144,2.5172589048887586,322.3428641905188,2.5492832439516406,2.617635154439763e-08,0.5837191846227712,323.006,0.04989
8820.0,322.6216260500914,2.5169916051393653,322.3691537434175,2.5492549499997725,2.6576538286411504e-08,0.5836827765567896,323.10299999999995,0.04949
8880.0,322.6383516430554,2.51675059053876,322.39384607228976,2.549225874002348,2.6336087822661013e-08,0.5836462479540381,323.065,0.04986
8940.0,322.6306107796744,2.516512330961505,322.41712100083583,2.5491960090360717,2.6370276447496925e-08,0.583609855913918,322.85799999999995,0.04977
9000.0,322.6754487212217,2.5162675723026684,322.439435921863,2.5491653481056575,2.6505112599832365e-08,0.5835733885214565,323.313,0.04981
9060.0,322.72093710050837,2.5160275281916933,322.46067782804516,2.549133884317021,2.6485485136840612e-08,0.5835368003805386,323.34799999999996,0.05004
9120.0,322.71229888152106,2.5157967645775967,322.48096234145237,2.5491016113433664,2.6402127889028098e-08,0.5835002692922938,322.96999999999997,0.05009
9180.0,322.728172221701,2.5155434568974204,322.5016061880578,2.549068522163514,2.672158457442103e-08,0.5834636204541847,323.17699999999996,0.04976
9240.0,322.7255376182623,2.51530729428024,322.5228289074832,2.54903460870936,2.652657582385076e-08,0.5834268482113947,322.95399999999995,0.04998
9300.0,322.75326559004117,2.5150843949760295,322.5436214367219,2.548999863858523,2.6484312496307343e-08,0.5833902777481315,323.236,0.05016
9360.0,322.7600536874027,2.514838477021054,322.5634860940077,2.5489642818240257,2.6708744155600782e-08,0.583353542578205,323.041,0.0499
9420.0,322.78344059327895,2.514597572540394,322.58231298769687,2.548927857630588,2.672865487816428e-08,0.5833166707723366,323.22999999999996,0.04998
9480.0,322.8104320808145,2.514353994577669,322.60051231831204,2.548890586349319,2.683213394133693e-08,0.5832796962837996,323.263,0.04997
9540.0,322.8333721525303,2.514104882454628,322.6182428403187,2.548852462976269,2.69681760538065e-08,0.583242559013404,323.284,0.0499
9600.0,322.8176093353718,2.513885522144226,322.6359810108761,2.5488134823493964,2.6650677176702403e-08,0.5832055281415742,322.95399999999995,0.05021
9660.0,322.8497273052926,2.5136576427600783,322.65406767164166,2.5487736388185027,2.6826889957836123e-08,0.5831686455937155,323.35799999999995,0.05014
9720.0,322.84617194803377,2.513403435223153,322.67202121198716,2.5487329269732424,2.7066242945709477e-08,0.5831314172965422,323.015,0.04981
9780.0,322.8289793866698,2.513192422953419,322.68922144659575,2.548691342815439,2.6642601403178155e-08,0.5830943471428065,322.919,0.05025
9840.0,322.84944701474456,2.5129744360057744,322.7058327009702,2.5486488828553164,2.6765279532696607e-08,0.5830574998390714,323.17699999999996,0.05019
9900.0,322.85984632771755,2.5127280592785235,322.7211579015052,2.548605544313078,2.7036729776469275e-08,0.5830203510466474,323.085,0.04989
9960.0,322.8901099996529,2.512500146598229,322.734887917965,2.548561325955484,2.6923892336794003e-08,0.5829831177230936,323.315,0.05017
10020.0,322.91540997767095,2.5122455922981155,322.7477235533427,2.5485162264851935,2.730859127617342e-08,0.5829456762973542,323.304,0.0498
10080.0,322.90748790643505,2.5120282092332484,322.7603830101323,2.5484702436677784,2.6909618889550866e-08,0.5829082364200092,323.05899999999997,0.05025
10140.0,322.9360674739623,2.5117989469819335,322.77362675519373,2.548423374115159,2.715177133212857e-08,0.5828709436155615,323.376,0.05008
10200.0,322.9290607190211,2.5115668196662595,322.7873213393955,2.5483756138865936,2.7114702328179583e-08,0.58283345880136,323.04499999999996,0.05008
10260.0,322.9324003891347,2.5113231769952007,322.800959309675,2.548326960095833,2.7346303635191393e-08,0.5827958807269343,323.15799999999996,0.0498
10320.0,322.9276299175381,2.5111103461039823,322.81447949727675,2.548277410452646,2.7000856711469773e-08,0.5827583574121165,323.02799999999996,0.0502
10380.0,322.96021213845563,2.510864462097244,322.8272897792026,2.5482269635773744,2.7474113040084125e-08,0.582720777579718,323.368,0.04976
10440.0,322.94837033847955,2.510627790256806,322.839082893525,2.548175619374186,2.7329849254442373e-08,0.5826829178055648,322.98199999999997,0.04987
10500.0,322.92836884345184,2.5104048132789334,322.8501316347456,2.548123378202824,2.726334088615948e-08,0.5826452260110597,322.92199999999997,0.04982
10560.0,322.9400484685468,2.5101992103024644,322.86088257643564,2.548070239671339,2.7072651150202303e-08,0.5826077166747485,323.118,0.05014
10620.0,322.98164830156566,2.5099625978193627,322.8705411411822,2.5480162040656418,2.7459583035126127e-08,0.5825700864602908,323.39599999999996,0.04985
10680.0,323.0074696922531,2.5097434271333157,322.8787534118526,2.5479612736233808,2.7263062144906675e-08,0.5825323010725377,323.346,0.05021
10740.0,323.01649203011135,2.5095191444769647,322.88665357965544,2.5479054500625242,2.7394367652487503e-08,0.5824945686331893,323.274,0.05008
10800.0,323.03223149772793,2.5092712958352656,322.8956390916533,2.5478487321957606,2.769647226199608e-08,0.58245654736343,323.34499999999997,0.04977
10860.0,323.0476198573627,2.5090251687881215,322.90591376100963,2.5477911170159078,2.7764421031439178e-08,0.5824182622267229,323.347,0.04975
10920.0,323.0402412986001,2.5087923477361764,322.9170410506912,2.5477326020301736,2.7703601992596055e-08,0.5823799641884279,323.159,0.04978
10980.0,323.02471920143387,2.5085864818580346,322.92875621484114,2.547673185631706,2.7421716902009728e-08,0.5823419127408804,323.058,0.05005
11040.0,323.04098163652765,2.5083820988300376,322.94055112236515,2.5476128670733997,2.7401047235334784e-08,0.5823040868015495,323.286,0.05015
11100.0,323.0513993083198,2.508150593108147,322.95144737312404,2.547551647646604,2.7657724439982367e-08,0.5822660730110376,323.231,0.04987
11160.0,323.04193420416,2.507944031707277,322.96110112421405,2.5474895307892513,2.7374259444578114e-08,0.5822280769200348,323.087,0.05017
11220.0,323.02080075703924,2.50773858211429,322.97009712082837,2.5474265197532433,2.7318877203953856e-08,0.582190254443412,322.947,0.04978
11280.0,323.04192730669297,2.5075229846985714,322.97852592386386,2.54736261697942,2.7381346494346014e-08,0.5821523692358344,323.27299999999997,0.05015
11340.0,323.0363581262427,2.507321843757431,322.98575348223386,2.547297825983426,2.7283246862383774e-08,0.5821146011276235,323.03099999999995,0.05021
11400.0,323.06352030128755,2.5071086381611476,322.99168105528713,2.547232151866198,2.7461588719131196e-08,0.5820768232110919,323.368,0.05014
11460.0,323.0518542823482,2.506896798086067,322.99700299028797,2.5471655989587205,2.7317890600089506e-08,0.5820389102553614,323.02,0.0501
11520.0,323.0316810345863,2.506720159486588,323.0021622590602,2.54709817039773,2.7032746654346812e-08,0.5820013933928887,322.96099999999996,0.05017
11580.0,323.0590854504199,2.506471651609103,323.0074955256938,2.5470298682184804,2.7722860000935195e-08,0.5819634725034856,323.316,0.04977
11640.0,323.04688900956455,2.506255420931633,323.0122351601107,2.546960695230198,2.733706175872917e-08,0.5819252982950215,322.977,0.04985
11700.0,323.0333576505809,2.5060563187767944,323.0162184232596,2.5468906561980607,2.7413132275310852e-08,0.5818875062993215,322.99,0.04981
11760.0,323.05012353854033,2.5058392718364155,323.0199943136258,2.546819755069955,2.7486214464198133e-08,0.581849534304087,323.2,0.05
11820.0,323.07890815540475,2.5056318874043546,323.02313580468774,2.5467479957958066,2.74959444276353e-08,0.5818115840636056,323.337,0.05012
11880.0,323.06252858249496,2.5054342577772584,323.0256484108402,2.546675383533706,2.721885332227555e-08,0.5817736611199966,322.998,0.05007
11940.0,323.053265686494,2.505240212962332,323.02850473811935,2.5466019220212734,2.733611728722449e-08,0.5817359994880453,323.05499999999995,0.05018
12000.0,323.0763470139336,2.5050110339305265,323.0320355286189,2.5465276127015883,2.7700815137627996e-08,0.5816980226888935,323.289,0.04983
12060.0,323.1053436469806,2.5047983229404807,323.03538567341394,2.5464524581476127,2.7574802637498328e-08,0.5816598663617868,323.38599999999997,0.05012
12120.0,323.09985138172647,2.5045751886728507,323.0384987615802,2.5463764627989955,2.77607302254322e-08,0.5816216533151055,323.15,0.04985
12180.0,323.0748206194622,2.5043914031589214,323.0423297490341,2.546299629553021,2.7236087580692352e-08,0.5815836019778449,322.972,0.04989
12240.0,323.05198255349933,2.5042463364889835,323.0471796567401,2.5462219589689083,2.681793499947021e-08,0.5815462907064111,322.907,0.0501
12300.0,323.0490984113162,2.504060219099883,323.05195215705163,2.546143452923599,2.711060397373535e-08,0.5815090668319501,323.015,0.05024
12360.0,323.0437485736891,2.503869482643597,323.0553456700027,2.546064117478722,2.7063327473358573e-08,0.5814716709417517,322.966,0.05006
12420.0,323.0668282958407,2.503624367263483,323.0569752993899,2.545983961740016,2.766655695593219e-08,0.5814337646458049,323.239,0.04978
12480.0,323.0561917829065,2.5034371493579757,323.0572974093093,2.5459029947824723,2.7032776852549083e-08,0.581395828480424,322.96099999999996,0.05006
12540.0,323.0636190558332,2.503211787107529,323.0571243930227,2.5458212238912514,2.7650105575866417e-08,0.5813579707795224,323.15299999999996,0.04977
12600.0,323.08360825149464,2.5030147549228543,323.0571667894158,2.5457386536664135,2.738604008895985e-08,0.5813199815344454,323.24699999999996,0.05019
12660.0,323.09088761873966,2.5028140178386664,323.0573529769986,2.5456552879156025,2.7479584380724546e-08,0.5812821021944451,323.191,0.0501
12720.0,323.0748639175793,2.5026142225060584,323.0580721484583,2.5455711301548516,2.733472871859877e-08,0.5812441461288259,323.0,0.04984
12780.0,323.09499787115993,2.502387527369698,323.0597226134638,2.545486182250051,2.7725175932037502e-08,0.5812060145332343,323.30199999999996,0.0498
12840.0,323.10996036990394,2.5021716548893655,323.06188003008594,2.5454004459966337,2.7743735197381462e-08,0.58116771716137,323.258,0.04984
12900.0,323.11869481679184,2.501985999908163,323.0641315090352,2.545313925093667,2.7452138495973582e-08,0.5811296166921917,323.269,0.05024
12960.0,323.0941069939839,2.5018152151454798,323.06698774430066,2.545226622922162,2.7072266848298174e-08,0.5810917884560202,322.966,0.04998
13020.0,323.0741977300874,2.5016636553883593,323.0706611991437,2.5451385412924723,2.6925044687911074e-08,0.5810545156676762,322.962,0.05014
13080.0,323.10658777433974,2.501437212451779,323.0745091352983,2.545049682628579,2.7528444701733024e-08,0.581016742942238,323.364,0.05007
13140.0,323.105202714453,2.5012273503082803,323.0773490375309,2.5449600529833365,2.7514437379148224e-08,0.5809787084081633,323.099,0.05004
13200.0,323.092579207964,2.501028140041334,323.0792994133121,2.544869660913912,2.7498237386630364e-08,0.5809407349922083,323.04999999999995,0.04982
13260.0,323.09611623631787,2.5008382850498636,323.0813865652011,2.544778512315997,2.7349520255356673e-08,0.5809028185589536,323.144,0.05022
13320.0,323.1097882741788,2.5006293846460714,323.08344293728794,2.5446866114411653,2.7653048123876165e-08,0.5808648566984493,323.231,0.0499
13380.0,323.135055067394,2.50042366539354,323.08511708726763,2.5445939640287034,2.7633668311823832e-08,0.5808266990303911,323.378,0.05004
13440.0,323.11820075908986,2.500242528088217,323.0867571491626,2.5445005759089496,2.7226442190531678e-08,0.5807886603752745,323.043,0.0501
13500.0,323.1364544723215,2.5000381204142723,323.0890737618126,2.5444064508189412,2.7604357375187283e-08,0.58075068553242,323.36199999999997,0.05007
13560.0,323.1085778753648,2.499896557922483,323.09217315204484,2.5443115905389964,2.6624614386845924e-08,0.5807129593475183,322.912,0.05022
13620.0,323.1104662283281,2.499675011018378,323.0955001552085,2.544215998141128,2.7693140230517876e-08,0.580675338647491,323.178,0.04982
13680.0,323.12333484669733,2.4994655070460734,323.0987079969385,2.5441196781345745,2.7592974200449248e-08,0.5806371733038055,323.217,0.05
13740.0,323.1022234920652,2.4993057322782875,323.1010772754072,2.54402263742993,2.6979794301031216e-08,0.5805993467689212,322.953,0.04995
13800.0,323.0861894770809,2.499149632780423,323.1029273059084,2.543924883937552,2.7007969195475384e-08,0.5805620802848032,322.96999999999997,0.04999
13860.0,323.0926163512221,2.498926253387789,323.1044173764155,2.54382642411247,2.7612143984776643e-08,0.5805243399844265,323.10999999999996,0.04981
13920.0,323.12698509347956,2.4987060278985735,323.1049225709206,2.543727265699005,2.7732519731429215e-08,0.5804861486150876,323.383,0.04982
13980.0,323.13275418934745,2.4984992065926415,323.1044547211632,2.543627418178644,2.7690453240679906e-08,0.580447873257728,323.198,0.04989
14040.0,323.15012018771097,2.498296363655184,323.1041210406749,2.543526888832262,2.7745354841930757e-08,0.5804096205996145,323.36699999999996,0.0499
14100.0,323.1598344852019,2.4980960865167736,323.104984646514,2.543425680022208,2.7728107509066496e-08,0.5803713204630327,323.30199999999996,0.04996
14160.0,323.14758168120443,2.4979098486073665,323.1071298591577,2.543323791899029,2.7542439499946318e-08,0.5803331297115983,323.13399999999996,0.05006
14220.0,323.15581220232974,2.4977200588932247,323.1104992536906,2.543221224537448,2.7614451014105256e-08,0.5802950376168728,323.292,0.05007
14280.0,323.12495805302655,2.4975821075620566,323.11451341400107,2.5431179790303537,2.6759451895205593e-08,0.5802572782828128,322.909,0.04996
14340.0,323.10339859696325,2.4974371864404983,323.11846676673,2.543014059422816,2.693731125839788e-08,0.5802202131131219,322.955,0.04995
14400.0,323.1309617800776,2.4971997049104164,323.1217905763489,2.5429094720471825,2.7674012281132052e-08,0.5801823136905978,323.315,0.04986
14460.0,323.153075609989,2.4969839649080114,323.12350011043736,2.542804226816752,2.7752383462441908e-08,0.5801440450446695,323.315,0.04986
14520.0,323.1648720521183,2.4967767008177146,323.1239392217338,2.542698335700598,2.779172808080399e-08,0.580105702886529,323.315,0.04986
14580.0,323.1735734616213,2.4965729897584437,323.1246662134653,2.5425918061691233,2.7819385732496735e-08,0.5800673155491344,323.315,0.04986
14640.0,323.1806648753659,2.496371403740598,323.12652768066084,2.5424846401796923,2.7840968995753524e-08,0.5800288946051686,323.315,0.04986
14700.0,323.18675059718913,2.4961713103162193,323.12953166930566,2.542376837983217,2.7858761075244443e-08,0.5799904466383394,323.315,0.04986
14760.0,323.1921456532689,2.4959723659160833,323.1334212665313,2.542268400420226,2.7873952157343917e-08,0.5799519759955204,323.315,0.04986
14820.0,323.1970360382892,2.4957743626042905,323.13791112451327,2.542159329414087,2.788724495797875e-08,0.5799134857617763,323.315,0.04986
14880.0,323.20153952213303,2.4955771652153347,323.1427698692255,2.5420496279679385,2.7899084404751684e-08,0.5798749782155409,323.315,0.04986
14940.0,323.2057388455041,2.4953806754658157,323.14782791749315,2.5419392998703207,2.790978307036004e-08,0.5798364551565506,323.315,0.04986
15000.0,323.2096896579609,2.4951848232713942,323.1529683711908,2.54182834955184,2.7919551079630898e-08,0.5797979179983144,323.315,0.04986
15060.0,323.2134322186318,2.4949895546113225,323.15810923443075,2.5417167818399085,2.7928540364545216e-08,0.5797593679189004,323.315,0.04986
15120.0,323.21699477777014,2.4947948283293595,323.16319723592284,2.5416046018770784,2.793685743558628e-08,0.5797208059044571,323.315,0.04986
15180.0,323.2203985380017,2.4946006113204646,323.1681967347078,2.5414918149895667,2.7944582166567853e-08,0.5796822328195412,323.315,0.04986
15240.0,323.2236597798084,2.494406876555459,323.17308377387894,2.5413784266214834,2.795177583961863e-08,0.5796436494392839,323.315,0.04986
15300.0,323.22679100731756,2.494213601959438,323.17784296026616,2.5412644422988873,2.795848547807711e-08,0.579605056466743,323.315,0.04986
15360.0,323.22980211297346,2.494020769148415,323.1824649316841,2.541149867596923,2.796474825269295e-08,0.5795664545495844,323.315,0.04986
15420.0,323.2327003555597,2.4938283634337974,323.1869463719012,2.5410347081400397,2.7970591390344144e-08,0.5795278442799012,323.315,0.04986
15480.0,323.2354919332694,2.493636372099987,323.191286453427,2.540918969556329,2.7976038134474743e-08,0.5794892262170853,323.315,0.04986
15540.0,323.23818246211727,2.493444783792886,323.19548532074987,2.5408026574592673,2.7981109554386994e-08,0.5794506008960363,323.315,0.04986
15600.0,323.24077640703865,2.4932535891086545,323.19954551539615,2.540685777464862,2.798582238407737e-08,0.5794119688187898,323.315,0.04986
15660.0,323.2432781585902,2.493062779325032,323.203469202927,2.540568335154473,2.7990193102106407e-08,0.5793733304704591,323.315,0.04986
15720.0,323.2456915840141,2.492872346664198,323.207259421839,2.5404503360924453,2.7994236221151546e-08,0.5793346863154295,323.315,0.04986
15780.0,323.2480197506622,2.492682285139323,323.21092020010553,2.5403317857753476,2.7997963252080392e-08,0.5792960367715482,323.315,0.04986
15840.0,323.2502661364875,2.4924925878701103,323.21445503248566,2.540212689731305,2.8001387258648023e-08,0.5792573822794099,323.315,0.04986
15900.0,323.2524344264692,2.4923032475340445,323.2178671088626,2.5400930534979653,2.8004522091049343e-08,0.5792187232894931,323.315,0.04986
15960.0,323.2545263739652,2.492114261237714,323.2211613788563,2.539972882375491,2.800737433875856e-08,0.579180060121285,323.315,0.04986
16020.0,323.256545674807,2.491925621614433,323.224341092167,2.5398521819124134,2.8009957903473625e-08,0.5791413932284917,323.315,0.04986
16080.0,323.25849474498864,2.4917373242804377,323.2274101849637,2.5397309574327025,2.8012281878292966e-08,0.5791027229629356,323.315,0.04986
16140.0,323.2603755880094,2.4915493658231433,323.2303726956304,2.5396092141712243,2.801435380923204e-08,0.5790640496399091,323.315,0.04986
16200.0,323.26219123085116,2.4913617404204595,323.2332324089351,2.539486957583928,2.8016185095282296e-08,0.5790253736653432,323.315,0.04986
16260.0,323.2639433512323,2.4911744452771742,323.2359925098944,2.539364192669524,2.8017782060570684e-08,0.5789866952963324,323.315,0.04986
16320.0,323.2656344389039,2.4909874758110986,323.2386567604865,2.5392409247402434,2.801915408976514e-08,0.5789480148863327,323.315,0.04986
16380.0,323.2672666657096,2.49080082799913,323.2412284836817,2.5391171589233985,2.802030936967946e-08,0.5789093327441471,323.315,0.04986
16440.0,323.2688415172822,2.4906144989746934,323.24370997870676,2.5389928999249443,2.8021253496286534e-08,0.5788706490797196,323.315,0.04986
16500.0,323.27036157188434,2.49042848409292,323.2461052705152,2.538868153149654,2.8021996199102628e-08,0.5788319642635134,323.315,0.04986
16560.0,323.2718289988762,2.4902427793745057,323.2484177382302,2.538742923740779,2.8022545663784535e-08,0.5787932786059191,323.315,0.04986
16620.0,323.27324511400076,2.49005738193941,323.25064941455463,2.5386172162019127,2.802290684240387e-08,0.5787545922916935,323.315,0.04986
16680.0,323.2746116270316,2.489872288400221,323.2528029537003,2.5384910353319143,2.8023086182209155e-08,0.5787159055635861,323.315,0.04986
16740.0,323.27593078559084,2.4896874946769705,323.2548818582335,2.53836438633268,2.8023092170603313e-08,0.5786772187435062,323.315,0.04986
16800.0,323.27720450974095,2.489502997108395,323.2568891154588,2.5382372741591497,2.8022932054673376e-08,0.5786385321051984,323.315,0.04986
16860.0,323.2784331921659,2.4893187936881054,323.2588254428219,2.5381097024727,2.8022607284903088e-08,0.5785998457020879,323.315,0.04986
16920.0,323.27961919110146,2.4891348802801554,323.2606944788029,2.5379816765993675,2.802212677387312e-08,0.5785611598711246,323.315,0.04986
16980.0,323.2807641976536,2.4889512534714413,323.26249887045094,2.5378532013001847,2.802149690267911e-08,0.5785224748530267,323.315,0.04986
17040.0,323.2818695756044,2.4887679101495186,323.264240775971,2.5377242810154117,2.8020722809239195e-08,0.5784837908412537,323.315,0.04986
17100.0,323.28293617619414,2.4885848476727066,323.26592158810877,2.537594919683028,2.8019807684375196e-08,0.578445107955264,323.315,0.04986
17160.0,323.28396562958875,2.488402062683953,323.26754386290185,2.5374651220043454,2.801875767963838e-08,0.578406426426978,323.315,0.04986
17220.0,323.2849591911783,2.48821955217044,323.2691095966765,2.5373348923134027,2.8017577522813518e-08,0.578367746434205,323.315,0.04986
17280.0,323.2859182726098,2.4880373128908744,323.2706209630601,2.5372042349731965,2.8016272533550965e-08,0.5783290681756172,323.315,0.04986
17340.0,323.2868440504993,2.487855341889034,323.2720798303094,2.5370731542174805,2.8014847140556486e-08,0.578290391817335,323.315,0.04986
17400.0,323.287737613379,2.4876736363009035,323.27348794257716,2.5369416542101795,2.801330543839252e-08,0.5782517175129871,323.315,0.04986
17460.0,323.2886000480892,2.4874921932412892,323.27484702648013,2.536809739080315,2.801165151478595e-08,0.5782130454155032,323.315,0.04986
17520.0,323.2894323891299,2.4873110098702877,323.2761587286219,2.53667741290153,2.8009889258655462e-08,0.5781743756702002,323.315,0.04986
17580.0,323.2902358481854,2.4871300831413983,323.2774248987075,2.5365446797750595,2.8008023231041146e-08,0.5781357084461991,323.315,0.04986
17640.0,323.2910113977498,2.486949410258469,323.27864707595324,2.536411543679215,2.8006057084993616e-08,0.5780970438794326,323.315,0.04986
17700.0,323.2917599274959,2.4867689885040916,323.27982668196404,2.5362780085259096,2.800399415897816e-08,0.5780583820940484,323.315,0.04986
17760.0,323.2924823362053,2.4865888151387088,323.2809651341287,2.5361440781938906,2.8001837825681995e-08,0.5780197232149923,323.315,0.04986
17820.0,323.2931794778731,2.48640888745976,323.2820637791401,2.5360097565092565,2.7999591287474043e-08,0.5779810673606313,323.315,0.04986
17880.0,323.2938524223608,2.4862292026368946,323.28312428802997,2.535875047453935,2.799725856862779e-08,0.5779424146808272,323.315,0.04986
17940.0,323.294501982553,2.486049758010912,323.2841479395478,2.5357399547874886,2.7994842715203015e-08,0.5779037652878684,323.315,0.04986
18000.0,323.2951288919325,2.4858705509814882,323.2851358892861,2.535604482189146,2.7992346471114558e-08,0.5778651192824082,323.315,0.04986
18060.0,323.2957339089787,2.4856915789411804,323.2860893279024,2.5354686333413023,2.798977267552398e-08,0.5778264767687142,323.315,0.04986
18120.0,323.2963177559626,2.4855128393141124,323.28700938835914,2.535332411880564,2.7987124029833775e-08,0.5777878378457282,323.315,0.04986
18180.0,323.29688132242245,2.4853343295070616,323.28789748857395,2.5351958216319477,2.7984403874290908e-08,0.5777492026379294,323.315,0.04986
18240.0,323.29742529604414,2.485156046998199,323.2887547098275,2.53505886618403,2.798161477906239e-08,0.5777105712393461,323.315,0.04986
18300.0,323.2979503012834,2.484977989303765,323.2895820302012,2.534921549048497,2.7978759073400048e-08,0.5776719437345827,323.315,0.04986
18360.0,323.2984569808629,2.484800153958467,323.29038046181734,2.5347838737539488,2.797583915667836e-08,0.5776333202111797,323.315,0.04986
18420.0,323.2989459479934,2.4846225385269767,323.29115097038,2.5346458437909036,2.797285731603114e-08,0.5775947007523684,323.315,0.04986
18480.0,323.29941792427525,2.4844451405941914,323.29189470003234,2.5345074627842363,2.7969816253209332e-08,0.5775560854577656,323.315,0.04986
18540.0,323.29987348953506,2.4842679577828894,323.29261256544913,2.5343687341803673,2.796671812875555e-08,0.5775174744058307,323.315,0.04986
18600.0,323.3003131757739,2.484090987747094,323.29330540502576,2.5342296613647366,2.796356492100641e-08,0.5774788676679633,323.315,0.04986
18660.0,323.3007375224005,2.4839142281681816,323.2939740709391,2.5340902477308695,2.7960358637105786e-08,0.5774402653167944,323.315,0.04986
18720.0,323.30114704385,2.4837376767571646,323.294619376348,2.5339504966398865,2.795710118929614e-08,0.5774016674213263,323.315,0.04986
18780.0,323.3015423386159,2.483561331224945,323.29524225741227,2.5338104115268014,2.7953794810781407e-08,0.5773630740627791,323.315,0.04986
18840.0,323.3019238914582,2.4833851893362775,323.29584347937833,2.533669995707689,2.795044130127673e-08,0.5773244853058438,323.315,0.04986
18900.0,323.30229214768394,2.483209248889496,323.2964237469583,2.5335292524521007,2.794704231038335e-08,0.5772859012094771,323.315,0.04986
18960.0,323.3026475568169,2.4830335077046106,323.29698376922266,2.5333881850256437,2.7943599504154268e-08,0.5772473218332499,323.315,0.04986
19020.0,323.3029905469957,2.4828579636302814,323.29752422155593,2.5332467966650163,2.7940114467447696e-08,0.5772087472336254,323.315,0.04986
19080.0,323.3033216261977,2.482682614498617,323.29804590006376,2.5331050906529993,2.793658908943838e-08,0.5771701774787855,323.315,0.04986
19140.0,323.30364119861105,2.4825074582071815,323.2985494414673,2.532963070182421,2.7933024864238797e-08,0.5771316126217347,323.315,0.04986
19200.0,323.3039496335963,2.4823324926881982,323.2990354282961,2.5328207384072434,2.7929423153600118e-08,0.577093052710402,323.315,0.04986
19260.0,323.30424730622855,2.4821577158904375,323.2995044507327,2.5326780984726,2.7925785341313123e-08,0.577054497793578,323.315,0.04986
19320.0,323.30453457352917,2.4819831257898386,323.2999570703549,2.532535153497183,2.7922112742694393e-08,0.5770159479174333,323.315,0.04986
19380.0,323.3048118663757,2.48180872034982,323.30039396883177,2.5323919066386082,2.791840695457235e-08,0.5769774031392392,323.315,0.04986
19440.0,323.3050795227702,2.4816344975932703,323.3008156781793,2.532248360974842,2.7914669220361275e-08,0.5769388635024782,323.315,0.04986
19500.0,323.30533785045486,2.4814604555755144,323.30122268206173,2.5321045195487346,2.7910900668552417e-08,0.5769003290461918,323.315,0.04986
19560.0,323.30558716372457,2.481286592368412,323.3016154753489,2.5319603853941945,2.790710245289013e-08,0.5768617998104747,323.315,0.04986
19620.0,323.30582776184514,2.4811129060696864,323.30199452919953,2.531815961520842,2.7903275670200642e-08,0.5768232758332539,323.315,0.04986
19680.0,323.3060600059836,2.4809393947702816,323.30236041529724,2.531671250968258,2.7899421653268886e-08,0.5767847571617474,323.315,0.04986
19740.0,323.30628417965096,2.4807660566135654,323.3027135804782,2.531526256707574,2.7895541439515678e-08,0.5767462438316767,323.315,0.04986
19800.0,323.30650054111237,2.4805928897730976,323.3030544313692,2.5313809816784296,2.789163597057813e-08,0.5767077358750737,323.315,0.04986
19860.0,323.3067093542002,2.4804198924395573,323.3033833841473,2.531235428810699,2.788770620961315e-08,0.5766692333248697,323.315,0.04986
19920.0,323.3069108702495,2.480247062828406,323.30370083536724,2.5310896010117556,2.7883753072534198e-08,0.5766307362122056,323.315,0.04986
19980.0,323.3071053794646,2.4800743991511522,323.30400724175837,2.5309435011965253,2.787977762332384e-08,0.5765922445739669,323.315,0.04986
20040.0,323.30729312562335,2.4799018996630657,323.30430298771995,2.5307971322375793,2.7875780749701828e-08,0.576553758440271,323.315,0.04986
20100.0,323.3074743343683,2.4797295626473552,323.3045884292709,2.5306504969816865,2.787176327072993e-08,0.576515277838617,323.315,0.04986
20160.0,323.30764923511117,2.4795573864029095,323.30486392807745,2.5305035982626323,2.786772602009513e-08,0.5764768027970995,323.315,0.04986
20220.0,323.30781804996,2.4793853692504957,323.30512983425183,2.530356438894738,2.7863669804014468e-08,0.5764383333427843,323.315,0.04986
20280.0,323.3079809828199,2.4792135095302275,323.30538646897134,2.5302090216586466,2.785959535957786e-08,0.5763998695000827,323.315,0.04986
20340.0,323.3081382385752,2.47904180560516,323.3056341550235,2.530061349325561,2.7855503428063874e-08,0.5763614112936092,323.315,0.04986
20400.0,323.3082900172696,2.47887025585979,323.3058732075173,2.5299134246495214,2.785139473268874e-08,0.5763229587473143,323.315,0.04986
20460.0,323.3084365096919,2.478698858698854,323.30610392683457,2.5297652503614825,2.784726996173391e-08,0.5762845118838247,323.315,0.04986
20520.0,323.30857790022077,2.4785276125475884,323.3063266031458,2.529616829172665,2.784312977941825e-08,0.5762460707248664,323.315,0.04986
20580.0,323.30871436667303,2.4783565158463654,323.3065415176624,2.529468163769873,2.7838974825174677e-08,0.5762076352912794,323.315,0.04986
20640.0,323.30884608140076,2.4781855670589508,323.3067489418611,2.5293192568236003,2.7834805718070674e-08,0.5761692056031168,323.315,0.04986
20700.0,323.3089732113507,2.4780147646694397,323.30694913839346,2.529170110985507,2.7830623056955347e-08,0.5761307816796742,323.315,0.04986
20760.0,323.30909591818147,2.4778441071798234,323.30714236190113,2.529020728886493,2.7826427420844466e-08,0.5760923635395221,323.315,0.04986
20820.0,323.3092143586827,2.477673593110846,323.30732885934145,2.528871113137857,2.7822219370548373e-08,0.5760539512005587,323.315,0.04986
20880.0,323.3093286755474,2.477503221006085,323.3075088561531,2.528721266327141,2.7817999413595062e-08,0.5760155446786653,323.315,0.04986
20940.0,323.30943901352975,2.477332989424414,323.3076825805479,2.5285711910252586,2.7813768065660438e-08,0.5759771439900633,323.315,0.04986
21000.0,323.30954551450407,2.477162896942124,323.3078502561144,2.528420889784248,2.7809525831779667e-08,0.5759387491505927,323.315,0.04986
21060.0,323.3096483137099,2.4769929421544914,323.3080120962026,2.528270365135545,2.7805273192075852e-08,0.5759003601751657,323.315,0.04986
21120.0,323.3097475421229,2.476823123674558,323.3081683075095,2.5281196195909836,2.7801010610774324e-08,0.5758619770781132,323.315,0.04986
21180.0,323.30984331952806,2.4766534401366567,323.3083190783168,2.527968655642299,2.7796738509890127e-08,0.5758235998721302,323.315,0.04986
21240.0,323.30993576665566,2.4764838901898774,323.3084645990394,2.5278174757620944,2.779245731533616e-08,0.5757852285701193,323.315,0.04986
21300.0,323.31002500147355,2.476314472499901,323.30860505591914,2.5276660824035844,2.7788167442831678e-08,0.5757468631846265,323.315,0.04986
21360.0,323.31011113636964,2.476145185750357,323.30874062622837,2.5275144780004193,2.7783869287204196e-08,0.5757085037274113,323.315,0.04986
21420.0,323.31019427993516,2.475976028641761,323.30887148126993,2.5273626649668506,2.777956322916374e-08,0.575670150209717,323.315,0.04986
21480.0,323.3102745347065,2.475806999891131,323.30899778228337,2.5272106456985126,2.7775249626690345e-08,0.5756318026419159,323.315,0.04986
21540.0,323.3103520013974,2.475638098232028,323.3091196880042,2.527058422571256,2.777092883117064e-08,0.5755934610341688,323.315,0.04986
21600.0,323.310426777737,2.475469322414246,323.3092373525379,2.526905997941595,2.776660118296358e-08,0.5755551253962411,323.315,0.04986
21660.0,323.3104989576111,2.4753006712035237,323.3093509237774,2.5267533741470705,2.776226700812424e-08,0.5755167957373674,323.315,0.04986
21720.0,323.3105686317693,2.4751321433813542,323.30946054463413,2.526600553506138,2.775792662109655e-08,0.5754784720663594,323.315,0.04986
21780.0,323.3106358864266,2.474963737744039,323.30956635129144,2.526447538317981,2.7753580319363003e-08,0.5754401543914117,323.315,0.04986
21840.0,323.3107008060173,2.474795453103667,323.3096684767728,2.5262943308629646,2.774922839396916e-08,0.5754018427204873,323.315,0.04986
21900.0,323.31076347249694,2.4746272882874933,323.30976705009294,2.526140933402555,2.7744871126849424e-08,0.5753635370612215,323.315,0.04986
21960.0,323.3108239648397,2.4744592421374074,323.3098621956575,2.5259873481792714,2.774050878890044e-08,0.5753252374208506,323.315,0.04986
22020.0,323.31088235953627,2.4742913135098608,323.3099540339449,2.52583357741679,2.7736141641878973e-08,0.5752869438062853,323.315,0.04986
22080.0,323.31093872769384,2.4741235012769955,323.31004267731544,2.5256796233195278,2.773176992739018e-08,0.5752486562236895,323.315,0.04986
22140.0,323.3109931402506,2.4739558043241683,323.3101282375968,2.5255254880734728,2.7727393886685958e-08,0.5752103746792345,323.315,0.04986
22200.0,323.31104566644586,2.4737882215504623,323.31021082388196,2.5253711738459765,2.77230137548535e-08,0.5751720991788777,323.315,0.04986
22260.0,323.3110963726686,2.473620751869042,323.31029054087645,2.525216682785606,2.7718629756441327e-08,0.5751338297281959,323.315,0.04986
22320.0,323.31114532326507,2.473453394206625,323.3103674900888,2.525062017022297,2.77142421085244e-08,0.5750955663325041,323.315,0.04986
22380.0,323.31119257715824,2.473286147505795,323.3104417642647,2.524907178668117,2.7709851007896954e-08,0.5750573089963459,323.315,0.04986
22440.0,323.3112381937951,2.4731190107205867,323.3105134571615,2.5247521698161233,2.7705456653601743e-08,0.5750190577243861,323.315,0.04986
22500.0,323.31128223134164,2.4729519828176576,323.3105826605733,2.524596992540807,2.7701059240091505e-08,0.5749808125211379,323.315,0.04986
22560.0,323.311324745313,2.472785062777148,323.31064946207243,2.524441648898445,2.7696658952037322e-08,0.5749425733907583,323.315,0.04986
22620.0,323.3113657894549,2.4726182495919184,323.31071394645267,2.5242861409269937,2.76922559676663e-08,0.5749043403371793,323.315,0.04986
22680.0,323.3114054134153,2.4724515422692948,323.3107761918026,2.5241304706477745,2.768785044994939e-08,0.5748661133637559,323.315,0.04986
22740.0,323.3114436668707,2.4722849398276416,323.31083627643744,2.5239746400628182,2.7683442562218174e-08,0.5748278924738877,323.315,0.04986
22800.0,323.3114805982878,2.4721184412972335,323.31089427680604,2.5238186511558154,2.7679032463475272e-08,0.5747896776708316,323.315,0.04986
22860.0,323.3115162539867,2.47195204572089,323.31095026590486,2.523662505892867,2.767462030484845e-08,0.5747514689575599,323.315,0.04986
22920.0,323.31155067876153,2.471785752153351,323.3110043143123,2.523506206222186,2.7670206231937032e-08,0.5747132663368532,323.315,0.04986
22980.0,323.3115839146359,2.471619559662236,323.31105648834574,2.5233497540755248,2.7665790380105913e-08,0.5746750698111203,323.315,0.04986
23040.0,323.31161600313857,2.471453467325974,323.31110685344737,2.5231931513659815,2.7661372883088772e-08,0.5746368793827275,323.315,0.04986
23100.0,323.31164698465324,2.4712874742342406,323.3111554732243,2.523036399988817,2.765695387052922e-08,0.5745986950539029,323.315,0.04986
23160.0,323.3116768979328,2.4711215794882673,323.31120240873224,2.5228795018220995,2.7652533466141203e-08,0.5745605168266675,323.315,0.04986
23220.0,323.31170578046306,2.4709557822004085,323.3112477190218,2.522722458726479,2.764811178908356e-08,0.5745223447028871,323.315,0.04986
23280.0,323.31173366747186,2.470790081495071,323.3112914597488,2.522565272545987,2.7643688950217094e-08,0.574484178684132,323.315,0.04986
23340.0,323.3117605937557,2.4706244765067122,323.3113336857655,2.5224079451069135,2.7639265059000826e-08,0.574446018771936,323.315,0.04986
23400.0,323.3117865931642,2.470458966380268,323.3113744504032,2.522250478218283,2.7634840221544165e-08,0.5744078649677227,323.315,0.04986
23460.0,323.3118116982166,2.470293550271454,323.3114138049411,2.5220928736722388,2.7630414539156842e-08,0.5743697172727515,323.315,0.04986
23520.0,323.3118359403985,2.4701282273463523,323.3114517990351,2.521935133243966,2.7625988109467512e-08,0.5743315756881606,323.315,0.04986
23580.0,323.31185934899617,2.4699629967826766,323.3114884788292,2.521777258692384,2.7621561022028263e-08,0.5742934402147926,323.315,0.04986
23640.0,323.3118819531904,2.469797857767233,323.3115238903443,2.5216192517592146,2.76171333662082e-08,0.574255310853505,323.315,0.04986
23700.0,323.3119037814411,2.469632809496539,323.3115580784805,2.521461114169403,2.761270522887279e-08,0.5742171876050784,323.315,0.04986
23760.0,323.31192486102526,2.4694678511772716,323.31159108626605,2.5213028476314605,2.7608276692636013e-08,0.5741790704701483,323.315,0.04986
23820.0,323.31194521835994,2.469302982025793,323.3116229553795,2.5211444538374144,2.7603847837082594e-08,0.5741409594492513,323.315,0.04986
23880.0,323.31196487785246,2.4691382012694962,323.3116537242264,2.5209859344637557,2.75994187344305e-08,0.5741028545426545,323.315,0.04986
23940.0,323.3119838639432,2.4689735081441615,323.31168343134385,2.520827291170101,2.759498945722817e-08,0.5740647557506596,323.315,0.04986
24000.0,323.3120022004944,2.4688089018946293,323.31171211437646,2.5206685255997545,2.759056007604874e-08,0.5740266630735107,323.315,0.04986
24060.0,323.31201991032816,2.468644381775282,323.31173980930157,2.520509639380159,2.758613065774964e-08,0.5739885765113248,323.315,0.04986
24120.0,323.31203701553545,2.4684799470495724,323.3117665509399,2.520350634122802,2.758170126663374e-08,0.5739504960641387,323.315,0.04986
24180.0,323.31205353661,2.4683155969911654,323.3117923716118,2.5201915114241613,2.7577271961190962e-08,0.5739124217317823,323.315,0.04986
24240.0,323.3120694939934,2.4681513308816605,323.31181730353677,2.5200322728643827,2.7572842799908836e-08,0.573874353514102,323.315,0.04986
24300.0,323.31208490761696,2.467987148011156,323.31184137812204,2.519872920007846,2.75684138395477e-08,0.5738362914108953,323.315,0.04986
24360.0,323.31209979655495,2.4678230476786585,323.31186462542547,2.5197134544036213,2.7563985133834812e-08,0.5737982354218588,323.315,0.04986
24420.0,323.3121141792608,2.4676590291916636,323.3118870745222,2.5195538775853823,2.755955673435135e-08,0.5737601855466234,323.315,0.04986
24480.0,323.3121280729802,2.467495091867118,323.31190875265,2.519394191072039,2.755512868833001e-08,0.5737221417846708,323.315,0.04986
24540.0,323.31214149481383,2.4673312350294703,323.31192968676714,2.5192343963669543,2.755070104263926e-08,0.5736841041354834,323.315,0.04986
24600.0,323.31215446140925,2.467167458011142,323.3119499031043,2.5190744949583386,2.7546273842628487e-08,0.5736460725985005,323.315,0.04986
24660.0,323.3121669887293,2.4670037601528616,323.31196942683073,2.5189144883195795,2.754184713125496e-08,0.5736080471730862,323.315,0.04986
24720.0,323.31217909221965,2.466840140803299,323.3119882823016,2.5187543779092265,2.7537420949713453e-08,0.5735700278585522,323.315,0.04986
24780.0,323.31219078632733,2.466676599319986,323.31200649229555,2.5185941651713515,2.753299533563257e-08,0.5735320146540882,323.315,0.04986
24840.0,323.312202085375,2.4665131350674576,323.3120240793999,2.5184338515352325,2.752857032634506e-08,0.5734940075588885,323.315,0.04986
24900.0,323.3122130033083,2.4663497474177065,323.31204106561097,2.5182734384156005,2.752414595794138e-08,0.5734560065721144,323.315,0.04986
24960.0,323.3122235535073,2.466186435750503,323.31205747203484,2.5181129272128517,2.7519722264563493e-08,0.5734180116928673,323.315,0.04986
25020.0,323.31223374892465,2.4660231994530495,323.312073319106,2.517952319313098,2.751529927891928e-08,0.5733800229202091,323.315,0.04986
25080.0,323.31224360161076,2.465860037920895,323.31208862579564,2.5177916160884704,2.7510877030507097e-08,0.5733420402530903,323.315,0.04986
25140.0,323.31225312356645,2.465696950556107,323.3121034110289,2.5176308188969023,2.7506455548801876e-08,0.5733040636904772,323.315,0.04986
25200.0,323.3122623264928,2.465533936767729,323.31211769326586,2.517469929082346,2.75020348623202e-08,0.5732660932313132,323.315,0.04986
25260.0,323.3122712216023,2.4653709959721004,323.31213149018606,2.5173089479749615,2.7497614997911024e-08,0.5732281288744916,323.315,0.04986
25320.0,323.31227981975087,2.465208127592523,323.312144818906,2.5171478768911832,2.749319598124954e-08,0.5731901706188746,323.315,0.04986
25380.0,323.31228813143156,2.465045331057568,323.312157695964,2.5169867171368856,2.7488777836766164e-08,0.5731522184632868,323.315,0.04986
25440.0,323.3122961664498,2.464882605805908,323.31217013682,2.5168254699998327,2.7484360586547117e-08,0.5731142724064819,323.315,0.04986
25500.0,323.3123039342598,2.464719951283378,323.31218215638006,2.516664136753669,2.7479944251532016e-08,0.5730763324471838,323.315,0.04986
25560.0,323.31231144390784,2.4645573669425813,323.3121937689054,2.5165027186588924,2.7475528851288175e-08,0.5730383985840772,323.315,0.04986
25620.0,323.3123187040097,2.4643948522434114,323.3122049879777,2.516341216961984,2.7471114403939254e-08,0.5730004708158054,323.315,0.04986
25680.0,323.31232572495406,2.464232406638385,323.31221582998313,2.516179632913217,2.7466700934124432e-08,0.5729625491412557,323.315,0.04986
25740.0,323.3123325149051,2.464070029599254,323.31222630779257,2.5160179677343475,2.74622884585601e-08,0.5729246335590421,323.315,0.04986
25800.0,323.31233908130383,2.463907720607013,323.31223643313456,2.515856222630747,2.7457876991462504e-08,0.5728867240676994,323.315,0.04986
25860.0,323.31234543175043,2.4637454791460183,323.3122462179911,2.5156943987985385,2.7453466547737257e-08,0.5728488206657972,323.315,0.04986
25920.0,323.3123515734872,2.4635833047074387,323.31225567377936,2.5155324974204123,2.74490571411095e-08,0.5728109233518741,323.315,0.04986
25980.0,323.3123575149479,2.4634211967777215,323.31226481380867,2.5153705196807215,2.7444648789688018e-08,0.5727730321246332,323.315,0.04986
26040.0,323.3123632629467,2.463259154859511,323.3122736488236,2.515208466738099,2.7440241505872908e-08,0.5727351469825853,323.315,0.04986
26100.0,323.3123688237337,2.463097178463789,323.3122821886775,2.515046339735741,2.743583530014658e-08,0.5726972679241836,323.315,0.04986
26160.0,323.3123742036161,2.462935267105265,323.31229044331707,2.514884139807454,2.743143018330305e-08,0.5726593949479021,323.315,0.04986
26220.0,323.3123794085938,2.4627734203050755,323.31229842220483,2.5147218680741066,2.74270261651411e-08,0.5726215280521892,323.315,0.04986
26280.0,323.3123844459268,2.462611637578421,323.31230613678514,2.5145595256604523,2.7422623260068022e-08,0.5725836672356646,323.315,0.04986
26340.0,323.31238932129213,2.4624499184570023,323.3123135960113,2.5143971136646166,2.7418221476934013e-08,0.5725458124967628,323.315,0.04986
26400.0,323.31239403985177,2.4622882624805884,323.31232080802516,2.514234633169558,2.741382082285102e-08,0.5725079638338664,323.315,0.04986
26460.0,323.31239860688015,2.462126669192072,323.312327781145,2.5140720852498015,2.740942130543762e-08,0.5724701212453858,323.315,0.04986
26520.0,323.31240302739604,2.461965138140364,323.31233452328615,2.5139094709674903,2.7405022931502587e-08,0.572432284729712,323.315,0.04986
26580.0,323.3124073075462,2.4618036688683693,323.3123410441346,2.5137467913896168,2.74006257119606e-08,0.5723944542853873,323.315,0.04986
26640.0,323.3124114520955,2.46164226093481,323.31234735120427,2.513584047556764,2.739622965291494e-08,0.5723566299107965,323.315,0.04986
26700.0,323.31241546536984,2.4614809139060307,323.31235345131785,2.513421240494846,2.739183475900997e-08,0.5723188116042831,323.315,0.04986
26760.0,323.3124193518098,2.461319627351176,323.3123593514771,2.513258371222007,2.7387441035395066e-08,0.5722809993642172,323.315,0.04986
26820.0,323.312423115646,2.461158400845018,323.3123650583524,2.5130954407445762,2.7383048486574433e-08,0.5722431931889556,323.315,0.04986
26880.0,323.3124267619575,2.460997233957296,323.31237057995315,2.5129324500733974,2.737865712012467e-08,0.5722053930769673,323.315,0.04986
26940.0,323.31243029475166,2.4608361262720546,323.31237592259794,2.512769400194205,2.7374266939948597e-08,0.5721675990266054,323.315,0.04986
27000.0,323.31243371768534,2.4606750773803814,323.31238109205225,2.5126062920787526,2.7369877948808873e-08,0.5721298110361935,323.315,0.04986
27060.0,323.31243703448877,2.4605140868761364,323.3123860941976,2.51244312669135,2.7365490149818904e-08,0.5720920291040754,323.315,0.04986
27120.0,323.312440248717,2.460353154358457,323.3123909346391,2.5122799049850295,2.7361103545567654e-08,0.5720542532285858,323.315,0.04986
27180.0,323.31244336457,2.4601922794222304,323.3123956200023,2.512116627917016,2.7356718140968693e-08,0.5720164834081427,323.315,0.04986
27240.0,323.31244638540494,2.4600314616753742,323.3124001555808,2.5119532964206637,2.7352333938094497e-08,0.5719787196410798,323.315,0.04986
27300.0,323.3124493142949,2.459870700732349,323.31240454621997,2.5117899114159945,2.7347950938117294e-08,0.5719409619257092,323.315,0.04986
27360.0,323.31245215435746,2.459709996210341,323.3124087968359,2.5116264738158947,2.734356914244963e-08,0.5719032102603582,323.315,0.04986
27420.0,323.3124549085619,2.459549347731496,323.31241291211114,2.511462984522482,2.7339188552074067e-08,0.5718654646433488,323.315,0.04986
27480.0,323.31245758043184,2.459388754913981,323.31241689760213,2.511299444442197,2.7334809169960938e-08,0.5718277250730729,323.315,0.04986
27540.0,323.31246017277095,2.459228217388204,323.31242075773014,2.5111358544584257,2.733043099668596e-08,0.5717899915478544,323.315,0.04986
27600.0,323.31246268814124,2.459067734790727,323.3124244965357,2.5109722154417833,2.7326054032074564e-08,0.5717522640660007,323.315,0.04986
27660.0,323.3124651291448,2.45890730676068,323.3124281181224,2.510808528256157,2.732167827617209e-08,0.5717145426258335,323.315,0.04986
27720.0,323.3124674982586,2.4587469329418585,323.3124316263966,2.5106447937551617,2.7317303728675177e-08,0.5716768272256707,323.315,0.04986
27780.0,323.3124697984573,2.4585866129741776,323.3124350260475,2.5104810127969883,2.7312930391055612e-08,0.5716391178638933,323.315,0.04986
27840.0,323.31247203208363,2.4584263465091816,323.3124383207697,2.51031718621747,2.7308558262708226e-08,0.5716014145388248,323.315,0.04986
27900.0,323.3124742012723,2.4582661332042175,323.3124415139299,2.5101533148401955,2.730418734239619e-08,0.571563717248776,323.315,0.04986
27960.0,323.3124763082001,2.4581059727190135,323.31244460896056,2.509989399482457,2.729981762910619e-08,0.5715260259920717,323.315,0.04986
28020.0,323.31247835493883,2.457945864717681,323.31244760912904,2.509825440951764,2.7295449121544068e-08,0.5714883407670361,323.315,0.04986
28080.0,323.31248034398646,2.4577858088606668,323.3124505183739,2.5096614400603006,2.72910818199265e-08,0.5714506615720452,323.315,0.04986
28140.0,323.31248227730464,2.457625804819359,323.31245333978825,2.509497397598698,2.7286715722737096e-08,0.5714129884054296,323.315,0.04986
28200.0,323.3124841566798,2.457465852270605,323.31245607618916,2.509333314345885,2.7282350827944333e-08,0.5713753212655122,323.315,0.04986
28260.0,323.3124859839358,2.457305950893481,323.3124587304528,2.5091691910748777,2.7277987133717174e-08,0.5713376601506279,323.315,0.04986
28320.0,323.31248776080963,2.457146100371185,323.312461305318,2.509005028549385,2.7273624638006732e-08,0.5713000050591125,323.315,0.04986
28380.0,323.312489489312,2.4569863003848216,323.3124638039556,2.508840827535365,2.7269263339740467e-08,0.5712623559893367,323.315,0.04986
28440.0,323.31249117112793,2.456826550623725,323.3124662290232,2.5086765887818365,2.72649032368367e-08,0.5712247129396484,323.315,0.04986
28500.0,323.31249280781606,2.456666850782028,323.3124685829782,2.5085123130272415,2.726054432686574e-08,0.5711870759083922,323.315,0.04986
28560.0,323.31249440096195,2.4565072005560236,323.3124708683212,2.508348001004374,2.72561866075566e-08,0.5711494448939246,323.315,0.04986
28620.0,323.3124959521007,2.4563475996454924,323.312473087473,2.5081836534378916,2.7251830076541805e-08,0.5711118198946049,323.315,0.04986
28680.0,323.31249746264115,2.4561880477543756,323.3124752426549,2.5080192710433997,2.724747473108815e-08,0.5710742009087876,323.315,0.04986
28740.0,323.31249893399917,2.456028544589538,323.3124773360998,2.507854854529212,2.724312056856759e-08,0.5710365879348379,323.315,0.04986
28800.0,323.312500367557,2.4558690898611095,323.31247936998767,2.507690404595888,2.7238767586312883e-08,0.5709989809711267,323.315,0.04986
28860.0,323.31250176463317,2.4557096832827447,323.31248134639765,2.5075259219358985,2.7234415781511135e-08,0.5709613800160265,323.315,0.04986
28920.0,323.3125031265017,2.4555503245714148,323.31248326733913,2.507361407233931,2.7230065151269388e-08,0.5709237850679142,323.315,0.04986
28980.0,323.31250445438997,2.4553910134469206,323.31248513474713,2.50719686116811,2.7225715692595796e-08,0.5708861961251691,323.315,0.04986
29040.0,323.3125057494887,2.4552317496325866,323.3124869504993,2.507032284408196,2.72213674024542e-08,0.5708486131861763,323.315,0.04986
29100.0,323.3125070129517,2.4550725328549783,323.31248871641526,2.506867677616294,2.721702027775682e-08,0.5708110362493264,323.315,0.04986
29160.0,323.3125082458959,2.454913362843663,323.31249043425635,2.506703041447422,2.7212674315357065e-08,0.5707734653130138,323.315,0.04986
29220.0,323.31250944940484,2.4547542393312627,323.31249210573105,2.5065383765493485,2.7208329512064388e-08,0.5707359003756385,323.315,0.04986
29280.0,323.3125106244614,2.4545951620542628,323.31249373238956,2.5063736835612973,2.7203985864413205e-08,0.5706983414355971,323.315,0.04986
29340.0,323.3125117720652,2.454436130751545,323.31249531580784,2.5062089631163467,2.7199643369063952e-08,0.5706607884912978,323.315,0.04986
29400.0,323.31251289319636,2.454277145164812,323.3124968575317,2.506044215840756,2.719530202268162e-08,0.570623241541154,323.315,0.04986
29460.0,323.31251398878857,2.4541182050389025,323.3124983590331,2.5058794423534674,2.719096182183892e-08,0.5705857005835832,323.315,0.04986
29520.0,323.31251505974586,2.4539593101215624,323.31249982173773,2.505714643266497,2.718662276307604e-08,0.5705481656170077,323.315,0.04986
29580.0,323.31251610689344,2.4538004601640706,323.3125012469471,2.5055498191839094,2.7182284842729817e-08,0.57051063663985,323.315,0.04986
29640.0,323.31251713106406,2.4536416549200872,323.3125026359743,2.505384970703738,2.7177948057231935e-08,0.5704731136505407,323.315,0.04986
29700.0,323.3125181330714,2.4534828941459903,323.31250399010247,2.5052200984174573,2.7173612403013036e-08,0.5704355966475171,323.315,0.04986
29760.0,323.31251911369037,2.4533241776011065,323.3125053105533,2.5050552029095927,2.7169277876439144e-08,0.57039808562922,323.315,0.04986
29820.0,323.3125200736691,2.453165505047539,323.31250659850684,2.504890284758039,2.7164944473848694e-08,0.5703605805940957,323.315,0.04986
29880.0,323.3125210137152,2.453006876250222,323.31250785507876,2.504725344534062,2.7160612191504984e-08,0.570323081540594,323.315,0.04986
29940.0,323.31252193452264,2.4528482909767284,323.3125090813634,2.504560382802492,2.7156281025690343e-08,0.5702855884671701,323.315,0.04986
30000.0,323.3125228367644,2.452689748997286,323.3125102784219,2.5043954001217568,2.7151950972680238e-08,0.5702481013722862,323.315,0.04986
30060.0,323.31252372108725,2.4525312500847827,323.3125114472742,2.504230397043923,2.714762202872284e-08,0.5702106202544083,323.315,0.04986
30120.0,323.312524588116,2.452372794014714,323.3125125889056,2.504065374114785,2.71432941900542e-08,0.5701731451120083,323.315,0.04986
30180.0,323.3125254384455,2.4522143805651497,323.31251370425394,2.5039003318740343,2.7138967452867256e-08,0.5701356759435618,323.315,0.04986
30240.0,323.31252627265724,2.452056009516694,323.31251479423634,2.5037352708551714,2.7134641813372506e-08,0.5700982127475507,323.315,0.04986
30300.0,323.3125270913156,2.4518976806524524,323.3125158597425,2.5035701915856294,2.713031726778443e-08,0.5700607555224628,323.315,0.04986
30360.0,323.31252789496443,2.451739393758003,323.31251690163026,2.503405094586889,2.7125993812306693e-08,0.5700233042667907,323.315,0.04986
30420.0,323.3125286841308,2.4515811486213552,323.3125179207305,2.503239980374531,2.7121671443145646e-08,0.5699858589790329,323.315,0.04986
30480.0,323.3125294593039,2.451422945033169,323.31251891781477,2.5030748494579282,2.711735015643579e-08,0.5699484196576904,323.315,0.04986
30540.0,323.31253022097246,2.451264782786307,323.3125198936535,2.502909702340949,2.7113029948371203e-08,0.5699109863012717,323.315,0.04986
30600.0,323.31253096961336,2.4511066616759303,323.31252084899876,2.502744539521822,2.710871081516206e-08,0.5698735589082911,323.315,0.04986
30660.0,323.3125317056839,2.450948581499583,323.3125217845717,2.502579361493048,2.710439275301033e-08,0.5698361374772679,323.315,0.04986
30720.0,323.3125324296274,2.450790542057093,323.31252270107115,2.502414168741551,2.7100075758126783e-08,0.5697987220067268,323.315,0.04986
30780.0,323.3125331418485,2.4506325431509266,323.31252359913515,2.5022489617480956,2.709575982664777e-08,0.5697613124951948,323.315,0.04986
30840.0,323.3125338427564,2.4504745845855203,323.3125244794089,2.502083740988446,2.709144495478056e-08,0.5697239089412073,323.315,0.04986
30900.0,323.3125345327516,2.4503166661674607,323.3125253425241,2.5019185069330754,2.7087131138757902e-08,0.5696865113433046,323.315,0.04986
30960.0,323.3125352122163,2.4501587877056146,323.3125261890831,2.501753260046954,2.7082818374805104e-08,0.5696491197000315,323.315,0.04986
31020.0,323.31253588152015,2.450000949011012,323.31252701966883,2.5015880007897633,2.707850665915996e-08,0.5696117340099393,323.315,0.04986
31080.0,323.3125365410044,2.4498431498971094,323.3125278348194,2.5014227296154403,2.7074195988017777e-08,0.5695743542715819,323.315,0.04986
31140.0,323.31253719101056,2.449685390179276,323.3125286350733,2.501257446973104,2.706988635762736e-08,0.5695369804835198,323.315,0.04986
31200.0,323.31253783187196,2.4495276696749295,323.3125294209561,2.501092153306835,2.7065577764262525e-08,0.5694996126443195,323.315,0.04986
31260.0,323.3125384639069,2.4493699882036246,323.31253019296963,2.500926849055518,2.7061270204198127e-08,0.5694622507525519,323.315,0.04986
31320.0,323.3125390874232,2.4492123455869637,323.31253095159934,2.5007615346530203,2.7056963673725675e-08,0.5694248948067933,323.315,0.04986
31380.0,323.3125397027101,2.4490547416487356,323.3125316973011,2.50059621052795,2.7052658169125243e-08,0.5693875448056241,323.315,0.04986
31440.0,323.312540310053,2.4488971762146114,323.31253243052487,2.5004308771042165,2.7048353686714143e-08,0.5693502007476308,323.315,0.04986
31500.0,323.3125409097292,2.4487396491122135,323.3125331517079,2.5002655348009277,2.7044050222832448e-08,0.569312862631405,323.315,0.04986
31560.0,323.31254150200493,2.4485821601711546,323.31253386127,2.5001001840323194,2.703974777383178e-08,0.5692755304555428,323.315,0.04986
31620.0,323.3125420871378,2.4484247092229765,323.3125345596172,2.4999348252078835,2.7035446336084922e-08,0.569238204218646,323.315,0.04986
31680.0,323.31254266536985,2.4482672961012675,323.3125352471312,2.4997694587321555,2.7031145905960572e-08,0.5692008839193207,323.315,0.04986
31740.0,323.3125432369403,2.4481099206413983,323.3125359241891,2.4996040850052212,2.7026846479865362e-08,0.5691635695561782,323.315,0.04986
31800.0,323.3125438020817,2.4479525826805784,323.31253659115737,2.4994387044226247,2.7022548054231974e-08,0.5691262611278353,323.315,0.04986
31860.0,323.3125443610173,2.4477952820578848,323.3125372483883,2.4992733173753137,2.7018250625507254e-08,0.5690889586329128,323.315,0.04986
31920.0,323.3125449139636,2.4476380186142137,323.31253789622303,2.499107924249755,2.7013954190163335e-08,0.5690516620700378,323.315,0.04986
31980.0,323.3125454611215,2.447480792192433,323.3125385349782,2.498942525427645,2.7009658744666552e-08,0.5690143714378401,323.315,0.04986
32040.0,323.3125460026914,2.447323602637054,323.3125391649699,2.498777121286539,2.700536428552652e-08,0.568977086734956,323.315,0.04986
32100.0,323.312546538869,2.447166449794312,323.3125397865064,2.498611712199722,2.7001070809281702e-08,0.5689398079600266,323.315,0.04986
32160.0,323.3125470698415,2.4470093335122165,323.3125403998831,2.49844629853611,2.69967783124869e-08,0.5689025351116973,323.315,0.04986
32220.0,323.31254759579053,2.4468522536404844,323.3125410053861,2.4982808806603867,2.699248679172281e-08,0.5688652681886183,323.315,0.04986
32280.0,323.31254811688325,2.4466952100307218,323.31254160327904,2.4981154589326695,2.6988196243566606e-08,0.5688280071894444,323.315,0.04986
32340.0,323.3125486332875,2.4465382025360665,323.31254219382635,2.4979500337092015,2.6983906664640054e-08,0.5687907521128349,323.315,0.04986
32400.0,323.3125491451671,2.4463812310112756,323.31254277728635,2.497784605342195,2.697961805159331e-08,0.5687535029574545,323.315,0.04986
32460.0,323.3125496526787,2.4462242953127866,323.312543353906,2.4976191741797185,2.6975330401096297e-08,0.5687162597219723,323.315,0.04986
32520.0,323.3125501559739,2.4460673952986554,323.3125439239242,2.497453740565836,2.697104370984321e-08,0.5686790224050614,323.315,0.04986
32580.0,323.3125506551933,2.445910530828697,323.31254448756266,2.49728830484031,2.6966757974535048e-08,0.5686417910053997,323.315,0.04986
32640.0,323.31255115047725,2.445753701764188,323.31254504504244,2.4971228673392254,2.6962473191910963e-08,0.5686045655216699,323.315,0.04986
32700.0,323.31255164196233,2.4455969079679356,323.312545596579,2.496957428394851,2.6958189358739235e-08,0.568567345952559,323.315,0.04986
32760.0,323.3125521297795,2.445440149304332,323.3125461423786,2.4967919883355405,2.695390647180844e-08,0.5685301322967585,323.315,0.04986
32820.0,323.3125526140552,2.44528342563929,323.3125466826407,2.4966265474858598,2.694962452793299e-08,0.5684929245529644,323.315,0.04986
32880.0,323.31255309490786,2.4451267368403693,323.3125472175518,2.4964611061663393,2.6945343523940367e-08,0.5684557227198768,323.315,0.04986
32940.0,323.31255357245476,2.4449700827765186,323.3125477472968,2.49629566469401,2.6941063456693513e-08,0.5684185267962002,323.315,0.04986
33000.0,323.31255404680996,2.4448134633181393,323.3125482720556,2.4961302233822886,2.6936784323081407e-08,0.5683813367806437,323.315,0.04986
33060.0,323.31255451808306,2.444656878337115,323.3125487920007,2.4959647825409013,2.6932506120017407e-08,0.568344152671921,323.315,0.04986
33120.0,323.31255498637995,2.4445003277067707,323.31254930729915,2.495799342475994,2.692822884443944e-08,0.5683069744687484,323.315,0.04986
33180.0,323.31255545179965,2.44434381130198,323.312549818107,2.4956339034898987,2.6923952493302636e-08,0.5682698021698489,323.315,0.04986
33240.0,323.3125559144405,2.444187328998928,323.31255032457904,2.49546846588164,2.6919677063595136e-08,0.5682326357739472,323.315,0.04986
33300.0,323.31255637439807,2.4440308806751663,323.31255082686596,2.4953030299468324,2.6915402552331655e-08,0.5681954752797741,323.315,0.04986
33360.0,323.3125568317642,2.4438744662096488,323.3125513251124,2.4951375959776003,2.6911128956550677e-08,0.5681583206860633,323.315,0.04986
33420.0,323.31255728662774,2.4437180854826854,323.3125518194584,2.4949721642626876,2.690685627331748e-08,0.5681211719915533,323.315,0.04986
33480.0,323.3125577390711,2.4435617383760544,323.312552310034,2.4948067350872156,2.6902584499712688e-08,0.5680840291949859,323.315,0.04986
33540.0,323.3125581891766,2.443405424772765,323.3125527969689,2.494641308733197,2.6898313632849712e-08,0.5680468922951076,323.315,0.04986
33600.0,323.3125586370246,2.4432491445571136,323.31255328038947,2.4944758854794236,2.6894043669869958e-08,0.5680097612906687,323.315,0.04986
33660.0,323.31255908269196,2.443092897614723,323.3125537604169,2.494310465601388,2.6889774607938054e-08,0.567972636180423,323.315,0.04986
33720.0,323.312559526253,2.4429366838324915,323.3125542371685,2.494145049371388,2.6885506444244132e-08,0.5679355169631287,323.315,0.04986
33780.0,323.3125599677767,2.4427805030987093,323.3125547107528,2.4939796370582874,2.688123917599533e-08,0.5678984036375477,323.315,0.04986
33840.0,323.312560407332,2.442624355302825,323.31255518127836,2.4938142289280227,2.6876972800431118e-08,0.567861296202446,323.315,0.04986
33900.0,323.3125608449861,2.4424682403355007,323.312555648851,2.493648825243487,2.687270731481679e-08,0.5678241946565924,323.315,0.04986
33960.0,323.3125612808032,2.442312158088649,323.312556113572,2.493483426264456,2.686844271644122e-08,0.5677870989987608,323.315,0.04986
34020.0,323.31256171484563,2.4421561084553884,323.3125565755394,2.493318032247684,2.686417900261847e-08,0.5677500092277278,323.315,0.04986
34080.0,323.31256214717126,2.4420000913301463,323.3125570348445,2.493152643446685,2.6859916170681606e-08,0.5677129253422742,323.315,0.04986
34140.0,323.31256257783764,2.4418441066084453,323.3125574915778,2.492987260112205,2.6855654217993006e-08,0.5676758473411847,323.315,0.04986
34200.0,323.3125630069009,2.441688154186953,323.31255794582796,2.4928218824921142,2.6851393141940636e-08,0.5676387752232469,323.315,0.04986
34260.0,323.3125634344149,2.4415322339635184,323.31255839767965,2.492656510831337,2.6847132939935525e-08,0.5676017089872524,323.315,0.04986
34320.0,323.3125638604316,2.441376345837127,323.3125588472148,2.4924911453719454,2.6842873609413418e-08,0.5675646486319963,323.315,0.04986
34380.0,323.3125642849997,2.4412204897079954,323.31255929450987,2.492325786352955,2.6838615147831267e-08,0.5675275941562775,323.315,0.04986
34440.0,323.3125647081673,2.4410646654773753,323.31255973964085,2.492160434010761,2.6834357552671272e-08,0.5674905455588979,323.315,0.04986
34500.0,323.31256512998135,2.4409088730476034,323.31256018268164,2.491995088579044,2.6830100821442125e-08,0.5674535028386631,323.315,0.04986
34560.0,323.31256555048697,2.440753112322125,323.3125606237031,2.4918297502887023,2.6825844951674846e-08,0.5674164659943822,323.315,0.04986
34620.0,323.31256596972764,2.4405973832054597,323.31256106277397,2.4916644193679405,2.6821589940924172e-08,0.5673794350248678,323.315,0.04986
34680.0,323.312566387744,2.440441685603288,323.31256149995824,2.491499096042073,2.6817335786766105e-08,0.5673424099289354,323.315,0.04986
34740.0,323.3125668045766,2.4402860194222695,323.31256193531937,2.491333780533944,2.6813082486801742e-08,0.5673053907054041,323.315,0.04986
34800.0,323.3125672202646,2.4401303845700824,323.31256236891943,2.4911684730638317,2.6808830038656616e-08,0.5672683773530964,323.315,0.04986
34860.0,323.3125676348459,2.4399747809554535,323.3125628008178,2.491003173849388,2.680457843997873e-08,0.567231369870838,323.315,0.04986
34920.0,323.31256804835687,2.4398192084881254,323.312563231072,2.4908378831057196,2.6800327688438528e-08,0.5671943682574577,323.315,0.04986
34980.0,323.3125684608315,2.439663667078932,323.3125636597353,2.490672601045201,2.6796077781727387e-08,0.5671573725117877,323.315,0.04986
35040.0,323.31256887230364,2.4395081566396337,323.31256408686113,2.4905073278778764,2.6791828717561504e-08,0.5671203826326632,323.315,0.04986
35100.0,323.31256928280624,2.43935267708295,323.3125645125013,2.4903420638113682,2.6787580493679184e-08,0.5670833986189227,323.315,0.04986
35160.0,323.3125696923709,2.439197228322591,323.31256493670554,2.4901768090508165,2.6783333107842265e-08,0.5670464204694073,323.315,0.04986
35220.0,323.31257010102826,2.439041810273224,323.31256535952207,2.4900115637989595,2.677908655783312e-08,0.5670094481829623,323.315,0.04986
35280.0,323.3125705088067,2.4388864228505476,323.31256578099556,2.4898463282559518,2.677484084145546e-08,0.5669724817584345,323.315,0.04986
35340.0,323.31257091573445,2.438731065971134,323.3125662011705,2.4896811026197496,2.677059595653508e-08,0.5669355211946755,323.315,0.04986
35400.0,323.31257132183924,2.4385757395524603,323.31256662009054,2.4895158870860223,2.6766351900921612e-08,0.5668985664905383,323.315,0.04986
35460.0,323.3125717271475,2.4384204435129373,323.3125670377971,2.4893506818480953,2.676210867248514e-08,0.5668616176448796,323.315,0.04986
35520.0,323.31257213168476,2.4382651777718793,323.31256745433063,2.489185487097026,2.6757866269115937e-08,0.5668246746565587,323.315,0.04986
35580.0,323.31257253547494,2.438109942249575,323.3125678697285,2.489020303021431,2.6753624688725608e-08,0.5667877375244382,323.315,0.04986
35640.0,323.3125729385417,2.437954736867135,323.312568284028,2.488855129807851,2.6749383929248003e-08,0.5667508062473839,323.315,0.04986
35700.0,323.31257334090816,2.437799561546525,323.31256869726553,2.4886899676406697,2.6745143988636843e-08,0.5667138808242631,323.315,0.04986
35760.0,323.3125737425965,2.437644416210592,323.3125691094759,2.4885248167020544,2.674090486486772e-08,0.5666769612539473,323.315,0.04986
35820.0,323.31257414362807,2.437489300783035,323.31256952069276,2.488359677172033,2.6736666555934927e-08,0.5666400475353096,323.315,0.04986
35880.0,323.312574544023,2.437334215188473,323.3125699309476,2.4881945492283286,2.6732429059854976e-08,0.5666031396672271,323.315,0.04986
35940.0,323.31257494380094,2.437179159352298,323.31257034027163,2.4880294330467034,2.6728192374662473e-08,0.5665662376485788,323.315,0.04986
36000.0,323.3125753429814,2.437024133200711,323.3125707486953,2.4878643288008826,2.672395649841389e-08,0.5665293414782466,323.315,0.04986
36060.0,323.3125757415829,2.4368691366607464,323.3125711562477,2.4876992366625017,2.6719721429184773e-08,0.5664924511551148,323.315,0.04986
36120.0,323.31257613962333,2.436714169660238,323.3125715629572,2.4875341568011726,2.6715487165070404e-08,0.5664555666780707,323.315,0.04986
36180.0,323.31257653711947,2.4365592321278893,323.31257196884997,2.487369089384334,2.671125370418519e-08,0.5664186880460044,323.315,0.04986
36240.0,323.31257693408793,2.436404323993134,323.31257237395215,2.487204034577572,2.670702104466317e-08,0.5663818152578081,323.315,0.04986
36300.0,323.3125773305449,2.4362494451861707,323.3125727782893,2.4870389925445515,2.6702789184657702e-08,0.5663449483123766,323.315,0.04986
36360.0,323.312577726506,2.4360945956379796,323.31257318188585,2.4868739634469614,2.6698558122340887e-08,0.5663080872086078,323.315,0.04986
36420.0,323.31257812198623,2.435939775280299,323.3125735847654,2.4867089474445834,2.66943278559039e-08,0.5662712319454014,323.315,0.04986
36480.0,323.31257851699957,2.4357849840456876,323.31257398694993,2.4865439446951436,2.6690098383556137e-08,0.56623438252166,323.315,0.04986
36540.0,323.31257891156,2.435630221867391,323.3125743884615,2.486378955354622,2.6685869703525988e-08,0.5661975389362887,323.315,0.04986
36600.0,323.3125793056812,2.4354754886793772,323.3125747893213,2.486213979577183,2.668164181405973e-08,0.5661607011881948,323.315,0.04986
36660.0,323.31257969937616,2.435320784416354,323.3125751895499,2.4860490175151297,2.6677414713422275e-08,0.5661238692762879,323.315,0.04986
36720.0,323.31258009265747,2.435166109013741,323.312575589167,2.48588406931896,2.6673188399895653e-08,0.5660870431994803,323.315,0.04986
36780.0,323.3125804855368,2.435011462407733,323.31257598819116,2.485719135137233,2.666896287178043e-08,0.5660502229566866,323.315,0.04986
36840.0,323.31258087802587,2.434856844535175,323.3125763866406,2.4855542151168595,2.6664738127394103e-08,0.5660134085468238,323.315,0.04986
36900.0,323.3125812701361,2.4347022553335913,323.31257678453335,2.485389309403038,2.666051416507219e-08,0.5659765999688111,323.315,0.04986
36960.0,323.31258166187837,2.4345476947412035,323.31257718188635,2.485224418139206,2.665629098316732e-08,0.5659397972215696,323.315,0.04986
37020.0,323.3125820532632,2.4343931626969093,323.31257757871634,2.485059541467101,2.6652068580049725e-08,0.5659030003040232,323.315,0.04986
37080.0,323.3125824443005,2.434238659140332,323.3125779750387,2.484894679526629,2.6647846954105613e-08,0.5658662092150981,323.315,0.04986
37140.0,323.31258283500006,2.434084184011712,323.31257837086883,2.48472983245614,2.6643626103738736e-08,0.5658294239537225,323.315,0.04986
37200.0,323.31258322537144,2.4339297372519306,323.3125787662217,2.4845650003923674,2.6639406027369638e-08,0.5657926445188264,323.315,0.04986
37260.0,323.3125836154238,2.4337753188025264,323.31257916111167,2.484400183470383,2.663518672343511e-08,0.5657558709093427,323.315,0.04986
37320.0,323.31258400516595,2.4336209286056736,323.31257955555265,2.4842353818236536,2.6630968190387326e-08,0.5657191031242058,323.315,0.04986
37380.0,323.3125843946062,2.4334665666042357,323.3125799495576,2.484070595583916,2.6626750426696375e-08,0.5656823411623527,323.315,0.04986
37440.0,323.31258478375264,2.4333122327416543,323.3125803431393,2.4839058248814405,2.662253343084666e-08,0.5656455850227226,323.315,0.04986
37500.0,323.31258517261347,2.433157926961978,323.31258073631034,2.48374106984497,2.6618317201340134e-08,0.565608834704256,323.315,0.04986
37560.0,323.3125855611962,2.4330036492098728,323.31258112908284,2.4835763306016805,2.661410173669255e-08,0.5655720902058963,323.315,0.04986
37620.0,323.3125859495084,2.4328493994306095,323.31258152146836,2.483411607277232,2.660988703543633e-08,0.5655353515265885,323.315,0.04986
37680.0,323.3125863375569,2.4326951775701042,323.31258191347774,2.4832468999956516,2.6605673096119653e-08,0.5654986186652797,323.315,0.04986
37740.0,323.3125867253486,2.432540983574823,323.3125823051218,2.483082208879581,2.6601459917304314e-08,0.5654618916209192,323.315,0.04986
37800.0,323.3125871128902,2.4323868173917997,323.3125826964111,2.4829175340502236,2.6597247497568732e-08,0.5654251703924578,323.315,0.04986
37860.0,323.31258750018816,2.4322326789686555,323.3125830873556,2.4827528756273005,2.6593035835505494e-08,0.5653884549788487,323.315,0.04986
37920.0,323.3125878872487,2.432078568253578,323.3125834779652,2.4825882337291043,2.658882492972171e-08,0.5653517453790466,323.315,0.04986
37980.0,323.31258827407765,2.431924485195367,323.3125838682489,2.482423608472386,2.6584614778840176e-08,0.5653150415920088,323.315,0.04986
38040.0,323.3125886606807,2.431770429743339,323.31258425821585,2.48225899997259,2.658040538149725e-08,0.565278343616694,323.315,0.04986
38100.0,323.3125890470637,2.4316164018473465,323.31258464787476,2.4820944083438,2.6576196736343825e-08,0.5652416514520628,323.315,0.04986
38160.0,323.31258943323184,2.4314624014577984,323.3125850372341,2.481929833698705,2.65719888420443e-08,0.5652049650970775,323.315,0.04986
38220.0,323.31258981919046,2.431308428525634,323.3125854263022,2.481765276148643,2.6567781697278124e-08,0.5651682845507026,323.315,0.04986
38280.0,323.3125902049444,2.4311544830023752,323.3125858150865,2.481600735803497,2.6563575300737538e-08,0.5651316098119042,323.315,0.04986
38340.0,323.3125905904985,2.4310005648400264,323.31258620359466,2.481436212771917,2.6559369651130448e-08,0.5650949408796504,323.315,0.04986
38400.0,323.31259097585746,2.430846673991101,323.3125865918341,2.4812717071612704,2.655516474717585e-08,0.5650582777529107,323.315,0.04986
38460.0,323.3125913610259,2.4306928104086367,323.31258697981184,2.481107219077607,2.6550960587607608e-08,0.565021620430657,323.315,0.04986
38520.0,323.3125917460082,2.430538974046173,323.31258736753483,2.4809427486257016,2.6546757171172195e-08,0.5649849689118619,323.315,0.04986
38580.0,323.31259213080835,2.4303851648577943,323.3125877550094,2.4807782959089573,2.6542554496630255e-08,0.5649483231955006,323.315,0.04986
38640.0,323.3125925154306,2.4302313827980457,323.312588142242,2.4806138610296125,2.653835256275482e-08,0.56491168328055,323.315,0.04986
38700.0,323.3125928998788,2.4300776278219507,323.3125885292387,2.480449444088695,2.6534151368331814e-08,0.5648750491659881,323.315,0.04986
38760.0,323.31259328415683,2.4299238998850257,323.31258891600555,2.480285045185989,2.652995091215948e-08,0.5648384208507948,323.315,0.04986
38820.0,323.31259366826833,2.4297701989432623,323.3125893025483,2.480120664420078,2.6525751193048972e-08,0.5648017983339523,323.315,0.04986
38880.0,323.3125940522167,2.4296165249531665,323.3125896888723,2.479956301888247,2.652155220982426e-08,0.5647651816144432,323.315,0.04986
38940.0,323.31259443600544,2.4294628778716785,323.31259007498284,2.4797919576866847,2.651735396132134e-08,0.5647285706912532,323.315,0.04986
39000.0,323.31259481963787,2.429309257656188,323.31259046088525,2.479627631910437,2.6513156446388895e-08,0.5646919655633679,323.315,0.04986
39060.0,323.31259520311716,2.429155664264554,323.3125908465844,2.479463324653377,2.6508959663885865e-08,0.5646553662297759,323.315,0.04986
39120.0,323.3125955864464,2.42900209765508,323.31259123208514,2.4792990360082423,2.6504763612685565e-08,0.5646187726894666,323.315,0.04986
39180.0,323.31259596962855,2.428848557786556,323.31259161739206,2.479134766066547,2.6500568291671942e-08,0.5645821849414315,323.315,0.04986
39240.0,323.3125963526664,2.4286950446181814,323.3125920025096,2.47897051491877,2.6496373699740827e-08,0.564545602984663,323.315,0.04986
39300.0,323.31259673556286,2.4285415581095835,323.31259238744207,2.478806282654313,2.6492179835799723e-08,0.5645090268181556,323.315,0.04986
39360.0,323.3125971183206,2.4283880982208235,323.31259277219374,2.478642069361469,2.648798669876674e-08,0.5644724564409048,323.315,0.04986
39420.0,323.3125975009422,2.4282346649123916,323.3125931567687,2.478477875127461,2.6483794287572038e-08,0.5644358918519078,323.315,0.04986
39480.0,323.31259788343016,2.428081258145232,323.31259354117066,2.4783137000383575,2.6479602601157257e-08,0.5643993330501635,323.315,0.04986
39540.0,323.31259826578673,2.427927877880676,323.31259392540335,2.4781495441792507,2.647541163847409e-08,0.564362780034672,323.315,0.04986
39600.0,323.31259864801444,2.4277745240804585,323.3125943094705,2.4779854076342143,2.6471221398486988e-08,0.564326232804435,323.315,0.04986
39660.0,323.31259903011545,2.427621196706725,323.3125946933756,2.4778212904862773,2.64670318801682e-08,0.5642896913584551,323.315,0.04986
39720.0,323.31259941209197,2.4274678957220246,323.3125950771221,2.47765719281746,2.6462843082503305e-08,0.5642531556957369,323.315,0.04986
39780.0,323.31259979394605,2.4273146210893337,323.31259546071317,2.477493114708691,2.645865500448815e-08,0.5642166258152863,323.315,0.04986
39840.0,323.31260017567985,2.427161372771997,323.312595844152,2.477329056239979,2.6454467645128565e-08,0.5641801017161105,323.315,0.04986
39900.0,323.31260055729524,2.4270081507337355,323.31259622744165,2.477165017490372,2.6450281003440233e-08,0.564143583397218,323.315,0.04986
39960.0,323.31260093879416,2.426854954938663,323.3125966105851,2.4770009985379327,2.6446095078449804e-08,0.5641070708576188,323.315,0.04986
40020.0,323.3126013201785,2.426701785351268,323.3125969935852,2.4768369994597697,2.6441909869193768e-08,0.5640705640963238,323.315,0.04986
40080.0,323.3126017014499,2.4265486419364493,323.3125973764446,2.476673020331964,2.6437725374718743e-08,0.5640340631123459,323.315,0.04986
40140.0,323.31260208261017,2.426395524659447,323.312597759166,2.476509061229728,2.6433541594081777e-08,0.5639975679046991,323.315,0.04986
40200.0,323.31260246366094,2.42624243348586,323.312598141752,2.4763451222273667,2.6429358526348755e-08,0.5639610784723983,323.315,0.04986
40260.0,323.3126028446038,2.426089368381655,323.31259852420504,2.476181203398257,2.6425176170595165e-08,0.5639245948144599,323.315,0.04986
40320.0,323.31260322544034,2.4259363293131555,323.3125989065275,2.4760173048148744,2.6420994525907014e-08,0.5638881169299018,323.315,0.04986
40380.0,323.312603606172,2.4257833162470686,323.31259928872174,2.4758534265487255,2.6416813591379462e-08,0.5638516448177429,323.315,0.04986
40440.0,323.3126039868002,2.425630329150425,323.31259967078995,2.4756895686704965,2.6412633366116864e-08,0.5638151784770035,323.315,0.04986
40500.0,323.3126043673264,2.4254773679905934,323.3126000527343,2.475525731250019,2.640845384923319e-08,0.5637787179067051,323.315,0.04986
40560.0,323.31260474775195,2.425324432735292,323.31260043455694,2.475361914356247,2.64042750398508e-08,0.56374226310587,323.315,0.04986
40620.0,323.3126051280781,2.4251715233525717,323.31260081625993,2.4751981180572864,2.6400096937101268e-08,0.5637058140735223,323.315,0.04986
40680.0,323.31260550830615,2.4250186398108475,323.312601197845,2.4750343424203267,2.639591954012629e-08,0.5636693708086873,323.315,0.04986
40740.0,323.31260588843736,2.4248657820788395,323.31260157931416,2.4748705875117847,2.6391742848076058e-08,0.563632933310391,323.315,0.04986
40800.0,323.31260626847285,2.4247129501255884,323.3126019606692,2.47470685339727,2.6387566860108335e-08,0.5635965015776608,323.315,0.04986
40860.0,323.31260664841386,2.424560143920462,323.3126023419119,2.4745431401415656,2.6383391575390425e-08,0.5635600756095253,323.315,0.04986
40920.0,323.3126070282614,2.424407363433142,323.31260272304394,2.474379447808653,2.63792169930976e-08,0.5635236554050143,323.315,0.04986
40980.0,323.3126074080166,2.424254608633655,323.3126031040669,2.47421577646165,2.6375043112415053e-08,0.5634872409631586,323.315,0.04986
41040.0,323.3126077876804,2.4241018794923157,323.31260348498256,2.474052126162946,2.6370869932534802e-08,0.5634508322829901,323.315,0.04986
41100.0,323.31260816725387,2.4239491759797396,323.31260386579225,2.4738884969741677,2.6366697452657828e-08,0.5634144293635418,323.315,0.04986
41160.0,323.3126085467379,2.423796498066851,323.31260424649764,2.4737248889561623,2.6362525671993284e-08,0.5633780322038482,323.315,0.04986
41220.0,323.3126089261335,2.4236438457248735,323.3126046271001,2.473561302169021,2.6358354589758102e-08,0.5633416408029441,323.315,0.04986
41280.0,323.3126093054416,2.423491218925352,323.3126050076009,2.4733977366720206,2.6354184205177676e-08,0.5633052551598662,323.315,0.04986
41340.0,323.31260968466296,2.4233386176401037,323.3126053880015,2.4732341925237473,2.6350014517485586e-08,0.5632688752736518,323.315,0.04986
41400.0,323.3126100637985,2.423186041841232,323.3126057683031,2.4730706697820737,2.6345845525921728e-08,0.5632325011433393,323.315,0.04986
41460.0,323.3126104428491,2.42303349150113,323.31260614850703,2.4729071685041317,2.6341677229736116e-08,0.5631961327679683,323.315,0.04986
41520.0,323.31261082181555,2.422880966592471,323.3126065286144,2.4727436887463434,2.6337509628183585e-08,0.563159770146579,323.315,0.04986
41580.0,323.3126112006985,2.4227284670882376,323.31260690862655,2.4725802305643607,2.6333342720529273e-08,0.5631234132782132,323.315,0.04986
41640.0,323.3126115794987,2.422575992961666,323.3126072885444,2.472416794013187,2.6329176506043982e-08,0.5630870621619135,323.315,0.04986
41700.0,323.31261195821696,2.422423544186259,323.3126076683692,2.4722533791471486,2.6325010984006767e-08,0.5630507167967237,323.315,0.04986
41760.0,323.3126123368539,2.4222711207357985,323.31260804810194,2.4720899860198755,2.632084615370327e-08,0.5630143771816876,323.315,0.04986
41820.0,323.3126127154101,2.4221187225843286,323.31260842774367,2.4719266146843277,2.631668201442683e-08,0.5629780433158514,323.315,0.04986
41880.0,323.31261309388645,2.4219663497061807,323.31260880729536,2.4717632651927377,2.6312518565477936e-08,0.5629417151982613,323.315,0.04986
41940.0,323.31261347228343,2.421814002075932,323.312609186758,2.4715999375967264,2.630835580616516e-08,0.562905392827965,323.315,0.04986
42000.0,323.3126138506016,2.421661679668408,323.31260956613244,2.4714366319472774,2.630419373580174e-08,0.5628690762040107,323.315,0.04986
42060.0,323.31261422884165,2.421509382458696,323.3126099454197,2.4712733482947162,2.6300032353709445e-08,0.5628327653254476,323.315,0.04986
42120.0,323.31261460700415,2.421357110422135,323.3126103246206,2.4711100866887366,2.629587165921655e-08,0.5627964601913261,323.315,0.04986
42180.0,323.3126149850896,2.4212048635343333,323.3126107037359,2.4709468471783462,2.6291711651658434e-08,0.5627601608006977,323.315,0.04986
42240.0,323.3126153630986,2.4210526417711282,323.31261108276647,2.4707836298119763,2.628755233037644e-08,0.5627238671526144,323.315,0.04986
42300.0,323.31261574103155,2.420900445108595,323.3126114617131,2.4706204346374547,2.628339369471929e-08,0.5626875792461289,323.315,0.04986
42360.0,323.31261611888914,2.4207482735230554,323.3126118405765,2.4704572617019918,2.6279235744041118e-08,0.5626512970802954,323.315,0.04986
42420.0,323.31261649667175,2.4205961269910645,323.31261221935733,2.470294111052199,2.6275078477703716e-08,0.5626150206541687,323.315,0.04986
42480.0,323.31261687437984,2.420444005489438,323.3126125980565,2.4701309827340427,2.627092189507466e-08,0.5625787499668045,323.315,0.04986
42540.0,323.31261725201387,2.4202919089952024,323.3126129766746,2.4699678767929445,2.6266765995527872e-08,0.5625424850172591,323.315,0.04986
42600.0,323.3126176295743,2.4201398374856113,323.31261335521225,2.4698047932737577,2.6262610778443438e-08,0.5625062258045904,323.315,0.04986
42660.0,323.3126180070615,2.4199877909381495,323.31261373367016,2.469641732220752,2.6258456243207395e-08,0.5624699723278562,323.315,0.04986
42720.0,323.31261838447597,2.4198357693305237,323.312614112049,2.4694786936776323,2.6254302389212323e-08,0.5624337245861157,323.315,0.04986
42780.0,323.31261876181804,2.419683772640683,323.3126144903493,2.4693156776874967,2.6250149215856888e-08,0.5623974825784291,323.315,0.04986
42840.0,323.3126191390882,2.41953180084678,323.3126148685716,2.469152684292927,2.624599672254617e-08,0.562361246303857,323.315,0.04986
42900.0,323.3126195162867,2.419379853927178,323.3126152467165,2.4689897135359704,2.6241844908689304e-08,0.562325015761461,323.315,0.04986
42960.0,323.312619893414,2.41922793186046,323.3126156247846,2.4688267654581235,2.6237693773702997e-08,0.5622887909503034,323.315,0.04986
43020.0,323.3126202704704,2.4190760346254176,323.31261600277645,2.4686638401003513,2.6233543317008167e-08,0.5622525718694473,323.315,0.04986
43080.0,323.3126206474563,2.4189241622010718,323.3126163806924,2.4685009375030433,2.6229393538033795e-08,0.5622163585179569,323.315,0.04986
43140.0,323.312621024372,2.418772314566633,323.3126167585331,2.4683380577061045,2.6225244436212356e-08,0.5621801508948973,323.315,0.04986
43200.0,323.31262140121777,2.418620491701515,323.312617136299,2.468175200748935,2.622109601098227e-08,0.5621439489993332,323.315,0.04986
43260.0,323.3126217779941,2.418468693585335,323.3126175139906,2.4680123666704152,2.6216948261788786e-08,0.5621077528303318,323.315,0.04986
43320.0,323.31262215470116,2.418316920197907,323.3126178916082,2.4678495555089253,2.621280118808027e-08,0.5620715623869595,323.315,0.04986
43380.0,323.31262253133923,2.4181651715192656,323.3126182691524,2.4676867673023013,2.620865478931261e-08,0.5620353776682847,323.315,0.04986
43440.0,323.3126229079087,2.4180134475296207,323.31261864662355,2.467524002087923,2.620450906494588e-08,0.5619991986733758,323.315,0.04986
43500.0,323.3126232844097,2.417861748209373,323.31261902402207,2.4673612599026953,2.620036401444555e-08,0.5619630254013019,323.315,0.04986
43560.0,323.3126236608426,2.4177100735391175,323.3126194013484,2.4671985407830306,2.6196219637282257e-08,0.5619268578511335,323.315,0.04986
43620.0,323.3126240372076,2.417558423499636,323.3126197786029,2.4670358447648697,2.6192075932931724e-08,0.561890696021941,323.315,0.04986
43680.0,323.31262441350503,2.417406798071913,323.3126201557859,2.4668731718836416,2.6187932900875474e-08,0.5618545399127962,323.315,0.04986
43740.0,323.31262478973514,2.417255197237103,323.3126205328978,2.4667105221743446,2.6183790540599417e-08,0.5618183895227711,323.315,0.04986
43800.0,323.3126251658981,2.4171036209765395,323.312620909939,2.4665478956715274,2.6179648851594048e-08,0.5617822448509389,323.315,0.04986
43860.0,323.31262554199424,2.416952069271739,323.3126212869098,2.466385292409276,2.6175507833355103e-08,0.5617461058963729,323.315,0.04986
43920.0,323.3126259180237,2.4168005421043937,323.3126216638105,2.466222712421232,2.617136748538369e-08,0.5617099726581478,323.315,0.04986
43980.0,323.3126262939867,2.416649039456388,323.3126220406414,2.466060155740553,2.6167227807184744e-08,0.5616738451353385,323.315,0.04986
44040.0,323.3126266698835,2.4164975613097663,323.31262241740285,2.4658976223999898,2.6163088798268872e-08,0.5616377233270206,323.315,0.04986
44100.0,323.3126270457143,2.416346107646742,323.3126227940952,2.465735112431871,2.615895045815062e-08,0.5616016072322704,323.315,0.04986
44160.0,323.31262742147925,2.4161946784497,323.31262317071867,2.4655726258680883,2.6154812786349245e-08,0.5615654968501652,323.315,0.04986
44220.0,323.3126277971786,2.4160432737011925,323.3126235472736,2.465410162740113,2.6150675782388987e-08,0.5615293921797824,323.315,0.04986
44280.0,323.3126281728126,2.415891893383951,323.3126239237602,2.4652477230789613,2.6146539445798345e-08,0.5614932932202006,323.315,0.04986
44340.0,323.31262854838127,2.415740537480861,323.3126243001788,2.465085306915267,2.614240377611039e-08,0.5614571999704987,323.315,0.04986
44400.0,323.3126289238849,2.415589205974965,323.31262467652965,2.4649229142792635,2.613826877286227e-08,0.5614211124297565,323.315,0.04986
44460.0,323.31262929932365,2.4154378988494676,323.312625052813,2.464760545200773,2.61341344355955e-08,0.5613850305970539,323.315,0.04986
44520.0,323.3126296746977,2.415286616087732,323.3126254290292,2.464598199709221,2.613000076385684e-08,0.5613489544714722,323.315,0.04986
44580.0,323.31263005000716,2.4151353576732904,323.3126258051783,2.4644358778336035,2.6125867757195864e-08,0.5613128840520927,323.315,0.04986
44640.0,323.3126304252523,2.4149841235898197,323.31262618126055,2.464273579602555,2.6121735415167702e-08,0.5612768193379973,323.315,0.04986
44700.0,323.31263080043317,2.4148329138211437,323.3126265572763,2.464111305044335,2.611760373733085e-08,0.5612407603282694,323.315,0.04986
44760.0,323.31263117555,2.414681728351243,323.3126269332256,2.4639490541868128,2.6113472723248044e-08,0.5612047070219919,323.315,0.04986
44820.0,323.31263155060293,2.4145305671642436,323.3126273091088,2.4637868270574845,2.610934237248619e-08,0.5611686594182488,323.315,0.04986
44880.0,323.3126319255921,2.4143794302444332,323.31262768492604,2.4636246236834425,2.610521268461623e-08,0.5611326175161249,323.315,0.04986
44940.0,323.3126323005175,2.414228317576235,323.3126280606775,2.4634624440914368,2.6101083659212242e-08,0.5610965813147053,323.315,0.04986
45000.0,323.3126326753795,2.4140772291442127,323.3126284363635,2.463300288307863,2.6096955295854306e-08,0.5610605508130756,323.315,0.04986
45060.0,323.3126330501781,2.413926164933075,323.31262881198415,2.463138156358751,2.609282759412412e-08,0.561024526010322,323.315,0.04986
45120.0,323.3126334249134,2.41377512492767,323.31262918753964,2.462976048269778,2.608870055360838e-08,0.5609885069055315,323.315,0.04986
45180.0,323.3126337995856,2.413624109112998,323.31262956303016,2.462813964066238,2.60845741738979e-08,0.5609524934977917,323.315,0.04986
45240.0,323.31263417419484,2.413473117474185,323.3126299384558,2.462651903773106,2.6080448454586003e-08,0.5609164857861906,323.315,0.04986
45300.0,323.3126345487412,2.4133221499964916,323.31263031381684,2.462489867415019,2.6076323395270918e-08,0.5608804837698166,323.315,0.04986
45360.0,323.31263492322483,2.4131712066653135,323.3126306891133,2.462327855016272,2.6072198995554196e-08,0.560844487447759,323.315,0.04986
45420.0,323.31263529764584,2.413020287466181,323.31263106434545,2.4621658666008264,2.6068075255040012e-08,0.5608084968191074,323.315,0.04986
45480.0,323.3126356720043,2.4128693923847653,323.3126314395134,2.4620039021922833,2.6063952173337976e-08,0.560772511882952,323.315,0.04986
45540.0,323.3126360463003,2.412718521406857,323.31263181461736,2.4618419618139398,2.6059829750059747e-08,0.5607365326383835,323.315,0.04986
45600.0,323.3126364205341,2.4125676745183746,323.31263218965745,2.4616800454887793,2.605570798482125e-08,0.5607005590844932,323.315,0.04986
45660.0,323.31263679470555,2.4124168517053626,323.3126325646338,2.4615181532394583,2.6051586877240893e-08,0.5606645912203734,323.315,0.04986
45720.0,323.31263716881494,2.412266052953993,323.31263293954663,2.4613562850883204,2.6047466426941588e-08,0.5606286290451156,323.315,0.04986
45780.0,323.3126375428623,2.4121152782505693,323.312633314396,2.461194441057369,2.6043346633549445e-08,0.5605926725578133,323.315,0.04986
45840.0,323.31263791684785,2.4119645275815103,323.312633689182,2.461032621168322,2.603922749669407e-08,0.5605567217575596,323.315,0.04986
45900.0,323.31263829077153,2.411813800933354,323.31263406390485,2.4608708254426,2.6035109016007327e-08,0.5605207766434482,323.315,0.04986
45960.0,323.3126386646335,2.411663098292756,323.31263443856466,2.460709053901316,2.6030991191124994e-08,0.5604848372145743,323.315,0.04986
46020.0,323.3126390384339,2.4115124196464945,323.3126348131615,2.460547306565288,2.6026874021686497e-08,0.560448903470032,323.315,0.04986
46080.0,323.3126394121727,2.4113617649814705,323.31263518769555,2.4603855834550132,2.6022757507333583e-08,0.5604129754089167,323.315,0.04986
46140.0,323.3126397858501,2.4112111342846942,323.3126355621668,2.4602238845907203,2.6018641647712302e-08,0.5603770530303247,323.315,0.04986
46200.0,323.312640159466,2.4110605275432873,323.3126359365755,2.4600622099923566,2.6014526442469954e-08,0.5603411363333521,323.315,0.04986
46260.0,323.31264053302067,2.4109099447444837,323.3126363109217,2.4599005596795798,2.6010411891259364e-08,0.560305225317096,323.315,0.04986
46320.0,323.31264090651405,2.4107593858756315,323.3126366852054,2.4597389336717694,2.600629799373374e-08,0.5602693199806533,323.315,0.04986
46380.0,323.3126412799463,2.4106088509241967,323.3126370594269,2.4595773319880023,2.600218474955157e-08,0.5602334203231223,323.315,0.04986
46440.0,323.31264165331754,2.4104583398777457,323.31263743358625,2.4594157546471025,2.5998072158373597e-08,0.560197526343601,323.315,0.04986
46500.0,323.31264202662777,2.4103078527239523,323.31263780768353,2.4592542016676275,2.599396021986312e-08,0.5601616380411881,323.315,0.04986
46560.0,323.31264239987706,2.410157389450596,323.3126381817188,2.4590926730678637,2.598984893368582e-08,0.5601257554149828,323.315,0.04986
46620.0,323.31264277306553,2.410006950045563,323.3126385556923,2.458931168865834,2.598573829951176e-08,0.5600898784640848,323.315,0.04986
46680.0,323.31264314619324,2.409856534496849,323.31263892960396,2.458769689079276,2.5981628317012792e-08,0.5600540071875943,323.315,0.04986
46740.0,323.31264351926023,2.4097061427925492,323.3126393034539,2.4586082337256894,2.5977518985863922e-08,0.5600181415846119,323.315,0.04986
46800.0,323.31264389226664,2.4095557749208556,323.31263967724226,2.4584468028223223,2.5973410305743016e-08,0.5599822816542385,323.315,0.04986
46860.0,323.31264426521244,2.409405430870062,323.3126400509691,2.4582853963861675,2.5969302276330072e-08,0.5599464273955757,323.315,0.04986
46920.0,323.31264463809777,2.4092551106285613,323.3126404246344,2.4581240144339684,2.596519489730834e-08,0.5599105788077251,323.315,0.04986
46980.0,323.3126450109226,2.409104814184853,323.3126407982385,2.457962656982201,2.5961088168363486e-08,0.5598747358897891,323.315,0.04986
47040.0,323.312645383687,2.4089545415275264,323.31264117178125,2.4578013240471144,2.5956982089183943e-08,0.5598388986408709,323.315,0.04986
47100.0,323.3126457563912,2.4088042926452653,323.3126415452628,2.457640015644724,2.5952876659460844e-08,0.5598030670600732,323.315,0.04986
47160.0,323.312646129035,2.4086540675268466,323.31264191868325,2.4574787317908013,2.5948771878887788e-08,0.5597672411464998,323.315,0.04986
47220.0,323.3126465016186,2.4085038661611433,323.31264229204265,2.457317472500885,2.5944667747160753e-08,0.5597314208992548,323.315,0.04986
47280.0,323.31264687414205,2.4083536885371286,323.31264266534106,2.4571562377902594,2.5940564263978758e-08,0.5596956063174424,323.315,0.04986
47340.0,323.3126472466054,2.4082035346438584,323.31264303857864,2.456995027673998,2.5936461429043032e-08,0.5596597974001678,323.315,0.04986
47400.0,323.3126476190088,2.408053404470478,323.31264341175535,2.45683384216695,2.5932359242057766e-08,0.5596239941465362,323.315,0.04986
47460.0,323.3126479913522,2.4079032980062243,323.3126437848713,2.4566726812837376,2.592825770272774e-08,0.5595881965556532,323.315,0.04986
47520.0,323.31264836363573,2.4077532152404206,323.3126441579265,2.456511545038763,2.592415681076262e-08,0.5595524046266247,323.315,0.04986
47580.0,323.3126487358594,2.4076031561624855,323.3126445309212,2.4563504334461883,2.592005656587247e-08,0.5595166183585575,323.315,0.04986
47640.0,323.3126491080232,2.407453120761918,323.31264490385524,2.4561893465199764,2.5915956967771546e-08,0.5594808377505585,323.315,0.04986
47700.0,323.3126494801272,2.407303109028299,323.31264527672886,2.4560282842738803,2.5911858016173937e-08,0.559445062801735,323.315,0.04986
47760.0,323.3126498521715,2.4071531209512953,323.31264564954205,2.4558672467214375,2.5907759710798827e-08,0.5594092935111943,323.315,0.04986
47820.0,323.312650224156,2.407003156520658,323.3126460222949,2.455706233875978,2.5903662051365404e-08,0.5593735298780448,323.315,0.04986
47880.0,323.3126505960809,2.4068532157262252,323.31264639498744,2.455545245750606,2.5899565037596706e-08,0.5593377719013949,323.315,0.04986
47940.0,323.3126509679463,2.406703298557913,323.31264676761975,2.4553842823582377,2.58954686692172e-08,0.5593020195803533,323.315,0.04986
48000.0,323.3126513397521,2.406553405005713,323.3126471401918,2.455223343711592,2.5891372945953292e-08,0.5592662729140295,323.315,0.04986
48060.0,323.3126517114984,2.4064035350596997,323.3126475127038,2.455062429823183,2.5887277867534772e-08,0.5592305319015328,323.315,0.04986
48120.0,323.3126520831853,2.4062536887100254,323.3126478851556,2.4549015407053316,2.588318343369187e-08,0.5591947965419733,323.315,0.04986
48180.0,323.3126524548128,2.4061038659469265,323.3126482575475,2.454740676370145,2.587908964415827e-08,0.5591590668344614,323.315,0.04986
48240.0,323.3126528263809,2.4059540667607084,323.3126486298794,2.4545798368295513,2.5874996498669055e-08,0.5591233427781074,323.315,0.04986
48300.0,323.31265319788963,2.405804291141754,323.3126490021513,2.4544190220952946,2.5870903996961858e-08,0.5590876243720229,323.315,0.04986
48360.0,323.31265356933915,2.40565453908052,323.31264937436333,2.454258232178926,2.586681213877604e-08,0.5590519116153188,323.315,0.04986
48420.0,323.3126539407294,2.405504810567537,323.31264974651555,2.454097467091813,2.5862720923852855e-08,0.5590162045071073,323.315,0.04986
48480.0,323.31265431206043,2.405355105593417,323.31265011860796,2.4539367268451233,2.5858630351935984e-08,0.5589805030465003,323.315,0.04986
48540.0,323.3126546833323,2.4052054241488348,323.3126504906407,2.453776011449855,2.5854540422770487e-08,0.5589448072326103,323.315,0.04986
48600.0,323.312655054545,2.4050557662245398,323.31265086261374,2.4536153209168314,2.5850451136104045e-08,0.5589091170645504,323.315,0.04986
48660.0,323.3126554256987,2.4049061318113507,323.3126512345272,2.453454655256697,2.584636249168618e-08,0.5588734325414334,323.315,0.04986
48720.0,323.3126557967933,2.404756520900155,323.31265160638117,2.453294014479921,2.5842274489267213e-08,0.5588377536623732,323.315,0.04986
48780.0,323.3126561678289,2.404606933481918,323.3126519781755,2.4531333985967834,2.5838187128601452e-08,0.5588020804264832,323.315,0.04986
48840.0,323.3126565388055,2.4044573695476643,323.31265234991037,2.452972807617407,2.5834100409442926e-08,0.558766412832878,323.315,0.04986
48900.0,323.3126569097232,2.404307829088488,323.3126527215858,2.4528122415517495,2.5830014331549343e-08,0.558730750880672,323.315,0.04986
48960.0,323.312657280582,2.4041583120955483,323.31265309320173,2.452651700409598,2.582592889467813e-08,0.5586950945689801,323.315,0.04986
49020.0,323.3126576513819,2.4040088185600723,323.31265346475834,2.452491184200574,2.5821844098590583e-08,0.5586594438969175,323.315,0.04986
49080.0,323.31265802212306,2.4038593484733557,323.3126538362556,2.4523306929341246,2.581775994304869e-08,0.5586237988635998,323.315,0.04986
49140.0,323.3126583928053,2.403709901826754,323.31265420769364,2.452170226619544,2.58136764278162e-08,0.558588159468143,323.315,0.04986
49200.0,323.31265876342883,2.403560478611686,323.3126545790724,2.452009785265974,2.5809593552659114e-08,0.558552525709663,323.315,0.04986
49260.0,323.3126591339936,2.403411078819633,323.312654950392,2.4518493688823932,2.580551131734423e-08,0.5585168975872763,323.315,0.04986
49320.0,323.3126595044996,2.4032617024421388,323.3126553216524,2.4516889774776276,2.5801429721641087e-08,0.5584812751001,323.315,0.04986
49380.0,323.31265987494703,2.403112349470815,323.31265569285375,2.4515286110603345,2.5797348765320504e-08,0.5584456582472513,323.315,0.04986
49440.0,323.3126602453358,2.402963019897327,323.312656063996,2.4513682696390315,2.5793268448155015e-08,0.5584100470278474,323.315,0.04986
49500.0,323.3126606156659,2.4028137137134005,323.3126564350792,2.451207953222088,2.5789188769918268e-08,0.5583744414410061,323.315,0.04986
49560.0,323.3126609859375,2.4026644309108214,323.31265680610335,2.451047661817724,2.578510973038621e-08,0.5583388414858457,323.315,0.04986
49620.0,323.31266135615056,2.402515171481433,323.31265717706856,2.450887395434013,2.5781031329336244e-08,0.5583032471614845,323.315,0.04986
49680.0,323.31266172630507,2.4023659354171416,323.3126575479748,2.4507271540788693,2.5776953566546978e-08,0.5582676584670411,323.315,0.04986
49740.0,323.3126620964011,2.402216722709908,323.31265791882214,2.4505669377600765,2.5772876441799063e-08,0.5582320754016347,323.315,0.04986
49800.0,323.31266246643867,2.4020675333517456,323.3126582896106,2.450406746485279,2.5768799954874154e-08,0.5581964979643843,323.315,0.04986
49860.0,323.31266283641776,2.4019183673347273,323.3126586603403,2.450246580261979,2.5764724105555834e-08,0.5581609261544102,323.315,0.04986
49920.0,323.31266320633847,2.4017692246509794,323.3126590310111,2.4500864390975403,2.5760648893629565e-08,0.5581253599708316,323.315,0.04986
49980.0,323.3126635762008,2.4016201052926878,323.31265940162314,2.44992632299918,2.5756574318881286e-08,0.5580897994127688,323.315,0.04986
50040.0,323.3126639460048,2.401471009252089,323.31265977217646,2.4497662319739884,2.575250038109932e-08,0.5580542444793425,323.315,0.04986
50100.0,323.3126643157505,2.4013219365214695,323.312660142671,2.449606166028926,2.57484270800729e-08,0.5580186951696736,323.315,0.04986
50160.0,323.31266468543794,2.401172887093172,323.31266051310695,2.449446125170819,2.5744354415593062e-08,0.557983151482883,323.315,0.04986
50220.0,323.3126650550672,2.4010238609595893,323.3126608834842,2.4492861094063643,2.5740282387452562e-08,0.5579476134180922,323.315,0.04986
50280.0,323.31266542463817,2.4008748581131716,323.3126612538029,2.449126118742118,2.573621099544384e-08,0.5579120809744227,323.315,0.04986
50340.0,323.3126657941509,2.4007258785464156,323.312661624063,2.4489661531845193,2.5732140239363176e-08,0.5578765541509965,323.315,0.04986
50400.0,323.31266616360546,2.400576922251867,323.31266199426454,2.4488062127398833,2.572807011900645e-08,0.5578410329469359,323.315,0.04986
50460.0,323.3126665330018,2.4004279892221216,323.31266236440763,2.4486462974143994,2.572400063417115e-08,0.5578055173613633,323.315,0.04986
50520.0,323.31266690233997,2.4002790794498248,323.3126627344922,2.4484864072141352,2.571993178465718e-08,0.5577700073934015,323.315,0.04986
50580.0,323.31266727162,2.4001301929276737,323.3126631045183,2.4483265421450255,2.5715863570264008e-08,0.5577345030421735,323.315,0.04986
50640.0,323.312667640842,2.399981329648413,323.312663474486,2.448166702212895,2.5711795990794803e-08,0.5576990043068029,323.315,0.04986
50700.0,323.31266801000595,2.3998324896048286,323.3126638443952,2.4480068874234515,2.5707729046051885e-08,0.557663511186413,323.315,0.04986
50760.0,323.31266837911187,2.3996836727897586,323.31266421424607,2.4478470977822844,2.5703662735839714e-08,0.5576280236801279,323.315,0.04986
50820.0,323.31266874815987,2.399534879196085,323.31266458403854,2.447687333294868,2.569959705996465e-08,0.5575925417870713,323.315,0.04986
50880.0,323.3126691171498,2.3993861088167394,323.3126649537727,2.447527593966551,2.56955320182324e-08,0.5575570655063684,323.315,0.04986
50940.0,323.3126694860818,2.3992373616446967,323.3126653234486,2.447367879802578,2.5691467610451766e-08,0.5575215948371431,323.315,0.04986
51000.0,323.3126698549558,2.3990886376729756,323.3126656930662,2.447208190808086,2.5687403836431853e-08,0.5574861297785207,323.315,0.04986
51060.0,323.3126702237719,2.398939936894637,323.31266606262557,2.4470485269880977,2.568334069598348e-08,0.5574506703296265,323.315,0.04986
51120.0,323.31267059253,2.398791259302789,323.3126664321267,2.446888888347528,2.5679278188917498e-08,0.5574152164895858,323.315,0.04986
51180.0,323.3126709612303,2.3986426048905836,323.3126668015697,2.446729274891175,2.567521631504831e-08,0.5573797682575242,323.315,0.04986
51240.0,323.3126713298728,2.398493973651215,323.3126671709545,2.446569686623737,2.5671155074189053e-08,0.5573443256325681,323.315,0.04986
51300.0,323.31267169845745,2.3983453655779163,323.3126675402812,2.446410123549811,2.5667094466155792e-08,0.5573088886138435,323.315,0.04986
51360.0,323.3126720669843,2.398196780663964,323.3126679095497,2.4462505856738868,2.566303449076409e-08,0.5572734572004768,323.315,0.04986
51420.0,323.31267243545346,2.3980482189026766,323.31266827876016,2.446091073000353,2.5658975147832095e-08,0.5572380313915948,323.315,0.04986
51480.0,323.3126728038648,2.3978996802874146,323.3126686479125,2.445931585533487,2.5654916437177987e-08,0.5572026111863245,323.315,0.04986
51540.0,323.3126731722184,2.3977511648115772,323.31266901700684,2.445772123277474,2.5650858358621584e-08,0.5571671965837929,323.315,0.04986
51600.0,323.31267354051425,2.3976026724686026,323.3126693860431,2.4456126862364007,2.5646800911983844e-08,0.5571317875831281,323.315,0.04986
51660.0,323.3126739087524,2.3974542032519697,323.3126697550214,2.4454532744142568,2.564274409708643e-08,0.5570963841834574,323.315,0.04986
51720.0,323.31267427693285,2.397305757155193,323.3126701239417,2.445293887814933,2.5638687913752133e-08,0.5570609863839089,323.315,0.04986
51780.0,323.3126746450556,2.3971573341718324,323.31267049280405,2.4451345264422173,2.5634632361805365e-08,0.5570255941836108,323.315,0.04986
51840.0,323.3126750131208,2.3970089342954815,323.3126708616085,2.44497519029981,2.5630577441071344e-08,0.5569902075816915,323.315,0.04986
51900.0,323.3126753811283,2.3968605575197692,323.3126712303551,2.4448158793913195,2.5626523151376033e-08,0.5569548265772798,323.315,0.04986
51960.0,323.3126757490782,2.3967122038383657,323.3126715990437,2.444656593720261,2.5622469492546294e-08,0.5569194511695046,323.315,0.04986
52020.0,323.3126761169706,2.3965638732449728,323.3126719676746,2.444497333290059,2.5618416464410164e-08,0.5568840813574953,323.315,0.04986
52080.0,323.3126764848053,2.396415565733336,323.31267233624754,2.4443380981040383,2.5614364066796823e-08,0.556848717140381,323.315,0.04986
52140.0,323.31267685258257,2.3962672812972325,323.31267270476275,2.444178888165444,2.561031229953654e-08,0.5568133585172914,323.315,0.04986
52200.0,323.3126772203023,2.396119019930473,323.3126730732201,2.4440197034774322,2.5606261162460352e-08,0.5567780054873569,323.315,0.04986
52260.0,323.3126775879646,2.3959707816269047,323.31267344161967,2.4438605440430727,2.5602210655400002e-08,0.556742658049707,323.315,0.04986
52320.0,323.31267795556937,2.39582256638041,323.3126738099615,2.443701409865349,2.5598160778188472e-08,0.5567073162034724,323.315,0.04986
52380.0,323.3126783231167,2.3956743741849067,323.3126741782456,2.4435423009471515,2.5594111530659858e-08,0.5566719799477835,323.315,0.04986
52440.0,323.31267869060656,2.3955262050343453,323.3126745464719,2.443383217291294,2.55900629126487e-08,0.5566366492817713,323.315,0.04986
52500.0,323.312679058039,2.3953780589227076,323.3126749146406,2.443224158900509,2.5586014923990572e-08,0.5566013242045665,323.315,0.04986
52560.0,323.31267942541405,2.3952299358440117,323.31267528275157,2.4430651257774443,2.558196756452219e-08,0.5565660047153008,323.315,0.04986
52620.0,323.3126797927316,2.395081835792305,323.3126756508049,2.4429061179246694,2.557792083408121e-08,0.5565306908131056,323.315,0.04986
52680.0,323.3126801599919,2.3949337587616704,323.3126760188006,2.442747135344665,2.5573874732505772e-08,0.5564953824971125,323.315,0.04986
52740.0,323.31268052719474,2.394785704746223,323.3126763867387,2.442588178039839,2.5569829259635257e-08,0.5564600797664533,323.315,0.04986
52800.0,323.3126808943403,2.394637673740105,323.3126767546192,2.442429246012523,2.556578441531003e-08,0.5564247826202605,323.315,0.04986
52860.0,323.3126812614285,2.3944896657374937,323.31267712244215,2.4422703392649705,2.556174019937033e-08,0.5563894910576664,323.315,0.04986
52920.0,323.3126816284595,2.3943416807325937,323.31267749020753,2.4421114577993586,2.555769661165871e-08,0.5563542050778033,323.315,0.04986
52980.0,323.3126819954331,2.394193718719645,323.3126778579154,2.4419526016177824,2.5553653652017025e-08,0.5563189246798044,323.315,0.04986
53040.0,323.31268236234945,2.3940457796929158,323.3126782255658,2.4417937707222674,2.554961132028971e-08,0.5562836498628027,323.315,0.04986
53100.0,323.31268272920863,2.3938978636467008,323.31267859315864,2.441634965114769,2.5545569616320483e-08,0.5562483806259311,323.315,0.04986
53160.0,323.3126830960105,2.3937499705753265,323.31267896069403,2.441476184797167,2.554152853995396e-08,0.5562131169683234,323.315,0.04986
53220.0,323.3126834627553,2.3936021004731485,323.3126793281719,2.44131742977127,2.5537488091037184e-08,0.5561778588891132,323.315,0.04986
53280.0,323.3126838294428,2.3934542533345518,323.3126796955924,2.4411587000388093,2.5533448269415324e-08,0.5561426063874345,323.315,0.04986
53340.0,323.3126841960731,2.3933064291539488,323.31268006295545,2.440999995601452,2.5529409074937082e-08,0.5561073594624211,323.315,0.04986
53400.0,323.3126845626463,2.3931586279257804,323.3126804302611,2.440841316460797,2.5525370507450117e-08,0.5560721181132076,323.315,0.04986
53460.0,323.3126849291623,2.3930108496445133,323.31268079750936,2.4406826626183724,2.5521332566803165e-08,0.5560368823389283,323.315,0.04986
53520.0,323.3126852956212,2.3928630943046425,323.3126811647002,2.440524034075641,2.5517295252845817e-08,0.5560016521387182,323.315,0.04986
53580.0,323.3126856620229,2.3927153619006853,323.31268153183373,2.4403654308340132,2.5513258565428454e-08,0.5559664275117122,323.315,0.04986
53640.0,323.3126860283676,2.3925676524271946,323.31268189890994,2.440206852894804,2.550922250440306e-08,0.555931208457045,323.315,0.04986
53700.0,323.31268639465515,2.3924199658787524,323.3126822659288,2.44004830025926,2.5505187069620714e-08,0.5558959949738526,323.315,0.04986
53760.0,323.31268676088564,2.3922723022499683,323.3126826328904,2.4398897729285616,2.5501152260934478e-08,0.5558607870612702,323.315,0.04986
53820.0,323.31268712705906,2.392124661535478,323.3126829997947,2.4397312709038195,2.549711807819791e-08,0.5558255847184337,323.315,0.04986
53880.0,323.3126874931755,2.391977043729896,323.31268336664175,2.4395727941862044,2.5493084521264085e-08,0.5557903879444788,323.315,0.04986
53940.0,323.3126878592348,2.391829448827907,323.3126837334315,2.439414342776711,2.5489051589987787e-08,0.5557551967385418,323.315,0.04986
54000.0,323.31268822523725,2.3916818768242276,323.3126841001641,2.439255916676248,2.5485019284224853e-08,0.5557200110997591,323.315,0.04986
54060.0,323.3126885911827,2.391534327713594,323.31268446683947,2.439097515885686,2.5480987603831482e-08,0.5556848310272671,323.315,0.04986
54120.0,323.3126889570711,2.391386801490765,323.31268483345764,2.4389391404058327,2.5476956548664152e-08,0.5556496565202029,323.315,0.04986
54180.0,323.3126893229026,2.391239298150487,323.3126852000187,2.438780790237532,2.5472926118579863e-08,0.5556144875777032,323.315,0.04986
54240.0,323.31268968867715,2.391091817687566,323.3126855665225,2.4386224653814774,2.5468896313436738e-08,0.5555793241989051,323.315,0.04986
54300.0,323.31269005439475,2.3909443600968396,323.3126859329691,2.4384641658382846,2.5464867133093447e-08,0.555544166382946,323.315,0.04986
54360.0,323.3126904200554,2.390796925373161,323.31268629935863,2.4383058916085294,2.5460838577409926e-08,0.5555090141289637,323.315,0.04986
54420.0,323.31269078565913,2.390649513511409,323.312686665691,2.4381476426927264,2.5456810646245607e-08,0.5554738674360956,323.315,0.04986
54480.0,323.31269115120597,2.390502124506444,323.3126870319663,2.437989419091439,2.545278333946057e-08,0.5554387263034798,323.315,0.04986
54540.0,323.312691516696,2.390354758353187,323.31268739818444,2.437831220805078,2.5448756656916693e-08,0.5554035907302542,323.315,0.04986
54600.0,323.3126918821291,2.3902074150465893,323.3126877643456,2.4376730478339756,2.5444730598475173e-08,0.5553684607155575,323.315,0.04986
54660.0,323.3126922475054,2.3900600945816173,323.31268813044966,2.4375149001784333,2.5440705163998954e-08,0.5553333362585279,323.315,0.04986
54720.0,323.31269261282495,2.3899127969532596,323.3126884964967,2.437356777838693,2.5436680353351347e-08,0.5552982173583042,323.315,0.04986
54780.0,323.3126929780876,2.3897655221564875,323.3126888624867,2.437198680815048,2.543265616639494e-08,0.5552631040140252,323.315,0.04986
54840.0,323.31269334329346,2.389618270186329,323.31268922841974,2.437040609107643,2.5428632602993726e-08,0.5552279962248302,323.315,0.04986
54900.0,323.31269370844257,2.389471041037842,323.3126895942958,2.436882562716551,2.542460966301313e-08,0.5551928939898582,323.315,0.04986
54960.0,323.3126940735349,2.389323834706099,323.3126899601149,2.436724541641814,2.542058734631839e-08,0.5551577973082487,323.315,0.04986
55020.0,323.3126944385705,2.389176651186191,323.31269032587704,2.4365665458834194,2.5416565652775234e-08,0.5551227061791414,323.315,0.04986
55080.0,323.31269480354933,2.389029490473196,323.3126906915822,2.4364085754413987,2.5412544582249774e-08,0.555087620601676,323.315,0.04986
55140.0,323.3126951684714,2.388882352562244,323.3126910572304,2.4362506303156475,2.5408524134608444e-08,0.5550525405749926,323.315,0.04986
55200.0,323.3126955333368,2.3887352374484934,323.31269142282173,2.436092710505994,2.5404504309719522e-08,0.5550174660982313,323.315,0.04986
55260.0,323.31269589814553,2.3885881451271134,323.3126917883561,2.4359348160122365,2.540048510745072e-08,0.5549823971705325,323.315,0.04986
55320.0,323.31269626289753,2.3884410755932963,323.31269215383355,2.4357769468341224,2.539646652767118e-08,0.554947333791037,323.315,0.04986
55380.0,323.31269662759286,2.3882940288422185,323.31269251925414,2.4356191029714376,2.5392448570248547e-08,0.5549122759588851,323.315,0.04986
55440.0,323.3126969922315,2.388147004869106,323.31269288461795,2.435461284423842,2.5388431235053175e-08,0.5548772236732178,323.315,0.04986
55500.0,323.31269735681354,2.3880000036692124,323.31269324992485,2.4353034911909326,2.53844145219548e-08,0.5548421769331764,323.315,0.04986
55560.0,323.3126977213389,2.387853025237802,323.31269361517496,2.4351457232722784,2.538039843082448e-08,0.5548071357379019,323.315,0.04986
55620.0,323.31269808580765,2.387706069570158,323.31269398036824,2.4349879806673993,2.5376382961533317e-08,0.5547721000865361,323.315,0.04986
55680.0,323.31269845021984,2.387559136661551,323.3126943455048,2.434830263375851,2.5372368113952436e-08,0.5547370699782204,323.315,0.04986
55740.0,323.3126988145754,2.3874122265072986,323.3126947105844,2.434672571397073,2.5368353887953608e-08,0.5547020454120963,323.315,0.04986
55800.0,323.31269917887437,2.3872653391027434,323.31269507560734,2.434514904730442,2.5364340283409648e-08,0.5546670263873063,323.315,0.04986
55860.0,323.3126995431168,2.3871184744432368,323.3126954405735,2.434357263375311,2.536032730019404e-08,0.5546320129029921,323.315,0.04986
55920.0,323.3126999073027,2.386971632524153,323.3126958054829,2.4341996473309857,2.5356314938180124e-08,0.5545970049582966,323.315,0.04986
55980.0,323.312700271432,2.386824813340848,323.3126961703355,2.4340420565968075,2.5352303197241053e-08,0.5545620025523617,323.315,0.04986
56040.0,323.31270063550477,2.3866780168887267,323.31269653513147,2.4338844911720052,2.5348292077251155e-08,0.5545270056843303,323.315,0.04986
56100.0,323.31270099952104,2.3865312431632155,323.31269689987073,2.4337269510557515,2.5344281578086333e-08,0.5544920143533452,323.315,0.04986
56160.0,323.31270136348076,2.386384492159751,323.31269726455326,2.4335694362471942,2.534027169962102e-08,0.5544570285585496,323.315,0.04986
56220.0,323.31270172738397,2.386237763873787,323.3126976291791,2.433411946745438,2.5336262441731702e-08,0.5544220482990867,323.315,0.04986
56280.0,323.31270209123073,2.3860910583007655,323.3126979937483,2.4332544825496223,2.5332253804293457e-08,0.5543870735740997,323.315,0.04986
56340.0,323.31270245502105,2.3859443754361713,323.3126983582609,2.4330970436587793,2.5328245787183544e-08,0.554352104382732,323.315,0.04986
56400.0,323.31270281875493,2.38579771527551,323.3126987227168,2.432939630071888,2.532423839027902e-08,0.5543171407241276,323.315,0.04986
56460.0,323.31270318243236,2.3856510778142974,323.3126990871161,2.4327822417879044,2.5320231613457542e-08,0.5542821825974302,323.315,0.04986
56520.0,323.31270354605346,2.385504463048065,323.31269945145874,2.4326248788057443,2.531622545659714e-08,0.554247230001784,323.315,0.04986
56580.0,323.31270390961805,2.385357870972334,323.31269981574485,2.4324675411243546,2.5312219919575362e-08,0.554212282936333,323.315,0.04986
56640.0,323.31270427312626,2.3852113015826646,323.31270017997434,2.4323102287425833,2.5308215002270538e-08,0.5541773414002216,323.315,0.04986
56700.0,323.3127046365781,2.3850647548746373,323.3127005441472,2.4321529416592274,2.5304210704562502e-08,0.5541424053925945,323.315,0.04986
56760.0,323.3127049999735,2.3849182308438435,323.3127009082636,2.431995679873062,2.5300207026330434e-08,0.5541074749125963,323.315,0.04986
56820.0,323.3127053633125,2.3847717294858874,323.31270127232335,2.431838443382825,2.5296203967454955e-08,0.5540725499593718,323.315,0.04986
56880.0,323.31270572659514,2.3846252507963657,323.3127016363266,2.431681232187284,2.5292201527815138e-08,0.5540376305320664,323.315,0.04986
56940.0,323.3127060898215,2.384478794770909,323.3127020002733,2.4315240462851118,2.5288199707292335e-08,0.5540027166298249,323.315,0.04986
57000.0,323.3127064529915,2.3843323614051712,323.31270236416356,2.431366885674934,2.5284198505767717e-08,0.5539678082517928,323.315,0.04986
57060.0,323.3127068161052,2.3841859506948113,323.31270272799725,2.4312097503553574,2.5280197923122372e-08,0.5539329053971158,323.315,0.04986
57120.0,323.3127071791626,2.384039562635505,323.3127030917745,2.4310526403249506,2.5276197959238344e-08,0.5538980080649394,323.315,0.04986
57180.0,323.3127075421637,2.383893197222916,323.31270345549524,2.430895555582312,2.527219861399742e-08,0.5538631162544094,323.315,0.04986
57240.0,323.31270790510854,2.3837468544527454,323.31270381915954,2.430738496125951,2.5268199887282347e-08,0.5538282299646722,323.315,0.04986
57300.0,323.3127082679971,2.3836005343207125,323.3127041827674,2.4305814619543313,2.526420177897597e-08,0.5537933491948734,323.315,0.04986
57360.0,323.3127086308294,2.3834542368225433,323.3127045463188,2.4304244530658994,2.5260204288961586e-08,0.5537584739441599,323.315,0.04986
57420.0,323.3127089936054,2.38330796195398,323.3127049098138,2.4302674694590665,2.5256207417122733e-08,0.5537236042116781,323.315,0.04986
57480.0,323.3127093563252,2.383161709710751,323.3127052732524,2.4301105111322716,2.5252211163343218e-08,0.5536887399965742,323.315,0.04986
57540.0,323.31270971898874,2.3830154800886234,323.31270563663463,2.42995357808387,2.5248215527507176e-08,0.5536538812979958,323.315,0.04986
57600.0,323.3127100815961,2.3828692730833776,323.31270599996043,2.4297966703121743,2.5244220509499392e-08,0.5536190281150891,323.315,0.04986
57660.0,323.31271044414717,2.3827230886908026,323.3127063632299,2.4296397878154803,2.5240226109205088e-08,0.5535841804470018,323.315,0.04986
57720.0,323.3127108066421,2.3825769269067028,323.31270672644297,2.4294829305920502,2.5236232326509277e-08,0.5535493382928812,323.315,0.04986
57780.0,323.31271116908084,2.3824307877268707,323.3127070895997,2.429326098640173,2.523223916129761e-08,0.5535145016518744,323.315,0.04986
57840.0,323.31271153146344,2.38228467114713,323.31270745270007,2.429169291958059,2.5228246613455918e-08,0.5534796705231292,323.315,0.04986
57900.0,323.31271189378987,2.3821385771633237,323.3127078157441,2.4290125105438776,2.5224254682870517e-08,0.5534448449057936,323.315,0.04986
57960.0,323.31271225606025,2.381992505771299,323.3127081787318,2.428855754395783,2.5220263369428518e-08,0.5534100247990154,323.315,0.04986
58020.0,323.3127126182745,2.381846456966917,323.3127085416631,2.4286990235118986,2.5216272673016046e-08,0.5533752102019424,323.315,0.04986
58080.0,323.31271298043254,2.381700430746032,323.31270890453817,2.4285423178903716,2.521228259352046e-08,0.5533404011137231,323.315,0.04986
58140.0,323.3127133425345,2.3815544271045237,323.312709267357,2.4283856375292756,2.520829313082895e-08,0.5533055975335059,323.315,0.04986
58200.0,323.31271370458035,2.381408446038292,323.3127096301195,2.4282289824266465,2.520430428483009e-08,0.5532707994604394,323.315,0.04986
58260.0,323.31271406657004,2.381262487543238,323.31270999282583,2.428072352580505,2.5200316055411197e-08,0.5532360068936725,323.315,0.04986
58320.0,323.3127144285037,2.381116551615281,323.31271035547593,2.4279157479888425,2.5196328442461144e-08,0.5532012198323536,323.315,0.04986
58380.0,323.3127147903812,2.380970638250327,323.3127107180698,2.427759168649674,2.519234144586848e-08,0.5531664382756319,323.315,0.04986
58440.0,323.31271515220277,2.3808247474443123,323.3127110806074,2.427602614560944,2.518835506552214e-08,0.5531316622226569,323.315,0.04986
58500.0,323.3127155139682,2.380678879193187,323.3127114430888,2.4274460857205633,2.5184369301311137e-08,0.5530968916725773,323.315,0.04986
58560.0,323.31271587567767,2.3805330334929105,323.312711805514,2.427289582126426,2.51803841531256e-08,0.5530621266245431,323.315,0.04986
58620.0,323.3127162373311,2.380387210339448,323.312712167883,2.4271331037764017,2.5176399620855094e-08,0.5530273670777038,323.315,0.04986
58680.0,323.3127165989285,2.380241409728761,323.3127125301958,2.4269766506683785,2.5172415704389782e-08,0.5529926130312093,323.315,0.04986
58740.0,323.31271696046986,2.380095631656837,323.31271289245245,2.4268202228001816,2.5168432403619156e-08,0.5529578644842092,323.315,0.04986
58800.0,323.31271732195523,2.3799498761196753,323.312713254653,2.426663820169602,2.5164449718434778e-08,0.5529231214358539,323.315,0.04986
58860.0,323.3127176833847,2.379804143113284,323.31271361679734,2.426507442774416,2.5160467648727647e-08,0.5528883838852935,323.315,0.04986
58920.0,323.31271804475807,2.37965843263368,323.31271397888554,2.426351090612377,2.5156486194388483e-08,0.5528536518316783,323.315,0.04986
58980.0,323.3127184060756,2.379512744676873,323.31271434091764,2.426194763681256,2.515250535530925e-08,0.552818925274159,323.315,0.04986
59040.0,323.3127187673371,2.3793670792388975,323.31271470289363,2.4260384619787643,2.514852513138048e-08,0.5527842042118865,323.315,0.04986
59100.0,323.3127191285427,2.3792214363158015,323.31271506481346,2.4258821855025805,2.5144545522495088e-08,0.5527494886440112,323.315,0.04986
59160.0,323.3127194896924,2.37907581590364,323.31271542667724,2.425725934250371,2.5140566528545572e-08,0.5527147785696844,323.315,0.04986
59220.0,323.31271985078627,2.3789302179984757,323.3127157884849,2.425569708219779,2.513658814942392e-08,0.552680073988057,323.315,0.04986
59280.0,323.3127202118241,2.378784642596364,323.3127161502365,2.425413507408466,2.5132610385022157e-08,0.5526453748982803,323.315,0.04986
59340.0,323.3127205728061,2.3786390896933884,323.3127165119321,2.425257331814037,2.5128633235234177e-08,0.552610681299506,323.315,0.04986
59400.0,323.3127209337322,2.378493559285639,323.3127168735716,2.4251011814340644,2.5124656699952162e-08,0.5525759931908855,323.315,0.04986
59460.0,323.3127212946023,2.3783480513692146,323.3127172351551,2.4249450562661115,2.5120680779070002e-08,0.5525413105715705,323.315,0.04986
59520.0,323.31272165541657,2.3782025659402226,323.31271759668255,2.4247889563077183,2.5116705472481858e-08,0.552506633440713,323.315,0.04986
59580.0,323.312722016175,2.3780571029948367,323.312717958154,2.424632881556271,2.5112730780082723e-08,0.552471961797466,323.315,0.04986
59640.0,323.3127223768776,2.3779116625291286,323.31271831956946,2.424476832009394,2.5108756701766044e-08,0.5524372956409811,323.315,0.04986
59700.0,323.3127227375244,2.3777662445391767,323.3127186809289,2.4243208076646945,2.5104783237423764e-08,0.5524026349704095,323.315,0.04986
59760.0,323.3127230981153,2.3776208490210795,323.3127190422324,2.4241648085197354,2.5100810386950488e-08,0.552367979784903,323.315,0.04986
59820.0,323.31272345865045,2.3774754759709342,323.31271940347995,2.42400883457208,2.509683815023843e-08,0.5523333300836135,323.315,0.04986
59880.0,323.3127238191298,2.3773301253851775,323.3127197646715,2.4238528858185004,2.5092866527191403e-08,0.5522986858656985,323.315,0.04986
59940.0,323.3127241795533,2.377184797259905,323.31272012580706,2.423696962256563,2.5088895517701846e-08,0.5522640471303097,323.315,0.04986
60000.0,323.3127245399211,2.377039491591174,323.3127204868867,2.423541063883927,2.5084925121663037e-08,0.5522294138765985,323.315,0.04986
60060.0,323.31272490023304,2.376894208375126,323.3127208479104,2.4233851906980535,2.508095533896878e-08,0.5521947861037169,323.315,0.04986
60120.0,323.31272526048923,2.3767489476079016,323.31272120887814,2.423229342696403,2.5076986169514026e-08,0.5521601638108179,323.315,0.04986
60180.0,323.31272562068966,2.37660370928593,323.31272156979,2.423073519875769,2.507301761320151e-08,0.5521255469970591,323.315,0.04986
60240.0,323.3127259808344,2.3764584934053516,323.312721930646,2.4229177222336165,2.506904966992559e-08,0.5520909356615928,323.315,0.04986
60300.0,323.31272634092335,2.3763132999622716,323.31272229144605,2.4227619497674864,2.5065082339580067e-08,0.5520563298035713,323.315,0.04986
60360.0,323.3127267009566,2.3761681289528704,323.3127226521903,2.4226062024747526,2.5061115622060714e-08,0.5520217294221476,323.315,0.04986
60420.0,323.3127270609341,2.3760229803733264,323.3127230128786,2.42245048035279,2.5057149517262545e-08,0.551987134516475,323.315,0.04986
60480.0,323.31272742085594,2.375877854220101,323.3127233735111,2.4222947833983164,2.5053184025089892e-08,0.5519525450857119,323.315,0.04986
60540.0,323.31272778072207,2.375732750489372,323.31272373408774,2.4221391116087085,2.5049219145437938e-08,0.5519179611290118,323.315,0.04986
60600.0,323.3127281405325,2.3755876691772837,323.31272409460854,2.421983464981421,2.504525487820106e-08,0.551883382645527,323.315,0.04986
60660.0,323.3127285002873,2.375442610280051,323.31272445507346,2.4218278435137424,2.5041291223276574e-08,0.5518488096344117,323.315,0.04986
60720.0,323.31272885998635,2.3752975737938895,323.3127248154826,2.421672247202962,2.503732818056068e-08,0.5518142420948194,323.315,0.04986
60780.0,323.3127292196298,2.375152559715234,323.3127251758359,2.421516676045867,2.5033365749956027e-08,0.5517796800259088,323.315,0.04986
60840.0,323.3127295792176,2.3750075680403393,323.3127255361335,2.421361130039651,2.502940393136084e-08,0.5517451234268346,323.315,0.04986
60900.0,323.3127299387498,2.374862598765433,323.31272589637524,2.4212056091815786,2.5025442724671642e-08,0.5517105722967506,323.315,0.04986
60960.0,323.3127302982263,2.3747176518868,323.31272625656123,2.4210501134687763,2.5021482129787187e-08,0.5516760266348123,323.315,0.04986
61020.0,323.31273065764725,2.374572727400734,323.31272661669146,2.420894642898356,2.5017522146606384e-08,0.5516414864401755,323.315,0.04986
61080.0,323.3127310170126,2.3744278253035125,323.31272697676593,2.420739197467462,2.5013562775027296e-08,0.5516069517119947,323.315,0.04986
61140.0,323.3127313763223,2.37428294559144,323.31272733678463,2.420583777173183,2.500960401494938e-08,0.5515724224494267,323.315,0.04986
61200.0,323.31273173557645,2.374138088260829,323.31272769674763,2.420428382012582,2.500564586627152e-08,0.5515378986516265,323.315,0.04986
61260.0,323.312732094775,2.3739932533079946,323.31272805665486,2.42027301198272,2.500168832889371e-08,0.5515033803177506,323.315,0.04986
61320.0,323.312732453918,2.3738484407292573,323.3127284165064,2.4201176670806444,2.4997731402714595e-08,0.5514688674469549,323.315,0.04986
61380.0,323.3127328130054,2.373703650520949,323.3127287763022,2.419962347303378,2.4993775087634826e-08,0.551434360038396,323.315,0.04986
61440.0,323.3127331720373,2.373558882679407,323.3127291360423,2.4198070526479363,2.498981938355418e-08,0.5513998580912302,323.315,0.04986
61500.0,323.31273353101363,2.37341413720097,323.3127294957267,2.4196517831113202,2.4985864290372373e-08,0.551365361604614,323.315,0.04986
61560.0,323.3127338899344,2.373269414081988,323.3127298553555,2.4194965386905136,2.498190980798982e-08,0.5513308705777045,323.315,0.04986
61620.0,323.31273424879964,2.3731247133188162,323.31273021492854,2.419341319382486,2.497795593630754e-08,0.551296385009658,323.315,0.04986
61680.0,323.3127346076094,2.372980034907801,323.31273057444594,2.4191861251842273,2.497400267522506e-08,0.551261904899632,323.315,0.04986
61740.0,323.3127349663636,2.372835378845309,323.31273093390774,2.4190309560926844,2.4970050024643875e-08,0.5512274302467834,323.315,0.04986
61800.0,323.31273532506236,2.3726907451277137,323.31273129331385,2.418875812104782,2.496609798446444e-08,0.5511929610502696,323.315,0.04986
61860.0,323.3127356837057,2.372546133751394,323.31273165266435,2.4187206932174403,2.4962146554588316e-08,0.5511584973092479,323.315,0.04986
61920.0,323.31273604229347,2.372401544712731,323.3127320119592,2.4185655994275663,2.4958195734916176e-08,0.5511240390228762,323.315,0.04986
61980.0,323.3127364008258,2.372256978008096,323.3127323711985,2.4184105307320976,2.4954245525349393e-08,0.5510895861903116,323.315,0.04986
62040.0,323.3127367593027,2.372112433633882,323.31273273038215,2.4182554871279223,2.4950295925789045e-08,0.5510551388107119,323.315,0.04986
62100.0,323.3127371177241,2.3719679115864896,323.31273308951023,2.418100468611907,2.4946346936137152e-08,0.5510206968832355,323.315,0.04986
62160.0,323.31273747609015,2.3718234118623194,323.3127334485828,2.417945475180917,2.4942398556295896e-08,0.5509862604070402,323.315,0.04986
62220.0,323.31273783440076,2.3716789344577807,323.31273380759967,2.417790506831805,2.4938450786166353e-08,0.5509518293812845,323.315,0.04986
62280.0,323.31273819265596,2.3715344793693163,323.31273416656103,2.417635563561344,2.4934503625652137e-08,0.5509174038051274,323.315,0.04986
62340.0,323.31273855085567,2.371390046593313,323.31273452546685,2.4174806453664344,2.493055707465367e-08,0.5508829836777267,323.315,0.04986
62400.0,323.312738909,2.3712456361261625,323.3127348843171,2.4173257522439653,2.492661113307346e-08,0.5508485689982405,323.315,0.04986
62460.0,323.312739267089,2.3711012479642664,323.31273524311183,2.4171708841908037,2.4922665800812725e-08,0.5508141597658265,323.315,0.04986
62520.0,323.31273962512256,2.370956882104025,323.312735601851,2.417016041203816,2.4918721077773308e-08,0.550779755979643,323.315,0.04986
62580.0,323.31273998310076,2.370812538542042,323.31273596053467,2.416861223279423,2.491477696386233e-08,0.5507453576388535,323.315,0.04986
62640.0,323.3127403410236,2.3706682172747175,323.31273631916287,2.416706430414493,2.4910833458981538e-08,0.550710964742616,323.315,0.04986
62700.0,323.31274069889105,2.3705239182984306,323.3127366777356,2.4165516626059462,2.4906890563032125e-08,0.550676577290088,323.315,0.04986
62760.0,323.3127410567032,2.370379641609607,323.31273703625277,2.4163969198505924,2.490294827591659e-08,0.5506421952804285,323.315,0.04986
62820.0,323.31274141446,2.3702353872046737,323.31273739471453,2.416242202145239,2.4899006597537198e-08,0.5506078187127962,323.315,0.04986
62880.0,323.3127417721615,2.3700911550802344,323.31273775312076,2.416087509486315,2.4895065527801883e-08,0.5505734475863544,323.315,0.04986
62940.0,323.31274212980765,2.369946945232715,323.31273811147156,2.41593284187063,2.489112506661203e-08,0.5505390819002626,323.315,0.04986
63000.0,323.3127424873985,2.3698027576585217,323.3127384697669,2.4157781992950387,2.488718521387003e-08,0.5505047216536785,323.315,0.04986
63060.0,323.31274284493406,2.3696585923541047,323.31273882800673,2.415623581756301,2.488324596947893e-08,0.5504703668457617,323.315,0.04986
63120.0,323.31274320241437,2.369514449315915,323.31273918619115,2.4154689892511763,2.4879307333341904e-08,0.5504360174756716,323.315,0.04986
63180.0,323.31274355983936,2.3693703285405734,323.3127395443202,2.41531442177605,2.4875369305366678e-08,0.5504016735425727,323.315,0.04986
63240.0,323.31274391720905,2.3692262300245304,323.31273990239384,2.4151598793276827,2.487143188545602e-08,0.5503673350456245,323.315,0.04986
63300.0,323.31274427452354,2.3690821537642144,323.31274026041206,2.415005361902879,2.4867495073513056e-08,0.550333001983986,323.315,0.04986
63360.0,323.3127446317828,2.3689380997560985,323.3127406183749,2.4148508694983506,2.4863558869440904e-08,0.5502986743568169,323.315,0.04986
63420.0,323.31274498898676,2.368794067996655,323.3127409762824,2.414696402110808,2.4859623273143414e-08,0.5502643521632776,323.315,0.04986
63480.0,323.31274534613544,2.368650058482488,323.31274133413444,2.414541959736677,2.4855688284527844e-08,0.5502300354025321,323.315,0.04986
63540.0,323.312745703229,2.3685060712100956,323.31274169193114,2.414387542372616,2.485175390349894e-08,0.5501957240737415,323.315,0.04986
63600.0,323.3127460602673,2.3683621061759546,323.31274204967247,2.414233150015321,2.4847820129959862e-08,0.5501614181760659,323.315,0.04986
63660.0,323.3127464172503,2.368218163376582,323.3127424073585,2.4140787826614103,2.4843886963815697e-08,0.5501271177086666,323.315,0.04986
63720.0,323.3127467741782,2.3680742428084978,323.3127427649891,2.4139244403074955,2.4839954404972052e-08,0.5500928226707055,323.315,0.04986
63780.0,323.31274713105086,2.3679303444682107,323.31274312256437,2.4137701229502064,2.4836022453332694e-08,0.5500585330613437,323.315,0.04986
63840.0,323.31274748786836,2.3677864683522465,323.3127434800844,2.4136158305861395,2.4832091108803542e-08,0.5500242488797433,323.315,0.04986
63900.0,323.3127478446307,2.3676426144571376,323.3127438375491,2.4134615632118783,2.4828160371289342e-08,0.549989970125066,323.315,0.04986
63960.0,323.31274820133785,2.367498782779416,323.31274419495844,2.4133073208240057,2.482423024069592e-08,0.5499556967964738,323.315,0.04986
64020.0,323.31274855798983,2.367354973315617,323.31274455231255,2.413153103419095,2.4820300716928077e-08,0.5499214288931292,323.315,0.04986
64080.0,323.3127489145867,2.3672111860622866,323.3127449096114,2.4129989109937076,2.481637179989211e-08,0.5498871664141943,323.315,0.04986
64140.0,323.3127492711284,2.3670674210159683,323.3127452668549,2.4128447435444,2.4812443489493286e-08,0.5498529093588318,323.315,0.04986
64200.0,323.312749627615,2.36692367817321,323.3127456240432,2.412690601067721,2.4808515785637685e-08,0.5498186577262042,323.315,0.04986
64260.0,323.31274998404643,2.3667799575305652,323.3127459811762,2.412536483560208,2.480458868823051e-08,0.5497844115154744,323.315,0.04986
64320.0,323.3127503404228,2.366636259084591,323.31274633825393,2.4123823910183932,2.480066219717869e-08,0.5497501707258049,323.315,0.04986
64380.0,323.31275069674405,2.3664925828318397,323.3127466952764,2.412228323438818,2.4796736312387067e-08,0.5497159353563591,323.315,0.04986
64440.0,323.31275105301023,2.3663489287688764,323.31274705224365,2.412074280818001,2.4792811033762894e-08,0.5496817054062998,323.315,0.04986
64500.0,323.31275140922133,2.366205296892268,323.3127474091557,2.4119202631524472,2.478888636121175e-08,0.5496474808747902,323.315,0.04986
64560.0,323.31275176537736,2.3660616871985853,323.31274776601254,2.4117662704386595,2.4784962294640653e-08,0.5496132617609941,323.315,0.04986
64620.0,323.31275212147835,2.3659180996844027,323.3127481228141,2.411612302673134,2.4781038833955547e-08,0.549579048064075,323.315,0.04986
64680.0,323.31275247752427,2.365774534346288,323.3127484795606,2.4114583598523844,2.4777115979062713e-08,0.5495448397831959,323.315,0.04986
64740.0,323.3127528335151,2.3656309911808195,323.31274883625184,2.411304441972895,2.477319372986869e-08,0.5495106369175212,323.315,0.04986
64800.0,323.31275318945086,2.3654874701845836,323.3127491928879,2.4111505490311393,2.4769272086280135e-08,0.5494764394662144,323.315,0.04986
64860.0,323.3127535453316,2.3653439713541635,323.31274954946883,2.41099668102359,2.4765351048204198e-08,0.5494422474284397,323.315,0.04986
64920.0,323.3127539011573,2.3652004946861505,323.31274990599456,2.4108428379467117,2.4761430615547717e-08,0.5494080608033611,323.315,0.04986
64980.0,323.312754256928,2.3650570401771542,323.31275026246516,2.4106890197969264,2.4757510788217962e-08,0.5493738795901443,323.315,0.04986
65040.0,323.3127546126437,2.3649136078237527,323.3127506188806,2.410535226570726,2.475359156612178e-08,0.5493397037879523,323.315,0.04986
65100.0,323.31275496830443,2.3647701976225246,323.31275097524093,2.410381458264596,2.4749672949165468e-08,0.5493055333959491,323.315,0.04986
65160.0,323.31275532391015,2.364626809570055,323.31275133154605,2.41022771487501,2.4745754937255968e-08,0.5492713684132989,323.315,0.04986
65220.0,323.3127556794609,2.3644834436629285,323.3127516877961,2.4100739963984417,2.4741837530300026e-08,0.5492372088391656,323.315,0.04986
65280.0,323.31275603495675,2.3643400998978557,323.31275204399105,2.409920302831115,2.4737920728208228e-08,0.5492030546727185,323.315,0.04986
65340.0,323.31275639039757,2.3641967782714204,323.3127524001309,2.4097666341695048,2.4734004530885933e-08,0.5491689059131213,323.315,0.04986
65400.0,323.3127567457834,2.3640534787801935,323.3127527562157,2.4096129904101136,2.4730088938241043e-08,0.5491347625595377,323.315,0.04986
65460.0,323.3127571011143,2.363910201420776,323.31275311224533,2.4094593715493837,2.472617395017983e-08,0.5491006246111326,323.315,0.04986
65520.0,323.3127574563903,2.3637669461897692,323.31275346821997,2.409305777583755,2.4722259566609926e-08,0.5490664920670703,323.315,0.04986
65580.0,323.3127578116113,2.363623713083882,323.3127538241395,2.4091522085094574,2.471834578744123e-08,0.5490323649265205,323.315,0.04986
65640.0,323.31275816677737,2.3634805020997156,323.31275418000405,2.4089986643229335,2.4714432612581038e-08,0.5489982431886474,323.315,0.04986
65700.0,323.3127585218886,2.363337313233857,323.31275453581355,2.408845145020649,2.471052004193649e-08,0.5489641268526158,323.315,0.04986
65760.0,323.3127588769449,2.363194146482922,323.312754891568,2.408691650599018,2.470660807541486e-08,0.5489300159175905,323.315,0.04986
65820.0,323.31275923194636,2.363051001843526,323.3127552472674,2.408538181054454,2.4702696712923698e-08,0.5488959103827371,323.315,0.04986
65880.0,323.31275958689287,2.3629078793123908,323.31275560291175,2.4083847363831645,2.4698785954373514e-08,0.5488618102472257,323.315,0.04986
65940.0,323.3127599417845,2.3627647788861292,323.3127559585011,2.4082313165815634,2.4694875799672156e-08,0.5488277155102214,323.315,0.04986
66000.0,323.3127602966213,2.3626217005613466,323.3127563140354,2.4080779216460892,2.469096624872654e-08,0.5487936261708891,323.315,0.04986
66060.0,323.31276065140327,2.3624786443346695,323.3127566695148,2.40792455157313,2.468705730144499e-08,0.5487595422283946,323.315,0.04986
66120.0,323.31276100613036,2.362335610202728,323.31275702493906,2.407771206359071,2.468314895773471e-08,0.5487254636819041,323.315,0.04986
66180.0,323.3127613608026,2.362192598162233,323.3127573803084,2.4076178860001423,2.4679241217506817e-08,0.5486913905305874,323.315,0.04986
66240.0,323.31276171542,2.3620496082098263,323.3127577356228,2.4074645904927023,2.4675334080668696e-08,0.548657322773611,323.315,0.04986
66300.0,323.31276206998257,2.361906640342143,323.3127580908823,2.407311319833129,2.4671427547129564e-08,0.5486232604101409,323.315,0.04986
66360.0,323.31276242449024,2.3617636945558367,323.31275844608683,2.407158074017758,2.466752161679688e-08,0.5485892034393447,323.315,0.04986
66420.0,323.3127627789432,2.3616207708475665,323.31275880123644,2.4070048530429218,2.466361628958006e-08,0.5485551518603894,323.315,0.04986
66480.0,323.3127631333413,2.361477869213986,323.3127591563311,2.4068516569049634,2.4659711565388385e-08,0.5485211056724424,323.315,0.04986
66540.0,323.31276348768466,2.3613349896517555,323.3127595113708,2.4066984856002067,2.465580744412932e-08,0.5484870648746712,323.315,0.04986
66600.0,323.3127638419732,2.361192132157541,323.3127598663556,2.406545339124968,2.465190392571289e-08,0.5484530294662436,323.315,0.04986
66660.0,323.312764196207,2.361049296728008,323.31276022128543,2.406392217475564,2.464800101004758e-08,0.5484189994463271,323.315,0.04986
66720.0,323.3127645503861,2.360906483359826,323.3127605761604,2.4062391206483063,2.464409869704266e-08,0.54838497481409,323.315,0.04986
66780.0,323.31276490451035,2.3607636920496677,323.3127609309804,2.4060860486394993,2.464019698660744e-08,0.5483509555687002,323.315,0.04986
66840.0,323.3127652585799,2.3606209227942063,323.31276128574564,2.405933001445445,2.463629587865027e-08,0.5483169417093262,323.315,0.04986
66900.0,323.31276561259466,2.360478175590118,323.31276164045596,2.4057799790624417,2.4632395373081173e-08,0.5482829332351362,323.315,0.04986
66960.0,323.3127659665547,2.360335450434083,323.31276199511143,2.4056269814867806,2.4628495469809484e-08,0.5482489301452986,323.315,0.04986
67020.0,323.31276632045996,2.36019274732278,323.3127623497121,2.40547400871475,2.4624596168743893e-08,0.548214932438982,323.315,0.04986
67080.0,323.3127666743106,2.3600500662528905,323.31276270425786,2.4053210607426463,2.4620697469794495e-08,0.5481809401153552,323.315,0.04986
67140.0,323.31276702810646,2.3599074072210984,323.3127630587488,2.4051681375667497,2.4616799372870478e-08,0.548146953173587,323.315,0.04986
67200.0,323.31276738184766,2.3597647702240936,323.3127634131849,2.4050152391833346,2.4612901877881664e-08,0.5481129716128461,323.315,0.04986
67260.0,323.3127677355342,2.359622155258564,323.3127637675661,2.4048623655886745,2.4609004984737502e-08,0.5480789954323022,323.315,0.04986
67320.0,323.31276808916596,2.3594795623212033,323.3127641218924,2.4047095167790378,2.4605108693347265e-08,0.5480450246311241,323.315,0.04986
67380.0,323.3127684427431,2.359336991408699,323.31276447616403,2.4045566927507047,2.460121300362129e-08,0.5480110592084813,323.315,0.04986
67440.0,323.31276879626563,2.3591944425177456,323.31276483038084,2.404403893499938,2.4597317915468885e-08,0.5479770991635429,323.315,0.04986
67500.0,323.3127691497334,2.3590519156450442,323.3127651845429,2.404251119022994,2.459342342879972e-08,0.5479431444954788,323.315,0.04986
67560.0,323.31276950314657,2.358909410787291,323.3127655386502,2.4040983693161304,2.4589529543524478e-08,0.5479091952034586,323.315,0.04986
67620.0,323.31276985650504,2.35876692794119,323.3127658927027,2.4039456443755998,2.4585636259552034e-08,0.5478752512866524,323.315,0.04986
67680.0,323.31277020980895,2.358624467103456,323.31276624670045,2.4037929441976313,2.4581743576793457e-08,0.5478413127442306,323.315,0.04986
67740.0,323.31277056305817,2.3584820282707826,323.3127666006434,2.403640268778493,2.4577851495158562e-08,0.547807379575363,323.315,0.04986
67800.0,323.3127709162528,2.358339611439864,323.31276695453164,2.4034876181144487,2.4573960014556327e-08,0.5477734517792187,323.315,0.04986
67860.0,323.3127712693929,2.358197216607401,323.3127673083651,2.403334992201755,2.45700691348978e-08,0.5477395293549675,323.315,0.04986
67920.0,323.3127716224783,2.3580548437700912,323.3127676621438,2.4031823910366694,2.4566178856091978e-08,0.5477056123017793,323.315,0.04986
67980.0,323.3127719755092,2.3579124929247133,323.3127680158678,2.4030298146153166,2.4562289178051022e-08,0.5476717006188287,323.315,0.04986
68040.0,323.31277232848544,2.357770164067965,323.31276836953714,2.402877262933954,2.455840010068476e-08,0.5476377943052856,323.315,0.04986
68100.0,323.3127726814071,2.357627857196537,323.31276872315175,2.4027247359888553,2.4554511623903118e-08,0.5476038933603188,323.315,0.04986
68160.0,323.31277303427424,2.3574855723071373,323.3127690767117,2.40257223377626,2.455062374761604e-08,0.5475699977830988,323.315,0.04986
68220.0,323.3127733870868,2.3573433093964757,323.3127694302169,2.4024197562924083,2.454673647173372e-08,0.547536107572796,323.315,0.04986
68280.0,323.3127737398448,2.35720106846133,323.3127697836675,2.4022673035334274,2.454284979616805e-08,0.5475022227285854,323.315,0.04986
68340.0,323.3127740925483,2.357058849498408,323.31277013706335,2.4021148754955584,2.4538963720829155e-08,0.5474683432496371,323.315,0.04986
68400.0,323.31277444519725,2.3569166525044114,323.31277049040455,2.4019624721750543,2.4535078245627395e-08,0.5474344691351213,323.315,0.04986
68460.0,323.3127747977917,2.3567744774760575,323.31277084369106,2.4018100935681406,2.453119337047288e-08,0.5474006003842087,323.315,0.04986
68520.0,323.3127751503316,2.3566323244100653,323.31277119692294,2.401657739671043,2.4527309095276004e-08,0.5473667369960701,323.315,0.04986
68580.0,323.312775502817,2.3564901933032187,323.3127715501002,2.4015054104798774,2.452342541994874e-08,0.5473328789698815,323.315,0.04986
68640.0,323.3127758552479,2.3563480841522377,323.31277190322277,2.40135310599087,2.45195423444016e-08,0.5472990263048135,323.315,0.04986
68700.0,323.31277620762427,2.3562059969538307,323.31277225629077,2.401200826200259,2.4515659868545102e-08,0.5472651790000367,323.315,0.04986
68760.0,323.3127765599462,2.356063931704724,323.3127726093042,2.401048571104256,2.451177799228965e-08,0.5472313370547229,323.315,0.04986
68820.0,323.3127769122136,2.355921888401645,323.31277296226295,2.400896340699072,2.4507896715545773e-08,0.5471975004680433,323.315,0.04986
68880.0,323.3127772644266,2.3557798670413863,323.3127733151672,2.400744134980814,2.4504016038226005e-08,0.5471636692391745,323.315,0.04986
68940.0,323.3127776165851,2.3556378676206737,323.31277366801675,2.4005919539456935,2.4500135960240963e-08,0.5471298433672878,323.315,0.04986
69000.0,323.31277796868915,2.3554958901362264,323.3127740208118,2.4004397975899336,2.4496256481501042e-08,0.5470960228515543,323.315,0.04986
69060.0,323.31277832073874,2.3553539345847803,323.3127743735522,2.4002876659097336,2.449237760191708e-08,0.5470622076911464,323.315,0.04986
69120.0,323.3127786727339,2.3552120009630695,323.31277472623805,2.40013555890129,2.4488499321399893e-08,0.5470283978852359,323.315,0.04986
69180.0,323.3127790246746,2.355070089267893,323.3127750788693,2.399983476560704,2.4484621639862025e-08,0.5469945934330002,323.315,0.04986
69240.0,323.31277937656097,2.354928199495987,323.3127754314461,2.3998314188841743,2.448074455721474e-08,0.5469607943336112,323.315,0.04986
69300.0,323.3127797283929,2.3547863316440756,323.31277578396833,2.39967938586791,2.4476868073368607e-08,0.5469270005862406,323.315,0.04986
69360.0,323.3127800801704,2.3546444857089064,323.312776136436,2.399527377508096,2.447299218823421e-08,0.5468932121900613,323.315,0.04986
69420.0,323.3127804318935,2.3545026616872198,323.3127764888492,2.3993753938009177,2.4469116901722886e-08,0.5468594291442458,323.315,0.04986
69480.0,323.31278078356223,2.35436085957582,323.31277684120784,2.399223434742472,2.446524221374754e-08,0.546825651447972,323.315,0.04986
69540.0,323.31278113517664,2.3542190793714486,323.312777193512,2.3990715003289442,2.446136812421905e-08,0.5467918791004126,323.315,0.04986
69600.0,323.3127814867366,2.354077321070844,323.3127775457616,2.3989195905565306,2.445749463304847e-08,0.5467581121007398,323.315,0.04986
69660.0,323.31278183824224,2.3539355846707553,323.3127778979568,2.3987677054214047,2.4453621740147213e-08,0.5467243504481272,323.315,0.04986
69720.0,323.3127821896935,2.3537938701679337,323.3127782500975,2.3986158449197403,2.4449749445425626e-08,0.5466905941417479,323.315,0.04986
69780.0,323.3127825410905,2.353652177559189,323.3127786021837,2.3984640090476295,2.4445877748798304e-08,0.5466568431807802,323.315,0.04986
69840.0,323.31278289243306,2.3535105068412694,323.31277895421545,2.398312197801247,2.444200665017462e-08,0.5466230975643976,323.315,0.04986
69900.0,323.3127832437213,2.3533688580109215,323.3127793061927,2.398160411176776,2.4438136149466826e-08,0.5465893572917729,323.315,0.04986
69960.0,323.31278359495525,2.353227231064901,323.3127796581155,2.3980086491703796,2.4434266246586244e-08,0.5465556223620803,323.315,0.04986
70020.0,323.31278394613486,2.3530856259999684,323.3127800099839,2.3978569117782214,2.4430396941444088e-08,0.5465218927744933,323.315,0.04986
70080.0,323.3127842972601,2.3529440428129353,323.3127803617978,2.39770519899639,2.4426528233953725e-08,0.5464881685281913,323.315,0.04986
70140.0,323.31278464833116,2.352802481500559,323.31278071355734,2.3975535108210484,2.442266012402624e-08,0.546454449622348,323.315,0.04986
70200.0,323.3127849993479,2.352660942059593,323.31278106526247,2.39740184724837,2.441879261157358e-08,0.5464207360561368,323.315,0.04986
70260.0,323.3127853503104,2.352519424486802,323.31278141691314,2.3972502082745075,2.4414925696507026e-08,0.5463870278287326,323.315,0.04986
70320.0,323.31278570121856,2.3523779287789504,323.31278176850947,2.3970985938956146,2.4411059378737887e-08,0.5463533249393097,323.315,0.04986
70380.0,323.3127860520725,2.3522364549328563,323.31278212005134,2.396947004107776,2.4407193658179815e-08,0.546319627387048,323.315,0.04986
70440.0,323.3127864028722,2.3520950029452843,323.31278247153887,2.396795438907145,2.440332853474417e-08,0.5462859351711215,323.315,0.04986
70500.0,323.3127867536176,2.3519535728129943,323.312782822972,2.3966438982898834,2.439946400834291e-08,0.5462522482907046,323.315,0.04986
70560.0,323.3127871043088,2.351812164532757,323.3127831743507,2.3964923822521365,2.4395600078887147e-08,0.5462185667449726,323.315,0.04986
70620.0,323.31278745494575,2.3516707781013446,323.3127835256751,2.3963408907900487,2.4391736746289392e-08,0.5461848905331008,323.315,0.04986
70680.0,323.3127878055285,2.35152941351558,323.3127838769452,2.3961894238997012,2.438787401046295e-08,0.5461512196542688,323.315,0.04986
70740.0,323.31278815605697,2.3513880707722334,323.3127842281609,2.3960379815772392,2.438401187131863e-08,0.5461175541076522,323.315,0.04986
70800.0,323.31278850653126,2.3512467498680714,323.31278457932234,2.3958865638188147,2.4380150328769445e-08,0.5460838938924255,323.315,0.04986
70860.0,323.31278885695133,2.3511054507998725,323.3127849304294,2.395735170620564,2.437628938272657e-08,0.5460502390077647,323.315,0.04986
70920.0,323.3127892073172,2.3509641735644156,323.31278528148215,2.3955838019786238,2.437242903310266e-08,0.5460165894528455,323.315,0.04986
70980.0,323.31278955762895,2.350822918158525,323.3127856324806,2.3954324578890724,2.4368569279810812e-08,0.5459829452268486,323.315,0.04986
71040.0,323.3127899078865,2.35068168457898,323.3127859834247,2.395281138348046,2.4364710122762788e-08,0.5459493063289499,323.315,0.04986
71100.0,323.3127902580899,2.350540472822553,323.3127863343145,2.395129843351689,2.4360851561870433e-08,0.5459156727583245,323.315,0.04986
71160.0,323.3127906082391,2.3503992828860296,323.31278668515006,2.3949785728961297,2.435699359704665e-08,0.545882044514149,323.315,0.04986
71220.0,323.3127909583342,2.3502581147661923,323.3127870359313,2.394827326977497,2.4353136228203296e-08,0.5458484215955998,323.315,0.04986
71280.0,323.31279130837515,2.350116968459872,323.3127873866583,2.3946761055918664,2.4349279455253635e-08,0.5458148040018581,323.315,0.04986
71340.0,323.3127916583619,2.349975843963853,323.312787737331,2.394524908735367,2.4345423278109868e-08,0.5457811917321004,323.315,0.04986
71400.0,323.31279200829454,2.3498347412749148,323.3127880879495,2.3943737364041344,2.434156769668415e-08,0.5457475847855024,323.315,0.04986
71460.0,323.31279235817306,2.349693660389847,323.31278843851373,2.3942225885942903,2.4337712710888525e-08,0.5457139831612416,323.315,0.04986
71520.0,323.3127927079974,2.349552601305441,323.3127887890237,2.394071465301957,2.433385832063588e-08,0.5456803868584945,323.315,0.04986
71580.0,323.31279305776775,2.3494115640185296,323.31278913947955,2.393920366523208,2.4330004525839974e-08,0.5456467958764433,323.315,0.04986
71640.0,323.312793407484,2.3492705485259036,323.312789489881,2.3937692922541656,2.4326151326412214e-08,0.545613210214265,323.315,0.04986
71700.0,323.3127937571461,2.349129554824347,323.31278984022833,2.3936182424909576,2.4322298722265778e-08,0.5455796298711358,323.315,0.04986
71760.0,323.3127941067542,2.348988582910658,323.3127901905214,2.3934672172296994,2.431844671331331e-08,0.5455460548462339,323.315,0.04986
71820.0,323.31279445630827,2.348847632781631,323.31279054076026,2.3933162164665074,2.4314595299466424e-08,0.5455124851387363,323.315,0.04986
71880.0,323.3127948058082,2.348706704434103,323.31279089094494,2.3931652401974532,2.4310744480639244e-08,0.545478920747826,323.315,0.04986
71940.0,323.3127951552541,2.3485657978648717,323.3127912410755,2.3930142884186525,2.4306894256744004e-08,0.5454453616726803,323.315,0.04986
72000.0,323.3127955046459,2.348424913070727,323.31279159115184,2.392863361126226,2.430304462769349e-08,0.5454118079124765,323.315,0.04986
72060.0,323.3127958539837,2.34828405004847,323.31279194117405,2.3927124583162844,2.4299195593399867e-08,0.5453782594663926,323.315,0.04986
72120.0,323.3127962032674,2.3481432087949035,323.31279229114216,2.3925615799849376,2.4295347153776325e-08,0.5453447163336073,323.315,0.04986
72180.0,323.3127965524971,2.348002389306867,323.31279264105603,2.3924107261282552,2.4291499308736484e-08,0.5453111785133031,323.315,0.04986
72240.0,323.3127969016728,2.3478615915811645,323.3127929909158,2.3922598967423476,2.428765205819284e-08,0.5452776460046586,323.315,0.04986
72300.0,323.3127972507945,2.34772081561459,323.3127933407214,2.39210909182333,2.4283805402058255e-08,0.5452441188068514,323.315,0.04986
72360.0,323.3127975998622,2.347580061403952,323.3127936904729,2.391958311367307,2.4279959340245558e-08,0.5452105969190605,323.315,0.04986
72420.0,323.3127979488759,2.347439328946056,323.3127940401703,2.391807555370383,2.4276113872666948e-08,0.5451770803404645,323.315,0.04986
72480.0,323.3127982978356,2.3472986182377467,323.3127943898135,2.391656823828628,2.427226899923658e-08,0.5451435690702473,323.315,0.04986
72540.0,323.3127986467414,2.3471579292758316,323.31279473940265,2.3915061167381464,2.4268424719867896e-08,0.5451100631075876,323.315,0.04986
72600.0,323.3127989955932,2.347017262057112,323.3127950889377,2.391355434095047,2.4264581034472998e-08,0.5450765624516635,323.315,0.04986
72660.0,323.31279934439107,2.346876616578399,323.31279543841873,2.3912047758954307,2.4260737942964617e-08,0.5450430671016547,323.315,0.04986
72720.0,323.31279969313493,2.3467359928365052,323.31279578784563,2.3910541421353972,2.4256895445256097e-08,0.5450095770567409,323.315,0.04986
72780.0,323.31280004182486,2.346595390828279,323.3127961372184,2.390903532811014,2.425305354126108e-08,0.5449760923161058,323.315,0.04986
72840.0,323.3128003904609,2.346454810550531,323.3127964865372,2.390752947918383,2.4249212230893213e-08,0.5449426128789294,323.315,0.04986
72900.0,323.312800739043,2.3463142520000693,323.3127968358019,2.3906023874536064,2.4245371514064616e-08,0.5449091387443901,323.315,0.04986
72960.0,323.31280108757113,2.34617371517371,323.3127971850126,2.3904518514127817,2.4241531390687997e-08,0.5448756699116681,323.315,0.04986
73020.0,323.3128014360454,2.346033200068268,323.31279753416925,2.390301339792004,2.4237691860677767e-08,0.5448422063799438,323.315,0.04986
73080.0,323.31280178446565,2.3458927066805977,323.31279788327186,2.3901508525873405,2.423385292394663e-08,0.5448087481484014,323.315,0.04986
73140.0,323.31280213283213,2.345752235007514,323.3127982323204,2.390000389794888,2.4230014580408876e-08,0.5447752952162215,323.315,0.04986
73200.0,323.3128024811447,2.345611785045829,323.31279858131495,2.3898499514107456,2.4226176829976276e-08,0.5447418475825836,323.315,0.04986
73260.0,323.3128028294033,2.3454713567923644,323.31279893025555,2.3896995374310053,2.4222339672562976e-08,0.544708405246668,323.315,0.04986
73320.0,323.3128031776081,2.34533095024394,323.3127992791421,2.38954914785176,2.4218503108081467e-08,0.5446749682076556,323.315,0.04986
73380.0,323.312803525759,2.345190565397412,323.3127996279747,2.3893987826690757,2.4214667136445932e-08,0.5446415364647316,323.315,0.04986
73440.0,323.3128038738561,2.3450502022496016,323.31279997675324,2.3892484418790447,2.421083175757046e-08,0.5446081100170771,323.315,0.04986
73500.0,323.31280422189934,2.3449098607973244,323.31280032547784,2.389098125477763,2.4206996971367532e-08,0.5445746888638716,323.315,0.04986
73560.0,323.3128045698887,2.344769541037407,323.3128006741485,2.388947833461319,2.4203162777750374e-08,0.5445412730042968,323.315,0.04986
73620.0,323.3128049178243,2.3446292429666737,323.31280102276514,2.388797565825802,2.4199329176632644e-08,0.5445078624375338,323.315,0.04986
73680.0,323.312805265706,2.3444889665819844,323.31280137132785,2.388647322567278,2.4195496167927854e-08,0.5444744571627687,323.315,0.04986
73740.0,323.31280561353395,2.344348711880164,323.3128017198366,2.3884971036818365,2.419166375155025e-08,0.5444410571791826,323.315,0.04986
73800.0,323.3128059613081,2.3442084788580324,323.3128020682915,2.3883469091655694,2.4187831927412526e-08,0.5444076624859563,323.315,0.04986
73860.0,323.31280630902836,2.344068267512421,323.3128024166924,2.3881967390145618,2.418400069542832e-08,0.5443742730822717,323.315,0.04986
73920.0,323.3128066566949,2.343928077840159,323.3128027650394,2.3880465932249004,2.4180170055510784e-08,0.5443408889673105,323.315,0.04986
73980.0,323.3128070043076,2.343787909838108,323.3128031133325,2.3878964717926516,2.4176340007574734e-08,0.5443075101402595,323.315,0.04986
74040.0,323.3128073518666,2.343647763503098,323.31280346157166,2.387746374713901,2.4172510551532944e-08,0.5442741366003004,323.315,0.04986
74100.0,323.3128076993717,2.3435076388319542,323.312803809757,2.3875963019847375,2.4168681687299054e-08,0.5442407683466145,323.315,0.04986
74160.0,323.31280804682314,2.3433675358215114,323.3128041578885,2.3874462536012446,2.416485341478707e-08,0.5442074053783844,323.315,0.04986
74220.0,323.3128083942208,2.343227454468602,323.312804505966,2.3872962295595053,2.4161025733909813e-08,0.5441740476947925,323.315,0.04986
74280.0,323.31280874156465,2.3430873947700928,323.31280485398975,2.3871462298555857,2.4157198644582034e-08,0.5441406952950258,323.315,0.04986
74340.0,323.31280908885486,2.3429473567228154,323.3128052019596,2.3869962544855707,2.415337214671751e-08,0.5441073481782671,323.315,0.04986
74400.0,323.3128094360913,2.342807340323602,323.3128055498755,2.3868463034455445,2.414954624022909e-08,0.5440740063436978,323.315,0.04986
74460.0,323.312809783274,2.3426673455692884,323.31280589773763,2.386696376731589,2.4145720925031467e-08,0.5440406697905015,323.315,0.04986
74520.0,323.312810130403,2.342527372456713,323.31280624554586,2.3865464743397857,2.414189620103694e-08,0.544007338517861,323.315,0.04986
74580.0,323.31281047747837,2.342387420982745,323.3128065933003,2.3863965962662013,2.4138072068161397e-08,0.543974012524964,323.315,0.04986
74640.0,323.3128108245,2.342247491144221,323.3128069410009,2.386246742506917,2.413424852631748e-08,0.5439406918109937,323.315,0.04986
74700.0,323.3128111714679,2.3421075829379756,323.31280728864766,2.386096913058016,2.4130425575419268e-08,0.5439073763751322,323.315,0.04986
74760.0,323.31281151838215,2.3419676963608493,323.3128076362407,2.3859471079155776,2.4126603215379916e-08,0.5438740662165638,323.315,0.04986
74820.0,323.3128118652427,2.3418278314096854,323.31280798377986,2.3857973270756814,2.4122781446113916e-08,0.5438407613344717,323.315,0.04986
74880.0,323.31281221204955,2.341687988081354,323.3128083312653,2.3856475705343945,2.4118960267535627e-08,0.5438074617280443,323.315,0.04986
74940.0,323.31281255880276,2.3415481663726974,323.3128086786969,2.385497838287796,2.4115139679558416e-08,0.5437741673964653,323.315,0.04986
75000.0,323.31281290550237,2.341408366280552,323.3128090260747,2.385348130331967,2.4111319682096732e-08,0.543740878338918,323.315,0.04986
75060.0,323.31281325214826,2.341268587801765,323.3128093733988,2.3851984466629856,2.4107500275063497e-08,0.5437075945545864,323.315,0.04986
75120.0,323.31281359874055,2.3411288309331812,323.3128097206691,2.3850487872769293,2.4103681458373004e-08,0.5436743160426546,323.315,0.04986
75180.0,323.31281394527923,2.3409890956716746,323.31281006788566,2.3848991521698664,2.409986323194061e-08,0.543641042802312,323.315,0.04986
75240.0,323.3128142917643,2.34084938201409,323.3128104150485,2.3847495413378748,2.4096045595679448e-08,0.5436077748327426,323.315,0.04986
75300.0,323.31281463819573,2.3407096899572686,323.31281076215754,2.3845999547770336,2.4092228549502948e-08,0.5435745121331297,323.315,0.04986
75360.0,323.3128149845736,2.3405700194980614,323.3128111092129,2.3844503924834193,2.4088412093325583e-08,0.5435412547026588,323.315,0.04986
75420.0,323.3128153308979,2.3404303706333165,323.31281145621443,2.384300854453109,2.4084596227061628e-08,0.5435080025405145,323.315,0.04986
75480.0,323.31281567716854,2.340290743359911,323.31281180316233,2.3841513406821706,2.408078095062561e-08,0.5434747556458862,323.315,0.04986
75540.0,323.3128160233856,2.3401511376746926,323.3128121500565,2.3840018511666816,2.4076966263930788e-08,0.5434415140179587,323.315,0.04986
75600.0,323.31281636954907,2.3400115535745076,323.31281249689704,2.3838523859027188,2.4073152166891684e-08,0.5434082776559164,323.315,0.04986
75660.0,323.312816715659,2.339871991056209,323.3128128436839,2.3837029448863585,2.4069338659421956e-08,0.5433750465589449,323.315,0.04986
75720.0,323.31281706171535,2.3397324501166494,323.31281319041705,2.383553528113676,2.406552574143663e-08,0.5433418207262294,323.315,0.04986
75780.0,323.31281740771817,2.3395929307527075,323.31281353709653,2.3834041355807405,2.406171341284936e-08,0.54330860015696,323.315,0.04986
75840.0,323.31281775366745,2.3394534329612364,323.3128138837223,2.383254767283628,2.405790167357479e-08,0.5432753848503223,323.315,0.04986
75900.0,323.31281809956323,2.339313956739084,323.31281423029446,2.3831054232184155,2.4054090523527084e-08,0.5432421748055012,323.315,0.04986
75960.0,323.3128184454054,2.3391745020831083,323.31281457681297,2.3829561033811766,2.4050279962619867e-08,0.5432089700216823,323.315,0.04986
76020.0,323.31281879119416,2.339035068990164,323.3128149232778,2.382806807767987,2.404646999076766e-08,0.5431757704980521,323.315,0.04986
76080.0,323.31281913692936,2.338895657457133,323.312815269689,2.3826575363749183,2.404266060788531e-08,0.5431425762338012,323.315,0.04986
76140.0,323.3128194826111,2.338756267480872,323.3128156160466,2.3825082891980442,2.403885181388675e-08,0.5431093872281156,323.315,0.04986
76200.0,323.3128198282393,2.3386168990582332,323.31281596235056,2.3823590662334406,2.4035043608686366e-08,0.5430762034801808,323.315,0.04986
76260.0,323.31282017381403,2.3384775521860757,323.31281630860093,2.382209867477182,2.403123599219822e-08,0.5430430249891832,323.315,0.04986
76320.0,323.3128205193353,2.33833822686126,323.3128166547977,2.382060692925343,2.4027428964336606e-08,0.5430098517543097,323.315,0.04986
76380.0,323.31282086480303,2.338198923080669,323.31281700094087,2.381911542573995,2.4023622525016107e-08,0.5429766837747515,323.315,0.04986
76440.0,323.3128212102173,2.3380596408411627,323.31281734703043,2.381762416419213,2.4019816674151227e-08,0.5429435210496952,323.315,0.04986
76500.0,323.3128215555781,2.3379203801395976,323.3128176930664,2.3816133144570713,2.401601141165671e-08,0.5429103635783267,323.315,0.04986
76560.0,323.3128219008855,2.3377811409728366,323.3128180390488,2.381464236683644,2.4012206737446038e-08,0.5428772113598334,323.315,0.04986
76620.0,323.31282224613943,2.337641923337742,323.3128183849777,2.3813151830950052,2.4008402651433923e-08,0.5428440643934025,323.315,0.04986
76680.0,323.31282259133997,2.3375027272312003,323.31281873085294,2.381166153687229,2.4004599153535555e-08,0.5428109226782258,323.315,0.04986
76740.0,323.31282293648707,2.337363552650073,323.3128190766747,2.3810171484563893,2.4000796243665044e-08,0.5427777862134906,323.315,0.04986
76800.0,323.31282328158073,2.3372243995912214,323.31281942244294,2.3808681673985608,2.3996993921736354e-08,0.5427446549983835,323.315,0.04986
76860.0,323.312823626621,2.337085268051511,323.3128197681576,2.3807192105098163,2.3993192187664646e-08,0.5427115290320924,323.315,0.04986
76920.0,323.31282397160794,2.336946158027807,323.3128201138188,2.380570277786231,2.398939104136416e-08,0.5426784083138051,323.315,0.04986
76980.0,323.3128243165415,2.3368070695169987,323.3128204594265,2.3804213692238796,2.3985590482749407e-08,0.5426452928427138,323.315,0.04986
77040.0,323.3128246614216,2.3366680025159523,323.3128208049807,2.3802724848188364,2.3981790511735202e-08,0.5426121826180064,323.315,0.04986
77100.0,323.3128250062483,2.336528957021531,323.31282115048134,2.3801236245671746,2.3977991128235797e-08,0.5425790776388704,323.315,0.04986
77160.0,323.3128253510216,2.3363899330306026,323.31282149592846,2.379974788464969,2.3974192332165554e-08,0.5425459779044939,323.315,0.04986
77220.0,323.3128256957416,2.3362509305400367,323.3128218413221,2.379825976508294,2.3970394123439497e-08,0.5425128834140654,323.315,0.04986
77280.0,323.3128260404082,2.3361119495467237,323.3128221866623,2.3796771886932264,2.3966596501971913e-08,0.5424797941667782,323.315,0.04986
77340.0,323.3128263850215,2.3359729900475337,323.31282253194894,2.37952842501584,2.3962799467678197e-08,0.5424467101618203,323.315,0.04986
77400.0,323.3128267295814,2.335834052039333,323.3128228771822,2.379379685472209,2.3959003020472244e-08,0.5424136313983797,323.315,0.04986
77460.0,323.31282707408803,2.335695135518992,323.31282322236194,2.3792309700584076,2.395520716026902e-08,0.5423805578756453,323.315,0.04986
77520.0,323.3128274185413,2.335556240483383,323.3128235674883,2.3790822787705106,2.3951411886982554e-08,0.5423474895928063,323.315,0.04986
77580.0,323.3128277629413,2.3354173669294003,323.31282391256116,2.378933611604597,2.3947617200529026e-08,0.5423144265490563,323.315,0.04986
77640.0,323.312828107288,2.3352785148539166,323.31282425758064,2.378784968556741,2.3943823100821957e-08,0.5422813687435837,323.315,0.04986
77700.0,323.31282845158137,2.3351396842537993,323.3128246025467,2.3786363496230165,2.394002958777639e-08,0.5422483161755777,323.315,0.04986
77760.0,323.3128287958214,2.3350008751259237,323.3128249474593,2.3784877547994987,2.393623666130684e-08,0.5422152688442277,323.315,0.04986
77820.0,323.31282914000826,2.3348620874671644,323.31282529231856,2.378339184082263,2.3932444321328538e-08,0.5421822267487229,323.315,0.04986
77880.0,323.31282948414173,2.334723321274419,323.31282563712443,2.3781906374673896,2.3928652567755524e-08,0.542149189888258,323.315,0.04986
77940.0,323.312829828222,2.334584576544561,323.31282598187687,2.378042114950953,2.3924861400503627e-08,0.542116158262022,323.315,0.04986
78000.0,323.312830172249,2.334445853274463,323.31282632657593,2.3778936165290285,2.3921070819487243e-08,0.5420831318692045,323.315,0.04986
78060.0,323.31283051622273,2.334307151461002,323.3128266712216,2.377745142197691,2.3917280824620844e-08,0.5420501107089952,323.315,0.04986
78120.0,323.3128308601432,2.334168471101056,323.3128270158139,2.3775966919530167,2.391349141581879e-08,0.5420170947805848,323.315,0.04986
78180.0,323.3128312040105,2.334029812191524,323.3128273603529,2.377448265791088,2.3909702592997603e-08,0.5419840840831674,323.315,0.04986
78240.0,323.31283154782454,2.333891174729283,323.3128277048385,2.3772998637079805,2.3905914356070534e-08,0.5419510786159337,323.315,0.04986
78300.0,323.31283189158535,2.3337525587112085,323.31282804927076,2.3771514856997693,2.390212670495354e-08,0.5419180783780732,323.315,0.04986
78360.0,323.31283223529294,2.33361396413418,323.3128283936497,2.3770031317625313,2.389833963956047e-08,0.5418850833687765,323.315,0.04986
78420.0,323.31283257894734,2.333475390995079,323.3128287379753,2.3768548018923426,2.389455315980684e-08,0.5418520935872345,323.315,0.04986
78480.0,323.3128329225485,2.333336839290806,323.3128290822476,2.376706496085288,2.389076726560819e-08,0.5418191090326424,323.315,0.04986
78540.0,323.3128332660965,2.3331983090182415,323.3128294264666,2.3765582143374435,2.3886981956878504e-08,0.5417861297041912,323.315,0.04986
78600.0,323.3128336095913,2.3330598001742624,323.3128297706322,2.3764099566448853,2.3883197233532892e-08,0.5417531556010708,323.315,0.04986
78660.0,323.3128339530329,2.3329213127557535,323.31283011474454,2.3762617230036907,2.3879413095486677e-08,0.5417201867224729,323.315,0.04986
78720.0,323.3128342964214,2.3327828467595957,323.3128304588036,2.376113513409938,2.3875629542654274e-08,0.5416872230675887,323.315,0.04986
78780.0,323.31283463975666,2.3326444021826944,323.31283080280934,2.3759653278597126,2.3871846574951083e-08,0.5416542646356138,323.315,0.04986
78840.0,323.31283498303884,2.3325059790219322,323.3128311467618,2.375817166349093,2.3868064192292503e-08,0.5416213114257401,323.315,0.04986
78900.0,323.3128353262678,2.332367577274189,323.3128314906611,2.3756690288741544,2.3864282394592848e-08,0.541588363437158,323.315,0.04986
78960.0,323.3128356694437,2.33222919693635,323.31283183450705,2.375520915430977,2.3860501181767656e-08,0.5415554206690596,323.315,0.04986
79020.0,323.3128360125665,2.3320908380053025,323.31283217829974,2.375372826015639,2.385672055373148e-08,0.5415224831206368,323.315,0.04986
79080.0,323.3128363556361,2.331952500477951,323.31283252203923,2.3752247606242287,2.38529405103996e-08,0.541489550791086,323.315,0.04986
79140.0,323.3128366986526,2.331814184351183,323.31283286572545,2.3750767192528257,2.3849161051687862e-08,0.5414566236795993,323.315,0.04986
79200.0,323.312837041616,2.331675889621879,323.3128332093585,2.3749287018975065,2.384538217751002e-08,0.5414237017853681,323.315,0.04986
79260.0,323.3128373845263,2.331537616286929,323.3128335529383,2.3747807085543515,2.3841603887782113e-08,0.5413907851075846,323.315,0.04986
79320.0,323.3128377273835,2.3313993643432216,323.3128338964649,2.374632739219441,2.3837826182418596e-08,0.541357873645442,323.315,0.04986
79380.0,323.31283807018764,2.331261133787665,323.31283423993835,2.374484793888865,2.3834049061335425e-08,0.5413249673981367,323.315,0.04986
79440.0,323.3128384129387,2.331122924617145,323.31283458335855,2.374336872558705,2.3830272524447305e-08,0.5412920663648614,323.315,0.04986
79500.0,323.3128387556367,2.330984736828551,323.31283492672554,2.3741889752250387,2.382649657166914e-08,0.5412591705448082,323.315,0.04986
79560.0,323.31283909828164,2.330846570418771,323.31283527003933,2.3740411018839476,2.382272120291673e-08,0.5412262799371703,323.315,0.04986
79620.0,323.3128394408735,2.3307084253846977,323.31283561329997,2.373893252531513,2.3818946418104534e-08,0.5411933945411407,323.315,0.04986
79680.0,323.31283978341236,2.33057030172324,323.3128359565074,2.3737454271638283,2.3815172217148206e-08,0.5411605143559168,323.315,0.04986
79740.0,323.31284012589816,2.33043219943129,323.31283629966174,2.373597625776975,2.3811398599963493e-08,0.541127639380692,323.315,0.04986
79800.0,323.31284046833093,2.3302941185057353,323.3128366427629,2.373449848367032,2.3807625566464252e-08,0.5410947696146589,323.315,0.04986
79860.0,323.31284081071067,2.3301560589434693,323.3128369858109,2.3733020949300836,2.3803853116566562e-08,0.5410619050570109,323.315,0.04986
79920.0,323.31284115303737,2.3300180207413863,323.3128373288058,2.3731543654622116,2.3800081250185565e-08,0.5410290457069423,323.315,0.04986
79980.0,323.3128414953111,2.329880003896397,323.3128376717476,2.3730066599595125,2.3796309967236716e-08,0.5409961915636505,323.315,0.04986
80040.0,323.31284183753183,2.329742008405397,323.31283801463627,2.3728589784180683,2.3792539267635546e-08,0.5409633426263298,323.315,0.04986
80100.0,323.3128421796996,2.3296040342652757,323.3128383574718,2.372711320833961,2.378876915129677e-08,0.5409304988941732,323.315,0.04986
80160.0,323.31284252181433,2.3294660814729298,323.31283870025425,2.3725636872032747,2.3784999618136005e-08,0.540897660366375,323.315,0.04986
80220.0,323.31284286387614,2.3293281500252547,323.31283904298357,2.3724160775220944,2.378123066806832e-08,0.5408648270421293,323.315,0.04986
80280.0,323.312843205885,2.329190239919165,323.31283938565986,2.3722684917865173,2.377746230100909e-08,0.5408319989206352,323.315,0.04986
80340.0,323.3128435478408,2.3290523511515566,323.312839728283,2.3721209299926285,2.3773694516874122e-08,0.5407991760010868,323.315,0.04986
80400.0,323.3128438897437,2.3289144837193234,323.3128400708531,2.3719733921365105,2.3769927315578132e-08,0.5407663582826778,323.315,0.04986
80460.0,323.31284423159366,2.328776637619364,323.3128404133701,2.3718258782142496,2.376616069703674e-08,0.5407335457646031,323.315,0.04986
80520.0,323.31284457339063,2.328638812848575,323.31284075583403,2.3716783882219326,2.3762394661165395e-08,0.5407007384460579,323.315,0.04986
80580.0,323.31284491513475,2.3285010094038743,323.3128410982449,2.371530922155659,2.37586292078796e-08,0.5406679363262412,323.315,0.04986
80640.0,323.31284525682594,2.3283632272821597,323.31284144060277,2.3713834800115157,2.3754864337094972e-08,0.5406351394043479,323.315,0.04986
80700.0,323.3128455984642,2.328225466480329,323.31284178290764,2.371236061785587,2.3751100048726613e-08,0.5406023476795725,323.315,0.04986
80760.0,323.3128459400496,2.32808772699528,323.3128421251594,2.3710886674739613,2.3747336342689938e-08,0.5405695611511102,323.315,0.04986
80820.0,323.31284628158215,2.3279500088239153,323.3128424673582,2.3709412970727266,2.374357321890028e-08,0.5405367798181567,323.315,0.04986
80880.0,323.3128466230618,2.327812311963153,323.31284280950405,2.3707939505779847,2.373981067727373e-08,0.5405040036799119,323.315,0.04986
80940.0,323.3128469644885,2.3276746364098946,323.31284315159684,2.370646627985825,2.3736048717724888e-08,0.5404712327355714,323.315,0.04986
81000.0,323.3128473058623,2.327536982161038,323.3128434936366,2.370499329292333,2.373228734016992e-08,0.5404384669843296,323.315,0.04986
81060.0,323.3128476471832,2.3273993492134855,323.3128438356234,2.370352054493599,2.3728526544523708e-08,0.5404057064253832,323.315,0.04986
81120.0,323.3128479884513,2.3272617375641413,323.3128441775572,2.370204803585713,2.372476633070215e-08,0.5403729510579277,323.315,0.04986
81180.0,323.3128483296665,2.3271241472099256,323.3128445194381,2.37005757656478,2.3721006698620728e-08,0.5403402008811641,323.315,0.04986
81240.0,323.31284867082894,2.326986578147742,323.31284486126594,2.36991037342689,2.3717247648195314e-08,0.540307455894288,323.315,0.04986
81300.0,323.3128490119385,2.3268490303744906,323.31284520304087,2.369763194168131,2.3713489179341216e-08,0.5402747160964951,323.315,0.04986
81360.0,323.3128493529953,2.3267115038870765,323.3128455447628,2.369616038784596,2.3709731291973877e-08,0.5402419814869822,323.315,0.04986
81420.0,323.31284969399917,2.326573998682406,323.31284588643183,2.369468907272376,2.370597398600861e-08,0.5402092520649456,323.315,0.04986
81480.0,323.3128500349503,2.326436514757402,323.31284622804793,2.3693217996275786,2.3702217261361802e-08,0.5401765278295866,323.315,0.04986
81540.0,323.3128503758486,2.3262990521089693,323.3128465696111,2.3691747158462966,2.3698461117948732e-08,0.5401438087801018,323.315,0.04986
81600.0,323.31285071669413,2.326161610734011,323.3128469111213,2.36902765592462,2.3694705555684312e-08,0.5401110949156873,323.315,0.04986
81660.0,323.31285105748685,2.326024190629435,323.31284725257865,2.368880619858642,2.3690950574485248e-08,0.5400783862355402,323.315,0.04986
81720.0,323.31285139822677,2.3258867917921497,323.3128475939831,2.3687336076444576,2.368719617426622e-08,0.540045682738858,323.315,0.04986
81780.0,323.31285173891393,2.3257494142190787,323.3128479353347,2.368586619278177,2.3683442354943604e-08,0.540012984424842,323.315,0.04986
81840.0,323.3128520795483,2.32561205790713,323.3128482766333,2.3684396547558944,2.3679689116432756e-08,0.5399802912926897,323.315,0.04986
81900.0,323.31285242012996,2.32547472285321,323.3128486178791,2.3682927140737013,2.3675936458649537e-08,0.5399476033415975,323.315,0.04986
81960.0,323.3128527606588,2.325337409054227,323.312848959072,2.3681457972276942,2.3672184381509384e-08,0.5399149205707635,323.315,0.04986
82020.0,323.312853101135,2.3252001165070926,323.3128493002121,2.36799890421397,2.3668432884927768e-08,0.5398822429793854,323.315,0.04986
82080.0,323.31285344155833,2.3250628452087296,323.31284964129935,2.3678520350286374,2.3664681968820742e-08,0.5398495705666643,323.315,0.04986
82140.0,323.312853781929,2.32492559515605,323.3128499823337,2.367705189667795,2.366093163310422e-08,0.5398169033317988,323.315,0.04986
82200.0,323.31285412224696,2.324788366345965,323.3128503233152,2.3675583681275407,2.3657181877694077e-08,0.539784241273987,323.315,0.04986
82260.0,323.31285446251223,2.3246511587753886,323.31285066424385,2.367411570403974,2.365343270250555e-08,0.5397515843924278,323.315,0.04986
82320.0,323.31285480272476,2.3245139724412356,323.3128510051197,2.367264796493196,2.364968410745447e-08,0.53971893268632,323.315,0.04986
82380.0,323.3128551428846,2.3243768073404203,323.31285134594265,2.3671180463913086,2.364593609245652e-08,0.5396862861548628,323.315,0.04986
82440.0,323.3128554829918,2.324239663469858,323.31285168671286,2.3669713200944127,2.3642188657428018e-08,0.5396536447972555,323.315,0.04986
82500.0,323.3128558230463,2.3241025408264635,323.3128520274302,2.366824617598611,2.3638441802284525e-08,0.5396210086126975,323.315,0.04986
82560.0,323.3128561630481,2.3239654394071545,323.3128523680948,2.3666779389000068,2.3634695526941617e-08,0.5395883776003879,323.315,0.04986
82620.0,323.31285650299725,2.3238283592088473,323.3128527087066,2.366531283994702,2.3630949831314982e-08,0.5395557517595266,323.315,0.04986
82680.0,323.3128568428937,2.32369130022846,323.31285304926564,2.3663846528788026,2.3627204715320958e-08,0.5395231310893136,323.315,0.04986
82740.0,323.31285718273756,2.3235542624629097,323.3128533897719,2.366238045548412,2.3623460178875187e-08,0.5394905155889488,323.315,0.04986
82800.0,323.3128575225287,2.3234172459091154,323.3128537302254,2.366091461999636,2.3619716221892848e-08,0.5394579052576319,323.315,0.04986
82860.0,323.3128578622672,2.323280250563995,323.3128540706262,2.3659449022285783,2.3615972844290644e-08,0.539425300094563,323.315,0.04986
82920.0,323.3128582019531,2.323143276424468,323.31285441097424,2.365798366231346,2.3612230045984427e-08,0.5393927000989425,323.315,0.04986
82980.0,323.3128585415863,2.323006323487453,323.3128547512695,2.365651854004045,2.3608487826889367e-08,0.5393601052699707,323.315,0.04986
83040.0,323.312858881167,2.3228693917498706,323.31285509151206,2.3655053655427825,2.3604746186922675e-08,0.539327515606848,323.315,0.04986
83100.0,323.3128592206951,2.3227324812086403,323.31285543170185,2.365358900843665,2.3601005125999353e-08,0.539294931108775,323.315,0.04986
83160.0,323.3128595601706,2.3225955918606846,323.31285577183894,2.3652124599028017,2.359726464403531e-08,0.5392623517749525,323.315,0.04986
83220.0,323.3128598995935,2.3224587237029235,323.3128561119233,2.3650660427162995,2.3593524740946924e-08,0.5392297776045811,323.315,0.04986
83280.0,323.3128602389638,2.3223218767322793,323.31285645195493,2.3649196492802678,2.3589785416649666e-08,0.539197208596862,323.315,0.04986
83340.0,323.3128605782816,2.322185050945672,323.3128567919339,2.3647732795908163,2.35860466710596e-08,0.5391646447509959,323.315,0.04986
83400.0,323.31286091754674,2.3220482463400254,323.31285713186014,2.364626933644054,2.3582308504092995e-08,0.5391320860661839,323.315,0.04986
83460.0,323.31286125675933,2.3219114629122624,323.31285747173376,2.364480611436092,2.357857091566533e-08,0.5390995325416277,323.315,0.04986
83520.0,323.3128615959194,2.3217747006593052,323.3128578115547,2.3643343129630403,2.357483390569315e-08,0.5390669841765283,323.315,0.04986
83580.0,323.3128619350269,2.321637959578079,323.3128581513229,2.3641880382210103,2.3571097474091717e-08,0.539034440970087,323.315,0.04986
83640.0,323.3128622740818,2.3215012396655057,323.3128584910385,2.3640417872061144,2.356736162077758e-08,0.539001902921506,323.315,0.04986
83700.0,323.31286261308423,2.3213645409185117,323.3128588307015,2.3638955599144635,2.356362634566729e-08,0.5389693700299866,323.315,0.04986
83760.0,323.31286295203415,2.3212278633340206,323.3128591703118,2.3637493563421716,2.3559891648676087e-08,0.5389368422947307,323.315,0.04986
83820.0,323.3128632909315,2.3210912069089584,323.3128595098695,2.3636031764853516,2.355615752971971e-08,0.53890431971494,323.315,0.04986
83880.0,323.31286362977636,2.32095457164025,323.31285984937455,2.363457020340117,2.3552423988714964e-08,0.5388718022898169,323.315,0.04986
83940.0,323.3128639685687,2.320817957524822,323.312860188827,2.3633108879025833,2.3548691025578048e-08,0.5388392900185636,323.315,0.04986
84000.0,323.31286430730864,2.3206813645596007,323.31286052822685,2.3631647791688644,2.354495864022461e-08,0.5388067829003821,323.315,0.04986
84060.0,323.31286464599606,2.3205447927415133,323.31286086757405,2.3630186941350755,2.354122683257066e-08,0.538774280934475,323.315,0.04986
84120.0,323.31286498463106,2.3204082420674865,323.3128612068687,2.362872632797333,2.3537495602532943e-08,0.5387417841200447,323.315,0.04986
84180.0,323.3128653232136,2.3202717125344483,323.31286154611075,2.362726595151753,2.3533764950027156e-08,0.5387092924562942,323.315,0.04986
84240.0,323.3128656617437,2.3201352041393273,323.31286188530026,2.3625805811944534,2.353003487496932e-08,0.5386768059424257,323.315,0.04986
84300.0,323.3128660002212,2.319998716879052,323.31286222443714,2.3624345909215507,2.352630537727497e-08,0.5386443245776426,323.315,0.04986
84360.0,323.31286633864636,2.3198622507505515,323.31286256352143,2.3622886243291634,2.3522576456861542e-08,0.5386118483611474,323.315,0.04986
84420.0,323.31286667701903,2.319725805750754,323.3128629025532,2.3621426814134097,2.351884811364462e-08,0.5385793772921437,323.315,0.04986
84480.0,323.3128670153393,2.3195893818765914,323.3128632415324,2.3619967621704094,2.3515120347540174e-08,0.5385469113698343,323.315,0.04986
84540.0,323.31286735360715,2.3194529791249927,323.31286358045907,2.361850866596281,2.3511393158464486e-08,0.5385144505934228,323.315,0.04986
84600.0,323.3128676918226,2.3193165974928878,323.3128639193332,2.3617049946871456,2.3507666546333836e-08,0.5384819949621127,323.315,0.04986
84660.0,323.31286802998557,2.319180236977208,323.31286425815483,2.3615591464391232,2.3503940511064347e-08,0.5384495444751073,323.315,0.04986
84720.0,323.31286836809613,2.3190438975748853,323.31286459692393,2.3614133218483357,2.3500215052572292e-08,0.5384170991316104,323.315,0.04986
84780.0,323.31286870615435,2.318907579282852,323.3128649356405,2.3612675209109044,2.3496490170773887e-08,0.5383846589308258,323.315,0.04986
84840.0,323.31286904416015,2.318771282098039,323.3128652743046,2.3611217436229524,2.3492765865585485e-08,0.5383522238719575,323.315,0.04986
84900.0,323.3128693821136,2.31863500601738,323.3128656129162,2.3609759899806018,2.348904213692331e-08,0.5383197939542095,323.315,0.04986
84960.0,323.3128697200147,2.318498751037807,323.31286595147526,2.3608302599799766,2.3485318984703462e-08,0.5382873691767858,323.315,0.04986
85020.0,323.31287005786345,2.318362517156255,323.3128662899819,2.3606845536172005,2.348159640884275e-08,0.5382549495388907,323.315,0.04986
85080.0,323.3128703956599,2.318226304369656,323.31286662843604,2.3605388708883983,2.3477874409257014e-08,0.5382225350397288,323.315,0.04986
85140.0,323.31287073340394,2.3180901126749456,323.31286696683776,2.360393211789695,2.347415298586193e-08,0.5381901256785045,323.315,0.04986
85200.0,323.3128710710956,2.3179539420690576,323.31286730518696,2.360247576317216,2.3470432138574957e-08,0.5381577214544223,323.315,0.04986
85260.0,323.312871408735,2.3178177925489267,323.31286764348374,2.3601019644670878,2.3466711867311596e-08,0.538125322366687,323.315,0.04986
85320.0,323.3128717463221,2.3176816641114897,323.31286798172806,2.3599563762354365,2.3462992171988783e-08,0.5380929284145033,323.315,0.04986
85380.0,323.31287208385686,2.3175455567536813,323.3128683199199,2.3598108116183902,2.345927305252243e-08,0.5380605395970763,323.315,0.04986
85440.0,323.31287242133925,2.3174094704724384,323.31286865805936,2.3596652706120755,2.345555450882858e-08,0.5380281559136112,323.315,0.04986
85500.0,323.3128727587694,2.3172734052646975,323.3128689961464,2.359519753212622,2.3451836540824688e-08,0.5379957773633128,323.315,0.04986
85560.0,323.3128730961472,2.3171373611273944,323.312869334181,2.359374259416158,2.344811914842575e-08,0.5379634039453868,323.315,0.04986
85620.0,323.31287343347265,2.3170013380574694,323.3128696721633,2.359228789218813,2.344440233154884e-08,0.5379310356590382,323.315,0.04986
85680.0,323.3128737707459,2.3168653360518565,323.3128700100931,2.3590833426167173,2.3440686090110608e-08,0.537898672503473,323.315,0.04986
85740.0,323.3128741079669,2.3167293551074977,323.31287034797055,2.3589379196060016,2.3436970424027404e-08,0.5378663144778965,323.315,0.04986
85800.0,323.3128744451356,2.3165933952213287,323.31287068579564,2.358792520182797,2.3433255333215284e-08,0.5378339615815148,323.315,0.04986
85860.0,323.3128747822521,2.3164574563902898,323.31287102356833,2.358647144343235,2.3429540817590665e-08,0.5378016138135333,323.315,0.04986
85920.0,323.31287511931635,2.3163215386113203,323.31287136128867,2.3585017920834486,2.3425826877070577e-08,0.5377692711731582,323.315,0.04986
85980.0,323.3128754563284,2.3161856418813596,323.3128716989566,2.35835646339957,2.342211351157082e-08,0.5377369336595959,323.315,0.04986
86040.0,323.3128757932882,2.316049766197348,323.31287203657223,2.358211158287733,2.3418400721008212e-08,0.5377046012720522,323.315,0.04986
86100.0,323.3128761301958,2.315913911556226,323.3128723741355,2.3580658767440714,2.3414688505299074e-08,0.5376722740097336,323.315,0.04986
86160.0,323.31287646705107,2.3157780779549357,323.31287271164643,2.35792061876472,2.341097686435953e-08,0.5376399518718467,323.315,0.04986
86220.0,323.3128768038542,2.3156422653904167,323.312873049105,2.3577753843458136,2.3407265798106545e-08,0.5376076348575979,323.315,0.04986
86280.0,323.3128771406051,2.315506473859611,323.3128733865113,2.3576301734834884,2.3403555306456523e-08,0.537575322966194,323.315,0.04986
86340.0,323.31287747730386,2.315370703359462,323.31287372386527,2.3574849861738807,2.3399845389325957e-08,0.5375430161968416,323.315,0.04986
86400.0,323.31287781395037,2.315234953886911,323.31287406116695,2.357339822413127,2.339613604663121e-08,0.537510714548748,323.315,0.04986
86460.0,323.3128781505447,2.3150992254389013,323.31287439841634,2.3571946821973655,2.3392427278288885e-08,0.5374784180211198,323.315,0.04986
86520.0,323.31287848708683,2.3149635180123775,323.31287473561343,2.357049565522733,2.338871908421578e-08,0.5374461266131644,323.315,0.04986
86580.0,323.31287882357685,2.3148278316042816,323.31287507275823,2.356904472385369,2.338501146432823e-08,0.5374138403240888,323.315,0.04986
86640.0,323.3128791600147,2.3146921662115583,323.31287540985073,2.3567594027814125,2.33813044185425e-08,0.5373815591531007,323.315,0.04986
86700.0,323.3128794964004,2.3145565218311503,323.312875746891,2.3566143567070035,2.337759794677574e-08,0.5373492830994075,323.315,0.04986
86760.0,323.312879832734,2.314420898460006,323.312876083879,2.3564693341582816,2.337389204894441e-08,0.5373170121622167,323.315,0.04986
86820.0,323.31288016901544,2.3142852960950675,323.31287642081475,2.3563243351313883,2.3370186724965137e-08,0.5372847463407361,323.315,0.04986
86880.0,323.3128805052448,2.314149714733282,323.3128767576983,2.3561793596224656,2.3366481974753882e-08,0.5372524856341736,323.315,0.04986
86940.0,323.312880841422,2.3140141543715957,323.31287709452954,2.3560344076276545,2.3362777798228273e-08,0.537220230041737,323.315,0.04986
87000.0,323.31288117754707,2.3138786150069537,323.3128774313086,2.3558894791430984,2.3359074195304286e-08,0.5371879795626345,323.315,0.04986
87060.0,323.3128815136201,2.313743096636304,323.3128777680354,2.355744574164941,2.3355371165898373e-08,0.5371557341960742,323.315,0.04986
87120.0,323.31288184964103,2.313607599256593,323.31287810470997,2.355599692689325,2.335166870992803e-08,0.5371234939412644,323.315,0.04986
87180.0,323.31288218560985,2.313472122864769,323.3128784413324,2.355454834712395,2.3347966827309008e-08,0.5370912587974135,323.315,0.04986
87240.0,323.3128825215266,2.3133366674577784,323.3128787779026,2.355310000230297,2.334426551795856e-08,0.53705902876373,323.315,0.04986
87300.0,323.3128828573913,2.313201233032572,323.3128791144206,2.3551651892391754,2.334056478179298e-08,0.5370268038394227,323.315,0.04986
87360.0,323.31288319320385,2.313065819586096,323.3128794508864,2.3550204017351763,2.3336864618729135e-08,0.5369945840237004,323.315,0.04986
87420.0,323.3128835289644,2.312930427115301,323.3128797873,2.3548756377144473,2.333316502868339e-08,0.5369623693157716,323.315,0.04986
87480.0,323.31288386467287,2.312795055617136,323.31288012366144,2.3547308971731353,2.3329466011572984e-08,0.5369301597148457,323.315,0.04986
87540.0,323.31288420032934,2.312659705088551,323.31288045997076,2.354586180107389,2.3325767567314658e-08,0.5368979552201315,323.315,0.04986
87600.0,323.31288453593373,2.312524375526496,323.31288079622794,2.354441486513356,2.3322069695824587e-08,0.5368657558308384,323.315,0.04986
87660.0,323.3128848714861,2.3123890669279215,323.31288113243295,2.354296816387186,2.331837239702018e-08,0.5368335615461758,323.315,0.04986
87720.0,323.3128852069865,2.3122537792897804,323.31288146858583,2.3541521697250287,2.3314675670817642e-08,0.536801372365353,323.315,0.04986
87780.0,323.31288554243486,2.312118512609021,323.3128818046866,2.354007546523034,2.33109795171339e-08,0.5367691882875794,323.315,0.04986
87840.0,323.3128858778312,2.3119832668825975,323.3128821407352,2.3538629467773533,2.3307283935886157e-08,0.536737009312065,323.315,0.04986
87900.0,323.31288621317555,2.31184804210746,323.3128824767318,2.3537183704841382,2.3303588926990147e-08,0.5367048354380194,323.315,0.04986
87960.0,323.31288654846793,2.3117128382805623,323.3128828126762,2.3535738176395404,2.3299894490363837e-08,0.5366726666646526,323.315,0.04986
88020.0,323.3128868837083,2.3115776553988576,323.3128831485686,2.353429288239713,2.3296200625923414e-08,0.5366405029911746,323.315,0.04986
88080.0,323.3128872188968,2.311442493459298,323.3128834844088,2.353284782280809,2.329250733358584e-08,0.5366083444167954,323.315,0.04986
88140.0,323.3128875540332,2.3113073524588383,323.31288382019693,2.353140299758982,2.328881461326756e-08,0.5365761909407257,323.315,0.04986
88200.0,323.3128878891177,2.3111722323944317,323.31288415593303,2.3529958406703866,2.3285122464886108e-08,0.5365440425621752,323.315,0.04986
88260.0,323.3128882241502,2.3110371332630333,323.31288449161696,2.352851405011178,2.3281430888357756e-08,0.5365118992803548,323.315,0.04986
88320.0,323.3128885591307,2.3109020550615975,323.31288482724887,2.352706992777512,2.3277739883599278e-08,0.5364797610944753,323.315,0.04986
88380.0,323.31288889405937,2.3107669977870797,323.3128851628287,2.352562603965545,2.3274049450528265e-08,0.5364476280037468,323.315,0.04986
88440.0,323.31288922893606,2.3106319614364352,323.31288549835654,2.352418238571434,2.327035958906075e-08,0.5364155000073806,323.315,0.04986
88500.0,323.3128895637609,2.3104969460066194,323.3128858338323,2.3522738965913357,2.3266670299114822e-08,0.5363833771045875,323.315,0.04986
88560.0,323.3128898985338,2.31036195149459,323.3128861692561,2.352129578021409,2.326298158060571e-08,0.5363512592945786,323.315,0.04986
88620.0,323.3128902332548,2.3102269778973037,323.3128865046279,2.3519852828578127,2.3259293433451665e-08,0.5363191465765651,323.315,0.04986
88680.0,323.3128905679239,2.3100920252117154,323.3128868399476,2.3518410110967056,2.325560585756894e-08,0.5362870389497579,323.315,0.04986
88740.0,323.3128909025411,2.309957093434785,323.31288717521534,2.3516967627342478,2.3251918852874952e-08,0.536254936413369,323.315,0.04986
88800.0,323.31289123710644,2.309822182563469,323.31288751043104,2.351552537766599,2.324823241928593e-08,0.5362228389666095,323.315,0.04986
88860.0,323.3128915716199,2.3096872925947256,323.31288784559473,2.3514083361899214,2.3244546556719556e-08,0.5361907466086911,323.315,0.04986
88920.0,323.31289190608146,2.3095524235255134,323.3128881807064,2.3512641580003764,2.324086126509235e-08,0.5361586593388256,323.315,0.04986
88980.0,323.3128922404912,2.309417575352792,323.31288851576613,2.3511200031941257,2.323717654432139e-08,0.536126577156225,323.315,0.04986
89040.0,323.31289257484906,2.30928274807352,323.3128888507739,2.350975871767333,2.323349239432356e-08,0.5360945000601011,323.315,0.04986
89100.0,323.3128929091551,2.3091479416846576,323.3128891857297,2.3508317637161618,2.322980881501616e-08,0.536062428049666,323.315,0.04986
89160.0,323.3128932434093,2.3090131561831644,323.3128895206336,2.350687679036776,2.3226125806316076e-08,0.5360303611241317,323.315,0.04986
89220.0,323.31289357761165,2.308878391566002,323.31288985548554,2.3505436177253403,2.3222443368139855e-08,0.535998299282711,323.315,0.04986
89280.0,323.31289391176216,2.308743647830129,323.3128901902855,2.35039957977802,2.3218761500404994e-08,0.535966242524616,323.315,0.04986
89340.0,323.3128942458609,2.308608924972508,323.31289052503354,2.3502555651909818,2.3215080203028257e-08,0.5359341908490592,323.315,0.04986
89400.0,323.3128945799078,2.3084742229901014,323.31289085972963,2.3501115739603913,2.321139947592691e-08,0.5359021442552534,323.315,0.04986
89460.0,323.31289491390294,2.308339541879869,323.31289119437383,2.349967606082416,2.3207719319018014e-08,0.5358701027424114,323.315,0.04986
89520.0,323.31289524784626,2.3082048816387752,323.3128915289661,2.3498236615532244,2.320403973221845e-08,0.5358380663097461,323.315,0.04986
89580.0,323.3128955817378,2.3080702422637813,323.3128918635064,2.349679740368984,2.320036071544551e-08,0.5358060349564703,323.315,0.04986
89640.0,323.3128959155776,2.3079356237518507,323.3128921979949,2.349535842525864,2.319668226861624e-08,0.5357740086817973,323.315,0.04986
89700.0,323.31289624936556,2.3078010260999466,323.31289253243153,2.3493919680200337,2.319300439164721e-08,0.5357419874849402,323.315,0.04986
89760.0,323.3128965831018,2.3076664493050343,323.3128928668163,2.3492481168476638,2.3189327084456423e-08,0.5357099713651127,323.315,0.04986
89820.0,323.31289691678626,2.307531893364076,323.31289320114917,2.3491042890049245,2.3185650346960416e-08,0.5356779603215277,323.315,0.04986
89880.0,323.312897250419,2.307397358274037,323.3128935354302,2.3489604844879883,2.3181974179076037e-08,0.5356459543533991,323.315,0.04986
89940.0,323.3128975839999,2.3072628440318823,323.3128938696593,2.3488167032930267,2.3178298580720614e-08,0.5356139534599409,323.315,0.04986
90000.0,323.3128979175292,2.307128350634577,323.3128942038366,2.3486729454162125,2.317462355181189e-08,0.5355819576403661,323.315,0.04986
90060.0,323.3128982510067,2.306993878079088,323.31289453796205,2.3485292108537195,2.3170949092266577e-08,0.5355499668938896,323.315,0.04986
90120.0,323.3128985844325,2.3068594263623794,323.3128948720356,2.348385499601721,2.316727520200178e-08,0.5355179812197245,323.315,0.04986
90180.0,323.3128989178066,2.306724995481419,323.31289520605736,2.3482418116563912,2.316360188093468e-08,0.5354860006170854,323.315,0.04986
90240.0,323.312899251129,2.306590585433172,323.31289554002734,2.348098147013906,2.3159929128982535e-08,0.5354540250851866,323.315,0.04986
90300.0,323.3128995843997,2.306456196214607,323.3128958739455,2.347954505670441,2.315625694606246e-08,0.5354220546232424,323.315,0.04986
90360.0,323.3128999176188,2.306321827822692,323.31289620781183,2.347810887622172,2.3152585332092e-08,0.5353900892304674,323.315,0.04986
90420.0,323.3129002507862,2.3061874802543922,323.3128965416264,2.347667292865277,2.3148914286988007e-08,0.5353581289060759,323.315,0.04986
90480.0,323.31290058390186,2.306053153506678,323.3128968753892,2.3475237213959326,2.3145243810667392e-08,0.535326173649283,323.315,0.04986
90540.0,323.31290091696593,2.3059188475765184,323.31289720910013,2.347380173210318,2.314157390304835e-08,0.5352942234593033,323.315,0.04986
90600.0,323.31290124997827,2.3057845624608806,323.31289754275934,2.347236648304611,2.3137904564046874e-08,0.5352622783353518,323.315,0.04986
90660.0,323.31290158293893,2.305650298156735,323.3128978763668,2.347093146674992,2.3134235793581214e-08,0.5352303382766437,323.315,0.04986
90720.0,323.312901915848,2.3055160546610507,323.31289820992237,2.3469496683176403,2.313056759156814e-08,0.5351984032823937,323.315,0.04986
90780.0,323.31290224870537,2.3053818319707995,323.3128985434263,2.3468062132287373,2.3126899957924982e-08,0.5351664733518177,323.315,0.04986
90840.0,323.31290258151114,2.30524763008295,323.3128988768785,2.3466627814044636,2.3123232892569166e-08,0.5351345484841307,323.315,0.04986
90900.0,323.3129029142653,2.305113448994474,323.3128992102789,2.346519372841002,2.3119566395417954e-08,0.5351026286785484,323.315,0.04986
90960.0,323.3129032469679,2.3049792887023424,323.3128995436276,2.346375987534534,2.311590046638875e-08,0.5350707139342864,323.315,0.04986
91020.0,323.3129035796189,2.3048451492035262,323.31289987692463,2.346232625481243,2.311223510539899e-08,0.5350388042505604,323.315,0.04986
91080.0,323.31290391221825,2.3047110304949987,323.3129002101699,2.346089286677314,2.3108570312365294e-08,0.5350068996265864,323.315,0.04986
91140.0,323.31290424476606,2.304576932573731,323.3129005433635,2.34594597111893,2.3104906087205887e-08,0.5349750000615803,323.315,0.04986
91200.0,323.31290457726226,2.3044428554366965,323.3129008765054,2.3458026788022766,2.310124242983762e-08,0.534943105554758,323.315,0.04986
91260.0,323.3129049097069,2.304308799080868,323.31290120959557,2.3456594097235395,2.3097579340177786e-08,0.5349112161053359,323.315,0.04986
91320.0,323.31290524209993,2.3041747635032186,323.31290154263405,2.3455161638789055,2.3093916818143632e-08,0.5348793317125303,323.315,0.04986
91380.0,323.31290557444146,2.3040407487007233,323.31290187562087,2.3453729412645603,2.3090254863652814e-08,0.5348474523755578,323.315,0.04986
91440.0,323.31290590673143,2.303906754670354,323.312902208556,2.3452297418766923,2.308659347662304e-08,0.5348155780936344,323.315,0.04986
91500.0,323.31290623896984,2.3037727814090863,323.31290254143954,2.3450865657114894,2.308293265697122e-08,0.5347837088659774,323.315,0.04986
91560.0,323.31290657115676,2.303638828913896,323.3129028742714,2.34494341276514,2.3079272404614647e-08,0.534751844691803,323.315,0.04986
91620.0,323.3129069032921,2.3035048971817567,323.3129032070516,2.3448002830338344,2.3075612719471205e-08,0.5347199855703286,323.315,0.04986
91680.0,323.312907235376,2.3033709862096448,323.31290353978017,2.3446571765137616,2.3071953601458126e-08,0.534688131500771,323.315,0.04986
91740.0,323.3129075674083,2.303237095994537,323.31290387245707,2.344514093201113,2.306829505049247e-08,0.5346562824823473,323.315,0.04986
91800.0,323.3129078993891,2.303103226533408,323.3129042050824,2.344371033092079,2.3064637066491966e-08,0.5346244385142747,323.315,0.04986
91860.0,323.3129082313184,2.3029693778232367,323.3129045376561,2.3442279961828523,2.306097964937427e-08,0.5345925995957705,323.315,0.04986
91920.0,323.3129085631962,2.3028355498609985,323.3129048701782,2.344084982469625,2.3057322799056223e-08,0.5345607657260524,323.315,0.04986
91980.0,323.31290889502253,2.302701742643671,323.3129052026487,2.3439419919485904,2.3053666515456317e-08,0.5345289369043378,323.315,0.04986
92040.0,323.31290922679733,2.3025679561682324,323.3129055350676,2.3437990246159424,2.3050010798490926e-08,0.5344971131298442,323.315,0.04986
92100.0,323.31290955852074,2.3024341904316605,323.3129058674349,2.3436560804678757,2.3046355648078776e-08,0.5344652944017897,323.315,0.04986
92160.0,323.31290989019266,2.3023004454309337,323.31290619975056,2.3435131595005845,2.3042701064135906e-08,0.5344334807193921,323.315,0.04986
92220.0,323.3129102218131,2.302166721163032,323.31290653201467,2.3433702617102647,2.3039047046580794e-08,0.5344016720818695,323.315,0.04986
92280.0,323.31291055338215,2.3020330176249333,323.3129068642273,2.343227387093113,2.3035393595331e-08,0.5343698684884398,323.315,0.04986
92340.0,323.31291088489974,2.301899334813619,323.31290719638827,2.343084535645325,2.3031740710303814e-08,0.5343380699383216,323.315,0.04986
92400.0,323.31291121636593,2.3017656727260674,323.31290752849776,2.3429417073631,2.3028088391416666e-08,0.534306276430733,323.315,0.04986
92460.0,323.3129115477807,2.301632031359259,323.31290786055575,2.342798902242634,2.302443663858712e-08,0.5342744879648925,323.315,0.04986
92520.0,323.312911879144,2.301498410710175,323.3129081925622,2.3426561202801275,2.302078545173296e-08,0.534242704540019,323.315,0.04986
92580.0,323.3129122104559,2.3013648107757962,323.3129085245171,2.342513361471779,2.3017134830771546e-08,0.5342109261553308,323.315,0.04986
92640.0,323.31291254171646,2.3012312315531043,323.3129088564205,2.342370625813789,2.301348477562074e-08,0.5341791528100471,323.315,0.04986
92700.0,323.3129128729256,2.301097673039081,323.3129091882724,2.3422279133023585,2.3009835286197778e-08,0.5341473845033864,323.315,0.04986
92760.0,323.3129132040833,2.300964135230709,323.3129095200727,2.3420852239336876,2.3006186362420633e-08,0.5341156212345683,323.315,0.04986
92820.0,323.3129135351897,2.3008306181249703,323.31290985182153,2.3419425577039794,2.3002538004206474e-08,0.5340838630028114,323.315,0.04986
92880.0,323.3129138662446,2.300697121718848,323.31291018351885,2.3417999146094357,2.2998890211473066e-08,0.5340521098073353,323.315,0.04986
92940.0,323.3129141972483,2.3005636460093246,323.3129105151648,2.3416572946462595,2.2995242984138252e-08,0.5340203616473593,323.315,0.04986
93000.0,323.3129145282005,2.300430190993384,323.3129108467592,2.341514697810655,2.2991596322119257e-08,0.5339886185221033,323.315,0.04986
93060.0,323.31291485910145,2.3002967566680113,323.31291117830216,2.3413721240988266,2.298795022533444e-08,0.5339568804307863,323.315,0.04986
93120.0,323.312915189951,2.3001633430301895,323.31291150979376,2.341229573506979,2.2984304693700886e-08,0.5339251473726282,323.315,0.04986
93180.0,323.31291552074924,2.3000299500769037,323.3129118412338,2.341087046031318,2.298065972713623e-08,0.5338934193468491,323.315,0.04986
93240.0,323.3129158514962,2.29989657780514,323.3129121726225,2.34094454166805,2.2977015325558724e-08,0.5338616963526688,323.315,0.04986
93300.0,323.31291618219177,2.2997632262118826,323.31291250395964,2.3408020604133815,2.2973371488885496e-08,0.5338299783893073,323.315,0.04986
93360.0,323.31291651283607,2.2996298952941174,323.3129128352454,2.3406596022635204,2.2969728217034335e-08,0.533798265455985,323.315,0.04986
93420.0,323.3129168434291,2.299496585048831,323.3129131664797,2.340517167214675,2.2966085509923505e-08,0.533766557551922,323.315,0.04986
93480.0,323.3129171739708,2.299363295473011,323.31291349766263,2.340374755263054,2.2962443367469785e-08,0.5337348546763387,323.315,0.04986
93540.0,323.3129175044612,2.2992300265636425,323.31291382879414,2.3402323664048663,2.295880178959172e-08,0.533703156828456,323.315,0.04986
93600.0,323.31291783490036,2.299096778317712,323.31291415987425,2.3400900006363226,2.2955160776206617e-08,0.5336714640074941,323.315,0.04986
93660.0,323.3129181652882,2.2989635507322097,323.312914490903,2.3399476579536334,2.2951520327231967e-08,0.5336397762126739,323.315,0.04986
93720.0,323.3129184956248,2.2988303438041227,323.3129148218804,2.33980533835301,2.2947880442586308e-08,0.5336080934432164,323.315,0.04986
93780.0,323.3129188259101,2.298697157530439,323.31291515280634,2.3396630418306645,2.2944241122186945e-08,0.5335764156983425,323.315,0.04986
93840.0,323.3129191561442,2.2985639919081473,323.31291548368097,2.3395207683828088,2.2940602365951346e-08,0.5335447429772731,323.315,0.04986
93900.0,323.31291948632696,2.2984308469342354,323.3129158145042,2.3393785180056565,2.2936964173797768e-08,0.5335130752792295,323.315,0.04986
93960.0,323.31291981645853,2.298297722605695,323.31291614527606,2.3392362906954216,2.2933326545643973e-08,0.5334814126034334,323.315,0.04986
94020.0,323.3129201465389,2.2981646189195146,323.3129164759966,2.3390940864483185,2.2929689481407765e-08,0.5334497549491057,323.315,0.04986
94080.0,323.312920476568,2.298031535872685,323.3129168066658,2.3389519052605623,2.292605298100696e-08,0.5334181023154684,323.315,0.04986
94140.0,323.31292080654595,2.2978984734621957,323.31291713728365,2.3388097471283684,2.292241704435922e-08,0.533386454701743,323.315,0.04986
94200.0,323.31292113647265,2.297765431685039,323.31291746785024,2.3386676120479533,2.2918781671382525e-08,0.533354812107151,323.315,0.04986
94260.0,323.3129214663482,2.2976324105382044,323.3129177983655,2.338525500015534,2.2915146861994584e-08,0.5333231745309146,323.315,0.04986
94320.0,323.3129217961726,2.297499410018686,323.31291812882944,2.3383834110273285,2.291151261611367e-08,0.5332915419722559,323.315,0.04986
94380.0,323.31292212594576,2.297366430123473,323.3129184592421,2.3382413450795543,2.290787893365722e-08,0.5332599144303967,323.315,0.04986
94440.0,323.3129224556678,2.2972334708495596,323.31291878960343,2.3380993021684313,2.2904245814543265e-08,0.5332282919045594,323.315,0.04986
94500.0,323.31292278533857,2.2971005321939373,323.3129191199135,2.3379572822901777,2.290061325868954e-08,0.5331966743939663,323.315,0.04986
94560.0,323.3129231149582,2.2969676141535995,323.3129194501723,2.337815285441015,2.2896981266014036e-08,0.5331650618978401,323.315,0.04986
94620.0,323.3129234445267,2.2968347167255407,323.3129197803798,2.337673311617163,2.2893349836434693e-08,0.5331334544154029,323.315,0.04986
94680.0,323.312923774044,2.2967018399067536,323.312920110536,2.337531360814843,2.2889718969869365e-08,0.5331018519458779,323.315,0.04986
94740.0,323.3129241035102,2.2965689836942316,323.312920440641,2.3373894330302774,2.2886088666236113e-08,0.5330702544884874,323.315,0.04986
94800.0,323.3129244329253,2.296436148084971,323.31292077069475,2.337247528259689,2.288245892545274e-08,0.5330386620424546,323.315,0.04986
94860.0,323.31292476228924,2.296303333075966,323.3129211006973,2.3371056464993005,2.2878829747437355e-08,0.5330070746070028,323.315,0.04986
94920.0,323.3129250916021,2.296170538664211,323.31292143064854,2.3369637877453364,2.2875201132107814e-08,0.5329754921813544,323.315,0.04986
94980.0,323.31292542086385,2.2960377648467016,323.31292176054853,2.336821951994021,2.287157307938209e-08,0.5329439147647332,323.315,0.04986
95040.0,323.3129257500745,2.2959050116204347,323.31292209039736,2.3366801392415795,2.2867945589178174e-08,0.5329123423563626,323.315,0.04986
95100.0,323.31292607923405,2.2957722789824055,323.31292242019504,2.3365383494842376,2.2864318661413996e-08,0.5328807749554658,323.315,0.04986
95160.0,323.3129264083425,2.2956395669296112,323.31292274994144,2.3363965827182223,2.2860692296007677e-08,0.5328492125612665,323.315,0.04986
95220.0,323.31292673739983,2.295506875459049,323.31292307963673,2.33625483893976,2.2857066492876854e-08,0.5328176551729884,323.315,0.04986
95280.0,323.31292706640613,2.2953742045677163,323.31292340928076,2.3361131181450787,2.2853441251939744e-08,0.5327861027898554,323.315,0.04986
95340.0,323.3129273953614,2.29524155425261,323.3129237388736,2.3359714203304063,2.2849816573114854e-08,0.5327545554110912,323.315,0.04986
95400.0,323.31292772426553,2.2951089245107292,323.3129240684153,2.335829745491972,2.2846192456319502e-08,0.5327230130359201,323.315,0.04986
95460.0,323.31292805311864,2.2949763153390723,323.3129243979058,2.335688093626006,2.284256890147206e-08,0.5326914756635662,323.315,0.04986
95520.0,323.3129283819207,2.294843726734638,323.31292472734515,2.335546464728737,2.2838945908490716e-08,0.5326599432932538,323.315,0.04986
95580.0,323.31292871067177,2.294711158694424,323.3129250567333,2.335404858796397,2.283532347729332e-08,0.5326284159242071,323.315,0.04986
95640.0,323.31292903937174,2.2945786112154325,323.3129253860704,2.335263275825218,2.2831701607797792e-08,0.5325968935556507,323.315,0.04986
95700.0,323.3129293680208,2.294446084294661,323.3129257153563,2.3351217158114315,2.2828080299922703e-08,0.5325653761868093,323.315,0.04986
95760.0,323.31292969661877,2.2943135779291106,323.31292604459117,2.3349801787512705,2.2824459553585973e-08,0.5325338638169074,323.315,0.04986
95820.0,323.31293002516577,2.2941810921157817,323.31292637377487,2.3348386646409685,2.282083936870547e-08,0.5325023564451701,323.315,0.04986
95880.0,323.3129303536618,2.2940486268516764,323.3129267029075,2.334697173476759,2.281721974519949e-08,0.5324708540708222,323.315,0.04986
95940.0,323.3129306821068,2.2939161821337946,323.312927031989,2.334555705254876,2.281360068298609e-08,0.5324393566930886,323.315,0.04986
96000.0,323.31293101050085,2.2937837579591385,323.3129273610193,2.3344142599715565,2.280998218198339e-08,0.532407864311195,323.315,0.04986
96060.0,323.3129313388439,2.2936513543247106,323.3129276899986,2.334272837623035,2.2806364242109756e-08,0.5323763769243661,323.315,0.04986
96120.0,323.31293166713596,2.2935189712275124,323.31292801892675,2.3341314382055476,2.280274686328264e-08,0.5323448945318278,323.315,0.04986
96180.0,323.3129319953771,2.293386608664547,323.3129283478039,2.3339900617153333,2.2799130045421457e-08,0.5323134171328051,323.315,0.04986
96240.0,323.3129323235672,2.2932542666328173,323.31292867662995,2.3338487081486288,2.279551378844329e-08,0.532281944726524,323.315,0.04986
96300.0,323.31293265170643,2.293121945129328,323.31292900540495,2.3337073775016726,2.2791898092266515e-08,0.5322504773122101,323.315,0.04986
96360.0,323.3129329797947,2.2929896441510813,323.3129293341289,2.333566069770704,2.2788282956809336e-08,0.5322190148890894,323.315,0.04986
96420.0,323.31293330783205,2.2928573636950826,323.3129296628018,2.3334247849519625,2.2784668381990457e-08,0.5321875574563877,323.315,0.04986
96480.0,323.31293363581847,2.292725103758336,323.31292999142374,2.3332835230416884,2.2781054367727537e-08,0.5321561050133309,323.315,0.04986
96540.0,323.312933963754,2.2925928643378466,323.31293031999456,2.3331422840361227,2.2777440913939094e-08,0.5321246575591456,323.315,0.04986
96600.0,323.3129342916386,2.2924606454306184,323.31293064851434,2.3330010679315074,2.2773828020543372e-08,0.5320932150930581,323.315,0.04986
96660.0,323.3129346194723,2.2923284470336593,323.3129309769831,2.3328598747240843,2.2770215687458184e-08,0.5320617776142944,323.315,0.04986
96720.0,323.31293494725514,2.2921962691439735,323.31293130540087,2.3327187044100963,2.2766603914602424e-08,0.5320303451220815,323.315,0.04986
96780.0,323.31293527498707,2.2920641117585676,323.3129316337676,2.3325775569857874,2.2762992701894147e-08,0.5319989176156454,323.315,0.04986
96840.0,323.3129356026681,2.2919319748744487,323.3129319620834,2.332436432447401,2.2759382049251186e-08,0.5319674950942136,323.315,0.04986
96900.0,323.3129359302983,2.2917998584886234,323.31293229034816,2.3322953307911822,2.275577195659214e-08,0.5319360775570124,323.315,0.04986
96960.0,323.3129362578776,2.2916677625981006,323.31293261856194,2.3321542520133764,2.275216242383521e-08,0.5319046650032694,323.315,0.04986
97020.0,323.3129365854061,2.291535687199886,323.31293294672486,2.3320131961102297,2.2748553450899077e-08,0.5318732574322109,323.315,0.04986
97080.0,323.3129369128837,2.2914036322909883,323.3129332748368,2.331872163077988,2.274494503770188e-08,0.5318418548430649,323.315,0.04986
97140.0,323.3129372403105,2.291271597868417,323.3129336028977,2.3317311529128997,2.2741337184161546e-08,0.5318104572350582,323.315,0.04986
97200.0,323.31293756768645,2.291139583929181,323.3129339309077,2.3315901656112126,2.2737729890196622e-08,0.5317790646074182,323.315,0.04986
97260.0,323.3129378950116,2.2910075904702882,323.3129342588668,2.3314492011691743,2.2734123155725793e-08,0.5317476769593728,323.315,0.04986
97320.0,323.31293822228594,2.290875617488749,323.3129345867749,2.331308259583035,2.273051698066668e-08,0.5317162942901494,323.315,0.04986
97380.0,323.31293854950945,2.290743664981573,323.3129349146321,2.331167340849044,2.272691136493864e-08,0.5316849165989759,323.315,0.04986
97440.0,323.31293887668215,2.29061173294577,323.31293524243836,2.331026444963452,2.2723306308459266e-08,0.53165354388508,323.315,0.04986
97500.0,323.31293920380404,2.2904798213783524,323.3129355701937,2.3308855719225097,2.271970181114682e-08,0.5316221761476901,323.315,0.04986
97560.0,323.3129395308751,2.2903479302763294,323.31293589789817,2.330744721722469,2.271609787292009e-08,0.5315908133860336,323.315,0.04986
97620.0,323.3129398578954,2.2902160596367134,323.31293622555165,2.330603894359583,2.27124944936973e-08,0.5315594555993395,323.315,0.04986
97680.0,323.3129401848649,2.2900842094565146,323.3129365531543,2.3304630898301033,2.2708891673396947e-08,0.5315281027868357,323.315,0.04986
97740.0,323.3129405117836,2.289952379732747,323.3129368807061,2.330322308130284,2.270528941193728e-08,0.5314967549477507,323.315,0.04986
97800.0,323.3129408386516,2.289820570462423,323.312937208207,2.33018154925638,2.2701687709237495e-08,0.5314654120813131,323.315,0.04986
97860.0,323.31294116546894,2.2896887816425533,323.3129375356571,2.3300408132046457,2.269808656521498e-08,0.5314340741867517,323.315,0.04986
97920.0,323.3129414922355,2.2895570132701524,323.31293786305633,2.329900099971336,2.269448597978899e-08,0.531402741263295,323.315,0.04986
97980.0,323.3129418189513,2.289425265342234,323.31293819040474,2.329759409552708,2.2690885952877715e-08,0.531371413310172,323.315,0.04986
98040.0,323.3129421456163,2.2892935378558112,323.3129385177022,2.329618741945018,2.2687286484399182e-08,0.5313400903266119,323.315,0.04986
98100.0,323.31294247223065,2.289161830807899,323.31293884494886,2.3294780971445235,2.2683687574271913e-08,0.5313087723118436,323.315,0.04986
98160.0,323.3129427987943,2.289030144195511,323.31293917214464,2.329337475147483,2.2680089222415444e-08,0.5312774592650964,323.315,0.04986
98220.0,323.3129431253072,2.288898478015664,323.3129394992896,2.3291968759501542,2.26764914287468e-08,0.5312461511855998,323.315,0.04986
98280.0,323.31294345176946,2.288766832265372,323.31293982638374,2.3290562995487973,2.2672894193185765e-08,0.531214848072583,323.315,0.04986
98340.0,323.31294377818097,2.28863520694165,323.3129401534271,2.3289157459396717,2.266929751565023e-08,0.5311835499252758,323.315,0.04986
98400.0,323.31294410454177,2.288503602041515,323.3129404804197,2.328775215119038,2.266570139605851e-08,0.5311522567429077,323.315,0.04986
98460.0,323.3129444308519,2.2883720175619837,323.3129408073615,2.328634707083157,2.266210583432928e-08,0.5311209685247086,323.315,0.04986
98520.0,323.3129447571114,2.2882404535000713,323.3129411342525,2.3284942218282914,2.265851083038133e-08,0.5310896852699083,323.315,0.04986
98580.0,323.3129450833202,2.288108909852797,323.31294146109286,2.3283537593507035,2.2654916384133094e-08,0.531058406977737,323.315,0.04986
98640.0,323.31294540947835,2.287977386617176,323.3129417878823,2.328213319646656,2.2651322495503232e-08,0.5310271336474247,323.315,0.04986
98700.0,323.31294573558586,2.2878458837902276,323.312942114621,2.3280729027124125,2.2647729164410146e-08,0.5309958652782016,323.315,0.04986
98760.0,323.3129460616427,2.2877144013689694,323.31294244130896,2.327932508544238,2.264413639077225e-08,0.5309646018692984,323.315,0.04986
98820.0,323.312946387649,2.2875829393504192,323.3129427679461,2.327792137138397,2.2640544174508803e-08,0.5309333434199451,323.315,0.04986
98880.0,323.3129467136046,2.2874514977315963,323.31294309453256,2.3276517884911554,2.2636952515537823e-08,0.5309020899293727,323.315,0.04986
98940.0,323.31294703950965,2.2873200765095216,323.31294342106827,2.327511462598779,2.2633361413778117e-08,0.5308708413968115,323.315,0.04986
99000.0,323.31294736536404,2.287188675681212,323.3129437475533,2.327371159457535,2.2629770869148423e-08,0.5308395978214926,323.315,0.04986
99060.0,323.31294769116784,2.287057295243689,323.3129440739875,2.327230879063691,2.2626180881566826e-08,0.5308083592026467,323.315,0.04986
99120.0,323.31294801692104,2.286925935193972,323.31294440037107,2.327090621413515,2.2622591450952743e-08,0.5307771255395052,323.315,0.04986
99180.0,323.31294834262366,2.2867945955290834,323.3129447267039,2.3269503865032757,2.2619002577224045e-08,0.5307458968312988,323.315,0.04986
99240.0,323.3129486682757,2.286663276246042,323.31294505298604,2.326810174329242,2.2615414260299982e-08,0.5307146730772593,323.315,0.04986
99300.0,323.31294899387717,2.2865319773418706,323.3129453792175,2.326669984887685,2.261182650009913e-08,0.5306834542766173,323.315,0.04986
99360.0,323.312949319428,2.2864006988135905,323.31294570539836,2.326529818174875,2.2608239296539743e-08,0.530652240428605,323.315,0.04986
99420.0,323.3129496449284,2.2862694406582245,323.3129460315285,2.3263896741870824,2.2604652649541155e-08,0.5306210315324538,323.315,0.04986
99480.0,323.31294997037816,2.2861382028727943,323.312946357608,2.32624955292058,2.2601066559021863e-08,0.5305898275873951,323.315,0.04986
99540.0,323.31295029577734,2.286006985454322,323.31294668363677,2.326109454371641,2.2597481024899988e-08,0.530558628592661,323.315,0.04986
99600.0,323.31295062112605,2.2858757883998315,323.31294700961496,2.3259693785365374,2.259389604709494e-08,0.5305274345474834,323.315,0.04986
99660.0,323.3129509464242,2.2857446117063462,323.31294733554245,2.3258293254115436,2.2590311625525215e-08,0.5304962454510944,323.315,0.04986
99720.0,323.31295127167186,2.285613455370889,323.3129476614193,2.3256892949929338,2.2586727760109468e-08,0.5304650613027257,323.315,0.04986
99780.0,323.31295159686897,2.2854823193904856,323.31294798724554,2.3255492872769836,2.258314445076651e-08,0.5304338821016104,323.315,0.04986
99840.0,323.3129519220156,2.2853512037621604,323.31294831302114,2.325409302259968,2.2579561697415228e-08,0.5304027078469803,323.315,0.04986
99900.0,323.31295224711175,2.285220108482938,323.31294863874615,2.3252693399381634,2.2575979499974352e-08,0.530371538538068,323.315,0.04986
99960.0,323.31295257215737,2.285089033549843,323.3129489644205,2.325129400307847,2.25723978583626e-08,0.530340374174106,323.315,0.04986
100020.0,323.3129528971525,2.284957978959901,323.31294929004434,2.324989483365296,2.2568816772498388e-08,0.5303092147543271,323.315,0.04986
100080.0,323.3129532220972,2.2848269447101393,323.3129496156176,2.3248495891067895,2.2565236242301245e-08,0.5302780602779644,323.315,0.04986
100140.0,323.31295354699137,2.284695930797584,323.31294994114023,2.3247097175286062,2.2561656267689467e-08,0.5302469107442506,323.315,0.04986
100200.0,323.3129538718351,2.28456493721926,323.3129502666123,2.324569868627025,2.2558076848581843e-08,0.5302157661524185,323.315,0.04986
100260.0,323.31295419662837,2.284433963972197,323.31295059203376,2.3244300423983266,2.2554497984897748e-08,0.5301846265017017,323.315,0.04986
100320.0,323.31295452137124,2.284303011053421,323.3129509174047,2.324290238838792,2.25509196765555e-08,0.5301534917913334,323.315,0.04986
100380.0,323.31295484606363,2.2841720784599593,323.31295124272503,2.324150457944701,2.254734192347396e-08,0.5301223620205469,323.315,0.04986
100440.0,323.31295517070555,2.2840411661888416,323.31295156799484,2.3240106997123378,2.2543764725572156e-08,0.5300912371885754,323.315,0.04986
100500.0,323.3129554952971,2.283910274237094,323.3129518932141,2.3238709641379836,2.254018808276884e-08,0.5300601172946531,323.315,0.04986
100560.0,323.31295581983824,2.2837794026017475,323.3129522183828,2.323731251217922,2.2536611994982803e-08,0.5300290023380132,323.315,0.04986
100620.0,323.31295614432895,2.28364855127983,323.31295254350096,2.323591560948437,2.2533036462133148e-08,0.5299978923178901,323.315,0.04986
100680.0,323.31295646876924,2.283517720268372,323.3129528685687,2.323451893325813,2.2529461484139066e-08,0.5299667872335172,323.315,0.04986
100740.0,323.3129567931591,2.2833869095644026,323.3129531935858,2.323312248346335,2.2525887060918414e-08,0.5299356870841287,323.315,0.04986
100800.0,323.3129571174986,2.2832561191649523,323.31295351855255,2.3231726260062895,2.252231319239142e-08,0.5299045918689591,323.315,0.04986
100860.0,323.3129574417878,2.283125349067052,323.31295384346873,2.3230330263019625,2.2518739878475777e-08,0.5298735015872422,323.315,0.04986
100920.0,323.3129577660265,2.282994599267732,323.3129541683345,2.3228934492296407,2.251516711909126e-08,0.5298424162382127,323.315,0.04986
100980.0,323.3129580902149,2.2828638697640242,323.31295449314973,2.3227538947856123,2.2511594914156774e-08,0.529811335821105,323.315,0.04986
101040.0,323.312958414353,2.2827331605529606,323.3129548179145,2.3226143629661653,2.250802326359057e-08,0.5297802603351539,323.315,0.04986
101100.0,323.3129587384406,2.2826024716315727,323.31295514262877,2.322474853767589,2.250445216731246e-08,0.529749189779594,323.315,0.04986
101160.0,323.312959062478,2.2824718029968922,323.3129554672926,2.322335367186173,2.2500881625240996e-08,0.5297181241536599,323.315,0.04986
101220.0,323.31295938646497,2.2823411546459544,323.31295579190595,2.3221959032182067,2.2497311637294903e-08,0.5296870634565871,323.315,0.04986
101280.0,323.3129597104016,2.2822105265757893,323.31295611646885,2.3220564618599817,2.2493742203393882e-08,0.5296560076876102,323.315,0.04986
101340.0,323.312960034288,2.282079918783432,323.3129564409814,2.32191704310779,2.2490173323455976e-08,0.5296249568459647,323.315,0.04986
101400.0,323.31296035812403,2.281949331265916,323.31295676544346,2.321777646957922,2.248660499740116e-08,0.5295939109308856,323.315,0.04986
101460.0,323.3129606819097,2.281818764020276,323.3129570898551,2.3216382734066716,2.2483037225147673e-08,0.5295628699416084,323.315,0.04986
101520.0,323.3129610056451,2.2816882170435457,323.3129574142164,2.3214989224503326,2.2479470006615043e-08,0.5295318338773688,323.315,0.04986
101580.0,323.3129613293302,2.28155769033276,323.3129577385272,2.321359594085198,2.2475903341722103e-08,0.5295008027374022,323.315,0.04986
101640.0,323.31296165296504,2.281427183884955,323.31295806278763,2.321220288307563,2.247233723038834e-08,0.5294697765209446,323.315,0.04986
101700.0,323.3129619765496,2.281296697697165,323.31295838699765,2.3210810051137223,2.246877167253183e-08,0.5294387552272315,323.315,0.04986
101760.0,323.31296230008394,2.281166231766428,323.31295871115725,2.320941744499972,2.24652066680726e-08,0.5294077388554991,323.315,0.04986
101820.0,323.312962623568,2.2810357860897783,323.3129590352665,2.3208025064626088,2.2461642216929566e-08,0.5293767274049833,323.315,0.04986
101880.0,323.3129629470018,2.280905360664253,323.31295935932536,2.3206632909979295,2.245807831902167e-08,0.5293457208749205,323.315,0.04986
101940.0,323.3129632703853,2.2807749554868897,323.3129596833339,2.320524098102232,2.2454514974267578e-08,0.529314719264547,323.315,0.04986
102000.0,323.3129635937186,2.280644570554725,323.3129600072921,2.3203849277718147,2.2450952182587046e-08,0.5292837225730989,323.315,0.04986
102060.0,323.3129639170017,2.2805142058647965,323.3129603311999,2.3202457800029763,2.244738994389871e-08,0.5292527307998129,323.315,0.04986
102120.0,323.31296424023446,2.280383861414144,323.31296065505745,2.320106654792017,2.2443828258121856e-08,0.529221743943926,323.315,0.04986
102180.0,323.3129645634171,2.280253537199804,323.3129609788647,2.3199675521352368,2.2440267125175906e-08,0.5291907620046743,323.315,0.04986
102240.0,323.3129648865495,2.2801232332188164,323.31296130262155,2.319828472028937,2.2436706544979443e-08,0.529159784981295,323.315,0.04986
102300.0,323.31296520963167,2.2799929494682196,323.31296162632805,2.3196894144694187,2.2433146517451984e-08,0.5291288128730252,323.315,0.04986
102360.0,323.3129655326636,2.279862685945054,323.31296194998424,2.319550379452984,2.2429587042512898e-08,0.5290978456791017,323.315,0.04986
102420.0,323.3129658556454,2.2797324426463588,323.3129622735901,2.319411366975936,2.242602812008092e-08,0.5290668833987617,323.315,0.04986
102480.0,323.312966178577,2.279602219569175,323.31296259714566,2.319272377034578,2.242246975007557e-08,0.5290359260312426,323.315,0.04986
102540.0,323.31296650145845,2.2794720167105424,323.312962920651,2.3191334096252136,2.241891193241584e-08,0.5290049735757819,323.315,0.04986
102600.0,323.31296682428973,2.279341834067502,323.312963244106,2.318994464744148,2.241535466702108e-08,0.5289740260316171,323.315,0.04986
102660.0,323.3129671470708,2.2792116716370945,323.3129635675108,2.3188555423876864,2.241179795381014e-08,0.5289430833979859,323.315,0.04986
102720.0,323.3129674698018,2.279081529416363,323.3129638908653,2.318716642552134,2.2408241792702707e-08,0.5289121456741257,323.315,0.04986
102780.0,323.3129677924826,2.2789514074023485,323.3129642141696,2.318577765233798,2.240468618361776e-08,0.5288812128592745,323.315,0.04986
102840.0,323.3129681151133,2.2788213055920936,323.31296453742357,2.3184389104289855,2.240113112647497e-08,0.5288502849526706,323.315,0.04986
102900.0,323.3129684376938,2.2786912239826407,323.31296486062735,2.3183000781340044,2.2397576621192795e-08,0.5288193619535518,323.315,0.04986
102960.0,323.3129687602243,2.278561162571033,323.3129651837809,2.3181612683451633,2.2394022667691458e-08,0.5287884438611563,323.315,0.04986
103020.0,323.3129690827046,2.2784311213543136,323.31296550688415,2.3180224810587706,2.2390469265889056e-08,0.5287575306747223,323.315,0.04986
103080.0,323.3129694051349,2.2783011003295277,323.3129658299372,2.3178837162711368,2.238691641570629e-08,0.5287266223934884,323.315,0.04986
103140.0,323.31296972751494,2.2781710994937177,323.31296615294,2.3177449739785714,2.2383364117061055e-08,0.5286957190166933,323.315,0.04986
103200.0,323.312970049845,2.2780411188439285,323.31296647589267,2.3176062541773863,2.237981236987356e-08,0.5286648205435752,323.315,0.04986
103260.0,323.3129703721248,2.277911158377206,323.3129667987951,2.3174675568638925,2.2376261174062417e-08,0.5286339269733733,323.315,0.04986
103320.0,323.3129706943546,2.2777812180905945,323.3129671216473,2.3173288820344022,2.2372710529547457e-08,0.5286030383053261,323.315,0.04986
103380.0,323.31297101653433,2.27765129798114,323.3129674444493,2.3171902296852283,2.236916043624778e-08,0.5285721545386727,323.315,0.04986
103440.0,323.312971338664,2.277521398045887,323.3129677672012,2.3170515998126837,2.2365610894083243e-08,0.5285412756726523,323.315,0.04986
103500.0,323.31297166074364,2.277391518281883,323.3129680899029,2.316912992413083,2.2362061902972517e-08,0.528510401706504,323.315,0.04986
103560.0,323.3129719827732,2.2772616586861743,323.31296841255437,2.3167744074827405,2.2358513462835527e-08,0.528479532639467,323.315,0.04986
103620.0,323.3129723047528,2.277131819255808,323.3129687351557,2.3166358450179714,2.235496557359121e-08,0.5284486684707809,323.315,0.04986
103680.0,323.3129726266823,2.2770019999878315,323.312969057707,2.3164973050150923,2.235141823515918e-08,0.5284178091996851,323.315,0.04986
103740.0,323.31297294856176,2.276872200879292,323.3129693802081,2.3163587874704197,2.234787144745851e-08,0.5283869548254193,323.315,0.04986
103800.0,323.31297327039124,2.2767424219272376,323.3129697026591,2.3162202923802706,2.2344325210409243e-08,0.5283561053472233,323.315,0.04986
103860.0,323.31297359217064,2.2766126631287174,323.31297002505994,2.316081819740963,2.2340779523929765e-08,0.528325260764337,323.315,0.04986
103920.0,323.3129739139,2.2764829244807787,323.3129703474107,2.3159433695488154,2.2337234387940374e-08,0.5282944210760002,323.315,0.04986
103980.0,323.3129742355795,2.276353205980472,323.3129706697114,2.3158049418001467,2.2333689802360344e-08,0.5282635862814531,323.315,0.04986
104040.0,323.3129745572089,2.276223507624846,323.3129709919619,2.3156665364912765,2.2330145767108843e-08,0.5282327563799359,323.315,0.04986
104100.0,323.3129748787884,2.276093829410952,323.31297131416227,2.315528153618525,2.2326602282105588e-08,0.5282019313706888,323.315,0.04986
104160.0,323.3129752003179,2.275964171335837,323.31297163631257,2.3153897931782135,2.2323059347269903e-08,0.5281711112529526,323.315,0.04986
104220.0,323.31297552179745,2.275834533396556,323.3129719584127,2.3152514551666634,2.231951696252129e-08,0.5281402960259673,323.315,0.04986
104280.0,323.31297584322704,2.275704915590156,323.3129722804628,2.315113139580197,2.2315975127779173e-08,0.5281094856889738,323.315,0.04986
104340.0,323.31297616460665,2.27557531791369,323.3129726024629,2.314974846415137,2.231243384296304e-08,0.5280786802412128,323.315,0.04986
104400.0,323.3129764859363,2.2754457403642085,323.31297292441286,2.314836575667807,2.2308893107992287e-08,0.5280478796819253,323.315,0.04986
104460.0,323.312976807216,2.275316182938764,323.3129732463129,2.314698327334531,2.2305352922786393e-08,0.5280170840103523,323.315,0.04986
104520.0,323.3129771284457,2.2751866456344088,323.3129735681628,2.3145601014116335,2.2301813287265113e-08,0.5279862932257345,323.315,0.04986
104580.0,323.3129774496256,2.2750571284481946,323.3129738899628,2.31442189789544,2.2298274201347845e-08,0.5279555073273136,323.315,0.04986
104640.0,323.3129777707555,2.2749276313771762,323.3129742117126,2.3142837167822767,2.2294735664954232e-08,0.5279247263143307,323.315,0.04986
104700.0,323.3129780918355,2.2747981544184066,323.3129745334125,2.31414555806847,2.229119767800357e-08,0.527893950186027,323.315,0.04986
104760.0,323.3129784128656,2.274668697568938,323.31297485506235,2.314007421750347,2.228766024041546e-08,0.5278631789416445,323.315,0.04986
104820.0,323.3129787338459,2.2745392608258257,323.3129751766621,2.3138693078242354,2.2284123352109964e-08,0.5278324125804246,323.315,0.04986
104880.0,323.3129790547763,2.274409844186124,323.3129754982119,2.313731216286464,2.228058701300638e-08,0.5278016511016087,323.315,0.04986
104940.0,323.3129793756567,2.2742804476468867,323.31297581971177,2.3135931471333615,2.2277051223023823e-08,0.5277708945044391,323.315,0.04986
105000.0,323.3129796964873,2.2741510712051705,323.3129761411616,2.313455100361258,2.2273515982081914e-08,0.5277401427881578,323.315,0.04986
105060.0,323.31298001726793,2.27402171485803,323.31297646256144,2.3133170759664834,2.226998129010077e-08,0.5277093959520067,323.315,0.04986
105120.0,323.31298033799874,2.273892378602521,323.3129767839113,2.313179073945369,2.2266447146999834e-08,0.5276786539952282,323.315,0.04986
105180.0,323.3129806586797,2.273763062435699,323.3129771052112,2.313041094294246,2.226291355269827e-08,0.5276479169170644,323.315,0.04986
105240.0,323.3129809793108,2.2736337663546227,323.31297742646115,2.312903137009447,2.225938050711653e-08,0.5276171847167577,323.315,0.04986
105300.0,323.3129812998921,2.2735044903563466,323.31297774766114,2.312765202087305,2.2255848010173983e-08,0.5275864573935508,323.315,0.04986
105360.0,323.31298162042356,2.273375234437929,323.31297806881116,2.312627289524153,2.2252316061789867e-08,0.5275557349466862,323.315,0.04986
105420.0,323.3129819409052,2.273245998596428,323.3129783899112,2.3124893993163256,2.2248784661884178e-08,0.5275250173754068,323.315,0.04986
105480.0,323.312982261337,2.273116782828901,323.31297871096143,2.312351531460157,2.2245253810376762e-08,0.5274943046789554,323.315,0.04986
105540.0,323.3129825817191,2.2729875871324055,323.3129790319617,2.3122136859519817,2.2241723507186705e-08,0.5274635968565748,323.315,0.04986
105600.0,323.3129829020513,2.272858411504002,323.312979352912,2.312075862788137,2.2238193752234246e-08,0.5274328939075084,323.315,0.04986
105660.0,323.3129832223338,2.2727292559407477,323.3129796738125,2.311938061964959,2.2234664545438885e-08,0.5274021958309993,323.315,0.04986
105720.0,323.3129835425665,2.2726001204397033,323.3129799946631,2.3118002834787843,2.2231135886720486e-08,0.5273715026262906,323.315,0.04986
105780.0,323.3129838627494,2.2724710049979278,323.3129803154638,2.311662527325951,2.2227607775998127e-08,0.5273408142926259,323.315,0.04986
105840.0,323.3129841828825,2.272341909612482,323.3129806362146,2.3115247935027985,2.222408021319253e-08,0.5273101308292489,323.315,0.04986
105900.0,323.31298450296583,2.272212834280425,323.3129809569155,2.311387082005665,2.2220553198222568e-08,0.527279452235403,323.315,0.04986
105960.0,323.3129848229994,2.2720837789988186,323.3129812775665,2.3112493928308897,2.2217026731008205e-08,0.5272487785103317,323.315,0.04986
106020.0,323.31298514298317,2.2719547437647236,323.31298159816765,2.311111725974814,2.221350081146951e-08,0.5272181096532793,323.315,0.04986
106080.0,323.3129854629172,2.2718257285752017,323.31298191871895,2.3109740814337782,2.2209975439525486e-08,0.5271874456634896,323.315,0.04986
106140.0,323.31298578280155,2.271696733427315,323.3129822392204,2.3108364592041237,2.220645061509724e-08,0.5271567865402068,323.315,0.04986
106200.0,323.31298610263616,2.271567758318125,323.312982559672,2.3106988592821933,2.22029263381032e-08,0.5271261322826749,323.315,0.04986
106260.0,323.3129864224211,2.2714388032446946,323.3129828800738,2.310561281664329,2.2199402608464157e-08,0.5270954828901384,323.315,0.04986
106320.0,323.3129867421563,2.271309868204087,323.3129832004257,2.3104237263468748,2.2195879426099517e-08,0.5270648383618416,323.315,0.04986
106380.0,323.3129870618418,2.2711809531933644,323.31298352072787,2.3102861933261742,2.2192356790928925e-08,0.5270341986970289,323.315,0.04986
106440.0,323.31298738147757,2.271052058209592,323.3129838409802,2.310148682598572,2.2188834702872404e-08,0.5270035638949454,323.315,0.04986
106500.0,323.31298770106366,2.270923183249833,323.3129841611828,2.310011194160414,2.2185313161849527e-08,0.5269729339548352,323.315,0.04986
106560.0,323.3129880206001,2.270794328311151,323.31298448133555,2.309873728008045,2.218179216778061e-08,0.5269423088759437,323.315,0.04986
106620.0,323.31298834008675,2.270665493390613,323.3129848014385,2.309736284137813,2.217827172058503e-08,0.5269116886575157,323.315,0.04986
106680.0,323.31298865952374,2.270536678485281,323.31298512149175,2.3095988625460637,2.217475182018259e-08,0.5268810732987961,323.315,0.04986
106740.0,323.3129889789111,2.270407883592222,323.31298544149513,2.3094614632291455,2.2171232466493683e-08,0.5268504627990303,323.315,0.04986
106800.0,323.31298929824885,2.270279108708503,323.3129857614488,2.3093240861834072,2.216771365943816e-08,0.5268198571574635,323.315,0.04986
106860.0,323.3129896175369,2.2701503538311885,323.31298608135256,2.3091867314051973,2.216419539893529e-08,0.526789256373341,323.315,0.04986
106920.0,323.3129899367754,2.2700216189573448,323.3129864012066,2.309049398890865,2.216067768490587e-08,0.5267586604459087,323.315,0.04986
106980.0,323.3129902559642,2.269892904084039,323.31298672101093,2.3089120886367613,2.215716051726907e-08,0.5267280693744119,323.315,0.04986
107040.0,323.3129905751034,2.269764209208338,323.31298704076556,2.308774800639237,2.2153643895944874e-08,0.5266974831580965,323.315,0.04986
107100.0,323.31299089419304,2.2696355343273105,323.31298736047046,2.308637534894643,2.2150127820853747e-08,0.5266669017962082,323.315,0.04986
107160.0,323.312991213233,2.2695068794380235,323.3129876801256,2.3085002913993318,2.2146612291915057e-08,0.526636325287993,323.315,0.04986
107220.0,323.3129915322233,2.2693782445375446,323.3129879997311,2.308363070149656,2.2143097309048818e-08,0.5266057536326972,323.315,0.04986
107280.0,323.31299185116404,2.2692496296229434,323.3129883192869,2.308225871141969,2.2139582872175278e-08,0.5265751868295668,323.315,0.04986
107340.0,323.3129921700552,2.2691210346912882,323.31298863879294,2.308088694372625,2.2136068981214218e-08,0.526544624877848,323.315,0.04986
107400.0,323.3129924888968,2.268992459739649,323.3129889582493,2.307951539837978,2.2132555636085438e-08,0.5265140677767872,323.315,0.04986
107460.0,323.31299280768883,2.2688639047650945,323.31298927765596,2.3078144075343836,2.2129042836709643e-08,0.5264835155256313,323.315,0.04986
107520.0,323.31299312643125,2.2687353697646957,323.312989597013,2.307677297458198,2.212553058300598e-08,0.5264529681236266,323.315,0.04986
107580.0,323.31299344512416,2.2686068547355225,323.31298991632025,2.3075402096057767,2.212201887489452e-08,0.5264224255700198,323.315,0.04986
107640.0,323.31299376376745,2.2684783596746447,323.3129902355779,2.3074031439734775,2.21185077122959e-08,0.526391887864058,323.315,0.04986
107700.0,323.31299408236123,2.268349884579135,323.31299055478587,2.3072661005576576,2.2114997095129717e-08,0.5263613550049879,323.315,0.04986
107760.0,323.3129944009055,2.268221429446065,323.3129908739442,2.3071290793546755,2.21114870233162e-08,0.5263308269920567,323.315,0.04986
107820.0,323.31299471940014,2.2680929942725045,323.3129911930529,2.3069920803608897,2.2107977496774753e-08,0.5263003038245117,323.315,0.04986
107880.0,323.31299503784527,2.267964579055527,323.3129915121119,2.3068551035726603,2.210446851542638e-08,0.5262697855015998,323.315,0.04986
107940.0,323.3129953562409,2.2678361837922054,323.3129918311214,2.3067181489863477,2.2100960079190355e-08,0.5262392720225688,323.315,0.04986
108000.0,323.31299567458706,2.26770780847961,323.3129921500812,2.306581216598312,2.2097452187987486e-08,0.5262087633866659,323.315,0.04986
108060.0,323.31299599288366,2.2675794531148172,323.3129924689914,2.306444306404915,2.2093944841737312e-08,0.5261782595931389,323.315,0.04986
108120.0,323.3129963111308,2.2674511176948986,323.31299278785207,2.306307418402519,2.209043804036038e-08,0.5261477606412356,323.315,0.04986
108180.0,323.31299662932844,2.2673228022169285,323.31299310666304,2.3061705525874863,2.2086931783776053e-08,0.5261172665302037,323.315,0.04986
108240.0,323.3129969474766,2.2671945066779813,323.31299342542445,2.3060337089561798,2.208342607190513e-08,0.5260867772592912,323.315,0.04986
108300.0,323.31299726557535,2.2670662310751313,323.3129937441363,2.3058968875049635,2.2079920904667647e-08,0.5260562928277462,323.315,0.04986
108360.0,323.3129975836246,2.2669379754054546,323.3129940627985,2.305760088230202,2.20764162819836e-08,0.5260258132348169,323.315,0.04986
108420.0,323.31299790162444,2.2668097396660247,323.3129943814111,2.305623311128261,2.207291220377311e-08,0.5259953384797514,323.315,0.04986
108480.0,323.3129982195748,2.2666815238539177,323.3129946999742,2.305486556195505,2.2069408669956347e-08,0.5259648685617981,323.315,0.04986
108540.0,323.3129985374757,2.2665533279662107,323.3129950184877,2.305349823428301,2.20659056804534e-08,0.5259344034802058,323.315,0.04986
108600.0,323.3129988553272,2.2664251519999796,323.3129953369517,2.3052131128230164,2.2062403235184745e-08,0.5259039432342228,323.315,0.04986
108660.0,323.31299917312924,2.2662969959523007,323.3129956553662,2.3050764243760176,2.2058901334069924e-08,0.5258734878230982,323.315,0.04986
108720.0,323.3129994908818,2.266168859820252,323.3129959737311,2.3049397580836737,2.2055399977029598e-08,0.5258430372460802,323.315,0.04986
108780.0,323.312999808585,2.26604074360091,323.31299629204653,2.3048031139423535,2.2051899163983867e-08,0.5258125915024184,323.315,0.04986
108840.0,323.31300012623876,2.2659126472913522,323.31299661031244,2.304666491948426,2.2048398894853047e-08,0.5257821505913615,323.315,0.04986
108900.0,323.3130004438431,2.265784570888658,323.31299692852883,2.304529892098262,2.2044899169556962e-08,0.5257517145121587,323.315,0.04986
108960.0,323.3130007613981,2.2656565143899057,323.31299724669566,2.3043933143882316,2.2041399988016552e-08,0.5257212832640593,323.315,0.04986
109020.0,323.31300107890365,2.2655284777921727,323.31299756481303,2.3042567588147063,2.2037901350151555e-08,0.5256908568463129,323.315,0.04986
109080.0,323.3130013963598,2.265400461092539,323.3129978828809,2.304120225374058,2.2034403255881894e-08,0.5256604352581685,323.315,0.04986
109140.0,323.31300171376665,2.265272464288084,323.31299820089924,2.3039837140626584,2.20309057051287e-08,0.5256300184988761,323.315,0.04986
109200.0,323.31300203112414,2.2651444873758892,323.3129985188682,2.3038472248768813,2.2027408697811646e-08,0.5255996065676856,323.315,0.04986
109260.0,323.3130023484323,2.265016530353032,323.31299883678764,2.303710757813101,2.2023912233851226e-08,0.5255691994638461,323.315,0.04986
109320.0,323.31300266569104,2.264888593216596,323.3129991546576,2.3035743128676907,2.20204163131675e-08,0.5255387971866081,323.315,0.04986
109380.0,323.3130029829005,2.26476067596366,323.3129994724781,2.303437890037026,2.2016920935681095e-08,0.5255083997352217,323.315,0.04986
109440.0,323.31300330006064,2.264632778591306,323.3129997902492,2.303301489317483,2.2013426101312238e-08,0.5254780071089367,323.315,0.04986
109500.0,323.31300361717143,2.2645049010966156,323.3130001079708,2.3031651107054367,2.2009931809980974e-08,0.5254476193070036,323.315,0.04986
109560.0,323.3130039342329,2.2643770434766717,323.31300042564305,2.303028754197265,2.2006438061607968e-08,0.5254172363286727,323.315,0.04986
109620.0,323.313004251245,2.2642492057285555,323.31300074326583,2.3028924197893446,2.2002944856112982e-08,0.5253868581731945,323.315,0.04986
109680.0,323.3130045682079,2.2641213878493502,323.3130010608392,2.3027561074780536,2.1999452193417e-08,0.5253564848398194,323.315,0.04986
109740.0,323.31300488512136,2.263993589836139,323.31300137836314,2.3026198172597714,2.1995960073439822e-08,0.5253261163277986,323.315,0.04986
109800.0,323.3130052019856,2.2638658116860046,323.3130016958377,2.3024835491308773,2.1992468496102568e-08,0.5252957526363824,323.315,0.04986
109860.0,323.31300551880054,2.2637380533960325,323.31300201326286,2.30234730308775,2.198897746132473e-08,0.5252653937648221,323.315,0.04986
109920.0,323.3130058355662,2.263610314963306,323.31300233063865,2.3022110791267716,2.198548696902709e-08,0.5252350397123685,323.315,0.04986
109980.0,323.3130061522825,2.2634825963849083,323.3130026479651,2.3020748772443222,2.1981997019130173e-08,0.5252046904782725,323.315,0.04986
110040.0,323.31300646894965,2.2633548976579254,323.3130029652421,2.3019386974367837,2.1978507611554264e-08,0.525174346061786,323.315,0.04986
110100.0,323.31300678556755,2.263227218779443,323.31300328246977,2.301802539700539,2.1975018746220074e-08,0.52514400646216,323.315,0.04986
110160.0,323.31300710213617,2.2630995597465464,323.3130035996481,2.3016664040319705,2.197153042304739e-08,0.525113671678646,323.315,0.04986
110220.0,323.3130074186556,2.2629719205563212,323.31300391677706,2.3015302904274617,2.196804264195722e-08,0.5250833417104956,323.315,0.04986
110280.0,323.31300773512584,2.2628443012058534,323.31300423385665,2.3013941988833975,2.1964555402869998e-08,0.5250530165569604,323.315,0.04986
110340.0,323.31300805154683,2.26271670169223,323.31300455088694,2.3012581293961625,2.1961068705705942e-08,0.5250226962172923,323.315,0.04986
110400.0,323.31300836791854,2.262589122012538,323.31300486786785,2.3011220819621414,2.195758255038509e-08,0.5249923806907432,323.315,0.04986
110460.0,323.313008684241,2.262461562163864,323.31300518479947,2.3009860565777207,2.1954096936828247e-08,0.5249620699765651,323.315,0.04986
110520.0,323.3130090005143,2.262334022143296,323.3130055016817,2.3008500532392877,2.1950611864956083e-08,0.5249317640740101,323.315,0.04986
110580.0,323.31300931673843,2.262206501947923,323.3130058185146,2.3007140719432284,2.194712733468934e-08,0.5249014629823306,323.315,0.04986
110640.0,323.3130096329133,2.2620790015748335,323.31300613529834,2.3005781126859324,2.1943643345947803e-08,0.5248711667007789,323.315,0.04986
110700.0,323.313009949039,2.261951521021115,323.3130064520327,2.3004421754637865,2.1940159898651976e-08,0.5248408752286073,323.315,0.04986
110760.0,323.3130102651155,2.2618240602838577,323.31300676871786,2.3003062602731807,2.1936676992722947e-08,0.5248105885650687,323.315,0.04986
110820.0,323.31301058114286,2.2616966193601504,323.3130070853537,2.300170367110505,2.1933194628081254e-08,0.5247803067094152,323.315,0.04986
110880.0,323.31301089712105,2.2615691982470825,323.3130074019403,2.3000344959721497,2.1929712804647137e-08,0.5247500296609001,323.315,0.04986
110940.0,323.31301121305006,2.261441796941745,323.31300771847765,2.299898646854505,2.1926231522341166e-08,0.5247197574187764,323.315,0.04986
111000.0,323.31301152892996,2.2613144154412277,323.31300803496566,2.2997628197539632,2.1922750781083865e-08,0.5246894899822967,323.315,0.04986
111060.0,323.31301184476075,2.2611870537426224,323.31300835140445,2.299627014666916,2.1919270580795923e-08,0.524659227350714,323.315,0.04986
111120.0,323.3130121605424,2.2610597118430196,323.31300866779395,2.299491231589757,2.191579092139837e-08,0.5246289695232822,323.315,0.04986
111180.0,323.3130124762749,2.2609323897395113,323.3130089841342,2.299355470518879,2.1912311802810334e-08,0.524598716499254,323.315,0.04986
111240.0,323.31301279195833,2.2608050874291887,323.3130093004253,2.2992197314506755,2.1908833224954194e-08,0.5245684682778834,323.315,0.04986
111300.0,323.3130131075926,2.260677804909144,323.3130096166671,2.2990840143815423,2.190535518774964e-08,0.5245382248584234,323.315,0.04986
111360.0,323.3130134231778,2.260550542176471,323.3130099328597,2.2989483193078737,2.190187769111681e-08,0.524507986240128,323.315,0.04986
111420.0,323.3130137387139,2.260423299228262,323.3130102490031,2.2988126462260663,2.1898400734977573e-08,0.5244777524222508,323.315,0.04986
111480.0,323.3130140542009,2.2602960760616106,323.31301056509733,2.298676995132516,2.1894924319251384e-08,0.5244475234040461,323.315,0.04986
111540.0,323.3130143696388,2.26016887267361,323.31301088114236,2.2985413660236205,2.1891448443859506e-08,0.5244172991847673,323.315,0.04986
111600.0,323.31301468502767,2.260041689061355,323.3130111971382,2.298405758895777,2.1887973108722878e-08,0.524387079763669,323.315,0.04986
111660.0,323.31301500036744,2.25991452522194,323.3130115130849,2.298270173745385,2.188449831376128e-08,0.5243568651400051,323.315,0.04986
111720.0,323.31301531565816,2.259787381152459,323.3130118289825,2.298134610568842,2.1881024058895935e-08,0.5243266553130302,323.315,0.04986
111780.0,323.3130156308998,2.259660256850008,323.31301214483085,2.2979990693625476,2.1877550344047314e-08,0.5242964502819986,323.315,0.04986
111840.0,323.31301594609243,2.2595331523116817,323.31301246063003,2.2978635501229028,2.1874077169136362e-08,0.5242662500461645,323.315,0.04986
111900.0,323.313016261236,2.2594060675345755,323.31301277638005,2.297728052846308,2.187060453408356e-08,0.5242360546047832,323.315,0.04986
111960.0,323.3130165763305,2.259279002515787,323.31301309208095,2.2975925775291643,2.1867132438809434e-08,0.524205863957109,323.315,0.04986
112020.0,323.313016891376,2.2591519572524117,323.3130134077327,2.297457124167874,2.1863660883235278e-08,0.524175678102397,323.315,0.04986
112080.0,323.3130172063724,2.259024931741547,323.31301372333525,2.2973216927588394,2.186018986728131e-08,0.5241454970399019,323.315,0.04986
112140.0,323.3130175213199,2.25889792598029,323.31301403888875,2.297186283298464,2.185671939086895e-08,0.5241153207688791,323.315,0.04986
112200.0,323.31301783621836,2.2587709399657365,323.31301435439315,2.2970508957831526,2.185324945391791e-08,0.5240851492885837,323.315,0.04986
112260.0,323.31301815106787,2.258643973694988,323.3130146698485,2.296915530209308,2.1849780056349644e-08,0.5240549825982709,323.315,0.04986
112320.0,323.31301846586837,2.258517027165139,323.3130149852547,2.2967801865733364,2.1846311198084967e-08,0.5240248206971965,323.315,0.04986
112380.0,323.3130187806199,2.2583901003732905,323.31301530061177,2.2966448648716424,2.184284287904453e-08,0.5239946635846155,323.315,0.04986
112440.0,323.3130190953225,2.258263193316542,323.3130156159198,2.2965095651006333,2.1839375099149003e-08,0.523964511259784,323.315,0.04986
112500.0,323.31301940997605,2.258136305991991,323.31301593117877,2.2963742872567154,2.183590785831938e-08,0.5239343637219576,323.315,0.04986
112560.0,323.31301972458067,2.258009438396738,323.3130162463886,2.296239031336296,2.1832441156476166e-08,0.5239042209703918,323.315,0.04986
112620.0,323.31302003913635,2.257882590527884,323.3130165615494,2.296103797335784,2.1828974993540227e-08,0.523874083004343,323.315,0.04986
112680.0,323.3130203536431,2.257755762382528,323.3130168766611,2.2959685852515874,2.1825509369432826e-08,0.523843949823067,323.315,0.04986
112740.0,323.3130206681009,2.257628953957772,323.3130171917238,2.2958333950801157,2.182204428407407e-08,0.5238138214258203,323.315,0.04986
112800.0,323.3130209825097,2.257502165250715,323.3130175067375,2.295698226817779,2.1818579737385346e-08,0.5237836978118591,323.315,0.04986
112860.0,323.31302129686964,2.2573753962584613,323.31301782170215,2.295563080460988,2.1815115729287325e-08,0.5237535789804395,323.315,0.04986
112920.0,323.3130216111806,2.2572486469781117,323.31301813661776,2.2954279560061535,2.181165225970083e-08,0.5237234649308183,323.315,0.04986
112980.0,323.3130219254426,2.257121917406767,323.3130184514844,2.2952928534496873,2.1808189328546666e-08,0.5236933556622522,323.315,0.04986
113040.0,323.3130222396558,2.2569952075415305,323.313018766302,2.295157772788002,2.18047269357462e-08,0.5236632511739977,323.315,0.04986
113100.0,323.31302255382013,2.2568685173795053,323.3130190810706,2.2950227140175103,2.1801265081219944e-08,0.5236331514653118,323.315,0.04986
113160.0,323.31302286793556,2.2567418469177944,323.31301939579015,2.294887677134626,2.1797803764889066e-08,0.5236030565354513,323.315,0.04986
113220.0,323.3130231820021,2.2566151961535015,323.3130197104607,2.294752662135763,2.1794342986673763e-08,0.5235729663836736,323.315,0.04986
113280.0,323.3130234960198,2.256488565083731,323.31302002508227,2.2946176690173368,2.1790882746496064e-08,0.5235428810092352,323.315,0.04986
113340.0,323.31302380998864,2.2563619537055866,323.3130203396549,2.294482697775762,2.1787423044276044e-08,0.523512800411394,323.315,0.04986
113400.0,323.3130241239086,2.2562353620161737,323.3130206541785,2.2943477484074553,2.178396387993462e-08,0.5234827245894071,323.315,0.04986
113460.0,323.3130244377797,2.256108790012598,323.3130209686532,2.2942128209088333,2.178050525339349e-08,0.5234526535425321,323.315,0.04986
113520.0,323.3130247516019,2.2559822376919625,323.3130212830789,2.294077915276313,2.1777047164572793e-08,0.5234225872700268,323.315,0.04986
113580.0,323.3130250653753,2.255855705051375,323.31302159745576,2.2939430315063123,2.1773589613394038e-08,0.5233925257711485,323.315,0.04986
113640.0,323.3130253790999,2.25572919208794,323.3130219117836,2.2938081695952497,2.177013259977739e-08,0.5233624690451552,323.315,0.04986
113700.0,323.3130256927756,2.2556026987987643,323.3130222260625,2.2936733295395437,2.176667612364509e-08,0.523332417091305,323.315,0.04986
113760.0,323.31302600640254,2.2554762251809546,323.3130225402925,2.293538511335615,2.1763220184917386e-08,0.5233023699088555,323.315,0.04986
113820.0,323.3130263199806,2.255349771231619,323.31302285447356,2.2934037149798834,2.175976478351518e-08,0.5232723274970655,323.315,0.04986
113880.0,323.31302663350993,2.2552233369478634,323.31302316860575,2.29326894046877,2.175630991935976e-08,0.5232422898551926,323.315,0.04986
113940.0,323.3130269469904,2.255096922326798,323.31302348268906,2.293134187798696,2.1752855592372098e-08,0.5232122569824957,323.315,0.04986
114000.0,323.3130272604222,2.2549705273655283,323.3130237967234,2.292999456966083,2.174940180247362e-08,0.523182228878233,323.315,0.04986
114060.0,323.3130275738052,2.254844152061164,323.3130241107089,2.2928647479673554,2.174594854958459e-08,0.5231522055416631,323.315,0.04986
114120.0,323.3130278871394,2.254717796410815,323.3130244246455,2.292730060798935,2.174249583362693e-08,0.5231221869720447,323.315,0.04986
114180.0,323.3130282004248,2.2545914604115884,323.3130247385332,2.292595395457246,2.173904365452073e-08,0.5230921731686368,323.315,0.04986
114240.0,323.3130285136615,2.254465144060596,323.31302505237204,2.2924607519387137,2.1735592012187953e-08,0.523062164130698,323.315,0.04986
114300.0,323.31302882684946,2.254338847354946,323.31302536616204,2.2923261302397626,2.1732140906549268e-08,0.5230321598574874,323.315,0.04986
114360.0,323.3130291399886,2.2542125702917497,323.31302567990315,2.2921915303568183,2.172869033752569e-08,0.5230021603482642,323.315,0.04986
114420.0,323.313029453079,2.2540863128681172,323.31302599359543,2.2920569522863077,2.172524030503814e-08,0.5229721656022878,323.315,0.04986
114480.0,323.31302976612074,2.253960075081161,323.3130263072389,2.291922396024658,2.172179080900831e-08,0.5229421756188174,323.315,0.04986
114540.0,323.31303007911373,2.25383385692799,323.3130266208335,2.2917878615682956,2.1718341849357013e-08,0.5229121903971123,323.315,0.04986
114600.0,323.31303039205795,2.253707658405718,323.3130269343793,2.2916533489136497,2.1714893426005475e-08,0.5228822099364324,323.315,0.04986
114660.0,323.3130307049535,2.253581479511455,323.31302724787633,2.291518858057149,2.1711445538874928e-08,0.5228522342360371,323.315,0.04986
114720.0,323.31303101780037,2.253455320242315,323.3130275613245,2.2913843889952226,2.1707998187886123e-08,0.5228222632951864,323.315,0.04986
114780.0,323.31303133059856,2.2533291805954105,323.31302787472384,2.291249941724301,2.170455137296081e-08,0.5227922971131399,323.315,0.04986
114840.0,323.31303164334804,2.253203060567855,323.31302818807444,2.2911155162408137,2.170110509401972e-08,0.522762335689158,323.315,0.04986
114900.0,323.3130319560488,2.2530769601567604,323.3130285013762,2.290981112541193,2.16976593509838e-08,0.5227323790225004,323.315,0.04986
114960.0,323.3130322687009,2.2529508793592425,323.31302881462926,2.2908467306218707,2.1694214143774857e-08,0.5227024271124275,323.315,0.04986
115020.0,323.31303258130436,2.2528248181724146,323.3130291278335,2.290712370479279,2.1690769472313662e-08,0.5226724799581997,323.315,0.04986
115080.0,323.31303289385914,2.252698776593391,323.31302944098894,2.290578032109851,2.1687325336521566e-08,0.5226425375590775,323.315,0.04986
115140.0,323.3130332063653,2.252572754619287,323.3130297540957,2.2904437155100195,2.1683881736319986e-08,0.5226125999143212,323.315,0.04986
115200.0,323.31303351882275,2.2524467522472174,323.3130300671536,2.2903094206762202,2.1680438671629742e-08,0.5225826670231916,323.315,0.04986
115260.0,323.3130338312316,2.2523207694742977,323.3130303801628,2.290175147604887,2.167699614237253e-08,0.5225527388849494,323.315,0.04986
115320.0,323.3130341435919,2.252194806297645,323.31303069312327,2.2900408962924557,2.1673554148469374e-08,0.5225228154988555,323.315,0.04986
115380.0,323.3130344559035,2.252068862714374,323.313031006035,2.2899066667353623,2.1670112689841368e-08,0.522492896864171,323.315,0.04986
115440.0,323.3130347681665,2.2519429387216023,323.31303131889797,2.289772458930043,2.166667176640993e-08,0.5224629829801569,323.315,0.04986
115500.0,323.3130350803809,2.2518170343164474,323.3130316317123,2.289638272872936,2.166323137809689e-08,0.5224330738460742,323.315,0.04986
115560.0,323.31303539254674,2.2516911494960254,323.31303194447787,2.289504108560479,2.165979152482228e-08,0.5224031694611846,323.315,0.04986
115620.0,323.313035704664,2.251565284257455,323.31303225719483,2.2893699659891094,2.1656352206508732e-08,0.5223732698247492,323.315,0.04986
115680.0,323.3130360167326,2.2514394385978536,323.313032569863,2.2892358451552677,2.165291342307668e-08,0.5223433749360297,323.315,0.04986
115740.0,323.3130363287527,2.2513136125143394,323.31303288248256,2.289101746055393,2.1649475174447805e-08,0.5223134847942876,323.315,0.04986
115800.0,323.3130366407242,2.2511878060040322,323.3130331950534,2.2889676686859253,2.164603746054341e-08,0.5222835993987849,323.315,0.04986
115860.0,323.31303695264705,2.25106201906405,323.3130335075755,2.2888336130433062,2.1642600281284394e-08,0.522253718748783,323.315,0.04986
115920.0,323.31303726452137,2.2509362516915123,323.313033820049,2.2886995791239766,2.1639163636592305e-08,0.5222238428435444,323.315,0.04986
115980.0,323.31303757634714,2.2508105038835406,323.3130341324738,2.288565566924379,2.1635727526388703e-08,0.5221939716823305,323.315,0.04986
116040.0,323.31303788812437,2.2506847756372537,323.3130344448499,2.288431576440956,2.1632291950594893e-08,0.5221641052644043,323.315,0.04986
116100.0,323.31303819985305,2.250559066949772,323.31303475717743,2.2882976076701507,2.1628856909132766e-08,0.5221342435890273,323.315,0.04986
116160.0,323.31303851153325,2.250433377818217,323.31303506945636,2.2881636606084075,2.1625422401922565e-08,0.5221043866554624,323.315,0.04986
116220.0,323.3130388231649,2.2503077082397107,323.31303538168663,2.2880297352521706,2.1621988428886817e-08,0.5220745344629721,323.315,0.04986
116280.0,323.31303913474807,2.2501820582113723,323.3130356938683,2.287895831597885,2.161855498994608e-08,0.5220446870108185,323.315,0.04986
116340.0,323.31303944628274,2.2500564277303257,323.3130360060013,2.2877619496419968,2.161512208502242e-08,0.5220148442982651,323.315,0.04986
116400.0,323.3130397577689,2.2499308167936922,323.3130363180857,2.287628089380952,2.161168971403674e-08,0.521985006324574,323.315,0.04986
116460.0,323.3130400692065,2.249805225398595,323.31303663012153,2.2874942508111977,2.1608257876910496e-08,0.5219551730890086,323.315,0.04986
116520.0,323.31304038059574,2.249679653542157,323.31303694210874,2.287360433929181,2.160482657356567e-08,0.5219253445908317,323.315,0.04986
116580.0,323.3130406919364,2.2495541012215012,323.3130372540474,2.2872266387313513,2.160139580392314e-08,0.5218955208293066,323.315,0.04986
116640.0,323.31304100322865,2.2494285684337516,323.3130375659374,2.2870928652141562,2.1597965567904742e-08,0.5218657018036965,323.315,0.04986
116700.0,323.3130413144724,2.249303055176033,323.31303787777887,2.2869591133740452,2.1594535865431684e-08,0.5218358875132647,323.315,0.04986
116760.0,323.31304162566767,2.2491775614454683,323.3130381895718,2.2868253832074688,2.159110669642521e-08,0.5218060779572747,323.315,0.04986
116820.0,323.3130419368145,2.2490520872391837,323.3130385013161,2.286691674710877,2.1587678060807236e-08,0.5217762731349903,323.315,0.04986
116880.0,323.31304224791285,2.248926632554303,323.31303881301193,2.2865579878807214,2.1584249958499346e-08,0.521746473045675,323.315,0.04986
116940.0,323.3130425589628,2.2488011973879525,323.3130391246592,2.2864243227134535,2.1580822389422904e-08,0.5217166776885926,323.315,0.04986
117000.0,323.3130428699643,2.2486757817372576,323.3130394362579,2.2862906792055258,2.1577395353499194e-08,0.5216868870630069,323.315,0.04986
117060.0,323.3130431809174,2.248550385599345,323.3130397478081,2.2861570573533916,2.1573968850650114e-08,0.5216571011681822,323.315,0.04986
117120.0,323.31304349182216,2.248425008971341,323.3130400593098,2.2860234571535036,2.157054288079717e-08,0.5216273200033826,323.315,0.04986
117180.0,323.31304380267846,2.248299651850372,323.31304037076296,2.2858898786023167,2.156711744386145e-08,0.5215975435678721,323.315,0.04986
117240.0,323.31304411348634,2.248174314233566,323.3130406821676,2.2857563216962857,2.1563692539765156e-08,0.5215677718609152,323.315,0.04986
117300.0,323.31304442424585,2.248048996118051,323.3130409935237,2.2856227864318654,2.1560268168429175e-08,0.5215380048817764,323.315,0.04986
117360.0,323.313044734957,2.247923697500953,323.3130413048313,2.2854892728055125,2.1556844329775657e-08,0.5215082426297201,323.315,0.04986
117420.0,323.31304504561973,2.2477984183794018,323.31304161609046,2.2853557808136835,2.1553421023726226e-08,0.5214784851040111,323.315,0.04986
117480.0,323.3130453562341,2.2476731587505263,323.31304192730113,2.2852223104528346,2.1549998250201774e-08,0.521448732303914,323.315,0.04986
117540.0,323.3130456668001,2.2475479186114535,323.3130422384633,2.2850888617194243,2.1546576009124707e-08,0.521418984228694,323.315,0.04986
117600.0,323.31304597731776,2.2474226979593155,323.31304254957706,2.284955434609911,2.1543154300415844e-08,0.5213892408776158,323.315,0.04986
117660.0,323.313046287787,2.24729749679124,323.3130428606424,2.2848220291207535,2.1539733123997283e-08,0.5213595022499448,323.315,0.04986
117720.0,323.3130465982079,2.2471723151043577,323.3130431716593,2.284688645248411,2.153631247979083e-08,0.5213297683449458,323.315,0.04986
117780.0,323.3130469085805,2.2470471528957985,323.3130434826277,2.284555282989345,2.1532892367717692e-08,0.5213000391618846,323.315,0.04986
117840.0,323.3130472189047,2.2469220101626934,323.31304379354765,2.284421942340015,2.152947278769981e-08,0.521270314700026,323.315,0.04986
117900.0,323.31304752918066,2.2467968869021746,323.3130441044192,2.284288623296883,2.1526053739658757e-08,0.5212405949586363,323.315,0.04986
117960.0,323.3130478394083,2.2466717831113723,323.31304441524225,2.284155325856412,2.152263522351627e-08,0.5212108799369808,323.315,0.04986
118020.0,323.31304814958764,2.2465466987874194,323.31304472601687,2.2840220500150625,2.1519217239194132e-08,0.5211811696343249,323.315,0.04986
118080.0,323.3130484597187,2.2464216339274463,323.3130450367431,2.283888795769299,2.151579978661361e-08,0.521151464049935,323.315,0.04986
118140.0,323.31304876980147,2.2462965885285877,323.31304534742094,2.283755563115585,2.151238286569729e-08,0.5211217631830767,323.315,0.04986
118200.0,323.31304907983593,2.246171562587975,323.31304565805044,2.2836223520503847,2.1508966476365675e-08,0.5210920670330162,323.315,0.04986
118260.0,323.31304938982214,2.2460465561027414,323.3130459686315,2.2834891625701634,2.15055506185416e-08,0.5210623755990199,323.315,0.04986
118320.0,323.31304969976003,2.2459215690700214,323.31304627916427,2.283355994671386,2.1502135292145895e-08,0.5210326888803537,323.315,0.04986
118380.0,323.3130500096497,2.2457966014869477,323.31304658964865,2.28322284835052,2.149872049710091e-08,0.5210030068762842,323.315,0.04986
118440.0,323.3130503194911,2.245671653350655,323.31304690008466,2.283089723604031,2.1495306233328136e-08,0.520973329586078,323.315,0.04986
118500.0,323.31305062928425,2.245546724658279,323.31304721047223,2.282956620428387,2.1491892500749398e-08,0.5209436570090015,323.315,0.04986
118560.0,323.3130509390291,2.245421815406954,323.3130475208115,2.2828235388200557,2.1488479299286156e-08,0.5209139891443216,323.315,0.04986
118620.0,323.3130512487257,2.2452969255938147,323.3130478311024,2.282690478775506,2.1485066628860548e-08,0.5208843259913051,323.315,0.04986
118680.0,323.31305155837407,2.2451720552159973,323.31304814134495,2.282557440291207,2.1481654489393997e-08,0.5208546675492189,323.315,0.04986
118740.0,323.31305186797425,2.245047204270638,323.3130484515392,2.2824244233636284,2.147824288080905e-08,0.52082501381733,323.315,0.04986
118800.0,323.31305217752623,2.244922372754873,323.31304876168514,2.28229142798924,2.1474831803026837e-08,0.5207953647949057,323.315,0.04986
118860.0,323.31305248703,2.2447975606658392,323.31304907178276,2.2821584541645135,2.1471421255969435e-08,0.5207657204812132,323.315,0.04986
118920.0,323.3130527964856,2.244672768000674,323.3130493818321,2.2820255018859203,2.1468011239558613e-08,0.5207360808755198,323.315,0.04986
118980.0,323.31305310589295,2.2445479947565143,323.3130496918331,2.2818925711499327,2.1464601753716372e-08,0.5207064459770929,323.315,0.04986
119040.0,323.3130534152521,2.244423240930498,323.3130500017858,2.281759661953023,2.1461192798364146e-08,0.5206768157852005,323.315,0.04986
119100.0,323.31305372456313,2.2442985065197636,323.31305031169023,2.2816267742916656,2.145778437342417e-08,0.5206471902991099,323.315,0.04986
119160.0,323.313054033826,2.2441737915214484,323.3130506215464,2.2814939081623336,2.145437647881817e-08,0.5206175695180889,323.315,0.04986
119220.0,323.3130543430407,2.2440490959326924,323.3130509313542,2.2813610635615014,2.145096911446833e-08,0.5205879534414057,323.315,0.04986
119280.0,323.31305465220726,2.243924419750635,323.3130512411138,2.2812282404856448,2.1447562280295895e-08,0.5205583420683281,323.315,0.04986
119340.0,323.31305496132563,2.243799762972415,323.31305155082515,2.2810954389312394,2.144415597622329e-08,0.5205287353981242,323.315,0.04986
119400.0,323.31305527039586,2.243675125595173,323.31305186048826,2.280962658894762,2.1440750202172044e-08,0.5204991334300624,323.315,0.04986
119460.0,323.31305557941795,2.243550507616048,323.3130521701031,2.280829900372689,2.143734495806414e-08,0.520469536163411,323.315,0.04986
119520.0,323.3130558883919,2.243425909032182,323.31305247966975,2.2806971633614985,2.14339402438218e-08,0.5204399435974383,323.315,0.04986
119580.0,323.31305619731774,2.2433013298407154,323.31305278918813,2.280564447857668,2.143053605936683e-08,0.5204103557314128,323.315,0.04986
119640.0,323.31305650619544,2.2431767700387892,323.31305309865826,2.280431753857676,2.1427132404620806e-08,0.5203807725646036,323.315,0.04986
119700.0,323.313056815025,2.2430522296235464,323.31305340808024,2.280299081358003,2.1423729279505864e-08,0.5203511940962792,323.315,0.04986
119760.0,323.31305712380646,2.242927708592128,323.31305371745395,2.2801664303551274,2.1420326683944103e-08,0.5203216203257084,323.315,0.04986
119820.0,323.31305743253984,2.2428032069416766,323.3130540267794,2.280033800845531,2.1416924617857666e-08,0.5202920512521604,323.315,0.04986
119880.0,323.3130577412251,2.242678724669334,323.3130543360567,2.2799011928256947,2.141352308116836e-08,0.520262486874904,323.315,0.04986
119940.0,323.3130580498624,2.242554261772245,323.3130546452859,2.2797686062921,2.1410122073797832e-08,0.5202329271932087,323.315,0.04986
120000.0,323.31305835845154,2.242429818247552,323.31305495446685,2.2796360412412295,2.1406721595668987e-08,0.5202033722063436,323.315,0.04986
120060.0,323.3130586669927,2.2423053940923987,323.31305526359967,2.279503497669566,2.140332164670293e-08,0.5201738219135782,323.315,0.04986
120120.0,323.31305897548583,2.2421809893039297,323.31305557268433,2.279370975573593,2.1399922226822497e-08,0.5201442763141821,323.315,0.04986
120180.0,323.31305928393084,2.2420566038792895,323.3130558817208,2.279238474949795,2.1396523335948646e-08,0.5201147354074249,323.315,0.04986
120240.0,323.3130595923278,2.2419322378156235,323.3130561907091,2.279105995794656,2.1393124974004273e-08,0.5200851991925762,323.315,0.04986
120300.0,323.31305990067676,2.2418078911100743,323.3130564996493,2.278973538104662,2.1389727140910863e-08,0.520055667668906,323.315,0.04986
120360.0,323.3130602089776,2.241683563759791,323.3130568085414,2.2788411018762984,2.1386329836590754e-08,0.5200261408356844,323.315,0.04986
120420.0,323.31306051723044,2.241559255761917,323.3130571173853,2.2787086871060516,2.1382933060965734e-08,0.5199966186921812,323.315,0.04986
120480.0,323.31306082543523,2.241434967113599,323.3130574261811,2.2785762937904095,2.1379536813958343e-08,0.5199671012376667,323.315,0.04986
120540.0,323.3130611335921,2.2413106978119846,323.3130577349288,2.2784439219258594,2.137614109549093e-08,0.519937588471411,323.315,0.04986
120600.0,323.3130614417009,2.2411864478542194,323.31305804362836,2.27831157150889,2.137274590548438e-08,0.5199080803926847,323.315,0.04986
120660.0,323.31306174976174,2.2410622172374515,323.3130583522798,2.2781792425359897,2.136935124386182e-08,0.5198785770007582,323.315,0.04986
120720.0,323.31306205777463,2.240938005958829,323.3130586608832,2.278046935003648,2.136595711054533e-08,0.5198490782949022,323.315,0.04986
120780.0,323.31306236573954,2.2408138140154987,323.3130589694385,2.2779146489083555,2.1362563505456575e-08,0.5198195842743873,323.315,0.04986
120840.0,323.3130626736564,2.24068964140461,323.3130592779456,2.277782384246602,2.1359170428517936e-08,0.5197900949384844,323.315,0.04986
120900.0,323.3130629815253,2.240565488123311,323.3130595864048,2.277650141014879,2.1355777879651582e-08,0.5197606102864644,323.315,0.04986
120960.0,323.3130632893463,2.240441354168751,323.3130598948158,2.277517919209678,2.135238585877924e-08,0.5197311303175984,323.315,0.04986
121020.0,323.31306359711925,2.240317239538081,323.3130602031788,2.277385718827493,2.1348994365823537e-08,0.5197016550311574,323.315,0.04986
121080.0,323.31306390484434,2.2401931442284475,323.31306051149375,2.2772535398648155,2.1345603400707012e-08,0.5196721844264127,323.315,0.04986
121140.0,323.31306421252145,2.240069068237003,323.3130608197606,2.2771213823181395,2.1342212963350802e-08,0.5196427185026357,323.315,0.04986
121200.0,323.31306452015065,2.2399450115608976,323.3130611279795,2.27698924618396,2.1338823053677725e-08,0.5196132572590979,323.315,0.04986
121260.0,323.3130648277319,2.239820974197282,323.3130614361503,2.276857131458771,2.1335433671610215e-08,0.5195838006950706,323.315,0.04986
121320.0,323.31306513526533,2.239696956143306,323.3130617442731,2.2767250381390687,2.133204481707028e-08,0.5195543488098259,323.315,0.04986
121380.0,323.3130654427508,2.239572957396124,323.31306205234796,2.2765929662213487,2.1328656489979878e-08,0.5195249016026351,323.315,0.04986
121440.0,323.31306575018834,2.2394489779528852,323.3130623603747,2.2764609157021076,2.13252686902613e-08,0.5194954590727707,323.315,0.04986
121500.0,323.313066057578,2.2393250178107422,323.31306266835344,2.276328886577843,2.1321881417836994e-08,0.5194660212195041,323.315,0.04986
121560.0,323.3130663649198,2.2392010769668493,323.3130629762842,2.2761968788450524,2.1318494672629427e-08,0.5194365880421079,323.315,0.04986
121620.0,323.31306667221367,2.239077155418358,323.31306328416696,2.276064892500234,2.1315108454560017e-08,0.519407159539854,323.315,0.04986
121680.0,323.3130669794596,2.238953253162423,323.31306359200175,2.2759329275398876,2.1311722763551653e-08,0.5193777357120146,323.315,0.04986
121740.0,323.31306728665777,2.2388293701961954,323.3130638997886,2.2758009839605116,2.1308337599526406e-08,0.5193483165578625,323.315,0.04986
121800.0,323.31306759380806,2.2387055065168324,323.3130642075274,2.275669061758607,2.130495296240713e-08,0.5193189020766701,323.315,0.04986
121860.0,323.3130679009105,2.2385816621214856,323.31306451521834,2.275537160930674,2.1301568852115237e-08,0.51928949226771,323.315,0.04986
121920.0,323.3130682079651,2.238457837007312,323.31306482286135,2.2754052814732146,2.1298185268573964e-08,0.5192600871302551,323.315,0.04986
121980.0,323.31306851497186,2.2383340311714655,323.3130651304564,2.2752734233827305,2.1294802211704688e-08,0.5192306866635781,323.315,0.04986
122040.0,323.31306882193076,2.2382102446111,323.31306543800343,2.275141586655724,2.1291419681430356e-08,0.5192012908669518,323.315,0.04986
122100.0,323.31306912884185,2.2380864773233737,323.3130657455026,2.2750097712886985,2.12880376776729e-08,0.5191718997396495,323.315,0.04986
122160.0,323.31306943570513,2.2379627293054414,323.3130660529538,2.274877977278158,2.128465620035479e-08,0.5191425132809444,323.315,0.04986
122220.0,323.3130697425206,2.2378390005544597,323.3130663603571,2.274746204620606,2.1281275249398934e-08,0.5191131314901098,323.315,0.04986
122280.0,323.3130700492882,2.2377152910675857,323.31306666771246,2.2746144533125485,2.1277894824726827e-08,0.519083754366419,323.315,0.04986
122340.0,323.3130703560081,2.237591600841977,323.3130669750199,2.2744827233504905,2.1274514926261445e-08,0.5190543819091457,323.315,0.04986
122400.0,323.31307066268016,2.23746792987479,323.3130672822795,2.274351014730938,2.1271135553924845e-08,0.5190250141175631,323.315,0.04986
122460.0,323.3130709693044,2.2373442781631825,323.3130675894912,2.2742193274503983,2.1267756707639416e-08,0.5189956509909452,323.315,0.04986
122520.0,323.31307127588093,2.237220645704314,323.313067896655,2.2740876615053787,2.126437838732783e-08,0.5189662925285657,323.315,0.04986
122580.0,323.31307158240963,2.2370970324953428,323.31306820377097,2.2739560168923862,2.126100059291207e-08,0.5189369387296989,323.315,0.04986
122640.0,323.31307188889065,2.2369734385334263,323.313068510839,2.27382439360793,2.125762332431539e-08,0.5189075895936184,323.315,0.04986
122700.0,323.31307219532385,2.236849863815726,323.31306881785923,2.273692791648519,2.1254246581459546e-08,0.5188782451195986,323.315,0.04986
122760.0,323.3130725017093,2.2367263083393993,323.3130691248316,2.273561211010662,2.1250870364266848e-08,0.5188489053069133,323.315,0.04986
122820.0,323.3130728080471,2.236602772101609,323.31306943175616,2.2734296516908703,2.124749467266017e-08,0.5188195701548377,323.315,0.04986
122880.0,323.31307311433704,2.2364792550995114,323.31306973863286,2.2732981136856547,2.1244119506561542e-08,0.5187902396626454,323.315,0.04986
122940.0,323.3130734205793,2.236355757330271,323.3130700454617,2.2731665969915262,2.124074486589401e-08,0.5187609138296115,323.315,0.04986
123000.0,323.3130737267739,2.2362322787910474,323.31307035224273,2.273035101604997,2.1237370750579677e-08,0.5187315926550103,323.315,0.04986
123060.0,323.3130740329207,2.2361088194790018,323.31307065897596,2.27290362752258,2.1233997160540897e-08,0.5187022761381173,323.315,0.04986
123120.0,323.31307433901986,2.2359853793912956,323.3130709656613,2.2727721747407883,2.12306240957002e-08,0.5186729642782066,323.315,0.04986
123180.0,323.3130746450713,2.235861958525092,323.31307127229894,2.2726407432561353,2.1227251555980697e-08,0.5186436570745534,323.315,0.04986
123240.0,323.31307495107507,2.2357385568775525,323.3130715788887,2.272509333065136,2.1223879541304256e-08,0.5186143545264331,323.315,0.04986
123300.0,323.31307525703113,2.23561517444584,323.3130718854307,2.272377944164305,2.1220508051593343e-08,0.5185850566331208,323.315,0.04986
123360.0,323.3130755629395,2.235491811227118,323.31307219192485,2.2722465765501583,2.121713708677112e-08,0.5185557633938915,323.315,0.04986
123420.0,323.31307586880024,2.2353684672185503,323.31307249837124,2.272115230219212,2.1213766646759877e-08,0.5185264748080212,323.315,0.04986
123480.0,323.3130761746133,2.235245142417299,323.3130728047699,2.271983905167982,2.121039673148176e-08,0.518497190874785,323.315,0.04986
123540.0,323.3130764803787,2.2351218368205306,323.31307311112073,2.2718526013929865,2.1207027340859728e-08,0.5184679115934585,323.315,0.04986
123600.0,323.3130767860964,2.2349985504254075,323.3130734174239,2.2717213188907426,2.1203658474816044e-08,0.5184386369633178,323.315,0.04986
123660.0,323.3130770917665,2.234875283229097,323.31307372367934,2.2715900576577694,2.12002901332736e-08,0.5184093669836385,323.315,0.04986
123720.0,323.313077397389,2.2347520352287615,323.31307402988705,2.2714588176905854,2.1196922316155242e-08,0.5183801016536966,323.315,0.04986
123780.0,323.3130777029638,2.2346288064215685,323.313074336047,2.2713275989857116,2.1193555023382793e-08,0.5183508409727684,323.315,0.04986
123840.0,323.313078008491,2.2345055968046834,323.3130746421592,2.2711964015396675,2.1190188254879493e-08,0.5183215849401296,323.315,0.04986
123900.0,323.31307831397066,2.234382406375273,323.31307494822374,2.271065225348974,2.1186822010567817e-08,0.518292333555057,323.315,0.04986
123960.0,323.31307861940263,2.2342592351305033,323.31307525424046,2.270934070410153,2.118345629037014e-08,0.5182630868168265,323.315,0.04986
124020.0,323.3130789247871,2.2341360830675416,323.3130755602095,2.270802936719726,2.1180091094209705e-08,0.518233844724715,323.315,0.04986
124080.0,323.3130792301239,2.2340129501835557,323.3130758661309,2.2706718242742157,2.1176726422008285e-08,0.5182046072779989,323.315,0.04986
124140.0,323.3130795354131,2.2338898364757123,323.3130761720045,2.270540733070146,2.1173362273689365e-08,0.518175374475955,323.315,0.04986
124200.0,323.3130798406548,2.2337667419411806,323.31307647783046,2.27040966310404,2.116999864917517e-08,0.5181461463178603,323.315,0.04986
124260.0,323.31308014584886,2.2336436665771284,323.3130767836088,2.2702786143724225,2.116663554838861e-08,0.5181169228029913,323.315,0.04986
124320.0,323.31308045099536,2.233520610380725,323.31307708933946,2.270147586871819,2.1163272971252023e-08,0.5180877039306251,323.315,0.04986
124380.0,323.3130807560943,2.233397573349138,323.3130773950224,2.2700165805987536,2.1159910917688263e-08,0.5180584897000393,323.315,0.04986
124440.0,323.3130810611457,2.2332745554795386,323.3130777006577,2.2698855955497534,2.1156549387620393e-08,0.5180292801105107,323.315,0.04986
124500.0,323.31308136614956,2.233151556769095,323.31307800624535,2.269754631721345,2.1153188380970854e-08,0.5180000751613165,323.315,0.04986
124560.0,323.31308167110586,2.233028577214979,323.3130783117854,2.2696236891100554,2.114982789766193e-08,0.5179708748517348,323.315,0.04986
124620.0,323.3130819760147,2.23290561681436,323.31307861727777,2.2694927677124133,2.114646793761743e-08,0.5179416791810425,323.315,0.04986
124680.0,323.31308228087596,2.232782675564409,323.3130789227226,2.269361867524946,2.1143108500759156e-08,0.5179124881485179,323.315,0.04986
124740.0,323.31308258568976,2.232659753462298,323.3130792281197,2.2692309885441846,2.1139749587010203e-08,0.5178833017534383,323.315,0.04986
124800.0,323.313082890456,2.2325368505051975,323.31307953346925,2.2691001307666574,2.113639119629328e-08,0.5178541199950818,323.315,0.04986
124860.0,323.3130831951747,2.23241396669028,323.3130798387712,2.2689692941888953,2.1133033328531303e-08,0.5178249428727262,323.315,0.04986
124920.0,323.313083499846,2.2322911020147176,323.31308014402555,2.268838478807429,2.1129675983646832e-08,0.5177957703856497,323.315,0.04986
124980.0,323.3130838044698,2.232168256475683,323.31308044923236,2.26870768461879,2.1126319161562845e-08,0.5177666025331306,323.315,0.04986
125040.0,323.3130841090461,2.2320454300703494,323.3130807543915,2.26857691161951,2.1122962862202164e-08,0.5177374393144472,323.315,0.04986
125100.0,323.31308441357487,2.2319226227958904,323.313081059503,2.2684461598061225,2.1119607085486946e-08,0.5177082807288778,323.315,0.04986
125160.0,323.31308471805625,2.231799834649479,323.313081364567,2.2683154291751597,2.1116251831341337e-08,0.5176791267757009,323.315,0.04986
125220.0,323.3130850224901,2.23167706562829,323.31308166958337,2.2681847197231564,2.1112897099686843e-08,0.5176499774541954,323.315,0.04986
125280.0,323.3130853268766,2.231554315729496,323.31308197455223,2.268054031446646,2.110954289044735e-08,0.5176208327636396,323.315,0.04986
125340.0,323.3130856312156,2.2314315849502737,323.3130822794735,2.267923364342164,2.1106189203545066e-08,0.517591692703313,323.315,0.04986
125400.0,323.3130859355071,2.231308873287797,323.31308258434734,2.267792718406246,2.110283603890286e-08,0.5175625572724936,323.315,0.04986
125460.0,323.31308623975127,2.2311861807392415,323.3130828891736,2.267662093635428,2.1099483396443664e-08,0.5175334264704614,323.315,0.04986
125520.0,323.313086543948,2.2310635073017844,323.31308319395237,2.2675314900262467,2.1096131276090758e-08,0.5175043002964951,323.315,0.04986
125580.0,323.31308684809727,2.2309408529726005,323.31308349868357,2.2674009075752397,2.1092779677766593e-08,0.517475178749874,323.315,0.04986
125640.0,323.31308715219916,2.2308182177488654,323.31308380336725,2.267270346278945,2.108942860139432e-08,0.5174460618298774,323.315,0.04986
125700.0,323.31308745625364,2.230695601627758,323.31308410800347,2.267139806133901,2.108607804689656e-08,0.5174169495357849,323.315,0.04986
125760.0,323.3130877602607,2.2305730046064545,323.3130844125921,2.2670092871366467,2.1082728014196583e-08,0.5173878418668763,323.315,0.04986
125820.0,323.3130880642204,2.2304504266821326,323.3130847171332,2.266878789283722,2.1079378503217084e-08,0.5173587388224308,323.315,0.04986
125880.0,323.3130883681327,2.23032786785197,323.3130850216269,2.2667483125716674,2.1076029513881167e-08,0.5173296404017287,323.315,0.04986
125940.0,323.3130886719976,2.2302053281131444,323.3130853260731,2.2666178569970232,2.107268104611132e-08,0.5173005466040497,323.315,0.04986
126000.0,323.31308897581516,2.2300828074628356,323.31308563047185,2.2664874225563305,2.1069333099831345e-08,0.5172714574286736,323.315,0.04986
126060.0,323.31308927958537,2.2299603058982207,323.3130859348231,2.266357009246132,2.1065985674963392e-08,0.5172423728748808,323.315,0.04986
126120.0,323.3130895833082,2.2298378234164815,323.31308623912696,2.2662266170629706,2.106263877143095e-08,0.5172132929419515,323.315,0.04986
126180.0,323.3130898869838,2.2297153600147954,323.3130865433833,2.2660962460033884,2.105929238915699e-08,0.5171842176291661,323.315,0.04986
126240.0,323.31309019061194,2.2295929156903442,323.3130868475922,2.2659658960639297,2.1055946528064072e-08,0.5171551469358047,323.315,0.04986
126300.0,323.3130904941928,2.229470490440307,323.31308715175373,2.2658355672411394,2.105260118807545e-08,0.5171260808611482,323.315,0.04986
126360.0,323.3130907977263,2.229348084261865,323.3130874558678,2.2657052595315617,2.1049256369114232e-08,0.5170970194044769,323.315,0.04986
126420.0,323.3130911012125,2.2292256971521995,323.3130877599344,2.2655749729317423,2.104591207110331e-08,0.5170679625650723,323.315,0.04986
126480.0,323.3130914046514,2.229103329108491,323.31308806395356,2.2654447074382276,2.104256829396618e-08,0.5170389103422142,323.315,0.04986
126540.0,323.313091708043,2.228980980127922,323.3130883679254,2.2653144630475643,2.1039225037624942e-08,0.5170098627351842,323.315,0.04986
126600.0,323.31309201138725,2.228858650207675,323.3130886718498,2.2651842397563002,2.1035882302003406e-08,0.5169808197432636,323.315,0.04986
126660.0,323.31309231468424,2.2287363393449313,323.3130889757268,2.2650540375609824,2.1032540087024376e-08,0.5169517813657332,323.315,0.04986
126720.0,323.31309261793393,2.228614047536875,323.31308927955644,2.26492385645816,2.1029198392610957e-08,0.5169227476018741,323.315,0.04986
126780.0,323.3130929211364,2.2284917747806876,323.31308958333875,2.264793696444381,2.102585721868637e-08,0.5168937184509682,323.315,0.04986
126840.0,323.31309322429155,2.228369521073554,323.3130898870736,2.264663557516196,2.1022516565173288e-08,0.5168646939122966,323.315,0.04986
126900.0,323.3130935273994,2.2282472864126577,323.31309019076105,2.2645334396701546,2.1019176431995344e-08,0.5168356739851413,323.315,0.04986
126960.0,323.31309383046,2.2281250707951825,323.3130904944012,2.2644033429028076,2.1015836819075128e-08,0.5168066586687836,323.315,0.04986
127020.0,323.3130941334734,2.228002874218313,323.3130907979939,2.264273267210707,2.101249772633622e-08,0.5167776479625057,323.315,0.04986
127080.0,323.3130944364395,2.227880696679234,323.31309110153927,2.264143212590404,2.1009159153701206e-08,0.5167486418655892,323.315,0.04986
127140.0,323.3130947393584,2.2277585381751317,323.31309140503737,2.264013179038452,2.100582110109398e-08,0.5167196403773163,323.315,0.04986
127200.0,323.3130950422301,2.227636398703191,323.3130917084881,2.2638831665514028,2.1002483568437213e-08,0.516690643496969,323.315,0.04986
127260.0,323.3130953450546,2.227514278260598,323.3130920118915,2.263753175125811,2.0999146555654323e-08,0.5166616512238298,323.315,0.04986
127320.0,323.31309564783186,2.227392176844539,323.3130923152477,2.2636232047582308,2.0995810062668216e-08,0.5166326635571808,323.315,0.04986
127380.0,323.31309595056194,2.2272700944522015,323.3130926185565,2.263493255445217,2.0992474089402444e-08,0.5166036804963047,323.315,0.04986
127440.0,323.3130962532448,2.2271480310807714,323.313092921818,2.2633633271833253,2.0989138635779547e-08,0.516574702040484,323.315,0.04986
127500.0,323.31309655588046,2.227025986727436,323.3130932250322,2.263233419969112,2.0985803701722993e-08,0.5165457281890011,323.315,0.04986
127560.0,323.3130968584689,2.226903961389384,323.3130935281991,2.263103533799133,2.0982469287156034e-08,0.516516758941139,323.315,0.04986
127620.0,323.31309716101015,2.226781955063802,323.3130938313187,2.262973668669946,2.0979135392002334e-08,0.5164877942961806,323.315,0.04986
127680.0,323.3130974635043,2.2266599677478798,323.31309413439106,2.2628438245781086,2.0975802016184108e-08,0.5164588342534089,323.315,0.04986
127740.0,323.3130977659512,2.226537999438806,323.31309443741617,2.2627140015201794,2.097246915962565e-08,0.5164298788121068,323.315,0.04986
127800.0,323.313098068351,2.2264160501337686,323.313094740394,2.2625841994927174,2.0969136822249555e-08,0.5164009279715578,323.315,0.04986
127860.0,323.31309837070364,2.2262941198299577,323.3130950433245,2.2624544184922817,2.0965805003979263e-08,0.5163719817310448,323.315,0.04986
127920.0,323.31309867300916,2.226172208524564,323.31309534620783,2.2623246585154324,2.096247370473839e-08,0.5163430400898518,323.315,0.04986
127980.0,323.3130989752675,2.226050316214777,323.3130956490439,2.262194919558731,2.0959142924449292e-08,0.5163141030472616,323.315,0.04986
128040.0,323.3130992774787,2.2259284428977857,323.3130959518327,2.262065201618738,2.0955812663036164e-08,0.5162851706025585,323.315,0.04986
128100.0,323.3130995796428,2.2258065885707836,323.31309625457425,2.261935504692015,2.0952482920421655e-08,0.5162562427550256,323.315,0.04986
128160.0,323.31309988175985,2.2256847532309605,323.31309655726864,2.2618058287751253,2.0949153696529877e-08,0.5162273195039474,323.315,0.04986
128220.0,323.3131001838297,2.225562936875508,323.31309685991585,2.261676173864631,2.0945824991283202e-08,0.5161984008486072,323.315,0.04986
128280.0,323.3131004858525,2.225441139501619,323.3130971625158,2.261546539957097,2.0942496804605734e-08,0.5161694867882897,323.315,0.04986
128340.0,323.3131007878282,2.225319361106484,323.3130974650686,2.261416927049086,2.0939169136420308e-08,0.5161405773222782,323.315,0.04986
128400.0,323.3131010897568,2.225197601687297,323.31309776757416,2.261287335137164,2.093584198665025e-08,0.516111672449858,323.315,0.04986
128460.0,323.3131013916383,2.2250758612412502,323.31309807003254,2.2611577642178955,2.093251535521915e-08,0.5160827721703127,323.315,0.04986
128520.0,323.3131016934728,2.224954139765538,323.3130983724438,2.261028214287847,2.0929189242050348e-08,0.5160538764829268,323.315,0.04986
128580.0,323.3131019952602,2.224832437257353,323.31309867480786,2.260898685343585,2.0925863647067276e-08,0.5160249853869853,323.315,0.04986
128640.0,323.31310229700046,2.2247107537138895,323.3130989771247,2.2607691773816763,2.0922538570192762e-08,0.5159960988817726,323.315,0.04986
128700.0,323.3131025986938,2.2245890891323423,323.3130992793944,2.2606396903986887,2.0919214011350995e-08,0.5159672169665735,323.315,0.04986
128760.0,323.31310290033997,2.224467443509905,323.313099581617,2.260510224391191,2.0915889970464873e-08,0.5159383396406729,323.315,0.04986
128820.0,323.31310320193916,2.2243458168437744,323.3130998837924,2.260380779355751,2.091256644745767e-08,0.5159094669033558,323.315,0.04986
128880.0,323.3131035034913,2.224224209131145,323.3131001859207,2.2602513552889385,2.090924344225331e-08,0.5158805987539075,323.315,0.04986
128940.0,323.3131038049964,2.2241026203692122,323.3131004880018,2.2601219521873235,2.0905920954775035e-08,0.5158517351916129,323.315,0.04986
129000.0,323.3131041064545,2.2239810505551727,323.31310079003583,2.259992570047477,2.0902598984946008e-08,0.5158228762157574,323.315,0.04986
129060.0,323.3131044078656,2.223859499686223,323.31310109202275,2.259863208865969,2.0899277532689895e-08,0.5157940218256268,323.315,0.04986
129120.0,323.3131047092296,2.2237379677595603,323.31310139396254,2.2597338686393726,2.0895956597929954e-08,0.5157651720205061,323.315,0.04986
129180.0,323.31310501054674,2.2236164547723805,323.31310169585527,2.2596045493642594,2.089263618059025e-08,0.515736326799681,323.315,0.04986
129240.0,323.3131053118168,2.223494960721882,323.31310199770087,2.2594752510372027,2.0889316280593717e-08,0.5157074861624377,323.315,0.04986
129300.0,323.31310561303997,2.2233734856052623,323.3131022994994,2.2593459736547756,2.0885996897864157e-08,0.5156786501080612,323.315,0.04986
129360.0,323.3131059142161,2.2232520294197204,323.3131026012509,2.259216717213553,2.0882678032324374e-08,0.5156498186358384,323.315,0.04986
129420.0,323.3131062153453,2.2231305921624536,323.3131029029552,2.2590874817101088,2.0879359683898567e-08,0.5156209917450549,323.315,0.04986
129480.0,323.3131065164275,2.223009173830662,323.31310320461256,2.258958267141018,2.0876041852510174e-08,0.5155921694349969,323.315,0.04986
129540.0,323.31310681746277,2.2228877744215447,323.31310350622283,2.2588290735028567,2.0872724538082496e-08,0.5155633517049504,323.315,0.04986
129600.0,323.31310711845106,2.2227663939323,323.31310380778604,2.258699900792201,2.0869407740538913e-08,0.5155345385542024,323.315,0.04986
129660.0,323.3131074193924,2.2226450323601306,323.3131041093022,2.258570749005628,2.0866091459803225e-08,0.5155057299820388,323.315,0.04986
129720.0,323.3131077202868,2.222523689702234,323.31310441077125,2.258441618139715,2.0862775695799252e-08,0.5154769259877463,323.315,0.04986
129780.0,323.31310802113427,2.222402365955812,323.3131047121933,2.2583125081910405,2.0859460448450185e-08,0.5154481265706119,323.315,0.04986
129840.0,323.3131083219348,2.222281061118066,323.31310501356836,2.2581834191561834,2.0856145717679318e-08,0.515419331729922,323.315,0.04986
129900.0,323.3131086226885,2.2221597751861966,323.3131053148964,2.2580543510317224,2.0852831503410872e-08,0.5153905414649638,323.315,0.04986
129960.0,323.31310892339525,2.222038508157407,323.3131056161774,2.257925303814238,2.0849517805567974e-08,0.5153617557750243,323.315,0.04986
130020.0,323.31310922405515,2.2219172600288974,323.3131059174114,2.2577962775003098,2.0846204624074793e-08,0.5153329746593902,323.315,0.04986
130080.0,323.31310952466816,2.221796030797872,323.3131062185984,2.2576672720865196,2.0842891958854503e-08,0.5153041981173492,323.315,0.04986
130140.0,323.3131098252342,2.2216748204615326,323.3131065197384,2.2575382875694485,2.0839579809830365e-08,0.5152754261481884,323.315,0.04986
130200.0,323.31311012575344,2.221553629017082,323.31310682083154,2.2574093239456787,2.0836268176926874e-08,0.5152466587511951,323.315,0.04986
130260.0,323.31311042622576,2.2214324564617245,323.3131071218776,2.257280381211793,2.0832957060066747e-08,0.5152178959256571,323.315,0.04986
130320.0,323.31311072665125,2.221311302792664,323.3131074228767,2.2571514593643744,2.082964645917412e-08,0.515189137670862,323.315,0.04986
130380.0,323.3131110270298,2.2211901680071042,323.3131077238289,2.257022558400007,2.0826336374172472e-08,0.5151603839860974,323.315,0.04986
130440.0,323.3131113273615,2.2210690521022496,323.3131080247341,2.2568936783152758,2.0823026804985678e-08,0.5151316348706513,323.315,0.04986
130500.0,323.31311162764644,2.220947955075305,323.31310832559234,2.256764819106765,2.0819717751537437e-08,0.5151028903238115,323.315,0.04986
130560.0,323.3131119278845,2.220826876923475,323.3131086264036,2.256635980771061,2.0816409213751395e-08,0.5150741503448664,323.315,0.04986
130620.0,323.3131122280758,2.2207058176439674,323.31310892716795,2.2565071633047493,2.081310119155092e-08,0.5150454149331034,323.315,0.04986
130680.0,323.31311252822024,2.2205847772339853,323.3131092278853,2.256378366704417,2.080979368486052e-08,0.5150166840878115,323.315,0.04986
130740.0,323.3131128283178,2.220463755690738,323.31310952855586,2.256249590966651,2.0806486693602866e-08,0.514987957808279,323.315,0.04986
130800.0,323.3131131283686,2.2203427530114297,323.31310982917944,2.2561208360880403,2.080318021770222e-08,0.5149592360937941,323.315,0.04986
130860.0,323.3131134283726,2.2202217691932677,323.3131101297561,2.2559921020651723,2.079987425708237e-08,0.5149305189436456,323.315,0.04986
130920.0,323.3131137283298,2.2201008042334607,323.3131104302859,2.255863388894637,2.0796568811666958e-08,0.5149018063571221,323.315,0.04986
130980.0,323.3131140282402,2.219979858129216,323.3131107307688,2.2557346965730236,2.0793263881379396e-08,0.5148730983335122,323.315,0.04986
131040.0,323.31311432810384,2.2198589308777406,323.31311103120487,2.255606025096922,2.0789959466144558e-08,0.5148443948721052,323.315,0.04986
131100.0,323.31311462792064,2.2197380224762435,323.313111331594,2.2554773744629233,2.078665556588437e-08,0.5148156959721899,323.315,0.04986
131160.0,323.3131149276907,2.2196171329219325,323.3131116319363,2.2553487446676193,2.0783352180524404e-08,0.5147870016330555,323.315,0.04986
131220.0,323.313115227414,2.2194962622120187,323.31311193223166,2.255220135707601,2.078004930998748e-08,0.514758311853991,323.315,0.04986
131280.0,323.3131155270906,2.2193754103437104,323.3131122324802,2.255091547579462,2.0776746954197534e-08,0.5147296266342859,323.315,0.04986
131340.0,323.3131158267204,2.219254577314217,323.31311253268194,2.2549629802797946,2.0773445113078313e-08,0.5147009459732297,323.315,0.04986
131400.0,323.31311612630344,2.21913376312075,323.31311283283674,2.254834433805193,2.077014378655405e-08,0.5146722698701117,323.315,0.04986
131460.0,323.3131164258398,2.219012967760519,323.31311313294475,2.254705908152251,2.0766842974548436e-08,0.5146435983242217,323.315,0.04986
131520.0,323.3131167253294,2.218892191230734,323.3131134330059,2.254577403317564,2.076354267698509e-08,0.5146149313348495,323.315,0.04986
131580.0,323.31311702477234,2.218771433528608,323.31311373302026,2.2544489192977273,2.0760242893787928e-08,0.5145862689012848,323.315,0.04986
131640.0,323.3131173241685,2.21865069465135,323.3131140329878,2.2543204560893364,2.0756943624881186e-08,0.5145576110228175,323.315,0.04986
131700.0,323.313117623518,2.2185299745961746,323.3131143329085,2.254192013688988,2.0753644870187947e-08,0.514528957698738,323.315,0.04986
131760.0,323.31311792282077,2.218409273360292,323.31311463278246,2.2540635920932797,2.075034662963261e-08,0.5145003089283361,323.315,0.04986
131820.0,323.3131182220768,2.218288590940916,323.3131149326096,2.253935191298809,2.0747048903138798e-08,0.5144716647109023,323.315,0.04986
131880.0,323.3131185212862,2.2181679273352586,323.3131152323899,2.2538068113021743,2.0743751690630494e-08,0.5144430250457268,323.315,0.04986
131940.0,323.31311882044895,2.2180472825405335,323.3131155321235,2.253678452099974,2.0740454992032198e-08,0.5144143899321001,323.315,0.04986
132000.0,323.313119119565,2.2179266565539555,323.3131158318103,2.2535501136888083,2.0737158807267007e-08,0.5143857593693131,323.315,0.04986
132060.0,323.31311941863436,2.2178060493727365,323.3131161314504,2.2534217960652763,2.0733863136259078e-08,0.5143571333566559,323.315,0.04986
132120.0,323.3131197176571,2.217685460994093,323.3131164310437,2.2532934992259794,2.0730567978932613e-08,0.51432851189342,323.315,0.04986
132180.0,323.3131200166332,2.217564891415237,323.31311673059025,2.2531652231675188,2.0727273335211193e-08,0.5142998949788957,323.315,0.04986
132240.0,323.3131203155626,2.217444340633387,323.31311703009004,2.253036967886495,2.0723979205018893e-08,0.5142712826123743,323.315,0.04986
132300.0,323.31312061444544,2.2173238086457543,323.31311732954305,2.252908733379512,2.0720685588279595e-08,0.5142426747931468,323.315,0.04986
132360.0,323.31312091328164,2.2172032954495586,323.3131176289493,2.252780519643171,2.0717392484917785e-08,0.5142140715205045,323.315,0.04986
132420.0,323.31312121207117,2.2170828010420136,323.3131179283088,2.252652326674077,2.071409989485694e-08,0.5141854727937386,323.315,0.04986
132480.0,323.3131215108141,2.2169623254203357,323.31311822762166,2.2525241544688326,2.071080781802067e-08,0.5141568786121408,323.315,0.04986
132540.0,323.31312180951045,2.216841868581743,323.31311852688776,2.2523960030240433,2.070751625433388e-08,0.5141282889750022,323.315,0.04986
132600.0,323.31312210816014,2.2167214305234513,323.31311882610714,2.252267872336314,2.0704225203720073e-08,0.514099703881615,323.315,0.04986
132660.0,323.3131224067632,2.2166010112426795,323.31311912527985,2.2521397624022503,2.070093466610293e-08,0.5140711233312704,323.315,0.04986
132720.0,323.31312270531976,2.216480610736644,323.3131194244059,2.2520116732184587,2.069764464140735e-08,0.5140425473232603,323.315,0.04986
132780.0,323.31312300382973,2.2163602290025635,323.3131197234853,2.2518836047815465,2.069435512955664e-08,0.5140139758568769,323.315,0.04986
132840.0,323.3131233022931,2.2162398660376574,323.3131200225179,2.251755557088121,2.0691066130475322e-08,0.5139854089314123,323.315,0.04986
132900.0,323.3131236007099,2.2161195218391434,323.3131203215039,2.25162753013479,2.0687777644087312e-08,0.5139568465461583,323.315,0.04986
132960.0,323.31312389908015,2.2159991964042405,323.31312062044327,2.2514995239181625,2.0684489670316217e-08,0.5139282887004075,323.315,0.04986
133020.0,323.3131241974039,2.2158788897301687,323.313120919336,2.251371538434848,2.068120220908708e-08,0.5138997353934522,323.315,0.04986
133080.0,323.31312449568105,2.215758601814149,323.313121218182,2.2512435736814553,2.067791526032303e-08,0.5138711866245848,323.315,0.04986
133140.0,323.3131247939117,2.2156383326534,323.3131215169814,2.251115629654595,2.0674628823948638e-08,0.5138426423930978,323.315,0.04986
133200.0,323.3131250920958,2.2155180822451435,323.3131218157342,2.250987706350878,2.06713428998878e-08,0.5138141026982841,323.315,0.04986
133260.0,323.3131253902333,2.2153978505866005,323.3131221144403,2.250859803766916,2.0668057488064694e-08,0.5137855675394363,323.315,0.04986
133320.0,323.3131256883243,2.2152776376749914,323.3131224130998,2.2507319218993205,2.0664772588403534e-08,0.5137570369158473,323.315,0.04986
133380.0,323.31312598636885,2.2151574435075387,323.31312271171265,2.250604060744705,2.0661488200828424e-08,0.5137285108268103,323.315,0.04986
133440.0,323.3131262843669,2.2150372680814643,323.31312301027896,2.250476220299682,2.0658204325263372e-08,0.5136999892716182,323.315,0.04986
133500.0,323.3131265823184,2.21491711139399,323.3131233087986,2.2503484005608656,2.0654920961632938e-08,0.5136714722495641,323.315,0.04986
133560.0,323.3131268802234,2.214796973442339,323.31312360727173,2.2502206015248705,2.0651638109860626e-08,0.5136429597599418,323.315,0.04986
133620.0,323.313127178082,2.2146768542237343,323.3131239056982,2.2500928231883113,2.0648355769871728e-08,0.5136144518020441,323.315,0.04986
133680.0,323.3131274758941,2.2145567537354003,323.3131242040782,2.2499650655478036,2.0645073941588553e-08,0.5135859483751649,323.315,0.04986
133740.0,323.3131277736597,2.2144366719745587,323.3131245024115,2.2498373285999627,2.0641792624937382e-08,0.5135574494785979,323.315,0.04986
133800.0,323.3131280713788,2.214316608938435,323.3131248006983,2.249709612341406,2.063851181984061e-08,0.5135289551116365,323.315,0.04986
133860.0,323.31312836905147,2.2141965646242534,323.31312509893854,2.2495819167687503,2.0635231526223738e-08,0.5135004652735748,323.315,0.04986
133920.0,323.3131286666777,2.2140765390292385,323.31312539713224,2.2494542418786136,2.06319517440102e-08,0.5134719799637067,323.315,0.04986
133980.0,323.31312896425743,2.2139565321506156,323.3131256952794,2.2493265876676136,2.0628672473124887e-08,0.513443499181326,323.315,0.04986
134040.0,323.3131292617907,2.21383654398561,323.31312599337997,2.2491989541323707,2.0625393713491424e-08,0.5134150229257272,323.315,0.04986
134100.0,323.3131295592776,2.213716574531448,323.313126291434,2.249071341269503,2.0622115465034397e-08,0.5133865511962042,323.315,0.04986
134160.0,323.31312985671815,2.2135966237853566,323.31312658944154,2.2489437490756314,2.061883772767804e-08,0.5133580839920516,323.315,0.04986
134220.0,323.3131301541122,2.2134766917445603,323.3131268874026,2.248816177547376,2.0615560501346453e-08,0.5133296213125638,323.315,0.04986
134280.0,323.31313045145987,2.213356778406287,323.31312718531706,2.2486886266813584,2.06122837859639e-08,0.5133011631570356,323.315,0.04986
134340.0,323.3131307487611,2.213236883767764,323.31312748318504,2.2485610964742,2.0609007581455096e-08,0.5132727095247612,323.315,0.04986
134400.0,323.313131046016,2.2131170078262192,323.31312778100653,2.2484335869225234,2.060573188774405e-08,0.5132442604150358,323.315,0.04986
134460.0,323.31313134322454,2.2129971505788806,323.3131280787815,2.248306098022951,2.060245670475501e-08,0.5132158158271539,323.315,0.04986
134520.0,323.31313164038664,2.212877312022975,323.31312837650995,2.248178629772107,2.059918203241211e-08,0.5131873757604107,323.315,0.04986
134580.0,323.3131319375024,2.212757492155734,323.313128674192,2.248051182166615,2.059590787064047e-08,0.5131589402141014,323.315,0.04986
134640.0,323.31313223457175,2.2126376909743843,323.31312897182755,2.2479237552030997,2.0592634219363157e-08,0.5131305091875211,323.315,0.04986
134700.0,323.3131325315948,2.2125179084761557,323.31312926941666,2.247796348878186,2.058936107850553e-08,0.513102082679965,323.315,0.04986
134760.0,323.31313282857144,2.2123981446582786,323.3131295669594,2.2476689631885,2.058608844799129e-08,0.5130736606907285,323.315,0.04986
134820.0,323.31313312550174,2.2122783995179827,323.3131298644556,2.247541598130668,2.0582816327745377e-08,0.5130452432191073,323.315,0.04986
134880.0,323.3131334223857,2.212158673052498,323.3131301619054,2.247414253701317,2.057954471769171e-08,0.5130168302643969,323.315,0.04986
134940.0,323.31313371922334,2.2120389652590546,323.31313045930875,2.247286929897074,2.0576273617755246e-08,0.512988421825893,323.315,0.04986
135000.0,323.31313401601466,2.2119192761348856,323.31313075666566,2.2471596267145677,2.0573003027859813e-08,0.5129600179028911,323.315,0.04986
135060.0,323.3131343127596,2.2117996056772213,323.3131310539761,2.2470323441504263,2.0569732947929562e-08,0.5129316184946879,323.315,0.04986
135120.0,323.3131346094583,2.2116799538832925,323.3131313512401,2.246905082201279,2.056646337788982e-08,0.5129032236005787,323.315,0.04986
135180.0,323.3131349061107,2.2115603207503343,323.3131316484577,2.246777840863756,2.056319431766429e-08,0.5128748332198599,323.315,0.04986
135240.0,323.31313520271675,2.2114407062755754,323.313131945629,2.246650620134487,2.0559925767177443e-08,0.5128464473518278,323.315,0.04986
135300.0,323.3131354992765,2.211321110456252,323.31313224275385,2.246523420010103,2.0556657726353986e-08,0.512818065995779,323.315,0.04986
135360.0,323.31313579578995,2.2112015332895947,323.31313253983234,2.2463962404872357,2.055339019511806e-08,0.5127896891510092,323.315,0.04986
135420.0,323.3131360922572,2.2110819747728385,323.3131328368645,2.2462690815625166,2.0550123173394806e-08,0.5127613168168156,323.315,0.04986
135480.0,323.3131363886781,2.210962434903217,323.31313313385033,2.246141943232579,2.054685666110797e-08,0.5127329489924946,323.315,0.04986
135540.0,323.31313668505277,2.210842913677965,323.3131334307897,2.246014825494055,2.0543590658182065e-08,0.512704585677343,323.315,0.04986
135600.0,323.3131369813812,2.2107234110943157,323.3131337276827,2.2458877283435794,2.0540325164542117e-08,0.5126762268706577,323.315,0.04986
135660.0,323.3131372776634,2.2106039271495046,323.31313402452935,2.245760651777786,2.0537060180112374e-08,0.5126478725717356,323.315,0.04986
135720.0,323.3131375738993,2.2104844618407675,323.3131343213296,2.24563359579331,2.0533795704816904e-08,0.5126195227798737,323.315,0.04986
135780.0,323.313137870089,2.2103650151653405,323.3131346180835,2.2455065603867865,2.053053173858097e-08,0.5125911774943696,323.315,0.04986
135840.0,323.3131381662325,2.2102455871204585,323.31313491479114,2.2453795455548513,2.0527268281328046e-08,0.5125628367145197,323.315,0.04986
135900.0,323.31313846232973,2.2101261777033576,323.3131352114524,2.2452525512941413,2.0524005332983773e-08,0.5125345004396226,323.315,0.04986
135960.0,323.3131387583807,2.2100067869112756,323.3131355080674,2.2451255776012937,2.0520742893471988e-08,0.5125061686689747,323.315,0.04986
136020.0,323.31313905438554,2.2098874147414493,323.31313580463603,2.2449986244729456,2.051748096271767e-08,0.5124778414018742,323.315,0.04986
136080.0,323.31313935034416,2.2097680611911157,323.3131361011584,2.244871691905736,2.0514219540645193e-08,0.5124495186376186,323.315,0.04986
136140.0,323.31313964625656,2.2096487262575133,323.3131363976345,2.2447447798963034,2.0510958627179055e-08,0.5124212003755058,323.315,0.04986
136200.0,323.3131399421228,2.209529409937879,323.31313669406427,2.2446178884412866,2.050769822224375e-08,0.5123928866148334,323.315,0.04986
136260.0,323.31314023794283,2.2094101122294507,323.31313699044773,2.2444910175373267,2.0504438325764094e-08,0.5123645773548998,323.315,0.04986
136320.0,323.3131405337167,2.2092908331294687,323.313137286785,2.2443641671810632,2.050117893766469e-08,0.5123362725950028,323.315,0.04986
136380.0,323.31314082944436,2.2091715726351726,323.3131375830759,2.244237337369138,2.0497920057869735e-08,0.5123079723344409,323.315,0.04986
136440.0,323.3131411251259,2.2090523307438,323.3131378793206,2.2441105280981923,2.0494661686304558e-08,0.5122796765725124,323.315,0.04986
136500.0,323.31314142076127,2.2089331074525917,323.313138175519,2.243983739364869,2.049140382289343e-08,0.5122513853085153,323.315,0.04986
136560.0,323.3131417163505,2.208813902758788,323.31313847167115,2.24385697116581,2.0488146467560686e-08,0.5122230985417486,323.315,0.04986
136620.0,323.31314201189366,2.20869471665963,323.31313876777705,2.2437302234976597,2.048488962023164e-08,0.512194816271511,323.315,0.04986
136680.0,323.3131423073906,2.208575549152357,323.3131390638368,2.243603496357061,2.0481633280830445e-08,0.5121665384971009,323.315,0.04986
136740.0,323.3131426028414,2.208456400234211,323.31313935985025,2.243476789740659,2.047837744928157e-08,0.5121382652178171,323.315,0.04986
136800.0,323.31314289824616,2.208337269902434,323.3131396558175,2.2433501036450982,2.0475122125510224e-08,0.5121099964329588,323.315,0.04986
136860.0,323.31314319360473,2.208218158154267,323.31313995173855,2.2432234380670244,2.047186730944077e-08,0.512081732141825,323.315,0.04986
136920.0,323.31314348891726,2.2080990649869534,323.31314024761343,2.2430967930030836,2.046861300099837e-08,0.5120534723437148,323.315,0.04986
136980.0,323.31314378418364,2.2079799903977353,323.3131405434421,2.242970168449923,2.0465359200106803e-08,0.5120252170379274,323.315,0.04986
137040.0,323.3131440794039,2.207860934383855,323.3131408392245,2.24284356440419,2.0462105906691286e-08,0.5119969662237623,323.315,0.04986
137100.0,323.31314437457814,2.207741896942557,323.3131411349608,2.2427169808625327,2.0458853120676944e-08,0.5119687199005188,323.315,0.04986
137160.0,323.3131446697063,2.207622878071084,323.31314143065083,2.242590417821599,2.0455600841988273e-08,0.5119404780674967,323.315,0.04986
137220.0,323.31314496478836,2.20750387776668,323.31314172629465,2.2424638752780384,2.0452349070549747e-08,0.5119122407239953,323.315,0.04986
137280.0,323.3131452598244,2.20738489602659,323.31314202189236,2.2423373532285,2.044909780628641e-08,0.5118840078693149,323.315,0.04986
137340.0,323.31314555481435,2.207265932848058,323.3131423174439,2.242210851669634,2.044584704912262e-08,0.5118557795027548,323.315,0.04986
137400.0,323.3131458497582,2.20714698822833,323.3131426129493,2.242084370598091,2.0442596798983392e-08,0.5118275556236157,323.315,0.04986
137460.0,323.31314614465606,2.2070280621646505,323.3131429084086,2.241957910010523,2.0439347055793633e-08,0.511799336231197,323.315,0.04986
137520.0,323.3131464395079,2.206909154654266,323.31314320382177,2.2418314699035813,2.0436097819477973e-08,0.5117711213247991,323.315,0.04986
137580.0,323.3131467343136,2.206790265694421,323.31314349918875,2.2417050502739184,2.0432849089961013e-08,0.5117429109037225,323.315,0.04986
137640.0,323.3131470290734,2.2066713952823642,323.3131437945096,2.241578651118187,2.042960086716835e-08,0.5117147049672672,323.315,0.04986
137700.0,323.31314732378706,2.2065525434153415,323.3131440897843,2.241452272433041,2.0426353151023612e-08,0.5116865035147343,323.315,0.04986
137760.0,323.3131476184548,2.2064337100905993,323.31314438501295,2.2413259142151345,2.042310594145288e-08,0.5116583065454239,323.315,0.04986
137820.0,323.31314791307653,2.206314895305386,323.3131446801954,2.2411995764611214,2.0419859238380044e-08,0.511630114058637,323.315,0.04986
137880.0,323.3131482076522,2.2061960990569496,323.31314497533185,2.241073259167658,2.0416613041730325e-08,0.5116019260536743,323.315,0.04986
137940.0,323.31314850218195,2.206077321342537,323.3131452704222,2.2409469623314,2.0413367351428358e-08,0.5115737425298366,323.315,0.04986
138000.0,323.3131487966657,2.205958562159398,323.3131455654664,2.240820685949003,2.0410122167399556e-08,0.511545563486425,323.315,0.04986
138060.0,323.31314909110347,2.2058398215047808,323.3131458604646,2.240694430017125,2.0406877489567986e-08,0.5115173889227407,323.315,0.04986
138120.0,323.3131493854953,2.2057210993759355,323.31314615541675,2.2405681945324227,2.0403633317859514e-08,0.511489218838085,323.315,0.04986
138180.0,323.31314967984116,2.20560239577011,323.3131464503228,2.240441979491554,2.040038965219819e-08,0.511461053231759,323.315,0.04986
138240.0,323.313149974141,2.2054837106845557,323.3131467451828,2.2403157848911786,2.0397146492509164e-08,0.5114328921030643,323.315,0.04986
138300.0,323.31315026839496,2.2053650441165225,323.31314703999675,2.2401896107279544,2.0393903838717207e-08,0.5114047354513024,323.315,0.04986
138360.0,323.31315056260297,2.2052463960632602,323.3131473347646,2.240063456998542,2.0390661690748035e-08,0.5113765832757751,323.315,0.04986
138420.0,323.31315085676505,2.205127766522022,323.3131476294865,2.239937323699601,2.038742004852565e-08,0.5113484355757838,323.315,0.04986
138480.0,323.3131511508812,2.205009155490057,323.3131479241623,2.239811210827793,2.0384178911975512e-08,0.5113202923506308,323.315,0.04986
138540.0,323.3131514449514,2.204890562964617,323.3131482187921,2.2396851183797786,2.0380938281021963e-08,0.5112921535996177,323.315,0.04986
138600.0,323.3131517389757,2.204771988942955,323.3131485133759,2.2395590463522206,2.0377698155590485e-08,0.5112640193220466,323.315,0.04986
138660.0,323.31315203295406,2.2046534334223233,323.31314880791365,2.239432994741781,2.0374458535606287e-08,0.5112358895172197,323.315,0.04986
138720.0,323.31315232688655,2.2045348963999736,323.3131491024054,2.239306963545123,2.0371219420993524e-08,0.5112077641844394,323.315,0.04986
138780.0,323.31315262077317,2.2044163778731614,323.3131493968512,2.23918095275891,2.0367980811678097e-08,0.5111796433230079,323.315,0.04986
138840.0,323.31315291461385,2.204297877839137,323.313149691251,2.2390549623798073,2.036474270758446e-08,0.5111515269322279,323.315,0.04986
138900.0,323.31315320840866,2.2041793962951566,323.3131499856048,2.2389289924044786,2.0361505108637556e-08,0.5111234150114016,323.315,0.04986
138960.0,323.31315350215766,2.2040609332384724,323.31315027991263,2.23880304282959,2.0358268014762536e-08,0.5110953075598322,323.315,0.04986
139020.0,323.3131537958607,2.203942488666341,323.31315057417453,2.238677113651807,2.0355031425884506e-08,0.5110672045768219,323.315,0.04986
139080.0,323.313154089518,2.2038240625760146,323.31315086839044,2.2385512048677967,2.03517953419288e-08,0.511039106061674,323.315,0.04986
139140.0,323.3131543831293,2.2037056549647502,323.31315116256036,2.2384253164742254,2.0348559762819794e-08,0.5110110120136914,323.315,0.04986
139200.0,323.3131546766948,2.2035872658298024,323.31315145668435,2.238299448467761,2.0345324688482824e-08,0.5109829224321771,323.315,0.04986
139260.0,323.3131549702145,2.2034688951684274,323.3131517507624,2.2381736008450726,2.0342090118843236e-08,0.5109548373164345,323.315,0.04986
139320.0,323.31315526368826,2.2033505429778817,323.3131520447945,2.2380477736028275,2.0338856053825415e-08,0.5109267566657665,323.315,0.04986
139380.0,323.31315555711626,2.2032322092554217,323.3131523387807,2.2379219667376957,2.0335622493355097e-08,0.510898680479477,323.315,0.04986
139440.0,323.31315585049845,2.203113893998304,323.31315263272097,2.237796180246347,2.0332389437357423e-08,0.5108706087568692,323.315,0.04986
139500.0,323.3131561438348,2.2029955972037865,323.3131529266153,2.2376704141254518,2.0329156885757192e-08,0.5108425414972467,323.315,0.04986
139560.0,323.31315643712543,2.2028773188691257,323.3131532204638,2.2375446683716804,2.032592483847976e-08,0.5108144786999135,323.315,0.04986
139620.0,323.3131567303703,2.202759058991581,323.3131535142664,2.237418942981705,2.032269329545e-08,0.5107864203641731,323.315,0.04986
139680.0,323.3131570235694,2.2026408175684082,323.31315380802306,2.2372932379521977,2.0319462256593312e-08,0.5107583664893294,323.315,0.04986
139740.0,323.3131573167226,2.2025225945968696,323.31315410173386,2.237167553279831,2.0316231721834277e-08,0.5107303170746867,323.315,0.04986
139800.0,323.31315760983006,2.2024043900742205,323.3131543953988,2.237041888961279,2.0313001691098375e-08,0.5107022721195491,323.315,0.04986
139860.0,323.3131579028917,2.2022862039977227,323.3131546890178,2.236916244993214,2.0309772164310867e-08,0.5106742316232206,323.315,0.04986
139920.0,323.31315819590753,2.2021680363646343,323.31315498259096,2.2367906213723114,2.030654314139647e-08,0.5106461955850057,323.315,0.04986
139980.0,323.3131584888776,2.2020498871722163,323.3131552761182,2.236665018095246,2.030331462228072e-08,0.5106181640042088,323.315,0.04986
140040.0,323.313158781802,2.2019317564177285,323.3131555695997,2.236539435158693,2.0300086606889188e-08,0.5105901368801343,323.315,0.04986
140100.0,323.3131590746806,2.201813644098433,323.31315586303526,2.2364138725593286,2.0296859095146623e-08,0.5105621142120874,323.315,0.04986
140160.0,323.3131593675135,2.201695550211589,323.313156156425,2.2362883302938297,2.0293632086978496e-08,0.5105340959993722,323.315,0.04986
140220.0,323.31315966030064,2.201577474754459,323.31315644976894,2.236162808358873,2.0290405582309454e-08,0.5105060822412938,323.315,0.04986
140280.0,323.3131599530421,2.201459417724304,323.313156743067,2.236037306751136,2.0287179581065395e-08,0.5104780729371571,323.315,0.04986
140340.0,323.31316024573783,2.2013413791183867,323.3131570363193,2.2359118254672974,2.028395408317115e-08,0.5104500680862671,323.315,0.04986
140400.0,323.3131605383878,2.2012233589339694,323.3131573295258,2.235786364504036,2.0280729088552118e-08,0.5104220676879293,323.315,0.04986
140460.0,323.31316083099216,2.2011053571683155,323.31315762268645,2.2356609238580307,2.02775045971335e-08,0.5103940717414487,323.315,0.04986
140520.0,323.31316112355074,2.2009873738186876,323.31315791580136,2.2355355035259623,2.0274280608840533e-08,0.5103660802461306,323.315,0.04986
140580.0,323.31316141606374,2.2008694088823493,323.31315820887045,2.2354101035045106,2.0271057123598933e-08,0.5103380932012807,323.315,0.04986
140640.0,323.31316170853097,2.200751462356563,323.3131585018937,2.235284723790357,2.0267834141333052e-08,0.5103101106062042,323.315,0.04986
140700.0,323.31316200095256,2.2006335342385954,323.31315879487124,2.2351593643801833,2.026461166196921e-08,0.5102821324602073,323.315,0.04986
140760.0,323.31316229332845,2.2005156245257096,323.313159087803,2.235034025270671,2.026138968543175e-08,0.5102541587625954,323.315,0.04986
140820.0,323.3131625856587,2.200397733215171,323.31315938068894,2.2349087064585036,2.0258168211646676e-08,0.5102261895126745,323.315,0.04986
140880.0,323.3131628779433,2.200279860304245,323.3131596735292,2.234783407940364,2.0254947240538932e-08,0.5101982247097504,323.315,0.04986
140940.0,323.3131631701822,2.2001620057901956,323.31315996632367,2.2346581297129364,2.025172677203395e-08,0.5101702643531295,323.315,0.04986
141000.0,323.3131634623755,2.2000441696702904,323.3131602590724,2.2345328717729047,2.024850680605733e-08,0.5101423084421178,323.315,0.04986
141060.0,323.3131637545231,2.1999263519417953,323.3131605517754,2.2344076341169545,2.0245287342533946e-08,0.5101143569760218,323.315,0.04986
141120.0,323.3131640466251,2.1998085526019766,323.31316084443273,2.2342824167417707,2.0242068381389355e-08,0.5100864099541477,323.315,0.04986
141180.0,323.3131643386814,2.1996907716481022,323.3131611370443,2.23415721964404,2.0238849922549162e-08,0.510058467375802,323.315,0.04986
141240.0,323.3131646306922,2.1995730090774384,323.31316142961015,2.2340320428204485,2.023563196593816e-08,0.5100305292402912,323.315,0.04986
141300.0,323.3131649226574,2.199455264887253,323.3131617221303,2.233906886267684,2.0232414511482842e-08,0.5100025955469225,323.315,0.04986
141360.0,323.31316521457694,2.199337539074814,323.3131620146047,2.2337817499824335,2.022919755910749e-08,0.5099746662950023,323.315,0.04986
141420.0,323.31316550645096,2.1992198316373903,323.3131623070334,2.2336566339613864,2.022598110873821e-08,0.5099467414838375,323.315,0.04986
141480.0,323.3131657982794,2.19910214257225,323.3131625994164,2.2335315382012304,2.0222765160300125e-08,0.5099188211127352,323.315,0.04986
141540.0,323.31316609006217,2.1989844718766633,323.31316289175373,2.233406462698656,2.0219549713718353e-08,0.5098909051810026,323.315,0.04986
141600.0,323.3131663817994,2.1988668195478978,323.31316318404544,2.2332814074503524,2.0216334768918885e-08,0.5098629936879467,323.315,0.04986
141660.0,323.3131666734911,2.1987491855832246,323.31316347629144,2.233156372453011,2.021312032582658e-08,0.5098350866328752,323.315,0.04986
141720.0,323.31316696513716,2.1986315699799137,323.31316376849185,2.2330313577033216,2.020990638436735e-08,0.5098071840150951,323.315,0.04986
141780.0,323.31316725673776,2.1985139727352347,323.31316406064656,2.2329063631979778,2.0206692944466973e-08,0.5097792858339141,323.315,0.04986
141840.0,323.3131675482927,2.1983963938464592,323.3131643527556,2.23278138893367,2.02034800060498e-08,0.5097513920886401,323.315,0.04986
141900.0,323.3131678398022,2.198278833310858,323.313164644819,2.232656434907092,2.0200267569042552e-08,0.5097235027785804,323.315,0.04986
141960.0,323.31316813126614,2.198161291125703,323.31316493683676,2.232531501114937,2.0197055633369842e-08,0.5096956179030432,323.315,0.04986
142020.0,323.31316842268456,2.198043767288266,323.3131652288089,2.2324065875538985,2.019384419895782e-08,0.5096677374613364,323.315,0.04986
142080.0,323.31316871405744,2.1979262617958177,323.3131655207354,2.232281694220671,2.0190633265731227e-08,0.5096398614527676,323.315,0.04986
142140.0,323.3131690053848,2.197808774645633,323.3131658126163,2.2321568211119502,2.018742283361603e-08,0.5096119898766455,323.315,0.04986
142200.0,323.3131692966667,2.197691305834984,323.3131661044517,2.2320319682244314,2.01842129025382e-08,0.5095841227322782,323.315,0.04986
142260.0,323.313169587903,2.197573855361142,323.3131663962414,2.23190713555481,2.0181003472422444e-08,0.5095562600189738,323.315,0.04986
142320.0,323.3131698790939,2.197456423221383,323.31316668798553,2.2317823230997837,2.0177794543195027e-08,0.5095284017360411,323.315,0.04986
142380.0,323.3131701702393,2.197339009412981,323.31316697968407,2.2316575308560487,2.0174586114780833e-08,0.5095005478827885,323.315,0.04986
142440.0,323.3131704613392,2.197221613933208,323.313167271337,2.231532758820304,2.017137818710597e-08,0.5094726984585246,323.315,0.04986
142500.0,323.3131707523936,2.1971042367793405,323.3131675629444,2.2314080069892475,2.0168170760095772e-08,0.5094448534625582,323.315,0.04986
142560.0,323.3131710434025,2.1969868779486523,323.3131678545062,2.2312832753595777,2.0164963833675453e-08,0.5094170128941984,323.315,0.04986
142620.0,323.31317133436596,2.1968695374384195,323.3131681460224,2.2311585639279947,2.0161757407771353e-08,0.5093891767527539,323.315,0.04986
142680.0,323.313171625284,2.196752215245918,323.3131684374931,2.231033872691199,2.0158551482308473e-08,0.5093613450375336,323.315,0.04986
142740.0,323.31317191615653,2.196634911368423,323.31316872891824,2.2309092016458894,2.0155346057212773e-08,0.5093335177478473,323.315,0.04986
142800.0,323.3131722069837,2.196517625803212,323.31316902029783,2.2307845507887683,2.015214113241025e-08,0.5093056948830037,323.315,0.04986
142860.0,323.31317249776544,2.1964003585475593,323.31316931163195,2.2306599201165374,2.014893670782576e-08,0.5092778764423125,323.315,0.04986
142920.0,323.3131727885018,2.1962831095987454,323.3131696029205,2.2305353096258984,2.0145732783385506e-08,0.5092500624250831,323.315,0.04986
142980.0,323.3131730791927,2.1961658789540452,323.31316989416354,2.2304107193135545,2.0142529359014848e-08,0.5092222528306249,323.315,0.04986
143040.0,323.31317336983824,2.1960486666107366,323.31317018536106,2.2302861491762083,2.0139326434639526e-08,0.5091944476582478,323.315,0.04986
143100.0,323.3131736604383,2.195931472566098,323.3131704765131,2.2301615992105646,2.013612401018515e-08,0.5091666469072617,323.315,0.04986
143160.0,323.31317395099296,2.1958142968174093,323.3131707676196,2.2300370694133274,2.013292208557721e-08,0.5091388505769763,323.315,0.04986
143220.0,323.3131742415023,2.195697139361946,323.3131710586806,2.2299125597812015,2.0129720660741824e-08,0.5091110586667014,323.315,0.04986
143280.0,323.3131745319662,2.1955800001969905,323.3131713496961,2.229788070310893,2.012651973560463e-08,0.5090832711757475,323.315,0.04986
143340.0,323.31317482238467,2.1954628793198214,323.3131716406662,2.2296636009991087,2.0123319310091092e-08,0.5090554881034246,323.315,0.04986
143400.0,323.31317511275785,2.1953457767277174,323.31317193159083,2.229539151842554,2.012011938412701e-08,0.5090277094490432,323.315,0.04986
143460.0,323.3131754030856,2.1952286924179605,323.3131722224699,2.2294147228379373,2.0116919957637978e-08,0.5089999352119133,323.315,0.04986
143520.0,323.31317569336795,2.1951116263878294,323.31317251330364,2.229290313981966,2.011372103054947e-08,0.5089721653913458,323.315,0.04986
143580.0,323.31317598360505,2.1949945786346055,323.3131728040919,2.229165925271348,2.0110522602788436e-08,0.5089443999866512,323.315,0.04986
143640.0,323.3131762737967,2.19487754915557,323.31317309483467,2.2290415567027924,2.0107324674279545e-08,0.5089166389971401,323.315,0.04986
143700.0,323.3131765639431,2.194760537948005,323.313173385532,2.2289172082730087,2.010412724494882e-08,0.5088888824221235,323.315,0.04986
143760.0,323.3131768540442,2.1946435450091917,323.31317367618396,2.228792879978707,2.0100930314722364e-08,0.5088611302609123,323.315,0.04986
143820.0,323.3131771440999,2.1945265703364134,323.31317396679043,2.228668571816598,2.009773388352517e-08,0.5088333825128172,323.315,0.04986
143880.0,323.3131774341103,2.1944096139269513,323.3131742573515,2.228544283783392,2.0094537951283764e-08,0.5088056391771498,323.315,0.04986
143940.0,323.3131777240754,2.1942926757780894,323.31317454786716,2.228420015875802,2.0091342517923994e-08,0.508777900253221,323.315,0.04986
144000.0,323.3131780139952,2.19417575588711,323.3131748383374,2.228295768090539,2.0088147583371107e-08,0.5087501657403423,323.315,0.04986
144060.0,323.31317830386973,2.1940588542512973,323.3131751287622,2.2281715404243156,2.008495314755161e-08,0.5087224356378249,323.315,0.04986
144120.0,323.3131785936989,2.193941970867935,323.31317541914166,2.2280473328738464,2.0081759210390547e-08,0.5086947099449807,323.315,0.04986
144180.0,323.31317888348286,2.193825105734309,323.31317570947573,2.2279231454358444,2.0078565771814494e-08,0.508666988661121,323.315,0.04986
144240.0,323.31317917322156,2.1937082588477015,323.3131759997644,2.227798978107024,2.0075372831748617e-08,0.5086392717855578,323.315,0.04986
144300.0,323.31317946291495,2.1935914302054,323.31317629000773,2.2276748308841015,2.0072180390119454e-08,0.5086115593176028,323.315,0.04986
144360.0,323.31317975256303,2.1934746198046877,323.3131765802057,2.227550703763791,2.0068988446852386e-08,0.5085838512565679,323.315,0.04986
144420.0,323.3131800421659,2.193357827642852,323.3131768703584,2.2274265967428093,2.0065797001873707e-08,0.5085561476017653,323.315,0.04986
144480.0,323.3131803317235,2.193241053717178,323.31317716046567,2.227302509817873,2.0062606055108423e-08,0.5085284483525069,323.315,0.04986
144540.0,323.3131806212359,2.1931242980249515,323.31317745052763,2.2271784429856987,2.0059415606483675e-08,0.5085007535081052,323.315,0.04986
144600.0,323.313180910703,2.1930075605634602,323.31317774054423,2.227054396243005,2.0056225655924474e-08,0.5084730630678725,323.315,0.04986
144660.0,323.3131812001249,2.1928908413299926,323.3131780305155,2.2269303695865097,2.0053036203357022e-08,0.5084453770311212,323.315,0.04986
144720.0,323.3131814895016,2.1927741403218333,323.31317832044135,2.226806363012932,2.004984724870734e-08,0.5084176953971639,323.315,0.04986
144780.0,323.31318177883304,2.1926574575362716,323.3131786103219,2.2266823765189905,2.0046658791901116e-08,0.5083900181653133,323.315,0.04986
144840.0,323.31318206811926,2.192540792970595,323.31317890015725,2.2265584101014064,2.0043470832864485e-08,0.5083623453348821,323.315,0.04986
144900.0,323.3131823573603,2.192424146622093,323.3131791899473,2.2264344637568994,2.0040283371523282e-08,0.508334676905183,323.315,0.04986
144960.0,323.31318264655613,2.192307518488054,323.313179479692,2.2263105374821905,2.003709640780371e-08,0.5083070128755293,323.315,0.04986
145020.0,323.3131829357068,2.1921909085657667,323.31317976939147,2.2261866312740017,2.00339099416314e-08,0.5082793532452338,323.315,0.04986
145080.0,323.31318322481224,2.192074316852521,323.3131800590456,2.226062745129055,2.003072397293274e-08,0.5082516980136098,323.315,0.04986
145140.0,323.31318351387256,2.191957743345606,323.3131803486545,2.2259388790440733,2.0027538501633334e-08,0.5082240471799706,323.315,0.04986
145200.0,323.31318380288764,2.1918411880423134,323.3131806382181,2.22581503301578,2.002435352765931e-08,0.5081964007436294,323.315,0.04986
145260.0,323.31318409185764,2.1917246509399337,323.3131809277364,2.2256912070408985,2.0021169050936858e-08,0.5081687587038998,323.315,0.04986
145320.0,323.31318438078245,2.191608132035756,323.3131812172095,2.225567401116154,2.0017985071392062e-08,0.5081411210600957,323.315,0.04986
145380.0,323.3131846696621,2.1914916313270734,323.31318150663736,2.22544361523827,2.0014801588950502e-08,0.5081134878115301,323.315,0.04986
145440.0,323.31318495849666,2.1913751488111766,323.31318179601993,2.225319849403973,2.001161860353844e-08,0.5080858589575173,323.315,0.04986
145500.0,323.31318524728607,2.1912586844853577,323.3131820853573,2.225196103609989,2.0008436115082104e-08,0.5080582344973711,323.315,0.04986
145560.0,323.31318553603035,2.1911422383469086,323.3131823746494,2.2250723778530443,2.0005254123507222e-08,0.5080306144304053,323.315,0.04986
145620.0,323.3131858247295,2.191025810393124,323.3131826638963,2.2249486721298664,2.000207262874024e-08,0.5080029987559341,323.315,0.04986
145680.0,323.3131861133835,2.190909400621294,323.313182953098,2.224824986437182,1.999889163070674e-08,0.5079753874732718,323.315,0.04986
145740.0,323.3131864019924,2.190793009028713,323.31318324225447,2.224701320771721,1.9995711129333626e-08,0.5079477805817326,323.315,0.04986
145800.0,323.3131866905562,2.190676635612676,323.3131835313658,2.2245776751302104,1.9992531124545897e-08,0.507920178080631,323.315,0.04986
145860.0,323.31318697907494,2.190560280370475,323.3131838204319,2.2244540495093807,1.9989351616270567e-08,0.5078925799692812,323.315,0.04986
145920.0,323.3131872675486,2.190443943299405,323.3131841094528,2.2243304439059615,1.9986172604433384e-08,0.507864986246998,323.315,0.04986
145980.0,323.3131875559771,2.1903276243967618,323.3131843984285,2.224206858316683,1.9982994088960326e-08,0.5078373969130962,323.315,0.04986
146040.0,323.3131878443606,2.190211323659839,323.31318468735907,2.224083292738277,1.9979816069777934e-08,0.5078098119668906,323.315,0.04986
146100.0,323.31318813269894,2.190095041085934,323.3131849762445,2.223959747167474,1.9976638546811898e-08,0.5077822314076957,323.315,0.04986
146160.0,323.3131884209923,2.1899787766723406,323.3131852650847,2.223836221601007,1.9973461519988756e-08,0.507754655234827,323.315,0.04986
146220.0,323.31318870924053,2.189862530416355,323.31318555387975,2.223712716035608,1.9970284989233944e-08,0.5077270834475995,323.315,0.04986
146280.0,323.3131889974438,2.1897463023152755,323.31318584262965,2.2235892304680105,1.9967108954474975e-08,0.5076995160453284,323.315,0.04986
146340.0,323.313189285602,2.1896300923663965,323.3131861313344,2.223465764894948,1.9963933415637113e-08,0.5076719530273288,323.315,0.04986
146400.0,323.31318957371514,2.1895139005670163,323.31318641999405,2.2233423193131547,1.9960758372646356e-08,0.5076443943929164,323.315,0.04986
146460.0,323.31318986178326,2.189397726914433,323.3131867086086,2.2232188937193658,1.9957583825429423e-08,0.5076168401414064,323.315,0.04986
146520.0,323.3131901498064,2.1892815714059433,323.31318699717804,2.2230954881103164,1.995440977391255e-08,0.5075892902721147,323.315,0.04986
146580.0,323.3131904377845,2.189165434038845,323.3131872857023,2.2229721024827422,1.9951236218021506e-08,0.5075617447843571,323.315,0.04986
146640.0,323.31319072571756,2.189049314810439,323.3131875741815,2.2228487368333805,1.9948063157682794e-08,0.5075342036774491,323.315,0.04986
146700.0,323.31319101360566,2.1889332137180215,323.31318786261556,2.2227253911589675,1.9944890592822493e-08,0.5075066669507068,323.315,0.04986
146760.0,323.31319130144874,2.1888171307588937,323.31318815100457,2.222602065456241,1.9941718523367047e-08,0.5074791346034463,323.315,0.04986
146820.0,323.31319158924686,2.1887010659303536,323.31318843934844,2.2224787597219393,1.9938546949242783e-08,0.5074516066349836,323.315,0.04986
146880.0,323.313191877,2.188585019229702,323.3131887276473,2.2223554739528013,1.9935375870375613e-08,0.5074240830446349,323.315,0.04986
146940.0,323.31319216470814,2.18846899065424,323.313189015901,2.222232208145566,1.9932205286692315e-08,0.5073965638317165,323.315,0.04986
147000.0,323.3131924523713,2.188352980201267,323.3131893041097,2.222108962296973,1.9929035198118714e-08,0.5073690489955452,323.315,0.04986
147060.0,323.3131927399895,2.188236987868084,323.3131895922734,2.221985736403764,1.992586560458145e-08,0.5073415385354373,323.315,0.04986
147120.0,323.3131930275628,2.188121013651993,323.313189880392,2.221862530462678,1.992269650600643e-08,0.5073140324507094,323.315,0.04986
147180.0,323.31319331509116,2.1880050575502947,323.3131901684655,2.2217393444704574,1.9919527902320065e-08,0.507286530740678,323.315,0.04986
147240.0,323.31319360257453,2.1878891195602916,323.313190456494,2.2216161784238437,1.9916359793449e-08,0.5072590334046604,323.315,0.04986
147300.0,323.31319389001294,2.1877731996792855,323.3131907444775,2.221493032319579,1.9913192179319392e-08,0.5072315404419733,323.315,0.04986
147360.0,323.31319417740644,2.18765729790458,323.31319103241583,2.221369906154407,1.991002505985748e-08,0.5072040518519336,323.315,0.04986
147420.0,323.31319446475504,2.1875414142334764,323.31319132030916,2.221246799925071,1.9906858434989494e-08,0.507176567633859,323.315,0.04986
147480.0,323.3131947520587,2.1874255486632803,323.3131916081575,2.2211237136283155,1.9903692304642204e-08,0.5071490877870661,323.315,0.04986
147540.0,323.31319503931746,2.1873097011912943,323.31319189596087,2.221000647260885,1.9900526668741834e-08,0.5071216123108726,323.315,0.04986
147600.0,323.31319532653134,2.1871938718148227,323.3131921837193,2.220877600819525,1.9897361527214663e-08,0.5070941412045961,323.315,0.04986
147660.0,323.3131956137003,2.187078060531169,323.3131924714327,2.2207545743009813,1.9894196879987024e-08,0.5070666744675536,323.315,0.04986
147720.0,323.31319590082444,2.1869622673376403,323.31319275910124,2.2206315677020005,1.9891032726985402e-08,0.5070392120990632,323.315,0.04986
147780.0,323.31319618790366,2.186846492231539,323.3131930467247,2.220508581019329,1.9887869068136654e-08,0.5070117540984427,323.315,0.04986
147840.0,323.31319647493797,2.1867307352101726,323.31319333430315,2.220385614249714,1.9884705903365884e-08,0.5069843004650096,323.315,0.04986
147900.0,323.3131967619275,2.186614996270845,323.31319362183666,2.220262667389904,1.9881543232601195e-08,0.5069568511980822,323.315,0.04986
147960.0,323.3131970488721,2.1864992754108634,323.31319390932515,2.2201397404366476,1.9878381055768067e-08,0.5069294062969784,323.315,0.04986
148020.0,323.31319733577186,2.186383572627534,323.3131941967686,2.2200168333866936,1.9875219372792906e-08,0.5069019657610163,323.315,0.04986
148080.0,323.3131976226268,2.186267887918164,323.31319448416724,2.219893946236792,1.9872058183602335e-08,0.5068745295895143,323.315,0.04986
148140.0,323.31319790943684,2.186152221280061,323.31319477152095,2.219771078983692,1.9868897488123016e-08,0.5068470977817907,323.315,0.04986
148200.0,323.31319819620205,2.186036572710531,323.3131950588297,2.2196482316241455,1.9865737286280625e-08,0.5068196703371642,323.315,0.04986
148260.0,323.3131984829225,2.1859209422068835,323.3131953460936,2.2195254041549033,1.9862577578002725e-08,0.5067922472549529,323.315,0.04986
148320.0,323.31319876959805,2.185805329766426,323.3131956333126,2.2194025965727167,1.9859418363215652e-08,0.5067648285344758,323.315,0.04986
148380.0,323.3131990562288,2.1856897353864673,323.3131959204867,2.219279808874339,1.9856259641845263e-08,0.5067374141750517,323.315,0.04986
148440.0,323.3131993428148,2.1855741590643145,323.3131962076158,2.2191570410565222,1.9853101413818418e-08,0.5067100041759992,323.315,0.04986
148500.0,323.31319962935595,2.18545860079728,323.31319649470004,2.2190342931160205,1.9849943679061355e-08,0.5066825985366376,323.315,0.04986
148560.0,323.3131999158523,2.185343060582671,323.31319678173935,2.2189115650495874,1.984678643750105e-08,0.5066551972562858,323.315,0.04986
148620.0,323.31320020230385,2.1852275384177977,323.31319706873364,2.218788856853978,1.9843629689063956e-08,0.5066278003342628,323.315,0.04986
148680.0,323.31320048871066,2.185112034299971,323.3131973556832,2.218666168525947,1.9840473433676564e-08,0.5066004077698882,323.315,0.04986
148740.0,323.3132007750727,2.1849965482265015,323.31319764258785,2.2185435000622498,1.9837317671265464e-08,0.5065730195624814,323.315,0.04986
148800.0,323.3132010613899,2.1848810801947005,323.31319792944765,2.218420851459643,1.983416240175717e-08,0.5065456357113617,323.315,0.04986
148860.0,323.3132013476624,2.1847656302018787,323.3131982162626,2.2182982227148833,1.9831007625078088e-08,0.5065182562158486,323.315,0.04986
148920.0,323.3132016338902,2.1846501982453486,323.31319850303277,2.218175613824728,1.9827853341155053e-08,0.5064908810752619,323.315,0.04986
148980.0,323.31320192007325,2.1845347843224197,323.313198789758,2.2180530247859345,1.9824699549914757e-08,0.5064635102889214,323.315,0.04986
149040.0,323.3132022062115,2.184419388430408,323.3131990764385,2.217930455595262,1.9821546251283495e-08,0.5064361438561471,323.315,0.04986
149100.0,323.31320249230504,2.184304010566623,323.3131993630741,2.2178079062494684,1.9818393445187976e-08,0.5064087817762588,323.315,0.04986
149160.0,323.31320277835385,2.1841886507283803,323.31319964966485,2.217685376745314,1.9815241131555006e-08,0.5063814240485767,323.315,0.04986
149220.0,323.31320306435794,2.184073308912992,323.31319993621076,2.217562867079558,1.9812089310310865e-08,0.506354070672421,323.315,0.04986
149280.0,323.31320335031734,2.1839579851177717,323.31320022271194,2.2174403772489613,1.98089379813825e-08,0.5063267216471119,323.315,0.04986
149340.0,323.313203636232,2.1838426793400343,323.31320050916827,2.2173179072502855,1.980578714469656e-08,0.5062993769719698,323.315,0.04986
149400.0,323.31320392210193,2.1837273915770927,323.3132007955798,2.2171954570802916,1.980263680017946e-08,0.5062720366463153,323.315,0.04986
149460.0,323.3132042079272,2.183612121826263,323.31320108194654,2.2170730267357417,1.9799486947757748e-08,0.5062447006694688,323.315,0.04986
149520.0,323.3132044937077,2.18349687008486,323.3132013682685,2.2169506162133987,1.9796337587358535e-08,0.5062173690407511,323.315,0.04986
149580.0,323.3132047794436,2.183381636350199,323.3132016545457,2.2168282255100262,1.9793188718908405e-08,0.5061900417594832,323.315,0.04986
149640.0,323.3132050651348,2.1832664206195957,323.3132019407781,2.216705854622388,1.9790040342333924e-08,0.5061627188249856,323.315,0.04986
149700.0,323.3132053507814,2.183151222890367,323.31320222696576,2.216583503547248,1.97868924575623e-08,0.5061354002365797,323.315,0.04986
149760.0,323.3132056363833,2.183036043159828,323.3132025131086,2.2164611722813716,1.9783745064519563e-08,0.5061080859935865,323.315,0.04986
149820.0,323.3132059219406,2.1829208814252965,323.3132027992067,2.2163388608215238,1.97805981631328e-08,0.5060807760953269,323.315,0.04986
149880.0,323.3132062074532,2.18280573768409,323.3132030852601,2.2162165691644704,1.9777451753328555e-08,0.5060534705411227,323.315,0.04986
149940.0,323.31320649292115,2.182690611933525,323.31320337126874,2.2160942973069786,1.9774305835034133e-08,0.5060261693302948,323.315,0.04986
150000.0,323.31320677834447,2.182575504170921,323.31320365723263,2.215972045245815,1.9771160408175126e-08,0.5059988724621651,323.315,0.04986
150060.0,323.31320706372315,2.182460414393594,323.31320394315185,2.2158498129777473,1.976801547267941e-08,0.5059715799360549,323.315,0.04986
150120.0,323.3132073490572,2.1823453425988646,323.3132042290263,2.215727600499543,1.9764871028473364e-08,0.5059442917512862,323.315,0.04986
150180.0,323.3132076343466,2.1822302887840506,323.3132045148561,2.2156054078079723,1.976172707548317e-08,0.5059170079071807,323.315,0.04986
150240.0,323.3132079195915,2.1821152529464714,323.3132048006412,2.2154832348998035,1.9758583613636904e-08,0.5058897284030601,323.315,0.04986
150300.0,323.31320820479175,2.1820002350834473,323.3132050863816,2.2153610817718064,1.9755440642860465e-08,0.5058624532382469,323.315,0.04986
150360.0,323.3132084899474,2.181885235192297,323.3132053720773,2.2152389484207515,1.975229816308115e-08,0.5058351824120627,323.315,0.04986
150420.0,323.3132087750585,2.181770253270342,323.3132056577283,2.2151168348434096,1.974915617422559e-08,0.50580791592383,323.315,0.04986
150480.0,323.313209060125,2.181655289314902,323.31320594333465,2.214994741036552,1.9746014676220013e-08,0.505780653772871,323.315,0.04986
150540.0,323.31320934514696,2.1815403433232987,323.3132062288963,2.2148726669969507,1.9742873668992444e-08,0.5057533959585082,323.315,0.04986
150600.0,323.31320963012433,2.1814254152928525,323.31320651441325,2.214750612721379,1.9739733152468873e-08,0.5057261424800639,323.315,0.04986
150660.0,323.31320991505714,2.1813105052208854,323.31320679988556,2.2146285782066086,1.9736593126576106e-08,0.505698893336861,323.315,0.04986
150720.0,323.3132101999454,2.1811956131047205,323.31320708531314,2.2145065634494143,1.9733453591241333e-08,0.5056716485282222,323.315,0.04986
150780.0,323.31321048478907,2.181080738941678,323.31320737069615,2.2143845684465693,1.9730314546391413e-08,0.5056444080534701,323.315,0.04986
150840.0,323.31321076958824,2.180965882729083,323.3132076560345,2.2142625931948485,1.972717599195296e-08,0.5056171719119278,323.315,0.04986
150900.0,323.31321105434284,2.1808510444642577,323.31320794132824,2.214140637691027,1.972403792785359e-08,0.5055899401029184,323.315,0.04986
150960.0,323.31321133905294,2.1807362241445247,323.3132082265774,2.2140187019318813,1.9720900354019577e-08,0.5055627126257647,323.315,0.04986
151020.0,323.31321162371853,2.180621421767208,323.31320851178197,2.2138967859141867,1.9717763270377975e-08,0.5055354894797902,323.315,0.04986
151080.0,323.31321190833955,2.180506637329632,323.3132087969419,2.2137748896347205,1.9714626676855394e-08,0.5055082706643181,323.315,0.04986
151140.0,323.3132121929161,2.180391870829121,323.31320908205726,2.2136530130902603,1.9711490573379496e-08,0.5054810561786719,323.315,0.04986
151200.0,323.3132124774482,2.180277122263001,323.31320936712797,2.213531156277584,1.9708354959876795e-08,0.5054538460221752,323.315,0.04986
151260.0,323.31321276193574,2.1801623916285946,323.31320965215406,2.2134093191934694,1.970521983627418e-08,0.5054266401941514,323.315,0.04986
151320.0,323.31321304637885,2.1800476789232297,323.3132099371355,2.2132875018346962,1.9702085202498675e-08,0.5053994386939243,323.315,0.04986
151380.0,323.3132133307775,2.17993298414423,323.3132102220724,2.213165704198044,1.9698951058477587e-08,0.505372241520818,323.315,0.04986
151440.0,323.3132136151316,2.1798183072889232,323.31321050696477,2.213043926280292,1.969581740413705e-08,0.5053450486741561,323.315,0.04986
151500.0,323.3132138994413,2.179703648354635,323.3132107918126,2.2129221680782214,1.969268423940523e-08,0.5053178601532626,323.315,0.04986
151560.0,323.31321418370646,2.179589007338693,323.31321107661586,2.212800429588613,1.9689551564208172e-08,0.505290675957462,323.315,0.04986
151620.0,323.31321446792714,2.179474384238424,323.31321136137456,2.2126787108082486,1.968641937847306e-08,0.5052634960860782,323.315,0.04986
151680.0,323.3132147521034,2.179359779051155,323.31321164608875,2.212557011733911,1.968328768212697e-08,0.5052363205384355,323.315,0.04986
151740.0,323.31321503623525,2.179245191774214,323.31321193075837,2.212435332362383,1.96801564750972e-08,0.5052091493138587,323.315,0.04986
151800.0,323.3132153203227,2.17913062240493,323.3132122153835,2.2123136726904473,1.9677025757310585e-08,0.505181982411672,323.315,0.04986
151860.0,323.31321560436567,2.17901607094063,323.3132124999641,2.2121920327148885,1.967389552869432e-08,0.5051548198312003,323.315,0.04986
151920.0,323.31321588836425,2.1789015373786453,323.31321278450014,2.2120704124324906,1.967076578917538e-08,0.5051276615717679,323.315,0.04986
151980.0,323.3132161723184,2.1787870217163023,323.31321306899173,2.2119488118400383,1.966763653868083e-08,0.5051005076327001,323.315,0.04986
152040.0,323.31321645622813,2.178672523950933,323.31321335343875,2.2118272309343174,1.9664507777137472e-08,0.5050733580133215,323.315,0.04986
152100.0,323.3132167400935,2.1785580440798666,323.3132136378413,2.211705669712114,1.9661379504472787e-08,0.5050462127129575,323.315,0.04986
152160.0,323.31321702391443,2.1784435821004324,323.31321392219934,2.2115841281702147,1.9658251720613515e-08,0.5050190717309329,323.315,0.04986
152220.0,323.31321730769093,2.1783291380099623,323.31321420651284,2.2114626063054064,1.965512442548689e-08,0.504991935066573,323.315,0.04986
152280.0,323.31321759142315,2.178214711805788,323.3132144907819,2.2113411041144766,1.965199761902071e-08,0.5049648027192033,323.315,0.04986
152340.0,323.3132178751109,2.1781003034852384,323.31321477500643,2.2112196215942137,1.96488713011412e-08,0.5049376746881492,323.315,0.04986
152400.0,323.3132181587544,2.1779859130456467,323.3132150591866,2.211098158741406,1.9645745471775667e-08,0.5049105509727361,323.315,0.04986
152460.0,323.3132184423535,2.177871540484344,323.31321534332227,2.2109767155528433,1.964262013085123e-08,0.5048834315722898,323.315,0.04986
152520.0,323.31321872590826,2.177757185798664,323.3132156274135,2.2108552920253146,1.9639495278295438e-08,0.5048563164861358,323.315,0.04986
152580.0,323.3132190094186,2.177642848985938,323.3132159114603,2.210733888155611,1.9636370914035196e-08,0.5048292057136002,323.315,0.04986
152640.0,323.31321929288464,2.1775285300435003,323.31321619546264,2.2106125039405238,1.963324703799746e-08,0.5048020992540089,323.315,0.04986
152700.0,323.3132195763063,2.177414228968683,323.3132164794206,2.2104911393768436,1.9630123650109798e-08,0.5047749971066878,323.315,0.04986
152760.0,323.3132198596837,2.1772999457588194,323.3132167633341,2.210369794461363,1.9627000750298973e-08,0.5047478992709633,323.315,0.04986
152820.0,323.31322014301674,2.177185680411246,323.3132170472032,2.2102484691908746,1.962387833849235e-08,0.5047208057461614,323.315,0.04986
152880.0,323.31322042630546,2.177071432923295,323.3132173310279,2.2101271635621704,1.9620756414617323e-08,0.5046937165316085,323.315,0.04986
152940.0,323.31322070954985,2.176957203292303,323.31321761480814,2.2100058775720446,1.961763497860095e-08,0.5046666316266312,323.315,0.04986
153000.0,323.31322099274996,2.1768429915156027,323.313217898544,2.209884611217291,1.9614514030370454e-08,0.5046395510305559,323.315,0.04986
153060.0,323.31322127590585,2.176728797590532,323.31321818223546,2.209763364494705,1.9611393569853428e-08,0.5046124747427093,323.315,0.04986
153120.0,323.3132215590174,2.1766146215144255,323.3132184658825,2.209642137401081,1.960827359697683e-08,0.504585402762418,323.315,0.04986
153180.0,323.3132218420847,2.1765004632846203,323.31321874948526,2.2095209299332144,1.9605154111667697e-08,0.504558335089009,323.315,0.04986
153240.0,323.3132221251077,2.176386322898451,323.3132190330436,2.2093997420879026,1.960203511385341e-08,0.5045312717218093,323.315,0.04986
153300.0,323.3132224080864,2.1762722003532557,323.31321931655754,2.209278573861942,1.959891660346129e-08,0.5045042126601457,323.315,0.04986
153360.0,323.3132226910209,2.176158095646371,323.31321960002714,2.2091574252521293,1.9595798580418965e-08,0.5044771579033457,323.315,0.04986
153420.0,323.313222973911,2.1760440087751345,323.31321988345235,2.209036296255263,1.9592681044652926e-08,0.5044501074507362,323.315,0.04986
153480.0,323.31322325675694,2.175929939736884,323.3132201668332,2.208915186868142,1.9589563996091153e-08,0.5044230613016448,323.315,0.04986
153540.0,323.3132235395587,2.175815888528958,323.3132204501698,2.2087940970875644,1.9586447434660725e-08,0.5043960194553988,323.315,0.04986
153600.0,323.31322382231616,2.175701855148695,323.31322073346206,2.20867302691033,1.958333136028896e-08,0.5043689819113258,323.315,0.04986
153660.0,323.3132241050294,2.175587839593434,323.31322101671003,2.208551976333239,1.9580215772903462e-08,0.5043419486687536,323.315,0.04986
153720.0,323.3132243876985,2.175473841860514,323.31322129991366,2.208430945353092,1.957710067243129e-08,0.5043149197270097,323.315,0.04986
153780.0,323.31322467032334,2.1753598619472747,323.313221583073,2.20830993396669,1.957398605879981e-08,0.504287895085422,323.315,0.04986
153840.0,323.31322495290397,2.175245899851056,323.31322186618803,2.208188942170834,1.957087193193635e-08,0.5042608747433187,323.315,0.04986
153900.0,323.31322523544037,2.1751319555691975,323.3132221492587,2.208067969962327,1.9567758291768244e-08,0.5042338587000277,323.315,0.04986
153960.0,323.3132255179326,2.175018029099041,323.3132224322851,2.2079470173379714,1.9564645138223425e-08,0.5042068469548769,323.315,0.04986
154020.0,323.31322580038056,2.174904120437928,323.3132227152672,2.2078260842945703,1.9561532471227914e-08,0.5041798395071948,323.315,0.04986
154080.0,323.31322608278435,2.1747902295831967,323.313222998205,2.2077051708289273,1.9558420290710466e-08,0.5041528363563098,323.315,0.04986
154140.0,323.31322636514403,2.174676356532192,323.31322328109854,2.2075842769378475,1.9555308596598165e-08,0.5041258375015504,323.315,0.04986
154200.0,323.3132266474595,2.174562501282254,323.3132235639479,2.207463402618135,1.955219738881769e-08,0.5040988429422448,323.315,0.04986
154260.0,323.3132269297308,2.1744486638307254,323.31322384675286,2.207342547866596,1.9549086667297456e-08,0.504071852677722,323.315,0.04986
154320.0,323.3132272119579,2.1743348441749495,323.3132241295137,2.207221712680035,1.954597643196426e-08,0.5040448667073106,323.315,0.04986
154380.0,323.3132274941409,2.1742210423122676,323.31322441223017,2.20710089705526,1.954286668274585e-08,0.5040178850303396,323.315,0.04986
154440.0,323.3132277762798,2.174107258240026,323.3132246949025,2.2069801009890777,1.9539757419569737e-08,0.5039909076461376,323.315,0.04986
154500.0,323.31322805837453,2.1739934919555655,323.3132249775305,2.206859324478295,1.9536648642363164e-08,0.5039639345540341,323.315,0.04986
154560.0,323.31322834042516,2.173879743456231,323.31322526011434,2.2067385675197206,1.9533540351053844e-08,0.503936965753358,323.315,0.04986
154620.0,323.31322862243167,2.1737660127393683,323.3132255426539,2.206617830110163,1.9530432545569166e-08,0.5039100012434388,323.315,0.04986
154680.0,323.31322890439407,2.1736522998023213,323.3132258251493,2.2064971122464314,1.9527325225836422e-08,0.5038830410236053,323.315,0.04986
154740.0,323.31322918631236,2.1735386046424336,323.3132261076005,2.206376413925335,1.9524218391783344e-08,0.5038560850931876,323.315,0.04986
154800.0,323.3132294681865,2.1734249272570523,323.3132263900075,2.2062557351436842,1.952111204333674e-08,0.5038291334515148,323.315,0.04986
154860.0,323.31322975001655,2.1733112676435224,323.3132266723703,2.20613507589829,1.9518006180425272e-08,0.5038021860979168,323.315,0.04986
154920.0,323.3132300318025,2.1731976257991903,323.313226954689,2.206014436185964,1.9514900802975565e-08,0.5037752430317233,323.315,0.04986
154980.0,323.3132303135443,2.1730840017214037,323.3132272369634,2.2058938160035173,1.9511795910915296e-08,0.5037483042522641,323.315,0.04986
155040.0,323.31323059524215,2.172970395407507,323.31322751919373,2.2057732153477625,1.9508691504172847e-08,0.5037213697588692,323.315,0.04986
155100.0,323.3132308768959,2.172856806854848,323.3132278013798,2.2056526342155127,1.9505587582674765e-08,0.5036944395508686,323.315,0.04986
155160.0,323.3132311585056,2.172743236060774,323.3132280835218,2.2055320726035808,1.9502484146349218e-08,0.5036675136275924,323.315,0.04986
155220.0,323.31323144007126,2.1726296830226346,323.3132283656195,2.205411530508781,1.9499381195123754e-08,0.5036405919883711,323.315,0.04986
155280.0,323.3132317215929,2.1725161477377766,323.31322864767316,2.2052910079279284,1.9496278728925718e-08,0.5036136746325348,323.315,0.04986
155340.0,323.3132320030704,2.172402630203548,323.3132289296827,2.2051705048578376,1.9493176747682426e-08,0.5035867615594142,323.315,0.04986
155400.0,323.3132322845039,2.1722891304172984,323.31322921164804,2.2050500212953237,1.9490075251321602e-08,0.5035598527683398,323.315,0.04986
155460.0,323.3132325658934,2.1721756483763777,323.3132294935693,2.204929557237204,1.948697423977136e-08,0.503532948258642,323.315,0.04986
155520.0,323.3132328472388,2.1720621840781336,323.3132297754464,2.2048091126802936,1.9483873712958676e-08,0.5035060480296517,323.315,0.04986
155580.0,323.31323312854016,2.1719487375199176,323.31323005727944,2.204688687621411,1.9480773670811367e-08,0.5034791520806998,323.315,0.04986
155640.0,323.3132334097976,2.1718353086990794,323.31323033906835,2.204568282057373,1.9477674113257625e-08,0.5034522604111173,323.315,0.04986
155700.0,323.31323369101096,2.1717218976129686,323.31323062081316,2.2044478959849987,1.9474575040224328e-08,0.5034253730202353,323.315,0.04986
155760.0,323.31323397218034,2.1716085042589377,323.31323090251385,2.204327529401106,1.947147645163961e-08,0.5033984899073847,323.315,0.04986
155820.0,323.3132342533058,2.171495128634337,323.31323118417043,2.204207182302515,1.946837834743108e-08,0.5033716110718968,323.315,0.04986
155880.0,323.31323453438716,2.1713817707365193,323.31323146578296,2.204086854686045,1.9465280727526256e-08,0.5033447365131031,323.315,0.04986
155940.0,323.31323481542466,2.171268430562834,323.31323174735144,2.203966546548516,1.9462183591853033e-08,0.503317866230335,323.315,0.04986
156000.0,323.3132350964181,2.1711551081106357,323.3132320288758,2.2038462578867497,1.9459086940339066e-08,0.5032910002229242,323.315,0.04986
156060.0,323.3132353773676,2.1710418033772756,323.31323231035617,2.2037259886975673,1.945599077291168e-08,0.5032641384902019,323.315,0.04986
156120.0,323.31323565827324,2.1709285163601075,323.3132325917925,2.2036057389777906,1.945289508949951e-08,0.5032372810315007,323.315,0.04986
156180.0,323.3132359391348,2.1708152470564848,323.3132328731847,2.203485508724242,1.944979989002875e-08,0.5032104278461514,323.315,0.04986
156240.0,323.3132362199525,2.1707019954637605,323.3132331545329,2.203365297933745,1.9446705174428777e-08,0.5031835789334868,323.315,0.04986
156300.0,323.3132365007262,2.170588761579289,323.31323343583705,2.203245106603123,1.944361094262581e-08,0.5031567342928384,323.315,0.04986
156360.0,323.313236781456,2.170475545400425,323.3132337170972,2.2031249347292006,1.9440517194548956e-08,0.5031298939235386,323.315,0.04986
156420.0,323.31323706214187,2.170362346924522,323.3132339983133,2.203004782308802,1.9437423930125506e-08,0.5031030578249197,323.315,0.04986
156480.0,323.3132373427838,2.1702491661489365,323.3132342794854,2.202884649338752,1.9434331149282725e-08,0.5030762259963141,323.315,0.04986
156540.0,323.31323762338184,2.170136003071023,323.31323456061347,2.2027645358158767,1.9431238851948994e-08,0.5030493984370539,323.315,0.04986
156600.0,323.31323790393594,2.170022857688137,323.3132348416976,2.202644441737002,1.942814703805179e-08,0.503022575146472,323.315,0.04986
156660.0,323.31323818444616,2.1699097299976344,323.31323512273764,2.202524367098955,1.94250557075189e-08,0.5029957561239008,323.315,0.04986
156720.0,323.3132384649125,2.1697966199968732,323.3132354037337,2.2024043118985626,1.942196486027864e-08,0.5029689413686732,323.315,0.04986
156780.0,323.31323874533496,2.1696835276832083,323.3132356846858,2.2022842761326533,1.9418874496257863e-08,0.5029421308801221,323.315,0.04986
156840.0,323.3132390257135,2.169570453053998,323.31323596559395,2.202164259798055,1.94157846153853e-08,0.5029153246575803,323.315,0.04986
156900.0,323.31323930604816,2.1694573961065986,323.3132362464581,2.2020442628915964,1.9412695217588403e-08,0.502888522700381,323.315,0.04986
156960.0,323.313239586339,2.1693443568383683,323.3132365272783,2.2019242854101075,1.9409606302795267e-08,0.5028617250078573,323.315,0.04986
157020.0,323.31323986658595,2.169231335246666,323.31323680805457,2.201804327350418,1.940651787093319e-08,0.5028349315793423,323.315,0.04986
157080.0,323.3132401467891,2.169118331328849,323.3132370887869,2.201684388709358,1.9403429921930293e-08,0.5028081424141698,323.315,0.04986
157140.0,323.31324042694837,2.169005345082277,323.31323736947525,2.201564469483759,1.9400342455715056e-08,0.5027813575116726,323.315,0.04986
157200.0,323.31324070706376,2.168892376504308,323.31323765011973,2.2014445696704525,1.939725547221439e-08,0.5027545768711847,323.315,0.04986
157260.0,323.3132409871354,2.1687794255923034,323.3132379307202,2.2013246892662703,1.939416897135674e-08,0.5027278004920396,323.315,0.04986
157320.0,323.3132412671631,2.168666492343621,323.3132382112769,2.2012048282680454,1.9391082953069837e-08,0.5027010283735711,323.315,0.04986
157380.0,323.3132415471471,2.168553576755621,323.3132384917896,2.201084986672611,1.9387997417281855e-08,0.5026742605151129,323.315,0.04986
157440.0,323.3132418270872,2.1684406788256663,323.31323877225833,2.2009651644768007,1.93849123639207e-08,0.5026474969159991,323.315,0.04986
157500.0,323.3132421069835,2.1683277985511156,323.31323905268323,2.2008453616774486,1.9381827792913642e-08,0.5026207375755637,323.315,0.04986
157560.0,323.31324238683607,2.1682149359293303,323.31323933306413,2.2007255782713897,1.937874370418918e-08,0.5025939824931409,323.315,0.04986
157620.0,323.3132426666448,2.168102090957672,323.31323961340115,2.200605814255459,1.9375660097675427e-08,0.5025672316680647,323.315,0.04986
157680.0,323.3132429464097,2.167989263633503,323.31323989369434,2.2004860696264923,1.9372576973299627e-08,0.5025404850996699,323.315,0.04986
157740.0,323.3132432261308,2.167876453954186,323.3132401739436,2.200366344381326,1.9369494330990378e-08,0.5025137427872904,323.315,0.04986
157800.0,323.3132435058082,2.167763661917083,323.313240454149,2.200246638516797,1.9366412170675718e-08,0.5024870047302611,323.315,0.04986
157860.0,323.3132437854418,2.1676508875195557,323.31324073431057,2.200126952029743,1.9363330492283557e-08,0.5024602709279167,323.315,0.04986
157920.0,323.31324406503165,2.1675381307589694,323.31324101442834,2.2000072849170014,1.936024929574136e-08,0.5024335413795916,323.315,0.04986
157980.0,323.31324434457775,2.167425391632687,323.3132412945022,2.199887637175411,1.9357168580977602e-08,0.502406816084621,323.315,0.04986
158040.0,323.31324462408014,2.167312670138071,323.3132415745322,2.19976800880181,1.935408834792046e-08,0.5023800950423396,323.315,0.04986
158100.0,323.31324490353876,2.167199966272488,323.3132418545184,2.199648399793039,1.9351008596497286e-08,0.5023533782520824,323.315,0.04986
158160.0,323.31324518295366,2.167087280033301,323.3132421344608,2.1995288101459374,1.934792932663677e-08,0.502326665713185,323.315,0.04986
158220.0,323.31324546232486,2.166974611417875,323.3132424143593,2.1994092398573457,1.9344850538266843e-08,0.502299957424982,323.315,0.04986
158280.0,323.31324574165234,2.166861960423576,323.31324269421407,2.1992896889241056,1.934177223131529e-08,0.5022732533868091,323.315,0.04986
158340.0,323.31324602093605,2.1667493270477696,323.31324297402494,2.199170157343058,1.9338694405709965e-08,0.5022465535980016,323.315,0.04986
158400.0,323.31324630017605,2.166636711287821,323.31324325379205,2.1990506451110456,1.9335617061379196e-08,0.5022198580578952,323.315,0.04986
158460.0,323.31324657937233,2.1665241131410973,323.31324353351533,2.1989311522249113,1.9332540198251434e-08,0.5021931667658253,323.315,0.04986
158520.0,323.31324685852485,2.1664115326049647,323.31324381319484,2.198811678681498,1.9329463816254022e-08,0.502166479721128,323.315,0.04986
158580.0,323.3132471376337,2.16629896967679,323.31324409283053,2.19869222447765,1.9326387915315755e-08,0.5021397969231388,323.315,0.04986
158640.0,323.3132474166989,2.166186424353941,323.31324437242245,2.1985727896102105,1.9323312495364406e-08,0.5021131183711935,323.315,0.04986
158700.0,323.31324769572046,2.1660738966337867,323.31324465197065,2.198453374076025,1.9320237556328288e-08,0.5020864440646288,323.315,0.04986
158760.0,323.31324797469836,2.1659613865136924,323.3132449314751,2.198333977871939,1.931716309813516e-08,0.5020597740027802,323.315,0.04986
158820.0,323.31324825363265,2.165848893991029,323.31324521093575,2.198214600994798,1.931408912071404e-08,0.5020331081849843,323.315,0.04986
158880.0,323.3132485325233,2.1657364190631636,323.3132454903527,2.1980952434414482,1.9311015623992342e-08,0.5020064466105768,323.315,0.04986
158940.0,323.3132488113702,2.1656239617274657,323.3132457697259,2.197975905208737,1.93079426078978e-08,0.501979789278895,323.315,0.04986
159000.0,323.31324909017354,2.165511521981305,323.31324604905535,2.1978565862935118,1.9304870072359535e-08,0.5019531361892748,323.315,0.04986
159060.0,323.31324936893316,2.165399099822051,323.31324632834105,2.19773728669262,1.9301798017304994e-08,0.5019264873410533,323.315,0.04986
159120.0,323.3132496476491,2.165286695247074,323.313246607583,2.197618006402911,1.929872644266216e-08,0.5018998427335668,323.315,0.04986
159180.0,323.3132499263214,2.165174308253744,323.31324688678126,2.197498745421233,1.9295655348359795e-08,0.5018732023661524,323.315,0.04986
159240.0,323.3132502049501,2.1650619388394325,323.31324716593576,2.1973795037444366,1.9292584734326213e-08,0.5018465662381467,323.315,0.04986
159300.0,323.3132504835353,2.1649495870015096,323.31324744504656,2.197260281369371,1.9289514600489387e-08,0.5018199343488872,323.315,0.04986
159360.0,323.3132507620768,2.164837252737347,323.31324772411364,2.197141078292887,1.9286444946777414e-08,0.5017933066977106,323.315,0.04986
159420.0,323.3132510405747,2.1647249360443173,323.31324800313706,2.1970218945118365,1.9283375773118783e-08,0.5017666832839545,323.315,0.04986
159480.0,323.31325131902906,2.1646126369197916,323.3132482821168,2.19690273002307,1.9280307079441605e-08,0.5017400641069559,323.315,0.04986
159540.0,323.3132515974398,2.1645003553611426,323.31324856105283,2.1967835848234407,1.9277238865673874e-08,0.5017134491660521,323.315,0.04986
159600.0,323.313251875807,2.164388091365744,323.31324883994523,2.1966644589098006,1.9274171131744556e-08,0.5016868384605813,323.315,0.04986
159660.0,323.3132521541306,2.164275844930968,323.313249118794,2.1965453522790033,1.9271103877580986e-08,0.5016602319898804,323.315,0.04986
159720.0,323.3132524324107,2.1641636160541893,323.31324939759907,2.1964262649279025,1.9268037103112344e-08,0.5016336297532874,323.315,0.04986
159780.0,323.31325271064725,2.1640514047327803,323.3132496763605,2.1963071968533527,1.926497080826651e-08,0.5016070317501402,323.315,0.04986
159840.0,323.3132529888402,2.1639392109641156,323.3132499550783,2.196188148052209,1.926190499297141e-08,0.5015804379797765,323.315,0.04986
159900.0,323.3132532669896,2.1638270347455704,323.3132502337524,2.196069118521326,1.925883965715569e-08,0.5015538484415346,323.315,0.04986
159960.0,323.31325354509545,2.16371487607452,323.31325051238287,2.19595010825756,1.9255774800747793e-08,0.5015272631347524,323.315,0.04986
160020.0,323.31325382315777,2.1636027349483378,323.3132507909696,2.195831117257768,1.9252710423675478e-08,0.5015006820587681,323.315,0.04986
160080.0,323.3132541011766,2.1634906113644012,323.3132510695129,2.1957121455188062,1.9249646525868034e-08,0.5014741052129201,323.315,0.04986
160140.0,323.3132543791519,2.1633785053200842,323.31325134801244,2.1955931930375328,1.9246583107253135e-08,0.5014475325965467,323.315,0.04986
160200.0,323.3132546570837,2.163266416812765,323.3132516264685,2.195474259810805,1.9243520167759298e-08,0.5014209642089866,323.315,0.04986
160260.0,323.31325493497195,2.1631543458398177,323.31325190488093,2.1953553458354813,1.9240457707314517e-08,0.5013944000495784,323.315,0.04986
160320.0,323.31325521281667,2.1630422923986217,323.3132521832498,2.1952364511084212,1.923739572584717e-08,0.5013678401176606,323.315,0.04986
160380.0,323.31325549061796,2.1629302564865522,323.3132524615751,2.1951175756264845,1.9234334223286675e-08,0.5013412844125721,323.315,0.04986
160440.0,323.3132557683757,2.1628182381009893,323.31325273985675,2.194998719386531,1.9231273199560304e-08,0.5013147329336518,323.315,0.04986
160500.0,323.31325604609,2.162706237239309,323.3132530180948,2.1948798823854214,1.922821265459661e-08,0.5012881856802388,323.315,0.04986
160560.0,323.3132563237608,2.1625942538988907,323.31325329628936,2.1947610646200166,1.922515258832438e-08,0.5012616426516721,323.315,0.04986
160620.0,323.3132566013881,2.162482288077113,323.31325357444024,2.1946422660871785,1.922209300067158e-08,0.5012351038472908,323.315,0.04986
160680.0,323.31325687897197,2.1623703397713534,323.31325385254763,2.194523486783769,1.9219033891567205e-08,0.5012085692664345,323.315,0.04986
160740.0,323.3132571565124,2.1622584089789925,323.3132541306114,2.194404726706652,1.9215975260939488e-08,0.5011820389084425,323.315,0.04986
160800.0,323.3132574340094,2.16214649569741,323.31325440863174,2.19428598585269,1.921291710871683e-08,0.501155512772654,323.315,0.04986
160860.0,323.313257711463,2.1620345999239854,323.31325468660845,2.194167264218746,1.9209859434827658e-08,0.5011289908584088,323.315,0.04986
160920.0,323.31325798887315,2.1619227216561,323.3132549645417,2.194048561801686,1.920680223920007e-08,0.5011024731650469,323.315,0.04986
160980.0,323.31325826623987,2.1618108608911326,323.3132552424314,2.193929878598374,1.9203745521763014e-08,0.5010759596919077,323.315,0.04986
161040.0,323.31325854356317,2.161699017626465,323.3132555202776,2.1938112146056747,1.920068928244497e-08,0.501049450438331,323.315,0.04986
161100.0,323.313258820843,2.1615871918594802,323.31325579808026,2.1936925698204552,1.9197633521174052e-08,0.5010229454036571,323.315,0.04986
161160.0,323.3132590980794,2.1614753835875566,323.31325607583943,2.193573944239581,1.919457823787888e-08,0.500996444587226,323.315,0.04986
161220.0,323.3132593752724,2.1613635928080797,323.3132563535551,2.1934553378599193,1.9191523432488377e-08,0.5009699479883779,323.315,0.04986
161280.0,323.313259652422,2.161251819518429,323.31325663122726,2.193336750678338,1.9188469104930415e-08,0.5009434556064531,323.315,0.04986
161340.0,323.3132599295282,2.1611400637159903,323.313256908856,2.1932181826917048,1.918541525513375e-08,0.500916967440792,323.315,0.04986
161400.0,323.31326020659105,2.161028325398144,323.3132571864412,2.193099633896888,1.9182361883027055e-08,0.500890483490735,323.315,0.04986
161460.0,323.3132604836105,2.160916604562275,323.313257463983,2.192981104290757,1.91793089885392e-08,0.5008640037556226,323.315,0.04986
161520.0,323.3132607605867,2.1608049012057657,323.3132577414813,2.192862593870182,1.9176256571598117e-08,0.5008375282347955,323.315,0.04986
161580.0,323.3132610375194,2.1606932153260026,323.3132580189362,2.192744102632031,1.917320463213268e-08,0.5008110569275949,323.315,0.04986
161640.0,323.3132613144088,2.160581546920368,323.3132582963476,2.192625630573177,1.9170153170071313e-08,0.5007845898333612,323.315,0.04986
161700.0,323.31326159125484,2.160469895986247,323.3132585737156,2.1925071776904894,1.9167102185342576e-08,0.5007581269514355,323.315,0.04986
161760.0,323.31326186805757,2.160358262521025,323.3132588510401,2.1923887439808403,1.9164051677875503e-08,0.5007316682811589,323.315,0.04986
161820.0,323.313262144817,2.160246646522088,323.31325912832114,2.1922703294411026,1.9161001647598595e-08,0.5007052138218726,323.315,0.04986
161880.0,323.31326242153307,2.160135047986821,323.3132594055587,2.192151934068148,1.915795209443971e-08,0.5006787635729181,323.315,0.04986
161940.0,323.3132626982058,2.1600234669126106,323.31325968275297,2.192033557858851,1.915490301832823e-08,0.5006523175336363,323.315,0.04986
162000.0,323.3132629748352,2.159911903296843,323.31325995990375,2.1919152008100844,1.915185441919249e-08,0.500625875703369,323.315,0.04986
162060.0,323.3132632514213,2.1598003571369047,323.31326023701115,2.191796862918723,1.9148806296961406e-08,0.5005994380814576,323.315,0.04986
162120.0,323.313263527964,2.159688828430183,323.3132605140752,2.1916785441816415,1.9145758651562714e-08,0.5005730046672437,323.315,0.04986
162180.0,323.3132638044635,2.159577317174066,323.3132607910958,2.191560244595715,1.914271148292611e-08,0.5005465754600694,323.315,0.04986
162240.0,323.3132640809196,2.1594658233659407,323.313261068073,2.1914419641578196,1.9139664790979602e-08,0.5005201504592766,323.315,0.04986
162300.0,323.3132643573325,2.1593543470031964,323.3132613450069,2.191323702864832,1.9136618575652196e-08,0.5004937296642066,323.315,0.04986
162360.0,323.31326463370215,2.159242888083221,323.31326162189737,2.191205460713628,1.913357283687308e-08,0.5004673130742021,323.315,0.04986
162420.0,323.3132649100285,2.1591314466034035,323.3132618987445,2.1910872377010864,1.9130527574570188e-08,0.5004409006886051,323.315,0.04986
162480.0,323.31326518631164,2.1590200225611325,323.3132621755483,2.190969033824084,1.91274827886723e-08,0.5004144925067577,323.315,0.04986
162540.0,323.31326546255144,2.1589086159537985,323.31326245230866,2.1908508490795,1.912443847910824e-08,0.5003880885280025,323.315,0.04986
162600.0,323.31326573874804,2.158797226778791,323.3132627290257,2.190732683464213,1.912139464580713e-08,0.5003616887516819,323.315,0.04986
162660.0,323.31326601490133,2.1586858550335,323.3132630056994,2.1906145369751022,1.9118351288696545e-08,0.5003352931771382,323.315,0.04986
162720.0,323.3132662910114,2.158574500715317,323.3132632823298,2.190496409609049,1.91153084077065e-08,0.5003089018037143,323.315,0.04986
162780.0,323.3132665670783,2.158463163821632,323.3132635589168,2.1903783013629323,1.9112266002765276e-08,0.500282514630753,323.315,0.04986
162840.0,323.31326684310187,2.158351844349836,323.31326383546053,2.1902602122336345,1.9109224073801588e-08,0.5002561316575967,323.315,0.04986
162900.0,323.3132671190823,2.158240542297321,323.31326411196096,2.1901421422180367,1.9106182620744225e-08,0.500229752883589,323.315,0.04986
162960.0,323.31326739501947,2.1581292576614794,323.3132643884181,2.190024091313021,1.9103141643521646e-08,0.5002033783080727,323.315,0.04986
163020.0,323.31326767091343,2.1580179904397028,323.31326466483193,2.18990605951547,1.9100101142063295e-08,0.5001770079303907,323.315,0.04986
163080.0,323.31326794676414,2.157906740629384,323.3132649412024,2.1897880468222675,1.9097061116297232e-08,0.5001506417498865,323.315,0.04986
163140.0,323.3132682225717,2.157795508227916,323.31326521752965,2.189670053230296,1.9094021566152662e-08,0.5001242797659035,323.315,0.04986
163200.0,323.31326849833613,2.157684293232692,323.3132654938136,2.189552078736441,1.9090982491558904e-08,0.5000979219777846,323.315,0.04986
163260.0,323.31326877405735,2.157573095641106,323.3132657700543,2.189434123337586,1.9087943892443936e-08,0.500071568384874,323.315,0.04986
163320.0,323.31326904973537,2.1574619154505514,323.3132660462516,2.189316187030617,1.9084905768736836e-08,0.5000452189865151,323.315,0.04986
163380.0,323.31326932537024,2.157350752658423,323.31326632240575,2.18919826981242,1.9081868120366663e-08,0.5000188737820516,323.315,0.04986
163440.0,323.313269600962,2.157239607262115,323.31326659851663,2.189080371679881,1.9078830947262125e-08,0.49999253277082706,323.315,0.04986
163500.0,323.3132698765105,2.157128479259023,323.31326687458426,2.1889624926298863,1.9075794249351874e-08,0.499966195952186,323.315,0.04986
163560.0,323.31327015201595,2.1570173686465415,323.3132671506086,2.188844632659324,1.9072758026565316e-08,0.49993986332547197,323.315,0.04986
163620.0,323.31327042747824,2.1569062754220676,323.3132674265898,2.1887267917650814,1.9069722278830735e-08,0.49991353489002927,323.315,0.04986
163680.0,323.31327070289734,2.156795199582996,323.31326770252775,2.1886089699440476,1.9066687006077465e-08,0.49988721064520225,323.315,0.04986
163740.0,323.31327097827335,2.156684141126723,323.31326797842246,2.1884911671931113,1.9063652208234116e-08,0.4998608905903351,323.315,0.04986
163800.0,323.3132712536062,2.1565731000506467,323.3132682542739,2.188373383509162,1.906061788522968e-08,0.49983457472477216,323.315,0.04986
163860.0,323.31327152889594,2.156462076352164,323.31326853008215,2.1882556188890896,1.9057584036993046e-08,0.4998082630478579,323.315,0.04986
163920.0,323.3132718041425,2.15635107002867,323.3132688058472,2.1881378733297847,1.9054550663453193e-08,0.4997819555589374,323.315,0.04986
163980.0,323.313272079346,2.1562400810775655,323.31326908156905,2.188020146828138,1.9051517764538773e-08,0.49975565225735485,323.315,0.04986
164040.0,323.3132723545064,2.156129109496246,323.3132693572477,2.187902439381041,1.9048485340179356e-08,0.4997293531424552,323.315,0.04986
164100.0,323.3132726296238,2.156018155282111,323.3132696328832,2.1877847509853856,1.9045453390303602e-08,0.4997030582135834,323.315,0.04986
164160.0,323.31327290469807,2.155907218432559,323.3132699084755,2.1876670816380646,1.904242191484017e-08,0.4996767674700847,323.315,0.04986
164220.0,323.3132731797293,2.1557962989449893,323.31327018402465,2.1875494313359707,1.9039390913718833e-08,0.4996504809113038,323.315,0.04986
164280.0,323.31327345471743,2.1556853968168017,323.31327045953054,2.1874318000759985,1.9036360386867566e-08,0.49962419853658624,323.315,0.04986
164340.0,323.3132737296625,2.155574512045396,323.31327073499335,2.187314187855041,1.9033330334215946e-08,0.49959792034527706,323.315,0.04986
164400.0,323.3132740045645,2.1554636446281714,323.313271010413,2.1871965946699934,1.903030075569273e-08,0.49957164633672163,323.315,0.04986
164460.0,323.3132742794234,2.1553527945625284,323.31327128578954,2.187079020517751,1.902727165122713e-08,0.49954537651026587,323.315,0.04986
164520.0,323.31327455423923,2.155241961845869,323.3132715611229,2.1869614653952087,1.9024243020747655e-08,0.49951911086525497,323.315,0.04986
164580.0,323.3132748290121,2.1551311464755933,323.3132718364132,2.186843929299264,1.9021214864184032e-08,0.49949284940103483,323.315,0.04986
164640.0,323.3132751037419,2.155020348449103,323.3132721116603,2.186726412226812,1.9018187181465174e-08,0.4994665921169512,323.315,0.04986
164700.0,323.31327537842867,2.1549095677637995,323.3132723868643,2.1866089141747516,1.9015159972519568e-08,0.4994403390123498,323.315,0.04986
164760.0,323.3132756530724,2.1547988044170863,323.3132726620252,2.1864914351399793,1.9012133237276962e-08,0.499414090086577,323.315,0.04986
164820.0,323.3132759276732,2.1546880584063643,323.313272937143,2.186373975119394,1.9009106975666156e-08,0.49938784533897845,323.315,0.04986
164880.0,323.313276202231,2.1545773297290367,323.31327321221767,2.1862565341098943,1.900608118761624e-08,0.4993616047689006,323.315,0.04986
164940.0,323.3132764767457,2.154466618382507,323.3132734872492,2.1861391121083793,1.9003055873055916e-08,0.49933536837568976,323.315,0.04986
165000.0,323.3132767512175,2.1543559243641797,323.3132737622377,2.1860217091117495,1.90000310319149e-08,0.4993091361586921,323.315,0.04986
165060.0,323.31327702564624,2.154245247671457,323.31327403718313,2.1859043251169052,1.899700666412203e-08,0.49928290811725423,323.315,0.04986
165120.0,323.313277300032,2.1541345883017433,323.31327431208547,2.1857869601207467,1.899398276960599e-08,0.4992566842507229,323.315,0.04986
165180.0,323.31327757437475,2.154023946252444,323.3132745869447,2.185669614120176,1.8990959348296366e-08,0.49923046455844444,323.315,0.04986
165240.0,323.3132778486746,2.153913321520963,323.3132748617609,2.185552287112094,1.898793640012254e-08,0.4992042490397658,323.315,0.04986
165300.0,323.3132781229314,2.1538027141047067,323.31327513653406,2.1854349790934045,1.898491392501307e-08,0.49917803769403396,323.315,0.04986
165360.0,323.3132783971454,2.153692124001079,323.31327541126416,2.185317690061009,1.8981891922897155e-08,0.49915183052059564,323.315,0.04986
165420.0,323.3132786713163,2.1535815512074867,323.3132756859512,2.1852004200118125,1.8978870393704592e-08,0.4991256275187981,323.315,0.04986
165480.0,323.3132789454444,2.153470995721337,323.31327596059526,2.1850831689427177,1.8975849337364037e-08,0.49909942868798834,323.315,0.04986
165540.0,323.3132792195295,2.1533604575400354,323.31327623519627,2.1849659368506296,1.897282875380476e-08,0.4990732340275138,323.315,0.04986
165600.0,323.3132794935716,2.1532499366609885,323.3132765097542,2.184848723732453,1.89698086429554e-08,0.49904704353672175,323.315,0.04986
165660.0,323.31327976757086,2.153139433081604,323.31327678426914,2.1847315295850938,1.896678900474631e-08,0.4990208572149598,323.315,0.04986
165720.0,323.3132800415272,2.1530289467992896,323.31327705874105,2.184614354405458,1.896376983910588e-08,0.4989946750615752,323.315,0.04986
165780.0,323.31328031544064,2.152918477811453,323.31327733316994,2.184497198190452,1.8960751145963593e-08,0.498968497075916,323.315,0.04986
165840.0,323.3132805893111,2.152808026115503,323.31327760755585,2.184380060936983,1.8957732925248394e-08,0.4989423232573294,323.315,0.04986
165900.0,323.31328086313874,2.152697591708848,323.3132778818988,2.1842629426419586,1.8954715176889846e-08,0.4989161536051638,323.315,0.04986
165960.0,323.3132811369234,2.152587174588896,323.31327815619875,2.184145843302287,1.895169790081672e-08,0.4988899881187668,323.315,0.04986
166020.0,323.3132814106652,2.1524767747530573,323.31327843045574,2.1840287629148767,1.894868109695864e-08,0.4988638267974866,323.315,0.04986
166080.0,323.31328168436414,2.152366392198741,323.31327870466976,2.183911701476637,1.8945664765244907e-08,0.4988376696406713,323.315,0.04986
166140.0,323.3132819580202,2.1522560269233573,323.3132789788408,2.1837946589844774,1.894264890560472e-08,0.4988115166476691,323.315,0.04986
166200.0,323.31328223163337,2.152145678924316,323.3132792529689,2.1836776354353082,1.8939633517967356e-08,0.4987853678178284,323.315,0.04986
166260.0,323.31328250520374,2.1520353481990293,323.3132795270541,2.1835606308260402,1.8936618602262078e-08,0.4987592231504976,323.315,0.04986
166320.0,323.31328277873126,2.151925034744907,323.3132798010963,2.1834436451535844,1.893360415841815e-08,0.49873308264502514,323.315,0.04986
166380.0,323.313283052216,2.1518147385593593,323.3132800750956,2.183326678414853,1.893059018636527e-08,0.49870694630075996,323.315,0.04986
166440.0,323.3132833256578,2.1517044596397996,323.3132803490519,2.1832097306067575,1.8927576686032087e-08,0.49868081411705056,323.315,0.04986
166500.0,323.3132835990568,2.1515941979836395,323.31328062296535,2.1830928017262115,1.892456365734807e-08,0.4986546860932457,323.315,0.04986
166560.0,323.3132838724129,2.1514839535882917,323.3132808968358,2.182975891770128,1.8921551100242718e-08,0.49862856222869434,323.315,0.04986
166620.0,323.3132841457262,2.151373726451168,323.3132811706633,2.1828590007354203,1.8918539014645584e-08,0.4986024425227456,323.315,0.04986
166680.0,323.3132844189967,2.1512635165696823,323.3132814444479,2.182742128619003,1.891552740048563e-08,0.4985763269747484,323.315,0.04986
166740.0,323.31328469222444,2.151153323941247,323.31328171818967,2.182625275417792,1.891251625769238e-08,0.4985502155840525,323.315,0.04986
166800.0,323.3132849654093,2.151043148563276,323.3132819918885,2.1825084411287015,1.8909505586195186e-08,0.49852410835000643,323.315,0.04986
166860.0,323.31328523855143,2.1509329904331844,323.3132822655445,2.1823916257486475,1.890649538592346e-08,0.49849800527196025,323.315,0.04986
166920.0,323.3132855116508,2.150822849548385,323.3132825391576,2.1822748292745473,1.890348565680694e-08,0.49847190634926286,323.315,0.04986
166980.0,323.3132857847074,2.1507127259062937,323.3132828127279,2.1821580517033166,1.8900476398774334e-08,0.4984458115812645,323.315,0.04986
167040.0,323.31328605772114,2.1506026195043253,323.31328308625524,2.1820412930318733,1.8897467611755713e-08,0.4984197209673144,323.315,0.04986
167100.0,323.3132863306921,2.1504925303398945,323.3132833597397,2.181924553257135,1.8894459295679655e-08,0.4983936345067628,323.315,0.04986
167160.0,323.3132866036203,2.1503824584104185,323.31328363318136,2.181807832376021,1.8891451450476336e-08,0.49836755219895895,323.315,0.04986
167220.0,323.3132868765058,2.1502724037133127,323.31328390658007,2.1816911303854494,1.8888444076074983e-08,0.49834147404325335,323.315,0.04986
167280.0,323.31328714934847,2.1501623662459926,323.31328417993603,2.1815744472823404,1.8885437172404627e-08,0.4983154000389962,323.315,0.04986
167340.0,323.3132874221484,2.150052346005875,323.31328445324914,2.181457783063613,1.888243073939545e-08,0.49828933018553734,323.315,0.04986
167400.0,323.3132876949056,2.1499423429903786,323.3132847265194,2.1813411377261893,1.8879424776976337e-08,0.498263264482227,323.315,0.04986
167460.0,323.31328796762017,2.149832357196919,323.3132849997468,2.181224511266989,1.8876419285077304e-08,0.49823720292841595,323.315,0.04986
167520.0,323.31328824029197,2.1497223886229158,323.31328527293147,2.181107903682934,1.8873414263627275e-08,0.4982111455234544,323.315,0.04986
167580.0,323.313288512921,2.1496124372657848,323.3132855460733,2.180991314970947,1.887040971255607e-08,0.49818509226669294,323.315,0.04986
167640.0,323.31328878550744,2.149502503122947,323.31328581917234,2.1808747451279498,1.8867405631793408e-08,0.4981590431574823,323.315,0.04986
167700.0,323.31328905805105,2.1493925861918193,323.3132860922285,2.1807581941508656,1.8864402021268056e-08,0.49813299819517326,323.315,0.04986
167760.0,323.31328933055204,2.149282686469821,323.31328636524194,2.1806416620366185,1.886139888091004e-08,0.49810695737911675,323.315,0.04986
167820.0,323.3132896030104,2.1491728039543725,323.3132866382126,2.1805251487821327,1.8858396210649384e-08,0.4980809207086638,323.315,0.04986
167880.0,323.313289875426,2.149062938642894,323.3132869111405,2.180408654384332,1.8855394010414448e-08,0.49805488818316507,323.315,0.04986
167940.0,323.31329014779885,2.148953090532803,323.31328718402557,2.180292178840142,1.8852392280135542e-08,0.49802885980197203,323.315,0.04986
168000.0,323.3132904201291,2.1488432596215237,323.3132874568679,2.180175722146488,1.8849391019741868e-08,0.4980028355644361,323.315,0.04986
168060.0,323.3132906924166,2.1487334459064744,323.3132877296675,2.1800592843002966,1.8846390229163246e-08,0.49797681546990824,323.315,0.04986
168120.0,323.31329096466146,2.148623649385076,323.31328800242426,2.1799428652984947,1.8843389908329066e-08,0.49795079951774024,323.315,0.04986
168180.0,323.3132912368637,2.1485138700547513,323.3132882751383,2.179826465138009,1.8840390057168908e-08,0.4979247877072834,323.315,0.04986
168240.0,323.31329150902326,2.1484041079129224,323.31328854780963,2.1797100838157677,1.8837390675612964e-08,0.4978987800378895,323.315,0.04986
168300.0,323.3132917811402,2.14829436295701,323.31328882043823,2.179593721328698,1.8834391763590207e-08,0.49787277650891043,323.315,0.04986
168360.0,323.3132920532145,2.148184635184438,323.3132890930241,2.1794773776737304,1.8831393321030187e-08,0.4978467771196978,323.315,0.04986
168420.0,323.31329232524627,2.1480749245926276,323.31328936556724,2.1793610528477925,1.8828395347863013e-08,0.4978207818696037,323.315,0.04986
168480.0,323.3132925972354,2.147965231179004,323.3132896380677,2.1792447468478153,1.8825397844018088e-08,0.49779479075798,323.315,0.04986
168540.0,323.3132928691818,2.147855554940989,323.31328991052544,2.1791284596707285,1.8822400809424886e-08,0.497768803784179,323.315,0.04986
168600.0,323.31329314108564,2.1477458958760076,323.3132901829405,2.1790121913134635,1.881940424401296e-08,0.49774282094755273,323.315,0.04986
168660.0,323.3132934129469,2.1476362539814833,323.31329045531277,2.178895941772951,1.881640814771237e-08,0.49771684224745383,323.315,0.04986
168720.0,323.3132936847655,2.147526629254841,323.31329072764237,2.1787797110461233,1.8813412520452532e-08,0.4976908676832344,323.315,0.04986
168780.0,323.31329395654154,2.1474170216935056,323.31329099992934,2.178663499129912,1.881041736216319e-08,0.49766489725424723,323.315,0.04986
168840.0,323.31329422827497,2.1473074312949016,323.3132912721736,2.17854730602125,1.880742267277361e-08,0.4976389309598448,323.315,0.04986
168900.0,323.3132944999659,2.1471978580564564,323.3132915443752,2.1784311317170717,1.880442845221435e-08,0.49761296879937983,323.315,0.04986
168960.0,323.3132947716142,2.147088301975594,323.3132918165342,2.1783149762143093,1.880143470041463e-08,0.49758701077220513,323.315,0.04986
169020.0,323.31329504321997,2.1469787630497414,323.31329208865054,2.1781988395098986,1.8798441417304277e-08,0.49756105687767366,323.315,0.04986
169080.0,323.3132953147832,2.1468692412763257,323.3132923607242,2.178082721600774,1.8795448602812647e-08,0.49753510711513843,323.315,0.04986
169140.0,323.3132955863038,2.146759736652772,323.31329263275524,2.177966622483871,1.8792456256869736e-08,0.49750916148395263,323.315,0.04986
169200.0,323.31329585778195,2.14665024917651,323.3132929047436,2.177850542156126,1.8789464379405495e-08,0.49748321998346906,323.315,0.04986
169260.0,323.3132961292175,2.1465407788449653,323.3132931766893,2.1777344806144754,1.8786472970349577e-08,0.4974572826130415,323.315,0.04986
169320.0,323.31329640061057,2.1464313256555663,323.3132934485924,2.1776184378558554,1.8783482029631457e-08,0.49743134937202316,323.315,0.04986
169380.0,323.3132966719611,2.1463218896057423,323.31329372045286,2.1775024138772046,1.878049155718091e-08,0.49740542025976753,323.315,0.04986
169440.0,323.3132969432691,2.1462124706929213,323.31329399227076,2.1773864086754595,1.8777501552928464e-08,0.4973794952756281,323.315,0.04986
169500.0,323.31329721453454,2.146103068914532,323.313294264046,2.17727042224756,1.8774512016802534e-08,0.4973535744189588,323.315,0.04986
169560.0,323.3132974857575,2.145993684268003,323.3132945357787,2.177154454590444,1.87715229487342e-08,0.49732765768911324,323.315,0.04986
169620.0,323.3132977569379,2.1458843167507657,323.3132948074689,2.1770385057010517,1.8768534348652166e-08,0.49730174508544533,323.315,0.04986
169680.0,323.31329802807585,2.145774966360249,323.3132950791164,2.176922575576323,1.876554621648734e-08,0.497275836607309,323.315,0.04986
169740.0,323.3132982991713,2.1456656330938824,323.3132953507213,2.1768066642131982,1.8762558552168684e-08,0.49724993225405856,323.315,0.04986
169800.0,323.31329857022433,2.145556316949099,323.31329562228365,2.176690771608618,1.8759571355626925e-08,0.4972240320250477,323.315,0.04986
169860.0,323.3132988412348,2.1454470179233267,323.3132958938034,2.176574897759525,1.8756584626790984e-08,0.49719813591963125,323.315,0.04986
169920.0,323.3132991122029,2.1453377360139996,323.3132961652806,2.1764590426628603,1.8753598365591362e-08,0.49717224393716325,323.315,0.04986
169980.0,323.3132993831286,2.145228471218547,323.31329643671523,2.176343206315567,1.875061257195776e-08,0.49714635607699814,323.315,0.04986
170040.0,323.3132996540117,2.1451192235344037,323.3132967081073,2.1762273887145884,1.8747627245819665e-08,0.49712047233849066,323.315,0.04986
170100.0,323.3132999248524,2.1450099929589985,323.3132969794569,2.1761115898568684,1.8744642387107522e-08,0.4970945927209953,323.315,0.04986
170160.0,323.3133001956507,2.1449007794897668,323.3132972507639,2.1759958097393506,1.8741657995751038e-08,0.49706871722386686,323.315,0.04986
170220.0,323.3133004664065,2.1447915831241406,323.31329752202845,2.17588004835898,1.8738674071679394e-08,0.4970428458464604,323.315,0.04986
170280.0,323.31330073711985,2.1446824038595524,323.31329779325046,2.1757643057127014,1.873569061482331e-08,0.4970169785881305,323.315,0.04986
170340.0,323.3133010077908,2.144573241693438,323.31329806442994,2.17564858179746,1.8732707625112842e-08,0.49699111544823255,323.315,0.04986
170400.0,323.3133012784194,2.1444640966232287,323.3132983355669,2.1755328766102022,1.8729725102477333e-08,0.4969652564261213,323.315,0.04986
170460.0,323.31330154900553,2.144354968646361,323.31329860666136,2.175417190147875,1.872674304684697e-08,0.49693940152115235,323.315,0.04986
170520.0,323.3133018195492,2.1442458577602688,323.31329887771335,2.175301522407425,1.872376145815171e-08,0.49691355073268095,323.315,0.04986
170580.0,323.31330209005057,2.144136763962387,323.3132991487228,2.175185873385801,1.872078033632143e-08,0.49688770406006233,323.315,0.04986
170640.0,323.3133023605095,2.1440276872501522,323.3132994196898,2.1750702430799502,1.871779968128634e-08,0.4968618615026522,323.315,0.04986
170700.0,323.31330263092605,2.143918627620998,323.3132996906144,2.1749546314868216,1.871481949297573e-08,0.4968360230598062,323.315,0.04986
170760.0,323.31330290130023,2.143809585072363,323.3132999614964,2.1748390386033645,1.871183977132058e-08,0.49681018873088006,323.315,0.04986
170820.0,323.313303171632,2.1437005596016814,323.31330023233596,2.174723464426529,1.870886051624997e-08,0.4967843585152294,323.315,0.04986
170880.0,323.31330344192145,2.1435915512063914,323.3133005031331,2.174607908953265,1.8705881727694383e-08,0.4967585324122103,323.315,0.04986
170940.0,323.31330371216853,2.143482559883929,323.31330077388776,2.174492372180523,1.8702903405583804e-08,0.49673271042117895,323.315,0.04986
171000.0,323.31330398237327,2.143373585631732,323.31330104459994,2.174376854105255,1.8699925549848362e-08,0.49670689254149086,323.315,0.04986
171060.0,323.3133042525356,2.1432646284472376,323.3133013152697,2.1742613547244125,1.8696948160417636e-08,0.4966810787725029,323.315,0.04986
171120.0,323.31330452265564,2.1431556883278846,323.313301585897,2.1741458740349477,1.869397123722193e-08,0.496655269113571,323.315,0.04986
171180.0,323.31330479273333,2.1430467652711105,323.31330185648187,2.174030412033813,1.8690994780191238e-08,0.4966294635640516,323.315,0.04986
171240.0,323.3133050627687,2.1429378592743555,323.3133021270244,2.173914968717962,1.8688018789255765e-08,0.49660366212330137,323.315,0.04986
171300.0,323.31330533276173,2.1428289703350583,323.31330239752447,2.1737995440843485,1.8685043264345578e-08,0.49657786479067645,323.315,0.04986
171360.0,323.3133056027124,2.142720098450657,323.3133026679822,2.1736841381299272,1.868206820539011e-08,0.49655207156553416,323.315,0.04986
171420.0,323.3133058726208,2.1426112436185925,323.31330293839756,2.173568750851652,1.8679093612320228e-08,0.4965262824472309,323.315,0.04986
171480.0,323.31330614248685,2.1425024058363045,323.31330320877055,2.1734533822464788,1.86761194850658e-08,0.4965004974351236,323.315,0.04986
171540.0,323.3133064123107,2.1423935851012343,323.3133034791011,2.1733380323113636,1.867314582355688e-08,0.4964747165285692,323.315,0.04986
171600.0,323.3133066820922,2.1422847814108215,323.3133037493892,2.1732227010432625,1.867017262772377e-08,0.49644893972692494,323.315,0.04986
171660.0,323.31330695183146,2.142175994762508,323.3133040196349,2.1731073884391328,1.8667199897496177e-08,0.4964231670295476,323.315,0.04986
171720.0,323.3133072215285,2.1420672251537356,323.3133042898383,2.172992094495932,1.866422763280481e-08,0.4963973984357949,323.315,0.04986
171780.0,323.3133074911832,2.141958472581944,323.31330455999927,2.1728768192106167,1.866125583357936e-08,0.4963716339450241,323.315,0.04986
171840.0,323.3133077607956,2.141849737044578,323.31330483011794,2.172761562580147,1.865828449974981e-08,0.49634587355659243,323.315,0.04986
171900.0,323.3133080303658,2.1417410185390784,323.3133051001942,2.1726463246014807,1.8655313631246584e-08,0.49632011726985764,323.315,0.04986
171960.0,323.3133082998937,2.1416323170628884,323.3133053702282,2.1725311052715774,1.8652343227999734e-08,0.49629436508417735,323.315,0.04986
172020.0,323.3133085693794,2.1415236326134517,323.3133056402198,2.1724159045873974,1.8649373289939706e-08,0.49626861699890945,323.315,0.04986
172080.0,323.3133088388229,2.1414149651882104,323.3133059101691,2.172300722545901,1.864640381699667e-08,0.4962428730134113,323.315,0.04986
172140.0,323.3133091082241,2.141306314784609,323.3133061800761,2.172185559144048,1.8643434809100522e-08,0.4962171331270413,323.315,0.04986
172200.0,323.31330937758304,2.141197681400093,323.31330644994074,2.172070414378801,1.8640466266181344e-08,0.49619139733915746,323.315,0.04986
172260.0,323.31330964689977,2.141089065032104,323.3133067197631,2.1719552882471223,1.863749818816971e-08,0.49616566564911757,323.315,0.04986
172320.0,323.3133099161743,2.140980465678089,323.3133069895432,2.171840180745973,1.8634530574995776e-08,0.49613993805628026,323.315,0.04986
172380.0,323.3133101854067,2.1408718833354934,323.3133072592809,2.1717250918723168,1.8631563426589748e-08,0.4961142145600036,323.315,0.04986
172440.0,323.3133104545968,2.1407633180017607,323.3133075289764,2.171610021623118,1.8628596742881453e-08,0.49608849515964604,323.315,0.04986
172500.0,323.31331072374473,2.140654769674339,323.3133077986295,2.171494969995339,1.862563052380195e-08,0.49606277985456637,323.315,0.04986
172560.0,323.31331099285046,2.140546238350673,323.3133080682404,2.1713799369859457,1.8622664769280917e-08,0.49603706864412267,323.315,0.04986
172620.0,323.313311261914,2.14043772402821,323.31330833780896,2.1712649225919027,1.8619699479248784e-08,0.4960113615276743,323.315,0.04986
172680.0,323.31331153093544,2.140329226704396,323.3133086073352,2.1711499268101755,1.8616734653635945e-08,0.49598565850457954,323.315,0.04986
172740.0,323.31331179991463,2.14022074637668,323.3133088768193,2.1710349496377295,1.8613770292372354e-08,0.4959599595741976,323.315,0.04986
172800.0,323.3133120688517,2.140112283042507,323.31330914626113,2.170919991071532,1.8610806395388635e-08,0.49593426473588736,323.315,0.04986
172860.0,323.3133123377466,2.140003836699326,323.31330941566074,2.1708050511085495,1.8607842962614616e-08,0.4959085739890078,323.315,0.04986
172920.0,323.31331260659937,2.1398954073445857,323.31330968501817,2.17069012974575,1.8604879993981105e-08,0.4958828873329184,323.315,0.04986
172980.0,323.31331287541,2.1397869949757347,323.3133099543333,2.1705752269801013,1.8601917489418463e-08,0.49585720476697814,323.315,0.04986
173040.0,323.31331314417844,2.139678599590221,323.3133102236062,2.1704603428085716,1.8598955448856535e-08,0.49583152629054666,323.315,0.04986
173100.0,323.3133134129048,2.139570221185493,323.3133104928369,2.17034547722813,1.859599387222609e-08,0.4958058519029832,323.315,0.04986
173160.0,323.31331368158897,2.1394618597590025,323.3133107620253,2.170230630235747,1.8593032759457238e-08,0.4957801816036477,323.315,0.04986
173220.0,323.313313950231,2.1393535153081986,323.3133110311715,2.170115801828391,1.8590072110480115e-08,0.4957545153918993,323.315,0.04986
173280.0,323.31331421883095,2.1392451878305305,323.3133113002755,2.1700009920030334,1.8587111925225462e-08,0.4957288532670981,323.315,0.04986
173340.0,323.3133144873888,2.139136877323449,323.3133115693373,2.1698862007566455,1.858415220362396e-08,0.4957031952286042,323.315,0.04986
173400.0,323.3133147559046,2.1390285837844063,323.3133118383569,2.1697714280861993,1.8581192945605663e-08,0.4956775412757771,323.315,0.04986
173460.0,323.3133150243783,2.138920307210853,323.31331210733435,2.169656673988666,1.8578234151100812e-08,0.495651891407977,323.315,0.04986
173520.0,323.3133152928099,2.13881204760024,323.31331237626966,2.1695419384610184,1.8575275820039636e-08,0.49562624562456425,323.315,0.04986
173580.0,323.31331556119943,2.13870380495002,323.31331264516274,2.16942722150023,1.8572317952353157e-08,0.495600603924899,323.315,0.04986
173640.0,323.31331582954687,2.138595579257644,323.3133129140137,2.169312523103274,1.8569360547971248e-08,0.49557496630834136,323.315,0.04986
173700.0,323.31331609785224,2.1384873705205667,323.31331318282247,2.169197843267125,1.8566403606824844e-08,0.49554933277425195,323.315,0.04986
173760.0,323.31331636611554,2.1383791787362387,323.3133134515891,2.169083181988757,1.8563447128843957e-08,0.4955237033219915,323.315,0.04986
173820.0,323.3133166343368,2.1382710039021156,323.31331372031366,2.168968539265146,1.8560491113958942e-08,0.4954980779509204,323.315,0.04986
173880.0,323.31331690251596,2.138162846015648,323.313313988996,2.1688539150932664,1.855753556210079e-08,0.4954724566603994,323.315,0.04986
173940.0,323.31331717065314,2.1380547050742926,323.3133142576362,2.1687393094700953,1.8554580473199643e-08,0.4954468394497894,323.315,0.04986
174000.0,323.31331743874824,2.137946581075502,323.3133145262343,2.168624722392609,1.8551625847185704e-08,0.4954212263184513,323.315,0.04986
174060.0,323.31331770680134,2.137838474016731,323.31331479479024,2.1685101538577842,1.854867168399018e-08,0.4953956172657461,323.315,0.04986
174120.0,323.3133179748124,2.137730383895436,323.31331506330406,2.1683956038625993,1.8545717983542665e-08,0.49537001229103483,323.315,0.04986
174180.0,323.31331824278146,2.1376223107090695,323.31331533177575,2.168281072404032,1.8542764745774553e-08,0.49534441139367896,323.315,0.04986
174240.0,323.3133185107085,2.1375142544550894,323.3133156002054,2.168166559479061,1.853981197061576e-08,0.49531881457303945,323.315,0.04986
174300.0,323.31331877859355,2.1374062151309516,323.3133158685929,2.1680520650846655,1.853685965799716e-08,0.49529322182847785,323.315,0.04986
174360.0,323.3133190464366,2.1372981927341117,323.31331613693834,2.167937589217825,1.8533907807849136e-08,0.49526763315935574,323.315,0.04986
174420.0,323.3133193142377,2.1371901872620267,323.31331640524166,2.16782313187552,1.8530956420102016e-08,0.4952420485650347,323.315,0.04986
174480.0,323.3133195819968,2.137082198712153,323.313316673503,2.167708693054731,1.852800549468694e-08,0.4952164680448765,323.315,0.04986
174540.0,323.3133198497139,2.1369742270819483,323.3133169417222,2.167594272752439,1.8525055031533855e-08,0.49519089159824253,323.315,0.04986
174600.0,323.31332011738897,2.13686627236887,323.31331720989937,2.1674798709656264,1.8522105030573663e-08,0.4951653192244952,323.315,0.04986
174660.0,323.3133203850221,2.1367583345703753,323.3133174780345,2.1673654876912747,1.8519155491736403e-08,0.495139750922996,323.315,0.04986
174720.0,323.31332065261324,2.136650413683924,323.3133177461276,2.167251122926367,1.8516206414953127e-08,0.49511418669310747,323.315,0.04986
174780.0,323.31332092016237,2.136542509706974,323.3133180141786,2.167136776667886,1.8513257800154303e-08,0.49508862653419133,323.315,0.04986
174840.0,323.31332118766966,2.136434622636984,323.3133182821876,2.167022448912816,1.8510309647271126e-08,0.4950630704456101,323.315,0.04986
174900.0,323.31332145513494,2.1363267524714136,323.3133185501545,2.1669081396581404,1.8507361956233293e-08,0.49503751842672605,323.315,0.04986
174960.0,323.3133217225583,2.136218899207723,323.3133188180794,2.166793848900845,1.8504414726971785e-08,0.49501197047690176,323.315,0.04986
175020.0,323.31332198993977,2.13611106284337,323.31331908596223,2.166679576637914,1.8501467959417604e-08,0.49498642659549963,323.315,0.04986
175080.0,323.3133222572793,2.136003243375818,323.3133193538031,2.166565322866334,1.8498521653500985e-08,0.49496088678188244,323.315,0.04986
175140.0,323.31332252457696,2.1358954408025257,323.3133196216019,2.1664510875830905,1.8495575809152763e-08,0.49493535103541286,323.315,0.04986
175200.0,323.31332279183266,2.1357876551209545,323.3133198893588,2.16633687078517,1.8492630426303546e-08,0.4949098193554536,323.315,0.04986
175260.0,323.3133230590465,2.1356798863285666,323.3133201570737,2.1662226724695604,1.8489685504883813e-08,0.49488429174136794,323.315,0.04986
175320.0,323.31332332621844,2.135572134422822,323.3133204247466,2.166108492633249,1.8486741044824582e-08,0.49485876819251856,323.315,0.04986
175380.0,323.3133235933485,2.135464399401184,323.31332069237754,2.1659943312732244,1.848379704605638e-08,0.4948332487082686,323.315,0.04986
175440.0,323.31332386043664,2.135356681261114,323.31332095996646,2.165880188386475,1.848085350850964e-08,0.49480773328798167,323.315,0.04986
175500.0,323.31332412748293,2.1352489800000756,323.3133212275134,2.16576606396999,1.847791043211524e-08,0.4947822219310208,323.315,0.04986
175560.0,323.31332439448727,2.1351412956155302,323.31332149501844,2.165651958020759,1.8474967816804265e-08,0.49475671463674936,323.315,0.04986
175620.0,323.31332466144977,2.135033628104943,323.31332176248145,2.165537870535773,1.8472025662506674e-08,0.4947312114045309,323.315,0.04986
175680.0,323.3133249283704,2.1349259774657776,323.3133220299025,2.165423801512022,1.8469083969153765e-08,0.49470571223372906,323.315,0.04986
175740.0,323.31332519524915,2.134818343695496,323.3133222972817,2.1653097509464976,1.8466142736676526e-08,0.49468021712370763,323.315,0.04986
175800.0,323.3133254620861,2.134710726791565,323.31332256461883,2.1651957188361917,1.8463201965004903e-08,0.49465472607383015,323.315,0.04986
175860.0,323.31332572888124,2.134603126751448,323.3133228319141,2.165081705178096,1.8460261654070486e-08,0.4946292390834607,323.315,0.04986
175920.0,323.31332599563456,2.1344955435726094,323.31332309916746,2.164967709969204,1.845732180380345e-08,0.4946037561519632,323.315,0.04986
175980.0,323.31332626234604,2.1343879772525165,323.3133233663788,2.1648537332065083,1.845438241413535e-08,0.4945782772787018,323.315,0.04986
176040.0,323.3133265290157,2.1342804277886325,323.31332363354835,2.164739774887003,1.8451443484996186e-08,0.4945528024630408,323.315,0.04986
176100.0,323.3133267956435,2.134172895178426,323.313323900676,2.1646258350076826,1.8448505016316518e-08,0.4945273317043441,323.315,0.04986
176160.0,323.3133270622295,2.1340653794193623,323.31332416776166,2.164511913565541,1.8445567008027963e-08,0.49450186500197635,323.315,0.04986
176220.0,323.3133273287737,2.1339578805089072,323.3133244348055,2.164398010557574,1.8442629460061044e-08,0.49447640235530205,323.315,0.04986
176280.0,323.3133275952761,2.1338503984445287,323.31332470180746,2.1642841259807777,1.8439692372346184e-08,0.4944509437636855,323.315,0.04986
176340.0,323.31332786173675,2.1337429332236937,323.3133249687675,2.1641702598321477,1.8436755744815257e-08,0.49442548922649154,323.315,0.04986
176400.0,323.31332812815555,2.13363548484387,323.3133252356857,2.1640564121086814,1.8433819577397747e-08,0.4944000387430849,323.315,0.04986
176460.0,323.3133283945326,2.133528053302526,323.313325502562,2.1639425828073753,1.8430883870025637e-08,0.49437459231283043,323.315,0.04986
176520.0,323.31332866086785,2.13342063859713,323.3133257693965,2.1638287719252274,1.842794862262893e-08,0.49434914993509316,323.315,0.04986
176580.0,323.31332892716136,2.1333132407251494,323.3133260361891,2.163714979459237,1.8425013835138946e-08,0.49432371160923777,323.315,0.04986
176640.0,323.3133291934131,2.1332058596840557,323.31332630293986,2.163601205406401,1.8422079507486542e-08,0.4942982773346299,323.315,0.04986
176700.0,323.3133294596231,2.133098495471316,323.3133265696487,2.1634874497637204,1.8419145639602663e-08,0.4942728471106344,323.315,0.04986
176760.0,323.31332972579133,2.1329911480844013,323.31332683631575,2.163373712528194,1.8416212231418195e-08,0.49424742093661683,323.315,0.04986
176820.0,323.3133299919179,2.1328838175207823,323.31332710294095,2.1632599936968226,1.841327928286406e-08,0.49422199881194245,323.315,0.04986
176880.0,323.3133302580027,2.1327765037779276,323.31332736952436,2.1631462932666063,1.8410346793871067e-08,0.4941965807359767,323.315,0.04986
176940.0,323.31333052404574,2.1326692068533086,323.31332763606594,2.1630326112345473,1.840741476437023e-08,0.4941711667080854,323.315,0.04986
177000.0,323.3133307900471,2.1325619267443967,323.31332790256573,2.1629189475976465,1.8404483194292274e-08,0.4941457567276342,323.315,0.04986
177060.0,323.3133310560067,2.132454663448664,323.3133281690237,2.1628053023529064,1.8401552083568196e-08,0.49412035079398886,323.315,0.04986
177120.0,323.3133313219246,2.1323474169635803,323.3133284354399,2.1626916754973298,1.8398621432129237e-08,0.49409494890651523,323.315,0.04986
177180.0,323.31333158780075,2.1322401872866186,323.3133287018143,2.1625780670279204,1.839569123990602e-08,0.4940695510645794,323.315,0.04986
177240.0,323.31333185363525,2.132132974415252,323.31332896814695,2.1624644769416816,1.8392761506829656e-08,0.4940441572675474,323.315,0.04986
177300.0,323.3133321194281,2.1320257783469527,323.3133292344378,2.162350905235618,1.8389832232831203e-08,0.4940187675147854,323.315,0.04986
177360.0,323.3133323851792,2.131918599079193,323.3133295006868,2.162237351906734,1.8386903417841538e-08,0.49399338180565966,323.315,0.04986
177420.0,323.31333265088864,2.131811436609447,323.31332976689407,2.1621238169520356,1.8383975061791834e-08,0.4939680001395366,323.315,0.04986
177480.0,323.3133329165564,2.1317042909351898,323.3133300330595,2.162010300368528,1.8381047164612816e-08,0.49394262251578275,323.315,0.04986
177540.0,323.31333318218253,2.1315971620538923,323.3133302991833,2.1618968021532163,1.837811972623574e-08,0.4939172489337647,323.315,0.04986
177600.0,323.31333344776704,2.1314900499630323,323.3133305652653,2.1617833223031093,1.8375192746591396e-08,0.4938918793928487,323.315,0.04986
177660.0,323.3133337133099,2.131382954660082,323.31333083130556,2.1616698608152127,1.8372266225611444e-08,0.49386651389240194,323.315,0.04986
177720.0,323.3133339788111,2.131275876142518,323.3133310973041,2.161556417686535,1.8369340163226243e-08,0.4938411524317914,323.315,0.04986
177780.0,323.31333424427066,2.1311688144078147,323.31333136326094,2.161442992914085,1.8366414559367138e-08,0.49381579501038336,323.315,0.04986
177840.0,323.31333450968856,2.1310617694534484,323.31333162917605,2.1613295864948703,1.8363489413964828e-08,0.4937904416275453,323.315,0.04986
177900.0,323.31333477506485,2.130954741276896,323.31333189504943,2.1612161984259006,1.8360564726950878e-08,0.4937650922826446,323.315,0.04986
177960.0,323.31333504039947,2.130847729875633,323.3133321608811,2.1611028287041867,1.8357640498255867e-08,0.4937397469750479,323.315,0.04986
178020.0,323.3133353056924,2.1307407352471355,323.313332426671,2.1609894773267375,1.8354716727811148e-08,0.49371440570412284,323.315,0.04986
178080.0,323.3133355709438,2.130633757388881,323.31333269241924,2.1608761442905644,1.8351793415548102e-08,0.4936890684692369,323.315,0.04986
178140.0,323.31333583615367,2.130526796298348,323.31333295812584,2.1607628295926786,1.8348870561397466e-08,0.4936637352697576,323.315,0.04986
178200.0,323.31333610132185,2.130419851973013,323.31333322379066,2.1606495332300923,1.8345948165290503e-08,0.4936384061050524,323.315,0.04986
178260.0,323.3133363664485,2.1303129244103554,323.3133334894139,2.160536255199817,1.834302622715843e-08,0.4936130809744891,323.315,0.04986
178320.0,323.31333663153356,2.130206013607852,323.31333375499537,2.1604229954988656,1.8340104746932183e-08,0.49358775987743553,323.315,0.04986
178380.0,323.3133368965771,2.130099119562983,323.3133340205352,2.1603097541242517,1.833718372454327e-08,0.49356244281325934,323.315,0.04986
178440.0,323.31333716157894,2.129992242273227,323.31333428603335,2.160196531072989,1.8334263159922016e-08,0.49353712978132874,323.315,0.04986
178500.0,323.31333742653925,2.129885381736063,323.31333455148996,2.1600833263420918,1.833134305300057e-08,0.49351182078101197,323.315,0.04986
178560.0,323.313337691458,2.1297785379489707,323.31333481690484,2.1599701399285745,1.8328423403709336e-08,0.4934865158116768,323.315,0.04986
178620.0,323.3133379563352,2.129671710909432,323.3133350822782,2.1598569718294525,1.8325504211980003e-08,0.49346121487269173,323.315,0.04986
178680.0,323.31333822117085,2.129564900614925,323.3133353476098,2.1597438220417415,1.832258547774338e-08,0.4934359179634251,323.315,0.04986
178740.0,323.31333848596495,2.1294581070629315,323.31333561289983,2.1596306905624583,1.8319667200931023e-08,0.49341062508324546,323.315,0.04986
178800.0,323.31333875071755,2.129351330250932,323.31333587814817,2.159517577388619,1.831674938147395e-08,0.4933853362315214,323.315,0.04986
178860.0,323.31333901542865,2.12924457017641,323.31333614335495,2.1594044825172407,1.8313832019303865e-08,0.49336005140762124,323.315,0.04986
178920.0,323.31333928009826,2.1291378268368453,323.31333640852,2.1592914059453414,1.8310915114351278e-08,0.4933347706109143,323.315,0.04986
178980.0,323.3133395447263,2.12903110022972,323.31333667364356,2.15917834766994,1.8307998666547753e-08,0.4933094938407689,323.315,0.04986
179040.0,323.3133398093128,2.128924390352517,323.3133369387255,2.1590653076880546,1.830508267582436e-08,0.49328422109655407,323.315,0.04986
179100.0,323.3133400738579,2.12881769720272,323.31333720376585,2.1589522859967047,1.830216714211269e-08,0.493258952377639,323.315,0.04986
179160.0,323.3133403383614,2.1287110207778106,323.31333746876464,2.1588392825929095,1.829925206534356e-08,0.49323368768339276,323.315,0.04986
179220.0,323.3133406028234,2.128604361075273,323.3133377337218,2.15872629747369,1.8296337445448508e-08,0.49320842701318474,323.315,0.04986
179280.0,323.313340867244,2.128497718092591,323.3133379986375,2.158613330636066,1.829342328235872e-08,0.4931831703663839,323.315,0.04986
179340.0,323.3133411316231,2.1283910918272486,323.3133382635115,2.1585003820770594,1.829050957600582e-08,0.49315791774236,323.315,0.04986
179400.0,323.31334139596066,2.1282844822767304,323.313338528344,2.158387451793692,1.8287596326320497e-08,0.49313266914048226,323.315,0.04986
179460.0,323.3133416602568,2.12817788943852,323.3133387931349,2.158274539782986,1.8284683533234547e-08,0.4931074245601205,323.315,0.04986
179520.0,323.3133419245115,2.1280713133101052,323.31333905788426,2.1581616460419637,1.828177119667933e-08,0.4930821840006442,323.315,0.04986
179580.0,323.31334218872473,2.1279647538889694,323.31333932259207,2.1580487705676483,1.827885931658597e-08,0.4930569474614234,323.315,0.04986
179640.0,323.31334245289656,2.1278582111725983,323.3133395872584,2.1579359133570644,1.827594789288569e-08,0.493031714941828,323.315,0.04986
179700.0,323.3133427170269,2.12775168515848,323.31333985188314,2.157823074407235,1.8273036925509967e-08,0.4930064864412277,323.315,0.04986
179760.0,323.3133429811158,2.1276451758440986,323.31334011646635,2.1577102537151855,1.827012641439013e-08,0.4929812619589928,323.315,0.04986
179820.0,323.3133432451633,2.127538683226942,323.3133403810081,2.1575974512779412,1.8267216359457705e-08,0.4929560414944933,323.315,0.04986
179880.0,323.3133435091694,2.127432207304497,323.31334064550833,2.1574846670925276,1.8264306760643844e-08,0.4929308250470997,323.315,0.04986
179940.0,323.313343773134,2.1273257480742522,323.31334090996705,2.1573719011559707,1.8261397617880235e-08,0.4929056126161822,323.315,0.04986
180000.0,323.3133440370572,2.1272193055336936,323.3133411743843,2.157259153465297,1.8258488931097338e-08,0.49288040420111123,323.315,0.04986
180060.0,323.3133443009391,2.1271128796803103,323.31334143876006,2.1571464240175344,1.8255580700228056e-08,0.4928551998012575,323.315,0.04986
180120.0,323.31334456477947,2.127006470511591,323.3133417030943,2.15703371280971,1.825267292520254e-08,0.4928299994159916,323.315,0.04986
180180.0,323.3133448285785,2.126900078025024,323.3133419673871,2.1569210198388524,1.824976560595305e-08,0.4928048030446841,323.315,0.04986
180240.0,323.3133450923362,2.126793702218099,323.3133422316384,2.1568083451019895,1.8246858742410153e-08,0.49277961068670606,323.315,0.04986
180300.0,323.3133453560525,2.126687343088304,323.31334249584825,2.1566956885961517,1.824395233450624e-08,0.49275442234142824,323.315,0.04986
180360.0,323.31334561972744,2.1265810006331307,323.3133427600166,2.1565830503183676,1.8241046382172255e-08,0.4927292380082219,323.315,0.04986
180420.0,323.313345883361,2.1264746748500682,323.31334302414353,2.1564704302656676,1.8238140885339482e-08,0.4927040576864577,323.315,0.04986
180480.0,323.3133461469533,2.1263683657366075,323.31334328822896,2.1563578284350826,1.8235235843940122e-08,0.49267888137550747,323.315,0.04986
180540.0,323.31334641050415,2.1262620732902393,323.313343552273,2.1562452448236438,1.8232331257904777e-08,0.49265370907474204,323.315,0.04986
180600.0,323.31334667401364,2.1261557975084546,323.3133438162756,2.1561326794283824,1.822942712716522e-08,0.492628540783533,323.315,0.04986
180660.0,323.3133469374818,2.126049538388745,323.3133440802368,2.156020132246331,1.8226523451653054e-08,0.4926033765012519,323.315,0.04986
180720.0,323.31334720090865,2.125943295928602,323.3133443441566,2.1559076032745224,1.8223620231299707e-08,0.49257821622727016,323.315,0.04986
180780.0,323.31334746429417,2.1258370701255185,323.3133446080349,2.155795092509989,1.822071746603675e-08,0.4925530599609595,323.315,0.04986
180840.0,323.3133477276383,2.1257308609769856,323.31334487187183,2.155682599949765,1.8217815155795447e-08,0.4925279077016918,323.315,0.04986
180900.0,323.3133479909412,2.125624668480497,323.31334513566736,2.1555701255908843,1.8214913300508063e-08,0.49250275944883903,323.315,0.04986
180960.0,323.31334825420277,2.125518492633546,323.3133453994215,2.1554576694303815,1.8212011900104973e-08,0.49247761520177286,323.315,0.04986
181020.0,323.31334851742304,2.1254123334336255,323.3133456631342,2.155345231465292,1.8209110954518748e-08,0.49245247495986566,323.315,0.04986
181080.0,323.31334878060204,2.1253061908782307,323.31334592680554,2.1552328116926507,1.8206210463680816e-08,0.49242733872248934,323.315,0.04986
181140.0,323.3133490437397,2.1252000649648535,323.3133461904355,2.155120410109494,1.820331042752208e-08,0.4924022064890163,323.315,0.04986
181200.0,323.3133493068361,2.12509395569099,323.31334645402404,2.155008026712859,1.820041084597448e-08,0.4923770782588189,323.315,0.04986
181260.0,323.3133495698912,2.124987863054135,323.3133467175713,2.1548956614997823,1.819751171896984e-08,0.49235195403126947,323.315,0.04986
181320.0,323.313349832905,2.124881787051782,323.3133469810772,2.154783314467301,1.8194613046439366e-08,0.49232683380574055,323.315,0.04986
181380.0,323.3133500958775,2.1247757276814285,323.31334724454166,2.1546709856124546,1.819171482831481e-08,0.49230171758160496,323.315,0.04986
181440.0,323.3133503588088,2.12466968494057,323.3133475079648,2.1545586749322805,1.818881706452784e-08,0.49227660535823525,323.315,0.04986
181500.0,323.3133506216988,2.124563658826702,323.3133477713466,2.1544463824238185,1.818591975500997e-08,0.49225149713500427,323.315,0.04986
181560.0,323.3133508845476,2.1244576493373213,323.3133480346871,2.154334108084108,1.8183022899693222e-08,0.49222639291128495,323.315,0.04986
181620.0,323.31335114735515,2.1243516564699245,323.31334829798624,2.1542218519101883,1.818012649850862e-08,0.49220129268645024,323.315,0.04986
181680.0,323.31335141012147,2.1242456802220095,323.313348561244,2.1541096138991005,1.8177230551388202e-08,0.49217619645987337,323.315,0.04986
181740.0,323.3133516728466,2.1241397205910726,323.31334882446055,2.153997394047886,1.8174335058263802e-08,0.49215110423092756,323.315,0.04986
181800.0,323.3133519355305,2.1240337775746125,323.3133490876358,2.1538851923535853,1.8171440019066608e-08,0.4921260159989861,323.315,0.04986
181860.0,323.3133521981732,2.1239278511701274,323.3133493507697,2.153773008813241,1.8168545433728765e-08,0.49210093176342196,323.315,0.04986
181920.0,323.31335246077475,2.123821941375115,323.3133496138624,2.1536608434238955,1.8165651302181882e-08,0.4920758515236092,323.315,0.04986
181980.0,323.3133527233351,2.1237160481870747,323.3133498769138,2.153548696182592,1.816275762435704e-08,0.492050775278921,323.315,0.04986
182040.0,323.3133529858541,2.123610171603506,323.31335013992384,2.153436567086374,1.8159864400186508e-08,0.4920257030287313,323.315,0.04986
182100.0,323.313353248332,2.1235043116219066,323.3133504028926,2.1533244561322853,1.8156971629601935e-08,0.4920006347724137,323.315,0.04986
182160.0,323.3133535107687,2.1233984682397775,323.31335066582005,2.153212363317371,1.8154079312534697e-08,0.49197557050934204,323.315,0.04986
182220.0,323.3133537731642,2.1232926414546194,323.3133509287062,2.153100288638676,1.815118744891667e-08,0.4919505102388903,323.315,0.04986
182280.0,323.31335403551844,2.123186831263932,323.31335119155113,2.1529882320932447,1.8148296038679567e-08,0.49192545396043263,323.315,0.04986
182340.0,323.3133542978316,2.1230810376652176,323.3133514543548,2.152876193678124,1.8145405081755572e-08,0.49190040167334315,323.315,0.04986
182400.0,323.3133545601036,2.1229752606559753,323.31335171711726,2.1527641733903606,1.8142514578076064e-08,0.49187535337699595,323.315,0.04986
182460.0,323.3133548223345,2.1228695002337075,323.31335197983844,2.1526521712270004,1.8139624527573305e-08,0.49185030907076543,323.315,0.04986
182520.0,323.3133550845242,2.1227637563959174,323.3133522425184,2.1525401871850915,1.8136734930178287e-08,0.4918252687540261,323.315,0.04986
182580.0,323.3133553466728,2.122658029140105,323.3133525051571,2.152428221261682,1.8133845785823454e-08,0.49180023242615245,323.315,0.04986
182640.0,323.31335560878017,2.1225523184637733,323.3133527677546,2.15231627345382,1.813095709443967e-08,0.49177520008651904,323.315,0.04986
182700.0,323.31335587084646,2.122446624364426,323.31335303031096,2.152204343758554,1.8128068855960066e-08,0.4917501717345004,323.315,0.04986
182760.0,323.31335613287166,2.1223409468395653,323.3133532928261,2.152092432172934,1.812518107031522e-08,0.4917251473694717,323.315,0.04986
182820.0,323.3133563948557,2.1222352858866955,323.3133535553,2.1519805386940094,1.8122293737437765e-08,0.4917001269908076,323.315,0.04986
182880.0,323.31335665679865,2.122129641503319,323.3133538177327,2.1518686633188313,1.8119406857259112e-08,0.49167511059788305,323.315,0.04986
182940.0,323.3133569187005,2.122024013686942,323.31335408012427,2.15175680604445,1.8116520429711423e-08,0.49165009819007344,323.315,0.04986
183000.0,323.3133571805613,2.1219184024350666,323.31335434247455,2.151644966867918,1.8113634454726533e-08,0.4916250897667536,323.315,0.04986
183060.0,323.31335744238095,2.121812807745199,323.3133546047837,2.1515331457862854,1.8110748932235765e-08,0.4916000853272989,323.315,0.04986
183120.0,323.3133577041595,2.1217072296148443,323.3133548670516,2.1514213427966062,1.8107863862171234e-08,0.4915750848710848,323.315,0.04986
183180.0,323.313357965897,2.1216016680415084,323.3133551292784,2.1513095578959325,1.81049792444653e-08,0.4915500883974866,323.315,0.04986
183240.0,323.3133582275935,2.1214961230226965,323.31335539146403,2.151197791081318,1.810209507904955e-08,0.49152509590588,323.315,0.04986
183300.0,323.31335848924886,2.1213905945559155,323.3133556536085,2.151086042349816,1.8099211365855338e-08,0.49150010739564065,323.315,0.04986
183360.0,323.31335875086313,2.1212850826386713,323.31335591571184,2.150974311698481,1.8096328104815474e-08,0.49147512286614414,323.315,0.04986
183420.0,323.31335901243636,2.12117958726847,323.31335617777404,2.150862599124368,1.809344529586121e-08,0.4914501423167664,323.315,0.04986
183480.0,323.31335927396856,2.12107410844282,323.31335643979514,2.1507509046245326,1.809056293892478e-08,0.4914251657468834,323.315,0.04986
183540.0,323.31335953545977,2.1209686461592288,323.31335670177504,2.1506392281960296,1.8087681033937974e-08,0.49140019315587113,323.315,0.04986
183600.0,323.3133597969099,2.1208632004152035,323.3133569637139,2.1505275698359156,1.8084799580832566e-08,0.49137522454310556,323.315,0.04986
183660.0,323.31336005831895,2.120757771208252,323.3133572256115,2.1504159295412477,1.808191857954109e-08,0.4913502599079632,323.315,0.04986
183720.0,323.31336031968704,2.1206523585358834,323.3133574874681,2.150304307309083,1.8079038029994543e-08,0.4913252992498201,323.315,0.04986
183780.0,323.31336058101414,2.120546962395606,323.31335774928357,2.150192703136479,1.8076157932125847e-08,0.49130034256805266,323.315,0.04986
183840.0,323.31336084230014,2.1204415827849292,323.31335801105797,2.1500811170204943,1.8073278285866623e-08,0.49127538986203767,323.315,0.04986
183900.0,323.3133611035452,2.120336219701363,323.3133582727912,2.149969548958188,1.807039909114876e-08,0.49125044113115135,323.315,0.04986
183960.0,323.31336136474926,2.1202308731424164,323.3133585344834,2.149857998946619,1.8067520347904343e-08,0.4912254963747706,323.315,0.04986
184020.0,323.31336162591225,2.1201255431056003,323.31335879613454,2.149746466982847,1.806464205606496e-08,0.49120055559227227,323.315,0.04986
184080.0,323.3133618870343,2.120020229588424,323.31335905774455,2.149634953063932,1.8061764215563368e-08,0.4911756187830328,323.315,0.04986
184140.0,323.3133621481154,2.1199149325884,323.3133593193135,2.1495234571869357,1.8058886826331088e-08,0.4911506859464297,323.315,0.04986
184200.0,323.3133624091555,2.1198096521030383,323.3133595808414,2.149411979348918,1.805600988830056e-08,0.49112575708183936,323.315,0.04986
184260.0,323.3133626701546,2.1197043881298505,323.3133598423282,2.149300519546942,1.8053133401403142e-08,0.49110083218863965,323.315,0.04986
184320.0,323.3133629311128,2.119599140666348,323.313360103774,2.1491890777780687,1.805025736557153e-08,0.49107591126620753,323.315,0.04986
184380.0,323.31336319203007,2.1194939097100445,323.3133603651787,2.149077654039361,1.804738178073766e-08,0.4910509943139202,323.315,0.04986
184440.0,323.31336345290634,2.1193886952584506,323.3133606265424,2.148966248327882,1.8044506646833334e-08,0.4910260813311553,323.315,0.04986
184500.0,323.3133637137417,2.1192834973090804,323.3133608878651,2.148854860640695,1.8041631963790647e-08,0.4910011723172902,323.315,0.04986
184560.0,323.3133639745361,2.119178315859446,323.3133611491468,2.148743490974865,1.8038757731542164e-08,0.49097626727170246,323.315,0.04986
184620.0,323.3133642352896,2.1190731509070613,323.3133614103875,2.1486321393274554,1.8035883950019226e-08,0.49095136619377,323.315,0.04986
184680.0,323.3133644960022,2.1189680024494404,323.31336167158713,2.148520805695532,1.803301061915451e-08,0.4909264690828705,323.315,0.04986
184740.0,323.3133647566738,2.1188628704840973,323.31336193274575,2.148409490076161,1.8030137738879725e-08,0.4909015759383819,323.315,0.04986
184800.0,323.31336501730453,2.118757755008547,323.31336219386344,2.1482981924664077,1.8027265309127326e-08,0.4908766867596823,323.315,0.04986
184860.0,323.3133652778943,2.118652656020303,323.3133624549401,2.148186912863339,1.8024393329829424e-08,0.4908518015461494,323.315,0.04986
184920.0,323.3133655384432,2.1185475735168824,323.3133627159757,2.1480756512640222,1.8021521800917427e-08,0.4908269202971617,323.315,0.04986
184980.0,323.31336579895117,2.118442507495798,323.3133629769704,2.147964407665525,1.801865072232447e-08,0.4908020430120975,323.315,0.04986
185040.0,323.31336605941823,2.118337457954568,323.3133632379241,2.1478531820649143,1.8015780093982246e-08,0.49077716969033525,323.315,0.04986
185100.0,323.3133663198445,2.1182324248907074,323.3133634988368,2.1477419744592594,1.8012909915823062e-08,0.490752300331253,323.315,0.04986
185160.0,323.3133665802298,2.118127408301733,323.3133637597085,2.1476307848456297,1.8010040187779207e-08,0.49072743493422966,323.315,0.04986
185220.0,323.3133668405743,2.118022408185161,323.3133640205393,2.147519613221094,1.8007170909782698e-08,0.49070257349864366,323.315,0.04986
185280.0,323.3133671008779,2.1179174245385086,323.31336428132914,2.1474084595827225,1.80043020817655e-08,0.49067771602387406,323.315,0.04986
185340.0,323.3133673611407,2.1178124573592942,323.31336454207803,2.1472973239275857,1.8001433703660375e-08,0.4906528625092993,323.315,0.04986
185400.0,323.3133676213626,2.1177075066450346,323.31336480278605,2.1471862062527545,1.7998565775398754e-08,0.4906280129542986,323.315,0.04986
185460.0,323.31336788154374,2.117602572393248,323.3133650634531,2.1470751065553,1.7995698296913964e-08,0.49060316735825077,323.315,0.04986
185520.0,323.313368141684,2.117497654601454,323.31336532407926,2.1469640248322954,1.7992831268137266e-08,0.4905783257205351,323.315,0.04986
185580.0,323.3133684017834,2.1173927532671692,323.31336558466455,2.146852961080812,1.7989964689001047e-08,0.49055348804053084,323.315,0.04986
185640.0,323.313368661842,2.1172878683879146,323.3133658452088,2.146741915297923,1.798709855943754e-08,0.49052865431761716,323.315,0.04986
185700.0,323.31336892185976,2.1171829999612095,323.3133661057122,2.146630887480702,1.798423287937957e-08,0.49050382455117353,323.315,0.04986
185760.0,323.3133691818367,2.1170781479845733,323.3133663661747,2.1465198776262224,1.798136764875886e-08,0.4904789987405794,323.315,0.04986
185820.0,323.31336944177286,2.116973312455526,323.31336662659623,2.1464088857315593,1.797850286750775e-08,0.49045417688521414,323.315,0.04986
185880.0,323.3133697016682,2.1168684933715882,323.31336688697695,2.1462979117937873,1.79756385355584e-08,0.49042935898445783,323.315,0.04986
185940.0,323.3133699615227,2.1167636907302807,323.31336714731674,2.1461869558099815,1.7972774652843337e-08,0.49040454503769004,323.315,0.04986
186000.0,323.31337022133647,2.1166589045291246,323.31336740761566,2.146076017777218,1.7969911219294963e-08,0.49037973504429055,323.315,0.04986
186060.0,323.3133704811094,2.116554134765641,323.3133676678737,2.145965097692573,1.7967048234845407e-08,0.4903549290036398,323.315,0.04986
186120.0,323.31337074084166,2.116449381437352,323.3133679280909,2.1458541955531234,1.796418569942716e-08,0.490330126915117,323.315,0.04986
186180.0,323.3133710005331,2.1163446445417797,323.31336818826725,2.1457433113559463,1.7961323612972523e-08,0.4903053287781029,323.315,0.04986
186240.0,323.31337126018377,2.1162399240764467,323.31336844840274,2.14563244509812,1.795846197541331e-08,0.4902805345919778,323.315,0.04986
186300.0,323.3133715197937,2.116135220038875,323.31336870849736,2.1455215967767223,1.7955600786682512e-08,0.4902557443561216,323.315,0.04986
186360.0,323.3133717793629,2.1160305324265885,323.3133689685512,2.1454107663888324,1.7952740046712754e-08,0.49023095806991507,323.315,0.04986
186420.0,323.3133720388914,2.115925861237111,323.31336922856417,2.145299953931529,1.794987975543518e-08,0.49020617573273867,323.315,0.04986
186480.0,323.3133722983791,2.115821206467964,323.3133694885363,2.1451891594018924,1.794701991278328e-08,0.4901813973439728,323.315,0.04986
186540.0,323.313372557826,2.1157165681166736,323.31336974846766,2.1450783827970024,1.79441605186888e-08,0.4901566229029985,323.315,0.04986
186600.0,323.3133728172322,2.1156119461807643,323.31337000835816,2.1449676241139395,1.79413015730841e-08,0.49013185240919627,323.315,0.04986
186660.0,323.3133730765977,2.1155073406577607,323.3133702682079,2.1448568833497856,1.793844307590229e-08,0.4901070858619471,323.315,0.04986
186720.0,323.3133733359224,2.1154027515451865,323.3133705280168,2.1447461605016223,1.7935585027074772e-08,0.49008232326063206,323.315,0.04986
186780.0,323.31337359520643,2.115298178840569,323.3133707877849,2.144635455566531,1.7932727426534765e-08,0.4900575646046321,323.315,0.04986
186840.0,323.3133738544497,2.115193622541433,323.3133710475122,2.144524768541595,1.7929870274214453e-08,0.49003280989332865,323.315,0.04986
186900.0,323.3133741136524,2.115089082645305,323.31337130719874,2.1444140994238974,1.79270135700465e-08,0.49000805912610257,323.315,0.04986
186960.0,323.31337437281434,2.114984559149711,323.3133715668445,2.144303448210522,1.792415731396284e-08,0.48998331230233555,323.315,0.04986
187020.0,323.3133746319357,2.114880052052179,323.31337182644955,2.1441928148985525,1.792130150589659e-08,0.48995856942140886,323.315,0.04986
187080.0,323.31337489101634,2.1147755613502337,323.31337208601377,2.1440821994850743,1.791844614577971e-08,0.4899338304827041,323.315,0.04986
187140.0,323.3133751500563,2.114671087041404,323.31337234553723,2.1439716019671713,1.791559123354458e-08,0.4899090954856031,323.315,0.04986
187200.0,323.3133754090556,2.1145666291232166,323.31337260501994,2.1438610223419294,1.7912736769124437e-08,0.4898843644294873,323.315,0.04986
187260.0,323.3133756680142,2.114462187593202,323.3133728644619,2.1437504606064355,1.7909882752450835e-08,0.4898596373137386,323.315,0.04986
187320.0,323.3133759269322,2.1143577624488854,323.31337312386313,2.143639916757775,1.790702918345698e-08,0.48983491413773883,323.315,0.04986
187380.0,323.31337618580955,2.114253353687797,323.31337338322356,2.1435293907930353,1.7904176062074693e-08,0.4898101949008704,323.315,0.04986
187440.0,323.3133764446462,2.1141489613074675,323.3133736425433,2.1434188827093044,1.7901323388236955e-08,0.48978547960251495,323.315,0.04986
187500.0,323.3133767034423,2.1140445853054235,323.31337390182233,2.1433083925036702,1.789847116187614e-08,0.48976076824205494,323.315,0.04986
187560.0,323.3133769621977,2.1139402256791966,323.3133741610606,2.1431979201732205,1.7895619382924998e-08,0.4897360608188726,323.315,0.04986
187620.0,323.3133772209124,2.113835882426316,323.31337442025824,2.143087465715045,1.7892768051315475e-08,0.48971135733235027,323.315,0.04986
187680.0,323.31337747958656,2.1137315555443124,323.3133746794151,2.142977029126233,1.7889917166981038e-08,0.4896866577818707,323.315,0.04986
187740.0,323.3133777382201,2.1136272450307168,323.3133749385313,2.1428666104038743,1.7887066729853494e-08,0.4896619621668158,323.315,0.04986
187800.0,323.3133779968131,2.11352295088306,323.3133751976069,2.1427562095450594,1.7884216739866176e-08,0.489637270486569,323.315,0.04986
187860.0,323.3133782553654,2.113418673098873,323.3133754566417,2.142645826546879,1.7881367196950825e-08,0.48961258274051256,323.315,0.04986
187920.0,323.3133785138772,2.113314411675688,323.31337571563597,2.142535461406425,1.7878518101040475e-08,0.4895878989280295,323.315,0.04986
187980.0,323.3133787723484,2.1132101666110366,323.3133759745895,2.1424251141207886,1.787566945206781e-08,0.4895632190485028,323.315,0.04986
188040.0,323.313379030779,2.1131059379024517,323.3133762335023,2.1423147846870627,1.7872821249965054e-08,0.4895385431013154,323.315,0.04986
188100.0,323.31337928916906,2.1130017255474653,323.3133764923745,2.1422044731023395,1.786997349466539e-08,0.4895138710858503,323.315,0.04986
188160.0,323.3133795475186,2.112897529543611,323.313376751206,2.1420941793637134,1.786712618610101e-08,0.4894892030014912,323.315,0.04986
188220.0,323.3133798058275,2.112793349888422,323.3133770099968,2.141983903468277,1.786427932420439e-08,0.48946453884762087,323.315,0.04986
188280.0,323.31338006409584,2.1126891865794324,323.313377268747,2.141873645413125,1.786143290890869e-08,0.48943987862362304,323.315,0.04986
188340.0,323.31338032232367,2.112585039614175,323.31337752745657,2.141763405195353,1.7858586940146192e-08,0.4894152223288811,323.315,0.04986
188400.0,323.3133805805109,2.112480908990186,323.3133777861255,2.1416531828120555,1.7855741417849547e-08,0.4893905699627787,323.315,0.04986
188460.0,323.3133808386576,2.112376794704999,323.3133780447538,2.1415429782603286,1.7852896341951705e-08,0.48936592152469943,323.315,0.04986
188520.0,323.31338109676375,2.1122726967561487,323.3133783033415,2.141432791537268,1.7850051712385017e-08,0.48934127701402724,323.315,0.04986
188580.0,323.31338135482935,2.1121686151411714,323.31337856188856,2.1413226226399713,1.784720752908222e-08,0.4893166364301458,323.315,0.04986
188640.0,323.31338161285447,2.1120645498576023,323.3133788203951,2.1412124715655345,1.784436379197617e-08,0.4892919997724392,323.315,0.04986
188700.0,323.3133818708391,2.1119605009029767,323.313379078861,2.141102338311056,1.7841520500999872e-08,0.4892673670402912,323.315,0.04986
188760.0,323.31338212878325,2.1118564682748318,323.31337933728634,2.140992222873634,1.7838677656085666e-08,0.4892427382330867,323.315,0.04986
188820.0,323.31338238668695,2.1117524519707045,323.3133795956711,2.1408821252503665,1.7835835257166408e-08,0.48921811335020915,323.315,0.04986
188880.0,323.3133826445501,2.111648451988131,323.3133798540153,2.140772045438353,1.7832993304174593e-08,0.4891934923910433,323.315,0.04986
188940.0,323.3133829023728,2.1115444683246496,323.31338011231884,2.140661983434694,1.783015179704318e-08,0.48916887535497333,323.315,0.04986
189000.0,323.3133831601549,2.111440500977797,323.31338037058185,2.140551939236488,1.782731073570455e-08,0.4891442622413841,323.315,0.04986
189060.0,323.3133834178966,2.1113365499451113,323.3133806288043,2.1404419128408367,1.782447012009225e-08,0.4891196530496599,323.315,0.04986
189120.0,323.3133836755978,2.1112326152241314,323.31338088698607,2.1403319042448414,1.782162995013804e-08,0.4890950477791859,323.315,0.04986
189180.0,323.31338393325854,2.111128696812396,323.3133811451274,2.1402219134456026,1.7818790225775436e-08,0.4890704464293463,323.315,0.04986
189240.0,323.3133841908788,2.1110247947074434,323.3133814032281,2.140111940440223,1.7815950946937042e-08,0.4890458489995261,323.315,0.04986
189300.0,323.31338444845863,2.110920908906813,323.31338166128836,2.140001985225805,1.7813112113555627e-08,0.48902125548911074,323.315,0.04986
189360.0,323.31338470599803,2.1108170394080457,323.3133819193081,2.139892047799452,1.781027372556373e-08,0.48899666589748475,323.315,0.04986
189420.0,323.313384963497,2.11071318620868,323.31338217728734,2.139782128158267,1.7807435782895065e-08,0.4889720802240338,323.315,0.04986
189480.0,323.3133852209556,2.110609349306257,323.313382435226,2.139672226299354,1.780459828548152e-08,0.48894749846814284,323.315,0.04986
189540.0,323.3133854783737,2.110505528698317,323.31338269312414,2.139562342219817,1.7801761233256263e-08,0.4889229206291973,323.315,0.04986
189600.0,323.3133857357513,2.1104017243824007,323.3133829509818,2.1394524759167615,1.779892462615188e-08,0.4888983467065827,323.315,0.04986
189660.0,323.31338599308856,2.1102979363560506,323.3133832087989,2.139342627387293,1.7796088464101555e-08,0.4888737766996845,323.315,0.04986
189720.0,323.3133862503854,2.110194164616807,323.3133834665755,2.1392327966285167,1.7793252747038157e-08,0.48884921060788833,323.315,0.04986
189780.0,323.3133865076419,2.110090409162212,323.3133837243116,2.13912298363754,1.7790417474894372e-08,0.48882464843057993,323.315,0.04986
189840.0,323.31338676485797,2.1099866699898087,323.3133839820073,2.1390131884114685,1.7787582647603327e-08,0.4888000901671452,323.315,0.04986
189900.0,323.3133870220336,2.109882947097139,323.3133842396625,2.1389034109474103,1.7784748265097406e-08,0.48877553581696986,323.315,0.04986
189960.0,323.3133872791689,2.109779240481747,323.31338449727724,2.138793651242473,1.7781914327310166e-08,0.4887509853794402,323.315,0.04986
190020.0,323.3133875362638,2.1096755501411737,323.31338475485154,2.138683909293765,1.7779080834173964e-08,0.4887264388539421,323.315,0.04986
190080.0,323.3133877933183,2.109571876072965,323.3133850123854,2.1385741850983955,1.777624778562207e-08,0.4887018962398619,323.315,0.04986
190140.0,323.3133880503325,2.109468218274663,323.3133852698788,2.138464478653473,1.7773415181586992e-08,0.48867735753658564,323.315,0.04986
190200.0,323.3133883073063,2.109364576743814,323.3133855273317,2.1383547899561077,1.7770583022002416e-08,0.48865282274349986,323.315,0.04986
190260.0,323.31338856423974,2.109260951477961,323.3133857847442,2.13824511900341,1.776775130680037e-08,0.4886282918599911,323.315,0.04986
190320.0,323.31338882113283,2.10915734247465,323.3133860421162,2.1381354657924905,1.776492003591419e-08,0.4886037648854458,323.315,0.04986
190380.0,323.31338907798556,2.109053749731425,323.31338629944776,2.1380258303204602,1.776208920927721e-08,0.48857924181925066,323.315,0.04986
190440.0,323.313389334798,2.108950173245833,323.313386556739,2.13791621258443,1.775925882682182e-08,0.48855472266079253,323.315,0.04986
190500.0,323.3133895915701,2.1088466130154186,323.3133868139897,2.1378066125815134,1.7756428888481513e-08,0.4885302074094582,323.315,0.04986
190560.0,323.3133898483019,2.108743069037729,323.3133870712001,2.137697030308822,1.775359939418868e-08,0.4885056960646343,323.315,0.04986
190620.0,323.31339010499335,2.1086395413103105,323.3133873283701,2.137587465763469,1.775077034387712e-08,0.48848118862570833,323.315,0.04986
190680.0,323.31339036164445,2.1085360298307094,323.3133875854997,2.1374779189425683,1.774794173747881e-08,0.4884566850920671,323.315,0.04986
190740.0,323.3133906182553,2.1084325345964743,323.31338784258884,2.137368389843234,1.774511357492785e-08,0.488432185463098,323.315,0.04986
190800.0,323.31339087482587,2.108329055605152,323.3133880996376,2.137258878462581,1.774228585615638e-08,0.48840768973818816,323.315,0.04986
190860.0,323.3133911313561,2.10822559285429,323.31338835664604,2.137149384797723,1.77394585810978e-08,0.48838319791672496,323.315,0.04986
190920.0,323.3133913878461,2.1081221463414366,323.31338861361405,2.1370399088457765,1.7736631749685416e-08,0.48835870999809605,323.315,0.04986
190980.0,323.3133916442958,2.1080187160641417,323.31338887054164,2.136930450603858,1.7733805361851693e-08,0.4883342259816889,323.315,0.04986
191040.0,323.3133919007052,2.1079153020199524,323.31338912742893,2.1368210100690828,1.7730979417529967e-08,0.48830974586689135,323.315,0.04986
191100.0,323.31339215707436,2.107811904206419,323.3133893842759,2.136711587238569,1.772815391665371e-08,0.488285269653091,323.315,0.04986
191160.0,323.3133924134032,2.10770852262109,323.3133896410825,2.1366021821094336,1.7725328859155332e-08,0.4882607973396755,323.315,0.04986
191220.0,323.31339266969184,2.107605157261517,323.31338989784877,2.1364927946787944,1.772250424496825e-08,0.4882363289260333,323.315,0.04986
191280.0,323.3133929259402,2.1075018081252495,323.3133901545747,2.1363834249437694,1.7719680074025713e-08,0.488211864411552,323.315,0.04986
191340.0,323.3133931821483,2.1073984752098367,323.31339041126023,2.136274072901478,1.771685634625987e-08,0.48818740379562,323.315,0.04986
191400.0,323.31339343831615,2.107295158512831,323.31339066790554,2.1361647385490388,1.7714033061605116e-08,0.48816294707762553,323.315,0.04986
191460.0,323.3133936944438,2.1071918580317837,323.3133909245105,2.1360554218835723,1.7711210219994242e-08,0.48813849425695666,323.315,0.04986
191520.0,323.31339395053124,2.107088573764244,323.3133911810752,2.1359461229021988,1.7708387821359805e-08,0.488114045333002,323.315,0.04986
191580.0,323.31339420657844,2.1069853057077674,323.31339143759953,2.135836841602038,1.7705565865635498e-08,0.4880896003051501,323.315,0.04986
191640.0,323.3133944625854,2.106882053859904,323.3133916940836,2.1357275779802127,1.7702744352754207e-08,0.4880651591727894,323.315,0.04986
191700.0,323.31339471855216,2.1067788182182055,323.3133919505273,2.135618332033844,1.7699923282648987e-08,0.4880407219353085,323.315,0.04986
191760.0,323.3133949744788,2.1066755987802273,323.31339220693076,2.135509103760054,1.7697102655254016e-08,0.48801628859209645,323.315,0.04986
191820.0,323.3133952303652,2.1065723955435196,323.31339246329395,2.1353998931559657,1.769428247050092e-08,0.48799185914254223,323.315,0.04986
191880.0,323.3133954862114,2.1064692085056382,323.31339271961684,2.1352907002187016,1.7691462728323792e-08,0.4879674335860344,323.315,0.04986
191940.0,323.3133957420174,2.1063660376641353,323.3133929758995,2.1351815249453865,1.768864342865577e-08,0.4879430119219621,323.315,0.04986
192000.0,323.3133959977833,2.1062628830165666,323.3133932321419,2.1350723673331435,1.7685824571429765e-08,0.48791859414971467,323.315,0.04986
192060.0,323.313396253509,2.106159744560486,323.313393488344,2.1349632273790977,1.7683006156579472e-08,0.4878941802686813,323.315,0.04986
192120.0,323.3133965091945,2.1060566222934485,323.3133937445059,2.1348541050803744,1.768018818403729e-08,0.4878697702782512,323.315,0.04986
192180.0,323.31339676483987,2.105953516213008,323.31339400062757,2.1347450004340986,1.7677370653737212e-08,0.4878453641778139,323.315,0.04986
192240.0,323.3133970204451,2.1058504263167217,323.313394256709,2.1346359134373967,1.7674553565612548e-08,0.48782096196675895,323.315,0.04986
192300.0,323.31339727601016,2.105747352602144,323.3133945127501,2.134526844087395,1.767173691959579e-08,0.4877965636444757,323.315,0.04986
192360.0,323.31339753153503,2.1056442950668313,323.31339476875104,2.1344177923812206,1.766892071562067e-08,0.48777216921035416,323.315,0.04986
192420.0,323.31339778701977,2.10554125370834,323.31339502471167,2.134308758316001,1.7666104953620044e-08,0.4877477786637841,323.315,0.04986
192480.0,323.3133980424644,2.1054382285242284,323.3133952806321,2.134199741888864,1.7663289633527924e-08,0.4877233920041554,323.315,0.04986
192540.0,323.3133982978689,2.1053352195120514,323.3133955365124,2.134090743096938,1.766047475527671e-08,0.4876990092308579,323.315,0.04986
192600.0,323.3133985532333,2.1052322266693686,323.3133957923525,2.1339817619373522,1.7657660318800794e-08,0.48767463034328157,323.315,0.04986
192660.0,323.3133988085576,2.1051292499937366,323.31339604815236,2.1338727984072356,1.765484632403278e-08,0.48765025534081685,323.315,0.04986
192720.0,323.31339906384187,2.105026289482713,323.31339630391204,2.1337638525037184,1.7652032770906134e-08,0.48762588422285386,323.315,0.04986
192780.0,323.31339931908593,2.104923345133857,323.3133965596316,2.1336549242239307,1.7649219659353844e-08,0.48760151698878285,323.315,0.04986
192840.0,323.3133995742899,2.1048204169447278,323.3133968153109,2.1335460135650037,1.764640698930956e-08,0.48757715363799464,323.315,0.04986
192900.0,323.3133998294539,2.104717504912884,323.3133970709501,2.1334371205240683,1.7643594760706815e-08,0.48755279416987934,323.315,0.04986
192960.0,323.31340008457767,2.1046146090358846,323.3133973265491,2.1333282450982574,1.7640782973478475e-08,0.48752843858382755,323.315,0.04986
193020.0,323.3134003396614,2.10451172931129,323.31339758210794,2.1332193872847016,1.7637971627558147e-08,0.48750408687923047,323.315,0.04986
193080.0,323.3134005947051,2.1044088657366604,323.31339783762667,2.133110547080535,1.7635160722879173e-08,0.4874797390554786,323.315,0.04986
193140.0,323.3134008497087,2.104306018309556,323.3133980931052,2.13300172448289,1.7632350259374685e-08,0.48745539511196273,323.315,0.04986
193200.0,323.3134011046723,2.1042031870275366,323.3133983485436,2.1328929194889006,1.762954023697878e-08,0.4874310550480738,323.315,0.04986
193260.0,323.31340135959584,2.1041003718881646,323.31339860394183,2.1327841320957006,1.7626730655624134e-08,0.48740671886320325,323.315,0.04986
193320.0,323.31340161447935,2.103997572889,323.3133988593,2.132675362300425,1.7623921515244644e-08,0.4873823865567418,323.315,0.04986
193380.0,323.31340186932283,2.1038947900276064,323.313399114618,2.1325666101002088,1.7621112815773486e-08,0.48735805812808136,323.315,0.04986
193440.0,323.31340212412624,2.103792023301544,323.3133993698959,2.1324578754921877,1.7618304557143783e-08,0.4873337335766127,323.315,0.04986
193500.0,323.31340237888963,2.103689272708377,323.3133996251336,2.132349158473497,1.761549673928925e-08,0.48730941290172747,323.315,0.04986
193560.0,323.31340263361295,2.1035865382456667,323.3133998803313,2.132240459041274,1.7612689362143084e-08,0.4872850961028173,323.315,0.04986
193620.0,323.3134028882963,2.103483819910976,323.31340013548885,2.1321317771926553,1.760988242563911e-08,0.4872607831792736,323.315,0.04986
193680.0,323.31340314293965,2.10338111770187,323.3134003906063,2.1320231129247786,1.7607075929710845e-08,0.48723647413048826,323.315,0.04986
193740.0,323.31340339754297,2.1032784316159105,323.3134006456837,2.1319144662347824,1.7604269874291023e-08,0.4872121689558532,323.315,0.04986
193800.0,323.31340365210633,2.103175761650662,323.31340090072104,2.1318058371198045,1.7601464259314325e-08,0.4871878676547601,323.315,0.04986
193860.0,323.3134039066297,2.1030731078036897,323.3134011557183,2.1316972255769846,1.7598659084713097e-08,0.487163570226601,323.315,0.04986
193920.0,323.31340416111306,2.1029704700725578,323.31340141067545,2.131588631603462,1.759585435042127e-08,0.48713927667076806,323.315,0.04986
193980.0,323.3134044155564,2.1028678484548307,323.3134016655926,2.1314800551963753,1.7593050056372415e-08,0.4871149869866537,323.315,0.04986
194040.0,323.3134046699599,2.1027652429480748,323.31340192046963,2.131371496352866,1.7590246202500137e-08,0.48709070117364967,323.315,0.04986
194100.0,323.3134049243233,2.1026626535498547,323.31340217530663,2.1312629550700746,1.7587442788737227e-08,0.4870664192311488,323.315,0.04986
194160.0,323.31340517864686,2.102560080257737,323.3134024301036,2.1311544313451423,1.7584639815018155e-08,0.48704214115854333,323.315,0.04986
194220.0,323.31340543293044,2.1024575230692895,323.31340268486053,2.131045925175211,1.7581837281276212e-08,0.4870178669552258,323.315,0.04986
194280.0,323.31340568717405,2.1023549819820753,323.31340293957743,2.130937436557423,1.757903518744448e-08,0.486993596620589,323.315,0.04986
194340.0,323.3134059413777,2.1022524569936643,323.3134031942543,2.130828965488921,1.7576233533456952e-08,0.48696933015402544,323.315,0.04986
194400.0,323.31340619554146,2.1021499481016237,323.31340344889117,2.1307205119668478,1.7573432319247204e-08,0.4869450675549283,323.315,0.04986
194460.0,323.31340644966525,2.10204745530352,323.31340370348795,2.1306120759883473,1.7570631544748326e-08,0.4869208088226902,323.315,0.04986
194520.0,323.31340670374914,2.1019449785969213,323.3134039580448,2.1305036575505643,1.75678312098945e-08,0.4868965539567042,323.315,0.04986
194580.0,323.3134069577931,2.1018425179793967,323.31340421256164,2.1303952566506426,1.7565031314618694e-08,0.48687230295636336,323.315,0.04986
194640.0,323.31340721179714,2.1017400734485134,323.3134044670384,2.1302868732857276,1.7562231858855035e-08,0.48684805582106105,323.315,0.04986
194700.0,323.3134074657613,2.1016376450018424,323.3134047214753,2.130178507452965,1.755943284253716e-08,0.4868238125501906,323.315,0.04986
194760.0,323.31340771968553,2.1015352326369507,323.3134049758722,2.1300701591495006,1.7556634265598204e-08,0.4867995731431451,323.315,0.04986
194820.0,323.3134079735699,2.1014328363514085,323.3134052302291,2.1299618283724815,1.7553836127972044e-08,0.4867753375993182,323.315,0.04986
194880.0,323.31340822741436,2.1013304561427866,323.31340548454597,2.1298535151190543,1.7551038429592223e-08,0.4867511059181034,323.315,0.04986
194940.0,323.3134084812189,2.101228092008655,323.3134057388229,2.129745219386366,1.7548241170392407e-08,0.48672687809889426,323.315,0.04986
195000.0,323.3134087349836,2.101125743946585,323.3134059930599,2.1296369411715657,1.7545444350306637e-08,0.4867026541410849,323.315,0.04986
195060.0,323.3134089887085,2.101023411954145,323.3134062472569,2.1295286804718008,1.7542647969268322e-08,0.48667843404406874,323.315,0.04986
195120.0,323.31340924239345,2.100921096028909,323.3134065014139,2.1294204372842205,1.7539852027210668e-08,0.4866542178072399,323.315,0.04986
195180.0,323.3134094960386,2.100818796168448,323.31340675553105,2.129312211605974,1.753705652406823e-08,0.48663000542999246,323.315,0.04986
195240.0,323.3134097496439,2.100716512370333,323.3134070096082,2.129204003434212,1.7534261459774037e-08,0.4866057969117203,323.315,0.04986
195300.0,323.3134100032093,2.100614244632137,323.3134072636455,2.129095812766084,1.7531466834261533e-08,0.48658159225181774,323.315,0.04986
195360.0,323.31341025673487,2.100511992951432,323.3134075176429,2.128987639598741,1.7528672647465214e-08,0.48655739144967924,323.315,0.04986
195420.0,323.3134105102206,2.1004097573257914,323.3134077716004,2.1288794839293343,1.752587889931815e-08,0.4865331945046989,323.315,0.04986
195480.0,323.3134107636665,2.100307537752788,323.3134080255179,2.1287713457550157,1.7523085589754715e-08,0.48650900141627157,323.315,0.04986
195540.0,323.31341101707267,2.1002053342299947,323.31340827939556,2.1286632250729376,1.7520292718708264e-08,0.4864848121837912,323.315,0.04986
195600.0,323.31341127043896,2.1001031467549875,323.3134085332333,2.1285551218802516,1.751750028611232e-08,0.48646062680665314,323.315,0.04986
195660.0,323.31341152376547,2.1000009753253384,323.3134087870311,2.128447036174112,1.7514708291901048e-08,0.4864364452842517,323.315,0.04986
195720.0,323.3134117770522,2.0998988199386233,323.31340904078905,2.1283389679516724,1.7511916736008092e-08,0.48641226761598183,323.315,0.04986
195780.0,323.3134120302991,2.0997966805924166,323.3134092945071,2.1282309172100864,1.7509125618367137e-08,0.48638809380123865,323.315,0.04986
195840.0,323.3134122835062,2.099694557284293,323.31340954818523,2.1281228839465087,1.7506334938911748e-08,0.48636392383941673,323.315,0.04986
195900.0,323.3134125366735,2.099592450011828,323.3134098018236,2.1280148681580946,1.750354469757589e-08,0.4863397577299118,323.315,0.04986
195960.0,323.313412789801,2.0994903587725986,323.313410055422,2.127906869841999,1.7500754894293323e-08,0.4863155954721187,323.315,0.04986
196020.0,323.3134130428888,2.0993882835641804,323.3134103089806,2.1277988889953785,1.749796552899796e-08,0.4862914370654327,323.315,0.04986
196080.0,323.31341329593675,2.099286224384149,323.31341056249937,2.12769092561539,1.749517660162354e-08,0.4862672825092492,323.315,0.04986
196140.0,323.313413548945,2.0991841812300818,323.3134108159783,2.1275829796991896,1.7492388112104228e-08,0.48624313180296386,323.315,0.04986
196200.0,323.3134138019135,2.0990821540995563,323.3134110694173,2.127475051243935,1.7489600060373234e-08,0.48621898494597215,323.315,0.04986
196260.0,323.31341405484227,2.0989801429901505,323.31341132281653,2.1273671402467844,1.7486812446364763e-08,0.4861948419376696,323.315,0.04986
196320.0,323.3134143077313,2.098878147899441,323.313411576176,2.1272592467048956,1.7484025270012747e-08,0.4861707027774524,323.315,0.04986
196380.0,323.3134145605806,2.0987761688250064,323.3134118294955,2.127151370615428,1.7481238531250954e-08,0.48614656746471574,323.315,0.04986
196440.0,323.3134148133901,2.098674205764425,323.3134120827753,2.1270435119755406,1.7478452230012976e-08,0.486122435998856,323.315,0.04986
196500.0,323.31341506615996,2.0985722587152758,323.3134123360153,2.126935670782393,1.7475666366232634e-08,0.4860983083792692,323.315,0.04986
196560.0,323.31341531889,2.0984703276751384,323.31341258921543,2.126827847033146,1.7472880939844635e-08,0.48607418460535134,323.315,0.04986
196620.0,323.3134155715804,2.098368412641591,323.3134128423758,2.1267200407249596,1.7470095950781815e-08,0.4860500646764987,323.315,0.04986
196680.0,323.313415824231,2.098266513612214,323.31341309549634,2.1266122518549957,1.7467311398978713e-08,0.48602594859210757,323.315,0.04986
196740.0,323.313416076842,2.098164630584588,323.3134133485771,2.1265044804204156,1.746452728436909e-08,0.4860018363515744,323.315,0.04986
196800.0,323.31341632941326,2.0980627635562925,323.31341360161815,2.1263967264183816,1.7461743606886827e-08,0.4859777279542956,323.315,0.04986
196860.0,323.31341658194486,2.0979609125249095,323.3134138546194,2.1262889898460564,1.7458960366466245e-08,0.4859536233996677,323.315,0.04986
196920.0,323.31341683443685,2.0978590774880184,323.3134141075809,2.1261812707006027,1.7456177563040764e-08,0.4859295226870875,323.315,0.04986
196980.0,323.3134170868891,2.0977572584432025,323.3134143605027,2.126073568979184,1.7453395196544497e-08,0.4859054258159516,323.315,0.04986
197040.0,323.3134173393017,2.0976554553880415,323.3134146133847,2.125965884678965,1.7450613266911418e-08,0.48588133278565687,323.315,0.04986
197100.0,323.3134175916746,2.097553668320119,323.3134148662269,2.12585821779711,1.744783177407517e-08,0.4858572435956005,323.315,0.04986
197160.0,323.3134178440078,2.0974518972370166,323.31341511902934,2.125750568330784,1.7445050717970366e-08,0.4858331582451792,323.315,0.04986
197220.0,323.3134180963014,2.0973501421363174,323.313415371792,2.125642936277152,1.7442270098530365e-08,0.4858090767337903,323.315,0.04986
197280.0,323.31341834855533,2.0972484030156044,323.31341562451496,2.1255353216333797,1.743948991568952e-08,0.48578499906083117,323.315,0.04986
197340.0,323.31341860076964,2.097146679872461,323.3134158771982,2.1254277243966344,1.7436710169381787e-08,0.48576092522569864,323.315,0.04986
197400.0,323.3134188529443,2.09704497270447,323.31341612984176,2.125320144564082,1.743393085954138e-08,0.4857368552277903,323.315,0.04986
197460.0,323.31341910507933,2.0969432815092164,323.3134163824456,2.12521258213289,1.743115198610151e-08,0.48571278906650395,323.315,0.04986
197520.0,323.3134193571748,2.0968416062842845,323.3134166350098,2.125105037100227,1.742837354899698e-08,0.485688726741237,323.315,0.04986
197580.0,323.3134196092306,2.0967399470272587,323.31341688753423,2.1249975094632605,1.7425595548161974e-08,0.4856646682513868,323.315,0.04986
197640.0,323.31341986124676,2.096638303735724,323.313417140019,2.1248899992191594,1.7422817983529737e-08,0.4856406135963515,323.315,0.04986
197700.0,323.31342011322334,2.0965366764072657,323.31341739246403,2.124782506365093,1.74200408550347e-08,0.48561656277552884,323.315,0.04986
197760.0,323.3134203651603,2.0964350650394694,323.31341764486945,2.1246750308982314,1.7417264162611312e-08,0.4855925157883167,323.315,0.04986
197820.0,323.3134206170577,2.096333469629922,323.3134178972351,2.124567572815744,1.7414487906193152e-08,0.48556847263411307,323.315,0.04986
197880.0,323.3134208689155,2.0962318901762087,323.31341814956113,2.124460132114802,1.7411712085714392e-08,0.4855444333123163,323.315,0.04986
197940.0,323.3134211207337,2.096130326675916,323.3134184018475,2.124352708792576,1.7408936701109066e-08,0.48552039782232437,323.315,0.04986
198000.0,323.3134213725124,2.096028779126632,323.3134186540942,2.1242453028462385,1.7406161752311766e-08,0.4854963661635359,323.315,0.04986
198060.0,323.31342162425153,2.0959272475259434,323.3134189063013,2.1241379142729606,1.7403387239256216e-08,0.4854723383353488,323.315,0.04986
198120.0,323.31342187595106,2.0958257318714377,323.3134191584687,2.124030543069915,1.7400613161876378e-08,0.4854483143371621,323.315,0.04986
198180.0,323.3134221276111,2.095724232160703,323.3134194105965,2.1239231892342754,1.739783952010685e-08,0.485424294168374,323.315,0.04986
198240.0,323.3134223792315,2.0956227483913263,323.3134196626847,2.123815852763214,1.739506631388087e-08,0.4854002778283834,323.315,0.04986
198300.0,323.3134226308124,2.095521280560898,323.3134199147332,2.123708533653905,1.7392293543133453e-08,0.48537626531658895,323.315,0.04986
198360.0,323.31342288235373,2.0954198286670067,323.3134201667421,2.123601231903523,1.7389521207798565e-08,0.48535225663238935,323.315,0.04986
198420.0,323.31342313385557,2.0953183927072407,323.31342041871136,2.1234939475092425,1.7386749307809978e-08,0.4853282517751838,323.315,0.04986
198480.0,323.31342338531783,2.095216972679191,323.313420670641,2.1233866804682395,1.7383977843102193e-08,0.4853042507443714,323.315,0.04986
198540.0,323.3134236367406,2.0951155685804457,323.31342092253107,2.123279430777689,1.738120681360934e-08,0.4852802535393508,323.315,0.04986
198600.0,323.31342388812385,2.0950141804085955,323.3134211743815,2.1231721984347685,1.7378436219265803e-08,0.4852562601595218,323.315,0.04986
198660.0,323.3134241394676,2.094912808161233,323.31342142619235,2.1230649834366537,1.7375666060005256e-08,0.48523227060428326,323.315,0.04986
198720.0,323.31342439077184,2.0948114518359455,323.3134216779636,2.122957785780522,1.737289633576269e-08,0.485208284873035,323.315,0.04986
198780.0,323.3134246420366,2.0947101114303273,323.31342192969527,2.1228506054635514,1.7370127046471328e-08,0.4851843029651761,323.315,0.04986
198840.0,323.31342489326187,2.0946087869419694,323.3134221813874,2.12274344248292,1.7367358192066174e-08,0.48516032488010635,323.315,0.04986
198900.0,323.31342514444765,2.0945074783684614,323.31342243304,2.1226362968358057,1.7364589772481142e-08,0.48513635061722554,323.315,0.04986
198960.0,323.3134253955939,2.094406185707398,323.313422684653,2.1225291685193883,1.736182178765038e-08,0.4851123801759331,323.315,0.04986
199020.0,323.31342564670075,2.0943049089563717,323.3134229362266,2.1224220575308475,1.735905423750843e-08,0.4850884135556292,323.315,0.04986
199080.0,323.3134258977681,2.0942036481129733,323.3134231877605,2.1223149638673626,1.7356287121989356e-08,0.48506445075571364,323.315,0.04986
199140.0,323.31342614879605,2.094102403174798,323.3134234392549,2.1222078875261143,1.735352044102777e-08,0.48504049177558645,323.315,0.04986
199200.0,323.31342639978453,2.0940011741394375,323.3134236907097,2.1221008285042835,1.7350754194557494e-08,0.4850165366146477,323.315,0.04986
199260.0,323.3134266507335,2.093899961004488,323.313423942125,2.1219937867990515,1.734798838251287e-08,0.48499258527229777,323.315,0.04986
199320.0,323.3134269016431,2.0937987637675413,323.3134241935007,2.1218867624076005,1.7345223004828312e-08,0.4849686377479368,323.315,0.04986
199380.0,323.3134271525132,2.0936975824261923,323.3134244448369,2.1217797553271125,1.7342458061438027e-08,0.4849446940409654,323.315,0.04986
199440.0,323.3134274033439,2.093596416978037,323.3134246961336,2.121672765554771,1.733969355227629e-08,0.48492075415078373,323.315,0.04986
199500.0,323.3134276541352,2.0934952674206695,323.3134249473908,2.1215657930877585,1.7336929477277872e-08,0.48489681807679275,323.315,0.04986
199560.0,323.313427904887,2.0933941337516853,323.31342519860846,2.1214588379232597,1.733416583637648e-08,0.4848728858183929,323.315,0.04986
199620.0,323.3134281555994,2.0932930159686807,323.3134254497867,2.1213519000584578,1.7331402629506566e-08,0.4848489573749849,323.315,0.04986
199680.0,323.3134284062724,2.0931919140692514,323.3134257009254,2.121244979490538,1.7328639856602656e-08,0.4848250327459698,323.315,0.04986
199740.0,323.313428656906,2.0930908280509932,323.31342595202466,2.1211380762166856,1.732587751759935e-08,0.4848011119307484,323.315,0.04986
199800.0,323.3134289075002,2.0929897579115044,323.3134262030844,2.121031190234086,1.7323115612430516e-08,0.4847771949287216,323.315,0.04986
199860.0,323.3134291580551,2.09288870364838,323.31342645410473,2.1209243215399254,1.732035414103089e-08,0.4847532817392909,323.315,0.04986
199920.0,323.3134294085706,2.0927876652592197,323.3134267050856,2.1208174701313904,1.7317593103334594e-08,0.48472937236185726,323.315,0.04986
199980.0,323.31342965904673,2.0926866427416195,323.313426956027,2.120710636005668,1.7314832499276744e-08,0.48470546679582177,323.315,0.04986
200040.0,323.31342990948343,2.0925856360931787,323.3134272069289,2.1206038191599452,1.7312072328790774e-08,0.4846815650405863,323.315,0.04986
200100.0,323.3134301598808,2.0924846453114947,323.31342745779136,2.1204970195914106,1.730931259181112e-08,0.4846576670955522,323.315,0.04986
200160.0,323.3134304102388,2.0923836703941667,323.31342770861437,2.120390237297252,1.7306553288273063e-08,0.48463377296012083,323.315,0.04986
200220.0,323.31343066055746,2.092282711338793,323.3134279593979,2.1202834722746586,1.7303794418110095e-08,0.4846098826336941,323.315,0.04986
200280.0,323.31343091083676,2.092181768142974,323.31342821014204,2.12017672452082,1.730103598125735e-08,0.48458599611567355,323.315,0.04986
200340.0,323.31343116107666,2.092080840804309,323.31342846084675,2.120069994032926,1.7298277977648812e-08,0.484562113405461,323.315,0.04986
200400.0,323.3134314112773,2.091979929320398,323.3134287115121,2.1199632808081668,1.7295520407218856e-08,0.48453823450245875,323.315,0.04986
200460.0,323.3134316614386,2.0918790336888407,323.313428962138,2.119856584843733,1.7292763269902412e-08,0.48451435940606835,323.315,0.04986
200520.0,323.3134319115605,2.0917781539072386,323.3134292127245,2.119749906136816,1.729000656563362e-08,0.4844904881156925,323.315,0.04986
200580.0,323.31343216164316,2.091677289973192,323.31342946327163,2.119643244684607,1.728725029434743e-08,0.48446662063073287,323.315,0.04986
200640.0,323.3134324116865,2.0915764418843024,323.3134297137793,2.1195366004842993,1.7284494455977827e-08,0.4844427569505919,323.315,0.04986
200700.0,323.3134326616905,2.091475609638172,323.31342996424763,2.119429973533084,1.7281739050459088e-08,0.48441889707467206,323.315,0.04986
200760.0,323.31343291165524,2.0913747932324016,323.3134302146766,2.119323363828156,1.727898407772642e-08,0.48439504100237607,323.315,0.04986
200820.0,323.31343316158075,2.091273992664595,323.3134304650662,2.1192167713667076,1.7276229537714116e-08,0.48437118873310603,323.315,0.04986
200880.0,323.3134334114669,2.0911732079323535,323.31343071541636,2.119110196145933,1.7273475430356577e-08,0.48434734026626486,323.315,0.04986
200940.0,323.3134336613138,2.0910724390332804,323.3134309657272,2.119003638163027,1.7270721755588313e-08,0.4843234956012553,323.315,0.04986
201000.0,323.31343391112136,2.0909716859649796,323.31343121599866,2.1188970974151844,1.7267968513343433e-08,0.4842996547374801,323.315,0.04986
201060.0,323.3134341608897,2.090870948725054,323.3134314662308,2.1187905738996005,1.7265215703557367e-08,0.48427581767434225,323.315,0.04986
201120.0,323.3134344106187,2.0907702273111077,323.3134317164235,2.1186840676134717,1.726246332616409e-08,0.4842519844112448,323.315,0.04986
201180.0,323.31343466030853,2.090669521720745,323.31343196657696,2.1185775785539938,1.7259711381098795e-08,0.4842281549475907,323.315,0.04986
201240.0,323.313434909959,2.090568831951571,323.313432216691,2.1184711067183635,1.7256959868294785e-08,0.4842043292827835,323.315,0.04986
201300.0,323.31343515957036,2.0904681580011895,323.3134324667658,2.1183646521037787,1.7254208787687917e-08,0.48418050741622626,323.315,0.04986
201360.0,323.31343540914247,2.090367499867206,323.31343271680123,2.1182582147074367,1.725145813921256e-08,0.4841566893473224,323.315,0.04986
201420.0,323.3134356586753,2.090266857547226,323.31343296679734,2.1181517945265353,1.724870792280315e-08,0.48413287507547526,323.315,0.04986
201480.0,323.31343590816897,2.0901662310388556,323.31343321675416,2.118045391558274,1.724595813839388e-08,0.4841090646000885,323.315,0.04986
201540.0,323.31343615762336,2.0900656203397014,323.31343346667165,2.117939005799852,1.7243208785919862e-08,0.484085257920566,323.315,0.04986
201600.0,323.3134364070385,2.089965025447369,323.3134337165498,2.1178326372484686,1.7240459865315483e-08,0.48406145503631126,323.315,0.04986
201660.0,323.3134366564145,2.0898644463594653,323.31343396638874,2.1177262859013233,1.7237711376515974e-08,0.4840376559467283,323.315,0.04986
201720.0,323.31343690575125,2.0897638830735987,323.31343421618834,2.117619951755618,1.72349633194549e-08,0.48401386065122065,323.315,0.04986
201780.0,323.31343715504875,2.0896633355873755,323.31343446594866,2.117513634808552,1.72322156940676e-08,0.48399006914919274,323.315,0.04986
201840.0,323.31343740430714,2.089562803898403,323.31343471566976,2.1174073350573286,1.7229468500288925e-08,0.48396628144004855,323.315,0.04986
201900.0,323.3134376535263,2.089462288004291,323.3134349653516,2.117301052499149,1.722672173805302e-08,0.48394249752319213,323.315,0.04986
201960.0,323.3134379027063,2.0893617879026474,323.3134352149941,2.117194787131215,1.7223975407294887e-08,0.48391871739802794,323.315,0.04986
202020.0,323.3134381518472,2.0892613035910808,323.31343546459743,2.11708853895073,1.722122950794941e-08,0.4838949410639603,323.315,0.04986
202080.0,323.3134384009489,2.0891608350672,323.31343571416147,2.1169823079548977,1.721848403995102e-08,0.4838711685203937,323.315,0.04986
202140.0,323.3134386500114,2.089060382328614,323.3134359636863,2.1168760941409213,1.7215739003234454e-08,0.48384739976673263,323.315,0.04986
202200.0,323.3134388990348,2.0889599453729337,323.3134362131718,2.116769897506005,1.721299439773457e-08,0.483823634802382,323.315,0.04986
202260.0,323.313439148019,2.088859524197768,323.31343646261814,2.116663718047354,1.7210250223385713e-08,0.48379987362674604,323.315,0.04986
202320.0,323.31343939696404,2.088759118800729,323.3134367120252,2.1165575557621725,1.7207506480123046e-08,0.48377611623923006,323.315,0.04986
202380.0,323.31343964586995,2.088658729179426,323.313436961393,2.1164514106476675,1.720476316788081e-08,0.4837523626392387,323.315,0.04986
202440.0,323.31343989473675,2.08855835533147,323.31343721072164,2.116345282701044,1.720202028659439e-08,0.483728612826177,323.315,0.04986
202500.0,323.3134401435644,2.088457997254473,323.3134374600111,2.116239171919509,1.7199277836198277e-08,0.4837048667994503,323.315,0.04986
202560.0,323.31344039235285,2.088357654946046,323.3134377092613,2.11613307830027,1.719653581662651e-08,0.48368112455846346,323.315,0.04986
202620.0,323.3134406411022,2.0882573284038024,323.3134379584723,2.116027001840534,1.719379422781495e-08,0.48365738610262204,323.315,0.04986
202680.0,323.31344088981245,2.0881570176253534,323.31343820764414,2.1159209425375085,1.7191053069698237e-08,0.48363365143133114,323.315,0.04986
202740.0,323.31344113848365,2.0880567226083127,323.31343845677685,2.1158149003884033,1.7188312342210544e-08,0.4836099205439965,323.315,0.04986
202800.0,323.31344138711574,2.0879564433502917,323.3134387058703,2.115708875390426,1.7185572045287356e-08,0.4835861934400233,323.315,0.04986
202860.0,323.3134416357088,2.087856179848906,323.3134389549246,2.115602867540787,1.7182832178863426e-08,0.48356247011881753,323.315,0.04986
202920.0,323.3134418842628,2.087755932101767,323.31343920393977,2.1154968768366964,1.7180092742873364e-08,0.4835387505797847,323.315,0.04986
202980.0,323.3134421327777,2.08765570010649,323.31343945291576,2.115390903275363,1.71773537372522e-08,0.48351503482233066,323.315,0.04986
203040.0,323.3134423812535,2.0875554838606885,323.3134397018526,2.1152849468539987,1.7174615161934246e-08,0.4834913228458615,323.315,0.04986
203100.0,323.3134426296902,2.0874552833619777,323.3134399507503,2.1151790075698145,1.717187701685452e-08,0.4834676146497831,323.315,0.04986
203160.0,323.31344287808787,2.087355098607972,323.3134401996088,2.115073085420022,1.7169139301948298e-08,0.48344391023350136,323.315,0.04986
203220.0,323.31344312644643,2.0872549295962877,323.31344044842825,2.114967180401833,1.7166402017150216e-08,0.48342020959642273,323.315,0.04986
203280.0,323.313443374766,2.087154776324539,323.3134406972085,2.11486129251246,1.7163665162395112e-08,0.4833965127379535,323.315,0.04986
203340.0,323.3134436230465,2.0870546387903426,323.3134409459496,2.1147554217491167,1.716092873761771e-08,0.4833728196574997,323.315,0.04986
203400.0,323.313443871288,2.086954516991314,323.3134411946516,2.1146495681090163,1.7158192742753198e-08,0.48334913035446797,323.315,0.04986
203460.0,323.3134441194904,2.0868544109250715,323.31344144331445,2.1145437315893725,1.7155457177736355e-08,0.483325444828265,323.315,0.04986
203520.0,323.3134443676538,2.0867543205892307,323.31344169193824,2.1144379121873995,1.7152722042502186e-08,0.4833017630782972,323.315,0.04986
203580.0,323.31344461577817,2.086654245981409,323.31344194052286,2.114332109900313,1.714998733698566e-08,0.4832780851039714,323.315,0.04986
203640.0,323.31344486386354,2.0865541870992237,323.31344218906844,2.1142263247253283,1.7147253061121093e-08,0.4832544109046943,323.315,0.04986
203700.0,323.3134451119099,2.086454143940294,323.31344243757496,2.1141205566596613,1.7144519214844366e-08,0.483230740479873,323.315,0.04986
203760.0,323.31344535991724,2.0863541165022363,323.31344268604244,2.114014805700528,1.714178579808998e-08,0.48320707382891426,323.315,0.04986
203820.0,323.31344560788557,2.08625410478267,323.3134429344708,2.113909071845146,1.7139052810792575e-08,0.4831834109512252,323.315,0.04986
203880.0,323.31344585581496,2.0861541087792137,323.31344318286006,2.113803355090731,1.713632025288777e-08,0.48315975184621296,323.315,0.04986
203940.0,323.3134461037053,2.0860541284894865,323.3134434312103,2.1136976554345015,1.7133588124310215e-08,0.4831360965132851,323.315,0.04986
204000.0,323.31344635155676,2.0859541639111088,323.31344367952147,2.1135919728736763,1.7130856424995023e-08,0.4831124449518485,323.315,0.04986
204060.0,323.3134465993692,2.0858542150416985,323.3134439277935,2.1134863074054735,1.7128125154876738e-08,0.48308879716131103,323.315,0.04986
204120.0,323.3134468471427,2.085754281878878,323.3134441760265,2.1133806590271123,1.712539431389105e-08,0.48306515314107995,323.315,0.04986
204180.0,323.3134470948772,2.0856543644202663,323.31344442422045,2.113275027735812,1.7122663901972258e-08,0.48304151289056285,323.315,0.04986
204240.0,323.3134473425728,2.0855544626634854,323.3134446723754,2.113169413528792,1.711993391905585e-08,0.48301787640916766,323.315,0.04986
204300.0,323.3134475902294,2.0854545766061543,323.31344492049135,2.113063816403274,1.7117204365076877e-08,0.48299424369630184,323.315,0.04986
204360.0,323.31344783784704,2.085354706245897,323.31344516856825,2.112958236356478,1.711447523997015e-08,0.48297061475137365,323.315,0.04986
204420.0,323.31344808542576,2.0852548515803324,323.31344541660616,2.112852673385625,1.71117465436707e-08,0.4829469895737908,323.315,0.04986
204480.0,323.31344833296555,2.0851550126070855,323.313445664605,2.1127471274879386,1.7109018276113584e-08,0.4829233681629614,323.315,0.04986
204540.0,323.3134485804664,2.085055189323776,323.3134459125649,2.1126415986606393,1.7106290437234216e-08,0.48289975051829376,323.315,0.04986
204600.0,323.31344882792837,2.0849553817280286,323.3134461604857,2.11253608690095,1.710356302696736e-08,0.4828761366391959,323.315,0.04986
204660.0,323.3134490753514,2.084855589817466,323.31344640836755,2.1124305922060946,1.7100836045247947e-08,0.4828525265250763,323.315,0.04986
204720.0,323.31344932273555,2.0847558135897115,323.3134466562104,2.112325114573297,1.709810949201169e-08,0.4828289201753433,323.315,0.04986
204780.0,323.31344957008076,2.084656053042387,323.31344690401426,2.11221965399978,1.7095383367193152e-08,0.48280531758940537,323.315,0.04986
204840.0,323.3134498173871,2.08455630817312,323.31344715177914,2.1121142104827704,1.709265767072766e-08,0.4827817187666713,323.315,0.04986
204900.0,323.31345006465455,2.084456578979532,323.31344739950504,2.112008784019492,1.7089932402549812e-08,0.4827581237065497,323.315,0.04986
204960.0,323.31345031188306,2.084356865459249,323.31344764719205,2.111903374607171,1.708720756259524e-08,0.4827345324084492,323.315,0.04986
205020.0,323.31345055907275,2.084257167609895,323.31344789484007,2.1117979822430324,1.7084483150799156e-08,0.48271094487177885,323.315,0.04986
205080.0,323.31345080622356,2.0841574854290963,323.31344814244915,2.111692606924304,1.7081759167096442e-08,0.48268736109594756,323.315,0.04986
205140.0,323.3134510533355,2.084057818914478,323.31344839001923,2.111587248648211,1.7079035611422608e-08,0.48266378108036423,323.315,0.04986
205200.0,323.3134513004086,2.083958168063666,323.3134486375504,2.1114819074119815,1.707631248371224e-08,0.48264020482443837,323.315,0.04986
205260.0,323.3134515474428,2.083858532874287,323.3134488850426,2.111376583212844,1.7073589783901066e-08,0.4826166323275788,323.315,0.04986
205320.0,323.31345179443827,2.083758913343968,323.31344913249586,2.111271276048026,1.7070867511924212e-08,0.4825930635891951,323.315,0.04986
205380.0,323.3134520413948,2.0836593094703346,323.31344937991025,2.1111659859147562,1.7068145667716517e-08,0.48256949860869647,323.315,0.04986
205440.0,323.3134522883125,2.0835597212510146,323.3134496272857,2.1110607128102643,1.70654242512132e-08,0.48254593738549245,323.315,0.04986
205500.0,323.31345253519135,2.0834601486836366,323.3134498746222,2.1109554567317796,1.706270326234961e-08,0.48252237991899294,323.315,0.04986
205560.0,323.3134527820314,2.0833605917658273,323.31345012191986,2.1108502176765325,1.705998270106097e-08,0.48249882620860723,323.315,0.04986
205620.0,323.31345302883255,2.0832610504952154,323.3134503691786,2.110744995641753,1.7057262567282283e-08,0.4824752762537453,323.315,0.04986
205680.0,323.31345327559495,2.0831615248694284,323.3134506163985,2.110639790624673,1.7054542860949152e-08,0.4824517300538167,323.315,0.04986
205740.0,323.3134535223185,2.0830620148860968,323.3134508635794,2.1105346026225233,1.705182358199675e-08,0.48242818760823175,323.315,0.04986
205800.0,323.31345376900333,2.082962520542849,323.3134511107215,2.1104294316325367,1.7049104730360197e-08,0.4824046489164004,323.315,0.04986
205860.0,323.31345401564937,2.0828630418373146,323.31345135782465,2.110324277651945,1.704638630597486e-08,0.4823811139777326,323.315,0.04986
205920.0,323.31345426225664,2.082763578767124,323.3134516048889,2.1102191406779816,1.7043668308776014e-08,0.4823575827916388,323.315,0.04986
205980.0,323.31345450882503,2.0826641313299064,323.3134518519143,2.110114020707879,1.7040950738698744e-08,0.482334055357529,323.315,0.04986
206040.0,323.3134547553547,2.0825646995232923,323.3134520989009,2.1100089177388717,1.703823359567843e-08,0.4823105316748138,323.315,0.04986
206100.0,323.3134550018456,2.082465283344913,323.3134523458486,2.1099038317681935,1.703551687965058e-08,0.48228701174290367,323.315,0.04986
206160.0,323.3134552482977,2.0823658827923994,323.31345259275747,2.10979876279308,1.7032800590550124e-08,0.4822634955612092,323.315,0.04986
206220.0,323.31345549471104,2.082266497863383,323.31345283962753,2.1096937108107654,1.7030084728312156e-08,0.4822399831291409,323.315,0.04986
206280.0,323.3134557410856,2.082167128555497,323.3134530864587,2.109588675818486,1.702736929287254e-08,0.48221647444610966,323.315,0.04986
206340.0,323.31345598742143,2.0820677748663705,323.31345333325106,2.1094836578134775,1.7024654284166783e-08,0.48219296951152624,323.315,0.04986
206400.0,323.31345623371857,2.0819684367936384,323.3134535800046,2.1093786567929764,1.702193970212995e-08,0.4821694683248015,323.315,0.04986
206460.0,323.31345647997694,2.081869114334932,323.31345382671935,2.10927367275422,1.7019225546697025e-08,0.4821459708853467,323.315,0.04986
206520.0,323.3134567261966,2.081769807487886,323.31345407339523,2.109168705694445,1.701651181780379e-08,0.48212247719257273,323.315,0.04986
206580.0,323.31345697237754,2.0816705162501314,323.3134543200323,2.10906375561089,1.7013798515385668e-08,0.4820989872458908,323.315,0.04986
206640.0,323.3134572185197,2.0815712406193043,323.31345456663064,2.1089588225007936,1.70110856393775e-08,0.4820755010447124,323.315,0.04986
206700.0,323.31345746462324,2.0814719805930375,323.31345481319016,2.1088539063613947,1.700837318971543e-08,0.48205201858844854,323.315,0.04986
206760.0,323.313457710688,2.081372736168966,323.31345505971086,2.1087490071899317,1.700566116633403e-08,0.48202853987651106,323.315,0.04986
206820.0,323.31345795671405,2.081273507344724,323.3134553061928,2.1086441249836456,1.700294956916909e-08,0.4820050649083111,323.315,0.04986
206880.0,323.31345820270144,2.081174294117946,323.31345555263596,2.108539259739776,1.7000238398156165e-08,0.48198159368326066,323.315,0.04986
206940.0,323.3134584486501,2.081075096486269,323.31345579904036,2.1084344114555633,1.699752765323068e-08,0.48195812620077144,323.315,0.04986
207000.0,323.31345869456015,2.0809759144473263,323.313456045406,2.1083295801282493,1.6994817334327794e-08,0.4819346624602549,323.315,0.04986
207060.0,323.3134589404315,2.080876747998756,323.31345629173285,2.1082247657550757,1.699210744138312e-08,0.48191120246112357,323.315,0.04986
207120.0,323.3134591862641,2.0807775971381934,323.31345653802094,2.108119968333284,1.6989397974331965e-08,0.4818877462027888,323.315,0.04986
207180.0,323.3134594320581,2.0806784618632745,323.3134567842703,2.108015187860117,1.6986688933109893e-08,0.48186429368466294,323.315,0.04986
207240.0,323.3134596778134,2.080579342171638,323.3134570304809,2.1079104243328177,1.6983980317652392e-08,0.48184084490615847,323.315,0.04986
207300.0,323.3134599235301,2.080480238060919,323.31345727665274,2.1078056777486287,1.6981272127894642e-08,0.4818173998666871,323.315,0.04986
207360.0,323.3134601692081,2.0803811495287565,323.3134575227859,2.1077009481047946,1.697856436377254e-08,0.4817939585656613,323.315,0.04986
207420.0,323.3134604148475,2.0802820765727885,323.31345776888037,2.1075962353985593,1.697585702522172e-08,0.481770521002494,323.315,0.04986
207480.0,323.31346066044824,2.0801830191906534,323.3134580149361,2.1074915396271683,1.6973150112176783e-08,0.4817470871765972,323.315,0.04986
207540.0,323.31346090601033,2.0800839773799886,323.3134582609531,2.107386860787866,1.6970443624574237e-08,0.48172365708738385,323.315,0.04986
207600.0,323.31346115153383,2.0799849511384334,323.31345850693134,2.1072821988778987,1.696773756234884e-08,0.48170023073426627,323.315,0.04986
207660.0,323.3134613970187,2.079885940463628,323.31345875287093,2.1071775538945126,1.6965031925436557e-08,0.4816768081166577,323.315,0.04986
207720.0,323.31346164246503,2.0797869453532103,323.3134589987718,2.107072925834954,1.6962326713773e-08,0.48165338923397083,323.315,0.04986
207780.0,323.3134618878727,2.079687965804821,323.31345924463403,2.10696831469647,1.6959621927293378e-08,0.48162997408561853,323.315,0.04986
207840.0,323.3134621332417,2.0795890018161005,323.31345949045755,2.106863720476309,1.6956917565933193e-08,0.481606562671014,323.315,0.04986
207900.0,323.3134623785722,2.0794900533846894,323.3134597362424,2.1067591431717183,1.6954213629628378e-08,0.4815831549895705,323.315,0.04986
207960.0,323.31346262386404,2.0793911205082267,323.31345998198856,2.1066545827799468,1.6951510118314017e-08,0.4815597510407009,323.315,0.04986
208020.0,323.31346286911725,2.079292203184356,323.313460227696,2.1065500392982432,1.6948807031925972e-08,0.4815363508238191,323.315,0.04986
208080.0,323.3134631143319,2.079193301410717,323.31346047336484,2.1064455127238566,1.6946104370400095e-08,0.48151295433833796,323.315,0.04986
208140.0,323.31346335950803,2.0790944151849526,323.31346071899503,2.106341003054037,1.6943402133671292e-08,0.4814895615836712,323.315,0.04986
208200.0,323.31346360464556,2.0789955445047044,323.31346096458657,2.1062365102860343,1.6940700321675806e-08,0.4814661725592325,323.315,0.04986
208260.0,323.3134638497446,2.078896689367615,323.3134612101395,2.1061320344171,1.693799893434926e-08,0.4814427872644356,323.315,0.04986
208320.0,323.31346409480506,2.078797849771326,323.3134614556538,2.106027575444484,1.693529797162675e-08,0.481419405698694,323.315,0.04986
208380.0,323.31346433982696,2.0786990257134823,323.3134617011294,2.1059231333654393,1.6932597433444395e-08,0.4813960278614219,323.315,0.04986
208440.0,323.31346458481033,2.0786002171917275,323.3134619465664,2.105818708177217,1.6929897319737474e-08,0.4813726537520328,323.315,0.04986
208500.0,323.31346482975516,2.0785014242037025,323.31346219196485,2.10571429987707,1.6927197630441825e-08,0.4813492833699412,323.315,0.04986
208560.0,323.3134650746614,2.0784026467470547,323.31346243732463,2.1056099084622515,1.6924498365492966e-08,0.48132591671456104,323.315,0.04986
208620.0,323.31346531952914,2.0783038848194257,323.31346268264576,2.1055055339300144,1.692179952482694e-08,0.4813025537853066,323.315,0.04986
208680.0,323.3134655643583,2.078205138418461,323.31346292792836,2.1054011762776135,1.69191011083783e-08,0.48127919458159213,323.315,0.04986
208740.0,323.313465809149,2.0781064075418065,323.31346317317235,2.1052968355023025,1.691640311608423e-08,0.48125583910283193,323.315,0.04986
208800.0,323.3134660539012,2.078007692187107,323.31346341837775,2.105192511601337,1.6913705547879655e-08,0.48123248734844065,323.315,0.04986
208860.0,323.3134662986149,2.0779089923520075,323.31346366354455,2.105088204571972,1.691100840370031e-08,0.481209139317833,323.315,0.04986
208920.0,323.31346654329013,2.077810308034155,323.31346390867276,2.1049839144114637,1.6908311683482146e-08,0.48118579501042336,323.315,0.04986
208980.0,323.3134667879268,2.077711639231195,323.3134641537624,2.1048796411170674,1.69056153871603e-08,0.4811624544256265,323.315,0.04986
209040.0,323.31346703252507,2.0776129859407746,323.3134643988135,2.10477538468604,1.6902919514671244e-08,0.4811391175628572,323.315,0.04986
209100.0,323.31346727708484,2.0775143481605403,323.313464643826,2.104671145115639,1.6900224065950297e-08,0.48111578442153075,323.315,0.04986
209160.0,323.3134675216062,2.07741572588814,323.31346488879996,2.1045669224031216,1.6897529040933624e-08,0.48109245500106196,323.315,0.04986
209220.0,323.31346776608905,2.0773171191212203,323.31346513373535,2.1044627165457457,1.689483443955635e-08,0.481069129300866,323.315,0.04986
209280.0,323.3134680105334,2.077218527857429,323.3134653786322,2.1043585275407697,1.6892140261754262e-08,0.48104580732035784,323.315,0.04986
209340.0,323.3134682549393,2.0771199520944164,323.3134656234905,2.104254355385453,1.6889446507463467e-08,0.48102248905895284,323.315,0.04986
209400.0,323.3134684993068,2.0770213918298284,323.31346586831035,2.1041502000770547,1.688675317661964e-08,0.4809991745160667,323.315,0.04986
209460.0,323.3134687436358,2.076922847061316,323.31346611309164,2.104046061612834,1.688406026915834e-08,0.48097586369111445,323.315,0.04986
209520.0,323.3134689879263,2.076824317786526,323.31346635783444,2.103941939990052,1.6881367785015566e-08,0.480952556583512,323.315,0.04986
209580.0,323.3134692321784,2.07672580400311,323.31346660253877,2.103837835205969,1.6878675724127323e-08,0.48092925319267477,323.315,0.04986
209640.0,323.31346947639213,2.0766273057087172,323.3134668472045,2.103733747257847,1.687598408642923e-08,0.4809059535180186,323.315,0.04986
209700.0,323.3134697205674,2.0765288229009977,323.31346709183174,2.1036296761429467,1.6873292871857126e-08,0.48088265755895915,323.315,0.04986
209760.0,323.31346996470427,2.0764303555776014,323.3134673364205,2.103525621858531,1.6870602080346652e-08,0.4808593653149123,323.315,0.04986
209820.0,323.31347020880276,2.07633190373618,323.3134675809707,2.103421584401863,1.686791171183404e-08,0.4808360767852943,323.315,0.04986
209880.0,323.3134704528628,2.076233467374384,323.3134678254825,2.1033175637702044,1.686522176625489e-08,0.4808127919695212,323.315,0.04986
209940.0,323.3134706968845,2.0761350464898642,323.3134680699558,2.1032135599608193,1.686253224354517e-08,0.48078951086700894,323.315,0.04986
210000.0,323.3134709408678,2.0760366410802735,323.3134683143906,2.1031095729709715,1.685984314364057e-08,0.48076623347717407,323.315,0.04986
210060.0,323.31347118481267,2.0759382511432634,323.31346855878695,2.1030056027979254,1.6857154466477064e-08,0.4807429597994325,323.315,0.04986
210120.0,323.3134714287192,2.075839876676487,323.3134688031448,2.102901649438946,1.685446621199059e-08,0.4807196898332012,323.315,0.04986
210180.0,323.31347167258735,2.0757415176775957,323.31346904746425,2.1027977128912982,1.685177838011701e-08,0.4806964235778963,323.315,0.04986
210240.0,323.31347191641714,2.0756431741442443,323.31346929174526,2.102693793152248,1.684909097079238e-08,0.4806731610329347,323.315,0.04986
210300.0,323.31347216020856,2.0755448460740844,323.3134695359878,2.102589890219061,1.684640398395215e-08,0.480649902197733,323.315,0.04986
210360.0,323.3134724039616,2.0754465334647714,323.31346978019195,2.102486004089005,1.6843717419532478e-08,0.4806266470717078,323.315,0.04986
210420.0,323.3134726476763,2.0753482363139577,323.3134700243576,2.102382134759346,1.68410312774691e-08,0.4806033956542761,323.315,0.04986
210480.0,323.31347289135266,2.0752499546192977,323.3134702684849,2.102278282227352,1.6838345557698453e-08,0.4805801479448551,323.315,0.04986
210540.0,323.31347313499066,2.0751516883784467,323.31347051257376,2.1021744464902907,1.6835660260156105e-08,0.4805569039428616,323.315,0.04986
210600.0,323.31347337859034,2.0750534375890597,323.31347075662416,2.1020706275454315,1.6832975384778138e-08,0.4805336636477127,323.315,0.04986
210660.0,323.31347362215166,2.074955202248792,323.3134710006362,2.1019668253900425,1.6830290931500223e-08,0.4805104270588258,323.315,0.04986
210720.0,323.3134738656747,2.074856982355299,323.3134712446098,2.1018630400213936,1.6827606900259294e-08,0.4804871941756181,323.315,0.04986
210780.0,323.3134741091594,2.0747587779062364,323.313471488545,2.1017592714367543,1.6824923290989912e-08,0.4804639649975071,323.315,0.04986
210840.0,323.3134743526058,2.0746605888992606,323.3134717324418,2.1016555196333946,1.682224010362928e-08,0.48044073952391025,323.315,0.04986
210900.0,323.3134745960139,2.0745624153320286,323.31347197630026,2.1015517846085854,1.681955733811232e-08,0.4804175177542451,323.315,0.04986
210960.0,323.31347483938373,2.0744642572021963,323.31347222012033,2.101448066359598,1.681687499437612e-08,0.48039429968792957,323.315,0.04986
211020.0,323.31347508271523,2.074366114507421,323.31347246390203,2.101344364883704,1.6814193072355698e-08,0.48037108532438105,323.315,0.04986
211080.0,323.3134753260085,2.074267987245361,323.3134727076453,2.1012406801781753,1.6811511571988245e-08,0.4803478746630177,323.315,0.04986
211140.0,323.3134755692634,2.0741698754136735,323.31347295135026,2.101137012240285,1.6808830493208403e-08,0.48032466770325716,323.315,0.04986
211200.0,323.3134758124801,2.0740717790100174,323.3134731950169,2.101033361067305,1.6806149835953266e-08,0.48030146444451777,323.315,0.04986
211260.0,323.3134760556585,2.0739736980320513,323.31347343864513,2.1009297266565095,1.6803469600158437e-08,0.4802782648862175,323.315,0.04986
211320.0,323.3134762987986,2.0738756324774332,323.3134736822351,2.1008261090051725,1.680078978576016e-08,0.4802550690277746,323.315,0.04986
211380.0,323.31347654190046,2.073777582343822,323.3134739257867,2.1007225081105685,1.67981103926944e-08,0.4802318768686072,323.315,0.04986
211440.0,323.3134767849641,2.0736795476288785,323.3134741692999,2.1006189239699715,1.679543142089722e-08,0.4802086884081339,323.315,0.04986
211500.0,323.31347702798945,2.0735815283302603,323.31347441277484,2.100515356580657,1.6792752870304328e-08,0.4801855036457731,323.315,0.04986
211560.0,323.31347727097665,2.0734835244456296,323.3134746562114,2.1004118059399017,1.6790074740852676e-08,0.48016232258094327,323.315,0.04986
211620.0,323.3134775139256,2.073385535972646,323.3134748996097,2.100308272044981,1.6787397032478047e-08,0.4801391452130631,323.315,0.04986
211680.0,323.3134777568363,2.073287562908969,323.31347514296965,2.100204754893171,1.678471974511608e-08,0.48011597154155145,323.315,0.04986
211740.0,323.3134779997087,2.073189605252262,323.3134753862913,2.100101254481749,1.6782042878702974e-08,0.48009280156582695,323.315,0.04986
211800.0,323.31347824254294,2.073091663000185,323.31347562957467,2.0999977708079927,1.6779366433175513e-08,0.4800696352853086,323.315,0.04986
211860.0,323.313478485339,2.0729937361503996,323.3134758728197,2.09989430386918,1.6776690408469475e-08,0.4800464726994155,323.315,0.04986
211920.0,323.31347872809675,2.0728958247005673,323.3134761160265,2.0997908536625896,1.6774014804520552e-08,0.48002331380756647,323.315,0.04986
211980.0,323.31347897081633,2.0727979286483524,323.313476359195,2.0996874201854996,1.67713396212655e-08,0.480000158609181,323.315,0.04986
212040.0,323.31347921349777,2.0727000479914164,323.3134766023253,2.0995840034351905,1.676866485864006e-08,0.4799770071036783,323.315,0.04986
212100.0,323.313479456141,2.0726021827274224,323.31347684541726,2.099480603408941,1.6765990516580996e-08,0.4799538592904774,323.315,0.04986
212160.0,323.31347969874605,2.0725043328540327,323.31347708847096,2.0993772201040315,1.6763316595023815e-08,0.479930715168998,323.315,0.04986
212220.0,323.313479941313,2.072406498368913,323.3134773314864,2.099273853517743,1.6760643093905314e-08,0.4799075747386597,323.315,0.04986
212280.0,323.31348018384176,2.0723086792697254,323.3134775744636,2.099170503647356,1.6757970013161536e-08,0.479884437998882,323.315,0.04986
212340.0,323.3134804263323,2.072210875554135,323.3134778174026,2.099067170490153,1.6755297352728192e-08,0.4798613049490846,323.315,0.04986
212400.0,323.31348066878473,2.0721130872198055,323.3134780603033,2.098963854043415,1.6752625112542006e-08,0.4798381755886872,323.315,0.04986
212460.0,323.31348091119895,2.0720153142644024,323.31347830316577,2.098860554304425,1.6749953292538743e-08,0.4798150499171098,323.315,0.04986
212520.0,323.313481153575,2.071917556685591,323.31347854599005,2.0987572712704665,1.674728189265494e-08,0.47979192793377246,323.315,0.04986
212580.0,323.313481395913,2.071819814481036,323.3134787887761,2.098654004938822,1.6744610912826983e-08,0.4797688096380952,323.315,0.04986
212640.0,323.31348163821286,2.0717220876484044,323.3134790315239,2.0985507553067757,1.6741940352990925e-08,0.47974569502949793,323.315,0.04986
212700.0,323.3134818804745,2.071624376185362,323.31347927423354,2.0984475223716115,1.6739270213083e-08,0.47972258410740126,323.315,0.04986
212760.0,323.3134821226981,2.0715266800895744,323.313479516905,2.098344306130614,1.673660049303969e-08,0.47969947687122505,323.315,0.04986
212820.0,323.3134823648835,2.0714289993587096,323.31347975953815,2.0982411065810695,1.673393119279669e-08,0.4796763733203899,323.315,0.04986
212880.0,323.31348260703083,2.0713313339904342,323.3134800021332,2.0981379237202624,1.6731262312290907e-08,0.47965327345431663,323.315,0.04986
212940.0,323.3134828491401,2.071233683982416,323.31348024468997,2.098034757545479,1.6728593851458737e-08,0.4796301772724254,323.315,0.04986
213000.0,323.31348309121114,2.071136049332323,323.3134804872086,2.0979316080540062,1.6725925810235874e-08,0.4796070847741372,323.315,0.04986
213060.0,323.31348333324416,2.071038430037823,323.31348072968905,2.0978284752431304,1.672325818855912e-08,0.4795839959588724,323.315,0.04986
213120.0,323.3134835752391,2.0709408260965834,323.31348097213134,2.097725359110139,1.6720590986364457e-08,0.4795609108260523,323.315,0.04986
213180.0,323.31348381719596,2.070843237506274,323.31348121453544,2.097622259652321,1.671792420358833e-08,0.4795378293750975,323.315,0.04986
213240.0,323.3134840591147,2.070745664264564,323.3134814569014,2.097519176866963,1.6715257840167296e-08,0.4795147516054292,323.315,0.04986
213300.0,323.3134843009954,2.0706481063691227,323.31348169922927,2.097416110751355,1.671259189603743e-08,0.4794916775164684,323.315,0.04986
213360.0,323.31348454283807,2.070550563817619,323.31348194151894,2.097313061302786,1.670992637113504e-08,0.4794686071076363,323.315,0.04986
213420.0,323.31348478464264,2.0704530366077236,323.3134821837706,2.097210028518546,1.67072612653968e-08,0.4794455403783542,323.315,0.04986
213480.0,323.3134850264092,2.0703555247371055,323.313482425984,2.097107012395924,1.6704596578759144e-08,0.4794224773280436,323.315,0.04986
213540.0,323.31348526813764,2.0702580282034377,323.3134826681593,2.097004012932212,1.6701932311157617e-08,0.4793994179561259,323.315,0.04986
213600.0,323.3134855098281,2.07016054700439,323.31348291029644,2.0969010301246995,1.6699268462529824e-08,0.4793763622620225,323.315,0.04986
213660.0,323.3134857514805,2.070063081137632,323.31348315239546,2.0967980639706787,1.669660503281112e-08,0.4793533102451552,323.315,0.04986
213720.0,323.31348599309484,2.069965630600837,323.31348339445634,2.0966951144674417,1.669394202193838e-08,0.47933026190494565,323.315,0.04986
213780.0,323.3134862346712,2.0698681953916775,323.31348363647913,2.0965921816122806,1.669127942984795e-08,0.47930721724081593,323.315,0.04986
213840.0,323.3134864762095,2.069770775507825,323.31348387846384,2.096489265402488,1.6688617256476466e-08,0.47928417625218755,323.315,0.04986
213900.0,323.31348671770985,2.069673370946952,323.31348412041046,2.096386365835358,1.6685955501760084e-08,0.4792611389384826,323.315,0.04986
213960.0,323.31348695917217,2.0695759817067314,323.313484362319,2.096283482908183,1.6683294165635608e-08,0.4792381052991233,323.315,0.04986
214020.0,323.31348720059646,2.069478607784837,323.3134846041895,2.0961806166182573,1.6680633248038846e-08,0.4792150753335318,323.315,0.04986
214080.0,323.3134874419828,2.0693812491789414,323.3134848460219,2.096077766962877,1.6677972748906655e-08,0.4791920490411301,323.315,0.04986
214140.0,323.3134876833311,2.069283905886719,323.3134850878162,2.0959749339393356,1.667531266817591e-08,0.47916902642134096,323.315,0.04986
214200.0,323.31348792464144,2.0691865779058434,323.3134853295725,2.0958721175449293,1.6672653005782123e-08,0.4791460074735864,323.315,0.04986
214260.0,323.3134881659137,2.0690892652339894,323.31348557129064,2.0957693177769534,1.666999376166215e-08,0.47912299219728927,323.315,0.04986
214320.0,323.3134884071481,2.0689919678688327,323.3134858129708,2.0956665346327052,1.6667334935753064e-08,0.4790999805918719,323.315,0.04986
214380.0,323.31348864834445,2.068894685808047,323.31348605461284,2.0955637681094816,1.6664676527990563e-08,0.479076972656757,323.315,0.04986
214440.0,323.3134888895029,2.068797419049309,323.31348629621687,2.0954610182045785,1.666201853831185e-08,0.47905396839136766,323.315,0.04986
214500.0,323.31348913062334,2.0687001675902925,323.31348653778286,2.095358284915295,1.665936096665289e-08,0.47903096779512644,323.315,0.04986
214560.0,323.3134893717059,2.068602931428676,323.31348677931084,2.0952555682389287,1.6656703812950746e-08,0.4790079708674564,323.315,0.04986
214620.0,323.3134896127505,2.0685057105621327,323.3134870208007,2.0951528681727782,1.6654047077141732e-08,0.4789849776077805,323.315,0.04986
214680.0,323.31348985375723,2.0684085049883425,323.31348726225264,2.0950501847141427,1.66513907591623e-08,0.4789619880155219,323.315,0.04986
214740.0,323.313490094726,2.0683113147049816,323.3134875036665,2.0949475178603216,1.664873485894903e-08,0.47893900209010415,323.315,0.04986
214800.0,323.31349033565675,2.0682141397097267,323.31348774504244,2.0948448676086153,1.664607937643837e-08,0.47891601983095,323.315,0.04986
214860.0,323.3134905765496,2.068116980000255,323.3134879863804,2.0947422339563238,1.6643424311567023e-08,0.47889304123748316,323.315,0.04986
214920.0,323.31349081740456,2.0680198355742467,323.31348822768035,2.0946396169007477,1.664076966427136e-08,0.47887006630912704,323.315,0.04986
214980.0,323.3134910582216,2.0679227064293775,323.3134884689423,2.094537016439189,1.6638115434488197e-08,0.47884709504530537,323.315,0.04986
215040.0,323.3134912990007,2.0678255925633273,323.31348871016627,2.094434432568949,1.6635461622154423e-08,0.47882412744544145,323.315,0.04986
215100.0,323.3134915397419,2.0677284939737754,323.3134889513522,2.0943318652873297,1.6632808227206095e-08,0.4788011635089594,323.315,0.04986
215160.0,323.31349178044525,2.067631410658401,323.31348919250024,2.0942293145916344,1.6630155249580134e-08,0.4787782032352827,323.315,0.04986
215220.0,323.3134920211107,2.0675343426148824,323.31348943361024,2.0941267804791655,1.6627502689212682e-08,0.4787552466238356,323.315,0.04986
215280.0,323.31349226173825,2.0674372898409006,323.3134896746823,2.094024262947227,1.662485054604138e-08,0.4787322936740419,323.315,0.04986
215340.0,323.31349250232796,2.0673402523341355,323.3134899157164,2.0939217619931227,1.6622198820002133e-08,0.4787093443853257,323.315,0.04986
215400.0,323.31349274287976,2.0672432300922674,323.31349015671253,2.0938192776141573,1.661954751103142e-08,0.47868639875711144,323.315,0.04986
215460.0,323.31349298339376,2.067146223112978,323.31349039767076,2.0937168098076357,1.6616896619066724e-08,0.478663456788823,323.315,0.04986
215520.0,323.31349322386995,2.0670492313939475,323.3134906385911,2.0936143585708633,1.6614246144043877e-08,0.4786405184798848,323.315,0.04986
215580.0,323.31349346430824,2.0669522549328576,323.3134908794734,2.0935119239011453,1.6611596085900192e-08,0.4786175838297216,323.315,0.04986
215640.0,323.31349370470866,2.0668552937273903,323.31349112031785,2.0934095057957878,1.6608946444572038e-08,0.47859465283775754,323.315,0.04986
215700.0,323.31349394507123,2.0667583477752274,323.31349136112436,2.0933071042520983,1.6606297219995634e-08,0.4785717255034175,323.315,0.04986
215760.0,323.31349418539594,2.0666614170740525,323.31349160189296,2.0932047192673835,1.6603648412108318e-08,0.478548801826126,323.315,0.04986
215820.0,323.3134944256828,2.0665645016215475,323.31349184262365,2.093102350838951,1.660100002084638e-08,0.4785258818053082,323.315,0.04986
215880.0,323.31349466593184,2.066467601415395,323.3134920833164,2.0929999989641086,1.659835204614699e-08,0.4785029654403885,323.315,0.04986
215940.0,323.3134949061431,2.066370716453279,323.31349232397133,2.092897663640165,1.6595704487946783e-08,0.47848005273079197,323.315,0.04986
216000.0,323.31349514631654,2.0662738467328836,323.3134925645883,2.0927953448644288,1.6593057346182237e-08,0.47845714367594394,323.315,0.04986
216060.0,323.3134953864522,2.0661769922518927,323.31349280516736,2.09269304263421,1.6590410620790884e-08,0.4784342382752695,323.315,0.04986
216120.0,323.31349562655004,2.0660801530079898,323.3134930457085,2.0925907569468176,1.658776431170824e-08,0.47841133652819356,323.315,0.04986
216180.0,323.3134958666101,2.0659833289988603,323.31349328621184,2.0924884877995624,1.6585118418871858e-08,0.47838843843414164,323.315,0.04986
216240.0,323.31349610663233,2.0658865202221888,323.3134935266773,2.092386235189755,1.658247294221846e-08,0.47836554399253917,323.315,0.04986
216300.0,323.31349634661683,2.0657897266756606,323.3134937671049,2.0922839991147066,1.6579827881684494e-08,0.47834265320281166,323.315,0.04986
216360.0,323.31349658656353,2.065692948356962,323.3134940074946,2.0921817795717286,1.6577183237206894e-08,0.4783197660643846,323.315,0.04986
216420.0,323.31349682647243,2.0655961852637788,323.31349424784656,2.092079576558133,1.6574539008722755e-08,0.4782968825766837,323.315,0.04986
216480.0,323.31349706634353,2.065499437393796,323.3134944881606,2.091977390071232,1.657189519616822e-08,0.4782740027391346,323.315,0.04986
216540.0,323.31349730617694,2.0654027047447014,323.3134947284368,2.091875220108339,1.6569251799480943e-08,0.4782511265511635,323.315,0.04986
216600.0,323.3134975459726,2.065305987314182,323.31349496867523,2.091773066666767,1.656660881859734e-08,0.4782282540121958,323.315,0.04986
216660.0,323.31349778573053,2.0652092850999244,323.3134952088758,2.0916709297438296,1.6563966253454477e-08,0.47820538512165794,323.315,0.04986
216720.0,323.3134980254507,2.065112598099616,323.3134954490385,2.091568809336841,1.656132410398873e-08,0.4781825198789758,323.315,0.04986
216780.0,323.31349826513315,2.065015926310945,323.31349568916346,2.0914667054431173,1.655868237013718e-08,0.47815965828357565,323.315,0.04986
216840.0,323.31349850477784,2.0649192697315994,323.31349592925056,2.091364618059972,1.6556041051836655e-08,0.47813680033488376,323.315,0.04986
216900.0,323.3134987443848,2.064822628359269,323.31349616929987,2.0912625471847215,1.655340014902383e-08,0.4781139460323266,323.315,0.04986
216960.0,323.313498983954,2.064726002191641,323.31349640931137,2.0911604928146814,1.6550759661636083e-08,0.47809109537533023,323.315,0.04986
217020.0,323.3134992234855,2.064629391226405,323.3134966492851,2.0910584549471682,1.6548119589609753e-08,0.47806824836332157,323.315,0.04986
217080.0,323.3134994629792,2.0645327954612505,323.3134968892211,2.0909564335794992,1.6545479932882067e-08,0.4780454049957272,323.315,0.04986
217140.0,323.31349970243537,2.0644362148938677,323.31349712911924,2.0908544287089916,1.6542840691389925e-08,0.47802256527197373,323.315,0.04986
217200.0,323.31349994185376,2.064339649521946,323.3134973689796,2.0907524403329636,1.6540201865070592e-08,0.477999729191488,323.315,0.04986
217260.0,323.3135001812345,2.0642430993431757,323.31349760880215,2.0906504684487324,1.653756345385998e-08,0.4779768967536968,323.315,0.04986
217320.0,323.31350042057755,2.064146564355248,323.31349784858696,2.0905485130536174,1.653492545769599e-08,0.4779540679580273,323.315,0.04986
217380.0,323.31350065988295,2.064050044555854,323.31349808833403,2.090446574144938,1.6532287876515204e-08,0.47793124280390636,323.315,0.04986
217440.0,323.31350089915065,2.063953539942685,323.3134983280433,2.0903446517200126,1.652965071025445e-08,0.4779084212907613,323.315,0.04986
217500.0,323.3135011383807,2.063857050513432,323.3134985677149,2.0902427457761625,1.652701395885088e-08,0.4778856034180192,323.315,0.04986
217560.0,323.313501377573,2.0637605762657882,323.31349880734865,2.090140856310707,1.6524377622241213e-08,0.4778627891851075,323.315,0.04986
217620.0,323.3135016167277,2.063664117197444,323.31349904694474,2.090038983320968,1.652174170036249e-08,0.4778399785914535,323.315,0.04986
217680.0,323.3135018558448,2.0635676733060944,323.3134992865031,2.089937126804266,1.6519106193151932e-08,0.4778171716364849,323.315,0.04986
217740.0,323.31350209492416,2.0634712445894303,323.3134995260237,2.0898352867579235,1.6516471100545992e-08,0.4777943683196289,323.315,0.04986
217800.0,323.3135023339659,2.063374831045146,323.3134997655066,2.089733463179263,1.651383642248244e-08,0.47777156864031356,323.315,0.04986
217860.0,323.31350257297004,2.063278432670935,323.31350000495183,2.0896316560656056,1.6511202158897686e-08,0.4777487725979664,323.315,0.04986
217920.0,323.31350281193653,2.0631820494644915,323.3135002443593,2.0895298654142764,1.6508568309728953e-08,0.47772598019201545,323.315,0.04986
217980.0,323.31350305086534,2.063085681423509,323.3135004837291,2.0894280912225978,1.650593487491323e-08,0.47770319142188833,323.315,0.04986
218040.0,323.31350328975657,2.0629893285456813,323.3135007230612,2.089326333487894,1.6503301854387462e-08,0.4776804062870134,323.315,0.04986
218100.0,323.3135035286102,2.062892990828705,323.3135009623556,2.0892245922074895,1.6500669248089115e-08,0.4776576247868185,323.315,0.04986
218160.0,323.31350376742625,2.062796668270275,323.3135012016123,2.0891228673787094,1.6498037055954707e-08,0.47763484692073194,323.315,0.04986
218220.0,323.3135040062047,2.062700360868086,323.3135014408313,2.089021158998879,1.649540527792156e-08,0.4776120726881822,323.315,0.04986
218280.0,323.3135042449456,2.0626040686198337,323.3135016800127,2.0889194670653244,1.649277391392655e-08,0.47758930208859723,323.315,0.04986
218340.0,323.31350448364884,2.062507791523215,323.31350191915635,2.0888177915753707,1.6490142963907182e-08,0.4775665351214058,323.315,0.04986
218400.0,323.3135047223145,2.062411529575926,323.3135021582624,2.0887161325263457,1.6487512427800067e-08,0.47754377178603635,323.315,0.04986
218460.0,323.3135049609426,2.0623152827756632,323.31350239733075,2.088614489915576,1.648488230554279e-08,0.47752101208191755,323.315,0.04986
218520.0,323.31350519953315,2.062219051120123,323.31350263636153,2.088512863740389,1.6482252597071433e-08,0.4774982560084779,323.315,0.04986
218580.0,323.3135054380861,2.0621228346070053,323.31350287535463,2.088411253998113,1.6479623302324407e-08,0.4774755035651464,323.315,0.04986
218640.0,323.31350567660155,2.062026633234005,323.3135031143101,2.0883096606860763,1.6476994421238134e-08,0.4774527547513519,323.315,0.04986
218700.0,323.31350591507936,2.0619304469988213,323.3135033532279,2.0882080838016077,1.6474365953749748e-08,0.4774300095665232,323.315,0.04986
218760.0,323.31350615351965,2.0618342758991526,323.3135035921081,2.0881065233420366,1.6471737899796634e-08,0.4774072680100896,323.315,0.04986
218820.0,323.3135063919224,2.0617381199326976,323.3135038309506,2.088004979304693,1.64691102593153e-08,0.4773845300814803,323.315,0.04986
218880.0,323.3135066302876,2.061641979097155,323.31350406975554,2.087903451686907,1.6466483032243694e-08,0.4773617957801244,323.315,0.04986
218940.0,323.31350686861526,2.061545853390225,323.3135043085229,2.0878019404860084,1.6463856218519034e-08,0.47733906510545104,323.315,0.04986
219000.0,323.3135071069054,2.0614497428096046,323.3135045472526,2.0877004456993293,1.6461229818077594e-08,0.4773163380568899,323.315,0.04986
219060.0,323.313507345158,2.0613536473529965,323.31350478594476,2.0875989673242015,1.6458603830857087e-08,0.47729361463387027,323.315,0.04986
219120.0,323.3135075833731,2.0612575670181004,323.3135050245993,2.087497505357956,1.645597825679491e-08,0.47727089483582197,323.315,0.04986
219180.0,323.3135078215507,2.061161501802615,323.3135052632163,2.0873960597979253,1.6453353095828016e-08,0.47724817866217456,323.315,0.04986
219240.0,323.3135080596908,2.061065451704243,323.31350550179565,2.0872946306414435,1.6450728347893728e-08,0.4772254661123576,323.315,0.04986
219300.0,323.3135082977934,2.0609694167206856,323.31350574033746,2.0871932178858428,1.6448104012928975e-08,0.47720275718580124,323.315,0.04986
219360.0,323.31350853585855,2.060873396849643,323.3135059788417,2.0870918215284573,1.6445480090871432e-08,0.4771800518819351,323.315,0.04986
219420.0,323.31350877388616,2.060777392088818,323.3135062173084,2.086990441566621,1.6442856581657827e-08,0.4771573502001894,323.315,0.04986
219480.0,323.3135090118763,2.060681402435913,323.3135064557375,2.0868890779976685,1.6440233485225886e-08,0.47713465213999423,323.315,0.04986
219540.0,323.313509249829,2.060585427888629,323.31350669412905,2.0867877308189353,1.6437610801512447e-08,0.47711195770077963,323.315,0.04986
219600.0,323.3135094877442,2.060489468444671,323.31350693248305,2.086686400027756,1.6434988530455208e-08,0.4770892668819761,323.315,0.04986
219660.0,323.313509725622,2.060393524101741,323.31350717079954,2.0865850856214676,1.6432366671990762e-08,0.47706657968301375,323.315,0.04986
219720.0,323.3135099634623,2.060297594857542,323.31350740907845,2.0864837875974054,1.642974522605717e-08,0.4770438961033234,323.315,0.04986
219780.0,323.31351020126516,2.0602016807097785,323.31350764731985,2.0863825059529075,1.6427124192591547e-08,0.477021216142335,323.315,0.04986
219840.0,323.31351043903055,2.060105781656154,323.31350788552373,2.08628124068531,1.6424503571530535e-08,0.4769985397994796,323.315,0.04986
219900.0,323.31351067675854,2.060009897694372,323.31350812369004,2.086179991791951,1.642188336281195e-08,0.4769758670741879,323.315,0.04986
219960.0,323.31351091444907,2.0599140288221394,323.3135083618189,2.086078759270168,1.6419263566373008e-08,0.47695319796589053,323.315,0.04986
220020.0,323.3135111521022,2.059818175037159,323.3135085999102,2.0859775431173007,1.6416644182151308e-08,0.4769305324740184,323.315,0.04986
220080.0,323.3135113897178,2.0597223363371366,323.31350883796404,2.0858763433306873,1.6414025210083393e-08,0.47690787059800255,323.315,0.04986
220140.0,323.31351162729607,2.0596265127197784,323.3135090759804,2.085775159907668,1.6411406650107506e-08,0.4768852123372741,323.315,0.04986
220200.0,323.3135118648369,2.05953070418279,323.31350931395923,2.0856739928455825,1.640878850216041e-08,0.47686255769126384,323.315,0.04986
220260.0,323.3135121023403,2.059434910723878,323.3135095519006,2.085572842141771,1.6406170766179562e-08,0.4768399066594034,323.315,0.04986
220320.0,323.3135123398064,2.0593391323407477,323.31350978980447,2.0854717077935745,1.6403553442102715e-08,0.4768172592411239,323.315,0.04986
220380.0,323.313512577235,2.0592433690311074,323.31351002767093,2.085370589798334,1.6400936529866726e-08,0.4767946154358568,323.315,0.04986
220440.0,323.3135128146263,2.059147620792664,323.3135102654999,2.0852694881533913,1.6398320029409264e-08,0.47677197524303355,323.315,0.04986
220500.0,323.3135130519801,2.0590518876231245,323.31351050329135,2.085168402856089,1.6395703940667805e-08,0.4767493386620857,323.315,0.04986
220560.0,323.3135132892966,2.058956169520197,323.3135107410454,2.0850673339037686,1.639308826357948e-08,0.47672670569244485,323.315,0.04986
220620.0,323.3135135265758,2.0588604664815913,323.313510978762,2.0849662812937737,1.6390472998081707e-08,0.47670407633354284,323.315,0.04986
220680.0,323.3135137638175,2.0587647785050134,323.3135112164411,2.084865245023448,1.6387858144111855e-08,0.47668145058481143,323.315,0.04986
220740.0,323.31351400102193,2.058669105588173,323.3135114540828,2.084764225090135,1.6385243701607497e-08,0.47665882844568275,323.315,0.04986
220800.0,323.313514238189,2.0585734477287794,323.3135116916871,2.084663221491178,1.6382629670506254e-08,0.47663620991558847,323.315,0.04986
220860.0,323.31351447531864,2.058477804924542,323.31351192925393,2.084562234223924,1.638001605074497e-08,0.4766135949939609,323.315,0.04986
220920.0,323.313514712411,2.0583821771731703,323.3135121667833,2.0844612632857165,1.6377402842262002e-08,0.47659098368023217,323.315,0.04986
220980.0,323.31351494946597,2.0582865644723745,323.31351240427534,2.0843603086739013,1.6374790044993714e-08,0.4765683759738345,323.315,0.04986
221040.0,323.31351518648364,2.058190966819865,323.3135126417299,2.084259370385825,1.6372177658878395e-08,0.4765457718742003,323.315,0.04986
221100.0,323.313515423464,2.0580953842133516,323.3135128791471,2.084158448418834,1.6369565683853348e-08,0.47652317138076195,323.315,0.04986
221160.0,323.31351566040706,2.057999816650546,323.3135131165269,2.084057542770275,1.6366954119855746e-08,0.47650057449295213,323.315,0.04986
221220.0,323.31351589731275,2.057904264129159,323.3135133538693,2.0839566534374954,1.636434296682334e-08,0.4764779812102032,323.315,0.04986
221280.0,323.31351613418116,2.057808726646903,323.31351359117434,2.083855780417843,1.6361732224693835e-08,0.47645539153194794,323.315,0.04986
221340.0,323.31351637101227,2.05771320420149,323.313513828442,2.0837549237086663,1.6359121893404117e-08,0.476432805457619,323.315,0.04986
221400.0,323.3135166078061,2.057617696790632,323.3135140656722,2.083654083307314,1.6356511972892162e-08,0.47641022298664953,323.315,0.04986
221460.0,323.3135168445626,2.0575222044120416,323.31351430286514,2.0835532592111354,1.6353902463095525e-08,0.4763876441184724,323.315,0.04986
221520.0,323.3135170812819,2.0574267270634303,323.3135145400206,2.0834524514174793,1.635129336395159e-08,0.4763650688525207,323.315,0.04986
221580.0,323.3135173179639,2.0573312647425146,323.3135147771387,2.0833516599236965,1.634868467539795e-08,0.4763424971882272,323.315,0.04986
221640.0,323.31351755460855,2.0572358174470047,323.31351501421955,2.083250884727137,1.6346076397371843e-08,0.47631992912502547,323.315,0.04986
221700.0,323.313517791216,2.057140385174616,323.31351525126297,2.083150125825152,1.6343468529811644e-08,0.4762973646623488,323.315,0.04986
221760.0,323.3135180277861,2.057044967923062,323.3135154882691,2.0830493832150925,1.63408610726539e-08,0.47627480379963033,323.315,0.04986
221820.0,323.313518264319,2.0569495656900587,323.31351572523783,2.0829486568943105,1.6338254025836962e-08,0.47625224653630377,323.315,0.04986
221880.0,323.31351850081455,2.056854178473319,323.3135159621693,2.0828479468601584,1.6335647389297634e-08,0.47622969287180256,323.315,0.04986
221940.0,323.31351873727294,2.056758806270559,323.31351619906343,2.0827472531099884,1.6333041162974424e-08,0.47620714280556037,323.315,0.04986
222000.0,323.31351897369404,2.056663449079494,323.31351643592023,2.082646575641154,1.633043534680435e-08,0.4761845963370109,323.315,0.04986
222060.0,323.31351921007797,2.0565681068978385,323.31351667273975,2.082545914451009,1.6327829940725357e-08,0.47616205346558793,323.315,0.04986
222120.0,323.3135194464246,2.05647277972331,323.313516909522,2.082445269536906,1.6325224944674555e-08,0.4761395141907254,323.315,0.04986
222180.0,323.31351968273407,2.0563774675536246,323.3135171462669,2.082344640896201,1.632262035859018e-08,0.47611697851185736,323.315,0.04986
222240.0,323.3135199190063,2.056282170386499,323.3135173829745,2.0822440285262482,1.6320016182409814e-08,0.47609444642841775,323.315,0.04986
222300.0,323.31352015524135,2.05618688821965,323.3135176196448,2.082143432424403,1.6317412416070643e-08,0.47607191793984077,323.315,0.04986
222360.0,323.31352039143917,2.0560916210507942,323.31351785627777,2.08204285258802,1.6314809059510582e-08,0.47604939304556093,323.315,0.04986
222420.0,323.3135206275998,2.0559963688776506,323.3135180928735,2.081942289014457,1.631220611266737e-08,0.4760268717450122,323.315,0.04986
222480.0,323.3135208637233,2.0559011316979365,323.31351832943193,2.0818417417010697,1.6309603575478536e-08,0.4760043540376292,323.315,0.04986
222540.0,323.3135210998095,2.0558059095093695,323.3135185659531,2.081741210645215,1.6307001447881795e-08,0.4759818399228463,323.315,0.04986
222600.0,323.3135213358585,2.0557107023096695,323.313518802437,2.0816406958442513,1.6304399729814744e-08,0.47595932940009805,323.315,0.04986
222660.0,323.31352157187035,2.0556155100965547,323.31351903888367,2.0815401972955354,1.630179842121534e-08,0.47593682246881924,323.315,0.04986
222720.0,323.313521807845,2.0555203328677445,323.3135192752931,2.081439714996426,1.6299197522020978e-08,0.4759143191284447,323.315,0.04986
222780.0,323.31352204378254,2.055425170620957,323.31351951166533,2.0813392489442823,1.6296597032169624e-08,0.4758918193784092,323.315,0.04986
222840.0,323.31352227968284,2.055330023353914,323.31351974800026,2.081238799136463,1.6293996951598555e-08,0.4758693232181478,323.315,0.04986
222900.0,323.3135225155461,2.055234891064334,323.31351998429795,2.081138365570328,1.6291397280246443e-08,0.475846830647095,323.315,0.04986
222960.0,323.31352275137215,2.0551397737499384,323.3135202205584,2.081037948243237,1.628879801805003e-08,0.47582434166468657,323.315,0.04986
223020.0,323.31352298716115,2.0550446714084485,323.31352045678165,2.080937547152551,1.6286199164947734e-08,0.4758018562703573,323.315,0.04986
223080.0,323.3135232229129,2.054949584037584,323.3135206929677,2.0808371622956305,1.628360072087711e-08,0.47577937446354257,323.315,0.04986
223140.0,323.31352345862757,2.0548545116350674,323.3135209291165,2.0807367936698373,1.6281002685775545e-08,0.4757568962436779,323.315,0.04986
223200.0,323.3135236943051,2.05475945419862,323.3135211652281,2.080636441272533,1.627840505958149e-08,0.47573442161019847,323.315,0.04986
223260.0,323.31352392994546,2.0546644117259634,323.3135214013026,2.0805361051010802,1.6275807842232038e-08,0.47571195056253995,323.315,0.04986
223320.0,323.31352416554864,2.0545693842148207,323.3135216373398,2.080435785152841,1.6273211033665302e-08,0.4756894831001379,323.315,0.04986
223380.0,323.31352440111476,2.0544743716629137,323.3135218733399,2.0803354814251795,1.6270614633819068e-08,0.47566701922242816,323.315,0.04986
223440.0,323.3135246366438,2.054379374067967,323.3135221093027,2.0802351939154584,1.626801864263111e-08,0.47564455892884644,323.315,0.04986
223500.0,323.3135248721358,2.054284391427702,323.3135223452284,2.0801349226210424,1.6265423060039617e-08,0.47562210221882856,323.315,0.04986
223560.0,323.3135251075907,2.0541894237398433,323.3135225811169,2.0800346675392953,1.626282788598199e-08,0.47559964909181046,323.315,0.04986
223620.0,323.31352534300856,2.0540944710021156,323.31352281696826,2.0799344286675825,1.6260233120396495e-08,0.4755771995472283,323.315,0.04986
223680.0,323.31352557838926,2.0539995332122407,323.3135230527824,2.079834206003269,1.6257638763220426e-08,0.47555475358451826,323.315,0.04986
223740.0,323.3135258137329,2.0539046103679457,323.31352328855945,2.0797339995437207,1.6255044814391662e-08,0.4755323112031165,323.315,0.04986
223800.0,323.31352604903947,2.0538097024669533,323.3135235242993,2.0796338092863036,1.6252451273848568e-08,0.4755098724024592,323.315,0.04986
223860.0,323.3135262843089,2.0537148095069906,323.313523760002,2.079533635228384,1.624985814152844e-08,0.4754874371819829,323.315,0.04986
223920.0,323.31352651954126,2.053619931485782,323.3135239956676,2.079433477367329,1.6247265417369183e-08,0.47546500554112414,323.315,0.04986
223980.0,323.3135267547366,2.0535250684010533,323.31352423129607,2.0793333357005075,1.6244673101308915e-08,0.47544257747931923,323.315,0.04986
224040.0,323.3135269898949,2.0534302202505312,323.3135244668874,2.0792332102252855,1.6242081193285805e-08,0.47542015299600504,323.315,0.04986
224100.0,323.3135272250162,2.0533353870319413,323.3135247024416,2.079133100939033,1.6239489693237672e-08,0.4753977320906182,323.315,0.04986
224160.0,323.31352746010043,2.0532405687430106,323.31352493795873,2.0790330078391177,1.6236898601102088e-08,0.4753753147625956,323.315,0.04986
224220.0,323.3135276951477,2.0531457653814673,323.31352517343873,2.07893293092291,1.623430791681749e-08,0.475352901011374,323.315,0.04986
224280.0,323.31352793015793,2.0530509769450367,323.3135254088817,2.078832870187778,1.6231717640321073e-08,0.47533049083639056,323.315,0.04986
224340.0,323.3135281651311,2.0529562034314486,323.3135256442875,2.078732825631093,1.6229127771551188e-08,0.47530808423708243,323.315,0.04986
224400.0,323.31352840006724,2.05286144483843,323.3135258796562,2.0786327972502248,1.6226538310445826e-08,0.4752856812128866,323.315,0.04986
224460.0,323.3135286349664,2.0527667011637085,323.31352611498784,2.0785327850425452,1.6223949256942637e-08,0.4752632817632403,323.315,0.04986
224520.0,323.31352886982853,2.0526719724050144,323.31352635028236,2.0784327890054253,1.622136061097997e-08,0.4752408858875809,323.315,0.04986
224580.0,323.3135291046537,2.052577258560075,323.3135265855398,2.0783328091362363,1.621877237249567e-08,0.4752184935853459,323.315,0.04986
224640.0,323.3135293394418,2.052482559626621,323.31352682076016,2.0782328454323515,1.6216184541427536e-08,0.4751961048559728,323.315,0.04986
224700.0,323.31352957419296,2.0523878756023812,323.3135270559435,2.078132897891143,1.621359711771373e-08,0.475173719698899,323.315,0.04986
224760.0,323.31352980890716,2.0522932064850856,323.31352729108977,2.078032966509984,1.6211010101292334e-08,0.4751513381135626,323.315,0.04986
224820.0,323.31353004358436,2.052198552272465,323.313527526199,2.077933051286248,1.6208423492101087e-08,0.47512896009940087,323.315,0.04986
224880.0,323.31353027822456,2.052103912962248,323.3135277612712,2.0778331522173095,1.620583729007804e-08,0.4751065856558519,323.315,0.04986
224940.0,323.3135305128278,2.052009288552167,323.3135279963063,2.077733269300542,1.6203251495161353e-08,0.47508421478235374,323.315,0.04986
225000.0,323.3135307473941,2.051914679039953,323.3135282313044,2.0776334025333214,1.6200666107289296e-08,0.47506184747834407,323.315,0.04986
225060.0,323.31353098192346,2.051820084423338,323.3135284662655,2.0775335519130227,1.6198081126399587e-08,0.4750394837432613,323.315,0.04986
225120.0,323.3135312164159,2.0517255047000527,323.3135287011896,2.0774337174370214,1.6195496552430233e-08,0.47501712357654363,323.315,0.04986
225180.0,323.3135314508713,2.051630939867829,323.3135289360767,2.077333899102694,1.6192912385319367e-08,0.47499476697762916,323.315,0.04986
225240.0,323.3135316852899,2.0515363899244,323.3135291709267,2.0772340969074166,1.6190328625005333e-08,0.4749724139459561,323.315,0.04986
225300.0,323.3135319196715,2.051441854867499,323.3135294057397,2.077134310848567,1.6187745271425756e-08,0.47495006448096333,323.315,0.04986
225360.0,323.3135321540162,2.0513473346948583,323.3135296405157,2.0770345409235222,1.6185162324518976e-08,0.47492771858208915,323.315,0.04986
225420.0,323.3135323883239,2.051252829404211,323.31352987525463,2.0769347871296606,1.6182579784222617e-08,0.47490537624877227,323.315,0.04986
225480.0,323.3135326225948,2.0511583389932913,323.3135301099566,2.0768350494643597,1.617999765047562e-08,0.47488303748045135,323.315,0.04986
225540.0,323.3135328568287,2.0510638634598326,323.31353034462165,2.0767353279249994,1.6177415923215666e-08,0.47486070227656507,323.315,0.04986
225600.0,323.31353309102576,2.0509694028015693,323.3135305792497,2.076635622508958,1.617483460238076e-08,0.47483837063655226,323.315,0.04986
225660.0,323.3135333251859,2.0508749570162363,323.3135308138407,2.076535933213616,1.6172253687909333e-08,0.47481604255985205,323.315,0.04986
225720.0,323.31353355930923,2.050780526101569,323.3135310483948,2.076436260036353,1.616967317973925e-08,0.4747937180459036,323.315,0.04986
225780.0,323.3135337933956,2.0506861100553024,323.3135312829119,2.07633660297455,1.6167093077808637e-08,0.47477139709414573,323.315,0.04986
225840.0,323.31353402744514,2.050591708875171,323.3135315173921,2.076236962025587,1.6164513382055968e-08,0.47474907970401786,323.315,0.04986
225900.0,323.31353426145773,2.050497322558911,323.31353175183534,2.076137337186846,1.6161934092418784e-08,0.47472676587495916,323.315,0.04986
225960.0,323.3135344954335,2.0504029511042594,323.3135319862417,2.076037728455709,1.6159355208835957e-08,0.47470445560640917,323.315,0.04986
226020.0,323.3135347293723,2.0503085945089525,323.313532220611,2.075938135829558,1.615677673124485e-08,0.4746821488978075,323.315,0.04986
226080.0,323.3135349632743,2.0502142527707257,323.31353245494347,2.0758385593057755,1.615419865958456e-08,0.47465984574859316,323.315,0.04986
226140.0,323.31353519713946,2.0501199258873184,323.31353268923897,2.0757389988817447,1.6151620993792403e-08,0.4746375461582063,323.315,0.04986
226200.0,323.31353543096776,2.050025613856466,323.3135329234976,2.0756394545548496,1.614904373380742e-08,0.4746152501260865,323.315,0.04986
226260.0,323.31353566475923,2.0499313166759077,323.31353315771923,2.0755399263224734,1.614646687956749e-08,0.4745929576516735,323.315,0.04986
226320.0,323.3135358985139,2.0498370343433807,323.313533391904,2.075440414182001,1.6143890431010763e-08,0.47457066873440734,323.315,0.04986
226380.0,323.3135361322317,2.0497427668566237,323.3135336260519,2.0753409181308173,1.6141314388075523e-08,0.4745483833737277,323.315,0.04986
226440.0,323.3135363659127,2.0496485142133745,323.3135338601628,2.075241438166308,1.6138738750699687e-08,0.47452610156907515,323.315,0.04986
226500.0,323.3135365995569,2.0495542764113734,323.31353409423684,2.0751419742858577,1.613616351882231e-08,0.47450382331988933,323.315,0.04986
226560.0,323.3135368331643,2.0494600534483585,323.313534328274,2.0750425264868535,1.6133588692380906e-08,0.4744815486256108,323.315,0.04986
226620.0,323.3135370667349,2.049365845322071,323.31353456227424,2.0749430947666823,1.6131014271313982e-08,0.4744592774856799,323.315,0.04986
226680.0,323.31353730026865,2.0492716520302485,323.31353479623766,2.0748436791227305,1.612844025555973e-08,0.47443700989953674,323.315,0.04986
226740.0,323.3135375337656,2.0491774735706327,323.31353503016413,2.074744279552385,1.6125866645056328e-08,0.47441474586662213,323.315,0.04986
226800.0,323.3135377672258,2.049083309940965,323.31353526405377,2.0746448960530346,1.612329343974247e-08,0.4743924853863766,323.315,0.04986
226860.0,323.3135380006492,2.0489891611389845,323.3135354979065,2.0745455286220675,1.6120720639556018e-08,0.47437022845824073,323.315,0.04986
226920.0,323.3135382340358,2.048895027162434,323.3135357317224,2.074446177256872,1.6118148244435524e-08,0.4743479750816552,323.315,0.04986
226980.0,323.3135384673856,2.0488009080090537,323.31353596550144,2.074346841954837,1.611557625431934e-08,0.47432572525606104,323.315,0.04986
227040.0,323.3135387006987,2.048706803676586,323.31353619924363,2.074247522713353,1.6113004669145313e-08,0.47430347898089886,323.315,0.04986
227100.0,323.313538933975,2.048612714162773,323.31353643294904,2.07414821952981,1.611043348885247e-08,0.4742812362556102,323.315,0.04986
227160.0,323.31353916721457,2.0485186394653567,323.31353666661767,2.074048932401597,1.610786271337896e-08,0.47425899707963565,323.315,0.04986
227220.0,323.3135394004174,2.048424579582081,323.31353690024946,2.0739496613261066,1.61052923426631e-08,0.47423676145241667,323.315,0.04986
227280.0,323.3135396335835,2.0483305345106873,323.31353713384436,2.0738504063007293,1.6102722376642662e-08,0.47421452937339426,323.315,0.04986
227340.0,323.3135398667128,2.04823650424892,323.3135373674025,2.0737511673228575,1.6100152815256672e-08,0.47419230084201003,323.315,0.04986
227400.0,323.3135400998054,2.0481424887945225,323.31353760092384,2.0736519443898827,1.609758365844347e-08,0.47417007585770515,323.315,0.04986
227460.0,323.31354033286124,2.0480484881452385,323.31353783440835,2.073552737499198,1.6095014906141303e-08,0.4741478544199215,323.315,0.04986
227520.0,323.3135405658804,2.047954502298814,323.3135380678561,2.0734535466481967,1.6092446558288375e-08,0.4741256365281004,323.315,0.04986
227580.0,323.3135407988628,2.047860531252991,323.313538301267,2.073354371834272,1.608987861482358e-08,0.4741034221816836,323.315,0.04986
227640.0,323.3135410318085,2.0477665750055163,323.3135385346411,2.0732552130548174,1.6087311075684472e-08,0.47408121138011317,323.315,0.04986
227700.0,323.31354126471746,2.047672633554135,323.3135387679784,2.0731560703072276,1.6084743940810508e-08,0.4740590041228303,323.315,0.04986
227760.0,323.31354149758977,2.0475787068965907,323.31353900127897,2.073056943588897,1.6082177210139535e-08,0.4740368004092774,323.315,0.04986
227820.0,323.3135417304254,2.0474847950306323,323.3135392345427,2.072957832897221,1.6079610883610196e-08,0.4740146002388965,323.315,0.04986
227880.0,323.31354196322434,2.0473908979540045,323.3135394677697,2.0728587382295958,1.607704496116047e-08,0.47399240361112976,323.315,0.04986
227940.0,323.3135421959866,2.047297015664453,323.31353970095995,2.0727596595834172,1.6074479442729195e-08,0.47397021052541893,323.315,0.04986
228000.0,323.3135424287122,2.047203148159726,323.31353993411346,2.072660596956081,1.6071914328255078e-08,0.473948020981207,323.315,0.04986
228060.0,323.3135426614011,2.0471092954375703,323.3135401672302,2.072561550344985,1.6069349617676074e-08,0.4739258349779356,323.315,0.04986
228120.0,323.3135428940533,2.047015457495733,323.3135404003103,2.072462519747526,1.606678531093071e-08,0.4739036525150477,323.315,0.04986
228180.0,323.3135431266689,2.0469216343319614,323.31354063335357,2.072363505161103,1.606422140795798e-08,0.4738814735919856,323.315,0.04986
228240.0,323.3135433592478,2.0468278259440043,323.31354086636014,2.0722645065831125,1.6061657908695793e-08,0.4738592982081921,323.315,0.04986
228300.0,323.31354359179005,2.04673403232961,323.31354109932994,2.072165524010954,1.6059094813083197e-08,0.4738371263631098,323.315,0.04986
228360.0,323.31354382429566,2.046640253486527,323.313541332263,2.0720665574420267,1.6056532121057832e-08,0.4738149580561813,323.315,0.04986
228420.0,323.31354405676467,2.0465464894125036,323.3135415651594,2.0719676068737303,1.605396983255919e-08,0.4737927932868498,323.315,0.04986
228480.0,323.31354428919695,2.046452740105291,323.31354179801906,2.071868672303464,1.6051407947525e-08,0.47377063205455816,323.315,0.04986
228540.0,323.3135445215927,2.0463590055626373,323.31354203084203,2.0717697537286286,1.6048846465894727e-08,0.47374847435874934,323.315,0.04986
228600.0,323.31354475395176,2.046265285782292,323.31354226362834,2.071670851146625,1.6046285387606007e-08,0.4737263201988665,323.315,0.04986
228660.0,323.3135449862742,2.0461715807620067,323.3135424963779,2.0715719645548543,1.6043724712597863e-08,0.473704169574353,323.315,0.04986
228720.0,323.3135452185601,2.0460778904995314,323.31354272909084,2.0714730939507184,1.604116444080853e-08,0.4736820224846519,323.315,0.04986
228780.0,323.31354545080933,2.0459842149926164,323.3135429617671,2.071374239331619,1.603860457217695e-08,0.4736598789292069,323.315,0.04986
228840.0,323.313545683022,2.045890554239014,323.3135431944067,2.071275400694959,1.603604510664176e-08,0.47363773890746114,323.315,0.04986
228900.0,323.3135459151981,2.0457969082364755,323.3135434270095,2.071176578038141,1.6033486044141277e-08,0.47361560241885825,323.315,0.04986
228960.0,323.3135461473376,2.045703276982751,323.3135436595757,2.0710777713585684,1.603092738461408e-08,0.473593469462842,323.315,0.04986
229020.0,323.31354637944054,2.045609660475595,323.3135438921052,2.070978980653645,1.6028369127998965e-08,0.4735713400388561,323.315,0.04986
229080.0,323.3135466115069,2.045516058712759,323.313544124598,2.070880205920776,1.6025811274234523e-08,0.4735492141463443,323.315,0.04986
229140.0,323.31354684353664,2.045422471691996,323.3135443570543,2.0707814471573642,1.6023253823258766e-08,0.4735270917847505,323.315,0.04986
229200.0,323.31354707552987,2.045328899411058,323.31354458947385,2.070682704360816,1.6020696775011265e-08,0.4735049729535187,323.315,0.04986
229260.0,323.31354730748643,2.0452353418676994,323.31354482185685,2.0705839775285364,1.6018140129429913e-08,0.47348285765209297,323.315,0.04986
229320.0,323.3135475394065,2.0451417990596736,323.3135450542032,2.0704852666579314,1.6015583886454055e-08,0.47346074587991743,323.315,0.04986
229380.0,323.31354777128996,2.0450482709847346,323.3135452865129,2.070386571746408,1.6013028046021403e-08,0.47343863763643623,323.315,0.04986
229440.0,323.31354800313693,2.044954757640636,323.31354551878604,2.070287892791373,1.6010472608071292e-08,0.4734165329210939,323.315,0.04986
229500.0,323.3135482349474,2.044861259025134,323.3135457510225,2.0701892297902327,1.600791757254287e-08,0.4733944317333348,323.315,0.04986
229560.0,323.31354846672133,2.0447677751359814,323.31354598322235,2.0700905827403955,1.6005362939373924e-08,0.47337233407260315,323.315,0.04986
229620.0,323.3135486984587,2.0446743059709354,323.3135462153856,2.0699919516392695,1.6002808708503444e-08,0.47335023993834374,323.315,0.04986
229680.0,323.3135489301596,2.0445808515277495,323.31354644751224,2.069893336484263,1.6000254879870124e-08,0.47332814933000117,323.315,0.04986
229740.0,323.31354916182397,2.044487411804182,323.3135466796023,2.0697947372727854,1.5997701453412805e-08,0.4733060622470203,323.315,0.04986
229800.0,323.3135493934518,2.044393986797987,323.3135469116558,2.069696154002245,1.5995148429069926e-08,0.47328397868884603,323.315,0.04986
229860.0,323.3135496250431,2.044300576506923,323.3135471436727,2.069597586670053,1.5992595806780095e-08,0.473261898654923,323.315,0.04986
229920.0,323.31354985659794,2.044207180928745,323.31354737565306,2.0694990352736187,1.599004358648295e-08,0.47323982214469634,323.315,0.04986
229980.0,323.31355008811624,2.0441138000612105,323.3135476075968,2.069400499810353,1.5987491768115947e-08,0.47321774915761106,323.315,0.04986
230040.0,323.3135503195981,2.0440204339020775,323.313547839504,2.069301980277667,1.5984940351618604e-08,0.4731956796931123,323.315,0.04986
230100.0,323.3135505510435,2.0439270824491036,323.31354807137467,2.069203476672972,1.598238933692968e-08,0.4731736137506453,323.315,0.04986
230160.0,323.3135507824524,2.043833745700047,323.31354830320873,2.06910498899368,1.5979838723988183e-08,0.47315155132965575,323.315,0.04986
230220.0,323.31355101382485,2.0437404236526655,323.3135485350063,2.0690065172372036,1.5977288512732244e-08,0.4731294924295885,323.315,0.04986
230280.0,323.31355124516085,2.043647116304718,323.3135487667673,2.068908061400956,1.597473870310094e-08,0.47310743704988956,323.315,0.04986
230340.0,323.3135514764603,2.043553823653963,323.3135489984918,2.068809621482349,1.597218929503279e-08,0.4730853851900042,323.315,0.04986
230400.0,323.3135517077234,2.043460545698161,323.3135492301797,2.068711197478798,1.5969640288466945e-08,0.4730633368493783,323.315,0.04986
230460.0,323.31355193894996,2.043367282435071,323.31354946183114,2.0686127893877164,1.596709168334255e-08,0.47304129202745737,323.315,0.04986
230520.0,323.31355217014004,2.0432740338624518,323.3135496934461,2.0685143972065183,1.5964543479597348e-08,0.47301925072368745,323.315,0.04986
230580.0,323.31355240129375,2.0431807999780647,323.31354992502446,2.0684160209326197,1.5961995677171047e-08,0.4729972129375145,323.315,0.04986
230640.0,323.313552632411,2.0430875807796696,323.3135501565663,2.0683176605634346,1.5959448276001998e-08,0.4729751786683843,323.315,0.04986
230700.0,323.3135528634919,2.042994376265029,323.31355038807163,2.0682193160963798,1.595690127603e-08,0.47295314791574317,323.315,0.04986
230760.0,323.31355309453636,2.0429011864319024,323.3135506195405,2.068120987528871,1.5954354677192395e-08,0.47293112067903714,323.315,0.04986
230820.0,323.3135533255444,2.0428080112780522,323.3135508509728,2.0680226748583252,1.5951808479429328e-08,0.47290909695771255,323.315,0.04986
230880.0,323.313553556516,2.0427148508012394,323.31355108236863,2.0679243780821595,1.594926268267901e-08,0.4728870767512156,323.315,0.04986
230940.0,323.3135537874512,2.0426217049992266,323.31355131372806,2.0678260971977904,1.5946717286880662e-08,0.4728650600589931,323.315,0.04986
231000.0,323.31355401835003,2.0425285738697756,323.313551545051,2.067727832202637,1.594417229197276e-08,0.472843046880491,323.315,0.04986
231060.0,323.3135542492124,2.042435457410649,323.3135517763375,2.0676295830941176,1.594162769789431e-08,0.47282103721515645,323.315,0.04986
231120.0,323.31355448003836,2.0423423556196116,323.31355200758753,2.0675313498696504,1.5939083504584026e-08,0.4727990310624359,323.315,0.04986
231180.0,323.313554710828,2.042249268494424,323.3135522388011,2.0674331325266544,1.59365397119816e-08,0.472777028421776,323.315,0.04986
231240.0,323.31355494158123,2.0421561960328525,323.3135524699782,2.0673349310625504,1.5933996320025288e-08,0.47275502929262386,323.315,0.04986
231300.0,323.31355517229815,2.0420631382326597,323.31355270111885,2.0672367454747573,1.5931453328654588e-08,0.47273303367442626,323.315,0.04986
231360.0,323.3135554029787,2.04197009509161,323.3135529322231,2.0671385757606964,1.5928910737807934e-08,0.47271104156663013,323.315,0.04986
231420.0,323.31355563362285,2.0418770666074675,323.3135531632908,2.0670404219177883,1.592636854742391e-08,0.47268905296868263,323.315,0.04986
231480.0,323.3135558642307,2.0417840527779987,323.3135533943221,2.066942283943454,1.5923826757442483e-08,0.47266706788003116,323.315,0.04986
231540.0,323.31355609480215,2.0416910536009665,323.313553625317,2.066844161835116,1.5921285367801564e-08,0.4726450863001227,323.315,0.04986
231600.0,323.3135563253373,2.041598069074139,323.3135538562755,2.066746055590196,1.591874437844084e-08,0.47262310822840486,323.315,0.04986
231660.0,323.31355655583604,2.0415050991952794,323.3135540871976,2.0666479652061174,1.5916203789299142e-08,0.47260113366432493,323.315,0.04986
231720.0,323.31355678629853,2.0414121439621553,323.3135543180833,2.066549890680302,1.591366360031563e-08,0.4725791626073305,323.315,0.04986
231780.0,323.31355701672464,2.0413192033725336,323.3135545489326,2.0664518320101743,1.591112381142866e-08,0.4725571950568693,323.315,0.04986
231840.0,323.31355724711443,2.0412262774241796,323.31355477974546,2.0663537891931574,1.5908584422577786e-08,0.4725352310123887,323.315,0.04986
231900.0,323.31355747746795,2.0411333661148614,323.31355501052195,2.066255762226676,1.5906045433701566e-08,0.4725132704733367,323.315,0.04986
231960.0,323.31355770778515,2.041040469442346,323.3135552412621,2.0661577511081544,1.5903506844739757e-08,0.4724913134391611,323.315,0.04986
232020.0,323.313557938066,2.0409475874044016,323.31355547196586,2.066059755835018,1.590096865563094e-08,0.47246935990931005,323.315,0.04986
232080.0,323.31355816831064,2.040854719998795,323.3135557026332,2.0659617764046927,1.5898430866314027e-08,0.47244740988323114,323.315,0.04986
232140.0,323.3135583985189,2.0407618672232957,323.3135559332642,2.0658638128146047,1.5895893476728107e-08,0.4724254633603729,323.315,0.04986
232200.0,323.3135586286909,2.040669029075672,323.31355616385883,2.0657658650621795,1.5893356486812592e-08,0.4724035203401835,323.315,0.04986
232260.0,323.31355885882664,2.040576205553693,323.313556394417,2.065667933144845,1.5890819896506135e-08,0.47238158082211107,323.315,0.04986
232320.0,323.31355908892607,2.0404833966551275,323.3135566249388,2.0655700170600277,1.5888283705747707e-08,0.472359644805604,323.315,0.04986
232380.0,323.31355931898923,2.0403906023777445,323.3135568554243,2.0654721168051564,1.5885747914476886e-08,0.47233771229011073,323.315,0.04986
232440.0,323.31355954901613,2.0402978227193147,323.31355708587347,2.0653742323776583,1.588321252263234e-08,0.47231578327507967,323.315,0.04986
232500.0,323.31355977900677,2.0402050576776087,323.3135573162864,2.0652763637749625,1.588067753015373e-08,0.47229385775995986,323.315,0.04986
232560.0,323.31356000896113,2.0401123072503964,323.31355754666293,2.065178510994498,1.5878142936979188e-08,0.4722719357441998,323.315,0.04986
232620.0,323.3135602388793,2.0400195714354483,323.3135577770032,2.0650806740336933,1.587560874304883e-08,0.47225001722724813,323.315,0.04986
232680.0,323.3135604687612,2.039926850230535,323.31355800730717,2.0649828528899796,1.5873074948301112e-08,0.4722281022085539,323.315,0.04986
232740.0,323.3135606986068,2.0398341436334304,323.3135582375748,2.0648850475607863,1.5870541552675352e-08,0.47220619068756586,323.315,0.04986
232800.0,323.3135609284162,2.0397414516419037,323.3135584678061,2.0647872580435442,1.5868008556110935e-08,0.4721842826637332,323.315,0.04986
232860.0,323.31356115818943,2.0396487742537275,323.31355869800115,2.0646894843356844,1.5865475958546747e-08,0.47216237813650513,323.315,0.04986
232920.0,323.3135613879264,2.0395561114666743,323.3135589281598,2.0645917264346387,1.5862943759922153e-08,0.4721404771053308,323.315,0.04986
232980.0,323.31356161762716,2.0394634632785165,323.3135591582822,2.0644939843378385,1.5860411960176045e-08,0.47211857956965925,323.315,0.04986
233040.0,323.31356184729174,2.0393708296870283,323.3135593883683,2.064396258042717,1.585788055924776e-08,0.47209668552894024,323.315,0.04986
233100.0,323.31356207692005,2.0392782106899814,323.31355961841814,2.0642985475467066,1.5855349557076037e-08,0.4720747949826231,323.315,0.04986
233160.0,323.3135623065122,2.039185606285149,323.3135598484317,2.0642008528472404,1.58528189536011e-08,0.4720529079301572,323.315,0.04986
233220.0,323.3135625360681,2.039093016470307,323.31356007840895,2.064103173941752,1.5850288748760978e-08,0.4720310243709923,323.315,0.04986
233280.0,323.3135627655879,2.039000441243229,323.31356030834996,2.064005510827676,1.5847758942495714e-08,0.47200914430457813,323.315,0.04986
233340.0,323.31356299507144,2.0389078806016885,323.3135605382547,2.063907863502447,1.584522953474434e-08,0.4719872677303646,323.315,0.04986
233400.0,323.3135632245189,2.038815334543461,323.31356076812324,2.0638102319634988,1.584270052544583e-08,0.4719653946478015,323.315,0.04986
233460.0,323.3135634539301,2.038722803066322,323.3135609979555,2.063712616208268,1.5840171914539425e-08,0.4719435250563388,323.315,0.04986
233520.0,323.3135636833052,2.038630286168046,323.31356122775156,2.0636150162341904,1.5837643701964587e-08,0.4719216589554263,323.315,0.04986
233580.0,323.3135639126441,2.038537783846409,323.3135614575114,2.0635174320387013,1.583511588766061e-08,0.4718997963445145,323.315,0.04986
233640.0,323.3135641419468,2.038445296099188,323.313561687235,2.063419863619238,1.5832588471566487e-08,0.4718779372230534,323.315,0.04986
233700.0,323.31356437121343,2.0383528229241588,323.31356191692237,2.0633223109732373,1.583006145362159e-08,0.47185608159049347,323.315,0.04986
233760.0,323.31356460044384,2.038260364319097,323.3135621465735,2.0632247740981366,1.5827534833765144e-08,0.47183422944628495,323.315,0.04986
233820.0,323.31356482963815,2.038167920281781,323.3135623761884,2.063127252991374,1.5825008611936485e-08,0.4718123807898783,323.315,0.04986
233880.0,323.31356505879626,2.0380754908099874,323.31356260576706,2.0630297476503876,1.582248278807484e-08,0.4717905356207242,323.315,0.04986
233940.0,323.3135652879183,2.0379830759014936,323.31356283530954,2.0629322580726166,1.5819957362120063e-08,0.4717686939382732,323.315,0.04986
234000.0,323.31356551700424,2.0378906755540793,323.3135630648158,2.0628347842554993,1.5817432334010327e-08,0.471746855741976,323.315,0.04986
234060.0,323.3135657460541,2.0377982897655196,323.31356329428587,2.0627373261964763,1.5814907703686177e-08,0.47172502103128344,323.315,0.04986
234120.0,323.3135659750679,2.0377059185335957,323.3135635237198,2.062639883892987,1.5812383471086465e-08,0.4717031898056464,323.315,0.04986
234180.0,323.3135662040455,2.0376135618560856,323.3135637531175,2.0625424573424724,1.580985963615027e-08,0.47168136206451566,323.315,0.04986
234240.0,323.31356643298705,2.0375212197307677,323.313563982479,2.0624450465423725,1.580733619881689e-08,0.4716595378073428,323.315,0.04986
234300.0,323.3135666618925,2.0374288921554227,323.3135642118044,2.062347651490129,1.58048131590261e-08,0.4716377170335784,323.315,0.04986
234360.0,323.31356689076176,2.03733657912783,323.31356444109366,2.0622502721831832,1.5802290516716632e-08,0.4716158997426741,323.315,0.04986
234420.0,323.313567119595,2.037244280645769,323.31356467034675,2.0621529086189776,1.579976827182855e-08,0.47159408593408075,323.315,0.04986
234480.0,323.3135673483922,2.0371519967070215,323.3135648995637,2.0620555607949553,1.5797246424301102e-08,0.4715722756072502,323.315,0.04986
234540.0,323.31356757715326,2.0370597273093667,323.3135651287445,2.0619582287085585,1.5794724974073038e-08,0.47155046876163376,323.315,0.04986
234600.0,323.3135678058783,2.036967472450586,323.3135653578891,2.061860912357231,1.5792203921084513e-08,0.47152866539668287,323.315,0.04986
234660.0,323.3135680345672,2.0368752321284616,323.3135655869976,2.0617636117384164,1.5789683265274344e-08,0.47150686551184917,323.315,0.04986
234720.0,323.3135682632201,2.036783006340774,323.3135658160699,2.061666326849559,1.578716300658246e-08,0.47148506910658455,323.315,0.04986
234780.0,323.3135684918369,2.0366907950853044,323.31356604510614,2.0615690576881045,1.578464314494823e-08,0.4714632761803408,323.315,0.04986
234840.0,323.3135687204177,2.036598598359837,323.3135662741063,2.061471804251496,1.578212368031052e-08,0.4714414867325697,323.315,0.04986
234900.0,323.3135689489625,2.0365064161621538,323.31356650307026,2.0613745665371805,1.5779604612609355e-08,0.47141970076272327,323.315,0.04986
234960.0,323.3135691774712,2.036414248490037,323.31356673199815,2.061277344542604,1.5777085941783787e-08,0.47139791827025357,323.315,0.04986
235020.0,323.3135694059439,2.03632209534127,323.31356696089,2.061180138265212,1.5774567667773563e-08,0.4713761392546127,323.315,0.04986
235080.0,323.3135696343806,2.036229956713637,323.3135671897457,2.0610829477024515,1.5772049790517982e-08,0.471354363715253,323.315,0.04986
235140.0,323.31356986278126,2.036137832604921,323.3135674185653,2.0609857728517698,1.5769532309956634e-08,0.47133259165162683,323.315,0.04986
235200.0,323.3135700911459,2.036045723012906,323.3135676473488,2.060888613710614,1.5767015226028723e-08,0.4713108230631862,323.315,0.04986
235260.0,323.31357031947454,2.0359536279353776,323.3135678760962,2.0607914702764325,1.5764498538674485e-08,0.471289057949384,323.315,0.04986
235320.0,323.3135705477672,2.0358615473701196,323.3135681048076,2.060694342546674,1.576198224783255e-08,0.4712672963096727,323.315,0.04986
235380.0,323.3135707760239,2.035769481314917,323.31356833348286,2.0605972305187867,1.5759466353442476e-08,0.4712455381435048,323.315,0.04986
235440.0,323.3135710042445,2.0356774297675555,323.3135685621221,2.060500134190221,1.575695085544434e-08,0.47122378345033317,323.315,0.04986
235500.0,323.31357123242924,2.03558539272582,323.31356879072524,2.0604030535584257,1.5754435753777174e-08,0.4712020322296104,323.315,0.04986
235560.0,323.3135714605779,2.035493370187498,323.31356901929234,2.0603059886208515,1.5751921048380724e-08,0.47118028448078975,323.315,0.04986
235620.0,323.3135716886906,2.035401362150374,323.31356924782347,2.0602089393749488,1.574940673919438e-08,0.4711585402033238,323.315,0.04986
235680.0,323.31357191676733,2.0353093686122357,323.3135694763185,2.0601119058181685,1.5746892826157798e-08,0.47113679939666603,323.315,0.04986
235740.0,323.3135721448082,2.035217389570869,323.3135697047775,2.060014887947962,1.5744379309210797e-08,0.4711150620602692,323.315,0.04986
235800.0,323.313572372813,2.035125425024061,323.3135699332004,2.0599178857617817,1.5741866188292208e-08,0.47109332819358685,323.315,0.04986
235860.0,323.3135726007819,2.035033474969601,323.31357016158734,2.0598208992570792,1.5739353463342596e-08,0.47107159779607194,323.315,0.04986
235920.0,323.3135728287149,2.034941539405274,323.31357038993826,2.0597239284313074,1.5736841134300584e-08,0.47104987086717826,323.315,0.04986
235980.0,323.3135730566119,2.0348496183288702,323.31357061825315,2.0596269732819192,1.573432920110659e-08,0.47102814740635895,323.315,0.04986
236040.0,323.313573284473,2.0347577117381777,323.313570846532,2.059530033806368,1.573181766369939e-08,0.4710064274130678,323.315,0.04986
236100.0,323.31357351229815,2.0346658196309857,323.31357107477487,2.059433110002108,1.572930652201888e-08,0.47098471088675836,323.315,0.04986
236160.0,323.31357374008735,2.034573942005082,323.31357130298176,2.0593362018665937,1.5726795776005085e-08,0.4709629978268844,323.315,0.04986
236220.0,323.3135739678406,2.0344820788582574,323.31357153115266,2.059239309397279,1.5724285425596962e-08,0.4709412882328997,323.315,0.04986
236280.0,323.31357419555803,2.0343902301883006,323.3135717592876,2.05914243259162,1.5721775470734955e-08,0.4709195821042581,323.315,0.04986
236340.0,323.31357442323946,2.0342983959930017,323.31357198738647,2.0590455714470717,1.5719265911357882e-08,0.47089787944041384,323.315,0.04986
236400.0,323.3135746508851,2.034206576270151,323.3135722154494,2.0589487259610904,1.571675674740581e-08,0.4708761802408205,323.315,0.04986
236460.0,323.3135748784947,2.0341147710175393,323.3135724434764,2.0588518961311326,1.571424797881825e-08,0.4708544845049326,323.315,0.04986
236520.0,323.31357510606847,2.0340229802329572,323.3135726714674,2.058755081954655,1.571173960553501e-08,0.4708327922322043,323.315,0.04986
236580.0,323.31357533360637,2.0339312039141983,323.3135728994224,2.0586582834291183,1.570923162749599e-08,0.47081110342209065,323.315,0.04986
236640.0,323.31357556110834,2.033839442059053,323.3135731273415,2.0585615005519786,1.5706724044640087e-08,0.4707894180740454,323.315,0.04986
236700.0,323.3135757885745,2.0337476946653092,323.31357335522466,2.0584647333206907,1.5704216856907792e-08,0.4707677361875225,323.315,0.04986
236760.0,323.3135760160048,2.0336559617307604,323.31357358307184,2.058367981732711,1.5701710064238582e-08,0.47074605776197626,323.315,0.04986
236820.0,323.3135762433992,2.0335642432531946,323.3135738108831,2.058271245785497,1.5699203666571558e-08,0.47072438279686085,323.315,0.04986
236880.0,323.31357647075777,2.0334725392304174,323.31357403865843,2.058174525476521,1.5696697663847502e-08,0.47070271129163366,323.315,0.04986
236940.0,323.31357669808045,2.033380849660217,323.31357426639784,2.0580778208032404,1.569419205600533e-08,0.47068104324574905,323.315,0.04986
237000.0,323.31357692536733,2.0332891745403847,323.3135744941013,2.057981131763109,1.569168684298532e-08,0.47065937865866053,323.315,0.04986
237060.0,323.31357715261834,2.0331975138687115,323.31357472176893,2.0578844583535862,1.56891820247262e-08,0.47063771752982286,323.315,0.04986
237120.0,323.31357737983353,2.0331058676429894,323.3135749494006,2.05778780057213,1.568667760116893e-08,0.4706160598586907,323.315,0.04986
237180.0,323.31357760701286,2.0330142358610237,323.3135751769963,2.0576911584162154,1.5684173572252613e-08,0.47059440564472144,323.315,0.04986
237240.0,323.3135778341564,2.0329226185206046,323.3135754045562,2.0575945318833,1.5681669937917308e-08,0.4705727548873699,323.315,0.04986
237300.0,323.3135780612641,2.032831015619524,323.3135756320802,2.0574979209708415,1.5679166698102675e-08,0.47055110758609026,323.315,0.04986
237360.0,323.31357828833603,2.032739427155576,323.31357585956823,2.0574013256762997,1.567666385274833e-08,0.47052946374033744,323.315,0.04986
237420.0,323.3135785153721,2.032647853126554,323.3135760870204,2.057304745997136,1.5674161401794006e-08,0.4705078233495665,323.315,0.04986
237480.0,323.3135787423724,2.032556293530263,323.31357631443666,2.057208181930827,1.56716593451798e-08,0.4704861864132356,323.315,0.04986
237540.0,323.31357896933685,2.0324647483644966,323.31357654181716,2.0571116334748334,1.566915768284581e-08,0.4704645529307997,323.315,0.04986
237600.0,323.31357919626555,2.0323732176270477,323.3135767691617,2.0570151006266135,1.566665641473095e-08,0.47044292290171336,323.315,0.04986
237660.0,323.31357942315844,2.0322817013157106,323.31357699647043,2.0569185833836308,1.566415554077567e-08,0.47042129632543195,323.315,0.04986
237720.0,323.3135796500155,2.032190199428282,323.3135772237433,2.056822081743348,1.5661655060919133e-08,0.4703996732014112,323.315,0.04986
237780.0,323.31357987683685,2.0320987119625675,323.31357745098035,2.0567255957032438,1.565915497510224e-08,0.4703780535291092,323.315,0.04986
237840.0,323.3135801036224,2.0320072389163633,323.31357767818156,2.056629125260781,1.565665528326422e-08,0.4703564373079819,323.315,0.04986
237900.0,323.31358033037225,2.031915780287463,323.31357790534685,2.056532670413421,1.5654155985345208e-08,0.470334824537484,323.315,0.04986
237960.0,323.3135805570863,2.0318243360736634,323.3135781324763,2.0564362311586284,1.565165708128444e-08,0.47031321521707126,323.315,0.04986
238020.0,323.3135807837646,2.0317329062727607,323.31357835956993,2.056339807493868,1.56491585710224e-08,0.4702916093461997,323.315,0.04986
238080.0,323.3135810104072,2.0316414908825653,323.3135785866277,2.0562433994166214,1.564666045449875e-08,0.47027000692432835,323.315,0.04986
238140.0,323.313581237014,2.031550089900872,323.31357881364977,2.056147006924353,1.5644162731653398e-08,0.47024840795091316,323.315,0.04986
238200.0,323.313581463585,2.0314587033254776,323.31357904063594,2.0560506300145254,1.564166540242604e-08,0.4702268124254091,323.315,0.04986
238260.0,323.3135816901204,2.031367331154179,323.31357926758636,2.055954268684606,1.5639168466757303e-08,0.4702052203472728,323.315,0.04986
238320.0,323.31358191662,2.0312759733847763,323.31357949450097,2.0558579229320624,1.5636671924586064e-08,0.4701836317159603,323.315,0.04986
238380.0,323.3135821430839,2.031184630015079,323.31357972137977,2.0557615927543766,1.563417577585311e-08,0.47016204653093135,323.315,0.04986
238440.0,323.3135823695121,2.031093301042886,323.31357994822275,2.0556652781490166,1.5631680020497894e-08,0.4701404647916419,323.315,0.04986
238500.0,323.31358259590456,2.0310019864659923,323.31358017503,2.055568979113447,1.5629184658460427e-08,0.470118886497548,323.315,0.04986
238560.0,323.3135828222613,2.0309106862821995,323.31358040180146,2.0554726956451366,1.562668968968085e-08,0.47009731164810614,323.315,0.04986
238620.0,323.31358304858236,2.0308194004893068,323.3135806285372,2.055376427741555,1.5624195114098892e-08,0.47007574024277293,323.315,0.04986
238680.0,323.3135832748677,2.0307281290851265,323.3135808552371,2.0552801754001875,1.5621700931654347e-08,0.4700541722810085,323.315,0.04986
238740.0,323.31358350111736,2.0306368720674577,323.31358108190125,2.055183938618503,1.561920714228795e-08,0.4700326077622694,323.315,0.04986
238800.0,323.3135837273313,2.0305456294340996,323.3135813085296,2.0550877173939686,1.5616713745938835e-08,0.4700110466860117,323.315,0.04986
238860.0,323.31358395350964,2.030454401182854,323.31358153512224,2.054991511724056,1.5614220742547612e-08,0.46998948905169274,323.315,0.04986
238920.0,323.3135841796523,2.0303631873115204,323.31358176167913,2.0548953216062356,1.5611728132053836e-08,0.4699679348587694,323.315,0.04986
238980.0,323.31358440575923,2.030271987817912,323.31358198820027,2.054799147037992,1.560923591439759e-08,0.4699463841067015,323.315,0.04986
239040.0,323.31358463183057,2.03018080269983,323.31358221468565,2.054702988016798,1.5606744089519153e-08,0.46992483679494623,323.315,0.04986
239100.0,323.31358485786626,2.030089631955078,323.31358244113534,2.0546068445401264,1.560425265735844e-08,0.4699032929229612,323.315,0.04986
239160.0,323.31358508386626,2.0299984755814586,323.3135826675493,2.054510716605452,1.5601761617855246e-08,0.46988175249020403,323.315,0.04986
239220.0,323.31358530983067,2.0299073335767774,323.3135828939276,2.0544146042102502,1.559927097095014e-08,0.4698602154961328,323.315,0.04986
239280.0,323.3135855357594,2.0298162059388387,323.31358312027015,2.0543185073519967,1.55967807165825e-08,0.4698386819402053,323.315,0.04986
239340.0,323.3135857616525,2.0297250926654486,323.313583346577,2.054222426028168,1.559429085469296e-08,0.4698171518218798,323.315,0.04986
239400.0,323.31358598750995,2.0296339937544126,323.31358357284813,2.0541263602362414,1.5591801385220914e-08,0.46979562514061446,323.315,0.04986
239460.0,323.3135862133318,2.0295429092035357,323.3135837990836,2.0540303099736934,1.5589312308106962e-08,0.4697741018958674,323.315,0.04986
239520.0,323.313586439118,2.0294518390106244,323.31358402528326,2.0539342752380016,1.5586823623291202e-08,0.4697525820870973,323.315,0.04986
239580.0,323.3135866648686,2.0293607831734866,323.31358425144725,2.053838256026646,1.558433533071325e-08,0.4697310657137624,323.315,0.04986
239640.0,323.31358689058357,2.0292697416899284,323.31358447757566,2.0537422523371043,1.558184743031381e-08,0.46970955277532145,323.315,0.04986
239700.0,323.31358711626297,2.029178714557757,323.31358470366837,2.053646264166855,1.557935992203262e-08,0.46968804327123304,323.315,0.04986
239760.0,323.3135873419068,2.0290877017747793,323.3135849297254,2.053550291513379,1.5576872805809925e-08,0.4696665372009558,323.315,0.04986
239820.0,323.313587567515,2.0289967033388043,323.31358515574675,2.0534543343741554,1.5574386081585967e-08,0.46964503456394885,323.315,0.04986
239880.0,323.31358779308766,2.02890571924764,323.3135853817325,2.0533583927466643,1.5571899749300767e-08,0.4696235353596705,323.315,0.04986
239940.0,323.31358801862467,2.0288147494990945,323.3135856076825,2.0532624666283867,1.556941380889413e-08,0.4696020395875803,323.315,0.04986
240000.0,323.31358824412615,2.0287237940909764,323.3135858335969,2.053166556016804,1.556692826030672e-08,0.4695805472471369,323.315,0.04986
240060.0,323.31358846959205,2.0286328530210955,323.31358605947565,2.053070660909398,1.5564443103478308e-08,0.4695590583377997,323.315,0.04986
240120.0,323.31358869502236,2.028541926287261,323.31358628531876,2.05297478130365,1.5561958338349346e-08,0.46953757285902786,323.315,0.04986
240180.0,323.31358892041715,2.028451013887282,323.31358651112623,2.0528789171970425,1.5559473964859848e-08,0.46951609081028056,323.315,0.04986
240240.0,323.3135891457764,2.028360115818968,323.3135867368981,2.052783068587058,1.5556989982950218e-08,0.4694946121910173,323.315,0.04986
240300.0,323.3135893711001,2.02826923208013,323.31358696263436,2.05268723547118,1.5554506392560252e-08,0.4694731370006974,323.315,0.04986
240360.0,323.3135895963882,2.0281783626685783,323.313587188335,2.0525914178468923,1.5552023193630325e-08,0.46945166523878057,323.315,0.04986
240420.0,323.31358982164085,2.028087507582125,323.3135874140001,2.0524956157116785,1.5549540386100946e-08,0.4694301969047262,323.315,0.04986
240480.0,323.31359004685794,2.0279966668185816,323.31358763962953,2.052399829063027,1.5547057969912035e-08,0.4694087319979948,323.315,0.04986
240540.0,323.3135902720395,2.0279058403757597,323.3135878652233,2.0523040578984193,1.554457594500399e-08,0.46938727051804574,323.315,0.04986
240600.0,323.31359049718554,2.027815028251468,323.31358809078154,2.052208302215339,1.5542094311316866e-08,0.46936581246433834,323.315,0.04986
240660.0,323.3135907222961,2.027724230443517,323.31358831630416,2.0521125620112692,1.5539613068790736e-08,0.46934435783633194,323.315,0.04986
240720.0,323.3135909473711,2.027633446949719,323.31358854179115,2.0520168372836936,1.5537132217366013e-08,0.46932290663348625,323.315,0.04986
240780.0,323.3135911724106,2.0275426777678947,323.3135887672426,2.0519211280301133,1.5534651756982986e-08,0.46930145885526436,323.315,0.04986
240840.0,323.31359139741465,2.027451922895856,323.31358899265854,2.0518254342480113,1.5532171687582318e-08,0.46928001450112544,323.315,0.04986
240900.0,323.31359162238317,2.027361182331412,323.3135892180389,2.0517297559348693,1.552969200910379e-08,0.4692585735705288,323.315,0.04986
240960.0,323.3135918473162,2.027270456072375,323.31358944338365,2.0516340930881736,1.5527212721487804e-08,0.46923713606293466,323.315,0.04986
241020.0,323.31359207221374,2.027179744116557,323.3135896686929,2.0515384457054098,1.5524733824674175e-08,0.46921570197780255,323.315,0.04986
241080.0,323.31359229707584,2.027089046461782,323.3135898939666,2.0514428137840786,1.5522255318604237e-08,0.46919427131459585,323.315,0.04986
241140.0,323.3135925219024,2.026998363105861,323.3135901192047,2.051347197321666,1.5519777203217443e-08,0.4691728440727744,323.315,0.04986
241200.0,323.3135927466936,2.0269076940466055,323.3135903444073,2.0512515963156557,1.5517299478454672e-08,0.4691514202517978,323.315,0.04986
241260.0,323.3135929714493,2.0268170392818297,323.3135905695744,2.051156010763536,1.5514822144255746e-08,0.4691299998511264,323.315,0.04986
241320.0,323.31359319616945,2.0267263988093465,323.3135907947059,2.051060440662795,1.551234520056106e-08,0.4691085828702206,323.315,0.04986
241380.0,323.31359342085426,2.02663577262698,323.3135910198019,2.0509648860109353,1.5509868647311418e-08,0.46908716930854405,323.315,0.04986
241440.0,323.3135936455036,2.026545160732547,323.3135912448624,2.0508693468054453,1.5507392484446813e-08,0.46906575916555676,323.315,0.04986
241500.0,323.3135938701175,2.026454563123857,323.31359146988734,2.0507738230438104,1.5504916711907666e-08,0.4690443524407193,323.315,0.04986
241560.0,323.31359409469593,2.0263639797987265,323.31359169487683,2.0506783147235215,1.550244132963434e-08,0.4690229491334919,323.315,0.04986
241620.0,323.3135943192389,2.0262734107549703,323.3135919198308,2.050582821842067,1.5499966337566716e-08,0.4690015492433356,323.315,0.04986
241680.0,323.31359454374655,2.026182855990416,323.31359214474924,2.0504873443969545,1.5497491735646206e-08,0.4689801527697143,323.315,0.04986
241740.0,323.3135947682187,2.0260923155028774,323.31359236963226,2.050391882385673,1.5495017523812414e-08,0.46895875971208884,323.315,0.04986
241800.0,323.3135949926555,2.02600178929017,323.31359259447976,2.05029643580571,1.5492543702006443e-08,0.46893737006991953,323.315,0.04986
241860.0,323.3135952170569,2.0259112773501107,323.3135928192918,2.050201004654558,1.549007027016782e-08,0.4689159838426678,323.315,0.04986
241920.0,323.31359544142293,2.0258207796805134,323.3135930440684,2.050105588929709,1.5487597228237557e-08,0.4688946010297946,323.315,0.04986
241980.0,323.3135956657535,2.0257302962792103,323.3135932688095,2.050010188628671,1.5485124576155827e-08,0.4688732216307644,323.315,0.04986
242040.0,323.3135958900487,2.0256398271440155,323.3135934935151,2.049914803748935,1.548265231386332e-08,0.46885184564503846,323.315,0.04986
242100.0,323.3135961143085,2.025549372272746,323.31359371818525,2.049819434287993,1.5480180441300005e-08,0.4688304730720775,323.315,0.04986
242160.0,323.31359633853293,2.025458931663218,323.3135939428199,2.049724080243337,1.5477708958406908e-08,0.46880910391134323,323.315,0.04986
242220.0,323.31359656272195,2.025368505313252,323.3135941674191,2.0496287416124623,1.5475237865123636e-08,0.46878773816229735,323.315,0.04986
242280.0,323.3135967868757,2.0252780932206775,323.313594391983,2.0495334183928784,1.5472767161391587e-08,0.4687663758244044,323.315,0.04986
242340.0,323.313597010994,2.0251876953833117,323.31359461651135,2.04943811058208,1.5470296847151298e-08,0.46874501689712594,323.315,0.04986
242400.0,323.31359723507694,2.025097311798973,323.3135948410043,2.049342818177558,1.546782692234231e-08,0.46872366137992366,323.315,0.04986
242460.0,323.3135974591246,2.0250069424654793,323.31359506546187,2.0492475411768094,1.5465357386905785e-08,0.4687023092722592,323.315,0.04986
242520.0,323.3135976831369,2.0249165873806527,323.31359528988406,2.04915227957733,1.5462888240781845e-08,0.4686809605735946,323.315,0.04986
242580.0,323.31359790711383,2.0248262465423226,323.3135955142708,2.0490570333766325,1.5460419483911404e-08,0.4686596152833952,323.315,0.04986
242640.0,323.3135981310554,2.02473591994831,323.3135957386221,2.0489618025722116,1.5457951116234824e-08,0.468638273401123,323.315,0.04986
242700.0,323.3135983549617,2.0246456075964323,323.31359596293794,2.048866587161563,1.5455483137692614e-08,0.4686169349262396,323.315,0.04986
242760.0,323.3135985788326,2.024555309484513,323.3135961872184,2.048771387142184,1.545301554822519e-08,0.4685955998582075,323.315,0.04986
242820.0,323.3135988026682,2.024465025610371,323.31359641146344,2.048676202511573,1.545054834777293e-08,0.46857426819648906,323.315,0.04986
242880.0,323.3135990264685,2.024374755971838,323.3135966356731,2.04858103326724,1.5448081536276735e-08,0.4685529399405492,323.315,0.04986
242940.0,323.3135992502335,2.024284500566737,323.31359685984745,2.048485879406687,1.5445615113677345e-08,0.46853161508985086,323.315,0.04986
243000.0,323.3135994739632,2.02419425939289,323.3135970839864,2.048390740927412,1.5443149079914865e-08,0.46851029364385666,323.315,0.04986
243060.0,323.31359969765765,2.024104032448121,323.31359730809,2.048295617826917,1.5440683434930468e-08,0.4684889756020298,323.315,0.04986
243120.0,323.3135999213168,2.0240138197302553,323.31359753215827,2.0482005101027054,1.5438218178664043e-08,0.4684676609638336,323.315,0.04986
243180.0,323.3136001449406,2.0239236212371168,323.3135977561912,2.048105417752279,1.54357533110563e-08,0.46844634972873134,323.315,0.04986
243240.0,323.31360036852914,2.023833436966531,323.3135979801887,2.048010340773141,1.5433288832048073e-08,0.46842504189618656,323.315,0.04986
243300.0,323.3136005920824,2.0237432669163224,323.3135982041509,2.0479152791627953,1.543082474157996e-08,0.4684037374656625,323.315,0.04986
243360.0,323.3136008156004,2.023653111084318,323.31359842807774,2.0478202329187463,1.542836103959245e-08,0.46838243643662325,323.315,0.04986
243420.0,323.31360103908315,2.023562969468342,323.3135986519692,2.0477252020384986,1.5425897726026273e-08,0.4683611388085321,323.315,0.04986
243480.0,323.3136012625306,2.023472842066224,323.31359887582533,2.047630186519558,1.5423434800822044e-08,0.4683398445808534,323.315,0.04986
243540.0,323.3136014859428,2.023382728875788,323.3135990996461,2.047535186359429,1.5420972263920005e-08,0.4683185537530508,323.315,0.04986
243600.0,323.31360170931976,2.023292629894863,323.3135993234316,2.047440201555619,1.5418510115261563e-08,0.4682972663245883,323.315,0.04986
243660.0,323.3136019326615,2.0232025451212756,323.31359954718175,2.047345232105633,1.5416048354786704e-08,0.46827598229493006,323.315,0.04986
243720.0,323.313602155968,2.0231124745528533,323.3135997708966,2.047250278006979,1.5413586982436632e-08,0.4682547016635399,323.315,0.04986
243780.0,323.3136023792393,2.0230224181874252,323.3135999945761,2.047155339257163,1.5411125998151786e-08,0.4682334244298824,323.315,0.04986
243840.0,323.3136026024753,2.022932376022818,323.31360021822036,2.0470604158536934,1.5408665401872666e-08,0.4682121505934219,323.315,0.04986
243900.0,323.3136028256761,2.0228423480568622,323.31360044182935,2.046965507794078,1.540620519354019e-08,0.46819088015362254,323.315,0.04986
243960.0,323.31360304884174,2.022752334287386,323.31360066540304,2.0468706150758256,1.540374537309507e-08,0.46816961310994903,323.315,0.04986
244020.0,323.3136032719721,2.0226623347122183,323.3136008889415,2.0467757376964446,1.5401285940477994e-08,0.46814834946186606,323.315,0.04986
244080.0,323.3136034950673,2.022572349329189,323.31360111244464,2.0466808756534443,1.5398826895629536e-08,0.46812708920883783,323.315,0.04986
244140.0,323.3136037181273,2.022482378136128,323.3136013359125,2.0465860289443345,1.5396368238490543e-08,0.4681058323503292,323.315,0.04986
244200.0,323.31360394115205,2.0223924211308644,323.31360155934505,2.046491197566625,1.5393909969001585e-08,0.4680845788858052,323.315,0.04986
244260.0,323.3136041641416,2.0223024783112296,323.31360178274235,2.0463963815178263,1.5391452087103472e-08,0.4680633288147305,323.315,0.04986
244320.0,323.31360438709595,2.0222125496750527,323.31360200610436,2.046301580795449,1.5388994592736882e-08,0.4680420821365701,323.315,0.04986
244380.0,323.31360461001515,2.02212263522017,323.3136022294311,2.0462067953970084,1.538653748584292e-08,0.46802083885078966,323.315,0.04986
244440.0,323.3136048328992,2.0220327349444087,323.3136024527227,2.046112025320013,1.538408076636225e-08,0.46799959895685406,323.315,0.04986
244500.0,323.3136050557481,2.0219428488455993,323.31360267597904,2.046017270561973,1.538162443423545e-08,0.46797836245422764,323.315,0.04986
244560.0,323.3136052785618,2.021852976921572,323.31360289920013,2.0459225311203983,1.5379168489403248e-08,0.46795712934237554,323.315,0.04986
244620.0,323.31360550134036,2.021763119170158,323.313603122386,2.0458278069927998,1.5376712931806725e-08,0.46793589962076265,323.315,0.04986
244680.0,323.31360572408374,2.0216732755891993,323.3136033455366,2.0457330981767043,1.537425776138618e-08,0.467914673288857,323.315,0.04986
244740.0,323.31360594679205,2.0215834461765274,323.313603568652,2.0456384046696225,1.537180297808347e-08,0.46789345034612373,323.315,0.04986
244800.0,323.3136061694652,2.02149363092997,323.31360379173225,2.0455437264690626,1.536934858183835e-08,0.46787223079202706,323.315,0.04986
244860.0,323.31360639210317,2.02140382984736,323.3136040147772,2.0454490635725375,1.5366894572591983e-08,0.4678510146260325,323.315,0.04986
244920.0,323.3136066147061,2.0213140429265293,323.313604237787,2.04535441597756,1.536444095028523e-08,0.4678298018476053,323.315,0.04986
244980.0,323.3136068372738,2.0212242701653214,323.31360446076155,2.0452597836816575,1.536198771485895e-08,0.46780859245621376,323.315,0.04986
245040.0,323.31360705980643,2.0211345115615673,323.31360468370093,2.0451651666823425,1.5359534866253988e-08,0.4677873864513233,323.315,0.04986
245100.0,323.31360728230396,2.021044767113098,323.3136049066051,2.0450705649771264,1.535708240441138e-08,0.4677661838323987,323.315,0.04986
245160.0,323.3136075047663,2.020955036817748,323.3136051294741,2.044975978563523,1.535463032927119e-08,0.4677449845989058,323.315,0.04986
245220.0,323.3136077271936,2.02086532067335,323.313605352308,2.0448814074390476,1.535217864077516e-08,0.46772378875031034,323.315,0.04986
245280.0,323.3136079495858,2.0207756186777486,323.3136055751067,2.0447868516012297,1.5349727338863972e-08,0.467702596286081,323.315,0.04986
245340.0,323.31360817194286,2.020685930828778,323.3136057978702,2.044692311047585,1.5347276423478573e-08,0.46768140720568363,323.315,0.04986
245400.0,323.31360839426486,2.0205962571242706,323.31360602059857,2.044597785775625,1.5344825894559532e-08,0.4676602215085836,323.315,0.04986
245460.0,323.31360861655173,2.0205065975620604,323.3136062432918,2.044503275782867,1.5342375752047943e-08,0.4676390391942467,323.315,0.04986
245520.0,323.3136088388036,2.0204169521399837,323.3136064659499,2.044408781066828,1.5339925995884594e-08,0.46761786026213936,323.315,0.04986
245580.0,323.3136090610204,2.020327320855886,323.3136066885728,2.0443143016250396,1.5337476626010704e-08,0.4675966847117308,323.315,0.04986
245640.0,323.3136092832021,2.020237703707603,323.31360691116055,2.0442198374550187,1.5335027642367093e-08,0.4675755125424871,323.315,0.04986
245700.0,323.3136095053487,2.0201481006929685,323.31360713371316,2.04412538855428,1.5332579044894732e-08,0.46755434375387395,323.315,0.04986
245760.0,323.31360972746035,2.020058511809818,323.31360735623065,2.0440309549203426,1.533013083353434e-08,0.46753317834535774,323.315,0.04986
245820.0,323.31360994953695,2.0199689370559897,323.313607578713,2.043936536550725,1.5327683008227044e-08,0.4675120163164055,323.315,0.04986
245880.0,323.3136101715785,2.01987937642933,323.3136078011603,2.043842133442962,1.5325235568913787e-08,0.46749085766648635,323.315,0.04986
245940.0,323.31361039358495,2.019789829927678,323.31360802357244,2.0437477455945716,1.532278851553598e-08,0.46746970239506724,323.315,0.04986
246000.0,323.3136106155564,2.019700297548866,323.31360824594947,2.043653373003071,1.5320341848033512e-08,0.46744855050161405,323.315,0.04986
246060.0,323.3136108374928,2.0196107792907334,323.3136084682914,2.0435590156659806,1.5317895566348048e-08,0.46742740198559385,323.315,0.04986
246120.0,323.31361105939413,2.019521275151118,323.3136086905983,2.043464673580822,1.5315449670420654e-08,0.4674062568464734,323.315,0.04986
246180.0,323.3136112812605,2.0194317851278702,323.3136089128701,2.043370346745131,1.5313004160192132e-08,0.46738511508372316,323.315,0.04986
246240.0,323.3136115030918,2.0193423092188283,323.3136091351068,2.043276035156429,1.5310559035603954e-08,0.4673639766968097,323.315,0.04986
246300.0,323.3136117248881,2.0192528474218276,323.3136093573084,2.043181738812234,1.530811429659653e-08,0.4673428416851997,323.315,0.04986
246360.0,323.3136119466495,2.0191633997347083,323.3136095794749,2.0430874577100697,1.530566994311121e-08,0.4673217100483605,323.315,0.04986
246420.0,323.3136121683758,2.01907396615531,323.3136098016064,2.042993191847458,1.530322597508871e-08,0.4673005817857595,323.315,0.04986
246480.0,323.3136123900672,2.0189845466814846,323.3136100237028,2.0428989412219387,1.530078239247068e-08,0.467279456896867,323.315,0.04986
246540.0,323.31361261172356,2.018895141311072,323.3136102457641,2.0428047058310335,1.529833919519802e-08,0.46725833538115075,323.315,0.04986
246600.0,323.3136128333449,2.018805750041908,323.3136104677904,2.0427104856722633,1.5295896383211394e-08,0.4672372172380772,323.315,0.04986
246660.0,323.31361305493135,2.018716372871837,323.3136106897816,2.042616280743154,1.529345395645214e-08,0.46721610246711454,323.315,0.04986
246720.0,323.3136132764828,2.0186270097986974,323.3136109117378,2.042522091041229,1.5291011914861008e-08,0.4671949910677302,323.315,0.04986
246780.0,323.31361349799926,2.01853766082034,323.3136111336589,2.042427916564027,1.5288570258379652e-08,0.46717388303939467,323.315,0.04986
246840.0,323.3136137194808,2.0184483259346093,323.3136113555451,2.042333757309074,1.5286128986949075e-08,0.467152778381576,323.315,0.04986
246900.0,323.3136139409274,2.018359005139345,323.3136115773962,2.042239613273896,1.5283688100509872e-08,0.4671316770937421,323.315,0.04986
246960.0,323.313614162339,2.018269698432392,323.3136117992123,2.0421454844560216,1.5281247599003544e-08,0.4671105791753615,323.315,0.04986
247020.0,323.3136143837156,2.018180405811595,323.3136120209934,2.04205137085298,1.5278807482370836e-08,0.46708948462590283,323.315,0.04986
247080.0,323.31361460505735,2.018091127274798,323.31361224273945,2.041957272462301,1.527636775055361e-08,0.4670683934448348,323.315,0.04986
247140.0,323.31361482636413,2.018001862819845,323.31361246445056,2.041863189281514,1.527392840349244e-08,0.467047305631626,323.315,0.04986
247200.0,323.313615047636,2.017912612444582,323.3136126861266,2.0417691213081492,1.527148944112855e-08,0.4670262211857455,323.315,0.04986
247260.0,323.313615268873,2.017823376146855,323.31361290776766,2.0416750685397376,1.5269050863403386e-08,0.46700514010666216,323.315,0.04986
247320.0,323.31361549007505,2.0177341539245086,323.3136131293737,2.04158103097381,1.5266612670257872e-08,0.4669840623938449,323.315,0.04986
247380.0,323.3136157112422,2.01764494577539,323.31361335094476,2.0414870086079,1.526417486163324e-08,0.4669629880467629,323.315,0.04986
247440.0,323.3136159323745,2.017555751697347,323.3136135724809,2.041393001439538,1.526173743747059e-08,0.4669419170648856,323.315,0.04986
247500.0,323.3136161534718,2.0174665716882245,323.3136137939821,2.041299009466258,1.5259300397710593e-08,0.4669208494476822,323.315,0.04986
247560.0,323.31361637453426,2.0173774057458704,323.31361401544825,2.0412050326855917,1.5256863742295412e-08,0.46689978519462194,323.315,0.04986
247620.0,323.31361659556177,2.0172882538681325,323.3136142368795,2.0411110710950737,1.5254427471165686e-08,0.4668787243051743,323.315,0.04986
247680.0,323.31361681655443,2.0171991160528586,323.3136144582758,2.041017124692236,1.5251991584262992e-08,0.4668576667788089,323.315,0.04986
247740.0,323.3136170375122,2.017109992297895,323.3136146796371,2.040923193474615,1.524955608152817e-08,0.4668366126149954,323.315,0.04986
247800.0,323.31361725843504,2.017020882601093,323.3136149009635,2.040829277439743,1.5247120962902405e-08,0.4668155618132034,323.315,0.04986
247860.0,323.3136174793231,2.016931786960299,323.31361512225493,2.0407353765851566,1.5244686228327542e-08,0.46679451437290265,323.315,0.04986
247920.0,323.3136177001762,2.0168427053733637,323.31361534351134,2.040641490908391,1.524225187774402e-08,0.4667734702935632,323.315,0.04986
247980.0,323.31361792099455,2.0167536378381348,323.3136155647329,2.040547620406982,1.5239817911093855e-08,0.4667524295746547,323.315,0.04986
248040.0,323.313618141778,2.016664584352461,323.3136157859195,2.0404537650784644,1.5237384328317914e-08,0.46673139221564736,323.315,0.04986
248100.0,323.31361836252665,2.016575544914195,323.31361600707123,2.0403599249203763,1.5234951129357576e-08,0.46671035821601103,323.315,0.04986
248160.0,323.31361858324044,2.016486519521184,323.3136162281881,2.040266099930254,1.5232518314153876e-08,0.46668932757521636,323.315,0.04986
248220.0,323.31361880391944,2.0163975081712797,323.31361644927,2.0401722901056356,1.5230085882648547e-08,0.4666683002927332,323.315,0.04986
248280.0,323.3136190245636,2.016308510862336,323.31361667031706,2.040078495444061,1.5227653834782506e-08,0.46664727636803255,323.315,0.04986
248340.0,323.3136192451729,2.0162195275922015,323.31361689132916,2.0399847159430666,1.522522217049731e-08,0.4666262558005844,323.315,0.04986
248400.0,323.31361946574737,2.016130558358725,323.3136171123064,2.0398909516001886,1.5222790889733826e-08,0.4666052385898588,323.315,0.04986
248460.0,323.313619686287,2.016041603159758,323.3136173332487,2.0397972024129634,1.5220359992433685e-08,0.46658422473532607,323.315,0.04986
248520.0,323.3136199067918,2.0159526619931496,323.3136175541562,2.0397034683789284,1.5217929478538104e-08,0.4665632142364563,323.315,0.04986
248580.0,323.3136201272618,2.0158637348567634,323.3136177750288,2.0396097494956376,1.5215499347988625e-08,0.46654220709272287,323.315,0.04986
248640.0,323.31362034769705,2.0157748217484484,323.3136179958665,2.0395160457606276,1.521306960072657e-08,0.4665212033035958,323.315,0.04986
248700.0,323.3136205680975,2.0156859226660533,323.3136182166693,2.0394223571714334,1.521064023669324e-08,0.46650020286854527,323.315,0.04986
248760.0,323.3136207884632,2.0155970376074324,323.31361843743724,2.039328683725594,1.520821125583027e-08,0.4664792057870416,323.315,0.04986
248820.0,323.31362100879414,2.0155081665704335,323.3136186581703,2.0392350254206497,1.520578265807857e-08,0.4664582120585555,323.315,0.04986
248880.0,323.3136212290903,2.0154193095529216,323.31361887886857,2.039141382254153,1.5203354443379824e-08,0.4664372216825606,323.315,0.04986
248940.0,323.3136214493516,2.015330466552749,323.313619099532,2.0390477542236436,1.5200926611675123e-08,0.46641623465852744,323.315,0.04986
249000.0,323.3136216695782,2.0152416375677644,323.31361932016057,2.038954141326659,1.5198499162905875e-08,0.4663952509859263,323.315,0.04986
249060.0,323.31362188977005,2.015152822595822,323.31361954075436,2.0388605435607405,1.51960720970136e-08,0.4663742706642282,323.315,0.04986
249120.0,323.3136221099271,2.0150640216347746,323.31361976131336,2.038766960923429,1.519364541393995e-08,0.46635329369290396,323.315,0.04986
249180.0,323.3136223300494,2.0149752346824874,323.31361998183746,2.0386733934122807,1.519121911362573e-08,0.4663323200714279,323.315,0.04986
249240.0,323.3136225501369,2.014886461736814,323.3136202023268,2.0385798410248372,1.518879319601314e-08,0.46631134979927086,323.315,0.04986
249300.0,323.31362277018974,2.0147977027956046,323.31362042278124,2.038486303758637,1.518636766104311e-08,0.4662903828759035,323.315,0.04986
249360.0,323.3136229902078,2.0147089578567154,323.3136206432009,2.0383927816112237,1.5183942508657198e-08,0.4662694193007972,323.315,0.04986
249420.0,323.31362321019117,2.0146202269180007,323.31362086358575,2.0382992745801403,1.5181517738796544e-08,0.4662484590734233,323.315,0.04986
249480.0,323.3136234301398,2.014531509977327,323.3136210839358,2.0382057826629456,1.5179093351403248e-08,0.46622750219325654,323.315,0.04986
249540.0,323.31362365005367,2.014442807032548,323.3136213042511,2.0381123058571826,1.517666934641849e-08,0.4662065486597682,323.315,0.04986
249600.0,323.3136238699329,2.014354118081518,323.31362152453164,2.0380188441603924,1.5174245723783598e-08,0.46618559847242924,323.315,0.04986
249660.0,323.31362408977736,2.0142654431220928,323.3136217447774,2.0379253975701204,1.5171822483440344e-08,0.4661646516307115,323.315,0.04986
249720.0,323.31362430958717,2.0141767821521297,323.3136219649884,2.0378319660839113,1.5169399625329882e-08,0.46614370813408673,323.315,0.04986
249780.0,323.3136245293623,2.0140881351694953,323.31362218516455,2.037738549699327,1.5166977149393946e-08,0.46612276798202995,323.315,0.04986
249840.0,323.3136247491027,2.0139995021720454,323.313622405306,2.0376451484139113,1.5164555055574067e-08,0.46610183117401305,323.315,0.04986
249900.0,323.31362496880837,2.013910883157637,323.3136226254127,2.0375517622252084,1.516213334381132e-08,0.4660808977095073,323.315,0.04986
249960.0,323.3136251884794,2.013822278124125,323.31362284548453,2.037458391130765,1.515971201404811e-08,0.46605996758798496,323.315,0.04986
250020.0,323.31362540811574,2.0137336870693696,323.3136230655217,2.0373650351281287,1.5157291066225107e-08,0.46603904080891817,323.315,0.04986
250080.0,323.31362562771744,2.0136451099912387,323.3136232855241,2.037271694214862,1.5154870500283977e-08,0.46601811737178256,323.315,0.04986
250140.0,323.31362584728447,2.0135565468875916,323.31362350549176,2.0371783683885125,1.515245031616712e-08,0.46599719727605,323.315,0.04986
250200.0,323.3136260668168,2.0134679977562824,323.31362372542475,2.0370850576466246,1.5150030513814937e-08,0.4659762805211925,323.315,0.04986
250260.0,323.31362628631456,2.0133794625951724,323.313623945323,2.0369917619867484,1.514761109316981e-08,0.4659553671066825,323.315,0.04986
250320.0,323.3136265057776,2.0132909414021194,323.3136241651865,2.036898481406433,1.5145192054172928e-08,0.4659344570319929,323.315,0.04986
250380.0,323.313626725206,2.0132024341749952,323.3136243850154,2.036805215903242,1.514277339676574e-08,0.46591355029659925,323.315,0.04986
250440.0,323.3136269445998,2.0131139409116585,323.31362460480943,2.0367119654747263,1.5140355120890315e-08,0.46589264689997417,323.315,0.04986
250500.0,323.3136271639589,2.013025461609968,323.3136248245688,2.036618730118432,1.513793722648812e-08,0.46587174684158983,323.315,0.04986
250560.0,323.3136273832834,2.0129369962677846,323.3136250442935,2.036525509831911,1.5135519713500565e-08,0.46585085012091937,323.315,0.04986
250620.0,323.3136276025733,2.012848544882967,323.3136252639834,2.036432304612714,1.5133102581869207e-08,0.4658299567374359,323.315,0.04986
250680.0,323.31362782182856,2.0127601074533867,323.31362548363865,2.0363391144584053,1.5130685831535606e-08,0.4658090666906146,323.315,0.04986
250740.0,323.31362804104924,2.0126716839769063,323.3136257032592,2.036245939366537,1.5128269462441778e-08,0.4657881799799293,323.315,0.04986
250800.0,323.3136282602353,2.0125832744513863,323.3136259228452,2.0361527793346625,1.5125853474529647e-08,0.46576729660485283,323.315,0.04986
250860.0,323.31362847938675,2.0124948788746915,323.3136261423964,2.0360596343603357,1.512343786774012e-08,0.4657464165648592,323.315,0.04986
250920.0,323.31362869850363,2.012406497244684,323.313626361913,2.035966504441113,1.5121022642015148e-08,0.4657255398594222,323.315,0.04986
250980.0,323.31362891758596,2.0123181295592287,323.31362658139494,2.0358733895745496,1.5118607797296458e-08,0.4657046664880158,323.315,0.04986
251040.0,323.3136291366336,2.0122297758161904,323.31362680084226,2.035780289758202,1.5116193333525397e-08,0.46568379645011393,323.315,0.04986
251100.0,323.3136293556467,2.012141436013435,323.3136270202549,2.0356872049896264,1.5113779250643966e-08,0.46566292974519063,323.315,0.04986
251160.0,323.3136295746252,2.012053110148825,323.31362723963286,2.0355941352663804,1.511136554859359e-08,0.4656420663727203,323.315,0.04986
251220.0,323.31362979356913,2.0119647982202284,323.3136274589762,2.035501080586021,1.510895222731643e-08,0.4656212063321771,323.315,0.04986
251280.0,323.3136300124785,2.01187650022551,323.3136276782849,2.035408040946107,1.5106539286753706e-08,0.46560034962303554,323.315,0.04986
251340.0,323.31363023135333,2.011788216162536,323.31362789755894,2.035315016344197,1.510412672684769e-08,0.46557949624476996,323.315,0.04986
251400.0,323.3136304501936,2.0116999460291733,323.31362811679844,2.035222006777849,1.5101714547539435e-08,0.465558646196855,323.315,0.04986
251460.0,323.31363066899934,2.0116116898232885,323.31362833600326,2.035129012244623,1.5099302748771347e-08,0.46553779947876534,323.315,0.04986
251520.0,323.3136308877705,2.011523447542749,323.31362855517347,2.0350360327420787,1.509689133048434e-08,0.46551695608997545,323.315,0.04986
251580.0,323.3136311065072,2.0114352191854215,323.31362877430905,2.034943068267775,1.509448029262135e-08,0.4654961160299604,323.315,0.04986
251640.0,323.3136313252093,2.0113470047491733,323.3136289934101,2.034850118819274,1.5092069635122905e-08,0.46547527929819493,323.315,0.04986
251700.0,323.3136315438769,2.011258804231873,323.3136292124765,2.0347571843941354,1.5089659357931293e-08,0.46545444589415397,323.315,0.04986
251760.0,323.31363176251,2.0111706176313895,323.3136294315083,2.0346642649899214,1.508724946098848e-08,0.46543361581731263,323.315,0.04986
251820.0,323.3136319811086,2.0110824449455897,323.3136296505055,2.0345713606041933,1.5084839944236417e-08,0.46541278906714595,323.315,0.04986
251880.0,323.3136321996726,2.0109942861723438,323.3136298694682,2.0344784712345123,1.50824308076159e-08,0.46539196564312907,323.315,0.04986
251940.0,323.31363241820213,2.01090614130952,323.3136300883962,2.0343855968784412,1.5080022051069397e-08,0.46537114554473735,323.315,0.04986
252000.0,323.31363263669715,2.0108180103549893,323.31363030728977,2.0342927375335433,1.5077613674539115e-08,0.465350328771446,323.315,0.04986
252060.0,323.31363285515766,2.01072989330662,323.3136305261487,2.0341998931973815,1.507520567796614e-08,0.4653295153227306,323.315,0.04986
252120.0,323.3136330735837,2.010641790162283,323.31363074497307,2.0341070638675194,1.5072798061292512e-08,0.4653087051980664,323.315,0.04986
252180.0,323.3136332919752,2.010553700919849,323.3136309637628,2.0340142495415243,1.5070390824460277e-08,0.4652878983969299,323.315,0.04986
252240.0,323.3136335103323,2.010465625577189,323.31363118251807,2.033921450216958,1.5067983967411292e-08,0.46526709491879603,323.315,0.04986
252300.0,323.3136337286549,2.010377564132172,323.3136314012388,2.033828665891383,1.506557749008711e-08,0.4652462947631403,323.315,0.04986
252360.0,323.31363394694307,2.0102895165826666,323.31363161992493,2.033735896562363,1.506317139242974e-08,0.46522549792943796,323.315,0.04986
252420.0,323.3136341651968,2.0102014829265435,323.31363183857655,2.033643142227461,1.506076567438074e-08,0.4652047044171645,323.315,0.04986
252480.0,323.313634383416,2.0101134631616846,323.3136320571937,2.033550402884256,1.5058360335882647e-08,0.4651839142257985,323.315,0.04986
252540.0,323.31363460160077,2.010025457285959,323.31363227577623,2.0334576785303122,1.505595537687693e-08,0.4651631273548157,323.315,0.04986
252600.0,323.3136348197511,2.0099374652972353,323.3136324943243,2.03336496916319,1.505355079730578e-08,0.4651423438036907,323.315,0.04986
252660.0,323.3136350378669,2.009849487193385,323.31363271283783,2.0332722747804555,1.5051146597110063e-08,0.4651215635718997,323.315,0.04986
252720.0,323.3136352559483,2.00976152297228,323.31363293131693,2.033179595379673,1.5048742776232625e-08,0.46510078665891835,323.315,0.04986
252780.0,323.3136354739953,2.009673572631802,323.3136331497615,2.0330869309584245,1.5046339334615522e-08,0.4650800130642256,323.315,0.04986
252840.0,323.31363569200784,2.009585636169821,323.3136333681715,2.0329942815142736,1.5043936272200286e-08,0.46505924278729704,323.315,0.04986
252900.0,323.313635909986,2.009497713584209,323.31363358654704,2.0329016470447843,1.5041533588928634e-08,0.46503847582760854,323.315,0.04986
252960.0,323.3136361279297,2.0094098048728384,323.31363380488807,2.032809027547524,1.5039131284742978e-08,0.46501771218463595,323.315,0.04986
253020.0,323.31363634583903,2.009321910033581,323.31363402319465,2.03271642302006,1.5036729359584955e-08,0.4649969518578557,323.315,0.04986
253080.0,323.3136365637139,2.009234029064322,323.31363424146673,2.032623833459975,1.5034327813396487e-08,0.46497619484674724,323.315,0.04986
253140.0,323.3136367815544,2.009146161962934,323.31363445970436,2.032531258864836,1.5031926646119986e-08,0.4649554411507864,323.315,0.04986
253200.0,323.31363699936054,2.0090583087272877,323.31363467790754,2.032438699232208,1.5029525857697e-08,0.4649346907694495,323.315,0.04986
253260.0,323.31363721713234,2.0089704693552584,323.3136348960762,2.0323461545596615,1.5027125448069877e-08,0.46491394370221273,323.315,0.04986
253320.0,323.3136374348697,2.0088826438447196,323.3136351142105,2.032253624844765,1.502472541718006e-08,0.4648931999485528,323.315,0.04986
253380.0,323.3136376525727,2.0087948321935576,323.3136353323103,2.032161110085103,1.5022325764969935e-08,0.46487245950794964,323.315,0.04986
253440.0,323.3136378702413,2.008707034399646,323.31363555037564,2.0320686102782455,1.501992649138134e-08,0.46485172237988,323.315,0.04986
253500.0,323.3136380878755,2.0086192504608587,323.3136357684066,2.0319761254217594,1.5017527596356095e-08,0.4648309885638199,323.315,0.04986
253560.0,323.3136383054754,2.008531480375071,323.313635986403,2.0318836555132167,1.5015129079836797e-08,0.46481025805924625,323.315,0.04986
253620.0,323.3136385230409,2.0084437241401583,323.313636204365,2.0317912005501872,1.501273094176455e-08,0.46478953086563646,323.315,0.04986
253680.0,323.31363874057206,2.0083559817540078,323.3136364222927,2.0316987605302597,1.501033318208258e-08,0.4647688069824702,323.315,0.04986
253740.0,323.31363895806885,2.0082682532144966,323.3136366401859,2.0316063354510034,1.5007935800731807e-08,0.46474808640922505,323.315,0.04986
253800.0,323.3136391755313,2.0081805385194977,323.3136368580447,2.0315139253099894,1.500553879765536e-08,0.4647273691453773,323.315,0.04986
253860.0,323.3136393929594,2.0080928376668883,323.31363707586905,2.0314215301047898,1.5003142172793892e-08,0.46470665519040444,323.315,0.04986
253920.0,323.31363961035316,2.0080051506545464,323.31363729365904,2.031329149832979,1.500074592609094e-08,0.4646859445437839,323.315,0.04986
253980.0,323.3136398277126,2.007917477480362,323.31363751141464,2.031236784492145,1.4998350057487698e-08,0.46466523720499653,323.315,0.04986
254040.0,323.31364004503774,2.00782981814221,323.31363772913585,2.031144434079861,1.499595456692654e-08,0.4646445331735192,323.315,0.04986
254100.0,323.3136402623286,2.0077421726379674,323.31363794682267,2.031052098593699,1.499355945434958e-08,0.4646238324488295,323.315,0.04986
254160.0,323.3136404795851,2.007654540965513,323.3136381644751,2.030959778031234,1.4991164719698988e-08,0.46460313503040496,323.315,0.04986
254220.0,323.31364069680734,2.0075669231227264,323.31363838209313,2.0308674723900415,1.498877036291646e-08,0.4645824409177235,323.315,0.04986
254280.0,323.31364091399524,2.007479319107496,323.3136385996768,2.030775181667712,1.4986376383944398e-08,0.4645617501102661,323.315,0.04986
254340.0,323.31364113114887,2.0073917289177023,323.3136388172261,2.030682905861821,1.49839827827252e-08,0.4645410626075105,323.315,0.04986
254400.0,323.31364134826816,2.0073041525512227,323.3136390347411,2.030590644969942,1.498158955920058e-08,0.4645203784089342,323.315,0.04986
254460.0,323.3136415653532,2.0072165900059353,323.31363925222166,2.0304983989896517,1.4979196713312525e-08,0.4644996975140155,323.315,0.04986
254520.0,323.3136417824039,2.0071290412797236,323.31363946966786,2.030406167918528,1.497680424500357e-08,0.4644790199222325,323.315,0.04986
254580.0,323.3136419994204,2.0070415063704736,323.3136396870798,2.03031395175416,1.4974412154215654e-08,0.46445834563306604,323.315,0.04986
254640.0,323.31364221640257,2.0069539852760707,323.3136399044573,2.0302217504941273,1.4972020440891075e-08,0.4644376746459947,323.315,0.04986
254700.0,323.31364243335054,2.006866477994392,323.3136401218006,2.0301295641360078,1.4969629104972527e-08,0.464417006960497,323.315,0.04986
254760.0,323.3136426502642,2.006778984523324,323.3136403391095,2.0300373926773827,1.4967238146400997e-08,0.4643963425760518,323.315,0.04986
254820.0,323.3136428671437,2.0066915048607488,323.31364055638403,2.0299452361158337,1.496484756511984e-08,0.46437568149213826,323.315,0.04986
254880.0,323.31364308398895,2.006604039004549,323.3136407736243,2.0298530944489417,1.496245736107079e-08,0.46435502370823534,323.315,0.04986
254940.0,323.3136433007999,2.0065165869526105,323.31364099083027,2.0297609676742905,1.4960067534195752e-08,0.4643343692238225,323.315,0.04986
255000.0,323.3136435175766,2.006429148702816,323.3136412080019,2.0296688557894615,1.4957678084437175e-08,0.4643137180383788,323.315,0.04986
255060.0,323.3136437343191,2.0063417242530504,323.3136414251393,2.0295767587920386,1.4955289011737316e-08,0.46429307015138394,323.315,0.04986
255120.0,323.31364395102736,2.0062543136011985,323.3136416422423,2.029484676679605,1.495290031603823e-08,0.46427242556231707,323.315,0.04986
255180.0,323.3136441677014,2.0061669167451477,323.3136418593111,2.029392609449745,1.4950511997282555e-08,0.464251784270658,323.315,0.04986
255240.0,323.3136443843412,2.006079533682782,323.3136420763455,2.0293005571000435,1.494812405541226e-08,0.4642311462758867,323.315,0.04986
255300.0,323.3136446009468,2.005992164411987,323.3136422933457,2.0292085196280847,1.4945736490369365e-08,0.46421051157748255,323.315,0.04986
255360.0,323.3136448175182,2.0059048089306506,323.31364251031164,2.0291164970314544,1.4943349302096553e-08,0.46418988017492535,323.315,0.04986
255420.0,323.31364503405536,2.0058174672366578,323.31364272724323,2.0290244893077376,1.4940962490535903e-08,0.4641692520676953,323.315,0.04986
255480.0,323.31364525055835,2.0057301393278957,323.3136429441406,2.0289324964545203,1.4938576055629692e-08,0.46414862725527223,323.315,0.04986
255540.0,323.31364546702713,2.0056428252022513,323.31364316100377,2.0288405184693894,1.493618999732027e-08,0.46412800573713603,323.315,0.04986
255600.0,323.31364568346174,2.0055555248576127,323.3136433778326,2.028748555349931,1.4933804315550035e-08,0.4641073875127672,323.315,0.04986
255660.0,323.3136458998622,2.0054682382918676,323.3136435946272,2.028656607093733,1.4931419010260836e-08,0.46408677258164566,323.315,0.04986
255720.0,323.31364611622854,2.005380965502904,323.3136438113876,2.0285646736983822,1.4929034081396076e-08,0.4640661609432519,323.315,0.04986
255780.0,323.3136463325606,2.005293706488609,323.3136440281137,2.028472755161468,1.4926649528896616e-08,0.46404555259706637,323.315,0.04986
255840.0,323.31364654885857,2.005206461246873,323.3136442448055,2.028380851480577,1.49242653527059e-08,0.4640249475425694,323.315,0.04986
255900.0,323.31364676512237,2.005119229775583,323.3136444614632,2.0282889626532996,1.492188155276598e-08,0.4640043457792414,323.315,0.04986
255960.0,323.31364698135195,2.005032012072631,323.3136446780866,2.0281970886772247,1.491949812901856e-08,0.46398374730656305,323.315,0.04986
256020.0,323.3136471975474,2.004944808135903,323.3136448946758,2.0281052295499413,1.4917115081406795e-08,0.4639631521240151,323.315,0.04986
256080.0,323.3136474137088,2.004857617963294,323.3136451112308,2.028013385269043,1.49147324098729e-08,0.4639425602310791,323.315,0.04986
256140.0,323.313647629836,2.00477044155269,323.31364532775154,2.0279215558321173,1.4912350114359064e-08,0.46392197162723525,323.315,0.04986
256200.0,323.3136478459291,2.0046832789019815,323.31364554423817,2.027829741236753,1.490996819480761e-08,0.4639013863119642,323.315,0.04986
256260.0,323.31364806198803,2.004596130009057,323.3136457606905,2.0277379414805394,1.490758665116082e-08,0.4638808042847461,323.315,0.04986
256320.0,323.3136482780129,2.004508994871806,323.31364597710876,2.0276461565610653,1.4905205483361584e-08,0.4638602255450622,323.315,0.04986
256380.0,323.31364849400364,2.0044218734881287,323.3136461934928,2.0275543864759356,1.4902824691352012e-08,0.4638396500923959,323.315,0.04986
256440.0,323.31364870996026,2.0043347658559156,323.3136464098426,2.02746263122274,1.490044427507442e-08,0.4638190779262281,323.315,0.04986
256500.0,323.3136489258827,2.0042476719730535,323.3136466261583,2.027370890799066,1.4898064234471497e-08,0.46379850904603886,323.315,0.04986
256560.0,323.31364914177107,2.004160591837434,323.31364684243977,2.027279165202504,1.489568456948499e-08,0.4637779434513093,323.315,0.04986
256620.0,323.3136493576253,2.0040735254469473,323.3136470586871,2.0271874544306465,1.4893305280057944e-08,0.4637573811415205,323.315,0.04986
256680.0,323.3136495734455,2.003986472799495,323.3136472749002,2.027095758481098,1.4890926366132905e-08,0.46373682211615624,323.315,0.04986
256740.0,323.3136497892316,2.0038994338929683,323.3136474910792,2.027004077351451,1.488854782765212e-08,0.4637162663746978,323.315,0.04986
256800.0,323.31365000498363,2.003812408725257,323.31364770722405,2.026912411039294,1.4886169664558323e-08,0.46369571391662573,323.315,0.04986
256860.0,323.31365022070156,2.003725397294253,323.31364792333477,2.026820759542221,1.4883791876793116e-08,0.4636751647414215,323.315,0.04986
256920.0,323.31365043638544,2.0036383995978477,323.3136481394114,2.026729122857825,1.4881414464299713e-08,0.46365461884856646,323.315,0.04986
256980.0,323.3136506520352,2.003551415633946,323.3136483554538,2.0266375009837136,1.4879037427020391e-08,0.46363407623754516,323.315,0.04986
257040.0,323.313650867651,2.0034644454004393,323.3136485714621,2.026545893917481,1.4876660764897864e-08,0.46361353690783896,323.315,0.04986
257100.0,323.31365108323274,2.003377488895219,323.3136487874363,2.026454301656718,1.4874284477874389e-08,0.46359300085892896,323.315,0.04986
257160.0,323.31365129878037,2.003290546116178,323.3136490033764,2.02636272419902,1.4871908565892622e-08,0.46357246809029684,323.315,0.04986
257220.0,323.31365151429407,2.00320361706121,323.3136492192823,2.026271161541982,1.4869533028894999e-08,0.4635519386014247,323.315,0.04986
257280.0,323.31365172977365,2.0031167017282208,323.31364943515416,2.0261796136832144,1.4867157866823954e-08,0.463531412391797,323.315,0.04986
257340.0,323.3136519452192,2.0030298001151046,323.3136496509919,2.0260880806203128,1.4864783079622023e-08,0.4635108894608961,323.315,0.04986
257400.0,323.31365216063074,2.002942912219753,323.3136498667956,2.02599656235087,1.486240866723204e-08,0.4634903698082029,323.315,0.04986
257460.0,323.31365237600824,2.0028560380400604,323.3136500825651,2.0259050588724836,1.4860034629596363e-08,0.46346985343320013,323.315,0.04986
257520.0,323.3136525913517,2.0027691775739234,323.3136502983006,2.02581357018275,1.4857660966656938e-08,0.4634493403353696,323.315,0.04986
257580.0,323.31365280666114,2.0026823308192476,323.313650514002,2.0257220962792823,1.4855287678357442e-08,0.46342883051419687,323.315,0.04986
257640.0,323.3136530219366,2.002595497773929,323.31365072966935,2.0256306371596775,1.4852914764639668e-08,0.4634083239691641,323.315,0.04986
257700.0,323.3136532371781,2.002508678435861,323.3136509453026,2.025539192821531,1.4850542225446616e-08,0.4633878206997529,323.315,0.04986
257760.0,323.31365345238555,2.00242187280294,323.3136511609017,2.025447763262441,1.484817006072081e-08,0.4633673207054463,323.315,0.04986
257820.0,323.313653667559,2.0023350808730633,323.3136513764668,2.025356348480008,1.484579827040413e-08,0.4633468239857264,323.315,0.04986
257880.0,323.3136538826985,2.002248302644139,323.31365159199777,2.0252649484718455,1.4843426854440433e-08,0.46332633054007943,323.315,0.04986
257940.0,323.313654097804,2.0021615381140636,323.31365180749475,2.025173563235553,1.4841055812771296e-08,0.4633058403679878,323.315,0.04986
258000.0,323.3136543128755,2.0020747872807316,323.31365202295774,2.0250821927687275,1.4838685145340058e-08,0.4632853534689336,323.315,0.04986
258060.0,323.31365452791306,2.0019880501420433,323.3136522383866,2.0249908370689704,1.483631485208885e-08,0.4632648698424,323.315,0.04986
258120.0,323.31365474291664,2.0019013266958945,323.31365245378146,2.024899496133883,1.4833944932960297e-08,0.46324438948786995,323.315,0.04986
258180.0,323.3136549578863,2.001814616940197,323.31365266914236,2.0248081699610814,1.4831575387897443e-08,0.46322391240482963,323.315,0.04986
258240.0,323.31365517282194,2.001727920872848,323.31365288446915,2.0247168585481665,1.482920621684266e-08,0.463203438592762,323.315,0.04986
258300.0,323.3136553877237,2.001641238491743,323.313653099762,2.0246255618927385,1.4826837419738836e-08,0.4631829680511495,323.315,0.04986
258360.0,323.3136556025915,2.0015545697947843,323.3136533150208,2.0245342799923995,1.4824468996528316e-08,0.46316250077947585,323.315,0.04986
258420.0,323.31365581742534,2.0014679147798704,323.31365353024563,2.024443012844753,1.482210094715367e-08,0.46314203677722415,323.315,0.04986
258480.0,323.31365603222525,2.001381273444909,323.3136537454364,2.0243517604474146,1.4819733271558055e-08,0.46312157604388066,323.315,0.04986
258540.0,323.31365624699123,2.0012946457878025,323.31365396059323,2.0242605227979884,1.4817365969684203e-08,0.4631011185789288,323.315,0.04986
258600.0,323.31365646172327,2.001208031806451,323.313654175716,2.024169299894079,1.481499904147433e-08,0.46308066438185225,323.315,0.04986
258660.0,323.31365667642143,2.001121431498756,323.3136543908048,2.024078091733293,1.4812632486871546e-08,0.4630602134521354,323.315,0.04986
258720.0,323.3136568910856,2.0010348448626214,323.3136546058596,2.0239868983132374,1.4810266305818142e-08,0.4630397657892623,323.315,0.04986
258780.0,323.31365710571595,2.0009482718959504,323.31365482088046,2.02389571963152,1.4807900498257409e-08,0.46301932139271723,323.315,0.04986
258840.0,323.31365732031236,2.0008617125966444,323.31365503586727,2.0238045556857487,1.4805535064131814e-08,0.4629988802619846,323.315,0.04986
258900.0,323.3136575348749,2.00077516696261,323.3136552508202,2.0237134064735316,1.480317000338378e-08,0.4629784423965488,323.315,0.04986
258960.0,323.31365774940355,2.0006886349917483,323.3136554657391,2.023622271992478,1.48008053159565e-08,0.4629580077958946,323.315,0.04986
259020.0,323.3136579638983,2.000602116681966,323.3136556806241,2.023531152240196,1.4798441001792783e-08,0.46293757645950634,323.315,0.04986
259080.0,323.31365817835916,2.0005156120311662,323.3136558954751,2.0234400472142973,1.4796077060834699e-08,0.46291714838686915,323.315,0.04986
259140.0,323.3136583927862,2.0004291210372553,323.3136561102922,2.023348956912392,1.4793713493026038e-08,0.46289672357746786,323.315,0.04986
259200.0,323.3136586071793,2.000342643698138,323.3136563250753,2.0232578813320896,1.4791350298309047e-08,0.4628763020307871,323.315,0.04986
259260.0,323.3136588215385,2.0002561800117205,323.3136565398246,2.0231668204710016,1.4788987476625992e-08,0.46285588374631215,323.315,0.04986
259320.0,323.3136590358639,2.000169729975908,323.3136567545399,2.02307577432674,1.4786625027920486e-08,0.46283546872352777,323.315,0.04986
259380.0,323.3136592501554,2.000083293588606,323.3136569692213,2.0229847428969148,1.4784262952134985e-08,0.46281505696191944,323.315,0.04986
259440.0,323.31365946441304,1.9999968708477218,323.31365718386877,2.0228937261791393,1.4781901249212447e-08,0.46279464846097207,323.315,0.04986
259500.0,323.31365967863684,1.9999104617511616,323.31365739848223,2.0228027241710262,1.477953991909554e-08,0.4627742432201712,323.315,0.04986
259560.0,323.3136598928268,1.9998240662968336,323.3136576130618,2.0227117368701877,1.4777178961727421e-08,0.46275384123900204,323.315,0.04986
259620.0,323.3136601069829,1.999737684482644,323.31365782760747,2.0226207642742375,1.4774818377050236e-08,0.46273344251695026,323.315,0.04986
259680.0,323.3136603211052,1.999651316306501,323.3136580421193,2.022529806380789,1.477245816500764e-08,0.4627130470535012,323.315,0.04986
259740.0,323.3136605351937,1.9995649617663127,323.3136582565972,2.022438863187456,1.4770098325542147e-08,0.4626926548481404,323.315,0.04986
259800.0,323.3136607492484,1.9994786208599868,323.3136584710412,2.022347934691853,1.4767738858596502e-08,0.4626722659003538,323.315,0.04986
259860.0,323.3136609632693,1.9993922935854318,323.31365868545134,2.022257020891595,1.4765379764113994e-08,0.4626518802096271,323.315,0.04986
259920.0,323.3136611772564,1.9993059799405573,323.31365889982766,2.022166121784297,1.4763021042037294e-08,0.462631497775446,323.315,0.04986
259980.0,323.3136613912096,1.9992196799232738,323.3136591141701,2.0220752373675785,1.4760662692308933e-08,0.46261111859729703,323.315,0.04986
260040.0,323.31366160512914,1.9991333935314897,323.3136593284786,2.0219843676390528,1.4758304714872327e-08,0.46259074267466593,323.315,0.04986
260100.0,323.3136618190148,1.9990471207631124,323.31365954275327,2.0218935125963333,1.475594710967003e-08,0.4625703700070383,323.315,0.04986
260160.0,323.31366203286666,1.9989608616160508,323.313659756994,2.0218026722370355,1.47535898766449e-08,0.46255000059389967,323.315,0.04986
260220.0,323.31366224668477,1.9988746160882136,323.31365997120093,2.0217118465587745,1.4751233015739906e-08,0.46252963443473605,323.315,0.04986
260280.0,323.3136624604691,1.9987883841775207,323.31366018537403,2.0216210355591806,1.4748876526898301e-08,0.46250927152903626,323.315,0.04986
260340.0,323.31366267421964,1.9987021658818813,323.31366039951325,2.0215302392358687,1.4746520410062957e-08,0.4624889118762863,323.315,0.04986
260400.0,323.3136628879364,1.998615961199202,323.3136606136187,2.0214394575864514,1.4744164665176428e-08,0.4624685554759712,323.315,0.04986
260460.0,323.3136631016194,1.998529770127393,323.3136608276903,2.021348690608546,1.4741809292181806e-08,0.4624482023275775,323.315,0.04986
260520.0,323.3136633152686,1.9984435926643642,323.31366104172804,2.0212579382997697,1.4739454291022079e-08,0.4624278524305912,323.315,0.04986
260580.0,323.31366352888415,1.998357428808037,323.313661255732,2.0211672006577537,1.4737099661640729e-08,0.4624075057845014,323.315,0.04986
260640.0,323.3136637424659,1.998271278556322,323.31366146970214,2.0210764776801144,1.4734745403980298e-08,0.4623871623887943,323.315,0.04986
260700.0,323.3136639560139,1.9981851419071264,323.31366168363843,2.020985769364467,1.4732391517983477e-08,0.4623668222429558,323.315,0.04986
260760.0,323.3136641695282,1.9980990188583632,323.313661897541,2.0208950757084305,1.4730038003593604e-08,0.4623464853464724,323.315,0.04986
260820.0,323.3136643830087,1.9980129094079428,323.3136621114097,2.020804396709624,1.472768486075353e-08,0.46232615169883073,323.315,0.04986
260880.0,323.3136645964555,1.9979268135537889,323.3136623252446,2.020713732365681,1.4725332089406461e-08,0.4623058212995202,323.315,0.04986
260940.0,323.3136648098686,1.9978407312938131,323.31366253904577,2.0206230826742204,1.472297968949553e-08,0.46228549414802755,323.315,0.04986
261000.0,323.313665023248,1.9977546626259248,323.3136627528131,2.020532447632859,1.4720627660963392e-08,0.46226517024383895,323.315,0.04986
261060.0,323.31366523659364,1.9976686075480368,323.3136629665467,2.0204418272392175,1.471827600375315e-08,0.46224484958644124,323.315,0.04986
261120.0,323.3136654499056,1.997582566058063,323.31366318024646,2.020351221490917,1.4715924717807792e-08,0.4622245321753214,323.315,0.04986
261180.0,323.3136656631839,1.9974965381539276,323.3136633939125,2.020260630385593,1.4713573803070622e-08,0.4622042180099696,323.315,0.04986
261240.0,323.31366587642844,1.9974105238335431,323.31366360754475,2.0201700539208662,1.471122325948464e-08,0.4621839070898726,323.315,0.04986
261300.0,323.3136660896393,1.9973245230948216,323.3136638211432,2.020079492094356,1.4708873086992934e-08,0.4621635994145171,323.315,0.04986
261360.0,323.3136663028165,1.9972385359356775,323.313664034708,2.0199889449036847,1.4706523285538487e-08,0.46214329498339046,323.315,0.04986
261420.0,323.31366651596005,1.9971525623540254,323.313664248239,2.019898412346475,1.4704173855064229e-08,0.46212299379598,323.315,0.04986
261480.0,323.31366672906984,1.9970666023477905,323.3136644617362,2.019807894420365,1.4701824795513229e-08,0.462102695851776,323.315,0.04986
261540.0,323.313666942146,1.996980655914888,323.31366467519973,2.0197173911229775,1.469947610682929e-08,0.4620824011502661,323.315,0.04986
261600.0,323.3136671551885,1.9968947230532308,323.3136648886295,2.0196269024519333,1.4697127788954633e-08,0.46206210969093714,323.315,0.04986
261660.0,323.31366736819734,1.9968088037607346,323.31366510202554,2.019536428404857,1.4694779841832627e-08,0.4620418214732767,323.315,0.04986
261720.0,323.3136675811725,1.996722898035316,323.3136653153879,2.0194459689793733,1.4692432265406608e-08,0.4620215364967728,323.315,0.04986
261780.0,323.3136677941141,1.9966370058749021,323.3136655287165,2.019355524173122,1.4690085059620105e-08,0.4620012547609162,323.315,0.04986
261840.0,323.313668007022,1.9965511272774084,323.3136657420114,2.0192650939837273,1.4687738224415048e-08,0.4619809762651944,323.315,0.04986
261900.0,323.3136682198963,1.9964652622407502,323.3136659552726,2.0191746784088127,1.4685391759735766e-08,0.4619607010090949,323.315,0.04986
261960.0,323.3136684327369,1.9963794107628443,323.31366616850005,2.0190842774460047,1.4683045665524663e-08,0.461940428992106,323.315,0.04986
262020.0,323.31366864554394,1.996293572841609,323.3136663816938,2.0189938910929297,1.4680699941725283e-08,0.4619201602137158,323.315,0.04986
262080.0,323.3136688583173,1.9962077484749718,323.3136665948539,2.018903519347229,1.4678354588280573e-08,0.4618998946734153,323.315,0.04986
262140.0,323.3136690710571,1.9961219376608517,323.3136668079803,2.0188131622065306,1.4676009605134176e-08,0.46187963237069274,323.315,0.04986
262200.0,323.31366928376326,1.9960361403971638,323.31366702107306,2.0187228196684583,1.4673664992228562e-08,0.4618593733050359,323.315,0.04986
262260.0,323.3136694964358,1.9959503566818273,323.31366723413214,2.018632491730641,1.4671320749507632e-08,0.4618391174759333,323.315,0.04986
262320.0,323.31366970907476,1.9958645865127607,323.31366744715757,2.0185421783907067,1.466897687691383e-08,0.46181886488287344,323.315,0.04986
262380.0,323.3136699216801,1.995778829887895,323.31366766014935,2.0184518796463,1.466663337439088e-08,0.46179861552534796,323.315,0.04986
262440.0,323.3136701342519,1.9956930868051486,323.3136678731074,2.018361595495049,1.4664290241882338e-08,0.4617783694028455,323.315,0.04986
262500.0,323.31367034679005,1.9956073572624393,323.31366808603184,2.01827132593458,1.4661947479330628e-08,0.461758126514854,323.315,0.04986
262560.0,323.3136705592946,1.995521641257687,323.31366829892255,2.018181070962525,1.4659605086679361e-08,0.4617378868608624,323.315,0.04986
262620.0,323.31367077176566,1.9954359387888134,323.3136685117796,2.018090830576513,1.4657263063871639e-08,0.46171765044035984,323.315,0.04986
262680.0,323.3136709842031,1.995350249853749,323.3136687246031,2.01800060477419,1.4654921410851128e-08,0.4616974172528381,323.315,0.04986
262740.0,323.31367119660695,1.995264574450414,323.3136689373929,2.0179103935531866,1.4652580127560544e-08,0.461677187297786,323.315,0.04986
262800.0,323.31367140897726,1.995178912576729,323.3136691501491,2.017820196911132,1.4650239213943872e-08,0.4616569605746924,323.315,0.04986
262860.0,323.31367162131403,1.9950932642306145,323.3136693628717,2.0177300148456574,1.4647898669943571e-08,0.4616367370830465,323.315,0.04986
262920.0,323.3136718336172,1.9950076294099923,323.3136695755607,2.017639847354397,1.4645558495502952e-08,0.46161651682233745,323.315,0.04986
262980.0,323.3136720458869,1.9949220081127965,323.31366978821603,2.017549694434997,1.4643218690566251e-08,0.46159629979205763,323.315,0.04986
263040.0,323.313672258123,1.9948364003369483,323.3136700008378,2.0174595560850905,1.4640879255076056e-08,0.46157608599169664,323.315,0.04986
263100.0,323.31367247032557,1.994750806080369,323.31367021342595,2.0173694323023077,1.463854018897568e-08,0.4615558754207432,323.315,0.04986
263160.0,323.31367268249465,1.994665225340981,323.3136704259805,2.0172793230842836,1.4636201492208333e-08,0.4615356680786871,323.315,0.04986
263220.0,323.3136728946302,1.9945796581167081,323.31367063850143,2.017189228428652,1.4633863164717696e-08,0.4615154639650179,323.315,0.04986
263280.0,323.3136731067322,1.9944941044054825,323.31367085098873,2.0170991483330596,1.4631525206446949e-08,0.4614952630792279,323.315,0.04986
263340.0,323.3136733188007,1.9944085642052292,323.3136710634425,2.0170090827951435,1.4629187617339444e-08,0.46147506542080713,323.315,0.04986
263400.0,323.3136735308357,1.9943230375138725,323.3136712758627,2.0169190318125376,1.4626850397338609e-08,0.46145487098924554,323.315,0.04986
263460.0,323.3136737428371,1.9942375243293382,323.31367148824927,2.0168289953828813,1.4624513546387596e-08,0.4614346797840334,323.315,0.04986
263520.0,323.3136739548051,1.9941520246495528,323.3136717006023,2.0167389735038124,1.4622177064429786e-08,0.4614144918046616,323.315,0.04986
263580.0,323.3136741667396,1.9940665384724428,323.31367191292185,2.01664896617297,1.4619840951408802e-08,0.4613943070506202,323.315,0.04986
263640.0,323.3136743786406,1.9939810657959351,323.31367212520775,2.0165589733879927,1.4617505207267688e-08,0.46137412552140034,323.315,0.04986
263700.0,323.31367459050807,1.9938956066179574,323.31367233746016,2.016468995146521,1.4615169831950192e-08,0.4613539472164925,323.315,0.04986
263760.0,323.3136748023421,1.993810160936437,323.31367254967904,2.0163790314461947,1.4612834825399545e-08,0.4613337721353877,323.315,0.04986
263820.0,323.31367501414275,1.9937247287493016,323.31367276186444,2.0162890822846533,1.4610500187559216e-08,0.4613136002775767,323.315,0.04986
263880.0,323.3136752259099,1.9936393100544807,323.31367297401624,2.01619914765954,1.4608165918372339e-08,0.46129343164255077,323.315,0.04986
263940.0,323.3136754376435,1.993553904849902,323.3136731861345,2.0161092275684953,1.4605832017782593e-08,0.46127326622980097,323.315,0.04986
264000.0,323.3136756493437,1.9934685131334948,323.3136733982192,2.0160193220091607,1.4603498485733156e-08,0.4612531040388187,323.315,0.04986
264060.0,323.31367586101044,1.9933831349031887,323.31367361027037,2.0159294309791784,1.460116532216783e-08,0.46123294506909474,323.315,0.04986
264120.0,323.31367607264366,1.9932977701569126,323.31367382228797,2.0158395544761913,1.459883252702968e-08,0.46121278932012083,323.315,0.04986
264180.0,323.3136762842435,1.9932124188925964,323.3136740342721,2.0157496924978417,1.4596500100262366e-08,0.46119263679138817,323.315,0.04986
264240.0,323.3136764958099,1.9931270811081703,323.3136742462227,2.0156598450417738,1.4594168041809552e-08,0.4611724874823885,323.315,0.04986
264300.0,323.3136767073429,1.9930417568015644,323.3136744581399,2.015570012105631,1.4591836351614351e-08,0.46115234139261313,323.315,0.04986
264360.0,323.3136769188424,1.9929564459707105,323.3136746700236,2.0154801936870577,1.4589505029620386e-08,0.4611321985215539,323.315,0.04986
264420.0,323.3136771303086,1.992871148613538,323.3136748818738,2.0153903897836978,1.4587174075771325e-08,0.46111205886870266,323.315,0.04986
264480.0,323.31367734174125,1.9927858647279795,323.3136750936905,2.0153006003931964,1.4584843490010301e-08,0.46109192243355096,323.315,0.04986
264540.0,323.31367755314056,1.9927005943119656,323.3136753054737,2.0152108255131984,1.4582513272281083e-08,0.46107178921559094,323.315,0.04986
264600.0,323.31367776450645,1.9926153373634286,323.3136755172234,2.0151210651413507,1.4580183422526826e-08,0.46105165921431424,323.315,0.04986
264660.0,323.3136779758389,1.9925300938803003,323.3136757289396,2.0150313192752978,1.4577853940691276e-08,0.46103153242921296,323.315,0.04986
264720.0,323.31367818713795,1.9924448638605137,323.3136759406223,2.0149415879126873,1.45755248267181e-08,0.4610114088597795,323.315,0.04986
264780.0,323.3136783984037,1.992359647302003,323.3136761522716,2.0148518710511683,1.4573196080551186e-08,0.46099128850550647,323.315,0.04986
264840.0,323.313678609636,1.9922744442027,323.31367636388745,2.0147621686883856,1.4570867702133493e-08,0.4609711713658857,323.315,0.04986
264900.0,323.3136788208349,1.992189254560536,323.3136765754699,2.0146724808219845,1.4568539691408133e-08,0.4609510574404091,323.315,0.04986
264960.0,323.3136790320005,1.9921040783734436,323.31367678701895,2.014582807449611,1.456621204831977e-08,0.4609309467285688,323.315,0.04986
265020.0,323.3136792431327,1.9920189156393544,323.31367699853456,2.0144931485689117,1.4563884772811086e-08,0.4609108392298566,323.315,0.04986
265080.0,323.31367945423153,1.9919337663562127,323.31367721001675,2.0144035041775474,1.4561557864826134e-08,0.460890734943768,323.315,0.04986
265140.0,323.313679665297,1.9918486305219507,323.31367742146546,2.014313874273165,1.4559231324308353e-08,0.4608706338697947,323.315,0.04986
265200.0,323.3136798763291,1.9917635081344987,323.31367763288074,2.014224258853408,1.4556905151201127e-08,0.4608505360074287,323.315,0.04986
265260.0,323.31368008732784,1.991678399191791,323.3136778442626,2.014134657915925,1.4554579345448493e-08,0.46083044135616236,323.315,0.04986
265320.0,323.3136802982932,1.9915933036917615,323.313678055611,2.014045071458364,1.4552253906993273e-08,0.4608103499154881,323.315,0.04986
265380.0,323.31368050922526,1.9915082216323539,323.31367826692605,2.013955499478387,1.454992883578019e-08,0.4607902616849013,323.315,0.04986
265440.0,323.313680720124,1.9914231530115023,323.31367847820763,2.013865941973642,1.4547604131752268e-08,0.46077017666389425,323.315,0.04986
265500.0,323.31368093098945,1.9913380978271387,323.31367868945586,2.013776398941776,1.454527979485316e-08,0.4607500948519593,323.315,0.04986
265560.0,323.3136811418215,1.9912530560771988,323.3136789006707,2.0136868703804387,1.4542955825026426e-08,0.46073001624858906,323.315,0.04986
265620.0,323.31368135262034,1.9911680277596173,323.31367911185214,2.0135973562872795,1.454063222221571e-08,0.4607099408532766,323.315,0.04986
265680.0,323.3136815633858,1.9910830128723407,323.3136793230002,2.013507856659963,1.4538308986364766e-08,0.4606898686655174,323.315,0.04986
265740.0,323.3136817741179,1.990998011413304,323.3136795341149,2.0134183714961402,1.4535986117417321e-08,0.4606697996848046,323.315,0.04986
265800.0,323.31368198481675,1.9909130233804406,323.3136797451962,2.0133289007934576,1.4533663615316872e-08,0.4606497339106305,323.315,0.04986
265860.0,323.3136821954823,1.9908280487716872,323.31367995624413,2.0132394445495683,1.4531341480007054e-08,0.46062967134248833,323.315,0.04986
265920.0,323.3136824061145,1.9907430875849808,323.3136801672587,2.013150002762124,1.4529019711431534e-08,0.4606096119798713,323.315,0.04986
265980.0,323.31368261671344,1.9906581398182688,323.31368037823995,2.0130605754287907,1.4526698309534347e-08,0.46058955582227573,323.315,0.04986
266040.0,323.3136828272791,1.990573205469488,323.31368058918787,2.0129711625472213,1.452437727425898e-08,0.4605695028691948,323.315,0.04986
266100.0,323.3136830378115,1.990488284536574,323.31368080010236,2.012881764115065,1.4522056605549415e-08,0.46054945312012135,323.315,0.04986
266160.0,323.3136832483106,1.990403377017464,323.31368101098354,2.0127923801299765,1.4519736303348673e-08,0.4605294065745488,323.315,0.04986
266220.0,323.31368345877644,1.9903184829100966,323.3136812218314,2.012703010589609,1.4517416367601043e-08,0.46050936323197117,323.315,0.04986
266280.0,323.31368366920907,1.9902336022124212,323.313681432646,2.012613655491631,1.4515096798250093e-08,0.4604893230918847,323.315,0.04986
266340.0,323.3136838796084,1.9901487349223754,323.3136816434272,2.012524314833697,1.45127775952399e-08,0.4604692861537833,323.315,0.04986
266400.0,323.31368408997446,1.990063881037896,323.31368185417506,2.0124349886134585,1.4510458758513611e-08,0.46044925241715995,323.315,0.04986
266460.0,323.31368430030733,1.989979040556923,323.3136820648896,2.0123456768285717,1.4508140288015237e-08,0.4604292218815087,323.315,0.04986
266520.0,323.31368451060695,1.9898942134773958,323.3136822755708,2.0122563794766917,1.4505822183688765e-08,0.46040919454632373,323.315,0.04986
266580.0,323.3136847208733,1.9898093997972648,323.31368248621874,2.0121670965554896,1.4503504445477898e-08,0.460389170411102,323.315,0.04986
266640.0,323.3136849311064,1.9897245995144694,323.3136826968334,2.012077828062621,1.4501187073326092e-08,0.46036914947533736,323.315,0.04986
266700.0,323.31368514130634,1.9896398126269483,323.3136829074147,2.011988573995739,1.4498870067177471e-08,0.46034913173852365,323.315,0.04986
266760.0,323.313685351473,1.9895550391326422,323.3136831179628,2.0118993343525027,1.44965534269753e-08,0.46032911720015496,323.315,0.04986
266820.0,323.3136855616064,1.9894702790294918,323.31368332847757,2.0118101091305687,1.4494237152663946e-08,0.460309105859726,323.315,0.04986
266880.0,323.3136857717067,1.9893855323154495,323.3136835389591,2.01172089832761,1.449192124418741e-08,0.46028909771673404,323.315,0.04986
266940.0,323.3136859817737,1.9893007989884572,323.31368374940735,2.011631701941284,1.4489605701488928e-08,0.4602690927706732,323.315,0.04986
267000.0,323.3136861918075,1.9892160790464533,323.3136839598223,2.011542519969247,1.448729052451253e-08,0.460249091021038,323.315,0.04986
267060.0,323.3136864018082,1.9891313724873805,323.31368417020406,2.0114533524091582,1.4484975713202052e-08,0.46022909246732285,323.315,0.04986
267120.0,323.3136866117756,1.9890466793091819,323.3136843805525,2.011364199258677,1.4482661267501395e-08,0.4602090971090228,323.315,0.04986
267180.0,323.31368682170984,1.988961999509808,323.3136845908677,2.011275060515475,1.4480347187354248e-08,0.4601891049456347,323.315,0.04986
267240.0,323.31368703161087,1.988877333087204,323.31368480114963,2.011185936177214,1.4478033472704831e-08,0.46016911597665394,323.315,0.04986
267300.0,323.31368724147876,1.9887926800393116,323.3136850113983,2.0110968262415545,1.4475720123496926e-08,0.46014913020157533,323.315,0.04986
267360.0,323.3136874513135,1.9887080403640764,323.3136852216137,2.01100773070616,1.4473407139673965e-08,0.4601291476198946,323.315,0.04986
267420.0,323.31368766111507,1.988623414059445,323.3136854317959,2.0109186495686933,1.4471094521180472e-08,0.4601091682311071,323.315,0.04986
267480.0,323.3136878708835,1.9885388011233616,323.3136856419448,2.010829582826818,1.44687822679597e-08,0.4600891920347086,323.315,0.04986
267540.0,323.31368808061876,1.9884542015537732,323.31368585206053,2.0107405304782,1.4466470379956386e-08,0.46006921903019476,323.315,0.04986
267600.0,323.31368829032084,1.988369615348625,323.31368606214306,2.010651492520502,1.4464158857113295e-08,0.4600492492170615,323.315,0.04986
267660.0,323.31368849998984,1.988285042505865,323.3136862721924,2.0105624689513903,1.4461847699375262e-08,0.46002928259480463,323.315,0.04986
267720.0,323.31368870962564,1.9882004830234394,323.3136864822086,2.01047345976853,1.445953690668591e-08,0.46000931916292015,323.315,0.04986
267780.0,323.31368891922835,1.988115936899296,323.31368669219154,2.010384464969589,1.4457226478989149e-08,0.45998935892090426,323.315,0.04986
267840.0,323.31368912879793,1.988031404131383,323.3136869021413,2.0102954845522323,1.445491641622908e-08,0.45996940186825314,323.315,0.04986
267900.0,323.31368933833437,1.987946884717648,323.31368711205783,2.010206518514127,1.4452606718349181e-08,0.45994944800446297,323.315,0.04986
267960.0,323.31368954783767,1.9878623786560392,323.3136873219412,2.0101175668529407,1.4450297385293985e-08,0.4599294973290301,323.315,0.04986
268020.0,323.3136897573078,1.9877778859445052,323.3136875317914,2.010028629566341,1.444798841700694e-08,0.459909549841451,323.315,0.04986
268080.0,323.3136899667449,1.9876934065809948,323.3136877416084,2.0099397066519957,1.4445679813432554e-08,0.459889605541222,323.315,0.04986
268140.0,323.31369017614884,1.9876089405634572,323.31368795139224,2.009850798107573,1.4443371574514284e-08,0.4598696644278397,323.315,0.04986
268200.0,323.31369038551975,1.987524487889842,323.31368816114286,2.009761903930742,1.4441063700196754e-08,0.4598497265008009,323.315,0.04986
268260.0,323.3136905948575,1.9874400485580992,323.3136883708603,2.009673024119172,1.4438756190423306e-08,0.4598297917596021,323.315,0.04986
268320.0,323.3136908041622,1.9873556225661786,323.3136885805446,2.009584158670532,1.4436449045138378e-08,0.4598098602037402,323.315,0.04986
268380.0,323.3136910134338,1.9872712099120298,323.3136887901957,2.0094953075824926,1.4434142264285676e-08,0.4597899318327121,323.315,0.04986
268440.0,323.31369122267233,1.9871868105936041,323.31368899981373,2.0094064708527233,1.4431835847809559e-08,0.45977000664601436,323.315,0.04986
268500.0,323.31369143187777,1.9871024246088522,323.3136892093986,2.009317648478895,1.4429529795653705e-08,0.45975008464314443,323.315,0.04986
268560.0,323.3136916410502,1.987018051955725,323.31368941895033,2.0092288404586784,1.442722410776257e-08,0.4597301658235992,323.315,0.04986
268620.0,323.31369185018946,1.9869336926321743,323.31368962846904,2.009140046789746,1.4424918784079388e-08,0.45971025018687595,323.315,0.04986
268680.0,323.3136920592957,1.9868493466361539,323.31368983795454,2.0090512674697716,1.4422613824549257e-08,0.4596903377324724,323.315,0.04986
268740.0,323.3136922683689,1.9867650139656141,323.3136900474069,2.0089625024964257,1.442030922911568e-08,0.4596704284598854,323.315,0.04986
268800.0,323.31369247740906,1.9866806946185052,323.3136902568262,2.008873751867378,1.4418004997722822e-08,0.459650522368612,323.315,0.04986
268860.0,323.3136926864162,1.9865963885927789,323.31369046621234,2.0087850155803,1.4415701130314706e-08,0.4596306194581492,323.315,0.04986
268920.0,323.31369289539026,1.9865120958863862,323.31369067556534,2.008696293632863,1.441339762683501e-08,0.45961071972799417,323.315,0.04986
268980.0,323.3136931043313,1.9864278164972902,323.31369088488526,2.008607586022753,1.4411094487228814e-08,0.45959082317764705,323.315,0.04986
269040.0,323.31369331323936,1.9863435504234421,323.3136910941721,2.008518892747641,1.4408791711439749e-08,0.459570929806605,323.315,0.04986
269100.0,323.3136935221143,1.9862592976627913,323.31369130342586,2.008430213805197,1.4406489299411395e-08,0.45955103961436466,323.315,0.04986
269160.0,323.3136937309563,1.9861750582132909,323.3136915126465,2.0083415491930934,1.4404187251088496e-08,0.4595311526004236,323.315,0.04986
269220.0,323.31369393976524,1.986090832072894,323.3136917218341,2.0082528989090034,1.440188556641495e-08,0.4595112687642793,323.315,0.04986
269280.0,323.31369414854123,1.9860066192395633,323.3136919309886,2.0081642629506145,1.4399584245335195e-08,0.45949138810543216,323.315,0.04986
269340.0,323.3136943572842,1.9859224197112515,323.3136921401101,2.008075641315599,1.4397283287793095e-08,0.45947151062337943,323.315,0.04986
269400.0,323.3136945659941,1.9858382334859104,323.31369234919845,2.0079870340016286,1.4394982693732527e-08,0.4594516363176186,323.315,0.04986
269460.0,323.3136947746711,1.985754060561494,323.31369255825376,2.0078984410063785,1.4392682463097772e-08,0.4594317651876474,323.315,0.04986
269520.0,323.3136949833151,1.9856699009359562,323.31369276727605,2.0078098623275236,1.4390382595833539e-08,0.45941189723296355,323.315,0.04986
269580.0,323.3136951919261,1.9855857546072628,323.31369297626526,2.007721297962753,1.4388083091883619e-08,0.45939203245306814,323.315,0.04986
269640.0,323.3136954005041,1.9855016215733672,323.31369318522144,2.0076327479097413,1.4385783951191966e-08,0.4593721708474589,323.315,0.04986
269700.0,323.31369560904915,1.9854175018322224,323.3136933941446,2.007544212166162,1.4383485173703126e-08,0.4593523124156331,323.315,0.04986
269760.0,323.3136958175612,1.985333395381784,323.31369360303466,2.0074556907296928,1.4381186759360841e-08,0.4593324571570894,323.315,0.04986
269820.0,323.31369602604025,1.9852493022200077,323.31369381189177,2.007367183598009,1.437888870810956e-08,0.45931260507132576,323.315,0.04986
269880.0,323.31369623448643,1.9851652223448597,323.31369402071584,2.0072786907688034,1.4376591019893724e-08,0.4592927561578435,323.315,0.04986
269940.0,323.3136964428996,1.9850811557542967,323.31369422950684,2.007190212239752,1.4374293694657435e-08,0.4592729104161411,323.315,0.04986
270000.0,323.3136966512798,1.9849971024462718,323.31369443826486,2.0071017480085307,1.4371996732344794e-08,0.45925306784571607,323.315,0.04986
270060.0,323.31369685962716,1.9849130624187423,323.3136946469898,2.0070132980728173,1.4369700132900241e-08,0.45923322844606723,323.315,0.04986
270120.0,323.3136970679415,1.9848290356696658,323.3136948556818,2.0069248624302913,1.4367403896267516e-08,0.4592133922166933,323.315,0.04986
270180.0,323.31369727622297,1.9847450221970098,323.3136950643407,2.0068364410786454,1.4365108022391625e-08,0.4591935591570958,323.315,0.04986
270240.0,323.31369748447145,1.9846610219987322,323.3136952729667,2.0067480340155592,1.4362812511216504e-08,0.4591737292667733,323.315,0.04986
270300.0,323.3136976926871,1.984577035072788,323.31369548155965,2.0066596412387088,1.4360517362686209e-08,0.45915390254522437,323.315,0.04986
270360.0,323.3136979008697,1.9844930614171359,323.3136956901197,2.0065712627457755,1.4358222576744894e-08,0.4591340789919477,323.315,0.04986
270420.0,323.3136981090195,1.9844091010297342,323.31369589864676,2.006482898534439,1.4355928153337537e-08,0.4591142586064424,323.315,0.04986
270480.0,323.3136983171364,1.9843251539085536,323.3136961071408,2.0063945486023957,1.4353634092407574e-08,0.4590944413882107,323.315,0.04986
270540.0,323.3136985252204,1.9842412200515511,323.31369631560193,2.0063062129473264,1.4351340393900114e-08,0.4590746273367515,323.315,0.04986
270600.0,323.31369873327145,1.984157299456685,323.31369652403004,2.0062178915669087,1.4349047057759178e-08,0.45905481645156326,323.315,0.04986
270660.0,323.3136989412896,1.9840733921219145,323.3136967324252,2.0061295844588263,1.4346754083928503e-08,0.4590350087321456,323.315,0.04986
270720.0,323.3136991492749,1.9839894980452,323.3136969407875,2.006041291620761,1.4344461472352865e-08,0.45901520417799796,323.315,0.04986
270780.0,323.3136993572273,1.9839056172245129,323.31369714911676,2.0059530130504113,1.4342169222976807e-08,0.4589954027886226,323.315,0.04986
270840.0,323.3136995651468,1.983821749657812,323.31369735741316,2.0058647487454584,1.4339877335744399e-08,0.45897560456351905,323.315,0.04986
270900.0,323.3136997730334,1.9837378953430571,323.31369756567653,2.0057764987035838,1.4337585810600106e-08,0.45895580950218623,323.315,0.04986
270960.0,323.3136999808872,1.983654054278209,323.31369777390705,2.0056882629224715,1.4335294647488206e-08,0.458936017604124,323.315,0.04986
271020.0,323.3137001887081,1.9835702264612292,323.3136979821046,2.0056000413998065,1.4333003846352998e-08,0.45891622886883227,323.315,0.04986
271080.0,323.31370039649613,1.9834864118900883,323.31369819026924,2.0055118341332845,1.4330713407139016e-08,0.45889644329581303,323.315,0.04986
271140.0,323.3137006042514,1.9834026105627487,323.31369839840096,2.005423641120592,1.4328423329790751e-08,0.4588766608845666,323.315,0.04986
271200.0,323.3137008119737,1.9833188224771727,323.3136986064997,2.005335462359414,1.4326133614252046e-08,0.45885688163459276,323.315,0.04986
271260.0,323.31370101966326,1.9832350476313247,323.3136988145656,2.005247297847439,1.432384426046811e-08,0.45883710554539214,323.315,0.04986
271320.0,323.31370122732,1.9831512860231686,323.31369902259854,2.0051591475823556,1.432155526838269e-08,0.45881733261646557,323.315,0.04986
271380.0,323.3137014349439,1.98306753765067,323.3136992305986,2.005071011561852,1.4319266637940275e-08,0.45879756284731327,323.315,0.04986
271440.0,323.3137016425349,1.9829838025117925,323.3136994385658,2.004982889783617,1.4316978369085608e-08,0.45877779623743636,323.315,0.04986
271500.0,323.31370185009314,1.9829000806045025,323.3136996465,2.004894782245341,1.4314690461762857e-08,0.4587580327863353,323.315,0.04986
271560.0,323.31370205761857,1.9828163719267646,323.3136998544014,2.004806688944714,1.4312402915916322e-08,0.4587382724935114,323.315,0.04986
271620.0,323.3137022651112,1.9827326764765458,323.31370006226996,2.0047186098794256,1.4310115731490768e-08,0.45871851535846536,323.315,0.04986
271680.0,323.313702472571,1.9826489942518122,323.31370027010564,2.004630545047168,1.4307828908430198e-08,0.45869876138069854,323.315,0.04986
271740.0,323.31370267999796,1.9825653252505306,323.31370047790847,2.0045424944456323,1.4305542446679775e-08,0.458679010559712,323.315,0.04986
271800.0,323.31370288739214,1.9824816694706677,323.3137006856784,2.004454458072509,1.4303256346183123e-08,0.4586592628950072,323.315,0.04986
271860.0,323.3137030947536,1.9823980269101908,323.3137008934155,2.004366435925492,1.4300970606885642e-08,0.4586395183860851,323.315,0.04986
271920.0,323.31370330208216,1.9823143975670674,323.31370110111976,2.004278428002272,1.4298685228730812e-08,0.4586197770324473,323.315,0.04986
271980.0,323.31370350937794,1.9822307814392648,323.31370130879117,2.004190434300543,1.4296400211663685e-08,0.45860003883359535,323.315,0.04986
272040.0,323.313703716641,1.9821471785247518,323.3137015164297,2.0041024548179975,1.429411555562885e-08,0.45858030378903053,323.315,0.04986
272100.0,323.3137039238713,1.9820635888214961,323.3137017240354,2.004014489552329,1.4291831260570708e-08,0.45856057189825494,323.315,0.04986
272160.0,323.3137041310688,1.9819800123274667,323.31370193160825,2.0039265385012315,1.4289547326433616e-08,0.45854084316076993,323.315,0.04986
272220.0,323.3137043382336,1.9818964490406326,323.31370213914823,2.0038386016624,1.4287263753162493e-08,0.4585211175760775,323.315,0.04986
272280.0,323.31370454536557,1.981812898958963,323.31370234665536,2.003750679033528,1.4284980540701042e-08,0.4585013951436793,323.315,0.04986
272340.0,323.31370475246484,1.981729362080427,323.31370255412975,2.0036627706123116,1.4282697688994738e-08,0.4584816758630773,323.315,0.04986
272400.0,323.3137049595314,1.9816458384029945,323.3137027615714,2.003574876396445,1.4280415197987916e-08,0.45846195973377357,323.315,0.04986
272460.0,323.31370516656517,1.9815623279246362,323.3137029689802,2.003486996383625,1.427813306762471e-08,0.4584422467552702,323.315,0.04986
272520.0,323.3137053735662,1.9814788306433213,323.3137031763563,2.0033991305715477,1.4275851297849784e-08,0.45842253692706936,323.315,0.04986
272580.0,323.3137055805345,1.981395346557023,323.3137033836995,2.003311278957912,1.4273569888607817e-08,0.4584028302486738,323.315,0.04986
272640.0,323.3137057874701,1.9813118756637116,323.3137035910099,2.0032234415404124,1.4271288839843853e-08,0.4583831267195855,323.315,0.04986
272700.0,323.313705994373,1.9812284179613555,323.3137037982875,2.003135618316745,1.426900815150176e-08,0.45836342633930627,323.315,0.04986
272760.0,323.3137062012431,1.9811449734479245,323.3137040055323,2.0030478092846047,1.4266727823526104e-08,0.45834372910733834,323.315,0.04986
272820.0,323.3137064080805,1.98106154212139,323.31370421274437,2.0029600144416873,1.4264447855861717e-08,0.45832403502318364,323.315,0.04986
272880.0,323.3137066148853,1.9809781239797326,323.3137044199237,2.002872233785704,1.4262168248453565e-08,0.45830434408634746,323.315,0.04986
272940.0,323.3137068216573,1.980894719020923,323.3137046270702,2.002784467314352,1.4259889001245962e-08,0.4582846562963319,323.315,0.04986
273000.0,323.31370702839666,1.9808113272429297,323.3137048341839,2.002696715025323,1.425761011418357e-08,0.45826497165263874,323.315,0.04986
273060.0,323.3137072351033,1.9807279486437244,323.31370504126494,2.002608976916317,1.4255331587210716e-08,0.45824529015477034,323.315,0.04986
273120.0,323.3137074417773,1.9806445832212787,323.31370524831317,2.0025212529850305,1.4253053420272753e-08,0.4582256118022292,323.315,0.04986
273180.0,323.3137076484186,1.9805612309735743,323.3137054553286,2.0024335432291753,1.425077561331346e-08,0.45820593659452086,323.315,0.04986
273240.0,323.3137078550272,1.980477891898584,323.3137056623114,2.0023458476464495,1.4248498166278078e-08,0.45818626453114747,323.315,0.04986
273300.0,323.31370806160317,1.9803945659942768,323.3137058692614,2.002258166234549,1.4246221079111231e-08,0.4581665956116114,323.315,0.04986
273360.0,323.3137082681464,1.9803112532586264,323.3137060761787,2.002170498991174,1.4243944351757143e-08,0.4581469298354154,323.315,0.04986
273420.0,323.313708474657,1.9802279536896057,323.31370628306325,2.0020828459140234,1.4241667984160766e-08,0.45812726720206237,323.315,0.04986
273480.0,323.313708681135,1.9801446672851988,323.3137064899151,2.001995207000811,1.4239391976267279e-08,0.45810760771105824,323.315,0.04986
273540.0,323.3137088875803,1.9800613940433784,323.31370669673424,2.001907582249237,1.4237116328020604e-08,0.45808795136190555,323.315,0.04986
273600.0,323.31370909399294,1.9799781339621165,323.31370690352065,2.0018199716569987,1.423484103936572e-08,0.458068298154107,323.315,0.04986
273660.0,323.31370930037303,1.979894887039387,323.3137071102744,2.0017323752217977,1.4232566110247757e-08,0.45804864808716583,323.315,0.04986
273720.0,323.31370950672044,1.979811653273165,323.3137073169954,2.0016447929413355,1.4230291540610685e-08,0.45802900116058526,323.315,0.04986
273780.0,323.31370971303517,1.9797284326614357,323.3137075236838,2.0015572248133284,1.4228017330399366e-08,0.45800935737387144,323.315,0.04986
273840.0,323.3137099193173,1.9796452252021735,323.3137077303394,2.0014696708354784,1.4225743479559482e-08,0.4579897167265277,323.315,0.04986
273900.0,323.31371012556684,1.9795620308933515,323.3137079369624,2.0013821310054847,1.4223469988034487e-08,0.45797007921805694,323.315,0.04986
273960.0,323.3137103317838,1.979478849732946,323.3137081435527,2.0012946053210503,1.422119685577009e-08,0.4579504448479625,323.315,0.04986
274020.0,323.31371053796806,1.9793956817189322,323.3137083501103,2.00120709377988,1.4218924082709972e-08,0.45793081361574833,323.315,0.04986
274080.0,323.31371074411976,1.9793125268492977,323.31370855663516,2.0011195963796897,1.4216651668799984e-08,0.45791118552092097,323.315,0.04986
274140.0,323.3137109502389,1.979229385122018,323.3137087631274,2.0010321131181845,1.4214379613984828e-08,0.45789156056298397,323.315,0.04986
274200.0,323.3137111563254,1.979146256535068,323.31370896958697,2.0009446439930656,1.4212107918208682e-08,0.45787193874144055,323.315,0.04986
274260.0,323.3137113623793,1.9790631410864252,323.3137091760139,2.000857189002038,1.4209836581416701e-08,0.45785232005579485,323.315,0.04986
274320.0,323.31371156840066,1.9789800387740661,323.3137093824081,2.0007697481428073,1.4207565603553395e-08,0.45783270450555086,323.315,0.04986
274380.0,323.3137117743894,1.9788969495959798,323.3137095887697,2.000682321413093,1.4205294984563498e-08,0.4578130920902153,323.315,0.04986
274440.0,323.3137119803456,1.978813873550144,323.3137097950987,2.0005949088106,1.4203024724392753e-08,0.45779348280929244,323.315,0.04986
274500.0,323.3137121862692,1.9787308106345338,323.31371000139507,2.000507510333033,1.4200754822984706e-08,0.45777387666228586,323.315,0.04986
274560.0,323.31371239216026,1.978647760847129,323.31371020765886,2.0004201259780983,1.4198485280285078e-08,0.45775427364869997,323.315,0.04986
274620.0,323.3137125980187,1.9785647241859077,323.31371041388996,2.000332755743503,1.4196216096238067e-08,0.45773467376803906,323.315,0.04986
274680.0,323.3137128038447,1.9784817006488602,323.3137106200885,2.0002453996269693,1.4193947270789507e-08,0.4577150770198106,323.315,0.04986
274740.0,323.31371300963804,1.9783986902339645,323.31371082625435,2.0001580576262046,1.41916788038834e-08,0.45769548340351895,323.315,0.04986
274800.0,323.3137132153989,1.9783156929391992,323.31371103238763,2.0000707297389138,1.418941069546472e-08,0.45767589291866806,323.315,0.04986
274860.0,323.3137134211272,1.9782327087625435,323.3137112384883,1.9999834159628058,1.4187142945478402e-08,0.45765630556476283,323.315,0.04986
274920.0,323.31371362682296,1.9781497377019783,323.31371144455636,1.9998961162955904,1.4184875553869147e-08,0.45763672134130773,323.315,0.04986
274980.0,323.3137138324862,1.9780667797554923,323.3137116505918,1.9998088307349875,1.418260852058233e-08,0.4576171402478103,323.315,0.04986
275040.0,323.3137140381169,1.9779838349210674,323.3137118565947,1.9997215592787083,1.418034184556246e-08,0.45759756228377546,323.315,0.04986
275100.0,323.3137142437151,1.977900903196684,323.313712062565,1.999634301924463,1.4178075528754352e-08,0.4575779874487081,323.315,0.04986
275160.0,323.3137144492808,1.977817984580326,323.3137122685027,1.9995470586699635,1.4175809570103247e-08,0.45755841574211387,323.315,0.04986
275220.0,323.3137146548139,1.977735079069976,323.31371247440785,1.9994598295129236,1.4173543969553758e-08,0.45753884716349813,323.315,0.04986
275280.0,323.3137148603146,1.977652186663617,323.3137126802804,1.999372614451056,1.4171278727051039e-08,0.4575192817123667,323.315,0.04986
275340.0,323.31371506578273,1.977569307359233,323.3137128861204,1.9992854134820743,1.4169013842540068e-08,0.45749971938822526,323.315,0.04986
275400.0,323.3137152712184,1.977486441154809,323.31371309192787,1.9991982266036932,1.4166749315965509e-08,0.4574801601905795,323.315,0.04986
275460.0,323.3137154766216,1.977403588048329,323.31371329770275,1.9991110538136263,1.4164485147272409e-08,0.4574606041189354,323.315,0.04986
275520.0,323.31371568199233,1.9773207480377772,323.3137135034451,1.999023895109589,1.4162221336405933e-08,0.45744105117279876,323.315,0.04986
275580.0,323.31371588733055,1.9772379211211395,323.31371370915485,1.9989367504892976,1.4159957883310624e-08,0.4574215013516759,323.315,0.04986
275640.0,323.3137160926363,1.9771551072964018,323.31371391483214,1.9988496199504675,1.4157694787931928e-08,0.45740195465507294,323.315,0.04986
275700.0,323.3137162979096,1.9770723065615488,323.31371412047685,1.998762503490815,1.4155432050214445e-08,0.457382411082496,323.315,0.04986
275760.0,323.31371650315043,1.9769895189145665,323.31371432608904,1.998675401108056,1.4153169670103481e-08,0.4573628706334514,323.315,0.04986
275820.0,323.3137167083588,1.976906744353442,323.31371453166867,1.9985883127999082,1.4150907647543464e-08,0.4573433333074455,323.315,0.04986
275880.0,323.31371691353473,1.9768239828761613,323.31371473721583,1.9985012385640886,1.4148645982480322e-08,0.4573237991039847,323.315,0.04986
275940.0,323.3137171186782,1.9767412344807114,323.3137149427304,1.9984141783983147,1.4146384674858191e-08,0.4573042680225755,323.315,0.04986
276000.0,323.3137173237892,1.9766584991650786,323.31371514821257,1.9983271323003047,1.4144123724622292e-08,0.4572847400627246,323.315,0.04986
276060.0,323.31371752886776,1.9765757769272514,323.3137153536622,1.998240100267777,1.4141863131717802e-08,0.4572652152239386,323.315,0.04986
276120.0,323.3137177339139,1.976493067765217,323.3137155590793,1.9981530822984508,1.4139602896090131e-08,0.45724569350572436,323.315,0.04986
276180.0,323.31371793892765,1.9764103716769634,323.31371576446395,1.9980660783900446,1.4137343017683535e-08,0.4572261749075885,323.315,0.04986
276240.0,323.31371814390894,1.9763276886604788,323.3137159698161,1.9979790885402777,1.4135083496443645e-08,0.45720665942903793,323.315,0.04986
276300.0,323.3137183488578,1.976245018713752,323.3137161751357,1.9978921127468707,1.4132824332315063e-08,0.45718714706957964,323.315,0.04986
276360.0,323.3137185537742,1.976162361834771,323.3137163804229,1.9978051510075434,1.4130565525243299e-08,0.4571676378287208,323.315,0.04986
276420.0,323.31371875865824,1.9760797180215262,323.3137165856776,1.9977182033200165,1.4128307075173106e-08,0.45714813170596846,323.315,0.04986
276480.0,323.31371896350987,1.975997087272006,323.3137167908998,1.997631269682011,1.4126048982049699e-08,0.45712862870082954,323.315,0.04986
276540.0,323.31371916832916,1.9759144695842008,323.3137169960895,1.9975443500912482,1.4123791245818683e-08,0.4571091288128117,323.315,0.04986
276600.0,323.313719373116,1.9758318649561,323.31371720124685,1.99745744454545,1.4121533866423908e-08,0.45708963204142194,323.315,0.04986
276660.0,323.3137195778705,1.9757492733856936,323.31371740637167,1.997370553042338,1.411927684381169e-08,0.45707013838616783,323.315,0.04986
276720.0,323.31371978259256,1.9756666948709731,323.313717611464,1.9972836755796353,1.4117020177926586e-08,0.4570506478465569,323.315,0.04986
276780.0,323.31371998728224,1.9755841294099286,323.313717816524,1.997196812155064,1.411476386871343e-08,0.4570311604220966,323.315,0.04986
276840.0,323.3137201919396,1.9755015770005513,323.3137180215515,1.9971099627663482,1.4112507916118076e-08,0.45701167611229465,323.315,0.04986
276900.0,323.3137203965645,1.9754190376408327,323.3137182265466,1.997023127411211,1.4110252320085103e-08,0.4569921949166587,323.315,0.04986
276960.0,323.3137206011571,1.9753365113287638,323.31371843150924,1.9969363060873762,1.410799708056012e-08,0.45697271683469665,323.315,0.04986
277020.0,323.31372080571737,1.9752539980623376,323.3137186364395,1.9968494987925682,1.4105742197487713e-08,0.4569532418659162,323.315,0.04986
277080.0,323.3137210102452,1.9751714978395456,323.31371884133733,1.9967627055245123,1.4103487670813207e-08,0.45693377000982544,323.315,0.04986
277140.0,323.3137212147407,1.9750890106583805,323.3137190462027,1.9966759262809328,1.4101233500482046e-08,0.4569143012659324,323.315,0.04986
277200.0,323.3137214192039,1.9750065365168354,323.3137192510357,1.9965891610595559,1.409897968643925e-08,0.45689483563374506,323.315,0.04986
277260.0,323.31372162363476,1.9749240754129027,323.3137194558363,1.996502409858107,1.4096726228630118e-08,0.4568753731127717,323.315,0.04986
277320.0,323.31372182803324,1.9748416273445768,323.3137196606044,1.9964156726743125,1.4094473126999306e-08,0.4568559137025203,323.315,0.04986
277380.0,323.3137220323994,1.9747591923098509,323.31371986534015,1.9963289495058987,1.409222038149258e-08,0.45683645740249956,323.315,0.04986
277440.0,323.31372223673327,1.9746767703067194,323.31372007004353,1.9962422403505928,1.4089967992055263e-08,0.4568170042122177,323.315,0.04986
277500.0,323.3137224410348,1.974594361333176,323.3137202747145,1.996155545206122,1.408771595863183e-08,0.4567975541311832,323.315,0.04986
277560.0,323.3137226453041,1.9745119653872156,323.31372047935315,1.9960688640702142,1.408546428116827e-08,0.4567781071589046,323.315,0.04986
277620.0,323.313722849541,1.9744295824668332,323.3137206839594,1.9959821969405973,1.4083212959609713e-08,0.4567586632948905,323.315,0.04986
277680.0,323.31372305374566,1.974347212570024,323.3137208885333,1.995895543815,1.4080961993900875e-08,0.45673922253864974,323.315,0.04986
277740.0,323.313723257918,1.9742648556947828,323.31372109307483,1.995808904691151,1.4078711383987352e-08,0.456719784889691,323.315,0.04986
277800.0,323.313723462058,1.974182511839106,323.313721297584,1.9957222795667793,1.4076461129814565e-08,0.4567003503475231,323.315,0.04986
277860.0,323.31372366616574,1.9741001810009888,323.3137215020608,1.995635668439615,1.4074211231327181e-08,0.45668091891165496,323.315,0.04986
277920.0,323.3137238702411,1.9740178631784282,323.31372170650525,1.9955490713073878,1.4071961688470657e-08,0.4566614905815957,323.315,0.04986
277980.0,323.31372407428427,1.97393555836942,323.31372191091737,1.995462488167828,1.4069712501191012e-08,0.4566420653568543,323.315,0.04986
278040.0,323.3137242782952,1.973853266571962,323.31372211529714,1.9953759190186662,1.406746366943271e-08,0.45662264323693985,323.315,0.04986
278100.0,323.3137244822738,1.9737709877840506,323.31372231964457,1.9952893638576334,1.4065215193141422e-08,0.4566032242213617,323.315,0.04986
278160.0,323.31372468622016,1.9736887220036832,323.31372252395965,1.9952028226824614,1.406296707226211e-08,0.45658380830962914,323.315,0.04986
278220.0,323.3137248901343,1.9736064692288577,323.3137227282424,1.9951162954908814,1.406071930674072e-08,0.45656439550125144,323.315,0.04986
278280.0,323.3137250940162,1.9735242294575723,323.3137229324928,1.9950297822806262,1.4058471896522074e-08,0.45654498579573827,323.315,0.04986
278340.0,323.3137252978658,1.973442002687825,323.31372313671096,1.994943283049428,1.4056224841551245e-08,0.45652557919259895,323.315,0.04986
278400.0,323.31372550168317,1.973359788917615,323.3137233408968,1.9948567977950198,1.4053978141774326e-08,0.4565061756913432,323.315,0.04986
278460.0,323.31372570546824,1.9732775881449403,323.3137235450503,1.9947703265151346,1.4051731797135713e-08,0.45648677529148063,323.315,0.04986
278520.0,323.3137259092211,1.9731954003678012,323.31372374917163,1.9946838692075064,1.4049485807581241e-08,0.4564673779925211,323.315,0.04986
278580.0,323.3137261129417,1.9731132255841959,323.3137239532606,1.994597425869869,1.4047240173056473e-08,0.45644798379397433,323.315,0.04986
278640.0,323.3137263166301,1.9730310637921247,323.3137241573172,1.9945109964999574,1.4044994893506546e-08,0.4564285926953503,323.315,0.04986
278700.0,323.3137265202863,1.9729489149895878,323.3137243613416,1.994424581095506,1.4042749968876876e-08,0.456409204696159,323.315,0.04986
278760.0,323.3137267239103,1.9728667791745846,323.31372456533364,1.9943381796542499,1.4040505399112901e-08,0.45638981979591037,323.315,0.04986
278820.0,323.3137269275021,1.9727846563451172,323.3137247692934,1.9942517921739247,1.4038261184160082e-08,0.4563704379941148,323.315,0.04986
278880.0,323.3137271310617,1.972702546499185,323.31372497322087,1.9941654186522664,1.4036017323963568e-08,0.4563510592902822,323.315,0.04986
278940.0,323.3137273345891,1.9726204496347894,323.31372517711617,1.9940790590870112,1.4033773818468763e-08,0.4563316836839231,323.315,0.04986
279000.0,323.31372753808427,1.9725383657499327,323.3137253809791,1.9939927134758957,1.4031530667621216e-08,0.4563123111745476,323.315,0.04986
279060.0,323.3137277415472,1.972456294842615,323.3137255848099,1.9939063818166574,1.402928787136618e-08,0.4562929417616664,323.315,0.04986
279120.0,323.313727944978,1.9723742369108397,323.3137257886084,1.993820064107033,1.402704542964922e-08,0.4562735754447899,323.315,0.04986
279180.0,323.31372814837664,1.9722921919526089,323.3137259923747,1.9937337603447607,1.4024803342415914e-08,0.45625421222342866,323.315,0.04986
279240.0,323.31372835174307,1.972210159965925,323.31372619610875,1.9936474705275782,1.4022561609611394e-08,0.4562348520970934,323.315,0.04986
279300.0,323.3137285550773,1.9721281409487905,323.3137263998105,1.9935611946532243,1.4020320231181038e-08,0.45621549506529485,323.315,0.04986
279360.0,323.31372875837945,1.9720461348992093,323.31372660348006,1.9934749327194379,1.4018079207070843e-08,0.45619614112754375,323.315,0.04986
279420.0,323.3137289616495,1.9719641418151848,323.3137268071174,1.993388684723958,1.4015838537226055e-08,0.45617679028335106,323.315,0.04986
279480.0,323.31372916488726,1.9718821616947202,323.3137270107225,1.9933024506645243,1.4013598221591838e-08,0.4561574425322277,323.315,0.04986
279540.0,323.31372936809294,1.97180019453582,323.3137272142954,1.993216230538877,1.4011358260113904e-08,0.4561380978736848,323.315,0.04986
279600.0,323.31372957126644,1.9717182403364881,323.3137274178361,1.993130024344756,1.4009118652737684e-08,0.4561187563072334,323.315,0.04986
279660.0,323.3137297744078,1.9716362990947292,323.3137276213446,1.9930438320799027,1.4006879399408512e-08,0.4560994178323846,323.315,0.04986
279720.0,323.3137299775171,1.9715543708085486,323.31372782482083,1.9929576537420575,1.4004640500072507e-08,0.45608008244864984,323.315,0.04986
279780.0,323.3137301805942,1.971472455475951,323.3137280282649,1.9928714893289623,1.4002401954674237e-08,0.4560607501555403,323.315,0.04986
279840.0,323.31373038363915,1.9713905530949418,323.3137282316768,1.992785338838359,1.4000163763159955e-08,0.4560414209525676,323.315,0.04986
279900.0,323.31373058665196,1.9713086636635264,323.31372843505653,1.9926992022679897,1.3997925925474907e-08,0.456022094839243,323.315,0.04986
279960.0,323.3137307896327,1.9712267871797118,323.31372863840403,1.9926130796155972,1.3995688441564512e-08,0.4560027718150782,323.315,0.04986
280020.0,323.31373099258127,1.971144923641503,323.3137288417194,1.9925269708789244,1.399345131137445e-08,0.4559834518795848,323.315,0.04986
280080.0,323.3137311954978,1.9710630730469076,323.3137290450026,1.9924408760557142,1.3991214534850426e-08,0.45596413503227456,323.315,0.04986
280140.0,323.3137313983822,1.970981235393932,323.3137292482536,1.9923547951437106,1.3988978111937821e-08,0.4559448212726593,323.315,0.04986
280200.0,323.3137316012345,1.970899410680584,323.31372945147245,1.9922687281406577,1.3986742042582145e-08,0.4559255106002507,323.315,0.04986
280260.0,323.3137318040547,1.97081759890487,323.3137296546591,1.9921826750442997,1.398450632672914e-08,0.45590620301456086,323.315,0.04986
280320.0,323.31373200684294,1.9707358000647983,323.3137298578136,1.9920966358523815,1.3982270964324783e-08,0.45588689851510183,323.315,0.04986
280380.0,323.31373220959904,1.9706540141583768,323.313730060936,1.9920106105626483,1.398003595531374e-08,0.4558675971013855,323.315,0.04986
280440.0,323.313732412323,1.9705722411836146,323.3137302640262,1.9919245991728458,1.3977801299642278e-08,0.4558482987729243,323.315,0.04986
280500.0,323.31373261501494,1.970490481138519,323.3137304670843,1.9918386016807197,1.397556699725526e-08,0.4558290035292302,323.315,0.04986
280560.0,323.3137328176748,1.9704087340210998,323.3137306701103,1.9917526180840164,1.3973333048099379e-08,0.4558097113698158,323.315,0.04986
280620.0,323.31373302030255,1.970326999829366,323.3137308731042,1.9916666483804824,1.3971099452119362e-08,0.45579042229419325,323.315,0.04986
280680.0,323.3137332228983,1.9702452785613271,323.31373107606595,1.9915806925678647,1.3968866209261332e-08,0.45577113630187527,323.315,0.04986
280740.0,323.313733425462,1.9701635702149924,323.3137312789956,1.9914947506439111,1.3966633319470722e-08,0.4557518533923741,323.315,0.04986
280800.0,323.3137336279936,1.970081874788372,323.3137314818931,1.9914088226063693,1.3964400782693298e-08,0.4557325735652025,323.315,0.04986
280860.0,323.31373383049316,1.970000192279476,323.3137316847585,1.991322908452987,1.396216859887428e-08,0.45571329681987327,323.315,0.04986
280920.0,323.3137340329607,1.9699185226863158,323.3137318875918,1.9912370081815134,1.3959936767959957e-08,0.4556940231558991,323.315,0.04986
280980.0,323.3137342353962,1.9698368660069017,323.313732090393,1.9911511217896967,1.3957705289895728e-08,0.45567475257279266,323.315,0.04986
281040.0,323.3137344377998,1.9697552222392445,323.3137322931621,1.9910652492752863,1.3955474164627157e-08,0.4556554850700671,323.315,0.04986
281100.0,323.3137346401712,1.9696735913813557,323.31373249589916,1.990979390636032,1.39532433920999e-08,0.45563622064723525,323.315,0.04986
281160.0,323.3137348425107,1.969591973431248,323.3137326986041,1.9908935458696837,1.3951012972260211e-08,0.4556169593038103,323.315,0.04986
281220.0,323.3137350448182,1.9695103683869322,323.313732901277,1.9908077149739918,1.3948782905053136e-08,0.4555977010393053,323.315,0.04986
281280.0,323.3137352470937,1.969428776246421,323.3137331039178,1.990721897946707,1.3946553190424437e-08,0.4555784458532337,323.315,0.04986
281340.0,323.3137354493371,1.9693471970077279,323.3137333065265,1.9906360947855801,1.3944323828320138e-08,0.4555591937451085,323.315,0.04986
281400.0,323.31373565154854,1.9692656306688647,323.3137335091032,1.9905503054883629,1.3942094818685579e-08,0.4555399447144431,323.315,0.04986
281460.0,323.313735853728,1.9691840772278448,323.3137337116478,1.990464530052807,1.3939866161466863e-08,0.455520698760751,323.315,0.04986
281520.0,323.31373605587544,1.9691025366826818,323.31373391416037,1.9903787684766647,1.3937637856609208e-08,0.45550145588354585,323.315,0.04986
281580.0,323.3137362579909,1.9690210090313895,323.3137341166409,1.9902930207576885,1.3935409904058926e-08,0.45548221608234096,323.315,0.04986
281640.0,323.3137364600744,1.9689394942719813,323.3137343190894,1.9902072868936316,1.3933182303761703e-08,0.45546297935665037,323.315,0.04986
281700.0,323.3137366621259,1.9688579924024725,323.31373452150586,1.990121566882247,1.3930955055663251e-08,0.4554437457059874,323.315,0.04986
281760.0,323.3137368641455,1.9687765034208766,323.31373472389026,1.9900358607212887,1.3928728159708914e-08,0.4554245151298662,323.315,0.04986
281820.0,323.3137370661331,1.968695027325209,323.31373492624266,1.9899501684085106,1.3926501615845076e-08,0.45540528762780047,323.315,0.04986
281880.0,323.31373726808874,1.9686135641134852,323.31373512856305,1.989864489941667,1.3924275424017063e-08,0.45538606319930436,323.315,0.04986
281940.0,323.3137374700124,1.9685321137837195,323.3137353308514,1.9897788253185127,1.3922049584171014e-08,0.45536684184389165,323.315,0.04986
282000.0,323.3137376719042,1.9684506763339287,323.3137355331077,1.9896931745368032,1.3919824096252574e-08,0.45534762356107666,323.315,0.04986
282060.0,323.313737873764,1.968369251762128,323.313735735332,1.9896075375942934,1.3917598960207322e-08,0.4553284083503736,323.315,0.04986
282120.0,323.3137380755919,1.9682878400663344,323.3137359375243,1.98952191448874,1.3915374175981454e-08,0.45530919621129645,323.315,0.04986
282180.0,323.31373827738787,1.968206441244564,323.31373613968464,1.9894363052178985,1.3913149743520602e-08,0.4552899871433599,323.315,0.04986
282240.0,323.31373847915194,1.9681250552948333,323.31373634181296,1.9893507097795256,1.3910925662770833e-08,0.4552707811460782,323.315,0.04986
282300.0,323.313738680884,1.9680436822151606,323.3137365439093,1.9892651281713785,1.3908701933677214e-08,0.45525157821896584,323.315,0.04986
282360.0,323.3137388825842,1.967962322003562,323.31373674597364,1.9891795603912141,1.3906478556186352e-08,0.45523237836153746,323.315,0.04986
282420.0,323.3137390842524,1.9678809746580566,323.313736948006,1.9890940064367908,1.3904255530244046e-08,0.4552131815733076,323.315,0.04986
282480.0,323.3137392858888,1.9677996401766609,323.31373715000643,1.9890084663058663,1.3902032855796164e-08,0.455193987853791,323.315,0.04986
282540.0,323.3137394874932,1.9677183185573948,323.31373735197485,1.9889229399961992,1.3899810532787948e-08,0.4551747972025026,323.315,0.04986
282600.0,323.31373968906576,1.9676370097982754,323.3137375539113,1.9888374275055483,1.3897588561165896e-08,0.4551556096189569,323.315,0.04986
282660.0,323.31373989060637,1.967555713897322,323.31373775581585,1.9887519288316728,1.3895366940875419e-08,0.4551364251026692,323.315,0.04986
282720.0,323.3137400921151,1.9674744308525547,323.3137379576884,1.9886664439723323,1.3893145671863072e-08,0.45511724365315437,323.315,0.04986
282780.0,323.31374029359193,1.9673931606619912,323.313738159529,1.9885809729252866,1.389092475407434e-08,0.45509806526992747,323.315,0.04986
282840.0,323.31374049503694,1.9673119033236528,323.3137383613377,1.988495515688296,1.3888704187455236e-08,0.45507888995250373,323.315,0.04986
282900.0,323.31374069645005,1.9672306588355584,323.31373856311444,1.9884100722591216,1.3886483971951501e-08,0.4550597177003983,323.315,0.04986
282960.0,323.3137408978313,1.9671494271957282,323.31373876485924,1.988324642635524,1.3884264107509169e-08,0.4550405485131267,323.315,0.04986
283020.0,323.31374109918073,1.9670682084021833,323.31373896657215,1.988239226815265,1.3882044594074426e-08,0.4550213823902041,323.315,0.04986
283080.0,323.3137413004983,1.9669870024529446,323.3137391682531,1.9881538247961064,1.3879825431593062e-08,0.455002219331146,323.315,0.04986
283140.0,323.31374150178397,1.9669058093460325,323.3137393699021,1.9880684365758095,1.3877606620010863e-08,0.4549830593354679,323.315,0.04986
283200.0,323.3137417030378,1.9668246290794689,323.31373957151925,1.9879830621521373,1.3875388159273693e-08,0.4549639024026855,323.315,0.04986
283260.0,323.3137419042598,1.9667434616512756,323.31373977310443,1.987897701522853,1.3873170049327664e-08,0.4549447485323145,323.315,0.04986
283320.0,323.31374210544993,1.9666623070594742,323.3137399746577,1.9878123546857192,1.3870952290118676e-08,0.45492559772387053,323.315,0.04986
283380.0,323.3137423066083,1.9665811653020873,323.31374017617907,1.9877270216385,1.3868734881592869e-08,0.45490644997686963,323.315,0.04986
283440.0,323.31374250773473,1.9665000363771372,323.3137403776686,1.9876417023789588,1.3866517823696223e-08,0.4548873052908275,323.315,0.04986
283500.0,323.3137427088294,1.966418920282647,323.3137405791262,1.9875563969048606,1.3864301116374754e-08,0.45486816366526034,323.315,0.04986
283560.0,323.3137429098922,1.9663378170166395,323.313740780552,1.9874711052139697,1.3862084759573967e-08,0.4548490250996839,323.315,0.04986
283620.0,323.31374311092316,1.9662567265771385,323.31374098194584,1.9873858273040512,1.3859868753240234e-08,0.45482988959361453,323.315,0.04986
283680.0,323.31374331192234,1.9661756489621673,323.3137411833079,1.9873005631728706,1.3857653097319655e-08,0.4548107571465685,323.315,0.04986
283740.0,323.31374351288974,1.96609458416975,323.31374138463804,1.987215312818194,1.3855437791758485e-08,0.45479162775806187,323.315,0.04986
283800.0,323.3137437138253,1.9660135321979104,323.3137415859363,1.9871300762377873,1.3853222836502365e-08,0.4547725014276112,323.315,0.04986
283860.0,323.3137439147292,1.965932493044674,323.3137417872027,1.987044853429417,1.385100823149732e-08,0.4547533781547329,323.315,0.04986
283920.0,323.3137441156012,1.9658514667080644,323.31374198843724,1.9869596443908502,1.3848793976689699e-08,0.4547342579389433,323.315,0.04986
283980.0,323.31374431644144,1.9657704531861104,323.3137421896399,1.9868744491198571,1.3846580072025349e-08,0.4547151407797596,323.315,0.04986
284040.0,323.3137445172499,1.9656894524768345,323.3137423908108,1.9867892676142032,1.3844366517450468e-08,0.4546960266766983,323.315,0.04986
284100.0,323.3137447180266,1.9656084645782608,323.3137425919498,1.986704099871654,1.384215331291091e-08,0.45467691562927537,323.315,0.04986
284160.0,323.31374491877153,1.965527489488414,323.3137427930569,1.9866189458899763,1.383994045835285e-08,0.4546578076370074,323.315,0.04986
284220.0,323.3137451194847,1.965446527205319,323.31374299413227,1.986533805666937,1.3837727953722122e-08,0.45463870269941087,323.315,0.04986
284280.0,323.3137453201661,1.9653655777270118,323.31374319517573,1.986448679200317,1.3835515798965447e-08,0.4546196008160051,323.315,0.04986
284340.0,323.3137455208157,1.9652846410515168,323.3137433961874,1.9863635664878831,1.3833303994028123e-08,0.4546005019863067,323.315,0.04986
284400.0,323.3137457214336,1.9652037171768573,323.3137435971673,1.9862784675274003,1.383109253885728e-08,0.4545814062098315,323.315,0.04986
284460.0,323.31374592201973,1.9651228061010593,323.31374379811535,1.9861933823166371,1.3828881433397931e-08,0.4545623134860966,323.315,0.04986
284520.0,323.31374612257406,1.9650419078221488,323.31374399903154,1.9861083108533617,1.3826670677596852e-08,0.45454322381461876,323.315,0.04986
284580.0,323.3137463230968,1.9649610223381622,323.313744199916,1.9860232531353563,1.3824460271400218e-08,0.4545241371949175,323.315,0.04986
284640.0,323.31374652358767,1.9648801496471258,323.3137444007687,1.9859382091603894,1.3822250214753772e-08,0.4545050536265095,323.315,0.04986
284700.0,323.31374672404684,1.9647992897470643,323.3137446015896,1.9858531789262277,1.3820040507604014e-08,0.45448597310891165,323.315,0.04986
284760.0,323.31374692447434,1.9647184426360047,323.31374480237866,1.9857681624306418,1.3817831149896942e-08,0.4544668956416408,323.315,0.04986
284820.0,323.3137471248701,1.9646376083119752,323.31374500313603,1.985683159671402,1.381562214157842e-08,0.4544478212242143,323.315,0.04986
284880.0,323.31374732523415,1.9645567867730134,323.31374520386163,1.985598170646292,1.3813413482595604e-08,0.454428749856152,323.315,0.04986
284940.0,323.31374752556644,1.9644759780171466,323.3137454045554,1.9855131953530825,1.3811205172893481e-08,0.45440968153697125,323.315,0.04986
285000.0,323.3137477258671,1.9643951820424013,323.3137456052174,1.9854282337895417,1.3808997212419004e-08,0.4543906162661889,323.315,0.04986
285060.0,323.313747926136,1.9643143988468061,323.31374580584765,1.9853432859534421,1.3806789601117852e-08,0.45437155404332236,323.315,0.04986
285120.0,323.3137481263732,1.9642336284283899,323.3137460064461,1.9852583518425555,1.3804582338936299e-08,0.45435249486788926,323.315,0.04986
285180.0,323.3137483265787,1.9641528707851923,323.3137462070128,1.9851734314546683,1.3802375425821089e-08,0.45433343873941023,323.315,0.04986
285240.0,323.3137485267526,1.9640721259152425,323.3137464075478,1.9850885247875523,1.3800168861718254e-08,0.45431438565740245,323.315,0.04986
285300.0,323.3137487268948,1.9639913938165674,323.31374660805096,1.9850036318389779,1.379796264657388e-08,0.45429533562138336,323.315,0.04986
285360.0,323.3137489270053,1.963910674487198,323.31374680852247,1.9849187526067191,1.3795756780333811e-08,0.45427628863087083,323.315,0.04986
285420.0,323.3137491270842,1.9638299679251636,323.3137470089622,1.9848338870885498,1.379355126294487e-08,0.4542572446853828,323.315,0.04986
285480.0,323.3137493271314,1.963749274128506,323.3137472093702,1.9847490352822583,1.3791346094353085e-08,0.45423820378444024,323.315,0.04986
285540.0,323.3137495271469,1.9636685930952558,323.31374740974655,1.9846641971856183,1.37891412745048e-08,0.45421916592756084,323.315,0.04986
285600.0,323.3137497271308,1.9635879248234414,323.3137476100911,1.984579372796402,1.378693680334625e-08,0.4542001311142622,323.315,0.04986
285660.0,323.31374992708305,1.9635072693110942,323.31374781040404,1.9844945621123853,1.378473268082323e-08,0.4541810993440629,323.315,0.04986
285720.0,323.3137501270037,1.9634266265562466,323.31374801068523,1.9844097651313437,1.3782528906882929e-08,0.4541620706164809,323.315,0.04986
285780.0,323.3137503268926,1.9633459965569404,323.31374821093476,1.9843249818510675,1.378032548147091e-08,0.4541430449310377,323.315,0.04986
285840.0,323.3137505267499,1.963265379311208,323.3137484111526,1.9842402122693323,1.3778122404533655e-08,0.45412402228725124,323.315,0.04986
285900.0,323.3137507265756,1.9631847748170794,323.31374861133867,1.984155456383912,1.3775919676017567e-08,0.45410500268463977,323.315,0.04986
285960.0,323.31375092636966,1.9631041830725873,323.3137488114931,1.9840707141925844,1.377371729586888e-08,0.4540859861227219,323.315,0.04986
286020.0,323.3137511261321,1.9630236040757656,323.3137490116158,1.9839859856931272,1.3771515264033673e-08,0.4540669726010162,323.315,0.04986
286080.0,323.31375132586294,1.9629430378246582,323.3137492117069,1.9839012708833317,1.3769313580459085e-08,0.4540479621190443,323.315,0.04986
286140.0,323.31375152556217,1.9628624843172973,323.31374941176625,1.9838165697609755,1.3767112245090751e-08,0.4540289546763249,323.315,0.04986
286200.0,323.3137517252298,1.962781943551715,323.313749611794,1.9837318823238348,1.3764911257874978e-08,0.4540099502723763,323.315,0.04986
286260.0,323.3137519248658,1.962701415525947,323.31374981179,1.9836472085696888,1.3762710618758199e-08,0.45399094890671754,323.315,0.04986
286320.0,323.3137521244702,1.9626209002380262,323.31375001175434,1.9835625484963169,1.3760510327686881e-08,0.45397195057886763,323.315,0.04986
286380.0,323.3137523240431,1.9625403976859968,323.3137502116871,1.9834779021015094,1.3758310384607551e-08,0.45395295528834784,323.315,0.04986
286440.0,323.31375252358436,1.9624599078678937,323.3137504115881,1.983393269383048,1.3756110789466235e-08,0.45393396303467787,323.315,0.04986
286500.0,323.313752723094,1.9623794307817528,323.3137506114575,1.983308650338713,1.3753911542209528e-08,0.4539149738173766,323.315,0.04986
286560.0,323.31375292257206,1.9622989664256116,323.31375081129534,1.9832240449662866,1.3751712642783764e-08,0.45389598763596395,323.315,0.04986
286620.0,323.31375312201857,1.9622185147975069,323.3137510111015,1.9831394532635527,1.3749514091135284e-08,0.45387700448995977,323.315,0.04986
286680.0,323.31375332143347,1.962138075895476,323.31375121087603,1.9830548752282944,1.3747315887210309e-08,0.45385802437888384,323.315,0.04986
286740.0,323.3137535208169,1.9620576497175577,323.3137514106189,1.9829703108582957,1.3745118030955805e-08,0.4538390473022562,323.315,0.04986
286800.0,323.3137537201687,1.9619772362617898,323.3137516103302,1.9828857601513405,1.3742920522317903e-08,0.4538200732595968,323.315,0.04986
286860.0,323.313753919489,1.9618968355262112,323.3137518100098,1.9828012231052141,1.3740723361242601e-08,0.4538011022504258,323.315,0.04986
286920.0,323.31375411877775,1.96181644750886,323.3137520096579,1.9827166997177013,1.3738526547677232e-08,0.45378213427426334,323.315,0.04986
286980.0,323.31375431803497,1.9617360722077772,323.31375220927436,1.9826321899865882,1.3736330081567315e-08,0.45376316933063,323.315,0.04986
287040.0,323.31375451726063,1.9616557096210014,323.3137524088592,1.9825476939096607,1.3734133962859884e-08,0.45374420741904603,323.315,0.04986
287100.0,323.31375471645475,1.9615753597465724,323.31375260841247,1.9824632114847052,1.373193819150097e-08,0.4537252485390318,323.315,0.04986
287160.0,323.3137549156174,1.9614950225825307,323.3137528079342,1.982378742709508,1.3729742767437524e-08,0.45370629269010787,323.315,0.04986
287220.0,323.31375511474846,1.9614146981269163,323.3137530074243,1.9822942875818563,1.3727547690615914e-08,0.453687339871795,323.315,0.04986
287280.0,323.31375531384805,1.9613343863777701,323.3137532068828,1.9822098460995377,1.3725352960982184e-08,0.4536683900836136,323.315,0.04986
287340.0,323.3137555129161,1.9612540873331334,323.31375340630973,1.9821254182603394,1.3723158578482973e-08,0.4536494433250846,323.315,0.04986
287400.0,323.31375571195264,1.9611738009910464,323.3137536057051,1.98204100406205,1.372096454306535e-08,0.4536304995957287,323.315,0.04986
287460.0,323.31375591095764,1.961093527349552,323.31375380506887,1.9819566035024576,1.3718770854674832e-08,0.45361155889506694,323.315,0.04986
287520.0,323.31375610993115,1.9610132664066913,323.31375400440106,1.9818722165793516,1.3716577513258753e-08,0.45359262122262023,323.315,0.04986
287580.0,323.3137563088732,1.9609330181605067,323.31375420370176,1.9817878432905205,1.3714384518763533e-08,0.4535736865779094,323.315,0.04986
287640.0,323.31375650778375,1.9608527826090394,323.31375440297086,1.981703483633754,1.3712191871135282e-08,0.45355475496045583,323.315,0.04986
287700.0,323.31375670666284,1.9607725597503332,323.31375460220846,1.981619137606842,1.3709999570320963e-08,0.45353582636978046,323.315,0.04986
287760.0,323.31375690551044,1.9606923495824309,323.31375480141446,1.9815348052075747,1.3707807616266898e-08,0.4535169008054049,323.315,0.04986
287820.0,323.3137571043266,1.9606121521033755,323.31375500058897,1.9814504864337428,1.3705616008919774e-08,0.45349797826685007,323.315,0.04986
287880.0,323.31375730311134,1.9605319673112103,323.31375519973193,1.981366181283137,1.3703424748226122e-08,0.45347905875363753,323.315,0.04986
287940.0,323.31375750186453,1.9604517952039786,323.31375539884334,1.981281889753549,1.3701233834132198e-08,0.4534601422652888,323.315,0.04986
288000.0,323.3137577005863,1.9603716357797252,323.31375559792326,1.9811976118427703,1.3699043266584831e-08,0.4534412288013254,323.315,0.04986
288060.0,323.3137578992766,1.9602914890364942,323.3137557969717,1.981113347548593,1.3696853045530477e-08,0.45342231836126884,323.315,0.04986
288120.0,323.31375809793536,1.96021135497233,323.3137559959886,1.9810290968688093,1.3694663170915831e-08,0.45340341094464104,323.315,0.04986
288180.0,323.31375829656275,1.9601312335852774,323.3137561949739,1.9809448598012123,1.369247364268734e-08,0.45338450655096335,323.315,0.04986
288240.0,323.3137584951587,1.9600511248733818,323.3137563939278,1.9808606363435948,1.369028446079208e-08,0.4533656051797581,323.315,0.04986
288300.0,323.31375869372323,1.9599710288346888,323.31375659285015,1.9807764264937504,1.3688095625176177e-08,0.45334670683054684,323.315,0.04986
288360.0,323.31375889225626,1.9598909454672433,323.31375679174107,1.9806922302494727,1.3685907135785934e-08,0.4533278115028518,323.315,0.04986
288420.0,323.31375909075797,1.9598108747690919,323.31375699060044,1.9806080476085564,1.3683718992568982e-08,0.4533089191961948,323.315,0.04986
288480.0,323.31375928922813,1.959730816738281,323.3137571894283,1.9805238785687957,1.3681531195471008e-08,0.45329002991009815,323.315,0.04986
288540.0,323.31375948766697,1.959650771372857,323.31375738822476,1.9804397231279856,1.3679343744439509e-08,0.45327114364408405,323.315,0.04986
288600.0,323.31375968607443,1.9595707386708665,323.31375758698977,1.980355581283921,1.367715663942034e-08,0.4532522603976748,323.315,0.04986
288660.0,323.3137598844504,1.9594907186303572,323.3137577857233,1.980271453034398,1.3674969880360488e-08,0.4532333801703926,323.315,0.04986
288720.0,323.31376008279506,1.9594107112493755,323.31375798442537,1.9801873383772124,1.367278346720696e-08,0.45321450296175997,323.315,0.04986
288780.0,323.31376028110833,1.9593307165259697,323.313758183096,1.9801032373101608,1.3670597399905825e-08,0.4531956287712995,323.315,0.04986
288840.0,323.31376047939017,1.959250734458188,323.3137583817351,1.98001914983104,1.3668411678404036e-08,0.4531767575985336,323.315,0.04986
288900.0,323.31376067764063,1.9591707650440782,323.31375858034284,1.9799350759376468,1.3666226302648264e-08,0.4531578894429851,323.315,0.04986
288960.0,323.3137608758597,1.959090808281689,323.313758778919,1.979851015627779,1.3664041272585048e-08,0.4531390243041765,323.315,0.04986
289020.0,323.3137610740474,1.9590108641690689,323.3137589774638,1.9797669688992345,1.366185658816158e-08,0.4531201621816309,323.315,0.04986
289080.0,323.3137612722038,1.958930932704268,323.3137591759771,1.9796829357498114,1.3659672249324238e-08,0.453101303074871,323.315,0.04986
289140.0,323.31376147032876,1.9588510138853343,323.31375937445904,1.9795989161773082,1.3657488256019467e-08,0.45308244698341965,323.315,0.04986
289200.0,323.31376166842233,1.9587711077103185,323.31375957290953,1.9795149101795237,1.365530460819423e-08,0.45306359390680007,323.315,0.04986
289260.0,323.3137618664845,1.95869121417727,323.3137597713286,1.9794309177542577,1.3653121305795423e-08,0.45304474384453514,323.315,0.04986
289320.0,323.31376206451534,1.9586113332842396,323.3137599697163,1.9793469388993095,1.365093834876918e-08,0.45302589679614824,323.315,0.04986
289380.0,323.31376226251484,1.958531465029277,323.3137601680725,1.9792629736124787,1.3648755737063144e-08,0.4530070527611624,323.315,0.04986
289440.0,323.313762460483,1.9584516094104334,323.3137603663974,1.979179021891566,1.3646573470623545e-08,0.45298821173910114,323.315,0.04986
289500.0,323.3137626584199,1.9583717664257598,323.3137605646908,1.979095083734372,1.364439154939746e-08,0.4529693737294877,323.315,0.04986
289560.0,323.3137628563254,1.9582919360733073,323.3137607629529,1.9790111591386976,1.3642209973330942e-08,0.4529505387318456,323.315,0.04986
289620.0,323.3137630541996,1.958212118351128,323.3137609611835,1.9789272481023443,1.3640028742372045e-08,0.4529317067456983,323.315,0.04986
289680.0,323.3137632520425,1.9581323132572734,323.31376115938275,1.978843350623114,1.3637847856466211e-08,0.4529128777705695,323.315,0.04986
289740.0,323.3137634498541,1.9580525207897952,323.3137613575507,1.978759466698809,1.3635667315561162e-08,0.45289405180598274,323.315,0.04986
289800.0,323.31376364763435,1.957972740946747,323.31376155568717,1.9786755963272316,1.3633487119602938e-08,0.45287522885146203,323.315,0.04986
289860.0,323.3137638453833,1.9578929737261808,323.31376175379233,1.9785917395061847,1.363130726853906e-08,0.45285640890653106,323.315,0.04986
289920.0,323.3137640431009,1.9578132191261495,323.3137619518661,1.9785078962334717,1.3629127762315617e-08,0.45283759197071355,323.315,0.04986
289980.0,323.3137642407872,1.9577334771447066,323.31376214990854,1.9784240665068964,1.3626948600880183e-08,0.45281877804353365,323.315,0.04986
290040.0,323.3137644384422,1.9576537477799056,323.31376234791963,1.9783402503242622,1.3624769784179136e-08,0.45279996712451553,323.315,0.04986
290100.0,323.31376463606597,1.957574031029801,323.31376254589935,1.978256447683374,1.3622591312159548e-08,0.4527811592131831,323.315,0.04986
290160.0,323.3137648336584,1.957494326892446,323.3137627438477,1.9781726585820363,1.3620413184767987e-08,0.45276235430906053,323.315,0.04986
290220.0,323.31376503121965,1.9574146353658959,323.3137629417647,1.9780888830180543,1.3618235401951738e-08,0.45274355241167225,323.315,0.04986
290280.0,323.31376522874956,1.9573349564482045,323.3137631396504,1.978005120989233,1.3616057963657245e-08,0.4527247535205425,323.315,0.04986
290340.0,323.3137654262482,1.9572552901374274,323.3137633375048,1.9779213724933784,1.3613880869831529e-08,0.45270595763519583,323.315,0.04986
290400.0,323.3137656237156,1.9571756364316197,323.3137635353278,1.9778376375282962,1.3611704120421818e-08,0.45268716475515647,323.315,0.04986
290460.0,323.3137658211517,1.957095995328837,323.31376373311946,1.9777539160917934,1.3609527715374203e-08,0.4526683748799492,323.315,0.04986
290520.0,323.3137660185566,1.9570163668271352,323.3137639308798,1.9776702081816762,1.3607351654636267e-08,0.45264958800909855,323.315,0.04986
290580.0,323.31376621593023,1.9569367509245703,323.3137641286089,1.9775865137957525,1.3605175938154523e-08,0.4526308041421293,323.315,0.04986
290640.0,323.31376641327256,1.956857147619198,323.3137643263066,1.9775028329318292,1.36030005658761e-08,0.4526120232785662,323.315,0.04986
290700.0,323.3137666105837,1.956777556909076,323.3137645239731,1.9774191655877145,1.3600825537747928e-08,0.452593245417934,323.315,0.04986
290760.0,323.31376680786354,1.9566979787922607,323.31376472160827,1.9773355117612168,1.359865085371642e-08,0.45257447055975786,323.315,0.04986
290820.0,323.31376700511214,1.956618413266809,323.3137649192121,1.9772518714501444,1.3596476513728994e-08,0.45255569870356255,323.315,0.04986
290880.0,323.3137672023296,1.9565388603307787,323.3137651167847,1.9771682446523067,1.359430251773297e-08,0.4525369298488733,323.315,0.04986
290940.0,323.31376739951577,1.956459319982228,323.31376531432596,1.977084631365513,1.3592128865674647e-08,0.45251816399521505,323.315,0.04986
291000.0,323.31376759667074,1.9563797922192148,323.313765511836,1.977001031587573,1.3589955557500931e-08,0.45249940114211334,323.315,0.04986
291060.0,323.3137677937945,1.956300277039797,323.31376570931474,1.976917445316297,1.3587782593159192e-08,0.4524806412890931,323.315,0.04986
291120.0,323.31376799088713,1.9562207744420337,323.31376590676217,1.9768338725494952,1.3585609972596601e-08,0.45246188443568003,323.315,0.04986
291180.0,323.3137681879485,1.9561412844239832,323.3137661041784,1.9767503132849784,1.358343769575957e-08,0.4524431305813993,323.315,0.04986
291240.0,323.3137683849787,1.9560618069837057,323.3137663015633,1.9766667675205578,1.3581265762595296e-08,0.4524243797257766,323.315,0.04986
291300.0,323.3137685819776,1.9559823421192597,323.31376649891695,1.9765832352540447,1.357909417305052e-08,0.45240563186833743,323.315,0.04986
291360.0,323.3137687789454,1.9559028898287059,323.3137666962394,1.9764997164832514,1.3576922927072788e-08,0.4523868870086076,323.315,0.04986
291420.0,323.31376897588206,1.955823450110103,323.31376689353056,1.9764162112059895,1.3574752024608748e-08,0.45236814514611257,323.315,0.04986
291480.0,323.31376917278743,1.9557440229615124,323.31376709079046,1.9763327194200722,1.3572581465605215e-08,0.45234940628037834,323.315,0.04986
291540.0,323.3137693696617,1.9556646083809945,323.31376728801916,1.9762492411233117,1.3570411250009661e-08,0.4523306704109307,323.315,0.04986
291600.0,323.3137695665048,1.9555852063666093,323.31376748521666,1.9761657763135216,1.356824137776903e-08,0.4523119375372957,323.315,0.04986
291660.0,323.31376976331666,1.955505816916419,323.31376768238295,1.9760823249885155,1.3566071848829952e-08,0.45229320765899933,323.315,0.04986
291720.0,323.31376996009743,1.9554264400284844,323.313767879518,1.9759988871461074,1.3563902663139982e-08,0.4522744807755676,323.315,0.04986
291780.0,323.313770156847,1.955347075700867,323.3137680766219,1.9759154627841118,1.3561733820645815e-08,0.45225575688652675,323.315,0.04986
291840.0,323.3137703535655,1.9552677239316294,323.3137682736945,1.9758320519003436,1.3559565321294975e-08,0.4522370359914031,323.315,0.04986
291900.0,323.3137705502528,1.9551883847188334,323.3137684707359,1.9757486544926177,1.3557397165034079e-08,0.4522183180897228,323.315,0.04986
291960.0,323.31377074690903,1.955109058060542,323.3137686677461,1.9756652705587496,1.355522935181077e-08,0.4521996031810124,323.315,0.04986
292020.0,323.3137709435341,1.9550297439548174,323.3137688647251,1.975581900096555,1.3553061881571182e-08,0.45218089126479816,323.315,0.04986
292080.0,323.31377114012804,1.9549504423997228,323.3137690616729,1.9754985431038508,1.3550894754263375e-08,0.45216218234060673,323.315,0.04986
292140.0,323.3137713366909,1.9548711533933223,323.3137692585895,1.9754151995784526,1.3548727969833784e-08,0.45214347640796493,323.315,0.04986
292200.0,323.31377153322256,1.9547918769336792,323.31376945547487,1.9753318695181779,1.3546561528229494e-08,0.4521247734663992,323.315,0.04986
292260.0,323.3137717297231,1.9547126130188572,323.31376965232914,1.975248552920844,1.3544395429398248e-08,0.45210607351543625,323.315,0.04986
292320.0,323.31377192619254,1.9546333616469207,323.31376984915215,1.9751652497842682,1.354222967328652e-08,0.452087376554603,323.315,0.04986
292380.0,323.3137721226309,1.9545541228159364,323.31377004594407,1.9750819601062712,1.3540064259841799e-08,0.45206868258342714,323.315,0.04986
292440.0,323.31377231903815,1.9544748965239669,323.31377024270483,1.9749986838846694,1.3537899189011127e-08,0.45204999160143483,323.315,0.04986
292500.0,323.31377251541426,1.9543956827690767,323.31377043943445,1.974915421117279,1.3535734460741521e-08,0.4520313036081528,323.315,0.04986
292560.0,323.3137727117593,1.9543164815493288,323.3137706361329,1.9748321718019177,1.3533570074980671e-08,0.452012618603108,323.315,0.04986
292620.0,323.31377290807325,1.9542372928627874,323.31377083280023,1.9747489359364025,1.3531406031674676e-08,0.4519939365858272,323.315,0.04986
292680.0,323.31377310435613,1.9541581167075277,323.3137710294364,1.9746657135185655,1.352924233077184e-08,0.4519752575558399,323.315,0.04986
292740.0,323.3137733006079,1.9540789530816145,323.3137712260414,1.9745825045462235,1.3527078972218586e-08,0.4519565815126729,323.315,0.04986
292800.0,323.3137734968287,1.9539998019831093,323.3137714226153,1.9744993090171925,1.3524915955962923e-08,0.4519379084558528,323.315,0.04986
292860.0,323.31377369301833,1.953920663410078,323.313771619158,1.9744161269292917,1.3522753281950994e-08,0.4519192383849066,323.315,0.04986
292920.0,323.3137738891769,1.953841537360586,323.31377181566955,1.9743329582803397,1.3520590950130506e-08,0.4519005712993615,323.315,0.04986
292980.0,323.31377408530443,1.9537624238327096,323.31377201215,1.9742498030681697,1.3518428960448503e-08,0.45188190719874727,323.315,0.04986
293040.0,323.3137742814009,1.9536833228245132,323.3137722085994,1.9741666612906001,1.3516267312853024e-08,0.4518632460825912,323.315,0.04986
293100.0,323.3137744774663,1.9536042343340614,323.3137724050177,1.9740835329454491,1.3514106007289849e-08,0.45184458795042004,323.315,0.04986
293160.0,323.31377467350075,1.9535251583594215,323.3137726014048,1.9740004180305373,1.3511945043707518e-08,0.45182593280176114,323.315,0.04986
293220.0,323.3137748695041,1.9534460948986596,323.3137727977609,1.9739173165436854,1.350978442205245e-08,0.4518072806361423,323.315,0.04986
293280.0,323.31377506547636,1.9533670439498532,323.3137729940859,1.9738342284827284,1.3507624142272256e-08,0.4517886314530934,323.315,0.04986
293340.0,323.3137752614177,1.953288005511069,323.3137731903798,1.9737511538454864,1.3505464204313954e-08,0.45176998525214224,323.315,0.04986
293400.0,323.31377545732795,1.9532089795803729,323.3137733866426,1.9736680926297792,1.3503304608125398e-08,0.45175134203281586,323.315,0.04986
293460.0,323.3137756532072,1.9531299661558328,323.31377358287426,1.9735850448334293,1.3501145353652954e-08,0.4517327017946422,323.315,0.04986
293520.0,323.31377584905545,1.9530509652355166,323.3137737790749,1.9735020104542593,1.3498986440844529e-08,0.451714064537149,323.315,0.04986
293580.0,323.31377604487267,1.9529719768175036,323.31377397524443,1.9734189894901057,1.3496827869647221e-08,0.451695430259867,323.315,0.04986
293640.0,323.3137762406589,1.9528930008998615,323.31377417138293,1.973335981938791,1.3494669640008483e-08,0.45167679896232416,323.315,0.04986
293700.0,323.3137764364142,1.9528140374806577,323.31377436749034,1.9732529877981364,1.3492511751875312e-08,0.45165817064404784,323.315,0.04986
293760.0,323.3137766321384,1.9527350865579618,323.3137745635667,1.973170007065966,1.3490354205195087e-08,0.45163954530456635,323.315,0.04986
293820.0,323.31377682783165,1.9526561481298428,323.31377475961204,1.9730870397401044,1.348819699991507e-08,0.4516209229434079,323.315,0.04986
293880.0,323.31377702349386,1.9525772221943813,323.3137749556263,1.9730040858183902,1.3486040135982235e-08,0.4516023035601035,323.315,0.04986
293940.0,323.31377721912514,1.952498308749647,323.31377515160955,1.9729211452986475,1.3483883613345449e-08,0.45158368715418146,323.315,0.04986
294000.0,323.3137774147254,1.9524194077937085,323.3137753475617,1.9728382181786992,1.348172743195003e-08,0.45156507372516963,323.315,0.04986
294060.0,323.3137776102947,1.9523405193246361,323.31377554348285,1.9727553044563717,1.347957159174472e-08,0.45154646327259657,323.315,0.04986
294120.0,323.31377780583307,1.9522616433405005,323.31377573937294,1.972672404129491,1.3477416092676364e-08,0.45152785579599086,323.315,0.04986
294180.0,323.31377800134044,1.9521827798393843,323.31377593523206,1.9725895171958974,1.3475260934691968e-08,0.451509251294884,323.315,0.04986
294240.0,323.3137781968169,1.952103928819358,323.31377613106014,1.9725066436534169,1.3473106117739775e-08,0.45149064976880443,323.315,0.04986
294300.0,323.31377839226235,1.9520250902784917,323.3137763268572,1.9724237834998741,1.3470951641766715e-08,0.4514720512172807,323.315,0.04986
294360.0,323.3137785876769,1.951946264214857,323.3137765226232,1.9723409367330973,1.3468797506719843e-08,0.45145345563984135,323.315,0.04986
294420.0,323.3137787830605,1.9518674506265268,323.3137767183582,1.9722581033509143,1.3466643712546743e-08,0.45143486303601577,323.315,0.04986
294480.0,323.3137789784131,1.9517886495115842,323.31377691406226,1.972175283351167,1.3464490259194927e-08,0.4514162734053353,323.315,0.04986
294540.0,323.3137791737349,1.951709860868101,323.3137771097353,1.9720924767316832,1.3462337146612145e-08,0.4513976867473292,323.315,0.04986
294600.0,323.3137793690256,1.951631084694149,323.31377730537736,1.9720096834902892,1.3460184374745165e-08,0.4513791030615259,323.315,0.04986
294660.0,323.31377956428554,1.9515523209878012,323.31377750098846,1.9719269036248148,1.3458031943541736e-08,0.4513605223474549,323.315,0.04986
294720.0,323.3137797595145,1.9514735697471322,323.3137776965686,1.9718441371330901,1.3455879852949093e-08,0.45134194460464544,323.315,0.04986
294780.0,323.3137799547125,1.9513948309702234,323.31377789211774,1.9717613840129558,1.3453728102914874e-08,0.45132336983262905,323.315,0.04986
294840.0,323.3137801498797,1.9513161046551506,323.3137780876359,1.9716786442622432,1.3451576693386436e-08,0.4513047980309353,323.315,0.04986
294900.0,323.3137803450159,1.9512373907999878,323.3137782831231,1.9715959178787832,1.3449425624311495e-08,0.45128622919909384,323.315,0.04986
294960.0,323.31378054012123,1.9511586894028121,323.3137784785793,1.971513204860409,1.3447274895636706e-08,0.4512676633366348,323.315,0.04986
295020.0,323.3137807351956,1.9510800004616993,323.31377867400454,1.9714305052049539,1.3445124507310512e-08,0.4512491004430879,323.315,0.04986
295080.0,323.31378093023915,1.9510013239747264,323.31377886939885,1.9713478189102518,1.3442974459279833e-08,0.45123054051798356,323.315,0.04986
295140.0,323.3137811252518,1.9509226599399705,323.3137790647622,1.9712651459741368,1.3440824751492297e-08,0.45121198356085196,323.315,0.04986
295200.0,323.31378132023355,1.9508440083555096,323.3137792600946,1.9711824863944436,1.3438675383895048e-08,0.45119342957122316,323.315,0.04986
295260.0,323.3137815151844,1.950765369219421,323.31377945539606,1.9710998401690072,1.3436526356436084e-08,0.45117487854862776,323.315,0.04986
295320.0,323.31378171010437,1.9506867425297822,323.31377965066656,1.9710172072956627,1.343437766906269e-08,0.4511563304925961,323.315,0.04986
295380.0,323.31378190499356,1.9506081282846734,323.3137798459062,1.9709345877722466,1.3432229321722232e-08,0.451137785402659,323.315,0.04986
295440.0,323.31378209985184,1.9505295264821725,323.3137800411149,1.9708519815965948,1.3430081314362729e-08,0.45111924327834696,323.315,0.04986
295500.0,323.31378229467924,1.9504509371203582,323.31378023629264,1.970769388766544,1.3427933646930979e-08,0.4511007041191905,323.315,0.04986
295560.0,323.31378248947584,1.9503723601973104,323.3137804314395,1.9706868092799308,1.3425786319375376e-08,0.4510821679247206,323.315,0.04986
295620.0,323.31378268424163,1.9502937957111084,323.3137806265555,1.9706042431345927,1.3423639331642756e-08,0.45106363469446814,323.315,0.04986
295680.0,323.31378287897655,1.950215243659832,323.31378082164053,1.9705216903283669,1.3421492683681013e-08,0.4510451044279638,323.315,0.04986
295740.0,323.3137830736806,1.9501367040415611,323.3137810166947,1.9704391508590917,1.341934637543748e-08,0.45102657712473876,323.315,0.04986
295800.0,323.31378326835386,1.9500581768543768,323.3137812117179,1.9703566247246056,1.3417200406859896e-08,0.45100805278432393,323.315,0.04986
295860.0,323.31378346299624,1.949979662096359,323.31378140671023,1.9702741119227472,1.3415054777895696e-08,0.4509895314062506,323.315,0.04986
295920.0,323.3137836576078,1.9499011597655893,323.3137816016717,1.9701916124513552,1.3412909488492386e-08,0.4509710129900499,323.315,0.04986
295980.0,323.3137838521885,1.9498226698601484,323.3137817966022,1.9701091263082693,1.3410764538597875e-08,0.45095249753525307,323.315,0.04986
296040.0,323.3137840467385,1.9497441923781182,323.3137819915019,1.9700266534913284,1.3408619928159447e-08,0.45093398504139137,323.315,0.04986
296100.0,323.31378424125757,1.9496657273175795,323.31378218637076,1.9699441939983735,1.340647565712486e-08,0.4509154755079963,323.315,0.04986
296160.0,323.31378443574584,1.9495872746766154,323.31378238120874,1.9698617478272444,1.3404331725441642e-08,0.45089696893459935,323.315,0.04986
296220.0,323.3137846302033,1.9495088344533076,323.3137825760159,1.9697793149757823,1.3402188133057413e-08,0.450878465320732,323.315,0.04986
296280.0,323.31378482463003,1.9494304066457393,323.31378277079216,1.9696968954418277,1.3400044879919847e-08,0.4508599646659259,323.315,0.04986
296340.0,323.313785019026,1.949351991251992,323.3137829655376,1.9696144892232221,1.339790196597701e-08,0.4508414669697129,323.315,0.04986
296400.0,323.31378521339116,1.9492735882701502,323.3137831602522,1.9695320963178076,1.3395759391175688e-08,0.4508229722316245,323.315,0.04986
296460.0,323.31378540772556,1.9491951976982969,323.31378335493594,1.969449716723426,1.3393617155464188e-08,0.45080448045119276,323.315,0.04986
296520.0,323.3137856020292,1.949116819534515,323.31378354958883,1.9693673504379197,1.3391475258789986e-08,0.4507859916279494,323.315,0.04986
296580.0,323.31378579630206,1.9490384537768897,323.3137837442108,1.969284997459132,1.3389333701100614e-08,0.4507675057614265,323.315,0.04986
296640.0,323.31378599054415,1.9489601004235042,323.31378393880203,1.9692026577849058,1.3387192482343768e-08,0.45074902285115614,323.315,0.04986
296700.0,323.31378618475543,1.9488817594724432,323.31378413336245,1.9691203314130847,1.3385051602467035e-08,0.4507305428966705,323.315,0.04986
296760.0,323.3137863789359,1.9488034309217923,323.313784327892,1.9690380183415126,1.3382911061418089e-08,0.4507120658975015,323.315,0.04986
296820.0,323.3137865730856,1.9487251147696352,323.31378452239073,1.9689557185680335,1.3380770859144718e-08,0.45069359185318175,323.315,0.04986
296880.0,323.31378676720465,1.9486468110140582,323.31378471685866,1.9688734320904926,1.3378630995594985e-08,0.4506751207632434,323.315,0.04986
296940.0,323.3137869612929,1.948568519653147,323.3137849112958,1.9687911589067344,1.3376491470715933e-08,0.45065665262721893,323.315,0.04986
297000.0,323.31378715535044,1.9484902406849867,323.31378510570215,1.9687088990146044,1.3374352284455881e-08,0.4506381874446408,323.315,0.04986
297060.0,323.3137873493773,1.948411974107664,323.3137853000777,1.9686266524119485,1.337221343676218e-08,0.4506197252150417,323.315,0.04986
297120.0,323.31378754337345,1.9483337199192654,323.3137854944225,1.9685444190966122,1.3370074927583008e-08,0.45060126593795413,323.315,0.04986
297180.0,323.3137877373389,1.9482554781178774,323.3137856887365,1.9684621990664422,1.3367936756865429e-08,0.4505828096129108,323.315,0.04986
297240.0,323.31378793127357,1.9481772487015871,323.31378588301976,1.968379992319285,1.3365798924557814e-08,0.4505643562394445,323.315,0.04986
297300.0,323.3137881251775,1.9480990316684816,323.31378607727214,1.9682977988529884,1.3363661430607242e-08,0.4505459058170882,323.315,0.04986
297360.0,323.31378831905073,1.948020827016649,323.31378627149377,1.968215618665399,1.3361524274961989e-08,0.4505274583453746,323.315,0.04986
297420.0,323.3137885128932,1.9479426347441766,323.31378646568464,1.968133451754365,1.3359387457569438e-08,0.450509013823837,323.315,0.04986
297480.0,323.313788706705,1.9478644548491526,323.3137866598447,1.9680512981177343,1.3357250978377698e-08,0.4504905722520081,323.315,0.04986
297540.0,323.31378890048614,1.9477862873296656,323.3137868539741,1.9679691577533558,1.3355114837334547e-08,0.45047213362942135,323.315,0.04986
297600.0,323.31378909423654,1.9477081321838043,323.3137870480727,1.967887030659078,1.3352979034387679e-08,0.4504536979556098,323.315,0.04986
297660.0,323.3137892879563,1.9476299894096574,323.31378724214056,1.9678049168327503,1.3350843569484938e-08,0.45043526523010674,323.315,0.04986
297720.0,323.31378948164536,1.9475518590053142,323.3137874361777,1.9677228162722222,1.3348708442573809e-08,0.4504168354524456,323.315,0.04986
297780.0,323.3137896753038,1.947473740968864,323.3137876301841,1.9676407289753437,1.3346573653602667e-08,0.45039840862215974,323.315,0.04986
297840.0,323.31378986893145,1.9473956352983968,323.31378782415976,1.9675586549399648,1.334443920251881e-08,0.4503799847387828,323.315,0.04986
297900.0,323.31379006252854,1.9473175419920024,323.3137880181047,1.9674765941639363,1.3342305089270555e-08,0.4503615638018481,323.315,0.04986
297960.0,323.31379025609493,1.9472394610477708,323.3137882120189,1.9673945466451093,1.3340171313805538e-08,0.4503431458108894,323.315,0.04986
298020.0,323.3137904496307,1.9471613924637934,323.31378840590236,1.9673125123813346,1.333803787607145e-08,0.45032473076544055,323.315,0.04986
298080.0,323.3137906431358,1.947083336238161,323.3137885997551,1.9672304913704644,1.333590477601606e-08,0.45030631866503523,323.315,0.04986
298140.0,323.3137908366102,1.947005292368964,323.3137887935772,1.9671484836103506,1.3333772013587486e-08,0.4502879095092073,323.315,0.04986
298200.0,323.313791030054,1.9469272608542942,323.3137889873685,1.9670664890988452,1.3331639588733645e-08,0.45026950329749066,323.315,0.04986
298260.0,323.31379122346715,1.9468492416922438,323.3137891811292,1.9669845078338013,1.3329507501402148e-08,0.4502511000294193,323.315,0.04986
298320.0,323.31379141684965,1.946771234880904,323.31378937485914,1.966902539813072,1.332737575154097e-08,0.45023269970452745,323.315,0.04986
298380.0,323.3137916102015,1.9466932404183677,323.3137895685584,1.9668205850345102,1.3325244339097941e-08,0.45021430232234905,323.315,0.04986
298440.0,323.31379180352275,1.9466152583027267,323.313789762227,1.9667386434959704,1.3323113264021257e-08,0.45019590788241837,323.315,0.04986
298500.0,323.31379199681345,1.9465372885320744,323.3137899558649,1.9666567151953065,1.3320982526258662e-08,0.45017751638426984,323.315,0.04986
298560.0,323.31379219007346,1.9464593311045038,323.3137901494721,1.966574800130373,1.3318852125757752e-08,0.4501591278274378,323.315,0.04986
298620.0,323.31379238330294,1.9463813860181083,323.31379034304865,1.9664928982990244,1.3316722062467055e-08,0.4501407422114565,323.315,0.04986
298680.0,323.3137925765018,1.946303453270981,323.3137905365946,1.966411009699116,1.3314592336333941e-08,0.4501223595358606,323.315,0.04986
298740.0,323.31379276967,1.9462255328612161,323.31379073010976,1.9663291343285039,1.3312462947306635e-08,0.4501039798001847,323.315,0.04986
298800.0,323.3137929628076,1.9461476247869083,323.31379092359435,1.9662472721850435,1.3310333895333082e-08,0.4500856030039632,323.315,0.04986
298860.0,323.31379315591465,1.946069729046151,323.3137911170483,1.9661654232665908,1.3308205180360777e-08,0.4500672291467312,323.315,0.04986
298920.0,323.31379334899106,1.9459918456370402,323.3137913104716,1.966083587571003,1.3306076802338206e-08,0.4500488582280232,323.315,0.04986
298980.0,323.3137935420369,1.9459139745576697,323.3137915038642,1.9660017650961368,1.3303948761213013e-08,0.4500304902473743,323.315,0.04986
299040.0,323.3137937350522,1.9458361158061352,323.3137916972262,1.965919955839849,1.3301821056933293e-08,0.4500121252043192,323.315,0.04986
299100.0,323.3137939280369,1.9457582693805326,323.3137918905575,1.9658381597999979,1.3299693689447333e-08,0.4499937630983931,323.315,0.04986
299160.0,323.313794120991,1.9456804352789576,323.31379208385823,1.965756376974441,1.3297566658702841e-08,0.449975403929131,323.315,0.04986
299220.0,323.3137943139146,1.945602613499506,323.3137922771283,1.965674607361037,1.3295439964647714e-08,0.4499570476960681,323.315,0.04986
299280.0,323.3137945068077,1.9455248040402764,323.3137924703678,1.9655928509576472,1.329331360723035e-08,0.4499386943987401,323.315,0.04986
299340.0,323.31379469967015,1.9454470068993643,323.31379266357663,1.965511107762129,1.32911875863981e-08,0.44992034403668196,323.315,0.04986
299400.0,323.31379489250213,1.945369222074865,323.3137928567549,1.9654293777723393,1.3289061902099663e-08,0.4499019966094287,323.315,0.04986
299460.0,323.3137950853035,1.9452914495648739,323.31379304990253,1.965347660986136,1.3286936554282035e-08,0.44988365211651526,323.315,0.04986
299520.0,323.3137952780744,1.9452136893674874,323.31379324301963,1.9652659574013778,1.3284811542894436e-08,0.44986531055747675,323.315,0.04986
299580.0,323.3137954708147,1.945135941480812,323.3137934361061,1.9651842670159365,1.3282686867884364e-08,0.4498469719318513,323.315,0.04986
299640.0,323.31379566352444,1.945058205902944,323.313793629162,1.9651025898276704,1.328056252919999e-08,0.4498286362391738,323.315,0.04986
299700.0,323.3137958562037,1.9449804826319776,323.3137938221872,1.9650209258344356,1.3278438526788938e-08,0.4498103034789792,323.315,0.04986
299760.0,323.3137960488524,1.9449027716660106,323.31379401518194,1.9649392750340922,1.3276314860599935e-08,0.449791973650803,323.315,0.04986
299820.0,323.3137962414705,1.9448250730031398,323.313794208146,1.9648576374245,1.3274191530580381e-08,0.4497736467541804,323.315,0.04986
299880.0,323.3137964340582,1.944747386641473,323.3137944010796,1.9647760130035317,1.3272068536678805e-08,0.4497553227886498,323.315,0.04986
299940.0,323.3137966266154,1.944669712579107,323.31379459398255,1.964694401769047,1.3269945878843403e-08,0.4497370017537464,323.315,0.04986
300000.0,323.31379681914206,1.9445920508141388,323.313794786855,1.9646128037189046,1.3267823557021929e-08,0.4497186836490055,323.315,0.04986
300060.0,323.31379701163826,1.9445144013446662,323.3137949796968,1.9645312188509658,1.3265701571162757e-08,0.449700368473963,323.315,0.04986
300120.0,323.31379720410405,1.9444367641687883,323.3137951725081,1.9644496471630921,1.3263579921214042e-08,0.4496820562281545,323.315,0.04986
300180.0,323.31379739653926,1.9443591392846136,323.31379536528885,1.964368088653159,1.3261458607123321e-08,0.4496637469111187,323.315,0.04986
300240.0,323.313797588944,1.9442815266902413,323.3137955580391,1.964286543319027,1.3259337628839207e-08,0.4496454405223913,323.315,0.04986
300300.0,323.3137977813183,1.9442039263837687,323.31379575075874,1.964205011158557,1.3257216986309882e-08,0.4496271370615078,323.315,0.04986
300360.0,323.31379797366213,1.9441263383632958,323.3137959434479,1.9641234921696116,1.3255096679483113e-08,0.44960883652800454,323.315,0.04986
300420.0,323.31379816597547,1.944048762626922,323.31379613610653,1.9640419863500544,1.3252976708307228e-08,0.44959053892141737,323.315,0.04986
300480.0,323.3137983582583,1.943971199172759,323.3137963287346,1.9639604936977624,1.3250857072730259e-08,0.4495722442412855,323.315,0.04986
300540.0,323.3137985505107,1.9438936479989062,323.31379652133216,1.9638790142105989,1.324873777270079e-08,0.44955395248714497,323.315,0.04986
300600.0,323.3137987427327,1.9438161091034623,323.31379671389925,1.9637975478864251,1.3246618808166632e-08,0.4495356636585317,323.315,0.04986
300660.0,323.31379893492414,1.9437385824845288,323.3137969064358,1.9637160947231067,1.3244500179076124e-08,0.4495173777549822,323.315,0.04986
300720.0,323.3137991270852,1.9436610681402073,323.3137970989419,1.9636346547185084,1.3242381885376752e-08,0.44949909477603284,323.315,0.04986
300780.0,323.3137993192157,1.9435835660686092,323.3137972914175,1.963553227870509,1.3240263927017315e-08,0.44948081472122314,323.315,0.04986
300840.0,323.31379951131595,1.9435060762678367,323.3137974838625,1.9634718141769736,1.3238146303946817e-08,0.44946253759008953,323.315,0.04986
300900.0,323.31379970338565,1.9434285987359892,323.3137976762771,1.9633904136357652,1.3236029016112048e-08,0.4494442633821683,323.315,0.04986
300960.0,323.313799895425,1.94335113347117,323.31379786866114,1.963309026244751,1.3233912063461884e-08,0.4494259920969962,323.315,0.04986
301020.0,323.3138000874339,1.9432736804714814,323.31379806101467,1.9632276520017977,1.3231795445944372e-08,0.4494077237341101,323.315,0.04986
301080.0,323.3138002794124,1.9431962397350375,323.3137982533378,1.9631462909047859,1.3229679163508167e-08,0.44938945829304977,323.315,0.04986
301140.0,323.3138004713605,1.9431188112599402,323.3137984456304,1.9630649429515818,1.3227563216100856e-08,0.4493711957733522,323.315,0.04986
301200.0,323.3138006632782,1.943041395044291,323.31379863789255,1.9629836081400511,1.3225447603671302e-08,0.4493529361745537,323.315,0.04986
301260.0,323.3138008551654,1.942963991086195,323.31379883012426,1.962902286468062,1.3223332326166847e-08,0.44933467949619166,323.315,0.04986
301320.0,323.3138010470223,1.9428865993837556,323.31379902232544,1.9628209779334838,1.3221217383536487e-08,0.4493164257378033,323.315,0.04986
301380.0,323.3138012388488,1.9428092199350884,323.31379921449627,1.9627396825341976,1.3219102775728819e-08,0.44929817489892854,323.315,0.04986
301440.0,323.31380143064484,1.9427318527382962,323.3137994066366,1.9626584002680727,1.3216988502691184e-08,0.4492799269791048,323.315,0.04986
301500.0,323.3138016224105,1.9426544977914824,323.31379959874647,1.9625771311329758,1.3214874564372402e-08,0.44926168197786887,323.315,0.04986
301560.0,323.3138018141458,1.9425771550927529,323.31379979082595,1.9624958751267774,1.321276096072068e-08,0.44924343989475835,323.315,0.04986
301620.0,323.3138020058507,1.9424998246402128,323.31379998287497,1.9624146322473475,1.3210647691683697e-08,0.4492252007293109,323.315,0.04986
301680.0,323.31380219752526,1.942422506431976,323.31380017489363,1.9623334024925672,1.3208534757211188e-08,0.4492069644810663,323.315,0.04986
301740.0,323.31380238916944,1.94234520046615,323.31380036688176,1.9622521858603086,1.3206422157250163e-08,0.4491887311495625,323.315,0.04986
301800.0,323.3138025807833,1.9422679067408404,323.3138005588395,1.9621709823484428,1.3204309891749899e-08,0.4491705007343373,323.315,0.04986
301860.0,323.31380277236684,1.9421906252541556,323.3138007507668,1.9620897919548435,1.3202197960657756e-08,0.44915227323492884,323.315,0.04986
301920.0,323.31380296392,1.9421133560042039,323.3138009426637,1.9620086146773845,1.3200086363922802e-08,0.44913404865087575,323.315,0.04986
301980.0,323.3138031554429,1.9420360989890937,323.3138011345302,1.9619274505139401,1.319797510149293e-08,0.4491158269817163,323.315,0.04986
302040.0,323.3138033469354,1.9419588542069341,323.3138013263663,1.9618462994623849,1.3195864173316928e-08,0.44909760822698885,323.315,0.04986
302100.0,323.3138035383975,1.941881621655834,323.313801518172,1.961765161520594,1.319375357934277e-08,0.4490793923862321,323.315,0.04986
302160.0,323.3138037298293,1.9418044013339033,323.3138017099473,1.9616840366864425,1.3191643319518708e-08,0.4490611794589846,323.315,0.04986
302220.0,323.3138039212307,1.941727193239252,323.31380190169233,1.961602924957806,1.3189533393793217e-08,0.4490429694447851,323.315,0.04986
302280.0,323.3138041126018,1.9416499973699897,323.3138020934069,1.9615218263325618,1.3187423802114673e-08,0.4490247623431725,323.315,0.04986
302340.0,323.3138043039426,1.9415728137242279,323.31380228509107,1.9614407408085863,1.318531454443177e-08,0.4490065581536858,323.315,0.04986
302400.0,323.3138044952531,1.941495642300076,323.31380247674485,1.961359668383756,1.3183205620692716e-08,0.4489883568758638,323.315,0.04986
302460.0,323.3138046865333,1.9414184830956462,323.3138026683682,1.9612786090559482,1.3181097030845767e-08,0.4489701585092456,323.315,0.04986
302520.0,323.3138048777831,1.941341336109049,323.31380285996124,1.9611975628230407,1.3178988774839462e-08,0.4489519630533701,323.315,0.04986
302580.0,323.31380506900274,1.9412642013383965,323.3138030515239,1.9611165296829112,1.3176880852622186e-08,0.4489337705077768,323.315,0.04986
302640.0,323.31380526019205,1.9411870787817995,323.3138032430562,1.9610355096334384,1.3174773264142547e-08,0.4489155808720046,323.315,0.04986
302700.0,323.3138054513511,1.9411099684373712,323.3138034345582,1.9609545026725006,1.31726660093486e-08,0.4488973941455931,323.315,0.04986
302760.0,323.31380564247985,1.9410328703032231,323.3138036260299,1.9608735087979772,1.3170559088189404e-08,0.4488792103280816,323.315,0.04986
302820.0,323.31380583357833,1.9409557843774685,323.31380381747124,1.9607925280077474,1.3168452500612626e-08,0.44886102941900946,323.315,0.04986
302880.0,323.3138060246465,1.94087871065822,323.31380400888224,1.9607115602996903,1.3166346246566973e-08,0.44884285141791636,323.315,0.04986
302940.0,323.31380621568445,1.9408016491435904,323.3138042002629,1.9606306056716865,1.3164240326001275e-08,0.44882467632434164,323.315,0.04986
303000.0,323.31380640669204,1.9407245998316935,323.31380439161325,1.9605496641216158,1.3162134738863417e-08,0.4488065041378251,323.315,0.04986
303060.0,323.3138065976694,1.9406475627206432,323.31380458293324,1.9604687356473594,1.3160029485102098e-08,0.4487883348579066,323.315,0.04986
303120.0,323.31380678861643,1.9405705378085534,323.31380477422294,1.9603878202467981,1.3157924564665945e-08,0.4487701684841257,323.315,0.04986
303180.0,323.3138069795333,1.9404935250935376,323.31380496548235,1.9603069179178132,1.3155819977503524e-08,0.4487520050160224,323.315,0.04986
303240.0,323.31380717041986,1.940416524573711,323.3138051567114,1.9602260286582867,1.3153715723562875e-08,0.44873384445313663,323.315,0.04986
303300.0,323.31380736127625,1.9403395362471878,323.3138053479101,1.9601451524661002,1.3151611802793327e-08,0.44871568679500834,323.315,0.04986
303360.0,323.31380755210245,1.9402625601120835,323.31380553907854,1.9600642893391365,1.3149508215142713e-08,0.4486975320411777,323.315,0.04986
303420.0,323.3138077428984,1.940185596166514,323.31380573021664,1.9599834392752782,1.3147404960559815e-08,0.4486793801911848,323.315,0.04986
303480.0,323.3138079336641,1.940108644408593,323.31380592132444,1.9599026022724082,1.3145302038993023e-08,0.4486612312445698,323.315,0.04986
303540.0,323.3138081243996,1.9400317048364384,323.313806112402,1.9598217783284102,1.314319945039084e-08,0.44864308520087315,323.315,0.04986
303600.0,323.31380831510484,1.9399547774481651,323.31380630344927,1.959740967441168,1.31410971947018e-08,0.44862494205963505,323.315,0.04986
303660.0,323.31380850577983,1.9398778622418895,323.31380649446635,1.9596601696085656,1.3138995271874221e-08,0.4486068018203961,323.315,0.04986
303720.0,323.3138086964246,1.939800959215729,323.31380668545313,1.9595793848284875,1.313689368185723e-08,0.44858866448269674,323.315,0.04986
303780.0,323.3138088870391,1.9397240683677999,323.31380687640967,1.9594986130988188,1.3134792424598662e-08,0.44857053004607755,323.315,0.04986
303840.0,323.3138090776235,1.93964718969622,323.3138070673359,1.9594178544174445,1.313269150004791e-08,0.4485523985100791,323.315,0.04986
303900.0,323.3138092681777,1.9395703231991064,323.31380725823186,1.95933710878225,1.3130590908153017e-08,0.4485342698742422,323.315,0.04986
303960.0,323.3138094587017,1.9394934688745766,323.3138074490976,1.9592563761911215,1.3128490648862945e-08,0.4485161441381077,323.315,0.04986
304020.0,323.3138096491956,1.9394166267207495,323.3138076399331,1.959175656641945,1.3126390722126368e-08,0.44849802130121635,323.315,0.04986
304080.0,323.31380983965926,1.9393397967357426,323.31380783073837,1.959094950132607,1.3124291127891097e-08,0.4484799013631091,323.315,0.04986
304140.0,323.3138100300927,1.9392629789176752,323.31380802151335,1.9590142566609945,1.3122191866106168e-08,0.44846178432332706,323.315,0.04986
304200.0,323.31381022049607,1.939186173264666,323.3138082122581,1.9589335762249949,1.312009293672075e-08,0.4484436701814112,323.315,0.04986
304260.0,323.31381041086917,1.939109379774834,323.3138084029726,1.9588529088224955,1.3117994339682592e-08,0.44842555893690267,323.315,0.04986
304320.0,323.31381060121214,1.9390325984462984,323.3138085936568,1.9587722544513844,1.3115896074940603e-08,0.44840745058934284,323.315,0.04986
304380.0,323.3138107915249,1.9389558292771794,323.3138087843108,1.95869161310955,1.3113798142443444e-08,0.4483893451382728,323.315,0.04986
304440.0,323.31381098180753,1.9388790722655966,323.3138089749347,1.958610984794881,1.3111700542140247e-08,0.4483712425832341,323.315,0.04986
304500.0,323.31381117206,1.93880232740967,323.31380916552837,1.958530369505266,1.3109603273978609e-08,0.44835314292376793,323.315,0.04986
304560.0,323.31381136228237,1.9387255947075208,323.31380935609184,1.958449767238595,1.3107506337908603e-08,0.44833504615941594,323.315,0.04986
304620.0,323.3138115524746,1.9386488741572694,323.3138095466252,1.9583691779927574,1.3105409733877604e-08,0.44831695228971985,323.315,0.04986
304680.0,323.31381174263663,1.9385721657570363,323.3138097371283,1.9582886017656431,1.3103313461835009e-08,0.44829886131422103,323.315,0.04986
304740.0,323.3138119327686,1.938495469504944,323.3138099276012,1.9582080385551426,1.310121752172898e-08,0.44828077323246135,323.315,0.04986
304800.0,323.31381212287044,1.9384187853991128,323.3138101180439,1.9581274883591464,1.309912191350916e-08,0.44826268804398256,323.315,0.04986
304860.0,323.31381231294216,1.9383421134376655,323.3138103084564,1.958046951175546,1.3097026637123054e-08,0.4482446057483266,323.315,0.04986
304920.0,323.3138125029838,1.9382654536187234,323.31381049883873,1.9579664270022326,1.3094931692520217e-08,0.4482265263450352,323.315,0.04986
304980.0,323.31381269299527,1.9381888059404098,323.3138106891909,1.9578859158370976,1.3092837079648666e-08,0.4482084498336505,323.315,0.04986
305040.0,323.31381288297666,1.938112170400847,323.3138108795129,1.9578054176780335,1.3090742798457821e-08,0.4481903762137146,323.315,0.04986
305100.0,323.3138130729279,1.938035546998158,323.31381106980473,1.9577249325229324,1.3088648848896166e-08,0.4481723054847695,323.315,0.04986
305160.0,323.313813262849,1.937958935730466,323.31381126006636,1.9576444603696874,1.3086555230911955e-08,0.4481542376463576,323.315,0.04986
305220.0,323.31381345274,1.9378823365958953,323.31381145029786,1.9575640012161915,1.3084461944454228e-08,0.44813617269802114,323.315,0.04986
305280.0,323.31381364260096,1.937805749592568,323.31381164049924,1.957483555060338,1.3082368989472058e-08,0.4481181106393022,323.315,0.04986
305340.0,323.31381383243183,1.9377291747186098,323.3138118306705,1.9574031219000212,1.3080276365914245e-08,0.4481000514697435,323.315,0.04986
305400.0,323.31381402223263,1.937652611972144,323.31381202081155,1.957322701733135,1.307818407372906e-08,0.4480819951888875,323.315,0.04986
305460.0,323.3138142120034,1.9375760613512956,323.3138122109225,1.957242294557574,1.3076092112865733e-08,0.44806394179627673,323.315,0.04986
305520.0,323.31381440174414,1.9374995228541896,323.31381240100336,1.9571619003712328,1.3074000483272807e-08,0.44804589129145383,323.315,0.04986
305580.0,323.3138145914548,1.9374229964789507,323.31381259105405,1.957081519172007,1.3071909184899056e-08,0.4480278436739614,323.315,0.04986
305640.0,323.31381478113536,1.9373464822237043,323.3138127810746,1.957001150957792,1.3069818217693306e-08,0.4480097989433423,323.315,0.04986
305700.0,323.31381497078587,1.9372699800865765,323.31381297106503,1.9569207957264836,1.306772758160426e-08,0.44799175709913946,323.315,0.04986
305760.0,323.3138151604063,1.937193490065693,323.31381316102534,1.9568404534759782,1.3065637276580743e-08,0.4479737181408957,323.315,0.04986
305820.0,323.3138153499967,1.9371170121591796,323.3138133509555,1.9567601242041723,1.3063547302571387e-08,0.44795568206815395,323.315,0.04986
305880.0,323.313815539557,1.9370405463651634,323.3138135408556,1.956679807908963,1.3061457659525554e-08,0.4479376488804574,323.315,0.04986
305940.0,323.3138157290873,1.9369640926817708,323.31381373072566,1.956599504588247,1.3059368347391807e-08,0.4479196185773492,323.315,0.04986
306000.0,323.3138159185876,1.9368876511071291,323.3138139205656,1.9565192142399224,1.305727936611889e-08,0.4479015911583724,323.315,0.04986
306060.0,323.3138161080578,1.936811221639366,323.31381411037546,1.956438936861887,1.3055190715655751e-08,0.44788356662307033,323.315,0.04986
306120.0,323.313816297498,1.9367348042766084,323.3138143001553,1.9563586724520392,1.3053102395951021e-08,0.4478655449709864,323.315,0.04986
306180.0,323.3138164869082,1.9366583990169866,323.31381448990504,1.9562784210082804,1.3051014406954031e-08,0.4478475262016646,323.315,0.04986
306240.0,323.31381667628835,1.9365820058586274,323.31381467962467,1.9561981825285075,1.3048926748613254e-08,0.44782951031464796,323.315,0.04986
306300.0,323.31381686563856,1.9365056247996573,323.3138148693142,1.9561179570106177,1.3046839420877754e-08,0.4478114973094795,323.315,0.04986
306360.0,323.31381705495875,1.9364292558382035,323.31381505897366,1.9560377444525092,1.304475242369627e-08,0.4477934871857027,323.315,0.04986
306420.0,323.313817244249,1.9363528989723942,323.3138152486031,1.95595754485208,1.3042665757017779e-08,0.44777547994286065,323.315,0.04986
306480.0,323.3138174335092,1.9362765542003668,323.3138154382025,1.9558773582072422,1.3040579420791232e-08,0.44775747558049966,323.315,0.04986
306540.0,323.3138176227394,1.9362002215202487,323.31381562777176,1.9557971845158935,1.3038493414965457e-08,0.447739474098163,323.315,0.04986
306600.0,323.31381781193966,1.9361239009301667,323.313815817311,1.9557170237759305,1.3036407739489486e-08,0.44772147549539343,323.315,0.04986
306660.0,323.31381800110984,1.936047592428249,323.3138160068202,1.9556368759852527,1.3034322394311937e-08,0.44770347977173486,323.315,0.04986
306720.0,323.3138181902501,1.9359712960126245,323.31381619629946,1.9555567411417605,1.3032237379381728e-08,0.4476854869267307,323.315,0.04986
306780.0,323.3138183793604,1.9358950116814322,323.3138163857486,1.955476619243366,1.3030152694648355e-08,0.44766749695992736,323.315,0.04986
306840.0,323.3138185684407,1.9358187394328001,323.3138165751677,1.9553965102879687,1.3028068340060249e-08,0.4476495098708685,323.315,0.04986
306900.0,323.313818757491,1.9357424792648565,323.31381676455686,1.9553164142734674,1.3025984315566408e-08,0.4476315256590972,323.315,0.04986
306960.0,323.3138189465114,1.9356662311757313,323.31381695391593,1.955236331197763,1.3023900621115947e-08,0.4476135443241578,323.315,0.04986
307020.0,323.3138191355018,1.935589995163554,323.31381714324505,1.9551562610587576,1.3021817256657442e-08,0.4475955658655942,323.315,0.04986
307080.0,323.3138193244623,1.935513771226466,323.3138173325441,1.9550762038543652,1.301973422214081e-08,0.44757759028295285,323.315,0.04986
307140.0,323.3138195133928,1.935437559362597,323.3138175218132,1.9549961595824874,1.301765151751395e-08,0.44755961757577795,323.315,0.04986
307200.0,323.31381970229336,1.9353613595700758,323.31381771105225,1.9549161282410241,1.3015569142726379e-08,0.44754164774361305,323.315,0.04986
307260.0,323.31381989116403,1.9352851718470334,323.3138179002613,1.9548361098278786,1.301348709772706e-08,0.4475236807860026,323.315,0.04986
307320.0,323.31382008000475,1.935208996191602,323.31381808944036,1.9547561043409536,1.3011405382464901e-08,0.4475057167024909,323.315,0.04986
307380.0,323.3138202688155,1.9351328326019228,323.31381827858945,1.9546761117781664,1.3009323996888699e-08,0.44748775549262493,323.315,0.04986
307440.0,323.3138204575964,1.9350566810761278,323.3138184677086,1.9545961321374192,1.300724294094836e-08,0.4474697971559492,323.315,0.04986
307500.0,323.3138206463474,1.934980541612347,323.3138186567977,1.9545161654166143,1.3005162214592047e-08,0.4474518416920076,323.315,0.04986
307560.0,323.3138208350684,1.934904414208713,323.3138188458568,1.9544362116136562,1.3003081817768513e-08,0.4474338891003448,323.315,0.04986
307620.0,323.31382102375954,1.9348282988633585,323.31381903488597,1.95435627072645,1.3001001750427687e-08,0.4474159393805056,323.315,0.04986
307680.0,323.3138212124208,1.9347521955744273,323.3138192238852,1.9542763427529137,1.2998922012518243e-08,0.44739799253203727,323.315,0.04986
307740.0,323.31382140105217,1.9346761043400522,323.3138194128545,1.9541964276909523,1.2996842603989456e-08,0.44738004855448466,323.315,0.04986
307800.0,323.3138215896536,1.934600025158364,323.3138196017938,1.9541165255384692,1.2994763524789854e-08,0.4473621074473921,323.315,0.04986
307860.0,323.3138217782252,1.9345239580274973,323.3138197907032,1.9540366362933708,1.2992684774868534e-08,0.4473441692103045,323.315,0.04986
307920.0,323.31382196676685,1.9344479029455863,323.31381997958266,1.9539567599535637,1.2990606354175237e-08,0.4473262338427672,323.315,0.04986
307980.0,323.3138221552786,1.9343718599107755,323.3138201684322,1.9538768965169677,1.2988528262658337e-08,0.44730830134432775,323.315,0.04986
308040.0,323.31382234376053,1.934295828921199,323.3138203572517,1.95379704598149,1.2986450500267342e-08,0.4472903717145311,323.315,0.04986
308100.0,323.31382253221255,1.9342198099749899,323.3138205460413,1.9537172083450352,1.2984373066951126e-08,0.44727244495292223,323.315,0.04986
308160.0,323.3138227206348,1.9341438030702842,323.31382073480097,1.9536373836055114,1.2982295962659295e-08,0.44725452105904645,323.315,0.04986
308220.0,323.31382290902707,1.9340678082052163,323.3138209235307,1.9535575717608273,1.2980219187339969e-08,0.4472366000324492,323.315,0.04986
308280.0,323.31382309738956,1.933991825377933,323.3138211122306,1.9534777728089043,1.297814274094332e-08,0.4472186818726783,323.315,0.04986
308340.0,323.31382328572215,1.9339158545865693,323.31382130090054,1.953397986747651,1.2976066623417847e-08,0.44720076657927954,323.315,0.04986
308400.0,323.31382347402496,1.93383989582926,323.31382148954054,1.9533182135749736,1.2973990834713134e-08,0.44718285415179787,323.315,0.04986
308460.0,323.31382366229786,1.9337639491041418,323.3138216781507,1.9532384532887828,1.2971915374777642e-08,0.447164944589779,323.315,0.04986
308520.0,323.313823850541,1.9336880144093516,323.31382186673096,1.9531587058869881,1.2969840243560926e-08,0.4471470378927685,323.315,0.04986
308580.0,323.3138240387542,1.9336120917430342,323.3138220552814,1.95307897136751,1.2967765441012202e-08,0.44712913406031485,323.315,0.04986
308640.0,323.31382422693764,1.9335361811033285,323.31382224380184,1.9529992497282609,1.2965690967080611e-08,0.4471112330919634,323.315,0.04986
308700.0,323.31382441509123,1.933460282488371,323.3138224322924,1.952919540967151,1.2963616821715162e-08,0.44709333498726056,323.315,0.04986
308760.0,323.313824603215,1.9333843958963017,323.3138226207531,1.9528398450820939,1.296154300486525e-08,0.44707543974575265,323.315,0.04986
308820.0,323.31382479130895,1.933308521325261,323.31382280918393,1.9527601620710031,1.2959469516479916e-08,0.4470575473669861,323.315,0.04986
308880.0,323.31382497937307,1.9332326587733872,323.31382299758485,1.9526804919317924,1.2957396356508232e-08,0.44703965785050753,323.315,0.04986
308940.0,323.3138251674074,1.9331568082388215,323.3138231859559,1.9526008346623762,1.2955323524899609e-08,0.44702177119586345,323.315,0.04986
309000.0,323.31382535541195,1.9330809697197044,323.3138233742971,1.952521190260669,1.2953251021603594e-08,0.4470038874026006,323.315,0.04986
309060.0,323.3138255433867,1.9330051432141766,323.31382356260843,1.9524415587245856,1.29511788465687e-08,0.4469860064702657,323.315,0.04986
309120.0,323.3138257313317,1.932929328720379,323.3138237508899,1.9523619400520418,1.2949106999744396e-08,0.44696812839840583,323.315,0.04986
309180.0,323.3138259192469,1.9328535262364532,323.3138239391416,1.9522823342409537,1.2947035481080048e-08,0.44695025318656767,323.315,0.04986
309240.0,323.3138261071323,1.932777735760542,323.31382412736343,1.9522027412892375,1.2944964290524919e-08,0.4469323808342986,323.315,0.04986
309300.0,323.3138262949879,1.9327019572907864,323.31382431555545,1.9521231611948098,1.2942893428028012e-08,0.44691451134114535,323.315,0.04986
309360.0,323.3138264828137,1.9326261908253284,323.3138245037176,1.952043593955587,1.294082289353845e-08,0.4468966447066552,323.315,0.04986
309420.0,323.3138266706097,1.9325504363623116,323.31382469185,1.9519640395694866,1.2938752687006304e-08,0.4468787809303754,323.315,0.04986
309480.0,323.313826858376,1.932474693899878,323.31382487995256,1.9518844980344259,1.2936682808379806e-08,0.44686092001185324,323.315,0.04986
309540.0,323.3138270461125,1.9323989634361705,323.31382506802527,1.951804969348323,1.2934613257609017e-08,0.44684306195063594,323.315,0.04986
309600.0,323.3138272338193,1.9323232449693335,323.3138252560681,1.951725453509096,1.2932544034642823e-08,0.44682520674627113,323.315,0.04986
309660.0,323.31382742149634,1.9322475384975095,323.31382544408115,1.9516459505146635,1.293047513943073e-08,0.4468073543983063,323.315,0.04986
309720.0,323.3138276091437,1.9321718440188431,323.3138256320643,1.9515664603629448,1.2928406571921912e-08,0.44678950490628894,323.315,0.04986
309780.0,323.3138277967613,1.932096161531478,323.31382582001777,1.9514869830518584,1.2926338332065944e-08,0.44677165826976667,323.315,0.04986
309840.0,323.31382798434913,1.9320204910335583,323.3138260079414,1.951407518579324,1.292427041981169e-08,0.4467538144882871,323.315,0.04986
309900.0,323.31382817190723,1.9319448325232291,323.31382619583525,1.9513280669432618,1.2922202835108298e-08,0.4467359735613984,323.315,0.04986
309960.0,323.31382835943555,1.9318691859986354,323.31382638369934,1.9512486281415915,1.2920135577905645e-08,0.44671813548864786,323.315,0.04986
310020.0,323.3138285469342,1.9317935514579223,323.3138265715337,1.9511692021722344,1.291806864815288e-08,0.44670030026958374,323.315,0.04986
310080.0,323.31382873440305,1.9317179288992374,323.31382675933827,1.9510897890331134,1.2916002045799335e-08,0.4466824679037546,323.315,0.04986
310140.0,323.31382892184223,1.9316423183207245,323.313826947113,1.9510103887221482,1.2913935770794426e-08,0.4466646383907079,323.315,0.04986
310200.0,323.3138291092517,1.9315667197205282,323.31382713485795,1.9509310012372578,1.291186982308743e-08,0.4466468117299914,323.315,0.04986
310260.0,323.31382929663147,1.9314911330967939,323.31382732257316,1.950851626576363,1.290980420262755e-08,0.446628987921153,323.315,0.04986
310320.0,323.3138294839815,1.9314155584476662,323.3138275102586,1.9507722647373837,1.2907738909364141e-08,0.4466111669637406,323.315,0.04986
310380.0,323.31382967130185,1.9313399957713013,323.31382769791423,1.9506929157182542,1.2905673943246731e-08,0.4465933488573046,323.315,0.04986
310440.0,323.31382985859256,1.9312644450658434,323.3138278855402,1.9506135795168946,1.2903609304225438e-08,0.4465755336013932,323.315,0.04986
310500.0,323.3138300458536,1.931188906329437,323.3138280731364,1.9505342561312233,1.2901544992248592e-08,0.4465577211955538,323.315,0.04986
310560.0,323.3138302330849,1.931113379560228,323.3138282607029,1.9504549455591629,1.289948100726601e-08,0.44653991163933443,323.315,0.04986
310620.0,323.3138304202866,1.9310378647563629,323.31382844823963,1.950375647798635,1.2897417349226902e-08,0.44652210493228367,323.315,0.04986
310680.0,323.3138306074586,1.9309623619159981,323.3138286357467,1.950296362847574,1.2895354018081129e-08,0.44650430107395195,323.315,0.04986
310740.0,323.3138307946009,1.9308868710372797,323.31382882322396,1.9502170907039025,1.2893291013777686e-08,0.4464865000638876,323.315,0.04986
310800.0,323.3138309817136,1.9308113921183527,323.3138290106715,1.9501378313655404,1.2891228336266201e-08,0.4464687019016386,323.315,0.04986
310860.0,323.3138311687965,1.9307359251573653,323.3138291980893,1.950058584830412,1.2889165985495632e-08,0.44645090658675357,323.315,0.04986
310920.0,323.31383135584986,1.930660470152465,323.3138293854774,1.9499793510964405,1.2887103961415801e-08,0.4464331141187808,323.315,0.04986
310980.0,323.3138315428735,1.93058502710181,323.31382957283574,1.9499001301615626,1.2885042263976565e-08,0.4464153244972716,323.315,0.04986
311040.0,323.31383172986756,1.9305095960035468,323.3138297601645,1.949820922023702,1.2882980893126972e-08,0.44639753772177476,323.315,0.04986
311100.0,323.313831916832,1.9304341768558229,323.3138299474635,1.9497417266807806,1.2880919848816574e-08,0.44637975379183825,323.315,0.04986
311160.0,323.31383210376674,1.9303587696567868,323.31383013473277,1.949662544130724,1.2878859130994246e-08,0.446361972707011,323.315,0.04986
311220.0,323.3138322906719,1.9302833744045875,323.31383032197243,1.9495833743714575,1.2876798739610284e-08,0.44634419446684187,323.315,0.04986
311280.0,323.3138324775474,1.9302079910973853,323.31383050918237,1.9495042174009198,1.2874738674614205e-08,0.44632641907088266,323.315,0.04986
311340.0,323.31383266439326,1.9301326197333282,323.31383069636263,1.949425073217036,1.2872678935954596e-08,0.4463086465186822,323.315,0.04986
311400.0,323.31383285120955,1.9300572603105643,323.3138308835132,1.9493459418177297,1.287061952358206e-08,0.44629087680978885,323.315,0.04986
311460.0,323.31383303799623,1.9299819128272437,323.31383107063414,1.9492668232009283,1.2868560437445598e-08,0.4462731099437521,323.315,0.04986
311520.0,323.3138332247533,1.9299065772815172,323.3138312577254,1.9491877173645586,1.2866501677494524e-08,0.4462553459201209,323.315,0.04986
311580.0,323.31383341148074,1.9298312536715456,323.31383144478696,1.9491086243065612,1.2864443243678469e-08,0.44623758473844766,323.315,0.04986
311640.0,323.3138335981786,1.9297559419954786,323.3138316318189,1.9490295440248628,1.2862385135947051e-08,0.4462198263982814,323.315,0.04986
311700.0,323.31383378484685,1.929680642251466,323.31383181882114,1.948950476517389,1.2860327354250077e-08,0.4462020708991709,323.315,0.04986
311760.0,323.3138339714855,1.9296053544376597,323.31383200579376,1.9488714217820684,1.2858269898536501e-08,0.44618431824066596,323.315,0.04986
311820.0,323.31383415809455,1.9295300785522103,323.3138321927367,1.94879237981683,1.285621276875618e-08,0.4461665684223161,323.315,0.04986
311880.0,323.31383434467404,1.929454814593281,323.31383237965,1.9487133506196157,1.2854155964858903e-08,0.44614882144367374,323.315,0.04986
311940.0,323.31383453122396,1.9293795625590229,323.31383256653373,1.948634334188354,1.2852099486794154e-08,0.44613107730428836,323.315,0.04986
312000.0,323.3138347177443,1.9293043224475874,323.3138327533878,1.9485553305209726,1.2850043334511396e-08,0.4461133360037092,323.315,0.04986
312060.0,323.3138349042351,1.9292290942571264,323.3138329402123,1.9484763396154017,1.2847987507960035e-08,0.44609559754148626,323.315,0.04986
312120.0,323.31383509069633,1.9291538779857933,323.3138331270071,1.9483973614695715,1.2845932007089889e-08,0.4460778619171694,323.315,0.04986
312180.0,323.313835277128,1.9290786736317513,323.31383331377236,1.9483183960814259,1.284387683185042e-08,0.4460601291303115,323.315,0.04986
312240.0,323.3138354635301,1.9290034811931545,323.31383350050794,1.9482394434488952,1.284182198219137e-08,0.4460423991804623,323.315,0.04986
312300.0,323.31383564990267,1.9289283006681535,323.3138336872139,1.9481605035699083,1.2839767458062434e-08,0.44602467206717145,323.315,0.04986
312360.0,323.3138358362457,1.9288531320549036,323.3138338738903,1.9480815764423975,1.2837713259412997e-08,0.4460069477899893,323.315,0.04986
312420.0,323.31383602255914,1.9287779753515584,323.31383406053703,1.948002662064295,1.2835659386192588e-08,0.44598922634846616,323.315,0.04986
312480.0,323.31383620884304,1.928702830556281,323.3138342471542,1.9479237604335429,1.2833605838350814e-08,0.4459715077421544,323.315,0.04986
312540.0,323.31383639509744,1.9286276976672272,323.3138344337418,1.9478448715480754,1.2831552615837882e-08,0.4459537919706047,323.315,0.04986
312600.0,323.31383658132233,1.9285525766825518,323.3138346202998,1.9477659954058253,1.2829499718603177e-08,0.44593607903336757,323.315,0.04986
312660.0,323.3138367675177,1.9284774676004117,323.31383480682825,1.947687132004728,1.2827447146596159e-08,0.44591836892999387,323.315,0.04986
312720.0,323.31383695368356,1.9284023704189646,323.3138349933272,1.9476082813427193,1.2825394899766805e-08,0.44590066166003467,323.315,0.04986
312780.0,323.3138371398199,1.9283272851363673,323.3138351797965,1.947529443417735,1.2823342978064256e-08,0.445882957223041,323.315,0.04986
312840.0,323.3138373259267,1.9282522117507779,323.3138353662363,1.9474506182277114,1.2821291381438692e-08,0.44586525561856416,323.315,0.04986
312900.0,323.31383751200406,1.9281771502603546,323.3138355526464,1.947371805770585,1.2819240109839812e-08,0.4458475568461551,323.315,0.04986
312960.0,323.3138376980519,1.9281021006632555,323.313835739027,1.9472930060442932,1.2817189163216913e-08,0.44582986090536547,323.315,0.04986
313020.0,323.31383788407027,1.9280270629576384,323.313835925378,1.9472142190467732,1.2815138541519987e-08,0.4458121677957464,323.315,0.04986
313080.0,323.3138380700591,1.9279520371416639,323.31383611169946,1.9471354447759635,1.2813088244698478e-08,0.44579447751684964,323.315,0.04986
313140.0,323.3138382560184,1.9278770232134903,323.31383629799143,1.9470566832298024,1.2811038272702102e-08,0.4457767900682265,323.315,0.04986
313200.0,323.31383844194835,1.9278020211712774,323.31383648425384,1.9469779344062283,1.2808988625480977e-08,0.44575910544942887,323.315,0.04986
313260.0,323.3138386278487,1.9277270310131849,323.31383667048675,1.94689919830318,1.2806939302984566e-08,0.44574142366000813,323.315,0.04986
313320.0,323.3138388137197,1.9276520527373724,323.31383685669016,1.9468204749185969,1.2804890305162864e-08,0.4457237446995162,323.315,0.04986
313380.0,323.31383899956114,1.9275770863420005,323.313837042864,1.9467417642504186,1.280284163196509e-08,0.44570606856750483,323.315,0.04986
313440.0,323.3138391853732,1.92750213182523,323.31383722900836,1.9466630662965845,1.2800793283341627e-08,0.44568839526352605,323.315,0.04986
313500.0,323.3138393711557,1.9274271891852215,323.3138374151232,1.9465843810550354,1.279874525924186e-08,0.44567072478713177,323.315,0.04986
313560.0,323.3138395569088,1.927352258420136,323.3138376012085,1.9465057085237116,1.2796697559615522e-08,0.44565305713787384,323.315,0.04986
313620.0,323.3138397426324,1.9272773395281355,323.3138377872642,1.9464270487005546,1.2794650184412148e-08,0.44563539231530463,323.315,0.04986
313680.0,323.3138399283266,1.9272024325073804,323.31383797329056,1.9463484015835049,1.2792603133582125e-08,0.4456177303189761,323.315,0.04986
313740.0,323.3138401139914,1.9271275373560335,323.31383815928734,1.9462697671705036,1.2790556407075127e-08,0.4456000711484405,323.315,0.04986
313800.0,323.3138402996267,1.9270526540722566,323.3138383452546,1.9461911454594936,1.2788510004840614e-08,0.4455824148032503,323.315,0.04986
313860.0,323.31384048523256,1.9269777826542125,323.31383853119246,1.9461125364484162,1.2786463926828384e-08,0.4455647612829576,323.315,0.04986
313920.0,323.31384067080904,1.9269029231000636,323.3138387171008,1.9460339401352145,1.278441817298882e-08,0.44554711058711505,323.315,0.04986
313980.0,323.31384085635614,1.9268280754079727,323.3138389029796,1.9459553565178314,1.2782372743271287e-08,0.4455294627152751,323.315,0.04986
314040.0,323.3138410418738,1.9267532395761031,323.313839088829,1.9458767855942098,1.2780327637625421e-08,0.4455118176669902,323.315,0.04986
314100.0,323.31384122736205,1.9266784156026184,323.3138392746489,1.9457982273622938,1.2778282856001565e-08,0.44549417544181313,323.315,0.04986
314160.0,323.3138414128209,1.9266036034856815,323.3138394604393,1.9457196818200269,1.2776238398349425e-08,0.4454765360392966,323.315,0.04986
314220.0,323.31384159825035,1.9265288032234573,323.3138396462003,1.9456411489653533,1.2774194264618476e-08,0.44545889945899336,323.315,0.04986
314280.0,323.3138417836504,1.92645401481411,323.3138398319318,1.945562628796218,1.2772150454758857e-08,0.4454412657004562,323.315,0.04986
314340.0,323.31384196902104,1.9263792382558034,323.3138400176338,1.9454841213105654,1.2770106968720184e-08,0.4454236347632381,323.315,0.04986
314400.0,323.3138421543623,1.9263044735467032,323.3138402033064,1.945405626506341,1.2768063806452733e-08,0.445406006646892,323.315,0.04986
314460.0,323.3138423396741,1.9262297206849732,323.3138403889496,1.9453271443814903,1.27660209679059e-08,0.4453883813509711,323.315,0.04986
314520.0,323.31384252495656,1.9261549796687798,323.3138405745633,1.9452486749339593,1.2763978453029888e-08,0.4453707588750283,323.315,0.04986
314580.0,323.3138427102096,1.9260802504962884,323.3138407601476,1.945170218161694,1.2761936261774498e-08,0.44535313921861697,323.315,0.04986
314640.0,323.31384289543325,1.926005533165665,323.3138409457025,1.945091774062641,1.2759894394089754e-08,0.4453355223812903,323.315,0.04986
314700.0,323.31384308062763,1.9259308276750753,323.31384113122795,1.9450133426347473,1.2757852849925555e-08,0.44531790836260177,323.315,0.04986
314760.0,323.3138432657926,1.9258561340226863,323.313841316724,1.94493492387596,1.275581162923165e-08,0.44530029716210445,323.315,0.04986
314820.0,323.3138434509283,1.9257814522066643,323.3138415021906,1.9448565177842263,1.2753770731958157e-08,0.44528268877935206,323.315,0.04986
314880.0,323.31384363603456,1.925706782225176,323.31384168762776,1.9447781243574949,1.275173015805474e-08,0.4452650832138982,323.315,0.04986
314940.0,323.31384382111156,1.9256321240763894,323.3138418730356,1.944699743593714,1.2749689907471872e-08,0.44524748046529633,323.315,0.04986
315000.0,323.3138440061592,1.9255574777584719,323.31384205841397,1.9446213754908315,1.2747649980158647e-08,0.4452298805331003,323.315,0.04986
315060.0,323.31384419117745,1.9254828432695903,323.31384224376296,1.944543020046797,1.274561037606564e-08,0.4452122834168637,323.315,0.04986
315120.0,323.31384437616646,1.9254082206079133,323.31384242908257,1.9444646772595595,1.2743571095142991e-08,0.44519468911614035,323.315,0.04986
315180.0,323.31384456112613,1.9253336097716094,323.3138426143728,1.944386347127069,1.2741532137340116e-08,0.44517709763048424,323.315,0.04986
315240.0,323.3138447460564,1.9252590107588463,323.3138427996336,1.9443080296472752,1.2739493502606836e-08,0.4451595089594493,323.315,0.04986
315300.0,323.3138449309574,1.9251844235677935,323.31384298486506,1.9442297248181286,1.2737455190893909e-08,0.4451419231025896,323.315,0.04986
315360.0,323.313845115829,1.92510984819662,323.3138431700672,1.9441514326375797,1.2735417202150523e-08,0.44512434005945906,323.315,0.04986
315420.0,323.3138453006713,1.9250352846434944,323.31384335523995,1.9440731531035795,1.2733379536326961e-08,0.445106759829612,323.315,0.04986
315480.0,323.3138454854843,1.9249607329065892,323.31384354038335,1.943994886214082,1.2731342193373284e-08,0.4450891824126032,323.315,0.04986
315540.0,323.313845670268,1.9248861929840726,323.31384372549735,1.9439166319670365,1.2729305173239702e-08,0.44507160780798655,323.315,0.04986
315600.0,323.3138458550224,1.9248116648741131,323.31384391058197,1.943838390360393,1.272726847587593e-08,0.44505403601531585,323.315,0.04986
315660.0,323.31384603974755,1.9247371485748794,323.3138440956372,1.9437601613921025,1.2725232101232075e-08,0.4450364670341455,323.315,0.04986
315720.0,323.3138462244434,1.9246626440845414,323.3138442806631,1.9436819450601155,1.2723196049258288e-08,0.4450189008640294,323.315,0.04986
315780.0,323.31384640910994,1.9245881514012786,323.31384446565966,1.943603741362396,1.2721160319904335e-08,0.44500133750452453,323.315,0.04986
315840.0,323.3138465937472,1.9245136705232602,323.3138446506269,1.9435255502968947,1.2719124913120515e-08,0.4449837769551849,323.315,0.04986
315900.0,323.3138467783552,1.9244392014486547,323.3138448355648,1.9434473718615608,1.2717089828856764e-08,0.4449662192155645,323.315,0.04986
315960.0,323.31384696293395,1.9243647441756315,323.31384502047337,1.9433692060543464,1.2715055067063262e-08,0.44494866428521745,323.315,0.04986
316020.0,323.3138471474834,1.924290298702362,323.31384520535266,1.9432910528732041,1.2713020627689885e-08,0.4449311121636986,323.315,0.04986
316080.0,323.3138473320036,1.9242158650270254,323.3138453902026,1.943212912316099,1.271098651068666e-08,0.44491356285056477,323.315,0.04986
316140.0,323.3138475164946,1.9241414431477937,323.3138455750232,1.943134784380983,1.2708952716004406e-08,0.44489601634537035,323.315,0.04986
316200.0,323.3138477009563,1.924067033062835,323.31384575981457,1.9430566690658075,1.2706919243592129e-08,0.4448784726476696,323.315,0.04986
316260.0,323.3138478853887,1.9239926347703218,323.3138459445766,1.9429785663685262,1.2704886093400747e-08,0.44486093175701735,323.315,0.04986
316320.0,323.31384806979196,1.9239182482684258,323.31384612930935,1.9429004762870932,1.2702853265379721e-08,0.4448433936729682,323.315,0.04986
316380.0,323.313848254166,1.9238438735553287,323.31384631401284,1.9428223988194753,1.2700820759479591e-08,0.44482585839507993,323.315,0.04986
316440.0,323.3138484385107,1.923769510629202,323.3138464986869,1.9427443339636266,1.2698788575650265e-08,0.444808325922907,323.315,0.04986
316500.0,323.31384862282624,1.9236951594882163,323.3138466833318,1.9426662817174996,1.2696756713841949e-08,0.44479079625600393,323.315,0.04986
316560.0,323.3138488071125,1.9236208201305454,323.31384686794735,1.9425882420790497,1.2694725174004528e-08,0.4447732693939261,323.315,0.04986
316620.0,323.3138489913695,1.9235464925543617,323.31384705253356,1.9425102150462328,1.2692693956088507e-08,0.4447557453362284,323.315,0.04986
316680.0,323.3138491755974,1.923472176757849,323.31384723709056,1.9424322006170174,1.2690663060043771e-08,0.4447382240824686,323.315,0.04986
316740.0,323.313849359796,1.92339787273918,323.3138474216183,1.942354198789359,1.2688632485820638e-08,0.4447207056322022,323.315,0.04986
316800.0,323.31384954396543,1.9233235804965276,323.3138476061168,1.942276209561212,1.268660223336957e-08,0.44470318998498365,323.315,0.04986
316860.0,323.31384972810565,1.9232493000280648,323.31384779058595,1.9421982329305336,1.268457230264024e-08,0.4446856771403685,323.315,0.04986
316920.0,323.31384991221665,1.9231750313319673,323.3138479750259,1.9421202688952812,1.2682542693582443e-08,0.44466816709791246,323.315,0.04986
316980.0,323.3138500962985,1.9231007744064197,323.3138481594366,1.9420423174534251,1.2680513406147631e-08,0.44465065985717345,323.315,0.04986
317040.0,323.3138502803511,1.9230265292495958,323.31384834381805,1.9419643786029228,1.2678484440284942e-08,0.44463315541770704,323.315,0.04986
317100.0,323.3138504643746,1.9229522958596692,323.3138485281703,1.94188645234173,1.267645579594504e-08,0.4446156537790685,323.315,0.04986
317160.0,323.3138506483689,1.922878074234816,323.31384871249327,1.9418085386678057,1.2674427473077609e-08,0.44459815494081334,323.315,0.04986
317220.0,323.31385083233397,1.9228038643732117,323.313848896787,1.941730637579109,1.2672399471633389e-08,0.4445806589024978,323.315,0.04986
317280.0,323.3138510162699,1.922729666273042,323.31384908105156,1.941652749073612,1.2670371791562395e-08,0.4445631656636801,323.315,0.04986
317340.0,323.31385120017666,1.9226554799324833,323.3138492652869,1.9415748731492735,1.266834443281508e-08,0.4445456752239162,323.315,0.04986
317400.0,323.31385138405426,1.92258130534971,323.3138494494929,1.9414970098040512,1.2666317395341341e-08,0.4445281875827616,323.315,0.04986
317460.0,323.31385156790276,1.9225071425228992,323.3138496336698,1.9414191590359056,1.2664290679091804e-08,0.4445107027397724,323.315,0.04986
317520.0,323.31385175172204,1.9224329914502278,323.3138498178174,1.9413413208427979,1.2662264284016056e-08,0.4444932206945048,323.315,0.04986
317580.0,323.31385193551216,1.9223588521298836,323.31385000193586,1.941263495222701,1.266023821006491e-08,0.44447574144651775,323.315,0.04986
317640.0,323.3138521192732,1.9222847245600434,323.3138501860251,1.941185682173576,1.26582124571884e-08,0.4444582649953672,323.315,0.04986
317700.0,323.31385230300504,1.922210608738883,323.3138503700851,1.941107881693382,1.2656187025337129e-08,0.4444407913406092,323.315,0.04986
317760.0,323.3138524867078,1.9221365046645809,323.31385055411596,1.9410300937800815,1.2654161914461093e-08,0.44442332048180033,323.315,0.04986
317820.0,323.3138526703814,1.922062412335316,323.31385073811765,1.9409523184316366,1.2652137124510275e-08,0.44440585241849684,323.315,0.04986
317880.0,323.3138528540258,1.9219883317492745,323.3138509220901,1.9408745556460199,1.265011265543523e-08,0.4443883871502576,323.315,0.04986
317940.0,323.3138530376412,1.921914262904636,323.3138511060334,1.9407968054211957,1.2648088507186727e-08,0.4443709246766393,323.315,0.04986
318000.0,323.3138532212274,1.9218402057995805,323.3138512899475,1.940719067755127,1.2646064679714418e-08,0.44435346499719874,323.315,0.04986
318060.0,323.31385340478454,1.9217661604322878,323.3138514738324,1.9406413426457791,1.2644041172968866e-08,0.444336008111493,323.315,0.04986
318120.0,323.3138535883126,1.9216921268009401,323.3138516576882,1.9405636300911187,1.2642017986900888e-08,0.44431855401907955,323.315,0.04986
318180.0,323.3138537718115,1.9216181049037182,323.3138518415148,1.9404859300891109,1.263999512145978e-08,0.44430110271951534,323.315,0.04986
318240.0,323.31385395528133,1.9215440947388043,323.31385202531226,1.9404082426377227,1.2637972576596346e-08,0.444283654212358,323.315,0.04986
318300.0,323.31385413872204,1.9214700963043798,323.31385220908055,1.9403305677349212,1.2635950352261027e-08,0.4442662084971648,323.315,0.04986
318360.0,323.3138543221337,1.9213961095986276,323.31385239281974,1.9402529053786732,1.2633928448404485e-08,0.44424876557349335,323.315,0.04986
318420.0,323.3138545055162,1.92132213461973,323.31385257652977,1.9401752555669465,1.2631906864976172e-08,0.4442313254409012,323.315,0.04986
318480.0,323.3138546888697,1.9212481713658707,323.3138527602107,1.9400976182977094,1.262988560192726e-08,0.44421388809894613,323.315,0.04986
318540.0,323.3138548721941,1.9211742198352324,323.31385294386246,1.9400199935689302,1.2627864659207931e-08,0.444196453547186,323.315,0.04986
318600.0,323.3138550554894,1.9211002800259984,323.3138531274851,1.9399423813785777,1.2625844036768241e-08,0.4441790217851784,323.315,0.04986
318660.0,323.31385523875565,1.9210263519363528,323.3138533110786,1.9398647817246204,1.2623823734559013e-08,0.4441615928124813,323.315,0.04986
318720.0,323.31385542199286,1.9209524355644794,323.31385349464307,1.9397871946050282,1.2621803752530458e-08,0.44414416662865275,323.315,0.04986
318780.0,323.313855605201,1.920878530908563,323.3138536781784,1.9397096200177701,1.2619784090632835e-08,0.4441267432332507,323.315,0.04986
318840.0,323.3138557883801,1.9208046379667874,323.3138538616846,1.9396320579608168,1.261776474881685e-08,0.44410932262583325,323.315,0.04986
318900.0,323.31385597153013,1.920730756737338,323.31385404516163,1.9395545084321384,1.2615745727032445e-08,0.44409190480595856,323.315,0.04986
318960.0,323.3138561546511,1.9206568872183998,323.3138542286096,1.9394769714297055,1.2613727025230291e-08,0.4440744897731848,323.315,0.04986
319020.0,323.313856337743,1.9205830294081578,323.31385441202843,1.9393994469514895,1.261170864336123e-08,0.44405707752707047,323.315,0.04986
319080.0,323.3138565208059,1.920509183304798,323.3138545954181,1.939321934995461,1.2609690581374888e-08,0.44403966806717377,323.315,0.04986
319140.0,323.3138567038398,1.9204353489065058,323.31385477877876,1.9392444355595921,1.260767283922266e-08,0.44402226139305306,323.315,0.04986
319200.0,323.31385688684463,1.920361526211468,323.3138549621103,1.9391669486418548,1.2605655416854088e-08,0.44400485750426694,323.315,0.04986
319260.0,323.3138570698205,1.9202877152178703,323.31385514541284,1.9390894742402216,1.2603638314220244e-08,0.44398745640037407,323.315,0.04986
319320.0,323.3138572527673,1.9202139159238993,323.31385532868626,1.9390120123526648,1.2601621531271523e-08,0.44397005808093293,323.315,0.04986
319380.0,323.3138574356851,1.9201401283277444,323.3138555119306,1.9389345629771602,1.259960506795784e-08,0.44395266254550275,323.315,0.04986
319440.0,323.31385761857393,1.9200663524275914,323.3138556951459,1.9388571261116787,1.259758892423045e-08,0.443935269793642,323.315,0.04986
319500.0,323.3138578014337,1.9199925882216253,323.31385587833216,1.9387797017541921,1.2595573100039392e-08,0.44391787982490905,323.315,0.04986
319560.0,323.3138579842645,1.919918835708033,323.31385606148933,1.938702289902673,1.2593557595335136e-08,0.4439004926388625,323.315,0.04986
319620.0,323.31385816706626,1.9198450948850012,323.31385624461745,1.9386248905550933,1.2591542410068235e-08,0.4438831082350609,323.315,0.04986
319680.0,323.31385834983905,1.919771365750726,323.3138564277166,1.938547503709439,1.2589527544189205e-08,0.4438657266130655,323.315,0.04986
319740.0,323.31385853258286,1.9196976483033947,323.3138566107866,1.9384701293636821,1.2587512997648863e-08,0.4438483477724351,323.315,0.04986
319800.0,323.3138587152977,1.9196239425411927,323.3138567938276,1.9383927675157937,1.2585498770397529e-08,0.44383097171272773,323.315,0.04986
319860.0,323.3138588979836,1.9195502484623068,323.3138569768396,1.9383154181637474,1.2583484862385474e-08,0.4438135984335024,323.315,0.04986
319920.0,323.3138590806405,1.9194765660649256,323.3138571598225,1.9382380813055178,1.2581471273563238e-08,0.443796227934318,323.315,0.04986
319980.0,323.3138592632684,1.9194028953472464,323.3138573427764,1.9381607569390906,1.2579458003881826e-08,0.44377886021473606,323.315,0.04986
320040.0,323.3138594458674,1.9193292363074566,323.3138575257013,1.9380834450624407,1.2577445053292024e-08,0.44376149527431547,323.315,0.04986
320100.0,323.3138596284374,1.9192555889437428,323.31385770859714,1.9380061456735398,1.2575432421743381e-08,0.44374413311261485,323.315,0.04986
320160.0,323.31385981097844,1.919181953254295,323.31385789146395,1.9379288587703642,1.2573420109186694e-08,0.44372677372919345,323.315,0.04986
320220.0,323.31385999349055,1.9191083292373015,323.31385807430183,1.9378515843508894,1.2571408115573101e-08,0.4437094171236105,323.315,0.04986
320280.0,323.3138601759737,1.9190347168909612,323.31385825711067,1.9377743224131037,1.2569396440852853e-08,0.44369206329542793,323.315,0.04986
320340.0,323.31386035842786,1.9189611162134637,323.3138584398905,1.9376970729549823,1.2567385084976678e-08,0.44367471224420485,323.315,0.04986
320400.0,323.3138605408531,1.9188875272029966,323.3138586226414,1.9376198359744998,1.2565374047895038e-08,0.4436573639695004,323.315,0.04986
320460.0,323.3138607232495,1.9188139498577503,323.3138588053633,1.9375426114696335,1.2563363329558518e-08,0.44364001847087403,323.315,0.04986
320520.0,323.3138609056169,1.9187403841759147,323.31385898805615,1.9374653994383604,1.2561352929917623e-08,0.44362267574788544,323.315,0.04986
320580.0,323.31386108795533,1.9186668301556913,323.3138591707201,1.9373881998786708,1.255934284892336e-08,0.4436053358000968,323.315,0.04986
320640.0,323.3138612702649,1.9185932877952694,323.313859353355,1.9373110127885418,1.2557333086526023e-08,0.4435879986270677,323.315,0.04986
320700.0,323.3138614525456,1.9185197570928394,323.31385953596094,1.9372338381659493,1.2555323642676352e-08,0.4435706642283574,323.315,0.04986
320760.0,323.3138616347974,1.918446238046592,323.3138597185379,1.937156676008872,1.2553314517325052e-08,0.4435533326035259,323.315,0.04986
320820.0,323.3138618170202,1.9183727306547191,323.3138599010859,1.9370795263152893,1.2551305710422278e-08,0.44353600375213326,323.315,0.04986
320880.0,323.3138619992142,1.9182992349154229,323.31386008360494,1.9370023890831929,1.2549297221919786e-08,0.4435186776737418,323.315,0.04986
320940.0,323.31386218137925,1.918225750826895,323.31386026609505,1.9369252643105614,1.2547289051767018e-08,0.4435013543679116,323.315,0.04986
321000.0,323.3138623635154,1.9181522783873257,323.3138604485562,1.9368481519953726,1.2545281199915291e-08,0.4434840338342023,323.315,0.04986
321060.0,323.31386254562267,1.9180788175949086,323.3138606309885,1.936771052135607,1.2543273666314924e-08,0.44346671607217414,323.315,0.04986
321120.0,323.31386272770106,1.9180053684478362,323.3138608133918,1.936693964729245,1.2541266450917088e-08,0.44344940108138736,323.315,0.04986
321180.0,323.3138629097506,1.9179319309443117,323.3138609957661,1.9366168897742804,1.253925955367201e-08,0.4434320888614051,323.315,0.04986
321240.0,323.31386309177117,1.9178585050825285,323.31386117811155,1.9365398272686933,1.25372529745308e-08,0.44341477941178736,323.315,0.04986
321300.0,323.31386327376293,1.917785090860678,323.31386136042806,1.9364627772104632,1.2535246713443826e-08,0.44339747273209434,323.315,0.04986
321360.0,323.3138634557258,1.9177116882769547,323.31386154271564,1.9363857395975725,1.2533240770361686e-08,0.4433801688218864,323.315,0.04986
321420.0,323.31386363765984,1.9176382973295536,323.3138617249743,1.9363087144280031,1.2531235145235353e-08,0.44336286768072447,323.315,0.04986
321480.0,323.31386381956503,1.9175649180166783,323.313861907204,1.9362317016997501,1.2529229838015664e-08,0.44334556930817154,323.315,0.04986
321540.0,323.31386400144135,1.9174915503365235,323.3138620894048,1.9361547014107958,1.2527224848653239e-08,0.4433282737037884,323.315,0.04986
321600.0,323.31386418328884,1.9174181942872819,323.3138622715767,1.9360777135591212,1.2525220177098817e-08,0.4433109808671352,323.315,0.04986
321660.0,323.31386436510746,1.91734484986715,323.3138624537197,1.93600073814271,1.252321582330278e-08,0.4432936907977732,323.315,0.04986
321720.0,323.3138645468973,1.9172715170743229,323.3138626358338,1.9359237751595462,1.2521211787216646e-08,0.44327640349526304,323.315,0.04986
321780.0,323.31386472865825,1.9171981959070044,323.313862817919,1.9358468246076235,1.2519208068790144e-08,0.4432591189591679,323.315,0.04986
321840.0,323.3138649103904,1.9171248863633914,323.31386299997536,1.935769886484928,1.251720466797509e-08,0.4432418371890491,323.315,0.04986
321900.0,323.31386509209375,1.917051588441681,323.3138631820028,1.9356929607894442,1.2515201584721913e-08,0.4432245581844678,323.315,0.04986
321960.0,323.3138652737683,1.9169783021400701,323.31386336400146,1.9356160475191588,1.2513198818981141e-08,0.4432072819449855,323.315,0.04986
322020.0,323.313865455414,1.916905027456758,323.31386354597123,1.93553914667206,1.2511196370703503e-08,0.44319000847016404,323.315,0.04986
322080.0,323.31386563703086,1.916831764389943,323.3138637279121,1.9354622582461345,1.250919423983996e-08,0.4431727377595649,323.315,0.04986
322140.0,323.313865818619,1.916758512937824,323.3138639098241,1.9353853822393705,1.2507192426341806e-08,0.4431554698127501,323.315,0.04986
322200.0,323.3138660001782,1.9166852730986004,323.3138640917072,1.9353085186497565,1.250519093015897e-08,0.44313820462928144,323.315,0.04986
322260.0,323.3138661817087,1.916612044870471,323.3138642735615,1.9352316674752812,1.2503189751242759e-08,0.44312094220872084,323.315,0.04986
322320.0,323.31386636321037,1.9165388282516367,323.3138644553869,1.9351548287139335,1.2501188889543712e-08,0.4431036825506304,323.315,0.04986
322380.0,323.3138665446832,1.9164656232402977,323.3138646371835,1.9350780023637035,1.2499188345012923e-08,0.4430864256545723,323.315,0.04986
322440.0,323.3138667261273,1.9163924298346537,323.31386481895123,1.9350011884225808,1.2497188117601432e-08,0.4430691715201086,323.315,0.04986
322500.0,323.3138669075426,1.9163192480329059,323.31386500069016,1.934924386888556,1.2495188207259543e-08,0.4430519201468017,323.315,0.04986
322560.0,323.31386708892916,1.916246077833255,323.3138651824002,1.934847597759619,1.2493188613938743e-08,0.4430346715342139,323.315,0.04986
322620.0,323.31386727028695,1.9161729192339028,323.3138653640815,1.9347708210337604,1.2491189337589415e-08,0.4430174256819074,323.315,0.04986
322680.0,323.313867451616,1.9160997722330495,323.31386554573396,1.934694056708972,1.2489190378162395e-08,0.44300018258944485,323.315,0.04986
322740.0,323.3138676329162,1.9160266368288976,323.31386572735755,1.9346173047832451,1.2487191735608737e-08,0.4429829422563888,323.315,0.04986
322800.0,323.3138678141877,1.915953513019649,323.3138659089523,1.9345405652545715,1.2485193409879625e-08,0.4429657046823017,323.315,0.04986
322860.0,323.3138679954304,1.915880400803506,323.3138660905183,1.9344638381209434,1.2483195400925428e-08,0.4429484698667462,323.315,0.04986
322920.0,323.3138681766444,1.9158073001786708,323.31386627205535,1.9343871233803533,1.2481197708697044e-08,0.44293123780928517,323.315,0.04986
322980.0,323.3138683578297,1.9157342111433469,323.3138664535637,1.934310421030794,1.2479200333145911e-08,0.44291400850948137,323.315,0.04986
323040.0,323.3138685389862,1.9156611336957359,323.31386663504327,1.9342337310702578,1.2477203274222625e-08,0.4428967819668975,323.315,0.04986
323100.0,323.31386872011393,1.915588067834042,323.31386681649406,1.934157053496739,1.2475206531877935e-08,0.44287955818109664,323.315,0.04986
323160.0,323.31386890121297,1.915515013556469,323.3138669979161,1.9340803883082307,1.2473210106062949e-08,0.4428623371516417,323.315,0.04986
323220.0,323.3138690822833,1.9154419708612198,323.31386717930934,1.9340037355027273,1.2471213996728458e-08,0.4428451188780958,323.315,0.04986
323280.0,323.3138692633249,1.915368939746501,323.31386736067384,1.9339270950782257,1.2469218203825804e-08,0.4428279033600225,323.315,0.04986
323340.0,323.3138694443378,1.9152959202105158,323.3138675420095,1.9338504670327186,1.2467222727305538e-08,0.4428106905969847,323.315,0.04986
323400.0,323.31386962532196,1.9152229122514663,323.3138677233164,1.933773851364199,1.246522756711873e-08,0.4427934805885452,323.315,0.04986
323460.0,323.31386980627735,1.9151499158675565,323.31386790459453,1.9336972480706607,1.2463232723216222e-08,0.4427762733342669,323.315,0.04986
323520.0,323.3138699872041,1.9150769310569902,323.31386808584386,1.9336206571500976,1.2461238195549007e-08,0.4427590688337131,323.315,0.04986
323580.0,323.31387016810214,1.9150039578179814,323.31386826706444,1.9335440786005165,1.245924398406829e-08,0.44274186708644914,323.315,0.04986
323640.0,323.31387034897153,1.9149309961487333,323.3138684482563,1.9334675124199114,1.2457250088725069e-08,0.44272466809203825,323.315,0.04986
323700.0,323.31387052981216,1.9148580460474487,323.3138686294194,1.9333909586062747,1.245525650947018e-08,0.44270747185004317,323.315,0.04986
323760.0,323.31387071062414,1.9147851075123326,323.3138688105538,1.9333144171576016,1.245326324625432e-08,0.4426902783600271,323.315,0.04986
323820.0,323.3138708914075,1.9147121805415894,323.31386899165943,1.9332378880718875,1.245127029902896e-08,0.4426730876215534,323.315,0.04986
323880.0,323.3138710721621,1.9146392651334336,323.31386917273636,1.9331613713471398,1.2449277667744984e-08,0.44265589963418794,323.315,0.04986
323940.0,323.313871252888,1.914566361286071,323.31386935378447,1.9330848669813545,1.2447285352353464e-08,0.44263871439749414,323.315,0.04986
324000.0,323.31387143358535,1.9144934689977045,323.3138695348039,1.9330083749725255,1.2445293352805398e-08,0.4426215319110349,323.315,0.04986
324060.0,323.3138716142539,1.9144205882665406,323.3138697157946,1.9329318953186496,1.2443301669051576e-08,0.44260435217437405,323.315,0.04986
324120.0,323.3138717948939,1.914347719090785,323.31386989675656,1.9328554280177241,1.2441310301042795e-08,0.44258717518707524,323.315,0.04986
324180.0,323.3138719755052,1.9142748614686544,323.31387007768984,1.9327789730677585,1.243931924873114e-08,0.4425700009487045,323.315,0.04986
324240.0,323.3138721560879,1.9142020153983554,323.3138702585944,1.9327025304667493,1.2437328512066958e-08,0.4425528294588259,323.315,0.04986
324300.0,323.3138723366419,1.914129180878092,323.3138704394703,1.9326261002126925,1.2435338091001357e-08,0.4425356607170025,323.315,0.04986
324360.0,323.3138725171673,1.9140563579060723,323.3138706203175,1.9325496823035866,1.2433347985485488e-08,0.44251849472279825,323.315,0.04986
324420.0,323.313872697664,1.9139835464805035,323.31387080113603,1.9324732767374304,1.243135819547011e-08,0.44250133147577747,323.315,0.04986
324480.0,323.31387287813214,1.9139107465996035,323.31387098192585,1.9323968835122352,1.2429368720906985e-08,0.44248417097550663,323.315,0.04986
324540.0,323.3138730585716,1.9138379582615794,323.31387116268695,1.9323205026259995,1.2427379561746443e-08,0.44246701322154963,323.315,0.04986
324600.0,323.3138732389824,1.9137651814646381,323.3138713434194,1.9322441340767207,1.2425390717939833e-08,0.4424498582134704,323.315,0.04986
324660.0,323.31387341936465,1.9136924162069882,323.31387152412316,1.932167777862399,1.2423402189438592e-08,0.4424327059508331,323.315,0.04986
324720.0,323.3138735997182,1.913619662486838,323.3138717047982,1.9320914339810344,1.242141397619334e-08,0.4424155564332022,323.315,0.04986
324780.0,323.3138737800432,1.913546920302407,323.31387188544466,1.9320151024306407,1.2419426078155615e-08,0.44239840966014454,323.315,0.04986
324840.0,323.31387396033955,1.9134741896519039,323.3138720660624,1.9319387832092179,1.2417438495276377e-08,0.44238126563122454,323.315,0.04986
324900.0,323.31387414060737,1.913401470533536,323.3138722466515,1.9318624763147645,1.2415451227507212e-08,0.4423641243460064,323.315,0.04986
324960.0,323.31387432084654,1.9133287629455138,323.31387242721195,1.931786181745283,1.241346427479809e-08,0.4423469858040545,323.315,0.04986
325020.0,323.3138745010571,1.913256066886047,323.31387260774375,1.931709899498775,1.2411477637100954e-08,0.4423298500049338,323.315,0.04986
325080.0,323.3138746812391,1.9131833823533566,323.3138727882469,1.9316336295732552,1.2409491314367049e-08,0.4423127169482114,323.315,0.04986
325140.0,323.31387486139255,1.913110709345652,323.3138729687214,1.9315573719667256,1.240750530654785e-08,0.4422955866334522,323.315,0.04986
325200.0,323.3138750415174,1.9130380478611424,323.3138731491673,1.9314811266771865,1.2405519613593695e-08,0.44227845906022045,323.315,0.04986
325260.0,323.31387522161367,1.9129653978980392,323.3138733295845,1.9314048937026416,1.2403534235455737e-08,0.44226133422808117,323.315,0.04986
325320.0,323.3138754016814,1.9128927594545537,323.3138735099731,1.9313286730410946,1.2401549172085967e-08,0.4422442121365994,323.315,0.04986
325380.0,323.3138755817206,1.9128201325289083,323.31387369033314,1.9312524646905613,1.2399564423435139e-08,0.4422270927853429,323.315,0.04986
325440.0,323.3138757617312,1.9127475171193131,323.3138738706645,1.9311762686490457,1.239757998945441e-08,0.4422099761738765,323.315,0.04986
325500.0,323.3138759417132,1.912674913223979,323.3138740509673,1.9311000849145497,1.2395595870095099e-08,0.44219286230176497,323.315,0.04986
325560.0,323.3138761216667,1.9126023208411191,323.3138742312414,1.9310239134850786,1.2393612065308001e-08,0.4421757511685737,323.315,0.04986
325620.0,323.3138763015916,1.9125297399689454,323.313874411487,1.9309477543586375,1.239162857504492e-08,0.4421586427738681,323.315,0.04986
325680.0,323.313876481488,1.9124571706056788,323.313874591704,1.9308716075332415,1.2389645399256776e-08,0.44214153711721565,323.315,0.04986
325740.0,323.31387666135583,1.912384612749534,323.31387477189236,1.9307954730068981,1.2387662537894906e-08,0.4421244341981819,323.315,0.04986
325800.0,323.3138768411951,1.9123120663987239,323.3138749520521,1.9307193507776128,1.2385679990910347e-08,0.4421073340163325,323.315,0.04986
325860.0,323.31387702100585,1.9122395315514638,323.3138751321833,1.930643240843394,1.2383697758254497e-08,0.44209023657123336,323.315,0.04986
325920.0,323.3138772007881,1.912167008205969,323.31387531228586,1.9305671432022504,1.2381715839878925e-08,0.4420731418624506,323.315,0.04986
325980.0,323.3138773805418,1.9120944963604551,323.31387549235984,1.9304910578521908,1.2379734235734196e-08,0.44205604988955033,323.315,0.04986
326040.0,323.313877560267,1.9120219960131388,323.3138756724053,1.9304149847912246,1.2377752945772113e-08,0.44203896065209886,323.315,0.04986
326100.0,323.31387773996363,1.9119495071622352,323.3138758524221,1.9303389240173612,1.2375771969943682e-08,0.44202187414966226,323.315,0.04986
326160.0,323.3138779196318,1.9118770298059622,323.3138760324104,1.9302628755286106,1.2373791308200565e-08,0.44200479038180696,323.315,0.04986
326220.0,323.3138780992715,1.9118045639425354,323.31387621237013,1.9301868393229833,1.2371810960493711e-08,0.44198770934809933,323.315,0.04986
326280.0,323.31387827888267,1.9117321095701731,323.31387639230127,1.9301108153984905,1.2369830926774394e-08,0.44197063104810613,323.315,0.04986
326340.0,323.31387845846535,1.9116596666870924,323.3138765722039,1.930034803753143,1.2367851206994207e-08,0.4419535554813938,323.315,0.04986
326400.0,323.3138786380196,1.911587235291511,323.313876752078,1.9299588043849518,1.2365871801104521e-08,0.44193648264752894,323.315,0.04986
326460.0,323.31387881754534,1.9115148153816466,323.3138769319236,1.9298828172919291,1.2363892709055879e-08,0.44191941254607825,323.315,0.04986
326520.0,323.3138789970426,1.911442406955718,323.3138771117406,1.929806842472087,1.2361913930800693e-08,0.44190234517660865,323.315,0.04986
326580.0,323.31387917651136,1.9113700100119426,323.31387729152914,1.9297308799234374,1.2359935466289385e-08,0.4418852805386868,323.315,0.04986
326640.0,323.31387935595166,1.9112976245485407,323.3138774712891,1.9296549296439933,1.2357957315473854e-08,0.44186821863187975,323.315,0.04986
326700.0,323.31387953536347,1.9112252505637297,323.31387765102056,1.9295789916317678,1.2355979478304978e-08,0.4418511594557545,323.315,0.04986
326760.0,323.3138797147468,1.9111528880557298,323.3138778307234,1.9295030658847745,1.235400195473454e-08,0.44183410300987785,323.315,0.04986
326820.0,323.3138798941017,1.9110805370227606,323.3138780103978,1.9294271524010267,1.235202474471353e-08,0.44181704929381727,323.315,0.04986
326880.0,323.3138800734281,1.9110081974630417,323.3138781900437,1.9293512511785385,1.2350047848193822e-08,0.4417999983071396,323.315,0.04986
326940.0,323.31388025272605,1.9109358693747929,323.31387836966104,1.929275362215324,1.2348071265126359e-08,0.44178295004941237,323.315,0.04986
327000.0,323.3138804319956,1.9108635527562345,323.3138785492499,1.929199485509398,1.2346094995462652e-08,0.44176590452020253,323.315,0.04986
327060.0,323.31388061123664,1.9107912476055877,323.31387872881027,1.9291236210587752,1.2344119039153767e-08,0.4417488617190778,323.315,0.04986
327120.0,323.3138807904493,1.9107189539210725,323.31387890834213,1.9290477688614713,1.2342143396151694e-08,0.44173182164560537,323.315,0.04986
327180.0,323.3138809696335,1.910646671700912,323.31387908784546,1.9289719289155043,1.2340168066407819e-08,0.44171478429935346,323.315,0.04986
327240.0,323.3138811487893,1.910574400943327,323.3138792673204,1.9288961012188877,1.2338193049873525e-08,0.4416977496798892,323.315,0.04986
327300.0,323.3138813279166,1.910502141646536,323.3138794467668,1.9288202857696362,1.2336218346499517e-08,0.44168071778677975,323.315,0.04986
327360.0,323.31388150701554,1.9104298938087605,323.31387962618476,1.9287444825657645,1.2334243956237933e-08,0.44166368861959254,323.315,0.04986
327420.0,323.3138816860861,1.9103576574282206,323.31387980557423,1.9286686916052878,1.2332269879039914e-08,0.4416466621778949,323.315,0.04986
327480.0,323.3138818651282,1.910285432503148,323.3138799849352,1.928592912886234,1.2330296114857086e-08,0.441629638461257,323.315,0.04986
327540.0,323.3138820441419,1.910213219031763,323.3138801642678,1.9285171464066182,1.2328322663640811e-08,0.44161261746924624,323.315,0.04986
327600.0,323.3138822231272,1.9101410170122848,323.3138803435719,1.9284413921644536,1.2326349525342306e-08,0.44159559920142955,323.315,0.04986
327660.0,323.3138824020841,1.9100688264429353,323.3138805228475,1.9283656501577573,1.2324376699913609e-08,0.44157858365737473,323.315,0.04986
327720.0,323.31388258101265,1.909996647321937,323.3138807020947,1.9282899203845454,1.2322404187305535e-08,0.4415615708366496,323.315,0.04986
327780.0,323.31388275991276,1.9099244796475205,323.3138808813134,1.9282142028428468,1.2320431987469838e-08,0.4415445607388242,323.315,0.04986
327840.0,323.3138829387845,1.9098523234179083,323.3138810605037,1.9281384975306783,1.2318460100358142e-08,0.44152755336346633,323.315,0.04986
327900.0,323.3138831176279,1.9097801786313209,323.3138812396656,1.928062804446055,1.2316488525922142e-08,0.4415105487101435,323.315,0.04986
327960.0,323.31388329644284,1.9097080452859818,323.313881418799,1.927987123586995,1.2314517264112512e-08,0.4414935467784236,323.315,0.04986
328020.0,323.3138834752295,1.9096359233801135,323.313881597904,1.9279114549515166,1.2312546314881333e-08,0.44147654756787486,323.315,0.04986
328080.0,323.3138836539878,1.90956381291195,323.31388177698057,1.9278357985376506,1.2310575678180157e-08,0.4414595510780678,323.315,0.04986
328140.0,323.31388383271764,1.909491713879714,323.3138819560287,1.9277601543434149,1.2308605353960578e-08,0.4414425573085703,323.315,0.04986
328200.0,323.3138840114192,1.9094196262816276,323.3138821350484,1.9276845223668262,1.23066353421737e-08,0.44142556625895035,323.315,0.04986
328260.0,323.3138841900923,1.9093475501159154,323.31388231403974,1.9276089026059042,1.2304665642771217e-08,0.44140857792877636,323.315,0.04986
328320.0,323.31388436873715,1.9092754853808014,323.3138824930026,1.9275332950586692,1.2302696255704503e-08,0.44139159231761643,323.315,0.04986
328380.0,323.3138845473536,1.9092034320745204,323.31388267193717,1.9274576997231534,1.2300727180925618e-08,0.44137460942504175,323.315,0.04986
328440.0,323.31388472594176,1.9091313901952973,323.31388285084324,1.9273821165973763,1.2298758418385946e-08,0.4413576292506207,323.315,0.04986
328500.0,323.31388490450155,1.9090593597413545,323.313883029721,1.9273065456793566,1.2296789968036768e-08,0.4413406517939213,323.315,0.04986
328560.0,323.31388508303303,1.9089873407109184,323.31388320857036,1.9272309869671151,1.2294821829829683e-08,0.44132367705451225,323.315,0.04986
328620.0,323.31388526153614,1.9089153331022146,323.31388338739134,1.927155440458674,1.229285400371618e-08,0.44130670503196234,323.315,0.04986
328680.0,323.31388544001095,1.908843336913479,323.31388356618396,1.927079906152067,1.2290886489648333e-08,0.44128973572584296,323.315,0.04986
328740.0,323.31388561845745,1.9087713521429377,323.31388374494816,1.9270043840453153,1.2288919287577593e-08,0.4412727691357226,323.315,0.04986
328800.0,323.31388579687564,1.9086993787888145,323.313883923684,1.9269288741364392,1.2286952397455386e-08,0.4412558052611699,323.315,0.04986
328860.0,323.3138859752655,1.9086274168493373,323.31388410239146,1.9268533764234617,1.2284985819233095e-08,0.4412388441017538,323.315,0.04986
328920.0,323.31388615362715,1.9085554663227327,323.31388428107056,1.9267778909044055,1.2283019552862594e-08,0.4412218856570433,323.315,0.04986
328980.0,323.3138863319604,1.9084835272072382,323.31388445972135,1.9267024175773069,1.2281053598295498e-08,0.44120492992661026,323.315,0.04986
329040.0,323.3138865102654,1.9084115995010804,323.3138846383437,1.9266269564401888,1.227908795548369e-08,0.4411879769100235,323.315,0.04986
329100.0,323.3138866885421,1.908339683202486,323.3138848169378,1.9265515074910724,1.2277122624378654e-08,0.4411710266068518,323.315,0.04986
329160.0,323.3138868667905,1.9082677783096824,323.3138849955035,1.9264760707279827,1.2275157604931263e-08,0.44115407901666476,323.315,0.04986
329220.0,323.3138870450106,1.9081958848208984,323.3138851740409,1.9264006461489445,1.2273192897093953e-08,0.4411371341390316,323.315,0.04986
329280.0,323.3138872232024,1.9081240027343727,323.31388535254996,1.9263252337519945,1.2271228500818409e-08,0.4411201919735243,323.315,0.04986
329340.0,323.31388740136595,1.9080521320483332,323.3138855310306,1.9262498335351577,1.2269264416056058e-08,0.44110325251971233,323.315,0.04986
329400.0,323.3138875795012,1.9079802727610073,323.31388570948303,1.9261744454964573,1.2267300642758504e-08,0.4410863157771647,323.315,0.04986
329460.0,323.31388775760826,1.9079084248706253,323.3138858879071,1.9260990696339197,1.2265337180877645e-08,0.44106938174545113,323.315,0.04986
329520.0,323.31388793568703,1.9078365883754156,323.3138860663028,1.9260237059455712,1.226337403036497e-08,0.4410524504241415,323.315,0.04986
329580.0,323.31388811373756,1.907764763273617,323.31388624467024,1.9259483544294478,1.2261411191172322e-08,0.44103552181280725,323.315,0.04986
329640.0,323.3138882917598,1.9076929495634602,323.31388642300936,1.9258730150835774,1.2259448663251037e-08,0.4410185959110188,323.315,0.04986
329700.0,323.3138884697538,1.9076211472431748,323.3138866013202,1.9257976879059873,1.2257486446553256e-08,0.4410016727183458,323.315,0.04986
329760.0,323.3138886477195,1.907549356310994,323.3138867796027,1.9257223728947066,1.2255524541030638e-08,0.44098475223435873,323.315,0.04986
329820.0,323.313888825657,1.9074775767651495,323.3138869578569,1.925647070047765,1.225356294663461e-08,0.4409678344586281,323.315,0.04986
329880.0,323.31388900356626,1.9074058086038743,323.31388713608277,1.9255717793631928,1.225160166331718e-08,0.4409509193907241,323.315,0.04986
329940.0,323.3138891814473,1.907334051825401,323.3138873142804,1.9254965008390195,1.2249640691029895e-08,0.4409340070302175,323.315,0.04986
330000.0,323.3138893593001,1.9072623064279628,323.3138874924498,1.9254212344732762,1.2247680029724617e-08,0.4409170973766789,323.315,0.04986
330060.0,323.31388953712474,1.9071905724097933,323.3138876705908,1.9253459802639938,1.224571967935295e-08,0.4409001904296789,323.315,0.04986
330120.0,323.3138897149211,1.9071188497691258,323.31388784870364,1.9252707382092038,1.2243759639866969e-08,0.4408832861887883,323.315,0.04986
330180.0,323.31388989268936,1.9070471385041956,323.31388802678816,1.925195508306938,1.2241799911218054e-08,0.440866384653578,323.315,0.04986
330240.0,323.3138900704293,1.906975438613236,323.3138882048445,1.9251202905552294,1.2239840493357845e-08,0.4408494858236192,323.315,0.04986
330300.0,323.3138902481411,1.9069037500944823,323.3138883828725,1.9250450849521092,1.2237881386238924e-08,0.4408325896984825,323.315,0.04986
330360.0,323.31389042582464,1.9068320729461696,323.3138885608723,1.924969891495611,1.2235922589812008e-08,0.44081569627773914,323.315,0.04986
330420.0,323.31389060348,1.9067604071665318,323.3138887388438,1.9248947101837675,1.2233964104029371e-08,0.4407988055609603,323.315,0.04986
330480.0,323.3138907811071,1.9066887527538054,323.31388891678705,1.9248195410146118,1.2232005928842936e-08,0.44078191754771706,323.315,0.04986
330540.0,323.3138909587061,1.9066171097062252,323.3138890947021,1.924744383986178,1.2230048064204624e-08,0.44076503223758057,323.315,0.04986
330600.0,323.3138911362769,1.9065454780220281,323.3138892725889,1.9246692390965001,1.2228090510065813e-08,0.4407481496301224,323.315,0.04986
330660.0,323.31389131381945,1.9064738576994493,323.31388945044745,1.9245941063436125,1.2226133266378757e-08,0.44073126972491383,323.315,0.04986
330720.0,323.3138914913339,1.9064022487367258,323.3138896282777,1.9245189857255498,1.2224176333094915e-08,0.4407143925215263,323.315,0.04986
330780.0,323.3138916688202,1.906330651132094,323.3138898060798,1.9244438772403467,1.2222219710166438e-08,0.4406975180195313,323.315,0.04986
330840.0,323.3138918462783,1.9062590648837907,323.3138899838537,1.9243687808860384,1.2220263397544651e-08,0.44068064621850045,323.315,0.04986
330900.0,323.31389202370826,1.9061874899900535,323.3138901615993,1.9242936966606605,1.2218307395181826e-08,0.4406637771180054,323.315,0.04986
330960.0,323.31389220111004,1.9061159264491194,323.31389033931674,1.9242186245622488,1.2216351703029914e-08,0.44064691071761786,323.315,0.04986
331020.0,323.31389237848373,1.9060443742592263,323.313890517006,1.9241435645888398,1.2214396321040699e-08,0.4406300470169096,323.315,0.04986
331080.0,323.3138925558293,1.905972833418614,323.313890694667,1.9240685167384726,1.2212441249165929e-08,0.44061318601545296,323.315,0.04986
331140.0,323.31389273314664,1.905901303925519,323.31389087229985,1.9239934810091817,1.2210486487357386e-08,0.4405963277128196,323.315,0.04986
331200.0,323.31389291043587,1.9058297857781787,323.31389104990444,1.923918457399003,1.220853203556681e-08,0.44057947210858084,323.315,0.04986
331260.0,323.31389308769695,1.90575827897483,323.3138912274809,1.9238434459059717,1.2206577893746406e-08,0.44056261920230866,323.315,0.04986
331320.0,323.3138932649299,1.905686783513711,323.3138914050291,1.9237684465281244,1.220462406184799e-08,0.4405457689935746,323.315,0.04986
331380.0,323.3138934421347,1.905615299393069,323.31389158254916,1.92369345926351,1.2202670539823457e-08,0.44052892148195316,323.315,0.04986
331440.0,323.31389361931144,1.905543826611142,323.3138917600411,1.9236184841101642,1.2200717327624676e-08,0.4405120766670161,323.315,0.04986
331500.0,323.31389379646,1.9054723651661658,323.3138919375048,1.9235435210661218,1.2198764425203512e-08,0.4404952345483347,323.315,0.04986
331560.0,323.3138939735805,1.9054009150563793,323.3138921149404,1.92346857012942,1.2196811832512011e-08,0.4404783951254812,323.315,0.04986
331620.0,323.3138941506728,1.9053294762800213,323.3138922923478,1.9233936312980968,1.2194859549501879e-08,0.4404615583980275,323.315,0.04986
331680.0,323.31389432773705,1.9052580488353401,323.3138924697271,1.9233187045702012,1.219290757612571e-08,0.44044472436554816,323.315,0.04986
331740.0,323.3138945047732,1.9051866327205746,323.3138926470782,1.9232437899437707,1.2190955912334655e-08,0.44042789302761526,323.315,0.04986
331800.0,323.3138946817813,1.9051152279339623,323.31389282440114,1.9231688874168418,1.2189004558081073e-08,0.44041106438380057,323.315,0.04986
331860.0,323.3138948587612,1.9050438344737435,323.31389300169593,1.9230939969874536,1.2187053513316647e-08,0.4403942384336765,323.315,0.04986
331920.0,323.31389503571313,1.904972452338158,323.31389317896253,1.9230191186536452,1.2185102777993638e-08,0.4403774151768154,323.315,0.04986
331980.0,323.3138952126369,1.9049010815254555,323.31389335620105,1.9229442524134681,1.2183152352063775e-08,0.4403605946127922,323.315,0.04986
332040.0,323.31389538953266,1.9048297220338766,323.31389353341143,1.922869398264961,1.2181202235479416e-08,0.44034377674117936,323.315,0.04986
332100.0,323.3138955664003,1.9047583738616596,323.3138937105937,1.9227945562061617,1.2179252428192054e-08,0.4403269615615488,323.315,0.04986
332160.0,323.31389574323987,1.904687037007046,323.3138938877478,1.922719726235111,1.217730293015411e-08,0.4403101490734732,323.315,0.04986
332220.0,323.31389592005144,1.904615711468277,323.3138940648738,1.9226449083498496,1.2175353741317108e-08,0.44029333927652564,323.315,0.04986
332280.0,323.3138960968349,1.9045443972436038,323.31389424197164,1.922570102548431,1.2173404861633485e-08,0.44027653217028107,323.315,0.04986
332340.0,323.3138962735903,1.9044730943312684,323.31389441904145,1.9224953088288956,1.2171456291054816e-08,0.44025972775431227,323.315,0.04986
332400.0,323.31389645031766,1.9044018027295104,323.3138945960831,1.922420527189283,1.216950802953406e-08,0.4402429260281917,323.315,0.04986
332460.0,323.31389662701696,1.9043305224365725,323.3138947730967,1.922345757627635,1.2167560077021932e-08,0.4402261269914924,323.315,0.04986
332520.0,323.3138968036882,1.9042592534506975,323.31389495008216,1.9222710001419943,1.2165612433471073e-08,0.44020933064378737,323.315,0.04986
332580.0,323.3138969803314,1.9041879957701378,323.31389512703953,1.9221962547304159,1.2163665098833897e-08,0.44019253698465227,323.315,0.04986
332640.0,323.3138971569466,1.9041167493931361,323.3138953039688,1.922121521390942,1.2161718073062022e-08,0.4401757460136602,323.315,0.04986
332700.0,323.31389733353376,1.9040455143179345,323.31389548087003,1.922046800121613,1.2159771356107806e-08,0.4401589577303838,323.315,0.04986
332760.0,323.3138975100929,1.9039742905427754,323.3138956577432,1.9219720909204736,1.215782494792299e-08,0.4401421721343966,323.315,0.04986
332820.0,323.313897686624,1.903903078065904,323.31389583458827,1.9218973937855672,1.2155878848459366e-08,0.4401253892252718,323.315,0.04986
332880.0,323.31389786312707,1.9038318768855738,323.31389601140523,1.9218227087149504,1.2153933057669619e-08,0.44010860900258547,323.315,0.04986
332940.0,323.3138980396021,1.9037606870000285,323.3138961881942,1.921748035706667,1.2151987575505463e-08,0.4400918314659109,323.315,0.04986
333000.0,323.3138982160492,1.9036895084075112,323.313896364955,1.9216733747587595,1.2150042401919625e-08,0.4400750566148214,323.315,0.04986
333060.0,323.31389839246833,1.9036183411062666,323.31389654168777,1.9215987258692735,1.2148097536863544e-08,0.44005828444889034,323.315,0.04986
333120.0,323.31389856885943,1.9035471850945407,323.31389671839247,1.9215240890362546,1.2146152980289503e-08,0.44004151496769167,323.315,0.04986
333180.0,323.3138987452225,1.9034760403705877,323.31389689506915,1.9214494642577606,1.2144208732149307e-08,0.44002474817080156,323.315,0.04986
333240.0,323.3138989215576,1.9034049069326535,323.31389707171775,1.921374851531837,1.2142264792395861e-08,0.44000798405779373,323.315,0.04986
333300.0,323.31389909786475,1.9033337847789822,323.3138972483383,1.921300250856528,1.2140321160980682e-08,0.43999122262824164,323.315,0.04986
333360.0,323.31389927414386,1.90326267390782,323.3138974249309,1.921225662229881,1.2138377837855817e-08,0.4399744638817194,323.315,0.04986
333420.0,323.31389945039496,1.9031915743174133,323.3138976014954,1.9211510856499425,1.213643482297354e-08,0.4399577078178009,323.315,0.04986
333480.0,323.31389962661814,1.9031204860060167,323.31389777803184,1.9210765211147702,1.2134492116285988e-08,0.43994095443606235,323.315,0.04986
333540.0,323.31389980281335,1.903049408971878,323.3138979545403,1.9210019686224125,1.2132549717745799e-08,0.439924203736078,323.315,0.04986
333600.0,323.3138999789806,1.902978343213244,323.3138981310208,1.9209274281709172,1.2130607627304534e-08,0.43990745571742207,323.315,0.04986
333660.0,323.3139001551199,1.9029072887283642,323.3138983074732,1.9208528997583345,1.2128665844914554e-08,0.43989071037966937,323.315,0.04986
333720.0,323.3139003312312,1.9028362455154872,323.3138984838976,1.9207783833827154,1.212672437052793e-08,0.4398739677223945,323.315,0.04986
333780.0,323.31390050731454,1.902765213572863,323.31389866029406,1.92070387904211,1.2124783204097312e-08,0.4398572277451722,323.315,0.04986
333840.0,323.31390068337,1.9026941928987404,323.3138988366625,1.9206293867345694,1.212284234557408e-08,0.43984049044757756,323.315,0.04986
333900.0,323.31390085939745,1.9026231834913698,323.3138990130029,1.920554906458145,1.212090179491101e-08,0.4398237558291853,323.315,0.04986
333960.0,323.313901035397,1.9025521853490015,323.31389918931535,1.920480438210889,1.2118961552060314e-08,0.43980702388957044,323.315,0.04986
334020.0,323.3139012113686,1.9024811984698862,323.31389936559975,1.920405981990853,1.211702161697371e-08,0.43979029462830815,323.315,0.04986
334080.0,323.3139013873123,1.902410222852275,323.31389954185624,1.9203315377960901,1.2115081989604081e-08,0.4397735680449737,323.315,0.04986
334140.0,323.31390156322806,1.9023392584944183,323.3138997180847,1.9202571056246538,1.2113142669903242e-08,0.4397568441391422,323.315,0.04986
334200.0,323.31390173911586,1.9022683053945686,323.3138998942852,1.9201826854745965,1.2111203657823355e-08,0.43974012291038883,323.315,0.04986
334260.0,323.3139019149758,1.902197363550977,323.3139000704577,1.9201082773439717,1.2109264953316844e-08,0.4397234043582893,323.315,0.04986
334320.0,323.3139020908078,1.9021264329618948,323.31390024660226,1.9200338812308337,1.2107326556336251e-08,0.43970668848241873,323.315,0.04986
334380.0,323.3139022666119,1.9020555136255748,323.3139004227188,1.9199594971332363,1.2105388466833144e-08,0.4396899752823528,323.315,0.04986
334440.0,323.3139024423881,1.9019846055402696,323.31390059880744,1.9198851250492341,1.2103450684760308e-08,0.43967326475766694,323.315,0.04986
334500.0,323.31390261813635,1.9019137087042313,323.31390077486816,1.919810764976882,1.2101513210069625e-08,0.439656556907937,323.315,0.04986
334560.0,323.31390279385676,1.9018428231157132,323.31390095090086,1.9197364169142352,1.2099576042713866e-08,0.4396398517327383,323.315,0.04986
334620.0,323.3139029695492,1.9017719487729683,323.3139011269057,1.919662080859349,1.2097639182644703e-08,0.439623149231647,323.315,0.04986
334680.0,323.3139031452138,1.90170108567425,323.3139013028826,1.9195877568102786,1.2095702629814963e-08,0.4396064494042387,323.315,0.04986
334740.0,323.31390332085056,1.9016302338178122,323.3139014788315,1.9195134447650803,1.209376638417683e-08,0.4395897522500891,323.315,0.04986
334800.0,323.31390349645943,1.9015593932019077,323.3139016547525,1.9194391447218104,1.2091830445682549e-08,0.4395730577687745,323.315,0.04986
334860.0,323.3139036720404,1.9014885638247923,323.31390183064553,1.9193648566785255,1.2089894814283997e-08,0.4395563659598708,323.315,0.04986
334920.0,323.31390384759356,1.9014177456847192,323.3139020065106,1.9192905806332827,1.2087959489934308e-08,0.43953967682295386,323.315,0.04986
334980.0,323.3139040231188,1.901346938779946,323.3139021823478,1.9192163165841416,1.2086024472585199e-08,0.43952299035760073,323.315,0.04986
335040.0,323.3139041986162,1.901276143108725,323.31390235815707,1.9191420645291581,1.2084089762189364e-08,0.43950630656338685,323.315,0.04986
335100.0,323.3139043740857,1.9012053586693112,323.31390253393846,1.9190678244663881,1.208215535869862e-08,0.43948962543988845,323.315,0.04986
335160.0,323.3139045495274,1.9011345854599577,323.3139027096919,1.9189935963938882,1.2080221262065672e-08,0.4394729469866813,323.315,0.04986
335220.0,323.31390472494127,1.901063823478919,323.31390288541746,1.9189193803097153,1.2078287472242732e-08,0.43945627120334146,323.315,0.04986
335280.0,323.31390490032726,1.9009930727244604,323.3139030611151,1.918845176211939,1.2076353989182541e-08,0.43943959808944777,323.315,0.04986
335340.0,323.3139050756854,1.9009223331948348,323.3139032367849,1.9187709840986158,1.207442081283705e-08,0.439422927644576,323.315,0.04986
335400.0,323.31390525101574,1.9008516048882962,323.3139034124268,1.9186968039678012,1.2072487943159026e-08,0.439406259868302,323.315,0.04986
335460.0,323.31390542631823,1.9007808878031,323.3139035880408,1.918622635817553,1.2070555380100122e-08,0.43938959476020223,323.315,0.04986
335520.0,323.3139056015929,1.9007101819375016,323.3139037636269,1.9185484796459302,1.2068623123613508e-08,0.43937293231985297,323.315,0.04986
335580.0,323.31390577683976,1.9006394872897658,323.31390393918514,1.9184743354510023,1.2066691173651089e-08,0.43935627254683285,323.315,0.04986
335640.0,323.3139059520588,1.9005688038581487,323.3139041147155,1.9184002032308276,1.2064759530165558e-08,0.43933961544071853,323.315,0.04986
335700.0,323.31390612725,1.9004981316409038,323.313904290218,1.918326082983463,1.206282819310942e-08,0.4393229610010858,323.315,0.04986
335760.0,323.3139063024134,1.9004274706362883,323.31390446569264,1.9182519747069686,1.2060897162434458e-08,0.4393063092275115,323.315,0.04986
335820.0,323.3139064775489,1.9003568208425592,323.3139046411394,1.9181778783994043,1.2058966438093254e-08,0.43928966011957227,323.315,0.04986
335880.0,323.3139066526567,1.9002861822579824,323.3139048165583,1.9181037940588417,1.2057036020038925e-08,0.4392730136768472,323.315,0.04986
335940.0,323.31390682773673,1.9002155548808153,323.3139049919494,1.9180297216833406,1.2055105908223317e-08,0.43925636989891326,323.315,0.04986
336000.0,323.31390700278894,1.900144938709313,323.31390516731267,1.9179556612709598,1.2053176102598984e-08,0.4392397287853465,323.315,0.04986
336060.0,323.31390717781335,1.9000743337417338,323.31390534264807,1.9178816128197602,1.2051246603118491e-08,0.43922309033572404,323.315,0.04986
336120.0,323.31390735281,1.9000037399763356,323.3139055179556,1.9178075763278035,1.2049317409734172e-08,0.439206454549623,323.315,0.04986
336180.0,323.31390752777895,1.8999331574113865,323.31390569323537,1.9177335517931637,1.2047388522398594e-08,0.43918982142662283,323.315,0.04986
336240.0,323.31390770272003,1.8998625860451446,323.31390586848727,1.917659539213902,1.2045459941063963e-08,0.4391731909663004,323.315,0.04986
336300.0,323.31390787763337,1.8997920258758665,323.3139060437113,1.9175855385880785,1.2043531665683171e-08,0.4391565631682327,323.315,0.04986
336360.0,323.3139080525189,1.8997214769018118,323.31390621890756,1.917511549913756,1.204160369620808e-08,0.43913993803199686,323.315,0.04986
336420.0,323.31390822737666,1.8996509391212397,323.313906394076,1.9174375731889977,1.2039676032591606e-08,0.43912331555717027,323.315,0.04986
336480.0,323.31390840220666,1.8995804125324196,323.3139065692166,1.9173636084118788,1.2037748674786141e-08,0.4391066957433328,323.315,0.04986
336540.0,323.31390857700893,1.899509897133611,323.3139067443294,1.9172896555804624,1.2035821622744602e-08,0.4390900785900619,323.315,0.04986
336600.0,323.3139087517835,1.8994393929230715,323.3139069194144,1.91721571469281,1.2033894876419226e-08,0.43907346409693454,323.315,0.04986
336660.0,323.3139089265303,1.8993688998990623,323.31390709447163,1.9171417857469861,1.2031968435762285e-08,0.43905685226352825,323.315,0.04986
336720.0,323.31390910124935,1.8992984180598431,323.31390726950104,1.9170678687410556,1.2030042300726185e-08,0.4390402430894209,323.315,0.04986
336780.0,323.3139092759407,1.8992279474036855,323.31390744450266,1.9169939636730953,1.202811647126386e-08,0.4390236365741925,323.315,0.04986
336840.0,323.3139094506043,1.8991574879288495,323.3139076194765,1.9169200705411695,1.2026190947328086e-08,0.4390070327174209,323.315,0.04986
336900.0,323.31390962524017,1.8990870396335948,323.31390779442256,1.9168461893433415,1.202426572887082e-08,0.43899043151868344,323.315,0.04986
336960.0,323.3139097998483,1.8990166025161828,323.3139079693408,1.9167723200776776,1.2022340815844712e-08,0.43897383297755793,323.315,0.04986
337020.0,323.3139099744287,1.8989461765748756,323.31390814423133,1.9166984627422439,1.2020416208202511e-08,0.4389572370936226,323.315,0.04986
337080.0,323.3139101489815,1.8988757618079455,323.3139083190941,1.9166246173351187,1.2018491905897043e-08,0.43894064386645787,323.315,0.04986
337140.0,323.3139103235065,1.8988053582136541,323.31390849392903,1.9165507838543685,1.2016567908880271e-08,0.43892405329564177,323.315,0.04986
337200.0,323.3139104980038,1.8987349657902617,323.3139086687363,1.916476962298058,1.2014644217105252e-08,0.4389074653807519,323.315,0.04986
337260.0,323.31391067247336,1.8986645845360317,323.3139088435158,1.9164031526642546,1.2012720830524015e-08,0.4388908801213666,323.315,0.04986
337320.0,323.3139108469153,1.8985942144492274,323.31390901826757,1.9163293549510265,1.2010797749090007e-08,0.4388742975170644,323.315,0.04986
337380.0,323.31391102132943,1.8985238555281203,323.31390919299156,1.9162555691564511,1.2008874972754646e-08,0.43885771756742536,323.315,0.04986
337440.0,323.31391119571595,1.898453507770974,323.3139093676878,1.9161817952785976,1.2006952501471956e-08,0.43884114027202825,323.315,0.04986
337500.0,323.3139113700748,1.8983831711760524,323.3139095423563,1.9161080333155345,1.2005030335193478e-08,0.4388245656304516,323.315,0.04986
337560.0,323.313911544406,1.8983128457416218,323.31390971699705,1.9160342832653325,1.2003108473872326e-08,0.43880799364227424,323.315,0.04986
337620.0,323.31391171870945,1.8982425314659475,323.31390989161,1.9159605451260628,1.200118691746108e-08,0.43879142430707524,323.315,0.04986
337680.0,323.3139118929853,1.8981722283472955,323.3139100661953,1.915886818895797,1.199926566591224e-08,0.4387748576244337,323.315,0.04986
337740.0,323.3139120672334,1.8981019363839318,323.3139102407529,1.915813104572606,1.1997344719178393e-08,0.43875829359392865,323.315,0.04986
337800.0,323.3139122414539,1.898031655574124,323.31391041528275,1.9157394021545622,1.199542407721259e-08,0.4387417322151394,323.315,0.04986
337860.0,323.3139124156467,1.8979613859161377,323.3139105897849,1.9156657116397382,1.1993503739966937e-08,0.43872517348764506,323.315,0.04986
337920.0,323.3139125898119,1.8978911274082408,323.3139107642594,1.9155920330262064,1.1991583707394292e-08,0.43870861741102524,323.315,0.04986
337980.0,323.3139127639494,1.8978208800487013,323.31391093870616,1.9155183663120403,1.198966397944743e-08,0.43869206398485905,323.315,0.04986
338040.0,323.3139129380593,1.8977506438357872,323.31391111312524,1.9154447114953137,1.1987744556079116e-08,0.43867551320872644,323.315,0.04986
338100.0,323.3139131121415,1.8976804187677652,323.3139112875166,1.9153710685741,1.1985825437242025e-08,0.4386589650822067,323.315,0.04986
338160.0,323.31391328619617,1.8976102048429047,323.31391146188025,1.9152974375464733,1.198390662288864e-08,0.4386424196048795,323.315,0.04986
338220.0,323.31391346022315,1.8975400020594737,323.31391163621623,1.915223818410508,1.1981988112971764e-08,0.43862587677632453,323.315,0.04986
338280.0,323.31391363422244,1.8974698104157408,323.31391181052453,1.9151502111642786,1.1980069907443756e-08,0.43860933659612156,323.315,0.04986
338340.0,323.31391380819423,1.8973996299099758,323.31391198480515,1.91507661580586,1.1978152006258202e-08,0.4385927990638503,323.315,0.04986
338400.0,323.31391398213833,1.8973294605404476,323.3139121590581,1.915003032333328,1.1976234409367059e-08,0.4385762641790909,323.315,0.04986
338460.0,323.31391415605486,1.8972593023054256,323.3139123332833,1.914929460744758,1.1974317116723465e-08,0.43855973194142306,323.315,0.04986
338520.0,323.31391432994377,1.8971891552031797,323.3139125074809,1.914855901038226,1.1972400128279558e-08,0.438543202350427,323.315,0.04986
338580.0,323.31391450380505,1.8971190192319796,323.31391268165083,1.914782353211808,1.1970483443988955e-08,0.43852667540568274,323.315,0.04986
338640.0,323.31391467763876,1.897048894390096,323.31391285579315,1.9147088172635807,1.1968567063803713e-08,0.43851015110677016,323.315,0.04986
338700.0,323.31391485144485,1.8969787806757994,323.3139130299078,1.9146352931916206,1.1966650987676873e-08,0.4384936294532699,323.315,0.04986
338760.0,323.3139150252233,1.8969086780873603,323.3139132039948,1.9145617809940052,1.196473521556126e-08,0.43847711044476195,323.315,0.04986
338820.0,323.31391519897414,1.8968385866230504,323.3139133780542,1.9144882806688117,1.1962819747409069e-08,0.43846059408082666,323.315,0.04986
338880.0,323.31391537269747,1.8967685062811417,323.3139135520859,1.9144147922141208,1.1960904583173781e-08,0.4384440803610451,323.315,0.04986
338940.0,323.31391554639316,1.8966984370599054,323.31391372609,1.9143413156280087,1.1958989722808021e-08,0.4384275692849973,323.315,0.04986
339000.0,323.31391572006135,1.8966283789576113,323.31391390006644,1.9142678509085516,1.1957075166264585e-08,0.4384110608522632,323.315,0.04986
339060.0,323.3139158937019,1.8965583319725305,323.31391407401526,1.914194398053827,1.1955160913495976e-08,0.43839455506242336,323.315,0.04986
339120.0,323.3139160673149,1.8964882961029335,323.3139142479364,1.914120957061912,1.195324696445511e-08,0.43837805191505785,323.315,0.04986
339180.0,323.3139162409003,1.8964182713471014,323.31391442182996,1.9140475279308964,1.1951333319094792e-08,0.43836155140974975,323.315,0.04986
339240.0,323.3139164144582,1.8963482577033055,323.3139145956959,1.9139741106588577,1.1949419977368325e-08,0.4383450535460792,323.315,0.04986
339300.0,323.3139165879885,1.8962782551698147,323.3139147695343,1.9139007052438715,1.1947506939228047e-08,0.4383285583236263,323.315,0.04986
339360.0,323.3139167614913,1.8962082637449016,323.313914943345,1.9138273116840165,1.1945594204626775e-08,0.4383120657419716,323.315,0.04986
339420.0,323.3139169349666,1.8961382834268385,323.3139151171282,1.9137539299773718,1.1943681773517322e-08,0.43829557580069584,323.315,0.04986
339480.0,323.3139171084143,1.8960683142139065,323.31391529088376,1.9136805601220273,1.1941769645853073e-08,0.43827908849938185,323.315,0.04986
339540.0,323.31391728183445,1.8959983561043776,323.31391546461174,1.913607202116062,1.1939857821586152e-08,0.4382626038376102,323.315,0.04986
339600.0,323.3139174552271,1.8959284090965234,323.31391563831215,1.9135338559575532,1.1937946300670031e-08,0.4382461218149614,323.315,0.04986
339660.0,323.3139176285922,1.8958584731886163,323.313915811985,1.9134605216445815,1.1936035083057073e-08,0.43822964243101636,323.315,0.04986
339720.0,323.3139178019298,1.8957885483789307,323.3139159856302,1.9133871991752271,1.1934124168700287e-08,0.438213165685356,323.315,0.04986
339780.0,323.31391797523986,1.8957186346657493,323.3139161592479,1.9133138885475824,1.1932213557552573e-08,0.43819669157756375,323.315,0.04986
339840.0,323.3139181485224,1.8956487320473454,323.313916332838,1.9132405897597276,1.1930303249567497e-08,0.4381802201072204,323.315,0.04986
339900.0,323.31391832177746,1.8955788405219907,323.3139165064005,1.9131673028097416,1.1928393244696566e-08,0.4381637512739067,323.315,0.04986
339960.0,323.31391849500494,1.8955089600879602,323.31391667993546,1.9130940276957062,1.192648354289355e-08,0.43814728507720396,323.315,0.04986
340020.0,323.31391866820496,1.8954390907435288,323.31391685344283,1.9130207644157036,1.1924574144111399e-08,0.4381308215166934,323.315,0.04986
340080.0,323.31391884137753,1.8953692324869809,323.3139170269227,1.9129475129678277,1.1922665048302639e-08,0.4381143605919587,323.315,0.04986
340140.0,323.3139190145225,1.8952993853165911,323.31391720037493,1.9128742733501605,1.1920756255420762e-08,0.4380979023025812,323.315,0.04986
340200.0,323.31391918764007,1.8952295492306326,323.3139173737997,1.9128010455607825,1.1918847765418317e-08,0.4380814466481418,323.315,0.04986
340260.0,323.3139193607301,1.8951597242273817,323.3139175471969,1.912727829597777,1.191693957824792e-08,0.43806499362822215,323.315,0.04986
340320.0,323.3139195337926,1.8950899103051135,323.31391772056656,1.9126546254592276,1.1915031693862842e-08,0.4380485432424038,323.315,0.04986
340380.0,323.3139197068277,1.895020107462115,323.3139178939087,1.91258143314323,1.1913124112216232e-08,0.4380320954902709,323.315,0.04986
340440.0,323.3139198798353,1.894950315696661,323.31391806722326,1.9125082526478674,1.1911216833260985e-08,0.438015650371405,323.315,0.04986
340500.0,323.31392005281543,1.8948805350070268,323.31391824051036,1.9124350839712219,1.1909309856950001e-08,0.43799920788538743,323.315,0.04986
340560.0,323.31392022576813,1.894810765391489,323.31391841376995,1.9123619271113783,1.1907403183236275e-08,0.43798276803179986,323.315,0.04986
340620.0,323.31392039869337,1.8947410068483252,323.31391858700204,1.9122887820664223,1.1905496812072302e-08,0.43796633081022457,323.315,0.04986
340680.0,323.31392057159115,1.8946712593758228,323.3139187602066,1.9122156488344504,1.1903590743411774e-08,0.4379498962202458,323.315,0.04986
340740.0,323.3139207444615,1.8946015229722581,323.31391893338366,1.9121425274135477,1.1901684977207404e-08,0.4379334642614454,323.315,0.04986
340800.0,323.31392091730436,1.8945317976359082,323.3139191065332,1.912069417801798,1.1899779513412323e-08,0.43791703493340517,323.315,0.04986
340860.0,323.31392109011983,1.8944620833650503,323.31391927965524,1.911996319997288,1.1897874351979032e-08,0.4379006082357071,323.315,0.04986
340920.0,323.3139212629078,1.8943923801579636,323.3139194527498,1.911923233998104,1.1895969492860814e-08,0.4378841841679337,323.315,0.04986
340980.0,323.31392143566836,1.8943226880129362,323.31391962581694,1.911850159802345,1.189406493601095e-08,0.43786776272966943,323.315,0.04986
341040.0,323.3139216084015,1.8942530069282468,323.31391979885655,1.9117770974080974,1.1892160681382068e-08,0.43785134392049674,323.315,0.04986
341100.0,323.3139217811072,1.8941833369021723,323.31391997186864,1.9117040468134467,1.1890256728927861e-08,0.43783492773999744,323.315,0.04986
341160.0,323.31392195378544,1.8941136779329928,323.3139201448533,1.911631008016481,1.1888353078600532e-08,0.4378185141877541,323.315,0.04986
341220.0,323.3139221264363,1.8940440300189874,323.3139203178104,1.911557981015288,1.1886449730353287e-08,0.4378021032633494,323.315,0.04986
341280.0,323.3139222990597,1.8939743931584436,323.31392049074014,1.911484965807966,1.1884546684139685e-08,0.43778569496636777,323.315,0.04986
341340.0,323.3139224716557,1.8939047673496434,323.31392066364236,1.9114119623926045,1.1882643939912406e-08,0.4377692892963922,323.315,0.04986
341400.0,323.3139226442243,1.8938351525908659,323.3139208365171,1.9113389707672925,1.1880741497624658e-08,0.43775288625300524,323.315,0.04986
341460.0,323.31392281676557,1.8937655488803942,323.31392100936444,1.911265990930121,1.1878839357229454e-08,0.43773648583579017,323.315,0.04986
341520.0,323.31392298927943,1.89369595621651,323.31392118218423,1.9111930228791818,1.1876937518680196e-08,0.43772008804433027,323.315,0.04986
341580.0,323.31392316176596,1.8936263745974964,323.3139213549766,1.911120066612566,1.187503598192977e-08,0.4377036928782088,323.315,0.04986
341640.0,323.313923334225,1.8935568040216353,323.31392152774157,1.9110471221283656,1.187313474693069e-08,0.43768730033700903,323.315,0.04986
341700.0,323.3139235066567,1.8934872444872108,323.31392170047906,1.9109741894246735,1.1871233813636394e-08,0.4376709104203146,323.315,0.04986
341760.0,323.31392367906096,1.8934176959925058,323.31392187318914,1.9109012684995816,1.186933318200023e-08,0.4376545231277087,323.315,0.04986
341820.0,323.3139238514379,1.8933481585358045,323.31392204587183,1.9108283593511834,1.1867432851975479e-08,0.43763813845877525,323.315,0.04986
341880.0,323.3139240237874,1.8932786321153903,323.31392221852707,1.910755461977573,1.18655328235149e-08,0.4376217564130977,323.315,0.04986
341940.0,323.3139241961096,1.8932091167295484,323.3139223911549,1.910682576376844,1.1863633096571601e-08,0.43760537699025986,323.315,0.04986
342000.0,323.3139243684044,1.893139612376563,323.3139225637553,1.9106097025470903,1.1861733671098561e-08,0.4375890001898456,323.315,0.04986
342060.0,323.31392454067185,1.8930701190547183,323.3139227363283,1.9105368404864063,1.1859834547049385e-08,0.4375726260114386,323.315,0.04986
342120.0,323.31392471291196,1.8930006367623,323.31392290887396,1.9104639901928866,1.185793572437721e-08,0.43755625445462293,323.315,0.04986
342180.0,323.3139248851247,1.8929311654975929,323.31392308139215,1.9103911516646264,1.1856037203034875e-08,0.4375398855189826,323.315,0.04986
342240.0,323.3139250573101,1.8928617052588823,323.313923253883,1.910318324899721,1.1854138982975526e-08,0.4375235192041015,323.315,0.04986
342300.0,323.31392522946817,1.8927922560444546,323.3139234263464,1.910245509896266,1.1852241064152634e-08,0.4375071555095637,323.315,0.04986
342360.0,323.3139254015989,1.8927228178525959,323.3139235987824,1.9101727066523577,1.1850343446519207e-08,0.43749079443495376,323.315,0.04986
342420.0,323.3139255737023,1.8926533906815917,323.3139237711911,1.9100999151660922,1.1848446130028423e-08,0.4374744359798555,323.315,0.04986
342480.0,323.31392574577836,1.892583974529729,323.3139239435724,1.9100271354355656,1.1846549114633598e-08,0.43745808014385335,323.315,0.04986
342540.0,323.31392591782713,1.8925145693952947,323.3139241159262,1.9099543674588748,1.1844652400287814e-08,0.4374417269265317,323.315,0.04986
342600.0,323.31392608984856,1.8924451752765759,323.31392428825274,1.909881611234117,1.1842755986944209e-08,0.437425376327475,323.315,0.04986
342660.0,323.31392626184265,1.8923757921718591,323.31392446055185,1.90980886675939,1.1840859874555775e-08,0.43740902834626777,323.315,0.04986
342720.0,323.3139264338095,1.892306420079433,323.31392463282356,1.909736134032791,1.1838964063076684e-08,0.4373926829824944,323.315,0.04986
342780.0,323.313926605749,1.8922370589975865,323.3139248050679,1.909663413052421,1.1837068552459117e-08,0.4373763402357402,323.315,0.04986
342840.0,323.31392677766115,1.8921677089246063,323.31392497728496,1.9095907038163762,1.1835173342656934e-08,0.43736000010558934,323.315,0.04986
342900.0,323.31392694954604,1.8920983698587794,323.31392514947464,1.9095180063227537,1.1833278433622829e-08,0.43734366259162627,323.315,0.04986
342960.0,323.31392712140365,1.8920290417983927,323.313925321637,1.9094453205696507,1.1831383825310625e-08,0.4373273276934354,323.315,0.04986
343020.0,323.313927293234,1.8919597247417341,323.313925493772,1.9093726465551648,1.1829489517672874e-08,0.4373109954106015,323.315,0.04986
343080.0,323.31392746503695,1.8918904186871002,323.31392566587965,1.9092999842774065,1.1827595510663468e-08,0.4372946657427113,323.315,0.04986
343140.0,323.3139276368127,1.8918211236327789,323.31392583795997,1.909227333734473,1.1825701804235822e-08,0.4372783386893495,323.315,0.04986
343200.0,323.3139278085612,1.891751839577056,323.31392601001295,1.90915469492446,1.1823808398342683e-08,0.43726201425010025,323.315,0.04986
343260.0,323.31392798028236,1.8916825665182202,323.3139261820386,1.9090820678454672,1.182191529293739e-08,0.4372456924245483,323.315,0.04986
343320.0,323.31392815197626,1.8916133044545607,323.31392635403694,1.9090094524955934,1.182002248797357e-08,0.4372293732122788,323.315,0.04986
343380.0,323.313928323643,1.891544053384374,323.313926526008,1.908936848872949,1.181812998340418e-08,0.4372130566128785,323.315,0.04986
343440.0,323.31392849528237,1.8914748133059498,323.31392669795173,1.9088642569756333,1.1816237779182803e-08,0.4371967426259327,323.315,0.04986
343500.0,323.3139286668945,1.8914055842175759,323.3139268698681,1.908791676801744,1.181434587526231e-08,0.4371804312510255,323.315,0.04986
343560.0,323.31392883847946,1.891336366117541,323.3139270417572,1.908719108349382,1.1812454271596827e-08,0.43716412248774245,323.315,0.04986
343620.0,323.3139290100371,1.8912671590041357,323.313927213619,1.9086465516166473,1.1810562968138393e-08,0.4371478163356685,323.315,0.04986
343680.0,323.3139291815675,1.8911979628756592,323.3139273854535,1.9085740066016526,1.1808671964841222e-08,0.43713151279439116,323.315,0.04986
343740.0,323.3139293530707,1.8911287777304016,323.3139275572607,1.9085014733024985,1.1806781261658972e-08,0.43711521186349583,323.315,0.04986
343800.0,323.3139295245466,1.8910596035666507,323.3139277290406,1.908428951717284,1.1804890858544347e-08,0.437098913542567,323.315,0.04986
343860.0,323.3139296959953,1.8909904403826987,323.31392790079326,1.9083564418441115,1.1803000755450509e-08,0.4370826178311905,323.315,0.04986
343920.0,323.3139298674167,1.8909212881768358,323.3139280725186,1.9082839436810828,1.1801110952331161e-08,0.4370663247289517,323.315,0.04986
343980.0,323.3139300388109,1.8908521469473634,323.31392824421664,1.9082114572263125,1.1799221449140007e-08,0.43705003423543837,323.315,0.04986
344040.0,323.3139302101779,1.8907830166925725,323.31392841588746,1.9081389824779023,1.1797332245830072e-08,0.4370337463502362,323.315,0.04986
344100.0,323.3139303815177,1.8907138974107527,323.31392858753105,1.908066519433953,1.1795443342354683e-08,0.4370174610729302,323.315,0.04986
344160.0,323.3139305528303,1.8906447891001963,323.31392875914736,1.9079940680925687,1.1793554738667032e-08,0.4370011784031062,323.315,0.04986
344220.0,323.3139307241157,1.8905756917591958,323.31392893073644,1.9079216284518523,1.1791666434721103e-08,0.43698489834035004,323.315,0.04986
344280.0,323.3139308953739,1.8905066053860535,323.3139291022982,1.9078492005099206,1.178977843047001e-08,0.43696862088425,323.315,0.04986
344340.0,323.31393106660494,1.8904375299790614,323.31392927383274,1.9077767842648765,1.1787890725866845e-08,0.4369523460343918,323.315,0.04986
344400.0,323.31393123780873,1.8903684655365112,323.31392944533997,1.9077043797148225,1.1786003320865568e-08,0.43693607379036103,323.315,0.04986
344460.0,323.3139314089854,1.8902994120566956,323.31392961681996,1.907631986857864,1.178411621541937e-08,0.43691980415174375,323.315,0.04986
344520.0,323.31393158013486,1.890230369537909,323.31392978827273,1.907559605692106,1.1782229409481104e-08,0.43690353711812624,323.315,0.04986
344580.0,323.31393175125714,1.890161337978455,323.31392995969827,1.9074872362156658,1.1780342903004992e-08,0.4368872726890968,323.315,0.04986
344640.0,323.31393192235225,1.8900923173766264,323.3139301310966,1.907414878426649,1.177845669594446e-08,0.4368710108642417,323.315,0.04986
344700.0,323.3139320934202,1.8900233077307158,323.31393030246767,1.907342532323159,1.1776570788252626e-08,0.43685475164314674,323.315,0.04986
344760.0,323.31393226446096,1.8899543090390187,323.3139304738116,1.9072701979033027,1.1774685179882782e-08,0.43683849502539845,323.315,0.04986
344820.0,323.31393243547456,1.8898853212998294,323.3139306451283,1.907197875165187,1.1772799870788508e-08,0.4368222410105831,323.315,0.04986
344880.0,323.31393260646104,1.8898163445114524,323.3139308164178,1.9071255641069305,1.1770914860923764e-08,0.4368059895982897,323.315,0.04986
344940.0,323.3139327774203,1.8897473786721828,323.31393098768007,1.90705326472664,1.1769030150241232e-08,0.4367897407881048,323.315,0.04986
345000.0,323.3139329483524,1.8896784237803144,323.3139311589151,1.906980977022421,1.1767145738694806e-08,0.43677349457961423,323.315,0.04986
345060.0,323.31393311925734,1.8896094798341432,323.31393133012295,1.9069087009923817,1.1765261626238054e-08,0.43675725097240503,323.315,0.04986
345120.0,323.31393329013514,1.8895405468319653,323.3139315013036,1.9068364366346306,1.1763377812824104e-08,0.43674100996606385,323.315,0.04986
345180.0,323.3139334609858,1.8894716247720842,323.3139316724571,1.9067641839472853,1.1761494298406793e-08,0.43672477156017947,323.315,0.04986
345240.0,323.31393363180933,1.8894027136527982,323.31393184358336,1.9066919429284561,1.1759611082939657e-08,0.4367085357543389,323.315,0.04986
345300.0,323.31393380260573,1.8893338134724034,323.31393201468245,1.9066197135762517,1.1757728166376191e-08,0.436692302548129,323.315,0.04986
345360.0,323.3139339733751,1.889264924229198,323.31393218575437,1.9065474958887836,1.1755845548669807e-08,0.4366760719411373,323.315,0.04986
345420.0,323.31393414411724,1.8891960459214814,323.3139323567991,1.9064752898641635,1.1753963229773956e-08,0.43665984393295126,323.315,0.04986
345480.0,323.31393431483235,1.889127178547552,323.3139325278167,1.9064030955005027,1.1752081209642584e-08,0.4366436185231581,323.315,0.04986
345540.0,323.3139344855203,1.8890583221057091,323.3139326988071,1.906330912795913,1.1750199488228707e-08,0.43662739571134546,323.315,0.04986
345600.0,323.3139346561812,1.8889894765942516,323.3139328697704,1.9062587417485066,1.1748318065486229e-08,0.43661117549710077,323.315,0.04986
