x_m,y_m,E_diam_given_detectable_m
0.0,-1800.0,
-360.0,-1760.0,
-320.0,-1760.0,
-280.0,-1760.0,
-240.0,-1760.0,
-200.0,-1760.0,
-160.0,-1760.0,
-120.0,-1760.0,
-80.0,-1760.0,
-40.0,-1760.0,
0.0,-1760.0,
40.0,-1760.0,
80.0,-1760.0,
120.0,-1760.0,
160.0,-1760.0,
200.0,-1760.0,
240.0,-1760.0,
280.0,-1760.0,
320.0,-1760.0,
360.0,-1760.0,
-520.0,-1720.0,
-480.0,-1720.0,
-440.0,-1720.0,
-400.0,-1720.0,
-360.0,-1720.0,
-320.0,-1720.0,
-280.0,-1720.0,
-240.0,-1720.0,
-200.0,-1720.0,
-160.0,-1720.0,
-120.0,-1720.0,
-80.0,-1720.0,
-40.0,-1720.0,
0.0,-1720.0,
40.0,-1720.0,
80.0,-1720.0,
120.0,-1720.0,
160.0,-1720.0,
200.0,-1720.0,
240.0,-1720.0,
280.0,-1720.0,
320.0,-1720.0,
360.0,-1720.0,
400.0,-1720.0,
440.0,-1720.0,
480.0,-1720.0,
520.0,-1720.0,
-640.0,-1680.0,
-600.0,-1680.0,
-560.0,-1680.0,
-520.0,-1680.0,
-480.0,-1680.0,
-440.0,-1680.0,
-400.0,-1680.0,
-360.0,-1680.0,
-320.0,-1680.0,
-280.0,-1680.0,
-240.0,-1680.0,
-200.0,-1680.0,
-160.0,-1680.0,
-120.0,-1680.0,
-80.0,-1680.0,
-40.0,-1680.0,
0.0,-1680.0,
40.0,-1680.0,
80.0,-1680.0,
120.0,-1680.0,
160.0,-1680.0,
200.0,-1680.0,
240.0,-1680.0,
280.0,-1680.0,
320.0,-1680.0,
360.0,-1680.0,
400.0,-1680.0,
440.0,-1680.0,
480.0,-1680.0,
520.0,-1680.0,
560.0,-1680.0,
600.0,-1680.0,
640.0,-1680.0,
-720.0,-1640.0,
-680.0,-1640.0,
-640.0,-1640.0,
-600.0,-1640.0,
-560.0,-1640.0,
-520.0,-1640.0,
-480.0,-1640.0,
-440.0,-1640.0,
-400.0,-1640.0,
-360.0,-1640.0,
-320.0,-1640.0,
-280.0,-1640.0,
-240.0,-1640.0,
-200.0,-1640.0,
-160.0,-1640.0,
-120.0,-1640.0,
-80.0,-1640.0,
-40.0,-1640.0,
0.0,-1640.0,
40.0,-1640.0,
80.0,-1640.0,
120.0,-1640.0,
160.0,-1640.0,
200.0,-1640.0,
240.0,-1640.0,
280.0,-1640.0,
320.0,-1640.0,
360.0,-1640.0,
400.0,-1640.0,
440.0,-1640.0,
480.0,-1640.0,
520.0,-1640.0,
560.0,-1640.0,
600.0,-1640.0,
640.0,-1640.0,
680.0,-1640.0,
720.0,-1640.0,
-800.0,-1600.0,
-760.0,-1600.0,
-720.0,-1600.0,
-680.0,-1600.0,
-640.0,-1600.0,
-600.0,-1600.0,
-560.0,-1600.0,
-520.0,-1600.0,
-480.0,-1600.0,
-440.0,-1600.0,
-400.0,-1600.0,
-360.0,-1600.0,
-320.0,-1600.0,
-280.0,-1600.0,
-240.0,-1600.0,
-200.0,-1600.0,
-160.0,-1600.0,
-120.0,-1600.0,
-80.0,-1600.0,
-40.0,-1600.0,
0.0,-1600.0,
40.0,-1600.0,
80.0,-1600.0,
120.0,-1600.0,
160.0,-1600.0,
200.0,-1600.0,
240.0,-1600.0,
280.0,-1600.0,
320.0,-1600.0,
360.0,-1600.0,
400.0,-1600.0,
440.0,-1600.0,
480.0,-1600.0,
520.0,-1600.0,
560.0,-1600.0,
600.0,-1600.0,
640.0,-1600.0,
680.0,-1600.0,
720.0,-1600.0,
760.0,-1600.0,
800.0,-1600.0,
-880.0,-1560.0,
-840.0,-1560.0,
-800.0,-1560.0,
-760.0,-1560.0,
-720.0,-1560.0,
-680.0,-1560.0,
-640.0,-1560.0,
-600.0,-1560.0,
-560.0,-1560.0,
-520.0,-1560.0,
-480.0,-1560.0,
-440.0,-1560.0,
-400.0,-1560.0,
-360.0,-1560.0,
-320.0,-1560.0,
-280.0,-1560.0,
-240.0,-1560.0,
-200.0,-1560.0,
-160.0,-1560.0,
-120.0,-1560.0,
-80.0,-1560.0,
-40.0,-1560.0,
0.0,-1560.0,
40.0,-1560.0,
80.0,-1560.0,
120.0,-1560.0,
160.0,-1560.0,
200.0,-1560.0,
240.0,-1560.0,
280.0,-1560.0,
320.0,-1560.0,
360.0,-1560.0,
400.0,-1560.0,
440.0,-1560.0,
480.0,-1560.0,
520.0,-1560.0,
560.0,-1560.0,
600.0,-1560.0,
640.0,-1560.0,
680.0,-1560.0,
720.0,-1560.0,
760.0,-1560.0,
800.0,-1560.0,
840.0,-1560.0,
880.0,-1560.0,
-960.0,-1520.0,
-920.0,-1520.0,
-880.0,-1520.0,
-840.0,-1520.0,
-800.0,-1520.0,
-760.0,-1520.0,
-720.0,-1520.0,
-680.0,-1520.0,
-640.0,-1520.0,
-600.0,-1520.0,
-560.0,-1520.0,
-520.0,-1520.0,
-480.0,-1520.0,
-440.0,-1520.0,
-400.0,-1520.0,
-360.0,-1520.0,
-320.0,-1520.0,
-280.0,-1520.0,
-240.0,-1520.0,
-200.0,-1520.0,
-160.0,-1520.0,
-120.0,-1520.0,
-80.0,-1520.0,
-40.0,-1520.0,
0.0,-1520.0,
40.0,-1520.0,
80.0,-1520.0,
120.0,-1520.0,
160.0,-1520.0,
200.0,-1520.0,
240.0,-1520.0,
280.0,-1520.0,
320.0,-1520.0,
360.0,-1520.0,
400.0,-1520.0,
440.0,-1520.0,
480.0,-1520.0,
520.0,-1520.0,
560.0,-1520.0,
600.0,-1520.0,
640.0,-1520.0,
680.0,-1520.0,
720.0,-1520.0,
760.0,-1520.0,
800.0,-1520.0,
840.0,-1520.0,
880.0,-1520.0,
920.0,-1520.0,
960.0,-1520.0,
-1000.0,-1480.0,
-960.0,-1480.0,
-920.0,-1480.0,
-880.0,-1480.0,
-840.0,-1480.0,
-800.0,-1480.0,
-760.0,-1480.0,
-720.0,-1480.0,
-680.0,-1480.0,
-640.0,-1480.0,
-600.0,-1480.0,
-560.0,-1480.0,
-520.0,-1480.0,
-480.0,-1480.0,
-440.0,-1480.0,
-400.0,-1480.0,
-360.0,-1480.0,
-320.0,-1480.0,
-280.0,-1480.0,
-240.0,-1480.0,
-200.0,-1480.0,54.463209
-160.0,-1480.0,53.845207
-120.0,-1480.0,53.301406
-80.0,-1480.0,52.831913
-40.0,-1480.0,52.436798
0.0,-1480.0,52.116048
40.0,-1480.0,51.869688
80.0,-1480.0,51.704407
120.0,-1480.0,51.653524
160.0,-1480.0,51.768815
200.0,-1480.0,52.008383
240.0,-1480.0,52.322014
280.0,-1480.0,52.709789
320.0,-1480.0,53.171577
360.0,-1480.0,53.707131
400.0,-1480.0,
440.0,-1480.0,
480.0,-1480.0,
520.0,-1480.0,
560.0,-1480.0,
600.0,-1480.0,
640.0,-1480.0,
680.0,-1480.0,
720.0,-1480.0,
760.0,-1480.0,
800.0,-1480.0,
840.0,-1480.0,
880.0,-1480.0,
920.0,-1480.0,
960.0,-1480.0,
1000.0,-1480.0,
-1080.0,-1440.0,
-1040.0,-1440.0,
-1000.0,-1440.0,
-960.0,-1440.0,
-920.0,-1440.0,
-880.0,-1440.0,
-840.0,-1440.0,
-800.0,-1440.0,
-760.0,-1440.0,
-720.0,-1440.0,
-680.0,-1440.0,
-640.0,-1440.0,
-600.0,-1440.0,
-560.0,-1440.0,
-520.0,-1440.0,
-480.0,-1440.0,
-440.0,-1440.0,
-400.0,-1440.0,57.4924
-360.0,-1440.0,56.475477
-320.0,-1440.0,55.534501
-280.0,-1440.0,54.67004
-240.0,-1440.0,53.881695
-200.0,-1440.0,53.169804
-160.0,-1440.0,52.534415
-120.0,-1440.0,51.975416
-80.0,-1440.0,51.492787
-40.0,-1440.0,51.08666
0.0,-1440.0,50.757019
40.0,-1440.0,50.503894
80.0,-1440.0,50.334479
120.0,-1440.0,50.282953
160.0,-1440.0,50.402366
200.0,-1440.0,50.64876
240.0,-1440.0,50.971399
280.0,-1440.0,51.370297
320.0,-1440.0,51.84522
360.0,-1440.0,52.396131
400.0,-1440.0,53.02312
440.0,-1440.0,53.72581
480.0,-1440.0,54.504364
520.0,-1440.0,55.358594
560.0,-1440.0,56.288184
600.0,-1440.0,
640.0,-1440.0,
680.0,-1440.0,
720.0,-1440.0,
760.0,-1440.0,
800.0,-1440.0,
840.0,-1440.0,
880.0,-1440.0,
920.0,-1440.0,
960.0,-1440.0,
1000.0,-1440.0,
1040.0,-1440.0,
1080.0,-1440.0,
-1120.0,-1400.0,
-1080.0,-1400.0,
-1040.0,-1400.0,
-1000.0,-1400.0,
-960.0,-1400.0,
-920.0,-1400.0,
-880.0,-1400.0,
-840.0,-1400.0,
-800.0,-1400.0,
-760.0,-1400.0,
-720.0,-1400.0,
-680.0,-1400.0,
-640.0,-1400.0,
-600.0,-1400.0,
-560.0,-1400.0,
-520.0,-1400.0,59.937606
-480.0,-1400.0,58.656307
-440.0,-1400.0,57.453064
-400.0,-1400.0,56.328044
-360.0,-1400.0,55.28155
-320.0,-1400.0,54.313267
-280.0,-1400.0,53.423687
-240.0,-1400.0,52.612569
-200.0,-1400.0,51.880064
-160.0,-1400.0,51.226309
-120.0,-1400.0,50.651248
-80.0,-1400.0,50.154744
-40.0,-1400.0,49.736983
0.0,-1400.0,49.397948
40.0,-1400.0,49.137676
80.0,-1400.0,48.963887
120.0,-1400.0,48.911662
160.0,-1400.0,49.035345
200.0,-1400.0,49.289007
240.0,-1400.0,49.621154
280.0,-1400.0,50.031795
320.0,-1400.0,50.520596
360.0,-1400.0,51.087722
400.0,-1400.0,51.733022
440.0,-1400.0,52.456404
480.0,-1400.0,53.257708
520.0,-1400.0,54.137039
560.0,-1400.0,55.093895
600.0,-1400.0,56.128356
640.0,-1400.0,57.240284
680.0,-1400.0,58.429454
720.0,-1400.0,
760.0,-1400.0,
800.0,-1400.0,
840.0,-1400.0,
880.0,-1400.0,
920.0,-1400.0,
960.0,-1400.0,
1000.0,-1400.0,
1040.0,-1400.0,
1080.0,-1400.0,
1120.0,-1400.0,
-1160.0,-1360.0,
-1120.0,-1360.0,
-1080.0,-1360.0,
-1040.0,-1360.0,
-1000.0,-1360.0,
-960.0,-1360.0,
-920.0,-1360.0,
-880.0,-1360.0,
-840.0,-1360.0,
-800.0,-1360.0,
-760.0,-1360.0,
-720.0,-1360.0,
-680.0,-1360.0,
-640.0,-1360.0,
-600.0,-1360.0,61.773187
-560.0,-1360.0,60.292812
-520.0,-1360.0,58.892711
-480.0,-1360.0,57.573074
-440.0,-1360.0,56.333696
-400.0,-1360.0,55.175094
-360.0,-1360.0,54.097247
-320.0,-1360.0,53.100125
-280.0,-1360.0,52.183969
-240.0,-1360.0,51.348749
-200.0,-1360.0,50.594433
-160.0,-1360.0,49.921247
-120.0,-1360.0,49.329162
-80.0,-1360.0,48.818001
-40.0,-1360.0,48.387931
0.0,-1360.0,48.038955
40.0,-1360.0,47.771119
80.0,-1360.0,47.592697
120.0,-1360.0,47.539708
160.0,-1360.0,47.66788
200.0,-1360.0,47.929235
240.0,-1360.0,48.271438
280.0,-1360.0,48.694496
320.0,-1360.0,49.19798
360.0,-1360.0,49.782253
400.0,-1360.0,50.44693
440.0,-1360.0,51.192195
480.0,-1360.0,52.017574
520.0,-1360.0,52.923308
560.0,-1360.0,53.909163
600.0,-1360.0,54.97473
640.0,-1360.0,56.120091
680.0,-1360.0,57.345022
720.0,-1360.0,58.649284
760.0,-1360.0,60.032628
800.0,-1360.0,
840.0,-1360.0,
880.0,-1360.0,
920.0,-1360.0,
960.0,-1360.0,
1000.0,-1360.0,
1040.0,-1360.0,
1080.0,-1360.0,
1120.0,-1360.0,
1160.0,-1360.0,
-1200.0,-1320.0,
-1160.0,-1320.0,
-1120.0,-1320.0,
-1080.0,-1320.0,
-1040.0,-1320.0,
-1000.0,-1320.0,
-960.0,-1320.0,
-920.0,-1320.0,
-880.0,-1320.0,
-840.0,-1320.0,
-800.0,-1320.0,
-760.0,-1320.0,
-720.0,-1320.0,
-680.0,-1320.0,64.135691
-640.0,-1320.0,62.444745
-600.0,-1320.0,60.836152
-560.0,-1320.0,59.310129
-520.0,-1320.0,57.866881
-480.0,-1320.0,56.506397
-440.0,-1320.0,55.228913
-400.0,-1320.0,54.034705
-360.0,-1320.0,52.923628
-320.0,-1320.0,51.895932
-280.0,-1320.0,50.951609
-240.0,-1320.0,50.090836
-200.0,-1320.0,49.313407
-160.0,-1320.0,48.619627
-120.0,-1320.0,48.009468
-80.0,-1320.0,47.482801
-40.0,-1320.0,47.039684
0.0,-1320.0,46.680172
40.0,-1320.0,46.404319
80.0,-1320.0,46.220978
120.0,-1320.0,46.167166
160.0,-1320.0,46.300064
200.0,-1320.0,46.569568
240.0,-1320.0,46.92242
280.0,-1320.0,47.358563
320.0,-1320.0,47.877677
360.0,-1320.0,48.480113
400.0,-1320.0,49.165328
440.0,-1320.0,49.933691
480.0,-1320.0,50.784672
520.0,-1320.0,51.718395
560.0,-1320.0,52.73475
600.0,-1320.0,53.833516
640.0,-1320.0,55.014322
680.0,-1320.0,56.277166
720.0,-1320.0,57.621808
760.0,-1320.0,59.047993
800.0,-1320.0,60.555458
840.0,-1320.0,62.143807
880.0,-1320.0,
920.0,-1320.0,
960.0,-1320.0,
1000.0,-1320.0,
1040.0,-1320.0,
1080.0,-1320.0,
1120.0,-1320.0,
1160.0,-1320.0,
1200.0,-1320.0,
-1240.0,-1280.0,
-1200.0,-1280.0,
-1160.0,-1280.0,
-1120.0,-1280.0,
-1080.0,-1280.0,
-1040.0,-1280.0,
-1000.0,-1280.0,
-960.0,-1280.0,
-920.0,-1280.0,
-880.0,-1280.0,
-840.0,-1280.0,
-800.0,-1280.0,
-760.0,-1280.0,67.07369
-720.0,-1280.0,65.159669
-680.0,-1280.0,63.330128
-640.0,-1280.0,61.58537
-600.0,-1280.0,59.925624
-560.0,-1280.0,58.351106
-520.0,-1280.0,56.861881
-480.0,-1280.0,55.458164
-440.0,-1280.0,54.140203
-400.0,-1280.0,52.908174
-360.0,-1280.0,51.761813
-320.0,-1280.0,50.701644
-280.0,-1280.0,49.727416
-240.0,-1280.0,48.839506
-200.0,-1280.0,48.037536
-160.0,-1280.0,47.321894
-120.0,-1280.0,46.692545
-80.0,-1280.0,46.14941
-40.0,-1280.0,45.692442
0.0,-1280.0,45.321742
40.0,-1280.0,45.037376
80.0,-1280.0,44.848808
120.0,-1280.0,44.794072
160.0,-1280.0,44.931991
200.0,-1280.0,45.21014
240.0,-1280.0,45.574291
280.0,-1280.0,46.024299
320.0,-1280.0,46.560026
360.0,-1280.0,47.181663
400.0,-1280.0,47.888756
440.0,-1280.0,48.681549
480.0,-1280.0,49.559798
520.0,-1280.0,50.523244
560.0,-1280.0,51.571946
600.0,-1280.0,52.705694
640.0,-1280.0,53.924268
680.0,-1280.0,55.22743
720.0,-1280.0,56.614934
760.0,-1280.0,58.086518
800.0,-1280.0,59.641905
840.0,-1280.0,61.280807
880.0,-1280.0,63.002921
920.0,-1280.0,64.807826
960.0,-1280.0,
1000.0,-1280.0,
1040.0,-1280.0,
1080.0,-1280.0,
1120.0,-1280.0,
1160.0,-1280.0,
1200.0,-1280.0,
1240.0,-1280.0,
-1280.0,-1240.0,
-1240.0,-1240.0,
-1200.0,-1240.0,
-1160.0,-1240.0,
-1120.0,-1240.0,
-1080.0,-1240.0,
-1040.0,-1240.0,
-1000.0,-1240.0,
-960.0,-1240.0,
-920.0,-1240.0,
-880.0,-1240.0,
-840.0,-1240.0,
-800.0,-1240.0,68.490399
-760.0,-1240.0,66.426604
-720.0,-1240.0,64.449829
-680.0,-1240.0,62.560332
-640.0,-1240.0,60.758361
-600.0,-1240.0,59.044152
-560.0,-1240.0,57.417929
-520.0,-1240.0,55.879904
-480.0,-1240.0,54.430277
-440.0,-1240.0,53.069237
-400.0,-1240.0,51.796828
-360.0,-1240.0,50.613063
-320.0,-1240.0,49.518338
-280.0,-1240.0,48.512298
-240.0,-1240.0,47.595451
-200.0,-1240.0,46.767441
-160.0,-1240.0,46.028544
-120.0,-1240.0,45.378784
-80.0,-1240.0,44.818126
-40.0,-1240.0,44.346424
0.0,-1240.0,43.963825
40.0,-1240.0,43.670402
80.0,-1240.0,43.476264
120.0,-1240.0,43.420499
160.0,-1240.0,43.563759
200.0,-1240.0,43.851097
240.0,-1240.0,44.227261
280.0,-1240.0,44.692015
320.0,-1240.0,45.245404
360.0,-1240.0,45.887405
400.0,-1240.0,46.617822
440.0,-1240.0,47.436603
480.0,-1240.0,48.343773
520.0,-1240.0,49.338916
560.0,-1240.0,50.422035
600.0,-1240.0,51.592996
640.0,-1240.0,52.851576
680.0,-1240.0,54.197537
720.0,-1240.0,55.630628
760.0,-1240.0,57.150583
800.0,-1240.0,58.757124
840.0,-1240.0,60.449957
880.0,-1240.0,62.228382
920.0,-1240.0,64.092307
960.0,-1240.0,66.041414
1000.0,-1240.0,
1040.0,-1240.0,
1080.0,-1240.0,
1120.0,-1240.0,
1160.0,-1240.0,
1200.0,-1240.0,
1240.0,-1240.0,
1280.0,-1240.0,
-1320.0,-1200.0,
-1280.0,-1200.0,
-1240.0,-1200.0,
-1200.0,-1200.0,
-1160.0,-1200.0,
-1120.0,-1200.0,
-1080.0,-1200.0,
-1040.0,-1200.0,
-1000.0,-1200.0,
-960.0,-1200.0,
-920.0,-1200.0,
-880.0,-1200.0,72.496781
-840.0,-1200.0,70.184258
-800.0,-1200.0,67.961098
-760.0,-1200.0,65.827408
-720.0,-1200.0,63.783546
-680.0,-1200.0,61.829979
-640.0,-1200.0,59.966959
-600.0,-1200.0,58.19472
-560.0,-1200.0,56.513489
-520.0,-1200.0,54.923479
-480.0,-1200.0,53.424889
-440.0,-1200.0,52.017908
-400.0,-1200.0,50.702427
-360.0,-1200.0,49.478801
-320.0,-1200.0,48.347155
-280.0,-1200.0,47.307282
-240.0,-1200.0,46.35957
-200.0,-1200.0,45.503817
-160.0,-1200.0,44.740135
-120.0,-1200.0,44.068621
-80.0,-1200.0,43.489237
-40.0,-1200.0,43.001878
0.0,-1200.0,42.606594
40.0,-1200.0,42.303518
80.0,-1200.0,42.103436
120.0,-1200.0,42.046558
160.0,-1200.0,42.195478
200.0,-1200.0,42.492604
240.0,-1200.0,42.881561
280.0,-1200.0,43.362033
320.0,-1200.0,43.934237
360.0,-1200.0,44.597942
400.0,-1200.0,45.353207
440.0,-1200.0,46.199691
480.0,-1200.0,47.137544
520.0,-1200.0,48.166577
560.0,-1200.0,49.286421
600.0,-1200.0,50.497058
640.0,-1200.0,51.798296
680.0,-1200.0,53.189894
720.0,-1200.0,54.671598
760.0,-1200.0,56.24314
800.0,-1200.0,57.903976
840.0,-1200.0,59.653928
880.0,-1200.0,61.492709
920.0,-1200.0,63.419707
960.0,-1200.0,65.434397
1000.0,-1200.0,67.536486
1040.0,-1200.0,69.725099
1080.0,-1200.0,
1120.0,-1200.0,
1160.0,-1200.0,
1200.0,-1200.0,
1240.0,-1200.0,
1280.0,-1200.0,
1320.0,-1200.0,
-1360.0,-1160.0,
-1320.0,-1160.0,
-1280.0,-1160.0,
-1240.0,-1160.0,
-1200.0,-1160.0,
-1160.0,-1160.0,
-1120.0,-1160.0,
-1080.0,-1160.0,
-1040.0,-1160.0,
-1000.0,-1160.0,
-960.0,-1160.0,
-920.0,-1160.0,74.668812
-880.0,-1160.0,72.183554
-840.0,-1160.0,69.79038
-800.0,-1160.0,67.489168
-760.0,-1160.0,65.280772
-720.0,-1160.0,63.165529
-680.0,-1160.0,61.143536
-640.0,-1160.0,59.215249
-600.0,-1160.0,57.380976
-560.0,-1160.0,55.640945
-520.0,-1160.0,53.995368
-480.0,-1160.0,52.444445
-440.0,-1160.0,50.988219
-400.0,-1160.0,49.626866
-360.0,-1160.0,48.360641
-320.0,-1160.0,47.189511
-280.0,-1160.0,46.113527
-240.0,-1160.0,45.132847
-200.0,-1160.0,44.247452
-160.0,-1160.0,43.457296
-120.0,-1160.0,42.762549
-80.0,-1160.0,42.163164
-40.0,-1160.0,41.659076
0.0,-1160.0,41.250246
40.0,-1160.0,40.936859
80.0,-1160.0,40.730395
120.0,-1160.0,40.672331
160.0,-1160.0,40.827267
200.0,-1160.0,41.13484
240.0,-1160.0,41.537443
280.0,-1160.0,42.034711
320.0,-1160.0,42.627001
360.0,-1160.0,43.313889
400.0,-1160.0,44.095636
440.0,-1160.0,44.971759
480.0,-1160.0,45.942393
520.0,-1160.0,47.007394
560.0,-1160.0,48.16656
600.0,-1160.0,49.419672
640.0,-1160.0,50.766499
680.0,-1160.0,52.206791
720.0,-1160.0,53.740286
760.0,-1160.0,55.366702
800.0,-1160.0,57.085745
840.0,-1160.0,58.897103
880.0,-1160.0,60.799935
920.0,-1160.0,62.794244
960.0,-1160.0,64.879245
1000.0,-1160.0,67.054554
1040.0,-1160.0,69.319266
1080.0,-1160.0,71.673082
1120.0,-1160.0,
1160.0,-1160.0,
1200.0,-1160.0,
1240.0,-1160.0,
1280.0,-1160.0,
1320.0,-1160.0,
1360.0,-1160.0,
-1400.0,-1120.0,
-1360.0,-1120.0,
-1320.0,-1120.0,
-1280.0,-1120.0,
-1240.0,-1120.0,
-1200.0,-1120.0,
-1160.0,-1120.0,
-1120.0,-1120.0,
-1080.0,-1120.0,
-1040.0,-1120.0,
-1000.0,-1120.0,
-960.0,-1120.0,77.19008
-920.0,-1120.0,74.520571
-880.0,-1120.0,71.94559
-840.0,-1120.0,69.465521
-800.0,-1120.0,67.08116
-760.0,-1120.0,64.792732
-720.0,-1120.0,62.600686
-680.0,-1120.0,60.505524
-640.0,-1120.0,58.507504
-600.0,-1120.0,56.606867
-560.0,-1120.0,54.803833
-520.0,-1120.0,53.098703
-480.0,-1120.0,51.49159
-440.0,-1120.0,49.982722
-400.0,-1120.0,48.572278
-360.0,-1120.0,47.260424
-320.0,-1120.0,46.047016
-280.0,-1120.0,44.932355
-240.0,-1120.0,43.916378
-200.0,-1120.0,42.999239
-160.0,-1120.0,42.180743
-120.0,-1120.0,41.461124
-80.0,-1120.0,40.840329
-40.0,-1120.0,40.318311
0.0,-1120.0,39.894997
40.0,-1120.0,39.570574
80.0,-1120.0,39.35725
120.0,-1120.0,39.297923
160.0,-1120.0,39.459261
200.0,-1120.0,39.778009
240.0,-1120.0,40.195141
280.0,-1120.0,40.710457
320.0,-1120.0,41.324223
360.0,-1120.0,42.035943
400.0,-1120.0,42.845917
440.0,-1120.0,43.753885
480.0,-1120.0,44.759618
520.0,-1120.0,45.863136
560.0,-1120.0,47.064236
600.0,-1120.0,48.362701
640.0,-1120.0,49.758295
680.0,-1120.0,51.250769
720.0,-1120.0,52.839853
760.0,-1120.0,54.525265
800.0,-1120.0,56.306484
840.0,-1120.0,58.183114
880.0,-1120.0,60.154997
920.0,-1120.0,62.22111
960.0,-1120.0,64.381526
1000.0,-1120.0,66.634923
1040.0,-1120.0,68.981214
1080.0,-1120.0,71.419586
1120.0,-1120.0,73.948949
1160.0,-1120.0,
1200.0,-1120.0,
1240.0,-1120.0,
1280.0,-1120.0,
1320.0,-1120.0,
1360.0,-1120.0,
1400.0,-1120.0,
-1440.0,-1080.0,
-1400.0,-1080.0,
-1360.0,-1080.0,
-1320.0,-1080.0,
-1280.0,-1080.0,
-1240.0,-1080.0,
-1200.0,-1080.0,
-1160.0,-1080.0,
-1120.0,-1080.0,
-1080.0,-1080.0,
-1040.0,-1080.0,
-1000.0,-1080.0,80.099098
-960.0,-1080.0,77.232138
-920.0,-1080.0,74.462518
-880.0,-1080.0,71.791009
-840.0,-1080.0,69.217981
-800.0,-1080.0,66.744066
-760.0,-1080.0,64.369749
-720.0,-1080.0,62.095577
-680.0,-1080.0,59.92162
-640.0,-1080.0,57.848529
-600.0,-1080.0,55.876551
-560.0,-1080.0,54.005922
-520.0,-1080.0,52.236863
-480.0,-1080.0,50.569581
-440.0,-1080.0,49.00427
-400.0,-1080.0,47.541107
-360.0,-1080.0,46.180205
-320.0,-1080.0,44.921465
-280.0,-1080.0,43.765279
-240.0,-1080.0,42.711416
-200.0,-1080.0,41.760201
-160.0,-1080.0,40.91129
-120.0,-1080.0,40.16498
-80.0,-1080.0,39.521212
-40.0,-1080.0,38.97993
0.0,-1080.0,38.541083
40.0,-1080.0,38.204806
80.0,-1080.0,37.984141
120.0,-1080.0,37.923431
160.0,-1080.0,38.091606
200.0,-1080.0,38.422337
240.0,-1080.0,38.85506
280.0,-1080.0,39.389732
320.0,-1080.0,40.02643
360.0,-1080.0,40.764898
400.0,-1080.0,41.605167
440.0,-1080.0,42.547205
480.0,-1080.0,43.590706
520.0,-1080.0,44.735572
560.0,-1080.0,45.981693
600.0,-1080.0,47.328851
640.0,-1080.0,48.77681
680.0,-1080.0,50.325316
720.0,-1080.0,51.973997
760.0,-1080.0,53.722403
800.0,-1080.0,55.570378
840.0,-1080.0,57.51744
880.0,-1080.0,59.562838
920.0,-1080.0,61.706422
960.0,-1080.0,63.947235
1000.0,-1080.0,66.284786
1040.0,-1080.0,68.718471
1080.0,-1080.0,71.247416
1120.0,-1080.0,73.87051
1160.0,-1080.0,76.587088
1200.0,-1080.0,
1240.0,-1080.0,
1280.0,-1080.0,
1320.0,-1080.0,
1360.0,-1080.0,
1400.0,-1080.0,
1440.0,-1080.0,
-1440.0,-1040.0,
-1400.0,-1040.0,
-1360.0,-1040.0,
-1320.0,-1040.0,
-1280.0,-1040.0,
-1240.0,-1040.0,
-1200.0,-1040.0,
-1160.0,-1040.0,
-1120.0,-1040.0,
-1080.0,-1040.0,
-1040.0,-1040.0,83.438861
-1000.0,-1040.0,80.360561
-960.0,-1040.0,77.382459
-920.0,-1040.0,74.505181
-880.0,-1040.0,71.729663
-840.0,-1040.0,69.056634
-800.0,-1040.0,66.48633
-760.0,-1040.0,64.019622
-720.0,-1040.0,61.656691
-680.0,-1040.0,59.39826
-640.0,-1040.0,57.244437
-600.0,-1040.0,55.195608
-560.0,-1040.0,53.252146
-520.0,-1040.0,51.41427
-480.0,-1040.0,49.68219
-440.0,-1040.0,48.056097
-400.0,-1040.0,46.536168
-360.0,-1040.0,45.122369
-320.0,-1040.0,43.814924
-280.0,-1040.0,42.614035
-240.0,-1040.0,41.519401
-200.0,-1040.0,40.531455
-160.0,-1040.0,39.64987
-120.0,-1040.0,38.874843
-80.0,-1040.0,38.206359
-40.0,-1040.0,37.644352
0.0,-1040.0,37.188765
40.0,-1040.0,36.839759
80.0,-1040.0,36.611191
120.0,-1040.0,36.548967
160.0,-1040.0,36.724467
200.0,-1040.0,37.068082
240.0,-1040.0,37.517576
280.0,-1040.0,38.07306
320.0,-1040.0,38.734432
360.0,-1040.0,39.501666
400.0,-1040.0,40.374534
440.0,-1040.0,41.353119
480.0,-1040.0,42.437247
520.0,-1040.0,43.626725
560.0,-1040.0,44.92132
600.0,-1040.0,46.320883
640.0,-1040.0,47.82509
680.0,-1040.0,49.433704
720.0,-1040.0,51.146442
760.0,-1040.0,52.963001
800.0,-1040.0,54.882698
840.0,-1040.0,56.905265
880.0,-1040.0,59.030112
920.0,-1040.0,61.256721
960.0,-1040.0,63.584204
1000.0,-1040.0,66.012157
1040.0,-1040.0,68.539723
1080.0,-1040.0,71.165979
1120.0,-1040.0,73.889876
1160.0,-1040.0,76.71058
1200.0,-1040.0,79.626858
1240.0,-1040.0,
1280.0,-1040.0,
1320.0,-1040.0,
1360.0,-1040.0,
1400.0,-1040.0,
1440.0,-1040.0,
-1480.0,-1000.0,
-1440.0,-1000.0,
-1400.0,-1000.0,
-1360.0,-1000.0,
-1320.0,-1000.0,
-1280.0,-1000.0,
-1240.0,-1000.0,
-1200.0,-1000.0,
-1160.0,-1000.0,
-1120.0,-1000.0,
-1080.0,-1000.0,87.259944
-1040.0,-1000.0,83.954516
-1000.0,-1000.0,80.752224
-960.0,-1000.0,77.654044
-920.0,-1000.0,74.660713
-880.0,-1000.0,71.773013
-840.0,-1000.0,68.991784
-800.0,-1000.0,66.317744
-760.0,-1000.0,63.751003
-720.0,-1000.0,61.29265
-680.0,-1000.0,58.942583
-640.0,-1000.0,56.701624
-600.0,-1000.0,54.570031
-560.0,-1000.0,52.547961
-520.0,-1000.0,50.635755
-480.0,-1000.0,48.833688
-440.0,-1000.0,47.141951
-400.0,-1000.0,45.560606
-360.0,-1000.0,44.089818
-320.0,-1000.0,42.729783
-280.0,-1000.0,41.480547
-240.0,-1000.0,40.341995
-200.0,-1000.0,39.314394
-160.0,-1000.0,38.39756
-120.0,-1000.0,37.591548
-80.0,-1000.0,36.896397
-40.0,-1000.0,36.312033
0.0,-1000.0,35.838387
40.0,-1000.0,35.475656
80.0,-1000.0,35.238548
120.0,-1000.0,35.174671
160.0,-1000.0,35.358032
200.0,-1000.0,35.715537
240.0,-1000.0,36.183122
280.0,-1000.0,36.761048
320.0,-1000.0,37.449038
360.0,-1000.0,38.24727
400.0,-1000.0,39.155341
440.0,-1000.0,40.173369
480.0,-1000.0,41.30121
520.0,-1000.0,42.538677
560.0,-1000.0,43.885561
600.0,-1000.0,45.341635
640.0,-1000.0,46.906652
680.0,-1000.0,48.580345
720.0,-1000.0,50.36235
760.0,-1000.0,52.252027
800.0,-1000.0,54.249331
840.0,-1000.0,56.353341
880.0,-1000.0,58.563944
920.0,-1000.0,60.8799
960.0,-1000.0,63.300979
1000.0,-1000.0,65.826333
1040.0,-1000.0,68.455047
1080.0,-1000.0,71.186146
1120.0,-1000.0,74.018587
1160.0,-1000.0,76.951268
1200.0,-1000.0,79.983023
1240.0,-1000.0,83.112622
1280.0,-1000.0,
1320.0,-1000.0,
1360.0,-1000.0,
1400.0,-1000.0,
1440.0,-1000.0,
1480.0,-1000.0,
-1520.0,-960.0,
-1480.0,-960.0,
-1440.0,-960.0,
-1400.0,-960.0,
-1360.0,-960.0,
-1320.0,-960.0,
-1280.0,-960.0,
-1240.0,-960.0,
-1200.0,-960.0,
-1160.0,-960.0,
-1120.0,-960.0,91.619889
-1080.0,-960.0,88.070293
-1040.0,-960.0,84.62682
-1000.0,-960.0,81.290478
-960.0,-960.0,78.06229
-920.0,-960.0,74.943309
-880.0,-960.0,71.934219
-840.0,-960.0,69.035915
-800.0,-960.0,66.249157
-760.0,-960.0,63.574558
-720.0,-960.0,61.012385
-680.0,-960.0,58.563528
-640.0,-960.0,56.228081
-600.0,-960.0,54.006585
-560.0,-960.0,51.899407
-520.0,-960.0,49.906781
-480.0,-960.0,48.028919
-440.0,-960.0,46.266021
-400.0,-960.0,44.618267
-360.0,-960.0,43.08582
-320.0,-960.0,41.668825
-280.0,-960.0,40.367225
-240.0,-960.0,39.181131
-200.0,-960.0,38.110603
-160.0,-960.0,37.155607
-120.0,-960.0,36.31606
-80.0,-960.0,35.592052
-40.0,-960.0,34.983496
0.0,-960.0,34.490311
40.0,-960.0,34.112739
80.0,-960.0,33.866371
120.0,-960.0,33.800682
160.0,-960.0,33.992513
200.0,-960.0,34.364999
240.0,-960.0,34.852194
280.0,-960.0,35.454392
320.0,-960.0,36.171186
360.0,-960.0,37.002831
400.0,-960.0,37.949124
440.0,-960.0,39.00985
480.0,-960.0,40.185019
520.0,-960.0,41.474447
560.0,-960.0,42.877927
600.0,-960.0,44.395232
640.0,-960.0,46.026113
680.0,-960.0,47.770003
720.0,-960.0,49.62676
760.0,-960.0,51.596041
800.0,-960.0,53.676929
840.0,-960.0,55.869354
880.0,-960.0,58.172341
920.0,-960.0,60.585286
960.0,-960.0,63.107529
1000.0,-960.0,65.738159
1040.0,-960.0,68.476201
1080.0,-960.0,71.32061
1120.0,-960.0,74.27028
1160.0,-960.0,77.324035
1200.0,-960.0,80.480638
1240.0,-960.0,83.738468
1280.0,-960.0,87.095878
1320.0,-960.0,
1360.0,-960.0,
1400.0,-960.0,
1440.0,-960.0,
1480.0,-960.0,
1520.0,-960.0,
-1520.0,-920.0,
-1480.0,-920.0,
-1440.0,-920.0,
-1400.0,-920.0,
-1360.0,-920.0,
-1320.0,-920.0,
-1280.0,-920.0,
-1240.0,-920.0,
-1200.0,-920.0,
-1160.0,-920.0,96.586459
-1120.0,-920.0,92.773846
-1080.0,-920.0,89.069801
-1040.0,-920.0,85.476257
-1000.0,-920.0,81.994365
-960.0,-920.0,78.625168
-920.0,-920.0,75.369652
-880.0,-920.0,72.228746
-840.0,-920.0,69.203317
-800.0,-920.0,66.294173
-760.0,-920.0,63.502062
-720.0,-920.0,60.827473
-680.0,-920.0,58.270884
-640.0,-920.0,55.832905
-600.0,-920.0,53.513914
-560.0,-920.0,51.314101
-520.0,-920.0,49.233964
-480.0,-920.0,47.273718
-440.0,-920.0,45.43356
-400.0,-920.0,43.713669
-360.0,-920.0,42.114205
-320.0,-920.0,40.635308
-280.0,-920.0,39.276819
-240.0,-920.0,38.039069
-200.0,-920.0,36.921917
-160.0,-920.0,35.925466
-120.0,-920.0,35.049506
-80.0,-920.0,34.294168
-40.0,-920.0,33.659349
0.0,-920.0,33.144955
40.0,-920.0,32.751284
80.0,-920.0,32.494846
120.0,-920.0,32.427161
160.0,-920.0,32.628154
200.0,-920.0,33.016867
240.0,-920.0,33.525371
280.0,-920.0,34.15383
320.0,-920.0,34.90197
360.0,-920.0,35.769896
400.0,-920.0,36.757551
440.0,-920.0,37.864781
480.0,-920.0,39.091361
520.0,-920.0,40.43724
560.0,-920.0,41.902189
600.0,-920.0,43.485847
640.0,-920.0,45.188021
680.0,-920.0,47.008424
720.0,-920.0,48.94651
760.0,-920.0,51.001801
800.0,-920.0,53.173839
840.0,-920.0,55.462037
880.0,-920.0,57.865452
920.0,-920.0,60.383595
960.0,-920.0,63.015561
1000.0,-920.0,65.760373
1040.0,-920.0,68.616987
1080.0,-920.0,71.584289
1120.0,-920.0,74.661097
1160.0,-920.0,77.84616
1200.0,-920.0,81.137455
1240.0,-920.0,84.534059
1280.0,-920.0,88.033857
1320.0,-920.0,91.635281
1360.0,-920.0,
1400.0,-920.0,
1440.0,-920.0,
1480.0,-920.0,
1520.0,-920.0,
-1560.0,-880.0,
-1520.0,-880.0,
-1480.0,-880.0,
-1440.0,-880.0,
-1400.0,-880.0,
-1360.0,-880.0,
-1320.0,-880.0,
-1280.0,-880.0,
-1240.0,-880.0,
-1200.0,-880.0,102.238144
-1160.0,-880.0,98.141202
-1120.0,-880.0,94.155972
-1080.0,-880.0,90.284296
-1040.0,-880.0,86.527343
-1000.0,-880.0,82.886723
-960.0,-880.0,79.363758
-920.0,-880.0,75.959488
-880.0,-880.0,72.674896
-840.0,-880.0,69.510902
-800.0,-880.0,66.468364
-760.0,-880.0,63.548081
-720.0,-880.0,60.750786
-680.0,-880.0,58.076849
-640.0,-880.0,55.526944
-600.0,-880.0,53.101414
-560.0,-880.0,50.800814
-520.0,-880.0,48.625265
-480.0,-880.0,46.57512
-440.0,-880.0,44.650662
-400.0,-880.0,42.852067
-360.0,-880.0,41.179493
-320.0,-880.0,39.632947
-280.0,-880.0,38.212552
-240.0,-880.0,36.918472
-200.0,-880.0,35.750492
-160.0,-880.0,34.708851
-120.0,-880.0,33.793208
-80.0,-880.0,33.003732
-40.0,-880.0,32.340303
0.0,-880.0,31.802807
40.0,-880.0,31.391608
80.0,-880.0,31.124184
120.0,-880.0,31.054301
160.0,-880.0,31.265236
200.0,-880.0,31.671623
240.0,-880.0,32.203327
280.0,-880.0,32.860362
320.0,-880.0,33.642672
360.0,-880.0,34.550133
400.0,-880.0,35.582801
440.0,-880.0,36.740539
480.0,-880.0,38.023185
520.0,-880.0,39.430556
560.0,-880.0,40.962443
600.0,-880.0,42.618607
640.0,-880.0,44.398785
680.0,-880.0,46.302279
720.0,-880.0,48.329012
760.0,-880.0,50.47818
800.0,-880.0,52.749498
840.0,-880.0,55.141876
880.0,-880.0,57.654824
920.0,-880.0,60.287493
960.0,-880.0,63.03891
1000.0,-880.0,65.908026
1040.0,-880.0,68.893723
1080.0,-880.0,71.994807
1120.0,-880.0,75.209702
1160.0,-880.0,78.536937
1200.0,-880.0,81.9753
1240.0,-880.0,85.522203
1280.0,-880.0,89.176526
1320.0,-880.0,92.93583
1360.0,-880.0,96.797646
1400.0,-880.0,
1440.0,-880.0,
1480.0,-880.0,
1520.0,-880.0,
1560.0,-880.0,
-1560.0,-840.0,
-1520.0,-840.0,
-1480.0,-840.0,
-1440.0,-840.0,
-1400.0,-840.0,
-1360.0,-840.0,
-1320.0,-840.0,
-1280.0,-840.0,
-1240.0,-840.0,
-1200.0,-840.0,104.262729
-1160.0,-840.0,99.973048
-1120.0,-840.0,95.799468
-1080.0,-840.0,91.744221
-1040.0,-840.0,87.808788
-1000.0,-840.0,83.994771
-960.0,-840.0,80.303465
-920.0,-840.0,76.736357
-880.0,-840.0,73.294486
-840.0,-840.0,69.978829
-800.0,-840.0,66.790298
-760.0,-840.0,63.729742
-720.0,-840.0,60.797945
-680.0,-840.0,57.995624
-640.0,-840.0,55.323042
-600.0,-840.0,52.781046
-560.0,-840.0,50.369728
-520.0,-840.0,48.089719
-480.0,-840.0,45.941243
-440.0,-840.0,43.924504
-400.0,-840.0,42.039686
-360.0,-840.0,40.28695
-320.0,-840.0,38.666435
-280.0,-840.0,37.178255
-240.0,-840.0,35.822491
-200.0,-840.0,34.598889
-160.0,-840.0,33.507745
-120.0,-840.0,32.548728
-80.0,-840.0,31.72191
-40.0,-840.0,31.027191
0.0,-840.0,30.464436
40.0,-840.0,30.034077
80.0,-840.0,29.754627
120.0,-840.0,29.682328
160.0,-840.0,29.904088
200.0,-840.0,30.329797
240.0,-840.0,30.886856
280.0,-840.0,31.57514
320.0,-840.0,32.394788
360.0,-840.0,33.34552
400.0,-840.0,34.427442
440.0,-840.0,35.640449
480.0,-840.0,36.984393
520.0,-840.0,38.459093
560.0,-840.0,40.064344
600.0,-840.0,41.799749
640.0,-840.0,43.664953
680.0,-840.0,45.659778
720.0,-840.0,47.783266
760.0,-840.0,50.035305
800.0,-840.0,52.414992
840.0,-840.0,54.921521
880.0,-840.0,57.554202
920.0,-840.0,60.312062
960.0,-840.0,63.19405
1000.0,-840.0,66.199041
1040.0,-840.0,69.325783
1080.0,-840.0,72.572505
1120.0,-840.0,75.938189
1160.0,-840.0,79.420877
1200.0,-840.0,83.018864
1240.0,-840.0,86.729902
1280.0,-840.0,90.552199
1320.0,-840.0,94.483288
1360.0,-840.0,98.520539
1400.0,-840.0,
1440.0,-840.0,
1480.0,-840.0,
1520.0,-840.0,
1560.0,-840.0,
-1600.0,-800.0,
-1560.0,-800.0,
-1520.0,-800.0,
-1480.0,-800.0,
-1440.0,-800.0,
-1400.0,-800.0,
-1360.0,-800.0,
-1320.0,-800.0,
-1280.0,-800.0,
-1240.0,-800.0,111.244172
-1200.0,-800.0,106.624345
-1160.0,-800.0,102.123262
-1120.0,-800.0,97.743278
-1080.0,-800.0,93.486596
-1040.0,-800.0,89.355268
-1000.0,-800.0,85.350641
-960.0,-800.0,81.474741
-920.0,-800.0,77.728559
-880.0,-800.0,74.113742
-840.0,-800.0,70.631327
-800.0,-800.0,67.282282
-760.0,-800.0,64.067513
-720.0,-800.0,60.987856
-680.0,-800.0,58.04408
-640.0,-800.0,55.236872
-600.0,-800.0,52.566429
-560.0,-800.0,50.033675
-520.0,-800.0,47.638609
-480.0,-800.0,45.381796
-440.0,-800.0,43.263484
-400.0,-800.0,41.283853
-360.0,-800.0,39.443063
-320.0,-800.0,37.741247
-280.0,-800.0,36.17851
-240.0,-800.0,34.754836
-200.0,-800.0,33.470167
-160.0,-800.0,32.324603
-120.0,-800.0,31.31793
-80.0,-800.0,30.45009
-40.0,-800.0,29.721007
0.0,-800.0,29.130517
40.0,-800.0,28.679128
80.0,-800.0,28.386468
120.0,-800.0,28.311487
160.0,-800.0,28.545096
200.0,-800.0,28.992016
240.0,-800.0,29.576903
280.0,-800.0,30.299502
320.0,-800.0,31.160031
360.0,-800.0,32.158415
400.0,-800.0,33.294464
440.0,-800.0,34.568223
480.0,-800.0,35.979556
520.0,-800.0,37.528204
560.0,-800.0,39.213888
600.0,-800.0,41.03642
640.0,-800.0,42.995372
680.0,-800.0,45.090121
720.0,-800.0,47.320284
760.0,-800.0,49.685271
800.0,-800.0,52.184008
840.0,-800.0,54.815934
880.0,-800.0,57.580082
920.0,-800.0,60.475401
960.0,-800.0,63.500754
1000.0,-800.0,66.654597
1040.0,-800.0,69.935677
1080.0,-800.0,73.3427
1120.0,-800.0,76.873214
1160.0,-800.0,80.526113
1200.0,-800.0,84.298813
1240.0,-800.0,88.189144
1280.0,-800.0,92.194825
1320.0,-800.0,96.313143
1360.0,-800.0,100.541213
1400.0,-800.0,104.875983
1440.0,-800.0,
1480.0,-800.0,
1520.0,-800.0,
1560.0,-800.0,
1600.0,-800.0,
-1600.0,-760.0,
-1560.0,-760.0,
-1520.0,-760.0,
-1480.0,-760.0,
-1440.0,-760.0,
-1400.0,-760.0,
-1360.0,-760.0,
-1320.0,-760.0,
-1280.0,-760.0,119.211415
-1240.0,-760.0,114.233093
-1200.0,-760.0,109.375613
-1160.0,-760.0,104.641927
-1120.0,-760.0,100.034595
-1080.0,-760.0,95.556022
-1040.0,-760.0,91.208456
-1000.0,-760.0,86.993928
-960.0,-760.0,82.913823
-920.0,-760.0,78.970418
-880.0,-760.0,75.164469
-840.0,-760.0,71.497774
-800.0,-760.0,67.971367
-760.0,-760.0,64.586208
-720.0,-760.0,61.343193
-680.0,-760.0,58.243145
-640.0,-760.0,55.286818
-600.0,-760.0,52.474788
-560.0,-760.0,49.80742
-520.0,-760.0,47.285387
-480.0,-760.0,44.908932
-440.0,-760.0,42.678297
-400.0,-760.0,40.593832
-360.0,-760.0,38.65569
-320.0,-760.0,36.864
-280.0,-760.0,35.218859
-240.0,-760.0,33.720153
-200.0,-760.0,32.368015
-160.0,-760.0,31.162352
-120.0,-760.0,30.103054
-80.0,-760.0,29.189938
-40.0,-760.0,28.422938
0.0,-760.0,27.801855
40.0,-760.0,27.327279
80.0,-760.0,27.020038
120.0,-760.0,26.942081
160.0,-760.0,27.188669
200.0,-760.0,27.65903
240.0,-760.0,28.274563
280.0,-760.0,29.035053
320.0,-760.0,29.940696
360.0,-760.0,30.991481
400.0,-760.0,32.187336
440.0,-760.0,33.528162
480.0,-760.0,35.013824
520.0,-760.0,36.644149
560.0,-760.0,38.418925
600.0,-760.0,40.337607
640.0,-760.0,42.399942
680.0,-760.0,44.605252
720.0,-760.0,46.953114
760.0,-760.0,49.442628
800.0,-760.0,52.072942
840.0,-760.0,54.843232
880.0,-760.0,57.75244
920.0,-760.0,60.799281
960.0,-760.0,63.982359
1000.0,-760.0,67.300476
1040.0,-760.0,70.751832
1080.0,-760.0,74.334645
1120.0,-760.0,78.046892
1160.0,-760.0,81.886665
1200.0,-760.0,85.851488
1240.0,-760.0,89.938624
1280.0,-760.0,94.145467
1320.0,-760.0,98.468812
1360.0,-760.0,102.905493
1400.0,-760.0,107.452158
1440.0,-760.0,112.105173
1480.0,-760.0,
1520.0,-760.0,
1560.0,-760.0,
1600.0,-760.0,
-1640.0,-720.0,
-1600.0,-720.0,
-1560.0,-720.0,
-1520.0,-720.0,
-1480.0,-720.0,
-1440.0,-720.0,
-1400.0,-720.0,
-1360.0,-720.0,
-1320.0,-720.0,
-1280.0,-720.0,122.946601
-1240.0,-720.0,117.701119
-1200.0,-720.0,112.581294
-1160.0,-720.0,107.590456
-1120.0,-720.0,102.731271
-1080.0,-720.0,98.006885
-1040.0,-720.0,93.419754
-1000.0,-720.0,88.972173
-960.0,-720.0,84.665967
-920.0,-720.0,80.503129
-880.0,-720.0,76.485494
-840.0,-720.0,72.614151
-800.0,-720.0,68.890672
-760.0,-720.0,65.316209
-720.0,-720.0,61.891716
-680.0,-720.0,58.618075
-640.0,-720.0,55.496095
-600.0,-720.0,52.52651
-560.0,-720.0,49.709793
-520.0,-720.0,47.046461
-480.0,-720.0,44.536948
-440.0,-720.0,42.18165
-400.0,-720.0,39.980705
-360.0,-720.0,37.93435
-320.0,-720.0,36.042772
-280.0,-720.0,34.305975
-240.0,-720.0,32.724008
-200.0,-720.0,31.296929
-160.0,-720.0,30.02454
-120.0,-720.0,28.906825
-80.0,-720.0,27.943473
-40.0,-720.0,27.13442
0.0,-720.0,26.479422
40.0,-720.0,25.979149
80.0,-720.0,25.655744
120.0,-720.0,25.574469
160.0,-720.0,25.835413
200.0,-720.0,26.331743
240.0,-720.0,26.981183
280.0,-720.0,27.783738
320.0,-720.0,28.739425
360.0,-720.0,29.848357
400.0,-720.0,31.110494
440.0,-720.0,32.525762
480.0,-720.0,34.09404
520.0,-720.0,35.815115
560.0,-720.0,37.688506
600.0,-720.0,39.714146
640.0,-720.0,41.891157
680.0,-720.0,44.219273
720.0,-720.0,46.697701
760.0,-720.0,49.325484
800.0,-720.0,52.101775
840.0,-720.0,55.025492
880.0,-720.0,58.095323
920.0,-720.0,61.310072
960.0,-720.0,64.668388
1000.0,-720.0,68.168038
1040.0,-720.0,71.807855
1080.0,-720.0,75.585171
1120.0,-720.0,79.498062
1160.0,-720.0,83.544082
1200.0,-720.0,87.720483
1240.0,-720.0,92.024326
1280.0,-720.0,96.452484
1320.0,-720.0,101.001576
1360.0,-720.0,105.667195
1400.0,-720.0,110.446264
1440.0,-720.0,115.333493
1480.0,-720.0,
1520.0,-720.0,
1560.0,-720.0,
1600.0,-720.0,
1640.0,-720.0,
-1640.0,-680.0,
-1600.0,-680.0,
-1560.0,-680.0,
-1520.0,-680.0,
-1480.0,-680.0,
-1440.0,-680.0,
-1400.0,-680.0,
-1360.0,-680.0,
-1320.0,-680.0,132.941168
-1280.0,-680.0,127.273303
-1240.0,-680.0,121.731754
-1200.0,-680.0,116.320334
-1160.0,-680.0,111.043412
-1120.0,-680.0,105.904231
-1080.0,-680.0,100.906296
-1040.0,-680.0,96.052326
-1000.0,-680.0,91.344867
-960.0,-680.0,86.786295
-920.0,-680.0,82.378808
-880.0,-680.0,78.124428
-840.0,-680.0,74.024742
-800.0,-680.0,70.081198
-760.0,-680.0,66.295118
-720.0,-680.0,62.667776
-680.0,-680.0,59.200116
-640.0,-680.0,55.893007
-600.0,-680.0,52.747241
-560.0,-680.0,49.76353
-520.0,-680.0,46.942248
-480.0,-680.0,44.284046
-440.0,-680.0,41.789133
-400.0,-680.0,39.457954
-360.0,-680.0,37.290668
-320.0,-680.0,35.287404
-280.0,-680.0,33.448252
-240.0,-680.0,31.773263
-200.0,-680.0,30.262445
-160.0,-680.0,28.915529
-120.0,-680.0,27.732585
-80.0,-680.0,26.713169
-40.0,-680.0,25.857209
0.0,-680.0,25.164399
40.0,-680.0,24.635495
80.0,-680.0,24.294075
120.0,-680.0,24.209095
160.0,-680.0,24.486001
200.0,-680.0,25.011258
240.0,-680.0,25.698495
280.0,-680.0,26.547909
320.0,-680.0,27.559461
360.0,-680.0,28.733292
400.0,-680.0,30.069437
440.0,-680.0,31.567851
480.0,-680.0,33.228229
520.0,-680.0,35.050497
560.0,-680.0,37.034358
600.0,-680.0,39.179129
640.0,-680.0,41.484441
680.0,-680.0,43.949607
720.0,-680.0,46.573752
760.0,-680.0,49.355891
800.0,-680.0,52.294938
840.0,-680.0,55.389708
880.0,-680.0,58.638917
920.0,-680.0,62.040903
960.0,-680.0,65.593863
1000.0,-680.0,69.295949
1040.0,-680.0,73.145162
1080.0,-680.0,77.138955
1120.0,-680.0,81.274665
1160.0,-680.0,85.549654
1200.0,-680.0,89.960514
1240.0,-680.0,94.50404
1280.0,-680.0,99.176767
1320.0,-680.0,103.974307
1360.0,-680.0,108.892564
1400.0,-680.0,113.926451
1440.0,-680.0,119.07135
1480.0,-680.0,124.321591
1520.0,-680.0,
1560.0,-680.0,
1600.0,-680.0,
1640.0,-680.0,
-1680.0,-640.0,
-1640.0,-640.0,
-1600.0,-640.0,
-1560.0,-640.0,
-1520.0,-640.0,
-1480.0,-640.0,
-1440.0,-640.0,
-1400.0,-640.0,
-1360.0,-640.0,
-1320.0,-640.0,138.302493
-1280.0,-640.0,132.300066
-1240.0,-640.0,126.42808
-1200.0,-640.0,120.691541
-1160.0,-640.0,115.095126
-1120.0,-640.0,109.64241
-1080.0,-640.0,104.337978
-1040.0,-640.0,99.184539
-1000.0,-640.0,94.185647
-960.0,-640.0,89.343912
-920.0,-640.0,84.661761
-880.0,-640.0,80.141437
-840.0,-640.0,75.785
-800.0,-640.0,71.593934
-760.0,-640.0,67.570043
-720.0,-640.0,63.714402
-680.0,-640.0,60.028404
-640.0,-640.0,56.512982
-600.0,-640.0,53.168987
-560.0,-640.0,49.997192
-520.0,-640.0,46.998286
-480.0,-640.0,44.172546
-440.0,-640.0,41.520739
-400.0,-640.0,39.042861
-360.0,-640.0,36.739393
-320.0,-640.0,34.610459
-280.0,-640.0,32.656143
-240.0,-640.0,30.876483
-200.0,-640.0,29.271431
-160.0,-640.0,27.840753
-120.0,-640.0,26.584458
-80.0,-640.0,25.502097
-40.0,-640.0,24.593475
0.0,-640.0,23.858244
40.0,-640.0,23.297238
80.0,-640.0,22.93562
120.0,-640.0,22.846487
160.0,-640.0,23.141259
200.0,-640.0,23.698937
240.0,-640.0,24.428568
280.0,-640.0,25.330465
320.0,-640.0,26.404742
360.0,-640.0,27.651485
400.0,-640.0,29.070732
440.0,-640.0,30.662459
480.0,-640.0,32.426574
520.0,-640.0,34.362711
560.0,-640.0,36.470529
600.0,-640.0,38.749434
640.0,-640.0,41.198892
680.0,-640.0,43.818041
720.0,-640.0,46.605903
760.0,-640.0,49.561386
800.0,-640.0,52.68329
840.0,-640.0,55.970309
880.0,-640.0,59.42041
920.0,-640.0,63.032391
960.0,-640.0,66.803535
1000.0,-640.0,70.732097
1040.0,-640.0,74.815491
1080.0,-640.0,79.05092
1120.0,-640.0,83.435375
1160.0,-640.0,87.965633
1200.0,-640.0,92.637847
1240.0,-640.0,97.448038
1280.0,-640.0,102.392169
1320.0,-640.0,107.465361
1360.0,-640.0,112.662228
1400.0,-640.0,117.97763
1440.0,-640.0,123.405506
1480.0,-640.0,128.939419
1520.0,-640.0,
1560.0,-640.0,
1600.0,-640.0,
1640.0,-640.0,
1680.0,-640.0,
-1680.0,-600.0,
-1640.0,-600.0,
-1600.0,-600.0,
-1560.0,-600.0,
-1520.0,-600.0,
-1480.0,-600.0,
-1440.0,-600.0,
-1400.0,-600.0,
-1360.0,-600.0,151.044466
-1320.0,-600.0,144.539835
-1280.0,-600.0,138.163632
-1240.0,-600.0,131.921239
-1200.0,-600.0,125.81934
-1160.0,-600.0,119.863254
-1120.0,-600.0,114.057929
-1080.0,-600.0,108.407846
-1040.0,-600.0,102.916681
-1000.0,-600.0,97.588744
-960.0,-600.0,92.426674
-920.0,-600.0,87.433711
-880.0,-600.0,82.61245
-840.0,-600.0,77.965182
-800.0,-600.0,73.493983
-760.0,-600.0,69.200303
-720.0,-600.0,65.08623
-680.0,-600.0,61.152623
-640.0,-600.0,57.400988
-600.0,-600.0,53.832239
-560.0,-600.0,50.447211
-520.0,-600.0,47.246653
-480.0,-600.0,44.231191
-440.0,-600.0,41.401117
-400.0,-600.0,38.757087
-360.0,-600.0,36.299233
-320.0,-600.0,34.027757
-280.0,-600.0,31.942837
-240.0,-600.0,30.044499
-200.0,-600.0,28.332603
-160.0,-600.0,26.807068
-120.0,-600.0,25.467704
-80.0,-600.0,24.314112
-40.0,-600.0,23.345937
0.0,-600.0,22.562774
40.0,-600.0,21.965528
80.0,-600.0,21.581117
120.0,-600.0,21.487284
160.0,-600.0,21.802217
200.0,-600.0,22.396473
240.0,-600.0,23.173997
280.0,-600.0,24.135214
320.0,-600.0,25.280341
360.0,-600.0,26.609544
400.0,-600.0,28.12292
440.0,-600.0,29.820486
480.0,-600.0,31.701863
520.0,-600.0,33.767035
560.0,-600.0,36.015236
600.0,-600.0,38.446074
640.0,-600.0,41.058713
680.0,-600.0,43.852179
720.0,-600.0,46.825375
760.0,-600.0,49.977083
800.0,-600.0,53.305761
840.0,-600.0,56.809643
880.0,-600.0,60.487003
920.0,-600.0,64.335773
960.0,-600.0,68.353298
1000.0,-600.0,72.537102
1040.0,-600.0,76.884332
1080.0,-600.0,81.391403
1120.0,-600.0,86.055084
1160.0,-600.0,90.871711
1200.0,-600.0,95.836094
1240.0,-600.0,100.944406
1280.0,-600.0,106.191312
1320.0,-600.0,111.570978
1360.0,-600.0,117.07747
1400.0,-600.0,122.704009
1440.0,-600.0,128.443716
1480.0,-600.0,134.28924
1520.0,-600.0,140.231954
1560.0,-600.0,
1600.0,-600.0,
1640.0,-600.0,
1680.0,-600.0,
-1680.0,-560.0,
-1640.0,-560.0,
-1600.0,-560.0,
-1560.0,-560.0,
-1520.0,-560.0,
-1480.0,-560.0,
-1440.0,-560.0,
-1400.0,-560.0,
-1360.0,-560.0,158.761347
-1320.0,-560.0,151.834456
-1280.0,-560.0,145.037279
-1240.0,-560.0,138.37758
-1200.0,-560.0,131.86323
-1160.0,-560.0,125.500029
-1120.0,-560.0,119.294373
-1080.0,-560.0,113.251662
-1040.0,-560.0,107.376769
-1000.0,-560.0,101.67394
-960.0,-560.0,96.147026
-920.0,-560.0,90.799803
-880.0,-560.0,85.63529
-840.0,-560.0,80.655973
-800.0,-560.0,75.864549
-760.0,-560.0,71.262921
-720.0,-560.0,66.853081
-680.0,-560.0,62.636763
-640.0,-560.0,58.614982
-600.0,-560.0,54.789172
-560.0,-560.0,51.160287
-520.0,-560.0,47.729139
-480.0,-560.0,44.496451
-440.0,-560.0,41.462754
-400.0,-560.0,38.628444
-360.0,-560.0,35.993963
-320.0,-560.0,33.559539
-280.0,-560.0,31.325261
-240.0,-560.0,29.29116
-200.0,-560.0,27.457199
-160.0,-560.0,25.823259
-120.0,-560.0,24.389027
-80.0,-560.0,23.154132
-40.0,-560.0,22.118052
0.0,-560.0,21.280292
40.0,-560.0,20.641813
80.0,-560.0,20.231498
120.0,-560.0,20.132315
160.0,-560.0,20.470177
200.0,-560.0,21.105964
240.0,-560.0,21.93808
280.0,-560.0,22.966892
320.0,-560.0,24.192822
360.0,-560.0,25.616139
400.0,-560.0,27.236913
440.0,-560.0,29.055119
480.0,-560.0,31.070708
520.0,-560.0,33.283058
560.0,-560.0,35.691765
600.0,-560.0,38.296077
640.0,-560.0,41.095033
680.0,-560.0,44.087528
720.0,-560.0,47.272323
760.0,-560.0,50.647565
800.0,-560.0,54.211961
840.0,-560.0,57.963029
880.0,-560.0,61.898878
920.0,-560.0,66.016886
960.0,-560.0,70.314184
1000.0,-560.0,74.787666
1040.0,-560.0,79.433983
1080.0,-560.0,84.248712
1120.0,-560.0,89.228375
1160.0,-560.0,94.367431
1200.0,-560.0,99.661351
1240.0,-560.0,105.104343
1280.0,-560.0,110.690192
1320.0,-560.0,116.412255
1360.0,-560.0,122.263467
1400.0,-560.0,128.235237
1440.0,-560.0,134.319922
1480.0,-560.0,140.507472
1520.0,-560.0,146.788709
1560.0,-560.0,
1600.0,-560.0,
1640.0,-560.0,
1680.0,-560.0,
-1720.0,-520.0,
-1680.0,-520.0,
-1640.0,-520.0,
-1600.0,-520.0,
-1560.0,-520.0,
-1520.0,-520.0,
-1480.0,-520.0,
-1440.0,-520.0,
-1400.0,-520.0,175.345386
-1360.0,-520.0,167.822485
-1320.0,-520.0,160.419576
-1280.0,-520.0,153.14683
-1240.0,-520.0,146.013817
-1200.0,-520.0,139.029493
-1160.0,-520.0,132.202196
-1120.0,-520.0,125.539352
-1080.0,-520.0,119.047176
-1040.0,-520.0,112.731786
-1000.0,-520.0,106.59864
-960.0,-520.0,100.652519
-920.0,-520.0,94.897432
-880.0,-520.0,89.337352
-840.0,-520.0,83.975536
-800.0,-520.0,78.814998
-760.0,-520.0,73.858168
-720.0,-520.0,69.10726
-680.0,-520.0,64.564269
-640.0,-520.0,60.230817
-600.0,-520.0,56.108197
-560.0,-520.0,52.197642
-520.0,-520.0,48.500181
-480.0,-520.0,45.0166
-440.0,-520.0,41.747591
-400.0,-520.0,38.693592
-360.0,-520.0,35.855086
-320.0,-520.0,33.23231
-280.0,-520.0,30.825505
-240.0,-520.0,28.634697
-200.0,-520.0,26.659839
-160.0,-520.0,24.900784
-120.0,-520.0,23.357136
-80.0,-520.0,22.028541
-40.0,-520.0,20.914288
0.0,-520.0,20.013757
40.0,-520.0,19.327943
80.0,-520.0,18.887935
120.0,-520.0,18.782669
160.0,-520.0,19.146814
200.0,-520.0,19.830264
240.0,-520.0,20.725016
280.0,-520.0,21.831606
320.0,-520.0,23.150526
360.0,-520.0,24.682166
400.0,-520.0,26.42677
440.0,-520.0,28.384282
480.0,-520.0,30.554437
520.0,-520.0,32.936705
560.0,-520.0,35.530475
600.0,-520.0,38.334805
640.0,-520.0,41.348582
680.0,-520.0,44.570377
720.0,-520.0,47.998525
760.0,-520.0,51.631361
800.0,-520.0,55.466746
840.0,-520.0,59.502009
880.0,-520.0,63.734698
920.0,-520.0,68.16171
960.0,-520.0,72.779377
1000.0,-520.0,77.584302
1040.0,-520.0,82.571964
1080.0,-520.0,87.738022
1120.0,-520.0,93.076658
1160.0,-520.0,98.582635
1200.0,-520.0,104.249699
1240.0,-520.0,110.070819
1280.0,-520.0,116.038311
1320.0,-520.0,122.144779
1360.0,-520.0,128.380261
1400.0,-520.0,134.736097
1440.0,-520.0,141.201569
1480.0,-520.0,147.765251
1520.0,-520.0,154.415005
1560.0,-520.0,
1600.0,-520.0,
1640.0,-520.0,
1680.0,-520.0,
1720.0,-520.0,
-1720.0,-480.0,
-1680.0,-480.0,
-1640.0,-480.0,
-1600.0,-480.0,
-1560.0,-480.0,
-1520.0,-480.0,
-1480.0,-480.0,
-1440.0,-480.0,
-1400.0,-480.0,186.59972
-1360.0,-480.0,178.543549
-1320.0,-480.0,170.601854
-1280.0,-480.0,162.788397
-1240.0,-480.0,155.11449
-1200.0,-480.0,147.592238
-1160.0,-480.0,140.231397
-1120.0,-480.0,133.041069
-1080.0,-480.0,126.029691
-1040.0,-480.0,119.204635
-1000.0,-480.0,112.572503
-960.0,-480.0,106.139144
-920.0,-480.0,99.910042
-880.0,-480.0,93.889866
-840.0,-480.0,88.082373
-800.0,-480.0,82.491611
-760.0,-480.0,77.12032
-720.0,-480.0,71.971459
-680.0,-480.0,67.047279
-640.0,-480.0,62.349803
-600.0,-480.0,57.880569
-560.0,-480.0,53.641141
-520.0,-480.0,49.632554
-480.0,-480.0,45.855901
-440.0,-480.0,42.311936
-400.0,-480.0,39.001315
-360.0,-480.0,35.92439
-320.0,-480.0,33.081706
-280.0,-480.0,30.473307
-240.0,-480.0,28.099425
-200.0,-480.0,25.960007
-160.0,-480.0,24.054889
-120.0,-480.0,22.383598
-80.0,-480.0,20.945783
-40.0,-480.0,19.740532
0.0,-480.0,18.76705
40.0,-480.0,18.026331
80.0,-480.0,17.551958
120.0,-480.0,17.439734
160.0,-480.0,17.83432
200.0,-480.0,18.57302
240.0,-480.0,19.540426
280.0,-480.0,20.737353
320.0,-480.0,22.164529
360.0,-480.0,23.822511
400.0,-480.0,25.711418
440.0,-480.0,27.831381
480.0,-480.0,30.181825
520.0,-480.0,32.762292
560.0,-480.0,35.571869
600.0,-480.0,38.609436
640.0,-480.0,41.873317
680.0,-480.0,45.362183
720.0,-480.0,49.073726
760.0,-480.0,53.00592
800.0,-480.0,57.156072
840.0,-480.0,61.52121
880.0,-480.0,66.098079
920.0,-480.0,70.882896
960.0,-480.0,75.87127
1000.0,-480.0,81.058724
1040.0,-480.0,86.440068
1080.0,-480.0,92.009369
1120.0,-480.0,97.760197
1160.0,-480.0,103.685631
1200.0,-480.0,109.778203
1240.0,-480.0,116.028451
1280.0,-480.0,122.428149
1320.0,-480.0,128.966878
1360.0,-480.0,135.633405
1400.0,-480.0,142.415728
1440.0,-480.0,149.301076
1480.0,-480.0,156.27591
1520.0,-480.0,163.324622
1560.0,-480.0,170.431735
1600.0,-480.0,
1640.0,-480.0,
1680.0,-480.0,
1720.0,-480.0,
-1720.0,-440.0,
-1680.0,-440.0,
-1640.0,-440.0,
-1600.0,-440.0,
-1560.0,-440.0,
-1520.0,-440.0,
-1480.0,-440.0,
-1440.0,-440.0,
-1400.0,-440.0,200.000904
-1360.0,-440.0,191.344204
-1320.0,-440.0,182.791312
-1280.0,-440.0,174.359669
-1240.0,-440.0,166.064701
-1200.0,-440.0,157.920815
-1160.0,-440.0,149.941387
-1120.0,-440.0,142.13718
-1080.0,-440.0,134.519587
-1040.0,-440.0,127.097862
-1000.0,-440.0,119.880542
-960.0,-440.0,112.874947
-920.0,-440.0,106.088037
-880.0,-440.0,99.525387
-840.0,-440.0,93.192473
-800.0,-440.0,87.093804
-760.0,-440.0,81.232915
-720.0,-440.0,75.613766
-680.0,-440.0,70.238756
-640.0,-440.0,65.110582
-600.0,-440.0,60.231325
-560.0,-440.0,55.602478
-520.0,-440.0,51.225821
-480.0,-440.0,47.102203
-440.0,-440.0,43.23277
-400.0,-440.0,39.618235
-360.0,-440.0,36.259217
-320.0,-440.0,33.155981
-280.0,-440.0,30.30906
-240.0,-440.0,27.718484
-200.0,-440.0,25.384281
-160.0,-440.0,23.30628
-120.0,-440.0,21.484127
-80.0,-440.0,19.917272
-40.0,-440.0,18.604715
0.0,-440.0,17.545361
40.0,-440.0,16.740177
80.0,-440.0,16.225589
120.0,-440.0,16.105367
160.0,-440.0,16.53562
200.0,-440.0,17.339121
240.0,-440.0,18.391916
280.0,-440.0,19.695226
320.0,-440.0,21.250072
360.0,-440.0,23.057018
400.0,-440.0,25.116542
440.0,-440.0,27.428344
480.0,-440.0,29.99198
520.0,-440.0,32.806647
560.0,-440.0,35.871076
600.0,-440.0,39.18377
640.0,-440.0,42.743079
680.0,-440.0,46.546743
720.0,-440.0,50.592223
760.0,-440.0,54.876828
800.0,-440.0,59.397182
840.0,-440.0,64.149539
880.0,-440.0,69.130106
920.0,-440.0,74.333625
960.0,-440.0,79.755148
1000.0,-440.0,85.388785
1040.0,-440.0,91.228002
1080.0,-440.0,97.265371
1120.0,-440.0,103.492687
1160.0,-440.0,109.901457
1200.0,-440.0,116.48186
1240.0,-440.0,123.222799
1280.0,-440.0,130.112687
1320.0,-440.0,137.13858
1360.0,-440.0,144.287045
1400.0,-440.0,151.542843
1440.0,-440.0,158.889632
1480.0,-440.0,166.309254
1520.0,-440.0,173.783298
1560.0,-440.0,181.291277
1600.0,-440.0,
1640.0,-440.0,
1680.0,-440.0,
1720.0,-440.0,
-1720.0,-400.0,
-1680.0,-400.0,
-1640.0,-400.0,
-1600.0,-400.0,
-1560.0,-400.0,
-1520.0,-400.0,
-1480.0,-400.0,
-1440.0,-400.0,225.513072
-1400.0,-400.0,216.123494
-1360.0,-400.0,206.793321
-1320.0,-400.0,197.54667
-1280.0,-400.0,188.406187
-1240.0,-400.0,179.393014
-1200.0,-400.0,170.526017
-1160.0,-400.0,161.822123
-1120.0,-400.0,153.296465
-1080.0,-400.0,144.963066
-1040.0,-400.0,136.834749
-1000.0,-400.0,128.921795
-960.0,-400.0,121.234626
-920.0,-400.0,113.781945
-880.0,-400.0,106.571013
-840.0,-400.0,99.609106
-800.0,-400.0,92.901515
-760.0,-400.0,86.453657
-720.0,-400.0,80.269763
-680.0,-400.0,74.353351
-640.0,-400.0,68.707833
-600.0,-400.0,63.335663
-560.0,-400.0,58.23894
-520.0,-400.0,53.419505
-480.0,-400.0,48.878931
-440.0,-400.0,44.618089
-400.0,-400.0,40.638117
-360.0,-400.0,36.939697
-320.0,-400.0,33.523362
-280.0,-400.0,30.389417
-240.0,-400.0,27.538226
-200.0,-400.0,24.969824
-160.0,-400.0,22.684081
-120.0,-400.0,20.680671
-80.0,-400.0,18.958942
-40.0,-400.0,17.517807
0.0,-400.0,16.355815
40.0,-400.0,15.473835
80.0,-400.0,14.91154
120.0,-400.0,14.782073
160.0,-400.0,15.254648
200.0,-400.0,16.135266
240.0,-400.0,17.289881
280.0,-400.0,18.720298
320.0,-400.0,20.427973
360.0,-400.0,22.413762
400.0,-400.0,24.677932
440.0,-400.0,27.220105
480.0,-400.0,30.039603
520.0,-400.0,33.135096
560.0,-400.0,36.505204
600.0,-400.0,40.147753
640.0,-400.0,44.06056
680.0,-400.0,48.240795
720.0,-400.0,52.685295
760.0,-400.0,57.390566
800.0,-400.0,62.352088
840.0,-400.0,67.565589
880.0,-400.0,73.025491
920.0,-400.0,78.725633
960.0,-400.0,84.659268
1000.0,-400.0,90.819066
1040.0,-400.0,97.196427
1080.0,-400.0,103.782198
1120.0,-400.0,110.565341
1160.0,-400.0,117.534958
1200.0,-400.0,124.677926
1240.0,-400.0,131.980692
1280.0,-400.0,139.428417
1320.0,-400.0,147.004009
1360.0,-400.0,154.689498
1400.0,-400.0,162.465703
1440.0,-400.0,170.311601
1480.0,-400.0,178.203118
1520.0,-400.0,186.117367
1560.0,-400.0,194.026298
1600.0,-400.0,
1640.0,-400.0,
1680.0,-400.0,
1720.0,-400.0,
-1760.0,-360.0,
-1720.0,-360.0,
-1680.0,-360.0,
-1640.0,-360.0,
-1600.0,-360.0,
-1560.0,-360.0,
-1520.0,-360.0,
-1480.0,-360.0,
-1440.0,-360.0,245.843762
-1400.0,-360.0,235.753152
-1360.0,-360.0,225.675972
-1320.0,-360.0,215.645563
-1280.0,-360.0,205.693154
-1240.0,-360.0,195.847237
-1200.0,-360.0,186.133084
-1160.0,-360.0,176.573516
-1120.0,-360.0,167.189714
-1080.0,-360.0,158.000797
-1040.0,-360.0,149.023163
-1000.0,-360.0,140.271553
-960.0,-360.0,131.759488
-920.0,-360.0,123.499006
-880.0,-360.0,115.500007
-840.0,-360.0,107.771442
-800.0,-360.0,100.32112
-760.0,-360.0,93.156182
-720.0,-360.0,86.281734
-680.0,-360.0,79.703067
-640.0,-360.0,73.424081
-600.0,-360.0,67.448196
-560.0,-360.0,61.778244
-520.0,-360.0,56.416487
-480.0,-360.0,51.364737
-440.0,-360.0,46.624461
-400.0,-360.0,42.196692
-360.0,-360.0,38.082385
-320.0,-360.0,34.282232
-280.0,-360.0,30.79668
-240.0,-360.0,27.626081
-200.0,-360.0,24.77063
-160.0,-360.0,22.23033
-120.0,-360.0,20.004904
-80.0,-360.0,18.093668
-40.0,-360.0,16.495477
0.0,-360.0,15.208489
40.0,-360.0,14.233384
80.0,-360.0,13.613623
120.0,-360.0,13.473357
160.0,-360.0,13.997083
200.0,-360.0,14.970811
240.0,-360.0,16.248993
280.0,-360.0,17.834314
320.0,-360.0,19.728604
360.0,-360.0,21.932945
400.0,-360.0,24.447387
440.0,-360.0,27.271293
480.0,-360.0,30.403502
520.0,-360.0,33.842387
560.0,-360.0,37.585569
600.0,-360.0,41.630485
640.0,-360.0,45.974112
680.0,-360.0,50.612607
720.0,-360.0,55.542081
760.0,-360.0,60.757533
800.0,-360.0,66.253676
840.0,-360.0,72.024217
880.0,-360.0,78.062223
920.0,-360.0,84.359429
960.0,-360.0,90.907367
1000.0,-360.0,97.695322
1040.0,-360.0,104.712627
1080.0,-360.0,111.946658
1120.0,-360.0,119.383257
1160.0,-360.0,127.008039
1200.0,-360.0,134.803254
1240.0,-360.0,142.750909
1280.0,-360.0,150.831029
1320.0,-360.0,159.021021
1360.0,-360.0,167.297371
1400.0,-360.0,175.634072
1440.0,-360.0,184.003156
1480.0,-360.0,192.373791
1520.0,-360.0,200.713182
1560.0,-360.0,208.986577
1600.0,-360.0,217.15587
1640.0,-360.0,
1680.0,-360.0,
1720.0,-360.0,
1760.0,-360.0,
-1760.0,-320.0,
-1720.0,-320.0,
-1680.0,-320.0,
-1640.0,-320.0,
-1600.0,-320.0,
-1560.0,-320.0,
-1520.0,-320.0,
-1480.0,-320.0,
-1440.0,-320.0,270.789038
-1400.0,-320.0,259.977396
-1360.0,-320.0,249.098763
-1320.0,-320.0,238.200012
-1280.0,-320.0,227.325193
-1240.0,-320.0,216.514758
-1200.0,-320.0,205.80434
-1160.0,-320.0,195.227061
-1120.0,-320.0,184.81178
-1080.0,-320.0,174.585604
-1040.0,-320.0,164.571487
-1000.0,-320.0,154.790569
-960.0,-320.0,145.262064
-920.0,-320.0,136.001594
-880.0,-320.0,127.023888
-840.0,-320.0,118.341253
-800.0,-320.0,109.964887
-760.0,-320.0,101.903792
-720.0,-320.0,94.165875
-680.0,-320.0,86.758037
-640.0,-320.0,79.685454
-600.0,-320.0,72.952994
-560.0,-320.0,66.564214
-520.0,-320.0,60.522317
-480.0,-320.0,54.829504
-440.0,-320.0,49.487759
-400.0,-320.0,44.498404
-360.0,-320.0,39.862588
-320.0,-320.0,35.581065
-280.0,-320.0,31.654517
-240.0,-320.0,28.083321
-200.0,-320.0,24.867875
-160.0,-320.0,22.008241
-120.0,-320.0,19.504372
-80.0,-320.0,17.355663
-40.0,-320.0,15.561003
0.0,-320.0,14.118176
40.0,-320.0,13.027602
80.0,-320.0,12.33723
120.0,-320.0,12.18426
160.0,-320.0,12.771058
200.0,-320.0,13.859686
240.0,-320.0,15.291262
280.0,-320.0,17.069543
320.0,-320.0,19.197119
360.0,-320.0,21.674895
400.0,-320.0,24.502592
440.0,-320.0,27.679087
480.0,-320.0,31.202339
520.0,-320.0,35.069907
560.0,-320.0,39.278629
600.0,-320.0,43.824922
640.0,-320.0,48.704591
680.0,-320.0,53.912691
720.0,-320.0,59.443515
760.0,-320.0,65.290771
800.0,-320.0,71.446619
840.0,-320.0,77.903295
880.0,-320.0,84.65038
920.0,-320.0,91.677516
960.0,-320.0,98.972472
1000.0,-320.0,106.520769
1040.0,-320.0,114.30815
1080.0,-320.0,122.316345
1120.0,-320.0,130.527087
1160.0,-320.0,138.919228
1200.0,-320.0,147.469211
1240.0,-320.0,156.152686
1280.0,-320.0,164.941193
1320.0,-320.0,173.804462
1360.0,-320.0,182.709358
1400.0,-320.0,191.620448
1440.0,-320.0,200.499562
1480.0,-320.0,209.30441
1520.0,-320.0,217.989561
1560.0,-320.0,226.506907
1600.0,-320.0,234.80402
1640.0,-320.0,
1680.0,-320.0,
1720.0,-320.0,
1760.0,-320.0,
-1760.0,-280.0,
-1720.0,-280.0,
-1680.0,-280.0,
-1640.0,-280.0,
-1600.0,-280.0,
-1560.0,-280.0,
-1520.0,-280.0,
-1480.0,-280.0,
-1440.0,-280.0,301.757817
-1400.0,-280.0,290.307628
-1360.0,-280.0,278.641235
-1320.0,-280.0,266.831098
-1280.0,-280.0,254.941531
-1240.0,-280.0,243.032856
-1200.0,-280.0,231.157497
-1160.0,-280.0,219.365198
-1120.0,-280.0,207.699227
-1080.0,-280.0,196.198483
-1040.0,-280.0,184.898066
-1000.0,-280.0,173.828799
-960.0,-280.0,163.018465
-920.0,-280.0,152.490814
-880.0,-280.0,142.2668
-840.0,-280.0,132.365314
-800.0,-280.0,122.80157
-760.0,-280.0,113.589456
-720.0,-280.0,104.740032
-680.0,-280.0,96.263298
-640.0,-280.0,88.167078
-600.0,-280.0,80.457954
-560.0,-280.0,73.141014
-520.0,-280.0,66.220566
-480.0,-280.0,59.699679
-440.0,-280.0,53.581122
-400.0,-280.0,47.866495
-360.0,-280.0,42.55716
-320.0,-280.0,37.654238
-280.0,-280.0,33.158278
-240.0,-280.0,29.069934
-200.0,-280.0,25.389533
-160.0,-280.0,22.117523
-120.0,-280.0,19.253981
-80.0,-280.0,16.798687
-40.0,-280.0,14.750706
0.0,-280.0,13.107657
40.0,-280.0,11.869725
80.0,-280.0,11.090332
120.0,-280.0,10.922284
160.0,-280.0,11.588815
200.0,-280.0,12.822931
240.0,-280.0,14.450292
280.0,-280.0,16.476496
320.0,-280.0,18.904409
360.0,-280.0,21.734581
400.0,-280.0,24.965974
440.0,-280.0,28.596106
480.0,-280.0,32.62203
520.0,-280.0,37.039984
560.0,-280.0,41.8453
600.0,-280.0,47.033138
640.0,-280.0,52.597388
680.0,-280.0,58.531142
720.0,-280.0,64.826714
760.0,-280.0,71.474295
800.0,-280.0,78.463866
840.0,-280.0,85.783346
880.0,-280.0,93.418606
920.0,-280.0,101.354678
960.0,-280.0,109.573266
1000.0,-280.0,118.055274
1040.0,-280.0,126.777834
1080.0,-280.0,135.717497
1120.0,-280.0,144.845899
1160.0,-280.0,154.133685
1200.0,-280.0,163.547817
1240.0,-280.0,173.050573
1280.0,-280.0,182.603931
1320.0,-280.0,192.163573
1360.0,-280.0,201.681919
1400.0,-280.0,211.108141
1440.0,-280.0,220.387618
1480.0,-280.0,229.459054
1520.0,-280.0,238.258731
1560.0,-280.0,246.717848
1600.0,-280.0,254.760114
1640.0,-280.0,
1680.0,-280.0,
1720.0,-280.0,
1760.0,-280.0,
-1760.0,-240.0,
-1720.0,-240.0,
-1680.0,-240.0,
-1640.0,-240.0,
-1600.0,-240.0,
-1560.0,-240.0,
-1520.0,-240.0,
-1480.0,-240.0,
-1440.0,-240.0,343.140717
-1400.0,-240.0,329.634047
-1360.0,-240.0,316.622762
-1320.0,-240.0,303.945599
-1280.0,-240.0,291.046151
-1240.0,-240.0,277.95619
-1200.0,-240.0,264.760751
-1160.0,-240.0,251.536542
-1120.0,-240.0,238.352563
-1080.0,-240.0,225.271034
-1040.0,-240.0,212.34688
-1000.0,-240.0,199.62889
-960.0,-240.0,187.159718
-920.0,-240.0,174.977883
-880.0,-240.0,163.116076
-840.0,-240.0,151.602809
-800.0,-240.0,140.463023
-760.0,-240.0,129.717167
-720.0,-240.0,119.383371
-680.0,-240.0,109.476194
-640.0,-240.0,100.008019
-600.0,-240.0,90.988391
-560.0,-240.0,82.425551
-520.0,-240.0,74.325562
-480.0,-240.0,66.693132
-440.0,-240.0,59.531716
-400.0,-240.0,52.843737
-360.0,-240.0,46.631082
-320.0,-240.0,40.894765
-280.0,-240.0,35.635603
-240.0,-240.0,30.853961
-200.0,-240.0,26.550417
-160.0,-240.0,22.725344
-120.0,-240.0,19.379322
-80.0,-240.0,16.512633
-40.0,-240.0,14.124945
0.0,-240.0,12.21428
40.0,-240.0,10.780845
80.0,-240.0,9.885241
120.0,-240.0,9.699042
160.0,-240.0,10.469614
200.0,-240.0,11.894523
240.0,-240.0,13.781765
280.0,-240.0,16.138988
320.0,-240.0,18.968881
360.0,-240.0,22.270581
400.0,-240.0,26.041226
440.0,-240.0,30.276614
480.0,-240.0,34.971914
520.0,-240.0,40.121139
560.0,-240.0,45.717935
600.0,-240.0,51.754691
640.0,-240.0,58.222329
680.0,-240.0,65.110855
720.0,-240.0,72.40838
760.0,-240.0,80.100983
800.0,-240.0,88.172965
840.0,-240.0,96.605838
880.0,-240.0,105.378837
920.0,-240.0,114.468528
960.0,-240.0,123.848238
1000.0,-240.0,133.488118
1040.0,-240.0,143.354862
1080.0,-240.0,153.410509
1120.0,-240.0,163.61457
1160.0,-240.0,173.920815
1200.0,-240.0,184.279229
1240.0,-240.0,194.634976
1280.0,-240.0,204.927753
1320.0,-240.0,215.09109
1360.0,-240.0,225.053788
1400.0,-240.0,234.739914
1440.0,-240.0,244.063753
1480.0,-240.0,252.936522
1520.0,-240.0,261.426344
1560.0,-240.0,270.093398
1600.0,-240.0,278.993152
1640.0,-240.0,
1680.0,-240.0,
1720.0,-240.0,
1760.0,-240.0,
-1760.0,-200.0,
-1720.0,-200.0,
-1680.0,-200.0,
-1640.0,-200.0,
-1600.0,-200.0,
-1560.0,-200.0,
-1520.0,-200.0,
-1480.0,-200.0,426.003298
-1440.0,-200.0,407.496334
-1400.0,-200.0,389.718411
-1360.0,-200.0,372.649022
-1320.0,-200.0,356.268417
-1280.0,-200.0,340.557577
-1240.0,-200.0,325.498175
-1200.0,-200.0,310.896599
-1160.0,-200.0,296.088322
-1120.0,-200.0,281.115354
-1080.0,-200.0,266.083313
-1040.0,-200.0,251.088506
-1000.0,-200.0,236.213814
-960.0,-200.0,221.534205
-920.0,-200.0,207.113684
-880.0,-200.0,193.009351
-840.0,-200.0,179.269394
-800.0,-200.0,165.936037
-760.0,-200.0,153.044537
-720.0,-200.0,140.624853
-680.0,-200.0,128.701955
-640.0,-200.0,117.295844
-600.0,-200.0,106.42311
-560.0,-200.0,96.096768
-520.0,-200.0,86.326855
-480.0,-200.0,77.120665
-440.0,-200.0,68.483557
-400.0,-200.0,60.419342
-360.0,-200.0,52.930075
-320.0,-200.0,46.017071
-280.0,-200.0,39.680919
-240.0,-200.0,33.921779
-200.0,-200.0,28.739675
-160.0,-200.0,24.134924
-120.0,-200.0,20.108171
-80.0,-200.0,16.660524
-40.0,-200.0,13.79292
0.0,-200.0,11.504704
40.0,-200.0,9.797524
80.0,-200.0,8.742235
120.0,-200.0,8.533672
160.0,-200.0,9.446178
200.0,-200.0,11.133844
240.0,-200.0,13.384829
280.0,-200.0,16.208218
320.0,-200.0,19.604255
360.0,-200.0,23.568884
400.0,-200.0,28.095741
440.0,-200.0,33.177712
480.0,-200.0,38.806569
520.0,-200.0,44.97342
560.0,-200.0,51.667895
600.0,-200.0,58.878044
640.0,-200.0,66.589832
680.0,-200.0,74.786705
720.0,-200.0,83.449361
760.0,-200.0,92.555274
800.0,-200.0,102.07909
840.0,-200.0,111.990694
880.0,-200.0,122.256335
920.0,-200.0,132.837255
960.0,-200.0,143.690129
1000.0,-200.0,154.766057
1040.0,-200.0,166.010223
1080.0,-200.0,177.362029
1120.0,-200.0,188.75359
1160.0,-200.0,200.111349
1200.0,-200.0,211.352426
1240.0,-200.0,222.388147
1280.0,-200.0,233.12095
1320.0,-200.0,243.442167
1360.0,-200.0,253.238267
1400.0,-200.0,262.585943
1440.0,-200.0,272.148693
1480.0,-200.0,281.990682
1520.0,-200.0,292.111909
1560.0,-200.0,302.512375
1600.0,-200.0,313.192079
1640.0,-200.0,
1680.0,-200.0,
1720.0,-200.0,
1760.0,-200.0,
-1760.0,-160.0,
-1720.0,-160.0,
-1680.0,-160.0,
-1640.0,-160.0,
-1600.0,-160.0,
-1560.0,-160.0,
-1520.0,-160.0,
-1480.0,-160.0,547.991641
-1440.0,-160.0,520.903886
-1400.0,-160.0,495.039272
-1360.0,-160.0,470.350751
-1320.0,-160.0,446.793655
-1280.0,-160.0,424.325551
-1240.0,-160.0,402.906101
-1200.0,-160.0,382.496937
-1160.0,-160.0,363.061539
-1120.0,-160.0,344.565126
-1080.0,-160.0,326.934378
-1040.0,-160.0,309.35365
-1000.0,-160.0,291.632493
-960.0,-160.0,273.91618
-920.0,-160.0,256.330537
-880.0,-160.0,238.984672
-840.0,-160.0,221.97306
-800.0,-160.0,205.376125
-760.0,-160.0,189.261989
-720.0,-160.0,173.687763
-680.0,-160.0,158.700861
-640.0,-160.0,144.339178
-600.0,-160.0,130.633977
-560.0,-160.0,117.609002
-520.0,-160.0,105.282829
-480.0,-160.0,93.66857
-440.0,-160.0,82.775718
-400.0,-160.0,72.610105
-360.0,-160.0,63.174849
-320.0,-160.0,54.471281
-280.0,-160.0,46.498938
-240.0,-160.0,39.256904
-200.0,-160.0,32.743701
-160.0,-160.0,26.958332
-120.0,-160.0,21.900571
-80.0,-160.0,17.571896
-40.0,-160.0,13.974803
0.0,-160.0,11.111979
40.0,-160.0,8.9901
80.0,-160.0,7.697671
120.0,-160.0,7.459737
160.0,-160.0,8.57895
200.0,-160.0,10.656762
240.0,-160.0,13.457837
280.0,-160.0,16.987994
320.0,-160.0,21.239899
360.0,-160.0,26.20218
400.0,-160.0,31.862714
440.0,-160.0,38.208826
480.0,-160.0,45.227049
520.0,-160.0,52.902127
560.0,-160.0,61.215973
600.0,-160.0,70.147201
640.0,-160.0,79.67138
680.0,-160.0,89.758192
720.0,-160.0,100.37307
760.0,-160.0,111.475508
800.0,-160.0,123.018569
840.0,-160.0,134.947718
880.0,-160.0,147.201621
920.0,-160.0,159.710235
960.0,-160.0,172.393974
1000.0,-160.0,185.164706
1040.0,-160.0,197.923829
1080.0,-160.0,210.559696
1120.0,-160.0,222.952332
1160.0,-160.0,234.966162
1200.0,-160.0,246.455714
1240.0,-160.0,257.258577
1280.0,-160.0,267.815823
1320.0,-160.0,278.722116
1360.0,-160.0,289.977458
1400.0,-160.0,301.581848
1440.0,-160.0,313.535286
1480.0,-160.0,325.837772
1520.0,-160.0,338.489306
1560.0,-160.0,351.489888
1600.0,-160.0,364.839518
1640.0,-160.0,378.538197
1680.0,-160.0,
1720.0,-160.0,
1760.0,-160.0,
-1760.0,-120.0,
-1720.0,-120.0,
-1680.0,-120.0,
-1640.0,-120.0,
-1600.0,-120.0,
-1560.0,-120.0,
-1520.0,-120.0,
-1480.0,-120.0,821.705504
-1440.0,-120.0,772.444936
-1400.0,-120.0,726.049848
-1360.0,-120.0,682.345971
-1320.0,-120.0,641.172889
-1280.0,-120.0,602.382692
-1240.0,-120.0,565.838778
-1200.0,-120.0,531.414793
-1160.0,-120.0,498.993689
-1120.0,-120.0,468.466877
-1080.0,-120.0,439.733486
-1040.0,-120.0,412.699679
-1000.0,-120.0,387.278056
-960.0,-120.0,363.38711
-920.0,-120.0,340.804289
-880.0,-120.0,318.386138
-840.0,-120.0,296.079751
-800.0,-120.0,274.072609
-760.0,-120.0,252.522573
-720.0,-120.0,231.561222
-680.0,-120.0,211.296605
-640.0,-120.0,191.816258
-600.0,-120.0,173.189656
-560.0,-120.0,155.469501
-520.0,-120.0,138.696527
-480.0,-120.0,122.899036
-440.0,-120.0,108.095998
-400.0,-120.0,94.298702
-360.0,-120.0,81.511781
-320.0,-120.0,69.735595
-280.0,-120.0,58.9667
-240.0,-120.0,49.19958
-200.0,-120.0,40.427473
-160.0,-120.0,32.64406
-120.0,-120.0,25.844304
-80.0,-120.0,20.026514
-40.0,-120.0,15.192917
0.0,-120.0,11.35116
40.0,-120.0,8.520846
80.0,-120.0,6.827466
120.0,-120.0,6.543315
160.0,-120.0,7.998962
200.0,-120.0,10.731303
240.0,-120.0,14.468081
280.0,-120.0,19.193488
320.0,-120.0,24.880547
360.0,-120.0,31.504477
400.0,-120.0,39.042523
440.0,-120.0,47.471086
480.0,-120.0,56.764258
520.0,-120.0,66.891299
560.0,-120.0,77.814639
600.0,-120.0,89.490317
640.0,-120.0,101.864156
680.0,-120.0,114.873183
720.0,-120.0,128.442084
760.0,-120.0,142.483811
800.0,-120.0,156.897512
840.0,-120.0,171.566648
880.0,-120.0,186.359453
920.0,-120.0,201.126352
960.0,-120.0,215.699548
1000.0,-120.0,229.890104
1040.0,-120.0,243.488498
1080.0,-120.0,256.263501
1120.0,-120.0,268.50613
1160.0,-120.0,281.186264
1200.0,-120.0,294.331796
1240.0,-120.0,307.942726
1280.0,-120.0,322.019053
1320.0,-120.0,336.560778
1360.0,-120.0,351.5679
1400.0,-120.0,367.04042
1440.0,-120.0,382.978337
1480.0,-120.0,399.381652
1520.0,-120.0,416.250364
1560.0,-120.0,433.584474
1600.0,-120.0,451.383981
1640.0,-120.0,469.648886
1680.0,-120.0,
1720.0,-120.0,
1760.0,-120.0,
-1760.0,-80.0,
-1720.0,-80.0,
-1680.0,-80.0,
-1640.0,-80.0,
-1600.0,-80.0,
-1560.0,-80.0,
-1520.0,-80.0,
-1480.0,-80.0,1986.286888
-1440.0,-80.0,1798.891176
-1400.0,-80.0,1632.622711
-1360.0,-80.0,1484.404681
-1320.0,-80.0,1351.730881
-1280.0,-80.0,1232.539133
-1240.0,-80.0,1125.11701
-1200.0,-80.0,1028.030627
-1160.0,-80.0,940.070163
-1120.0,-80.0,860.207701
-1080.0,-80.0,787.564247
-1040.0,-80.0,721.383685
-1000.0,-80.0,661.012011
-960.0,-80.0,605.880645
-920.0,-80.0,555.492922
-880.0,-80.0,509.413055
-840.0,-80.0,467.257085
-800.0,-80.0,428.685392
-760.0,-80.0,393.396471
-720.0,-80.0,360.291157
-680.0,-80.0,328.057112
-640.0,-80.0,296.926512
-600.0,-80.0,267.098823
-560.0,-80.0,238.724702
-520.0,-80.0,211.912213
-480.0,-80.0,186.734723
-440.0,-80.0,163.236317
-400.0,-80.0,141.43757
-360.0,-80.0,121.340251
-320.0,-80.0,102.93216
-280.0,-80.0,86.190704
-240.0,-80.0,71.086866
-200.0,-80.0,57.588277
-160.0,-80.0,45.662097
-120.0,-80.0,35.277929
-80.0,-80.0,26.411883
-40.0,-80.0,19.049603
0.0,-80.0,13.194054
40.0,-80.0,8.887303
80.0,-80.0,6.342989
120.0,-80.0,5.947649
160.0,-80.0,8.080688
200.0,-80.0,12.1743
240.0,-80.0,17.83878
280.0,-80.0,24.979985
320.0,-80.0,33.529747
360.0,-80.0,43.436903
400.0,-80.0,54.651277
440.0,-80.0,67.115551
480.0,-80.0,80.760226
520.0,-80.0,95.499029
560.0,-80.0,111.225915
600.0,-80.0,127.81215
640.0,-80.0,145.102236
680.0,-80.0,162.913206
720.0,-80.0,181.029876
760.0,-80.0,199.200954
800.0,-80.0,217.139716
840.0,-80.0,234.516637
880.0,-80.0,250.961105
920.0,-80.0,266.224659
960.0,-80.0,281.75438
1000.0,-80.0,297.982197
1040.0,-80.0,314.90811
1080.0,-80.0,332.53212
1120.0,-80.0,350.854225
1160.0,-80.0,369.874427
1200.0,-80.0,389.592726
1240.0,-80.0,410.00912
1280.0,-80.0,431.123611
1320.0,-80.0,452.936198
1360.0,-80.0,475.446881
1400.0,-80.0,498.655661
1440.0,-80.0,522.562537
1480.0,-80.0,547.167509
1520.0,-80.0,572.470577
1560.0,-80.0,598.471742
1600.0,-80.0,625.171003
1640.0,-80.0,652.56836
1680.0,-80.0,
1720.0,-80.0,
1760.0,-80.0,
-1760.0,-40.0,
-1720.0,-40.0,
-1680.0,-40.0,
-1640.0,-40.0,
-1600.0,-40.0,
-1560.0,-40.0,
-1520.0,-40.0,
-1480.0,-40.0,
-1440.0,-40.0,
-1400.0,-40.0,
-1360.0,-40.0,
-1320.0,-40.0,
-1280.0,-40.0,
-1240.0,-40.0,
-1200.0,-40.0,
-1160.0,-40.0,
-1120.0,-40.0,963308.968139
-1080.0,-40.0,87549.572008
-1040.0,-40.0,64267.000314
-1000.0,-40.0,53199.298934
-960.0,-40.0,9074.618992
-920.0,-40.0,5178.037957
-880.0,-40.0,3532.044805
-840.0,-40.0,2606.237862
-800.0,-40.0,2011.556967
-760.0,-40.0,1598.433571
-720.0,-40.0,1296.168741
-680.0,-40.0,1066.758815
-640.0,-40.0,887.873949
-600.0,-40.0,745.502422
-560.0,-40.0,630.394319
-520.0,-40.0,536.191004
-480.0,-40.0,456.763578
-440.0,-40.0,387.137267
-400.0,-40.0,325.978455
-360.0,-40.0,272.275468
-320.0,-40.0,225.205677
-280.0,-40.0,184.07773
-240.0,-40.0,148.29765
-200.0,-40.0,117.350294
-160.0,-40.0,90.789267
-120.0,-40.0,68.231848
-80.0,-40.0,49.357655
-40.0,-40.0,33.911249
0.0,-40.0,21.710023
40.0,-40.0,12.716062
80.0,-40.0,7.323691
120.0,-40.0,6.40129
160.0,-40.0,10.727851
200.0,-40.0,19.194361
240.0,-40.0,30.721282
280.0,-40.0,44.992492
320.0,-40.0,61.825906
360.0,-40.0,81.030167
400.0,-40.0,102.362122
440.0,-40.0,125.509554
480.0,-40.0,150.074081
520.0,-40.0,175.559068
560.0,-40.0,201.359267
600.0,-40.0,226.747616
640.0,-40.0,250.86448
680.0,-40.0,272.998967
720.0,-40.0,295.681253
760.0,-40.0,319.759732
800.0,-40.0,345.234403
840.0,-40.0,372.105267
880.0,-40.0,400.372324
920.0,-40.0,430.035573
960.0,-40.0,461.095014
1000.0,-40.0,493.550648
1040.0,-40.0,527.402475
1080.0,-40.0,562.650494
1120.0,-40.0,599.294705
1160.0,-40.0,637.728081
1200.0,-40.0,681.391804
1240.0,-40.0,728.67183
1280.0,-40.0,778.443708
1320.0,-40.0,
1360.0,-40.0,
1400.0,-40.0,
1440.0,-40.0,
1480.0,-40.0,
1520.0,-40.0,
1560.0,-40.0,
1600.0,-40.0,
1640.0,-40.0,
1680.0,-40.0,
1720.0,-40.0,
1760.0,-40.0,
-1760.0,40.0,
-1720.0,40.0,
-1680.0,40.0,
-1640.0,40.0,
-1600.0,40.0,
-1560.0,40.0,
-1520.0,40.0,
-1480.0,40.0,
-1440.0,40.0,
-1400.0,40.0,
-1360.0,40.0,
-1320.0,40.0,
-1280.0,40.0,
-1240.0,40.0,
-1200.0,40.0,
-1160.0,40.0,
-1120.0,40.0,963308.968119
-1080.0,40.0,87549.572007
-1040.0,40.0,64267.000313
-1000.0,40.0,53199.298934
-960.0,40.0,9074.618992
-920.0,40.0,5178.037957
-880.0,40.0,3532.044805
-840.0,40.0,2606.237862
-800.0,40.0,2011.556967
-760.0,40.0,1598.433571
-720.0,40.0,1296.168741
-680.0,40.0,1066.758815
-640.0,40.0,887.873949
-600.0,40.0,745.502422
-560.0,40.0,630.394319
-520.0,40.0,536.191004
-480.0,40.0,456.763578
-440.0,40.0,387.137267
-400.0,40.0,325.978455
-360.0,40.0,272.275468
-320.0,40.0,225.205677
-280.0,40.0,184.07773
-240.0,40.0,148.29765
-200.0,40.0,117.350294
-160.0,40.0,90.789267
-120.0,40.0,68.231848
-80.0,40.0,49.357655
-40.0,40.0,33.911249
0.0,40.0,21.710023
40.0,40.0,12.716062
80.0,40.0,7.323691
120.0,40.0,6.40129
160.0,40.0,10.727851
200.0,40.0,19.194361
240.0,40.0,30.721282
280.0,40.0,44.992492
320.0,40.0,61.825906
360.0,40.0,81.030167
400.0,40.0,102.362122
440.0,40.0,125.509554
480.0,40.0,150.074081
520.0,40.0,175.559068
560.0,40.0,201.359267
600.0,40.0,226.747616
640.0,40.0,250.86448
680.0,40.0,272.998967
720.0,40.0,295.681253
760.0,40.0,319.759732
800.0,40.0,345.234403
840.0,40.0,372.105267
880.0,40.0,400.372324
920.0,40.0,430.035573
960.0,40.0,461.095014
1000.0,40.0,493.550648
1040.0,40.0,527.402475
1080.0,40.0,562.650494
1120.0,40.0,599.294705
1160.0,40.0,637.728081
1200.0,40.0,681.391804
1240.0,40.0,728.67183
1280.0,40.0,778.443708
1320.0,40.0,
1360.0,40.0,
1400.0,40.0,
1440.0,40.0,
1480.0,40.0,
1520.0,40.0,
1560.0,40.0,
1600.0,40.0,
1640.0,40.0,
1680.0,40.0,
1720.0,40.0,
1760.0,40.0,
-1760.0,80.0,
-1720.0,80.0,
-1680.0,80.0,
-1640.0,80.0,
-1600.0,80.0,
-1560.0,80.0,
-1520.0,80.0,
-1480.0,80.0,1986.286888
-1440.0,80.0,1798.891176
-1400.0,80.0,1632.622711
-1360.0,80.0,1484.404681
-1320.0,80.0,1351.730881
-1280.0,80.0,1232.539133
-1240.0,80.0,1125.11701
-1200.0,80.0,1028.030627
-1160.0,80.0,940.070163
-1120.0,80.0,860.207701
-1080.0,80.0,787.564247
-1040.0,80.0,721.383685
-1000.0,80.0,661.012011
-960.0,80.0,605.880645
-920.0,80.0,555.492922
-880.0,80.0,509.413055
-840.0,80.0,467.257085
-800.0,80.0,428.685392
-760.0,80.0,393.396471
-720.0,80.0,360.291157
-680.0,80.0,328.057112
-640.0,80.0,296.926512
-600.0,80.0,267.098823
-560.0,80.0,238.724702
-520.0,80.0,211.912213
-480.0,80.0,186.734723
-440.0,80.0,163.236317
-400.0,80.0,141.43757
-360.0,80.0,121.340251
-320.0,80.0,102.93216
-280.0,80.0,86.190704
-240.0,80.0,71.086866
-200.0,80.0,57.588277
-160.0,80.0,45.662097
-120.0,80.0,35.277929
-80.0,80.0,26.411883
-40.0,80.0,19.049603
0.0,80.0,13.194054
40.0,80.0,8.887303
80.0,80.0,6.342989
120.0,80.0,5.947649
160.0,80.0,8.080688
200.0,80.0,12.1743
240.0,80.0,17.83878
280.0,80.0,24.979985
320.0,80.0,33.529747
360.0,80.0,43.436903
400.0,80.0,54.651277
440.0,80.0,67.115551
480.0,80.0,80.760226
520.0,80.0,95.499029
560.0,80.0,111.225915
600.0,80.0,127.81215
640.0,80.0,145.102236
680.0,80.0,162.913206
720.0,80.0,181.029876
760.0,80.0,199.200954
800.0,80.0,217.139716
840.0,80.0,234.516637
880.0,80.0,250.961105
920.0,80.0,266.224659
960.0,80.0,281.75438
1000.0,80.0,297.982197
1040.0,80.0,314.90811
1080.0,80.0,332.53212
1120.0,80.0,350.854225
1160.0,80.0,369.874427
1200.0,80.0,389.592726
1240.0,80.0,410.00912
1280.0,80.0,431.123611
1320.0,80.0,452.936198
1360.0,80.0,475.446881
1400.0,80.0,498.655661
1440.0,80.0,522.562537
1480.0,80.0,547.167509
1520.0,80.0,572.470577
1560.0,80.0,598.471742
1600.0,80.0,625.171003
1640.0,80.0,652.56836
1680.0,80.0,
1720.0,80.0,
1760.0,80.0,
-1760.0,120.0,
-1720.0,120.0,
-1680.0,120.0,
-1640.0,120.0,
-1600.0,120.0,
-1560.0,120.0,
-1520.0,120.0,
-1480.0,120.0,821.705504
-1440.0,120.0,772.444936
-1400.0,120.0,726.049848
-1360.0,120.0,682.345971
-1320.0,120.0,641.172889
-1280.0,120.0,602.382692
-1240.0,120.0,565.838778
-1200.0,120.0,531.414793
-1160.0,120.0,498.993689
-1120.0,120.0,468.466877
-1080.0,120.0,439.733486
-1040.0,120.0,412.699679
-1000.0,120.0,387.278056
-960.0,120.0,363.38711
-920.0,120.0,340.804289
-880.0,120.0,318.386138
-840.0,120.0,296.079751
-800.0,120.0,274.072609
-760.0,120.0,252.522573
-720.0,120.0,231.561222
-680.0,120.0,211.296605
-640.0,120.0,191.816258
-600.0,120.0,173.189656
-560.0,120.0,155.469501
-520.0,120.0,138.696527
-480.0,120.0,122.899036
-440.0,120.0,108.095998
-400.0,120.0,94.298702
-360.0,120.0,81.511781
-320.0,120.0,69.735595
-280.0,120.0,58.9667
-240.0,120.0,49.19958
-200.0,120.0,40.427473
-160.0,120.0,32.64406
-120.0,120.0,25.844304
-80.0,120.0,20.026514
-40.0,120.0,15.192917
0.0,120.0,11.35116
40.0,120.0,8.520846
80.0,120.0,6.827466
120.0,120.0,6.543315
160.0,120.0,7.998962
200.0,120.0,10.731303
240.0,120.0,14.468081
280.0,120.0,19.193488
320.0,120.0,24.880547
360.0,120.0,31.504477
400.0,120.0,39.042523
440.0,120.0,47.471086
480.0,120.0,56.764258
520.0,120.0,66.891299
560.0,120.0,77.814639
600.0,120.0,89.490317
640.0,120.0,101.864156
680.0,120.0,114.873183
720.0,120.0,128.442084
760.0,120.0,142.483811
800.0,120.0,156.897512
840.0,120.0,171.566648
880.0,120.0,186.359453
920.0,120.0,201.126352
960.0,120.0,215.699548
1000.0,120.0,229.890104
1040.0,120.0,243.488498
1080.0,120.0,256.263501
1120.0,120.0,268.50613
1160.0,120.0,281.186264
1200.0,120.0,294.331796
1240.0,120.0,307.942726
1280.0,120.0,322.019053
1320.0,120.0,336.560778
1360.0,120.0,351.5679
1400.0,120.0,367.04042
1440.0,120.0,382.978337
1480.0,120.0,399.381652
1520.0,120.0,416.250364
1560.0,120.0,433.584474
1600.0,120.0,451.383981
1640.0,120.0,469.648886
1680.0,120.0,
1720.0,120.0,
1760.0,120.0,
-1760.0,160.0,
-1720.0,160.0,
-1680.0,160.0,
-1640.0,160.0,
-1600.0,160.0,
-1560.0,160.0,
-1520.0,160.0,
-1480.0,160.0,547.991641
-1440.0,160.0,520.903886
-1400.0,160.0,495.039272
-1360.0,160.0,470.350751
-1320.0,160.0,446.793655
-1280.0,160.0,424.325551
-1240.0,160.0,402.906101
-1200.0,160.0,382.496937
-1160.0,160.0,363.061539
-1120.0,160.0,344.565126
-1080.0,160.0,326.934378
-1040.0,160.0,309.35365
-1000.0,160.0,291.632493
-960.0,160.0,273.91618
-920.0,160.0,256.330537
-880.0,160.0,238.984672
-840.0,160.0,221.97306
-800.0,160.0,205.376125
-760.0,160.0,189.261989
-720.0,160.0,173.687763
-680.0,160.0,158.700861
-640.0,160.0,144.339178
-600.0,160.0,130.633977
-560.0,160.0,117.609002
-520.0,160.0,105.282829
-480.0,160.0,93.66857
-440.0,160.0,82.775718
-400.0,160.0,72.610105
-360.0,160.0,63.174849
-320.0,160.0,54.471281
-280.0,160.0,46.498938
-240.0,160.0,39.256904
-200.0,160.0,32.743701
-160.0,160.0,26.958332
-120.0,160.0,21.900571
-80.0,160.0,17.571896
-40.0,160.0,13.974803
0.0,160.0,11.111979
40.0,160.0,8.9901
80.0,160.0,7.697671
120.0,160.0,7.459737
160.0,160.0,8.57895
200.0,160.0,10.656762
240.0,160.0,13.457837
280.0,160.0,16.987994
320.0,160.0,21.239899
360.0,160.0,26.20218
400.0,160.0,31.862714
440.0,160.0,38.208826
480.0,160.0,45.227049
520.0,160.0,52.902127
560.0,160.0,61.215973
600.0,160.0,70.147201
640.0,160.0,79.67138
680.0,160.0,89.758192
720.0,160.0,100.37307
760.0,160.0,111.475508
800.0,160.0,123.018569
840.0,160.0,134.947718
880.0,160.0,147.201621
920.0,160.0,159.710235
960.0,160.0,172.393974
1000.0,160.0,185.164706
1040.0,160.0,197.923829
1080.0,160.0,210.559696
1120.0,160.0,222.952332
1160.0,160.0,234.966162
1200.0,160.0,246.455714
1240.0,160.0,257.258577
1280.0,160.0,267.815823
1320.0,160.0,278.722116
1360.0,160.0,289.977458
1400.0,160.0,301.581848
1440.0,160.0,313.535286
1480.0,160.0,325.837772
1520.0,160.0,338.489306
1560.0,160.0,351.489888
1600.0,160.0,364.839518
1640.0,160.0,378.538197
1680.0,160.0,
1720.0,160.0,
1760.0,160.0,
-1760.0,200.0,
-1720.0,200.0,
-1680.0,200.0,
-1640.0,200.0,
-1600.0,200.0,
-1560.0,200.0,
-1520.0,200.0,
-1480.0,200.0,426.003298
-1440.0,200.0,407.496334
-1400.0,200.0,389.718411
-1360.0,200.0,372.649022
-1320.0,200.0,356.268417
-1280.0,200.0,340.557577
-1240.0,200.0,325.498175
-1200.0,200.0,310.896599
-1160.0,200.0,296.088322
-1120.0,200.0,281.115354
-1080.0,200.0,266.083313
-1040.0,200.0,251.088506
-1000.0,200.0,236.213814
-960.0,200.0,221.534205
-920.0,200.0,207.113684
-880.0,200.0,193.009351
-840.0,200.0,179.269394
-800.0,200.0,165.936037
-760.0,200.0,153.044537
-720.0,200.0,140.624853
-680.0,200.0,128.701955
-640.0,200.0,117.295844
-600.0,200.0,106.42311
-560.0,200.0,96.096768
-520.0,200.0,86.326855
-480.0,200.0,77.120665
-440.0,200.0,68.483557
-400.0,200.0,60.419342
-360.0,200.0,52.930075
-320.0,200.0,46.017071
-280.0,200.0,39.680919
-240.0,200.0,33.921779
-200.0,200.0,28.739675
-160.0,200.0,24.134924
-120.0,200.0,20.108171
-80.0,200.0,16.660524
-40.0,200.0,13.79292
0.0,200.0,11.504704
40.0,200.0,9.797524
80.0,200.0,8.742235
120.0,200.0,8.533672
160.0,200.0,9.446178
200.0,200.0,11.133844
240.0,200.0,13.384829
280.0,200.0,16.208218
320.0,200.0,19.604255
360.0,200.0,23.568884
400.0,200.0,28.095741
440.0,200.0,33.177712
480.0,200.0,38.806569
520.0,200.0,44.97342
560.0,200.0,51.667895
600.0,200.0,58.878044
640.0,200.0,66.589832
680.0,200.0,74.786705
720.0,200.0,83.449361
760.0,200.0,92.555274
800.0,200.0,102.07909
840.0,200.0,111.990694
880.0,200.0,122.256335
920.0,200.0,132.837255
960.0,200.0,143.690129
1000.0,200.0,154.766057
1040.0,200.0,166.010223
1080.0,200.0,177.362029
1120.0,200.0,188.75359
1160.0,200.0,200.111349
1200.0,200.0,211.352426
1240.0,200.0,222.388147
1280.0,200.0,233.12095
1320.0,200.0,243.442167
1360.0,200.0,253.238267
1400.0,200.0,262.585943
1440.0,200.0,272.148693
1480.0,200.0,281.990682
1520.0,200.0,292.111909
1560.0,200.0,302.512375
1600.0,200.0,313.192079
1640.0,200.0,
1680.0,200.0,
1720.0,200.0,
1760.0,200.0,
-1760.0,240.0,
-1720.0,240.0,
-1680.0,240.0,
-1640.0,240.0,
-1600.0,240.0,
-1560.0,240.0,
-1520.0,240.0,
-1480.0,240.0,
-1440.0,240.0,343.140717
-1400.0,240.0,329.634047
-1360.0,240.0,316.622762
-1320.0,240.0,303.945599
-1280.0,240.0,291.046151
-1240.0,240.0,277.95619
-1200.0,240.0,264.760751
-1160.0,240.0,251.536542
-1120.0,240.0,238.352563
-1080.0,240.0,225.271034
-1040.0,240.0,212.34688
-1000.0,240.0,199.62889
-960.0,240.0,187.159718
-920.0,240.0,174.977883
-880.0,240.0,163.116076
-840.0,240.0,151.602809
-800.0,240.0,140.463023
-760.0,240.0,129.717167
-720.0,240.0,119.383371
-680.0,240.0,109.476194
-640.0,240.0,100.008019
-600.0,240.0,90.988391
-560.0,240.0,82.425551
-520.0,240.0,74.325562
-480.0,240.0,66.693132
-440.0,240.0,59.531716
-400.0,240.0,52.843737
-360.0,240.0,46.631082
-320.0,240.0,40.894765
-280.0,240.0,35.635603
-240.0,240.0,30.853961
-200.0,240.0,26.550417
-160.0,240.0,22.725344
-120.0,240.0,19.379322
-80.0,240.0,16.512633
-40.0,240.0,14.124945
0.0,240.0,12.21428
40.0,240.0,10.780845
80.0,240.0,9.885241
120.0,240.0,9.699042
160.0,240.0,10.469614
200.0,240.0,11.894523
240.0,240.0,13.781765
280.0,240.0,16.138988
320.0,240.0,18.968881
360.0,240.0,22.270581
400.0,240.0,26.041226
440.0,240.0,30.276614
480.0,240.0,34.971914
520.0,240.0,40.121139
560.0,240.0,45.717935
600.0,240.0,51.754691
640.0,240.0,58.222329
680.0,240.0,65.110855
720.0,240.0,72.40838
760.0,240.0,80.100983
800.0,240.0,88.172965
840.0,240.0,96.605838
880.0,240.0,105.378837
920.0,240.0,114.468528
960.0,240.0,123.848238
1000.0,240.0,133.488118
1040.0,240.0,143.354862
1080.0,240.0,153.410509
1120.0,240.0,163.61457
1160.0,240.0,173.920815
1200.0,240.0,184.279229
1240.0,240.0,194.634976
1280.0,240.0,204.927753
1320.0,240.0,215.09109
1360.0,240.0,225.053788
1400.0,240.0,234.739914
1440.0,240.0,244.063753
1480.0,240.0,252.936522
1520.0,240.0,261.426344
1560.0,240.0,270.093398
1600.0,240.0,278.993152
1640.0,240.0,
1680.0,240.0,
1720.0,240.0,
1760.0,240.0,
-1760.0,280.0,
-1720.0,280.0,
-1680.0,280.0,
-1640.0,280.0,
-1600.0,280.0,
-1560.0,280.0,
-1520.0,280.0,
-1480.0,280.0,
-1440.0,280.0,301.757817
-1400.0,280.0,290.307628
-1360.0,280.0,278.641235
-1320.0,280.0,266.831098
-1280.0,280.0,254.941531
-1240.0,280.0,243.032856
-1200.0,280.0,231.157497
-1160.0,280.0,219.365198
-1120.0,280.0,207.699227
-1080.0,280.0,196.198483
-1040.0,280.0,184.898066
-1000.0,280.0,173.828799
-960.0,280.0,163.018465
-920.0,280.0,152.490814
-880.0,280.0,142.2668
-840.0,280.0,132.365314
-800.0,280.0,122.80157
-760.0,280.0,113.589456
-720.0,280.0,104.740032
-680.0,280.0,96.263298
-640.0,280.0,88.167078
-600.0,280.0,80.457954
-560.0,280.0,73.141014
-520.0,280.0,66.220566
-480.0,280.0,59.699679
-440.0,280.0,53.581122
-400.0,280.0,47.866495
-360.0,280.0,42.55716
-320.0,280.0,37.654238
-280.0,280.0,33.158278
-240.0,280.0,29.069934
-200.0,280.0,25.389533
-160.0,280.0,22.117523
-120.0,280.0,19.253981
-80.0,280.0,16.798687
-40.0,280.0,14.750706
0.0,280.0,13.107657
40.0,280.0,11.869725
80.0,280.0,11.090332
120.0,280.0,10.922284
160.0,280.0,11.588815
200.0,280.0,12.822931
240.0,280.0,14.450292
280.0,280.0,16.476496
320.0,280.0,18.904409
360.0,280.0,21.734581
400.0,280.0,24.965974
440.0,280.0,28.596106
480.0,280.0,32.62203
520.0,280.0,37.039984
560.0,280.0,41.8453
600.0,280.0,47.033138
640.0,280.0,52.597388
680.0,280.0,58.531142
720.0,280.0,64.826714
760.0,280.0,71.474295
800.0,280.0,78.463866
840.0,280.0,85.783346
880.0,280.0,93.418606
920.0,280.0,101.354678
960.0,280.0,109.573266
1000.0,280.0,118.055274
1040.0,280.0,126.777834
1080.0,280.0,135.717497
1120.0,280.0,144.845899
1160.0,280.0,154.133685
1200.0,280.0,163.547817
1240.0,280.0,173.050573
1280.0,280.0,182.603931
1320.0,280.0,192.163573
1360.0,280.0,201.681919
1400.0,280.0,211.108141
1440.0,280.0,220.387618
1480.0,280.0,229.459054
1520.0,280.0,238.258731
1560.0,280.0,246.717848
1600.0,280.0,254.760114
1640.0,280.0,
1680.0,280.0,
1720.0,280.0,
1760.0,280.0,
-1760.0,320.0,
-1720.0,320.0,
-1680.0,320.0,
-1640.0,320.0,
-1600.0,320.0,
-1560.0,320.0,
-1520.0,320.0,
-1480.0,320.0,
-1440.0,320.0,270.789038
-1400.0,320.0,259.977396
-1360.0,320.0,249.098763
-1320.0,320.0,238.200012
-1280.0,320.0,227.325193
-1240.0,320.0,216.514758
-1200.0,320.0,205.80434
-1160.0,320.0,195.227061
-1120.0,320.0,184.81178
-1080.0,320.0,174.585604
-1040.0,320.0,164.571487
-1000.0,320.0,154.790569
-960.0,320.0,145.262064
-920.0,320.0,136.001594
-880.0,320.0,127.023888
-840.0,320.0,118.341253
-800.0,320.0,109.964887
-760.0,320.0,101.903792
-720.0,320.0,94.165875
-680.0,320.0,86.758037
-640.0,320.0,79.685454
-600.0,320.0,72.952994
-560.0,320.0,66.564214
-520.0,320.0,60.522317
-480.0,320.0,54.829504
-440.0,320.0,49.487759
-400.0,320.0,44.498404
-360.0,320.0,39.862588
-320.0,320.0,35.581065
-280.0,320.0,31.654517
-240.0,320.0,28.083321
-200.0,320.0,24.867875
-160.0,320.0,22.008241
-120.0,320.0,19.504372
-80.0,320.0,17.355663
-40.0,320.0,15.561003
0.0,320.0,14.118176
40.0,320.0,13.027602
80.0,320.0,12.33723
120.0,320.0,12.18426
160.0,320.0,12.771058
200.0,320.0,13.859686
240.0,320.0,15.291262
280.0,320.0,17.069543
320.0,320.0,19.197119
360.0,320.0,21.674895
400.0,320.0,24.502592
440.0,320.0,27.679087
480.0,320.0,31.202339
520.0,320.0,35.069907
560.0,320.0,39.278629
600.0,320.0,43.824922
640.0,320.0,48.704591
680.0,320.0,53.912691
720.0,320.0,59.443515
760.0,320.0,65.290771
800.0,320.0,71.446619
840.0,320.0,77.903295
880.0,320.0,84.65038
920.0,320.0,91.677516
960.0,320.0,98.972472
1000.0,320.0,106.520769
1040.0,320.0,114.30815
1080.0,320.0,122.316345
1120.0,320.0,130.527087
1160.0,320.0,138.919228
1200.0,320.0,147.469211
1240.0,320.0,156.152686
1280.0,320.0,164.941193
1320.0,320.0,173.804462
1360.0,320.0,182.709358
1400.0,320.0,191.620448
1440.0,320.0,200.499562
1480.0,320.0,209.30441
1520.0,320.0,217.989561
1560.0,320.0,226.506907
1600.0,320.0,234.80402
1640.0,320.0,
1680.0,320.0,
1720.0,320.0,
1760.0,320.0,
-1760.0,360.0,
-1720.0,360.0,
-1680.0,360.0,
-1640.0,360.0,
-1600.0,360.0,
-1560.0,360.0,
-1520.0,360.0,
-1480.0,360.0,
-1440.0,360.0,245.843762
-1400.0,360.0,235.753152
-1360.0,360.0,225.675972
-1320.0,360.0,215.645563
-1280.0,360.0,205.693154
-1240.0,360.0,195.847237
-1200.0,360.0,186.133084
-1160.0,360.0,176.573516
-1120.0,360.0,167.189714
-1080.0,360.0,158.000797
-1040.0,360.0,149.023163
-1000.0,360.0,140.271553
-960.0,360.0,131.759488
-920.0,360.0,123.499006
-880.0,360.0,115.500007
-840.0,360.0,107.771442
-800.0,360.0,100.32112
-760.0,360.0,93.156182
-720.0,360.0,86.281734
-680.0,360.0,79.703067
-640.0,360.0,73.424081
-600.0,360.0,67.448196
-560.0,360.0,61.778244
-520.0,360.0,56.416487
-480.0,360.0,51.364737
-440.0,360.0,46.624461
-400.0,360.0,42.196692
-360.0,360.0,38.082385
-320.0,360.0,34.282232
-280.0,360.0,30.79668
-240.0,360.0,27.626081
-200.0,360.0,24.77063
-160.0,360.0,22.23033
-120.0,360.0,20.004904
-80.0,360.0,18.093668
-40.0,360.0,16.495477
0.0,360.0,15.208489
40.0,360.0,14.233384
80.0,360.0,13.613623
120.0,360.0,13.473357
160.0,360.0,13.997083
200.0,360.0,14.970811
240.0,360.0,16.248993
280.0,360.0,17.834314
320.0,360.0,19.728604
360.0,360.0,21.932945
400.0,360.0,24.447387
440.0,360.0,27.271293
480.0,360.0,30.403502
520.0,360.0,33.842387
560.0,360.0,37.585569
600.0,360.0,41.630485
640.0,360.0,45.974112
680.0,360.0,50.612607
720.0,360.0,55.542081
760.0,360.0,60.757533
800.0,360.0,66.253676
840.0,360.0,72.024217
880.0,360.0,78.062223
920.0,360.0,84.359429
960.0,360.0,90.907367
1000.0,360.0,97.695322
1040.0,360.0,104.712627
1080.0,360.0,111.946658
1120.0,360.0,119.383257
1160.0,360.0,127.008039
1200.0,360.0,134.803254
1240.0,360.0,142.750909
1280.0,360.0,150.831029
1320.0,360.0,159.021021
1360.0,360.0,167.297371
1400.0,360.0,175.634072
1440.0,360.0,184.003156
1480.0,360.0,192.373791
1520.0,360.0,200.713182
1560.0,360.0,208.986577
1600.0,360.0,217.15587
1640.0,360.0,
1680.0,360.0,
1720.0,360.0,
1760.0,360.0,
-1720.0,400.0,
-1680.0,400.0,
-1640.0,400.0,
-1600.0,400.0,
-1560.0,400.0,
-1520.0,400.0,
-1480.0,400.0,
-1440.0,400.0,225.513072
-1400.0,400.0,216.123494
-1360.0,400.0,206.793321
-1320.0,400.0,197.54667
-1280.0,400.0,188.406187
-1240.0,400.0,179.393014
-1200.0,400.0,170.526017
-1160.0,400.0,161.822123
-1120.0,400.0,153.296465
-1080.0,400.0,144.963066
-1040.0,400.0,136.834749
-1000.0,400.0,128.921795
-960.0,400.0,121.234626
-920.0,400.0,113.781945
-880.0,400.0,106.571013
-840.0,400.0,99.609106
-800.0,400.0,92.901515
-760.0,400.0,86.453657
-720.0,400.0,80.269763
-680.0,400.0,74.353351
-640.0,400.0,68.707833
-600.0,400.0,63.335663
-560.0,400.0,58.23894
-520.0,400.0,53.419505
-480.0,400.0,48.878931
-440.0,400.0,44.618089
-400.0,400.0,40.638117
-360.0,400.0,36.939697
-320.0,400.0,33.523362
-280.0,400.0,30.389417
-240.0,400.0,27.538226
-200.0,400.0,24.969824
-160.0,400.0,22.684081
-120.0,400.0,20.680671
-80.0,400.0,18.958942
-40.0,400.0,17.517807
0.0,400.0,16.355815
40.0,400.0,15.473835
80.0,400.0,14.91154
120.0,400.0,14.782073
160.0,400.0,15.254648
200.0,400.0,16.135266
240.0,400.0,17.289881
280.0,400.0,18.720298
320.0,400.0,20.427973
360.0,400.0,22.413762
400.0,400.0,24.677932
440.0,400.0,27.220105
480.0,400.0,30.039603
520.0,400.0,33.135096
560.0,400.0,36.505204
600.0,400.0,40.147753
640.0,400.0,44.06056
680.0,400.0,48.240795
720.0,400.0,52.685295
760.0,400.0,57.390566
800.0,400.0,62.352088
840.0,400.0,67.565589
880.0,400.0,73.025491
920.0,400.0,78.725633
960.0,400.0,84.659268
1000.0,400.0,90.819066
1040.0,400.0,97.196427
1080.0,400.0,103.782198
1120.0,400.0,110.565341
1160.0,400.0,117.534958
1200.0,400.0,124.677926
1240.0,400.0,131.980692
1280.0,400.0,139.428417
1320.0,400.0,147.004009
1360.0,400.0,154.689498
1400.0,400.0,162.465703
1440.0,400.0,170.311601
1480.0,400.0,178.203118
1520.0,400.0,186.117367
1560.0,400.0,194.026298
1600.0,400.0,
1640.0,400.0,
1680.0,400.0,
1720.0,400.0,
-1720.0,440.0,
-1680.0,440.0,
-1640.0,440.0,
-1600.0,440.0,
-1560.0,440.0,
-1520.0,440.0,
-1480.0,440.0,
-1440.0,440.0,
-1400.0,440.0,200.000904
-1360.0,440.0,191.344204
-1320.0,440.0,182.791312
-1280.0,440.0,174.359669
-1240.0,440.0,166.064701
-1200.0,440.0,157.920815
-1160.0,440.0,149.941387
-1120.0,440.0,142.13718
-1080.0,440.0,134.519587
-1040.0,440.0,127.097862
-1000.0,440.0,119.880542
-960.0,440.0,112.874947
-920.0,440.0,106.088037
-880.0,440.0,99.525387
-840.0,440.0,93.192473
-800.0,440.0,87.093804
-760.0,440.0,81.232915
-720.0,440.0,75.613766
-680.0,440.0,70.238756
-640.0,440.0,65.110582
-600.0,440.0,60.231325
-560.0,440.0,55.602478
-520.0,440.0,51.225821
-480.0,440.0,47.102203
-440.0,440.0,43.23277
-400.0,440.0,39.618235
-360.0,440.0,36.259217
-320.0,440.0,33.155981
-280.0,440.0,30.30906
-240.0,440.0,27.718484
-200.0,440.0,25.384281
-160.0,440.0,23.30628
-120.0,440.0,21.484127
-80.0,440.0,19.917272
-40.0,440.0,18.604715
0.0,440.0,17.545361
40.0,440.0,16.740177
80.0,440.0,16.225589
120.0,440.0,16.105367
160.0,440.0,16.53562
200.0,440.0,17.339121
240.0,440.0,18.391916
280.0,440.0,19.695226
320.0,440.0,21.250072
360.0,440.0,23.057018
400.0,440.0,25.116542
440.0,440.0,27.428344
480.0,440.0,29.99198
520.0,440.0,32.806647
560.0,440.0,35.871076
600.0,440.0,39.18377
640.0,440.0,42.743079
680.0,440.0,46.546743
720.0,440.0,50.592223
760.0,440.0,54.876828
800.0,440.0,59.397182
840.0,440.0,64.149539
880.0,440.0,69.130106
920.0,440.0,74.333625
960.0,440.0,79.755148
1000.0,440.0,85.388785
1040.0,440.0,91.228002
1080.0,440.0,97.265371
1120.0,440.0,103.492687
1160.0,440.0,109.901457
1200.0,440.0,116.48186
1240.0,440.0,123.222799
1280.0,440.0,130.112687
1320.0,440.0,137.13858
1360.0,440.0,144.287045
1400.0,440.0,151.542843
1440.0,440.0,158.889632
1480.0,440.0,166.309254
1520.0,440.0,173.783298
1560.0,440.0,181.291277
1600.0,440.0,
1640.0,440.0,
1680.0,440.0,
1720.0,440.0,
-1720.0,480.0,
-1680.0,480.0,
-1640.0,480.0,
-1600.0,480.0,
-1560.0,480.0,
-1520.0,480.0,
-1480.0,480.0,
-1440.0,480.0,
-1400.0,480.0,186.59972
-1360.0,480.0,178.543549
-1320.0,480.0,170.601854
-1280.0,480.0,162.788397
-1240.0,480.0,155.11449
-1200.0,480.0,147.592238
-1160.0,480.0,140.231397
-1120.0,480.0,133.041069
-1080.0,480.0,126.029691
-1040.0,480.0,119.204635
-1000.0,480.0,112.572503
-960.0,480.0,106.139144
-920.0,480.0,99.910042
-880.0,480.0,93.889866
-840.0,480.0,88.082373
-800.0,480.0,82.491611
-760.0,480.0,77.12032
-720.0,480.0,71.971459
-680.0,480.0,67.047279
-640.0,480.0,62.349803
-600.0,480.0,57.880569
-560.0,480.0,53.641141
-520.0,480.0,49.632554
-480.0,480.0,45.855901
-440.0,480.0,42.311936
-400.0,480.0,39.001315
-360.0,480.0,35.92439
-320.0,480.0,33.081706
-280.0,480.0,30.473307
-240.0,480.0,28.099425
-200.0,480.0,25.960007
-160.0,480.0,24.054889
-120.0,480.0,22.383598
-80.0,480.0,20.945783
-40.0,480.0,19.740532
0.0,480.0,18.76705
40.0,480.0,18.026331
80.0,480.0,17.551958
120.0,480.0,17.439734
160.0,480.0,17.83432
200.0,480.0,18.57302
240.0,480.0,19.540426
280.0,480.0,20.737353
320.0,480.0,22.164529
360.0,480.0,23.822511
400.0,480.0,25.711418
440.0,480.0,27.831381
480.0,480.0,30.181825
520.0,480.0,32.762292
560.0,480.0,35.571869
600.0,480.0,38.609436
640.0,480.0,41.873317
680.0,480.0,45.362183
720.0,480.0,49.073726
760.0,480.0,53.00592
800.0,480.0,57.156072
840.0,480.0,61.52121
880.0,480.0,66.098079
920.0,480.0,70.882896
960.0,480.0,75.87127
1000.0,480.0,81.058724
1040.0,480.0,86.440068
1080.0,480.0,92.009369
1120.0,480.0,97.760197
1160.0,480.0,103.685631
1200.0,480.0,109.778203
1240.0,480.0,116.028451
1280.0,480.0,122.428149
1320.0,480.0,128.966878
1360.0,480.0,135.633405
1400.0,480.0,142.415728
1440.0,480.0,149.301076
1480.0,480.0,156.27591
1520.0,480.0,163.324622
1560.0,480.0,170.431735
1600.0,480.0,
1640.0,480.0,
1680.0,480.0,
1720.0,480.0,
-1720.0,520.0,
-1680.0,520.0,
-1640.0,520.0,
-1600.0,520.0,
-1560.0,520.0,
-1520.0,520.0,
-1480.0,520.0,
-1440.0,520.0,
-1400.0,520.0,175.345386
-1360.0,520.0,167.822485
-1320.0,520.0,160.419576
-1280.0,520.0,153.14683
-1240.0,520.0,146.013817
-1200.0,520.0,139.029493
-1160.0,520.0,132.202196
-1120.0,520.0,125.539352
-1080.0,520.0,119.047176
-1040.0,520.0,112.731786
-1000.0,520.0,106.59864
-960.0,520.0,100.652519
-920.0,520.0,94.897432
-880.0,520.0,89.337352
-840.0,520.0,83.975536
-800.0,520.0,78.814998
-760.0,520.0,73.858168
-720.0,520.0,69.10726
-680.0,520.0,64.564269
-640.0,520.0,60.230817
-600.0,520.0,56.108197
-560.0,520.0,52.197642
-520.0,520.0,48.500181
-480.0,520.0,45.0166
-440.0,520.0,41.747591
-400.0,520.0,38.693592
-360.0,520.0,35.855086
-320.0,520.0,33.23231
-280.0,520.0,30.825505
-240.0,520.0,28.634697
-200.0,520.0,26.659839
-160.0,520.0,24.900784
-120.0,520.0,23.357136
-80.0,520.0,22.028541
-40.0,520.0,20.914288
0.0,520.0,20.013757
40.0,520.0,19.327943
80.0,520.0,18.887935
120.0,520.0,18.782669
160.0,520.0,19.146814
200.0,520.0,19.830264
240.0,520.0,20.725016
280.0,520.0,21.831606
320.0,520.0,23.150526
360.0,520.0,24.682166
400.0,520.0,26.42677
440.0,520.0,28.384282
480.0,520.0,30.554437
520.0,520.0,32.936705
560.0,520.0,35.530475
600.0,520.0,38.334805
640.0,520.0,41.348582
680.0,520.0,44.570377
720.0,520.0,47.998525
760.0,520.0,51.631361
800.0,520.0,55.466746
840.0,520.0,59.502009
880.0,520.0,63.734698
920.0,520.0,68.16171
960.0,520.0,72.779377
1000.0,520.0,77.584302
1040.0,520.0,82.571964
1080.0,520.0,87.738022
1120.0,520.0,93.076658
1160.0,520.0,98.582635
1200.0,520.0,104.249699
1240.0,520.0,110.070819
1280.0,520.0,116.038311
1320.0,520.0,122.144779
1360.0,520.0,128.380261
1400.0,520.0,134.736097
1440.0,520.0,141.201569
1480.0,520.0,147.765251
1520.0,520.0,154.415005
1560.0,520.0,
1600.0,520.0,
1640.0,520.0,
1680.0,520.0,
1720.0,520.0,
-1680.0,560.0,
-1640.0,560.0,
-1600.0,560.0,
-1560.0,560.0,
-1520.0,560.0,
-1480.0,560.0,
-1440.0,560.0,
-1400.0,560.0,
-1360.0,560.0,158.761347
-1320.0,560.0,151.834456
-1280.0,560.0,145.037279
-1240.0,560.0,138.37758
-1200.0,560.0,131.86323
-1160.0,560.0,125.500029
-1120.0,560.0,119.294373
-1080.0,560.0,113.251662
-1040.0,560.0,107.376769
-1000.0,560.0,101.67394
-960.0,560.0,96.147026
-920.0,560.0,90.799803
-880.0,560.0,85.63529
-840.0,560.0,80.655973
-800.0,560.0,75.864549
-760.0,560.0,71.262921
-720.0,560.0,66.853081
-680.0,560.0,62.636763
-640.0,560.0,58.614982
-600.0,560.0,54.789172
-560.0,560.0,51.160287
-520.0,560.0,47.729139
-480.0,560.0,44.496451
-440.0,560.0,41.462754
-400.0,560.0,38.628444
-360.0,560.0,35.993963
-320.0,560.0,33.559539
-280.0,560.0,31.325261
-240.0,560.0,29.29116
-200.0,560.0,27.457199
-160.0,560.0,25.823259
-120.0,560.0,24.389027
-80.0,560.0,23.154132
-40.0,560.0,22.118052
0.0,560.0,21.280292
40.0,560.0,20.641813
80.0,560.0,20.231498
120.0,560.0,20.132315
160.0,560.0,20.470177
200.0,560.0,21.105964
240.0,560.0,21.93808
280.0,560.0,22.966892
320.0,560.0,24.192822
360.0,560.0,25.616139
400.0,560.0,27.236913
440.0,560.0,29.055119
480.0,560.0,31.070708
520.0,560.0,33.283058
560.0,560.0,35.691765
600.0,560.0,38.296077
640.0,560.0,41.095033
680.0,560.0,44.087528
720.0,560.0,47.272323
760.0,560.0,50.647565
800.0,560.0,54.211961
840.0,560.0,57.963029
880.0,560.0,61.898878
920.0,560.0,66.016886
960.0,560.0,70.314184
1000.0,560.0,74.787666
1040.0,560.0,79.433983
1080.0,560.0,84.248712
1120.0,560.0,89.228375
1160.0,560.0,94.367431
1200.0,560.0,99.661351
1240.0,560.0,105.104343
1280.0,560.0,110.690192
1320.0,560.0,116.412255
1360.0,560.0,122.263467
1400.0,560.0,128.235237
1440.0,560.0,134.319922
1480.0,560.0,140.507472
1520.0,560.0,146.788709
1560.0,560.0,
1600.0,560.0,
1640.0,560.0,
1680.0,560.0,
-1680.0,600.0,
-1640.0,600.0,
-1600.0,600.0,
-1560.0,600.0,
-1520.0,600.0,
-1480.0,600.0,
-1440.0,600.0,
-1400.0,600.0,
-1360.0,600.0,151.044466
-1320.0,600.0,144.539835
-1280.0,600.0,138.163632
-1240.0,600.0,131.921239
-1200.0,600.0,125.81934
-1160.0,600.0,119.863254
-1120.0,600.0,114.057929
-1080.0,600.0,108.407846
-1040.0,600.0,102.916681
-1000.0,600.0,97.588744
-960.0,600.0,92.426674
-920.0,600.0,87.433711
-880.0,600.0,82.61245
-840.0,600.0,77.965182
-800.0,600.0,73.493983
-760.0,600.0,69.200303
-720.0,600.0,65.08623
-680.0,600.0,61.152623
-640.0,600.0,57.400988
-600.0,600.0,53.832239
-560.0,600.0,50.447211
-520.0,600.0,47.246653
-480.0,600.0,44.231191
-440.0,600.0,41.401117
-400.0,600.0,38.757087
-360.0,600.0,36.299233
-320.0,600.0,34.027757
-280.0,600.0,31.942837
-240.0,600.0,30.044499
-200.0,600.0,28.332603
-160.0,600.0,26.807068
-120.0,600.0,25.467704
-80.0,600.0,24.314112
-40.0,600.0,23.345937
0.0,600.0,22.562774
40.0,600.0,21.965528
80.0,600.0,21.581117
120.0,600.0,21.487284
160.0,600.0,21.802217
200.0,600.0,22.396473
240.0,600.0,23.173997
280.0,600.0,24.135214
320.0,600.0,25.280341
360.0,600.0,26.609544
400.0,600.0,28.12292
440.0,600.0,29.820486
480.0,600.0,31.701863
520.0,600.0,33.767035
560.0,600.0,36.015236
600.0,600.0,38.446074
640.0,600.0,41.058713
680.0,600.0,43.852179
720.0,600.0,46.825375
760.0,600.0,49.977083
800.0,600.0,53.305761
840.0,600.0,56.809643
880.0,600.0,60.487003
920.0,600.0,64.335773
960.0,600.0,68.353298
1000.0,600.0,72.537102
1040.0,600.0,76.884332
1080.0,600.0,81.391403
1120.0,600.0,86.055084
1160.0,600.0,90.871711
1200.0,600.0,95.836094
1240.0,600.0,100.944406
1280.0,600.0,106.191312
1320.0,600.0,111.570978
1360.0,600.0,117.07747
1400.0,600.0,122.704009
1440.0,600.0,128.443716
1480.0,600.0,134.28924
1520.0,600.0,140.231954
1560.0,600.0,
1600.0,600.0,
1640.0,600.0,
1680.0,600.0,
-1680.0,640.0,
-1640.0,640.0,
-1600.0,640.0,
-1560.0,640.0,
-1520.0,640.0,
-1480.0,640.0,
-1440.0,640.0,
-1400.0,640.0,
-1360.0,640.0,
-1320.0,640.0,138.302493
-1280.0,640.0,132.300066
-1240.0,640.0,126.42808
-1200.0,640.0,120.691541
-1160.0,640.0,115.095126
-1120.0,640.0,109.64241
-1080.0,640.0,104.337978
-1040.0,640.0,99.184539
-1000.0,640.0,94.185647
-960.0,640.0,89.343912
-920.0,640.0,84.661761
-880.0,640.0,80.141437
-840.0,640.0,75.785
-800.0,640.0,71.593934
-760.0,640.0,67.570043
-720.0,640.0,63.714402
-680.0,640.0,60.028404
-640.0,640.0,56.512982
-600.0,640.0,53.168987
-560.0,640.0,49.997192
-520.0,640.0,46.998286
-480.0,640.0,44.172546
-440.0,640.0,41.520739
-400.0,640.0,39.042861
-360.0,640.0,36.739393
-320.0,640.0,34.610459
-280.0,640.0,32.656143
-240.0,640.0,30.876483
-200.0,640.0,29.271431
-160.0,640.0,27.840753
-120.0,640.0,26.584458
-80.0,640.0,25.502097
-40.0,640.0,24.593475
0.0,640.0,23.858244
40.0,640.0,23.297238
80.0,640.0,22.93562
120.0,640.0,22.846487
160.0,640.0,23.141259
200.0,640.0,23.698937
240.0,640.0,24.428568
280.0,640.0,25.330465
320.0,640.0,26.404742
360.0,640.0,27.651485
400.0,640.0,29.070732
440.0,640.0,30.662459
480.0,640.0,32.426574
520.0,640.0,34.362711
560.0,640.0,36.470529
600.0,640.0,38.749434
640.0,640.0,41.198892
680.0,640.0,43.818041
720.0,640.0,46.605903
760.0,640.0,49.561386
800.0,640.0,52.68329
840.0,640.0,55.970309
880.0,640.0,59.42041
920.0,640.0,63.032391
960.0,640.0,66.803535
1000.0,640.0,70.732097
1040.0,640.0,74.815491
1080.0,640.0,79.05092
1120.0,640.0,83.435375
1160.0,640.0,87.965633
1200.0,640.0,92.637847
1240.0,640.0,97.448038
1280.0,640.0,102.392169
1320.0,640.0,107.465361
1360.0,640.0,112.662228
1400.0,640.0,117.97763
1440.0,640.0,123.405506
1480.0,640.0,128.939419
1520.0,640.0,
1560.0,640.0,
1600.0,640.0,
1640.0,640.0,
1680.0,640.0,
-1640.0,680.0,
-1600.0,680.0,
-1560.0,680.0,
-1520.0,680.0,
-1480.0,680.0,
-1440.0,680.0,
-1400.0,680.0,
-1360.0,680.0,
-1320.0,680.0,132.941168
-1280.0,680.0,127.273303
-1240.0,680.0,121.731754
-1200.0,680.0,116.320334
-1160.0,680.0,111.043412
-1120.0,680.0,105.904231
-1080.0,680.0,100.906296
-1040.0,680.0,96.052326
-1000.0,680.0,91.344867
-960.0,680.0,86.786295
-920.0,680.0,82.378808
-880.0,680.0,78.124428
-840.0,680.0,74.024742
-800.0,680.0,70.081198
-760.0,680.0,66.295118
-720.0,680.0,62.667776
-680.0,680.0,59.200116
-640.0,680.0,55.893007
-600.0,680.0,52.747241
-560.0,680.0,49.76353
-520.0,680.0,46.942248
-480.0,680.0,44.284046
-440.0,680.0,41.789133
-400.0,680.0,39.457954
-360.0,680.0,37.290668
-320.0,680.0,35.287404
-280.0,680.0,33.448252
-240.0,680.0,31.773263
-200.0,680.0,30.262445
-160.0,680.0,28.915529
-120.0,680.0,27.732585
-80.0,680.0,26.713169
-40.0,680.0,25.857209
0.0,680.0,25.164399
40.0,680.0,24.635495
80.0,680.0,24.294075
120.0,680.0,24.209095
160.0,680.0,24.486001
200.0,680.0,25.011258
240.0,680.0,25.698495
280.0,680.0,26.547909
320.0,680.0,27.559461
360.0,680.0,28.733292
400.0,680.0,30.069437
440.0,680.0,31.567851
480.0,680.0,33.228229
520.0,680.0,35.050497
560.0,680.0,37.034358
600.0,680.0,39.179129
640.0,680.0,41.484441
680.0,680.0,43.949607
720.0,680.0,46.573752
760.0,680.0,49.355891
800.0,680.0,52.294938
840.0,680.0,55.389708
880.0,680.0,58.638917
920.0,680.0,62.040903
960.0,680.0,65.593863
1000.0,680.0,69.295949
1040.0,680.0,73.145162
1080.0,680.0,77.138955
1120.0,680.0,81.274665
1160.0,680.0,85.549654
1200.0,680.0,89.960514
1240.0,680.0,94.50404
1280.0,680.0,99.176767
1320.0,680.0,103.974307
1360.0,680.0,108.892564
1400.0,680.0,113.926451
1440.0,680.0,119.07135
1480.0,680.0,124.321591
1520.0,680.0,
1560.0,680.0,
1600.0,680.0,
1640.0,680.0,
-1640.0,720.0,
-1600.0,720.0,
-1560.0,720.0,
-1520.0,720.0,
-1480.0,720.0,
-1440.0,720.0,
-1400.0,720.0,
-1360.0,720.0,
-1320.0,720.0,
-1280.0,720.0,122.946601
-1240.0,720.0,117.701119
-1200.0,720.0,112.581294
-1160.0,720.0,107.590456
-1120.0,720.0,102.731271
-1080.0,720.0,98.006885
-1040.0,720.0,93.419754
-1000.0,720.0,88.972173
-960.0,720.0,84.665967
-920.0,720.0,80.503129
-880.0,720.0,76.485494
-840.0,720.0,72.614151
-800.0,720.0,68.890672
-760.0,720.0,65.316209
-720.0,720.0,61.891716
-680.0,720.0,58.618075
-640.0,720.0,55.496095
-600.0,720.0,52.52651
-560.0,720.0,49.709793
-520.0,720.0,47.046461
-480.0,720.0,44.536948
-440.0,720.0,42.18165
-400.0,720.0,39.980705
-360.0,720.0,37.93435
-320.0,720.0,36.042772
-280.0,720.0,34.305975
-240.0,720.0,32.724008
-200.0,720.0,31.296929
-160.0,720.0,30.02454
-120.0,720.0,28.906825
-80.0,720.0,27.943473
-40.0,720.0,27.13442
0.0,720.0,26.479422
40.0,720.0,25.979149
80.0,720.0,25.655744
120.0,720.0,25.574469
160.0,720.0,25.835413
200.0,720.0,26.331743
240.0,720.0,26.981183
280.0,720.0,27.783738
320.0,720.0,28.739425
360.0,720.0,29.848357
400.0,720.0,31.110494
440.0,720.0,32.525762
480.0,720.0,34.09404
520.0,720.0,35.815115
560.0,720.0,37.688506
600.0,720.0,39.714146
640.0,720.0,41.891157
680.0,720.0,44.219273
720.0,720.0,46.697701
760.0,720.0,49.325484
800.0,720.0,52.101775
840.0,720.0,55.025492
880.0,720.0,58.095323
920.0,720.0,61.310072
960.0,720.0,64.668388
1000.0,720.0,68.168038
1040.0,720.0,71.807855
1080.0,720.0,75.585171
1120.0,720.0,79.498062
1160.0,720.0,83.544082
1200.0,720.0,87.720483
1240.0,720.0,92.024326
1280.0,720.0,96.452484
1320.0,720.0,101.001576
1360.0,720.0,105.667195
1400.0,720.0,110.446264
1440.0,720.0,115.333493
1480.0,720.0,
1520.0,720.0,
1560.0,720.0,
1600.0,720.0,
1640.0,720.0,
-1600.0,760.0,
-1560.0,760.0,
-1520.0,760.0,
-1480.0,760.0,
-1440.0,760.0,
-1400.0,760.0,
-1360.0,760.0,
-1320.0,760.0,
-1280.0,760.0,119.211415
-1240.0,760.0,114.233093
-1200.0,760.0,109.375613
-1160.0,760.0,104.641927
-1120.0,760.0,100.034595
-1080.0,760.0,95.556022
-1040.0,760.0,91.208456
-1000.0,760.0,86.993928
-960.0,760.0,82.913823
-920.0,760.0,78.970418
-880.0,760.0,75.164469
-840.0,760.0,71.497774
-800.0,760.0,67.971367
-760.0,760.0,64.586208
-720.0,760.0,61.343193
-680.0,760.0,58.243145
-640.0,760.0,55.286818
-600.0,760.0,52.474788
-560.0,760.0,49.80742
-520.0,760.0,47.285387
-480.0,760.0,44.908932
-440.0,760.0,42.678297
-400.0,760.0,40.593832
-360.0,760.0,38.65569
-320.0,760.0,36.864
-280.0,760.0,35.218859
-240.0,760.0,33.720153
-200.0,760.0,32.368015
-160.0,760.0,31.162352
-120.0,760.0,30.103054
-80.0,760.0,29.189938
-40.0,760.0,28.422938
0.0,760.0,27.801855
40.0,760.0,27.327279
80.0,760.0,27.020038
120.0,760.0,26.942081
160.0,760.0,27.188669
200.0,760.0,27.65903
240.0,760.0,28.274563
280.0,760.0,29.035053
320.0,760.0,29.940696
360.0,760.0,30.991481
400.0,760.0,32.187336
440.0,760.0,33.528162
480.0,760.0,35.013824
520.0,760.0,36.644149
560.0,760.0,38.418925
600.0,760.0,40.337607
640.0,760.0,42.399942
680.0,760.0,44.605252
720.0,760.0,46.953114
760.0,760.0,49.442628
800.0,760.0,52.072942
840.0,760.0,54.843232
880.0,760.0,57.75244
920.0,760.0,60.799281
960.0,760.0,63.982359
1000.0,760.0,67.300476
1040.0,760.0,70.751832
1080.0,760.0,74.334645
1120.0,760.0,78.046892
1160.0,760.0,81.886665
1200.0,760.0,85.851488
1240.0,760.0,89.938624
1280.0,760.0,94.145467
1320.0,760.0,98.468812
1360.0,760.0,102.905493
1400.0,760.0,107.452158
1440.0,760.0,112.105173
1480.0,760.0,
1520.0,760.0,
1560.0,760.0,
1600.0,760.0,
-1600.0,800.0,
-1560.0,800.0,
-1520.0,800.0,
-1480.0,800.0,
-1440.0,800.0,
-1400.0,800.0,
-1360.0,800.0,
-1320.0,800.0,
-1280.0,800.0,
-1240.0,800.0,111.244172
-1200.0,800.0,106.624345
-1160.0,800.0,102.123262
-1120.0,800.0,97.743278
-1080.0,800.0,93.486596
-1040.0,800.0,89.355268
-1000.0,800.0,85.350641
-960.0,800.0,81.474741
-920.0,800.0,77.728559
-880.0,800.0,74.113742
-840.0,800.0,70.631327
-800.0,800.0,67.282282
-760.0,800.0,64.067513
-720.0,800.0,60.987856
-680.0,800.0,58.04408
-640.0,800.0,55.236872
-600.0,800.0,52.566429
-560.0,800.0,50.033675
-520.0,800.0,47.638609
-480.0,800.0,45.381796
-440.0,800.0,43.263484
-400.0,800.0,41.283853
-360.0,800.0,39.443063
-320.0,800.0,37.741247
-280.0,800.0,36.17851
-240.0,800.0,34.754836
-200.0,800.0,33.470167
-160.0,800.0,32.324603
-120.0,800.0,31.31793
-80.0,800.0,30.45009
-40.0,800.0,29.721007
0.0,800.0,29.130517
40.0,800.0,28.679128
80.0,800.0,28.386468
120.0,800.0,28.311487
160.0,800.0,28.545096
200.0,800.0,28.992016
240.0,800.0,29.576903
280.0,800.0,30.299502
320.0,800.0,31.160031
360.0,800.0,32.158415
400.0,800.0,33.294464
440.0,800.0,34.568223
480.0,800.0,35.979556
520.0,800.0,37.528204
560.0,800.0,39.213888
600.0,800.0,41.03642
640.0,800.0,42.995372
680.0,800.0,45.090121
720.0,800.0,47.320284
760.0,800.0,49.685271
800.0,800.0,52.184008
840.0,800.0,54.815934
880.0,800.0,57.580082
920.0,800.0,60.475401
960.0,800.0,63.500754
1000.0,800.0,66.654597
1040.0,800.0,69.935677
1080.0,800.0,73.3427
1120.0,800.0,76.873214
1160.0,800.0,80.526113
1200.0,800.0,84.298813
1240.0,800.0,88.189144
1280.0,800.0,92.194825
1320.0,800.0,96.313143
1360.0,800.0,100.541213
1400.0,800.0,104.875983
1440.0,800.0,
1480.0,800.0,
1520.0,800.0,
1560.0,800.0,
1600.0,800.0,
-1560.0,840.0,
-1520.0,840.0,
-1480.0,840.0,
-1440.0,840.0,
-1400.0,840.0,
-1360.0,840.0,
-1320.0,840.0,
-1280.0,840.0,
-1240.0,840.0,
-1200.0,840.0,104.262729
-1160.0,840.0,99.973048
-1120.0,840.0,95.799468
-1080.0,840.0,91.744221
-1040.0,840.0,87.808788
-1000.0,840.0,83.994771
-960.0,840.0,80.303465
-920.0,840.0,76.736357
-880.0,840.0,73.294486
-840.0,840.0,69.978829
-800.0,840.0,66.790298
-760.0,840.0,63.729742
-720.0,840.0,60.797945
-680.0,840.0,57.995624
-640.0,840.0,55.323042
-600.0,840.0,52.781046
-560.0,840.0,50.369728
-520.0,840.0,48.089719
-480.0,840.0,45.941243
-440.0,840.0,43.924504
-400.0,840.0,42.039686
-360.0,840.0,40.28695
-320.0,840.0,38.666435
-280.0,840.0,37.178255
-240.0,840.0,35.822491
-200.0,840.0,34.598889
-160.0,840.0,33.507745
-120.0,840.0,32.548728
-80.0,840.0,31.72191
-40.0,840.0,31.027191
0.0,840.0,30.464436
40.0,840.0,30.034077
80.0,840.0,29.754627
120.0,840.0,29.682328
160.0,840.0,29.904088
200.0,840.0,30.329797
240.0,840.0,30.886856
280.0,840.0,31.57514
320.0,840.0,32.394788
360.0,840.0,33.34552
400.0,840.0,34.427442
440.0,840.0,35.640449
480.0,840.0,36.984393
520.0,840.0,38.459093
560.0,840.0,40.064344
600.0,840.0,41.799749
640.0,840.0,43.664953
680.0,840.0,45.659778
720.0,840.0,47.783266
760.0,840.0,50.035305
800.0,840.0,52.414992
840.0,840.0,54.921521
880.0,840.0,57.554202
920.0,840.0,60.312062
960.0,840.0,63.19405
1000.0,840.0,66.199041
1040.0,840.0,69.325783
1080.0,840.0,72.572505
1120.0,840.0,75.938189
1160.0,840.0,79.420877
1200.0,840.0,83.018864
1240.0,840.0,86.729902
1280.0,840.0,90.552199
1320.0,840.0,94.483288
1360.0,840.0,98.520539
1400.0,840.0,
1440.0,840.0,
1480.0,840.0,
1520.0,840.0,
1560.0,840.0,
-1560.0,880.0,
-1520.0,880.0,
-1480.0,880.0,
-1440.0,880.0,
-1400.0,880.0,
-1360.0,880.0,
-1320.0,880.0,
-1280.0,880.0,
-1240.0,880.0,
-1200.0,880.0,102.238144
-1160.0,880.0,98.141202
-1120.0,880.0,94.155972
-1080.0,880.0,90.284296
-1040.0,880.0,86.527343
-1000.0,880.0,82.886723
-960.0,880.0,79.363758
-920.0,880.0,75.959488
-880.0,880.0,72.674896
-840.0,880.0,69.510902
-800.0,880.0,66.468364
-760.0,880.0,63.548081
-720.0,880.0,60.750786
-680.0,880.0,58.076849
-640.0,880.0,55.526944
-600.0,880.0,53.101414
-560.0,880.0,50.800814
-520.0,880.0,48.625265
-480.0,880.0,46.57512
-440.0,880.0,44.650662
-400.0,880.0,42.852067
-360.0,880.0,41.179493
-320.0,880.0,39.632947
-280.0,880.0,38.212552
-240.0,880.0,36.918472
-200.0,880.0,35.750492
-160.0,880.0,34.708851
-120.0,880.0,33.793208
-80.0,880.0,33.003732
-40.0,880.0,32.340303
0.0,880.0,31.802807
40.0,880.0,31.391608
80.0,880.0,31.124184
120.0,880.0,31.054301
160.0,880.0,31.265236
200.0,880.0,31.671623
240.0,880.0,32.203327
280.0,880.0,32.860362
320.0,880.0,33.642672
360.0,880.0,34.550133
400.0,880.0,35.582801
440.0,880.0,36.740539
480.0,880.0,38.023185
520.0,880.0,39.430556
560.0,880.0,40.962443
600.0,880.0,42.618607
640.0,880.0,44.398785
680.0,880.0,46.302279
720.0,880.0,48.329012
760.0,880.0,50.47818
800.0,880.0,52.749498
840.0,880.0,55.141876
880.0,880.0,57.654824
920.0,880.0,60.287493
960.0,880.0,63.03891
1000.0,880.0,65.908026
1040.0,880.0,68.893723
1080.0,880.0,71.994807
1120.0,880.0,75.209702
1160.0,880.0,78.536937
1200.0,880.0,81.9753
1240.0,880.0,85.522203
1280.0,880.0,89.176526
1320.0,880.0,92.93583
1360.0,880.0,96.797646
1400.0,880.0,
1440.0,880.0,
1480.0,880.0,
1520.0,880.0,
1560.0,880.0,
-1520.0,920.0,
-1480.0,920.0,
-1440.0,920.0,
-1400.0,920.0,
-1360.0,920.0,
-1320.0,920.0,
-1280.0,920.0,
-1240.0,920.0,
-1200.0,920.0,
-1160.0,920.0,96.586459
-1120.0,920.0,92.773846
-1080.0,920.0,89.069801
-1040.0,920.0,85.476257
-1000.0,920.0,81.994365
-960.0,920.0,78.625168
-920.0,920.0,75.369652
-880.0,920.0,72.228746
-840.0,920.0,69.203317
-800.0,920.0,66.294173
-760.0,920.0,63.502062
-720.0,920.0,60.827473
-680.0,920.0,58.270884
-640.0,920.0,55.832905
-600.0,920.0,53.513914
-560.0,920.0,51.314101
-520.0,920.0,49.233964
-480.0,920.0,47.273718
-440.0,920.0,45.43356
-400.0,920.0,43.713669
-360.0,920.0,42.114205
-320.0,920.0,40.635308
-280.0,920.0,39.276819
-240.0,920.0,38.039069
-200.0,920.0,36.921917
-160.0,920.0,35.925466
-120.0,920.0,35.049506
-80.0,920.0,34.294168
-40.0,920.0,33.659349
0.0,920.0,33.144955
40.0,920.0,32.751284
80.0,920.0,32.494846
120.0,920.0,32.427161
160.0,920.0,32.628154
200.0,920.0,33.016867
240.0,920.0,33.525371
280.0,920.0,34.15383
320.0,920.0,34.90197
360.0,920.0,35.769896
400.0,920.0,36.757551
440.0,920.0,37.864781
480.0,920.0,39.091361
520.0,920.0,40.43724
560.0,920.0,41.902189
600.0,920.0,43.485847
640.0,920.0,45.188021
680.0,920.0,47.008424
720.0,920.0,48.94651
760.0,920.0,51.001801
800.0,920.0,53.173839
840.0,920.0,55.462037
880.0,920.0,57.865452
920.0,920.0,60.383595
960.0,920.0,63.015561
1000.0,920.0,65.760373
1040.0,920.0,68.616987
1080.0,920.0,71.584289
1120.0,920.0,74.661097
1160.0,920.0,77.84616
1200.0,920.0,81.137455
1240.0,920.0,84.534059
1280.0,920.0,88.033857
1320.0,920.0,91.635281
1360.0,920.0,
1400.0,920.0,
1440.0,920.0,
1480.0,920.0,
1520.0,920.0,
-1520.0,960.0,
-1480.0,960.0,
-1440.0,960.0,
-1400.0,960.0,
-1360.0,960.0,
-1320.0,960.0,
-1280.0,960.0,
-1240.0,960.0,
-1200.0,960.0,
-1160.0,960.0,
-1120.0,960.0,91.619889
-1080.0,960.0,88.070293
-1040.0,960.0,84.62682
-1000.0,960.0,81.290478
-960.0,960.0,78.06229
-920.0,960.0,74.943309
-880.0,960.0,71.934219
-840.0,960.0,69.035915
-800.0,960.0,66.249157
-760.0,960.0,63.574558
-720.0,960.0,61.012385
-680.0,960.0,58.563528
-640.0,960.0,56.228081
-600.0,960.0,54.006585
-560.0,960.0,51.899407
-520.0,960.0,49.906781
-480.0,960.0,48.028919
-440.0,960.0,46.266021
-400.0,960.0,44.618267
-360.0,960.0,43.08582
-320.0,960.0,41.668825
-280.0,960.0,40.367225
-240.0,960.0,39.181131
-200.0,960.0,38.110603
-160.0,960.0,37.155607
-120.0,960.0,36.31606
-80.0,960.0,35.592052
-40.0,960.0,34.983496
0.0,960.0,34.490311
40.0,960.0,34.112739
80.0,960.0,33.866371
120.0,960.0,33.800682
160.0,960.0,33.992513
200.0,960.0,34.364999
240.0,960.0,34.852194
280.0,960.0,35.454392
320.0,960.0,36.171186
360.0,960.0,37.002831
400.0,960.0,37.949124
440.0,960.0,39.00985
480.0,960.0,40.185019
520.0,960.0,41.474447
560.0,960.0,42.877927
600.0,960.0,44.395232
640.0,960.0,46.026113
680.0,960.0,47.770003
720.0,960.0,49.62676
760.0,960.0,51.596041
800.0,960.0,53.676929
840.0,960.0,55.869354
880.0,960.0,58.172341
920.0,960.0,60.585286
960.0,960.0,63.107529
1000.0,960.0,65.738159
1040.0,960.0,68.476201
1080.0,960.0,71.32061
1120.0,960.0,74.27028
1160.0,960.0,77.324035
1200.0,960.0,80.480638
1240.0,960.0,83.738468
1280.0,960.0,87.095878
1320.0,960.0,
1360.0,960.0,
1400.0,960.0,
1440.0,960.0,
1480.0,960.0,
1520.0,960.0,
-1480.0,1000.0,
-1440.0,1000.0,
-1400.0,1000.0,
-1360.0,1000.0,
-1320.0,1000.0,
-1280.0,1000.0,
-1240.0,1000.0,
-1200.0,1000.0,
-1160.0,1000.0,
-1120.0,1000.0,
-1080.0,1000.0,87.259944
-1040.0,1000.0,83.954516
-1000.0,1000.0,80.752224
-960.0,1000.0,77.654044
-920.0,1000.0,74.660713
-880.0,1000.0,71.773013
-840.0,1000.0,68.991784
-800.0,1000.0,66.317744
-760.0,1000.0,63.751003
-720.0,1000.0,61.29265
-680.0,1000.0,58.942583
-640.0,1000.0,56.701624
-600.0,1000.0,54.570031
-560.0,1000.0,52.547961
-520.0,1000.0,50.635755
-480.0,1000.0,48.833688
-440.0,1000.0,47.141951
-400.0,1000.0,45.560606
-360.0,1000.0,44.089818
-320.0,1000.0,42.729783
-280.0,1000.0,41.480547
-240.0,1000.0,40.341995
-200.0,1000.0,39.314394
-160.0,1000.0,38.39756
-120.0,1000.0,37.591548
-80.0,1000.0,36.896397
-40.0,1000.0,36.312033
0.0,1000.0,35.838387
40.0,1000.0,35.475656
80.0,1000.0,35.238548
120.0,1000.0,35.174671
160.0,1000.0,35.358032
200.0,1000.0,35.715537
240.0,1000.0,36.183122
280.0,1000.0,36.761048
320.0,1000.0,37.449038
360.0,1000.0,38.24727
400.0,1000.0,39.155341
440.0,1000.0,40.173369
480.0,1000.0,41.30121
520.0,1000.0,42.538677
560.0,1000.0,43.885561
600.0,1000.0,45.341635
640.0,1000.0,46.906652
680.0,1000.0,48.580345
720.0,1000.0,50.36235
760.0,1000.0,52.252027
800.0,1000.0,54.249331
840.0,1000.0,56.353341
880.0,1000.0,58.563944
920.0,1000.0,60.8799
960.0,1000.0,63.300979
1000.0,1000.0,65.826333
1040.0,1000.0,68.455047
1080.0,1000.0,71.186146
1120.0,1000.0,74.018587
1160.0,1000.0,76.951268
1200.0,1000.0,79.983023
1240.0,1000.0,83.112622
1280.0,1000.0,
1320.0,1000.0,
1360.0,1000.0,
1400.0,1000.0,
1440.0,1000.0,
1480.0,1000.0,
-1440.0,1040.0,
-1400.0,1040.0,
-1360.0,1040.0,
-1320.0,1040.0,
-1280.0,1040.0,
-1240.0,1040.0,
-1200.0,1040.0,
-1160.0,1040.0,
-1120.0,1040.0,
-1080.0,1040.0,
-1040.0,1040.0,83.438861
-1000.0,1040.0,80.360561
-960.0,1040.0,77.382459
-920.0,1040.0,74.505181
-880.0,1040.0,71.729663
-840.0,1040.0,69.056634
-800.0,1040.0,66.48633
-760.0,1040.0,64.019622
-720.0,1040.0,61.656691
-680.0,1040.0,59.39826
-640.0,1040.0,57.244437
-600.0,1040.0,55.195608
-560.0,1040.0,53.252146
-520.0,1040.0,51.41427
-480.0,1040.0,49.68219
-440.0,1040.0,48.056097
-400.0,1040.0,46.536168
-360.0,1040.0,45.122369
-320.0,1040.0,43.814924
-280.0,1040.0,42.614035
-240.0,1040.0,41.519401
-200.0,1040.0,40.531455
-160.0,1040.0,39.64987
-120.0,1040.0,38.874843
-80.0,1040.0,38.206359
-40.0,1040.0,37.644352
0.0,1040.0,37.188765
40.0,1040.0,36.839759
80.0,1040.0,36.611191
120.0,1040.0,36.548967
160.0,1040.0,36.724467
200.0,1040.0,37.068082
240.0,1040.0,37.517576
280.0,1040.0,38.07306
320.0,1040.0,38.734432
360.0,1040.0,39.501666
400.0,1040.0,40.374534
440.0,1040.0,41.353119
480.0,1040.0,42.437247
520.0,1040.0,43.626725
560.0,1040.0,44.92132
600.0,1040.0,46.320883
640.0,1040.0,47.82509
680.0,1040.0,49.433704
720.0,1040.0,51.146442
760.0,1040.0,52.963001
800.0,1040.0,54.882698
840.0,1040.0,56.905265
880.0,1040.0,59.030112
920.0,1040.0,61.256721
960.0,1040.0,63.584204
1000.0,1040.0,66.012157
1040.0,1040.0,68.539723
1080.0,1040.0,71.165979
1120.0,1040.0,73.889876
1160.0,1040.0,76.71058
1200.0,1040.0,79.626858
1240.0,1040.0,
1280.0,1040.0,
1320.0,1040.0,
1360.0,1040.0,
1400.0,1040.0,
1440.0,1040.0,
-1440.0,1080.0,
-1400.0,1080.0,
-1360.0,1080.0,
-1320.0,1080.0,
-1280.0,1080.0,
-1240.0,1080.0,
-1200.0,1080.0,
-1160.0,1080.0,
-1120.0,1080.0,
-1080.0,1080.0,
-1040.0,1080.0,
-1000.0,1080.0,80.099098
-960.0,1080.0,77.232138
-920.0,1080.0,74.462518
-880.0,1080.0,71.791009
-840.0,1080.0,69.217981
-800.0,1080.0,66.744066
-760.0,1080.0,64.369749
-720.0,1080.0,62.095577
-680.0,1080.0,59.92162
-640.0,1080.0,57.848529
-600.0,1080.0,55.876551
-560.0,1080.0,54.005922
-520.0,1080.0,52.236863
-480.0,1080.0,50.569581
-440.0,1080.0,49.00427
-400.0,1080.0,47.541107
-360.0,1080.0,46.180205
-320.0,1080.0,44.921465
-280.0,1080.0,43.765279
-240.0,1080.0,42.711416
-200.0,1080.0,41.760201
-160.0,1080.0,40.91129
-120.0,1080.0,40.16498
-80.0,1080.0,39.521212
-40.0,1080.0,38.97993
0.0,1080.0,38.541083
40.0,1080.0,38.204806
80.0,1080.0,37.984141
120.0,1080.0,37.923431
160.0,1080.0,38.091606
200.0,1080.0,38.422337
240.0,1080.0,38.85506
280.0,1080.0,39.389732
320.0,1080.0,40.02643
360.0,1080.0,40.764898
400.0,1080.0,41.605167
440.0,1080.0,42.547205
480.0,1080.0,43.590706
520.0,1080.0,44.735572
560.0,1080.0,45.981693
600.0,1080.0,47.328851
640.0,1080.0,48.77681
680.0,1080.0,50.325316
720.0,1080.0,51.973997
760.0,1080.0,53.722403
800.0,1080.0,55.570378
840.0,1080.0,57.51744
880.0,1080.0,59.562838
920.0,1080.0,61.706422
960.0,1080.0,63.947235
1000.0,1080.0,66.284786
1040.0,1080.0,68.718471
1080.0,1080.0,71.247416
1120.0,1080.0,73.87051
1160.0,1080.0,76.587088
1200.0,1080.0,
1240.0,1080.0,
1280.0,1080.0,
1320.0,1080.0,
1360.0,1080.0,
1400.0,1080.0,
1440.0,1080.0,
-1400.0,1120.0,
-1360.0,1120.0,
-1320.0,1120.0,
-1280.0,1120.0,
-1240.0,1120.0,
-1200.0,1120.0,
-1160.0,1120.0,
-1120.0,1120.0,
-1080.0,1120.0,
-1040.0,1120.0,
-1000.0,1120.0,
-960.0,1120.0,77.19008
-920.0,1120.0,74.520571
-880.0,1120.0,71.94559
-840.0,1120.0,69.465521
-800.0,1120.0,67.08116
-760.0,1120.0,64.792732
-720.0,1120.0,62.600686
-680.0,1120.0,60.505524
-640.0,1120.0,58.507504
-600.0,1120.0,56.606867
-560.0,1120.0,54.803833
-520.0,1120.0,53.098703
-480.0,1120.0,51.49159
-440.0,1120.0,49.982722
-400.0,1120.0,48.572278
-360.0,1120.0,47.260424
-320.0,1120.0,46.047016
-280.0,1120.0,44.932355
-240.0,1120.0,43.916378
-200.0,1120.0,42.999239
-160.0,1120.0,42.180743
-120.0,1120.0,41.461124
-80.0,1120.0,40.840329
-40.0,1120.0,40.318311
0.0,1120.0,39.894997
40.0,1120.0,39.570574
80.0,1120.0,39.35725
120.0,1120.0,39.297923
160.0,1120.0,39.459261
200.0,1120.0,39.778009
240.0,1120.0,40.195141
280.0,1120.0,40.710457
320.0,1120.0,41.324223
360.0,1120.0,42.035943
400.0,1120.0,42.845917
440.0,1120.0,43.753885
480.0,1120.0,44.759618
520.0,1120.0,45.863136
560.0,1120.0,47.064236
600.0,1120.0,48.362701
640.0,1120.0,49.758295
680.0,1120.0,51.250769
720.0,1120.0,52.839853
760.0,1120.0,54.525265
800.0,1120.0,56.306484
840.0,1120.0,58.183114
880.0,1120.0,60.154997
920.0,1120.0,62.22111
960.0,1120.0,64.381526
1000.0,1120.0,66.634923
1040.0,1120.0,68.981214
1080.0,1120.0,71.419586
1120.0,1120.0,73.948949
1160.0,1120.0,
1200.0,1120.0,
1240.0,1120.0,
1280.0,1120.0,
1320.0,1120.0,
1360.0,1120.0,
1400.0,1120.0,
-1360.0,1160.0,
-1320.0,1160.0,
-1280.0,1160.0,
-1240.0,1160.0,
-1200.0,1160.0,
-1160.0,1160.0,
-1120.0,1160.0,
-1080.0,1160.0,
-1040.0,1160.0,
-1000.0,1160.0,
-960.0,1160.0,
-920.0,1160.0,74.668812
-880.0,1160.0,72.183554
-840.0,1160.0,69.79038
-800.0,1160.0,67.489168
-760.0,1160.0,65.280772
-720.0,1160.0,63.165529
-680.0,1160.0,61.143536
-640.0,1160.0,59.215249
-600.0,1160.0,57.380976
-560.0,1160.0,55.640945
-520.0,1160.0,53.995368
-480.0,1160.0,52.444445
-440.0,1160.0,50.988219
-400.0,1160.0,49.626866
-360.0,1160.0,48.360641
-320.0,1160.0,47.189511
-280.0,1160.0,46.113527
-240.0,1160.0,45.132847
-200.0,1160.0,44.247452
-160.0,1160.0,43.457296
-120.0,1160.0,42.762549
-80.0,1160.0,42.163164
-40.0,1160.0,41.659076
0.0,1160.0,41.250246
40.0,1160.0,40.936859
80.0,1160.0,40.730395
120.0,1160.0,40.672331
160.0,1160.0,40.827267
200.0,1160.0,41.13484
240.0,1160.0,41.537443
280.0,1160.0,42.034711
320.0,1160.0,42.627001
360.0,1160.0,43.313889
400.0,1160.0,44.095636
440.0,1160.0,44.971759
480.0,1160.0,45.942393
520.0,1160.0,47.007394
560.0,1160.0,48.16656
600.0,1160.0,49.419672
640.0,1160.0,50.766499
680.0,1160.0,52.206791
720.0,1160.0,53.740286
760.0,1160.0,55.366702
800.0,1160.0,57.085745
840.0,1160.0,58.897103
880.0,1160.0,60.799935
920.0,1160.0,62.794244
960.0,1160.0,64.879245
1000.0,1160.0,67.054554
1040.0,1160.0,69.319266
1080.0,1160.0,71.673082
1120.0,1160.0,
1160.0,1160.0,
1200.0,1160.0,
1240.0,1160.0,
1280.0,1160.0,
1320.0,1160.0,
1360.0,1160.0,
-1320.0,1200.0,
-1280.0,1200.0,
-1240.0,1200.0,
-1200.0,1200.0,
-1160.0,1200.0,
-1120.0,1200.0,
-1080.0,1200.0,
-1040.0,1200.0,
-1000.0,1200.0,
-960.0,1200.0,
-920.0,1200.0,
-880.0,1200.0,72.496781
-840.0,1200.0,70.184258
-800.0,1200.0,67.961098
-760.0,1200.0,65.827408
-720.0,1200.0,63.783546
-680.0,1200.0,61.829979
-640.0,1200.0,59.966959
-600.0,1200.0,58.19472
-560.0,1200.0,56.513489
-520.0,1200.0,54.923479
-480.0,1200.0,53.424889
-440.0,1200.0,52.017908
-400.0,1200.0,50.702427
-360.0,1200.0,49.478801
-320.0,1200.0,48.347155
-280.0,1200.0,47.307282
-240.0,1200.0,46.35957
-200.0,1200.0,45.503817
-160.0,1200.0,44.740135
-120.0,1200.0,44.068621
-80.0,1200.0,43.489237
-40.0,1200.0,43.001878
0.0,1200.0,42.606594
40.0,1200.0,42.303518
80.0,1200.0,42.103436
120.0,1200.0,42.046558
160.0,1200.0,42.195478
200.0,1200.0,42.492604
240.0,1200.0,42.881561
280.0,1200.0,43.362033
320.0,1200.0,43.934237
360.0,1200.0,44.597942
400.0,1200.0,45.353207
440.0,1200.0,46.199691
480.0,1200.0,47.137544
520.0,1200.0,48.166577
560.0,1200.0,49.286421
600.0,1200.0,50.497058
640.0,1200.0,51.798296
680.0,1200.0,53.189894
720.0,1200.0,54.671598
760.0,1200.0,56.24314
800.0,1200.0,57.903976
840.0,1200.0,59.653928
880.0,1200.0,61.492709
920.0,1200.0,63.419707
960.0,1200.0,65.434397
1000.0,1200.0,67.536486
1040.0,1200.0,69.725099
1080.0,1200.0,
1120.0,1200.0,
1160.0,1200.0,
1200.0,1200.0,
1240.0,1200.0,
1280.0,1200.0,
1320.0,1200.0,
-1280.0,1240.0,
-1240.0,1240.0,
-1200.0,1240.0,
-1160.0,1240.0,
-1120.0,1240.0,
-1080.0,1240.0,
-1040.0,1240.0,
-1000.0,1240.0,
-960.0,1240.0,
-920.0,1240.0,
-880.0,1240.0,
-840.0,1240.0,
-800.0,1240.0,68.490399
-760.0,1240.0,66.426604
-720.0,1240.0,64.449829
-680.0,1240.0,62.560332
-640.0,1240.0,60.758361
-600.0,1240.0,59.044152
-560.0,1240.0,57.417929
-520.0,1240.0,55.879904
-480.0,1240.0,54.430277
-440.0,1240.0,53.069237
-400.0,1240.0,51.796828
-360.0,1240.0,50.613063
-320.0,1240.0,49.518338
-280.0,1240.0,48.512298
-240.0,1240.0,47.595451
-200.0,1240.0,46.767441
-160.0,1240.0,46.028544
-120.0,1240.0,45.378784
-80.0,1240.0,44.818126
-40.0,1240.0,44.346424
0.0,1240.0,43.963825
40.0,1240.0,43.670402
80.0,1240.0,43.476264
120.0,1240.0,43.420499
160.0,1240.0,43.563759
200.0,1240.0,43.851097
240.0,1240.0,44.227261
280.0,1240.0,44.692015
320.0,1240.0,45.245404
360.0,1240.0,45.887405
400.0,1240.0,46.617822
440.0,1240.0,47.436603
480.0,1240.0,48.343773
520.0,1240.0,49.338916
560.0,1240.0,50.422035
600.0,1240.0,51.592996
640.0,1240.0,52.851576
680.0,1240.0,54.197537
720.0,1240.0,55.630628
760.0,1240.0,57.150583
800.0,1240.0,58.757124
840.0,1240.0,60.449957
880.0,1240.0,62.228382
920.0,1240.0,64.092307
960.0,1240.0,66.041414
1000.0,1240.0,
1040.0,1240.0,
1080.0,1240.0,
1120.0,1240.0,
1160.0,1240.0,
1200.0,1240.0,
1240.0,1240.0,
1280.0,1240.0,
-1240.0,1280.0,
-1200.0,1280.0,
-1160.0,1280.0,
-1120.0,1280.0,
-1080.0,1280.0,
-1040.0,1280.0,
-1000.0,1280.0,
-960.0,1280.0,
-920.0,1280.0,
-880.0,1280.0,
-840.0,1280.0,
-800.0,1280.0,
-760.0,1280.0,67.07369
-720.0,1280.0,65.159669
-680.0,1280.0,63.330128
-640.0,1280.0,61.58537
-600.0,1280.0,59.925624
-560.0,1280.0,58.351106
-520.0,1280.0,56.861881
-480.0,1280.0,55.458164
-440.0,1280.0,54.140203
-400.0,1280.0,52.908174
-360.0,1280.0,51.761813
-320.0,1280.0,50.701644
-280.0,1280.0,49.727416
-240.0,1280.0,48.839506
-200.0,1280.0,48.037536
-160.0,1280.0,47.321894
-120.0,1280.0,46.692545
-80.0,1280.0,46.14941
-40.0,1280.0,45.692442
0.0,1280.0,45.321742
40.0,1280.0,45.037376
80.0,1280.0,44.848808
120.0,1280.0,44.794072
160.0,1280.0,44.931991
200.0,1280.0,45.21014
240.0,1280.0,45.574291
280.0,1280.0,46.024299
320.0,1280.0,46.560026
360.0,1280.0,47.181663
400.0,1280.0,47.888756
440.0,1280.0,48.681549
480.0,1280.0,49.559798
520.0,1280.0,50.523244
560.0,1280.0,51.571946
600.0,1280.0,52.705694
640.0,1280.0,53.924268
680.0,1280.0,55.22743
720.0,1280.0,56.614934
760.0,1280.0,58.086518
800.0,1280.0,59.641905
840.0,1280.0,61.280807
880.0,1280.0,63.002921
920.0,1280.0,64.807826
960.0,1280.0,
1000.0,1280.0,
1040.0,1280.0,
1080.0,1280.0,
1120.0,1280.0,
1160.0,1280.0,
1200.0,1280.0,
1240.0,1280.0,
-1200.0,1320.0,
-1160.0,1320.0,
-1120.0,1320.0,
-1080.0,1320.0,
-1040.0,1320.0,
-1000.0,1320.0,
-960.0,1320.0,
-920.0,1320.0,
-880.0,1320.0,
-840.0,1320.0,
-800.0,1320.0,
-760.0,1320.0,
-720.0,1320.0,
-680.0,1320.0,64.135691
-640.0,1320.0,62.444745
-600.0,1320.0,60.836152
-560.0,1320.0,59.310129
-520.0,1320.0,57.866881
-480.0,1320.0,56.506397
-440.0,1320.0,55.228913
-400.0,1320.0,54.034705
-360.0,1320.0,52.923628
-320.0,1320.0,51.895932
-280.0,1320.0,50.951609
-240.0,1320.0,50.090836
-200.0,1320.0,49.313407
-160.0,1320.0,48.619627
-120.0,1320.0,48.009468
-80.0,1320.0,47.482801
-40.0,1320.0,47.039684
0.0,1320.0,46.680172
40.0,1320.0,46.404319
80.0,1320.0,46.220978
120.0,1320.0,46.167166
160.0,1320.0,46.300064
200.0,1320.0,46.569568
240.0,1320.0,46.92242
280.0,1320.0,47.358563
320.0,1320.0,47.877677
360.0,1320.0,48.480113
400.0,1320.0,49.165328
440.0,1320.0,49.933691
480.0,1320.0,50.784672
520.0,1320.0,51.718395
560.0,1320.0,52.73475
600.0,1320.0,53.833516
640.0,1320.0,55.014322
680.0,1320.0,56.277166
720.0,1320.0,57.621808
760.0,1320.0,59.047993
800.0,1320.0,60.555458
840.0,1320.0,62.143807
880.0,1320.0,
920.0,1320.0,
960.0,1320.0,
1000.0,1320.0,
1040.0,1320.0,
1080.0,1320.0,
1120.0,1320.0,
1160.0,1320.0,
1200.0,1320.0,
-1160.0,1360.0,
-1120.0,1360.0,
-1080.0,1360.0,
-1040.0,1360.0,
-1000.0,1360.0,
-960.0,1360.0,
-920.0,1360.0,
-880.0,1360.0,
-840.0,1360.0,
-800.0,1360.0,
-760.0,1360.0,
-720.0,1360.0,
-680.0,1360.0,
-640.0,1360.0,
-600.0,1360.0,61.773187
-560.0,1360.0,60.292812
-520.0,1360.0,58.892711
-480.0,1360.0,57.573074
-440.0,1360.0,56.333696
-400.0,1360.0,55.175094
-360.0,1360.0,54.097247
-320.0,1360.0,53.100125
-280.0,1360.0,52.183969
-240.0,1360.0,51.348749
-200.0,1360.0,50.594433
-160.0,1360.0,49.921247
-120.0,1360.0,49.329162
-80.0,1360.0,48.818001
-40.0,1360.0,48.387931
0.0,1360.0,48.038955
40.0,1360.0,47.771119
80.0,1360.0,47.592697
120.0,1360.0,47.539708
160.0,1360.0,47.66788
200.0,1360.0,47.929235
240.0,1360.0,48.271438
280.0,1360.0,48.694496
320.0,1360.0,49.19798
360.0,1360.0,49.782253
400.0,1360.0,50.44693
440.0,1360.0,51.192195
480.0,1360.0,52.017574
520.0,1360.0,52.923308
560.0,1360.0,53.909163
600.0,1360.0,54.97473
640.0,1360.0,56.120091
680.0,1360.0,57.345022
720.0,1360.0,58.649284
760.0,1360.0,60.032628
800.0,1360.0,
840.0,1360.0,
880.0,1360.0,
920.0,1360.0,
960.0,1360.0,
1000.0,1360.0,
1040.0,1360.0,
1080.0,1360.0,
1120.0,1360.0,
1160.0,1360.0,
-1120.0,1400.0,
-1080.0,1400.0,
-1040.0,1400.0,
-1000.0,1400.0,
-960.0,1400.0,
-920.0,1400.0,
-880.0,1400.0,
-840.0,1400.0,
-800.0,1400.0,
-760.0,1400.0,
-720.0,1400.0,
-680.0,1400.0,
-640.0,1400.0,
-600.0,1400.0,
-560.0,1400.0,
-520.0,1400.0,59.937606
-480.0,1400.0,58.656307
-440.0,1400.0,57.453064
-400.0,1400.0,56.328044
-360.0,1400.0,55.28155
-320.0,1400.0,54.313267
-280.0,1400.0,53.423687
-240.0,1400.0,52.612569
-200.0,1400.0,51.880064
-160.0,1400.0,51.226309
-120.0,1400.0,50.651248
-80.0,1400.0,50.154744
-40.0,1400.0,49.736983
0.0,1400.0,49.397948
40.0,1400.0,49.137676
80.0,1400.0,48.963887
120.0,1400.0,48.911662
160.0,1400.0,49.035345
200.0,1400.0,49.289007
240.0,1400.0,49.621154
280.0,1400.0,50.031795
320.0,1400.0,50.520596
360.0,1400.0,51.087722
400.0,1400.0,51.733022
440.0,1400.0,52.456404
480.0,1400.0,53.257708
520.0,1400.0,54.137039
560.0,1400.0,55.093895
600.0,1400.0,56.128356
640.0,1400.0,57.240284
680.0,1400.0,58.429454
720.0,1400.0,
760.0,1400.0,
800.0,1400.0,
840.0,1400.0,
880.0,1400.0,
920.0,1400.0,
960.0,1400.0,
1000.0,1400.0,
1040.0,1400.0,
1080.0,1400.0,
1120.0,1400.0,
-1080.0,1440.0,
-1040.0,1440.0,
-1000.0,1440.0,
-960.0,1440.0,
-920.0,1440.0,
-880.0,1440.0,
-840.0,1440.0,
-800.0,1440.0,
-760.0,1440.0,
-720.0,1440.0,
-680.0,1440.0,
-640.0,1440.0,
-600.0,1440.0,
-560.0,1440.0,
-520.0,1440.0,
-480.0,1440.0,
-440.0,1440.0,
-400.0,1440.0,57.4924
-360.0,1440.0,56.475477
-320.0,1440.0,55.534501
-280.0,1440.0,54.67004
-240.0,1440.0,53.881695
-200.0,1440.0,53.169804
-160.0,1440.0,52.534415
-120.0,1440.0,51.975416
-80.0,1440.0,51.492787
-40.0,1440.0,51.08666
0.0,1440.0,50.757019
40.0,1440.0,50.503894
80.0,1440.0,50.334479
120.0,1440.0,50.282953
160.0,1440.0,50.402366
200.0,1440.0,50.64876
240.0,1440.0,50.971399
280.0,1440.0,51.370297
320.0,1440.0,51.84522
360.0,1440.0,52.396131
400.0,1440.0,53.02312
440.0,1440.0,53.72581
480.0,1440.0,54.504364
520.0,1440.0,55.358594
560.0,1440.0,56.288184
600.0,1440.0,
640.0,1440.0,
680.0,1440.0,
720.0,1440.0,
760.0,1440.0,
800.0,1440.0,
840.0,1440.0,
880.0,1440.0,
920.0,1440.0,
960.0,1440.0,
1000.0,1440.0,
1040.0,1440.0,
1080.0,1440.0,
-1000.0,1480.0,
-960.0,1480.0,
-920.0,1480.0,
-880.0,1480.0,
-840.0,1480.0,
-800.0,1480.0,
-760.0,1480.0,
-720.0,1480.0,
-680.0,1480.0,
-640.0,1480.0,
-600.0,1480.0,
-560.0,1480.0,
-520.0,1480.0,
-480.0,1480.0,
-440.0,1480.0,
-400.0,1480.0,
-360.0,1480.0,
-320.0,1480.0,
-280.0,1480.0,
-240.0,1480.0,
-200.0,1480.0,54.463209
-160.0,1480.0,53.845207
-120.0,1480.0,53.301406
-80.0,1480.0,52.831913
-40.0,1480.0,52.436798
0.0,1480.0,52.116048
40.0,1480.0,51.869688
80.0,1480.0,51.704407
120.0,1480.0,51.653524
160.0,1480.0,51.768815
200.0,1480.0,52.008383
240.0,1480.0,52.322014
280.0,1480.0,52.709789
320.0,1480.0,53.171577
360.0,1480.0,53.707131
400.0,1480.0,
440.0,1480.0,
480.0,1480.0,
520.0,1480.0,
560.0,1480.0,
600.0,1480.0,
640.0,1480.0,
680.0,1480.0,
720.0,1480.0,
760.0,1480.0,
800.0,1480.0,
840.0,1480.0,
880.0,1480.0,
920.0,1480.0,
960.0,1480.0,
1000.0,1480.0,
-960.0,1520.0,
-920.0,1520.0,
-880.0,1520.0,
-840.0,1520.0,
-800.0,1520.0,
-760.0,1520.0,
-720.0,1520.0,
-680.0,1520.0,
-640.0,1520.0,
-600.0,1520.0,
-560.0,1520.0,
-520.0,1520.0,
-480.0,1520.0,
-440.0,1520.0,
-400.0,1520.0,
-360.0,1520.0,
-320.0,1520.0,
-280.0,1520.0,
-240.0,1520.0,
-200.0,1520.0,
-160.0,1520.0,
-120.0,1520.0,
-80.0,1520.0,
-40.0,1520.0,
0.0,1520.0,
40.0,1520.0,
80.0,1520.0,
120.0,1520.0,
160.0,1520.0,
200.0,1520.0,
240.0,1520.0,
280.0,1520.0,
320.0,1520.0,
360.0,1520.0,
400.0,1520.0,
440.0,1520.0,
480.0,1520.0,
520.0,1520.0,
560.0,1520.0,
600.0,1520.0,
640.0,1520.0,
680.0,1520.0,
720.0,1520.0,
760.0,1520.0,
800.0,1520.0,
840.0,1520.0,
880.0,1520.0,
920.0,1520.0,
960.0,1520.0,
-880.0,1560.0,
-840.0,1560.0,
-800.0,1560.0,
-760.0,1560.0,
-720.0,1560.0,
-680.0,1560.0,
-640.0,1560.0,
-600.0,1560.0,
-560.0,1560.0,
-520.0,1560.0,
-480.0,1560.0,
-440.0,1560.0,
-400.0,1560.0,
-360.0,1560.0,
-320.0,1560.0,
-280.0,1560.0,
-240.0,1560.0,
-200.0,1560.0,
-160.0,1560.0,
-120.0,1560.0,
-80.0,1560.0,
-40.0,1560.0,
0.0,1560.0,
40.0,1560.0,
80.0,1560.0,
120.0,1560.0,
160.0,1560.0,
200.0,1560.0,
240.0,1560.0,
280.0,1560.0,
320.0,1560.0,
360.0,1560.0,
400.0,1560.0,
440.0,1560.0,
480.0,1560.0,
520.0,1560.0,
560.0,1560.0,
600.0,1560.0,
640.0,1560.0,
680.0,1560.0,
720.0,1560.0,
760.0,1560.0,
800.0,1560.0,
840.0,1560.0,
880.0,1560.0,
-800.0,1600.0,
-760.0,1600.0,
-720.0,1600.0,
-680.0,1600.0,
-640.0,1600.0,
-600.0,1600.0,
-560.0,1600.0,
-520.0,1600.0,
-480.0,1600.0,
-440.0,1600.0,
-400.0,1600.0,
-360.0,1600.0,
-320.0,1600.0,
-280.0,1600.0,
-240.0,1600.0,
-200.0,1600.0,
-160.0,1600.0,
-120.0,1600.0,
-80.0,1600.0,
-40.0,1600.0,
0.0,1600.0,
40.0,1600.0,
80.0,1600.0,
120.0,1600.0,
160.0,1600.0,
200.0,1600.0,
240.0,1600.0,
280.0,1600.0,
320.0,1600.0,
360.0,1600.0,
400.0,1600.0,
440.0,1600.0,
480.0,1600.0,
520.0,1600.0,
560.0,1600.0,
600.0,1600.0,
640.0,1600.0,
680.0,1600.0,
720.0,1600.0,
760.0,1600.0,
800.0,1600.0,
-720.0,1640.0,
-680.0,1640.0,
-640.0,1640.0,
-600.0,1640.0,
-560.0,1640.0,
-520.0,1640.0,
-480.0,1640.0,
-440.0,1640.0,
-400.0,1640.0,
-360.0,1640.0,
-320.0,1640.0,
-280.0,1640.0,
-240.0,1640.0,
-200.0,1640.0,
-160.0,1640.0,
-120.0,1640.0,
-80.0,1640.0,
-40.0,1640.0,
0.0,1640.0,
40.0,1640.0,
80.0,1640.0,
120.0,1640.0,
160.0,1640.0,
200.0,1640.0,
240.0,1640.0,
280.0,1640.0,
320.0,1640.0,
360.0,1640.0,
400.0,1640.0,
440.0,1640.0,
480.0,1640.0,
520.0,1640.0,
560.0,1640.0,
600.0,1640.0,
640.0,1640.0,
680.0,1640.0,
720.0,1640.0,
-640.0,1680.0,
-600.0,1680.0,
-560.0,1680.0,
-520.0,1680.0,
-480.0,1680.0,
-440.0,1680.0,
-400.0,1680.0,
-360.0,1680.0,
-320.0,1680.0,
-280.0,1680.0,
-240.0,1680.0,
-200.0,1680.0,
-160.0,1680.0,
-120.0,1680.0,
-80.0,1680.0,
-40.0,1680.0,
0.0,1680.0,
40.0,1680.0,
80.0,1680.0,
120.0,1680.0,
160.0,1680.0,
200.0,1680.0,
240.0,1680.0,
280.0,1680.0,
320.0,1680.0,
360.0,1680.0,
400.0,1680.0,
440.0,1680.0,
480.0,1680.0,
520.0,1680.0,
560.0,1680.0,
600.0,1680.0,
640.0,1680.0,
-520.0,1720.0,
-480.0,1720.0,
-440.0,1720.0,
-400.0,1720.0,
-360.0,1720.0,
-320.0,1720.0,
-280.0,1720.0,
-240.0,1720.0,
-200.0,1720.0,
-160.0,1720.0,
-120.0,1720.0,
-80.0,1720.0,
-40.0,1720.0,
0.0,1720.0,
40.0,1720.0,
80.0,1720.0,
120.0,1720.0,
160.0,1720.0,
200.0,1720.0,
240.0,1720.0,
280.0,1720.0,
320.0,1720.0,
360.0,1720.0,
400.0,1720.0,
440.0,1720.0,
480.0,1720.0,
520.0,1720.0,
-360.0,1760.0,
-320.0,1760.0,
-280.0,1760.0,
-240.0,1760.0,
-200.0,1760.0,
-160.0,1760.0,
-120.0,1760.0,
-80.0,1760.0,
-40.0,1760.0,
0.0,1760.0,
40.0,1760.0,
80.0,1760.0,
120.0,1760.0,
160.0,1760.0,
200.0,1760.0,
240.0,1760.0,
280.0,1760.0,
320.0,1760.0,
360.0,1760.0,
0.0,1800.0,
