audit_ok,clear_ratio,cleared,complete_proof,completion_kind,error,exit_per_source_s,exit_s,full_clear,index,last_clear_per_source_s,last_clear_s,n_clear_failure,n_clear_success,n_measure,n_rejected,n_sources,n_switch,policy,scenario,seed,split,status,t_clear_s,t_measure_s,t_switch_s,t_travel_s,tail_s,trace_file,travel_m,wall_s,wall_within_1200s
True,1.0,12,,field,,420.25263436096776,5043.031612331613,True,0,290.29426243639847,3483.5311492367814,0,12,189,0,12,183,field,random,2026091200,main,ok,60.0,945.0,183.0,3855.0316123316106,1559.500463094832,traces/main_random_000_2026091200_field.json,19275.158061658054,0.03939912500209175,True
True,1.0,12,,sweep,,316.13308504062536,3793.5970204875043,True,0,316.13308504062536,3793.5970204875043,0,12,118,0,12,115,sweep,random,2026091200,main,ok,60.0,590.0,115.0,3028.5970204875057,0.0,traces/main_random_000_2026091200_sweep.json,15142.98510243753,0.039894749999803025,True
True,1.0,12,True,tour,,359.6883717136368,4316.260460563642,True,0,359.6883717136368,4316.260460563642,3,12,205,0,12,203,tour,random,2026091200,main,ok,69.0,1025.0,203.0,3019.260460563641,0.0,traces/main_random_000_2026091200_tour.json,15096.302302818205,0.18728787500003818,True
True,1.0,12,True,continuous_cell,,279.73008366675293,3356.7610040010354,True,0,260.94309118368386,3131.3170942042066,0,12,186,0,12,184,adaptive,random,2026091200,main,ok,60.0,930.0,184.0,2182.761004001036,225.44390979682885,traces/main_random_000_2026091200_adaptive.json,10913.805020005178,0.19414545800100313,True
True,1.0,12,True,continuous_cell,,256.01518435634483,3072.182212276138,True,0,230.10066008756885,2761.2079210508264,1,12,136,0,12,129,joint,random,2026091200,main,ok,63.0,680.0,129.0,2200.182212276139,310.97429122531184,traces/main_random_000_2026091200_joint.json,11000.911061380695,0.6191276669997023,True
True,1.0,15,,field,,330.29759602311555,4954.463940346734,True,1,214.73466472220173,3221.019970833026,0,15,166,0,15,157,field,random,2026091297,main,ok,75.0,830.0,157.0,3892.463940346729,1733.4439695137075,traces/main_random_001_2026091297_field.json,19462.319701733646,0.04245641699890257,True
True,1.0,15,,sweep,,279.1707397901434,4187.5610968521505,True,1,278.3707397901434,4175.5610968521505,0,15,150,0,15,147,sweep,random,2026091297,main,ok,75.0,750.0,147.0,3215.561096852152,12.0,traces/main_random_001_2026091297_sweep.json,16077.80548426076,0.05810587500309339,True
True,1.0,15,True,tour,,238.78071492303312,3581.710723845497,True,1,238.78071492303312,3581.710723845497,4,15,144,0,15,142,tour,random,2026091297,main,ok,87.0,720.0,142.0,2632.7107238454964,0.0,traces/main_random_001_2026091297_tour.json,13163.553619227481,0.15197954199902597,True
True,1.0,15,True,continuous_cell,,229.27104439370794,3439.065665905619,True,1,206.07767120579487,3091.165068086923,1,15,167,0,15,165,adaptive,random,2026091297,main,ok,78.0,835.0,165.0,2361.065665905619,347.90059781869604,traces/main_random_001_2026091297_adaptive.json,11805.328329528094,0.2820884169996134,True
True,1.0,15,True,continuous_cell,,211.856006112861,3177.840091692915,True,1,211.856006112861,3177.840091692915,4,15,136,0,15,130,joint,random,2026091297,main,ok,87.0,680.0,130.0,2280.840091692916,0.0,traces/main_random_001_2026091297_joint.json,11404.200458464578,0.495680291998724,True
True,1.0,14,,field,,362.1481001842537,5070.073402579552,True,2,263.8918338517729,3694.4856739248207,0,14,165,0,14,155,field,random,2026091394,main,ok,70.0,825.0,155.0,4020.0734025795487,1375.587728654731,traces/main_random_002_2026091394_field.json,20100.367012897743,0.045634082998731174,True
True,1.0,14,,sweep,,289.2890908742195,4050.0472722390728,True,2,289.2890908742195,4050.0472722390728,2,14,120,0,14,119,sweep,random,2026091394,main,ok,76.0,600.0,119.0,3255.047272239071,0.0,traces/main_random_002_2026091394_sweep.json,16275.236361195355,0.0630857920004928,True
True,1.0,14,True,tour,,249.44962992000498,3492.2948188800697,True,2,249.44962992000498,3492.2948188800697,4,14,149,0,14,146,tour,random,2026091394,main,ok,82.0,745.0,146.0,2519.29481888007,0.0,traces/main_random_002_2026091394_tour.json,12596.47409440035,0.1299047079992306,True
True,1.0,14,True,continuous_cell,,233.75386845115165,3272.554158316123,True,2,230.2666853497909,3223.7335948970726,0,14,142,0,14,135,adaptive,random,2026091394,main,ok,70.0,710.0,135.0,2357.5541583161225,48.82056341905036,traces/main_random_002_2026091394_adaptive.json,11787.770791580613,0.2380851249981788,True
True,1.0,14,True,continuous_cell,,200.8902384788735,2812.463338704229,True,2,200.8902384788735,2812.463338704229,4,14,109,0,14,104,joint,random,2026091394,main,ok,82.0,545.0,104.0,2081.463338704228,0.0,traces/main_random_002_2026091394_joint.json,10407.316693521141,0.8064011669994215,True
True,1.0,13,,field,,475.3679013311627,6179.7827173051155,True,3,372.00241183479926,4836.031353852391,0,13,191,0,13,181,field,random,2026091491,main,ok,65.0,955.0,181.0,4978.782717305111,1343.751363452725,traces/main_random_003_2026091491_field.json,24893.913586525556,0.04413574999853154,True
True,1.0,13,,sweep,,363.926387233273,4731.043034032548,True,3,363.926387233273,4731.043034032548,0,13,132,0,13,129,sweep,random,2026091491,main,ok,65.0,660.0,129.0,3877.04303403255,0.0,traces/main_random_003_2026091491_sweep.json,19385.21517016275,0.04707725000116625,True
True,1.0,13,False,tour,,387.08237759151416,5032.070908689684,True,3,387.08237759151416,5032.070908689684,9,13,200,0,13,197,tour,random,2026091491,main,ok,92.0,1000.0,197.0,3743.0709086896836,0.0,traces/main_random_003_2026091491_tour.json,18715.35454344842,0.23851495800045086,True
True,1.0,13,True,continuous_cell,,260.23822713196626,3383.0969527155617,True,3,260.23822713196626,3383.0969527155617,1,13,183,0,13,180,adaptive,random,2026091491,main,ok,68.0,915.0,180.0,2220.0969527155626,0.0,traces/main_random_003_2026091491_adaptive.json,11100.484763577813,0.18748770800084458,True
True,1.0,13,True,continuous_cell,,236.46060708779262,3073.987892141304,True,3,236.46060708779262,3073.987892141304,5,13,151,0,13,142,joint,random,2026091491,main,ok,80.0,755.0,142.0,2096.987892141304,0.0,traces/main_random_003_2026091491_joint.json,10484.93946070652,0.4461148749978747,True
True,1.0,14,,field,,378.37846813857647,5297.298553940071,True,4,256.4975604467689,3590.9658462547645,0,14,180,0,14,166,field,random,2026091588,main,ok,70.0,900.0,166.0,4161.298553940069,1706.332707685306,traces/main_random_004_2026091588_field.json,20806.492769700344,0.038851290999446064,True
True,1.0,14,,sweep,,335.0826707797127,4691.157390915978,True,4,335.0826707797127,4691.157390915978,0,14,124,0,14,120,sweep,random,2026091588,main,ok,70.0,620.0,120.0,3881.157390915978,0.0,traces/main_random_004_2026091588_sweep.json,19405.78695457989,0.05183279100310756,True
True,1.0,14,True,tour,,303.8060808824799,4253.285132354718,True,4,281.1395920655905,3935.9542889182667,3,14,196,0,14,193,tour,random,2026091588,main,ok,79.0,980.0,193.0,3001.2851323547193,317.3308434364517,traces/main_random_004_2026091588_tour.json,15006.425661773597,0.10983225000018138,True
True,1.0,14,True,continuous_cell,,251.68789110772113,3523.630475508096,True,4,251.68789110772113,3523.630475508096,2,14,153,0,14,143,adaptive,random,2026091588,main,ok,76.0,765.0,143.0,2539.6304755080955,0.0,traces/main_random_004_2026091588_adaptive.json,12698.152377540478,0.24894720900192624,True
True,1.0,14,True,continuous_cell,,220.38288659853396,3085.3604123794753,True,4,217.81145802710537,3049.3604123794753,4,14,129,0,14,119,joint,random,2026091588,main,ok,82.0,645.0,119.0,2239.360412379475,36.0,traces/main_random_004_2026091588_joint.json,11196.802061897373,0.7241266669989272,True
True,1.0,13,,field,,424.37233555297587,5516.840362188686,True,5,300.03342195207756,3900.4344853770085,2,13,185,0,13,176,field,random,2026091685,main,ok,71.0,925.0,176.0,4344.840362188683,1616.405876811678,traces/main_random_005_2026091685_field.json,21724.201810943414,0.044791166998038534,True
True,1.0,13,,sweep,,310.98266604243594,4042.774658551667,True,5,310.98266604243594,4042.774658551667,0,13,101,0,13,99,sweep,random,2026091685,main,ok,65.0,505.0,99.0,3373.7746585516675,0.0,traces/main_random_005_2026091685_sweep.json,16868.873292758337,0.049134917000628775,True
True,1.0,13,False,tour,,321.33556652838604,4177.362364869018,True,5,321.33556652838604,4177.362364869018,9,13,170,0,13,167,tour,random,2026091685,main,ok,92.0,850.0,167.0,3068.362364869016,0.0,traces/main_random_005_2026091685_tour.json,15341.811824345079,0.15686245799952303,True
True,1.0,13,True,continuous_cell,,245.56249634811013,3192.3124525254316,True,5,242.3317271173409,3150.3124525254316,0,13,157,0,13,154,adaptive,random,2026091685,main,ok,65.0,785.0,154.0,2188.3124525254307,42.0,traces/main_random_005_2026091685_adaptive.json,10941.562262627154,0.2793955829984043,True
True,1.0,13,True,continuous_cell,,219.86525425110432,2858.248305264356,True,5,219.86525425110432,2858.248305264356,1,13,108,0,13,103,joint,random,2026091685,main,ok,68.0,540.0,103.0,2147.248305264356,0.0,traces/main_random_005_2026091685_joint.json,10736.24152632178,0.8586738339981821,True
True,1.0,11,,field,,469.48972886015525,5164.387017461708,True,6,358.0672918361023,3938.740210197125,0,11,191,0,11,183,field,random,2026091782,main,ok,55.0,955.0,183.0,3971.387017461704,1225.6468072645825,traces/main_random_006_2026091782_field.json,19856.93508730852,0.04313308400014648,True
True,1.0,11,,sweep,,336.9636708997949,3706.600379897744,True,6,336.9636708997949,3706.600379897744,0,11,115,0,11,109,sweep,random,2026091782,main,ok,55.0,575.0,109.0,2967.6003798977445,0.0,traces/main_random_006_2026091782_sweep.json,14838.001899488723,0.03593520799768157,True
True,1.0,11,True,tour,,331.3368734036785,3644.7056074404636,True,6,331.3368734036785,3644.7056074404636,11,11,160,0,11,157,tour,random,2026091782,main,ok,88.0,800.0,157.0,2599.705607440463,0.0,traces/main_random_006_2026091782_tour.json,12998.528037202315,0.19084666699927766,True
True,1.0,11,True,continuous_cell,,272.56584906334587,2998.2243396968047,True,6,272.56584906334587,2998.2243396968047,0,11,159,0,11,157,adaptive,random,2026091782,main,ok,55.0,795.0,157.0,1991.2243396968042,0.0,traces/main_random_006_2026091782_adaptive.json,9956.121698484021,0.19947012500051642,True
True,1.0,11,True,continuous_cell,,248.8043538249726,2736.8478920746984,True,6,220.44167267640688,2424.8583994404758,1,11,127,0,11,124,joint,random,2026091782,main,ok,58.0,635.0,124.0,1919.847892074699,311.98949263422264,traces/main_random_006_2026091782_joint.json,9599.239460373496,0.699741250002262,True
True,1.0,12,,field,,435.05790453344724,5220.694854401367,True,7,287.3257150929259,3447.908581115111,1,12,181,0,12,177,field,random,2026091879,main,ok,63.0,905.0,177.0,4075.694854401362,1772.786273286256,traces/main_random_007_2026091879_field.json,20378.47427200681,0.04211370799748693,True
True,1.0,12,,sweep,,321.1316690890548,3853.580029068658,True,7,321.1316690890548,3853.580029068658,0,12,122,0,12,120,sweep,random,2026091879,main,ok,60.0,610.0,120.0,3063.580029068656,0.0,traces/main_random_007_2026091879_sweep.json,15317.900145343281,0.0473668339982396,True
True,1.0,12,True,tour,,320.54550609371086,3846.5460731245303,True,7,276.2709164882774,3315.250997859329,2,12,179,0,12,177,tour,random,2026091879,main,ok,66.0,895.0,177.0,2708.546073124532,531.2950752652014,traces/main_random_007_2026091879_tour.json,13542.73036562266,0.09735504100171966,True
True,1.0,12,True,continuous_cell,,265.76205739140477,3189.144688696857,True,7,265.76205739140477,3189.144688696857,0,12,182,0,12,180,adaptive,random,2026091879,main,ok,60.0,910.0,180.0,2039.1446886968558,0.0,traces/main_random_007_2026091879_adaptive.json,10195.72344348428,0.24168333399939002,True
True,1.0,12,True,continuous_cell,,230.56687027253318,2766.8024432703983,True,7,205.41881783464112,2465.0258140156934,2,12,121,0,12,117,joint,random,2026091879,main,ok,66.0,605.0,117.0,1978.8024432703976,301.77662925470486,traces/main_random_007_2026091879_joint.json,9894.012216351988,0.8506623329994909,True
True,1.0,15,,field,,381.08627931253153,5716.294189687973,True,8,330.1995410780248,4952.993116170373,0,15,169,0,15,156,field,random,2026091976,main,ok,75.0,845.0,156.0,4640.294189687972,763.3010735176003,traces/main_random_008_2026091976_field.json,23201.47094843986,0.04259183300018776,True
True,1.0,15,,sweep,,287.8201034979918,4317.301552469877,True,8,287.8201034979918,4317.301552469877,0,15,133,0,15,131,sweep,random,2026091976,main,ok,75.0,665.0,131.0,3446.301552469875,0.0,traces/main_random_008_2026091976_sweep.json,17231.507762349374,0.06612212500112946,True
True,1.0,15,True,tour,,259.103817483435,3886.557262251525,True,8,259.103817483435,3886.557262251525,5,15,163,0,15,161,tour,random,2026091976,main,ok,90.0,815.0,161.0,2820.557262251525,0.0,traces/main_random_008_2026091976_tour.json,14102.786311257625,0.1853158749981958,True
True,1.0,15,True,continuous_cell,,220.1366924886598,3302.050387329897,True,8,207.06467973866458,3105.970196079969,1,15,141,0,15,136,adaptive,random,2026091976,main,ok,78.0,705.0,136.0,2383.0503873298985,196.08019124992825,traces/main_random_008_2026091976_adaptive.json,11915.251936649493,0.26789995900253416,True
True,1.0,15,True,continuous_cell,,210.30252379315073,3154.537856897261,True,8,210.30252379315073,3154.537856897261,4,15,120,0,15,113,joint,random,2026091976,main,ok,87.0,600.0,113.0,2354.5378568972615,0.0,traces/main_random_008_2026091976_joint.json,11772.689284486307,0.7975096670015773,True
True,1.0,16,,field,,359.1311420182676,5746.098272292282,True,9,242.50300928800874,3880.04814860814,1,16,165,0,16,157,field,random,2026092073,main,ok,83.0,825.0,157.0,4681.098272292277,1866.050123684142,traces/main_random_009_2026092073_field.json,23405.491361461387,0.0477286669993191,True
True,1.0,16,,sweep,,259.4120029616909,4150.592047387055,True,9,259.4120029616909,4150.592047387055,0,16,118,0,16,116,sweep,random,2026092073,main,ok,80.0,590.0,116.0,3364.592047387055,0.0,traces/main_random_009_2026092073_sweep.json,16822.960236935276,0.057031625001400243,True
True,1.0,16,True,tour,,221.64904498076572,3546.3847196922516,True,9,221.64904498076572,3546.3847196922516,10,16,151,0,16,150,tour,random,2026092073,main,ok,110.0,755.0,150.0,2531.384719692251,0.0,traces/main_random_009_2026092073_tour.json,12656.923598461255,0.18276066700127558,True
True,1.0,16,True,continuous_cell,,194.61854736083092,3113.8967577732947,True,9,180.4758428009721,2887.6134848155534,3,16,144,0,16,141,adaptive,random,2026092073,main,ok,89.0,720.0,141.0,2163.8967577732956,226.28327295774125,traces/main_random_009_2026092073_adaptive.json,10819.483788866477,0.35412579200055916,True
True,1.0,16,True,continuous_cell,,167.87889369477952,2686.0622991164723,True,9,162.3671039880047,2597.873663808075,3,16,96,0,16,91,joint,random,2026092073,main,ok,89.0,480.0,91.0,2026.0622991164723,88.18863530839735,traces/main_random_009_2026092073_joint.json,10130.311495582362,1.1866210830012278,True
True,1.0,10,,field,,556.9668998013406,5569.668998013405,True,10,344.6751839056254,3446.7518390562536,1,10,185,0,10,172,field,random,2026092170,main,ok,53.0,925.0,172.0,4419.6689980134015,2122.9171589571515,traces/main_random_010_2026092170_field.json,22098.34499006701,0.043578208998951595,True
True,1.0,10,,sweep,,379.0972933956843,3790.972933956843,True,10,379.0972933956843,3790.972933956843,0,10,140,0,10,138,sweep,random,2026092170,main,ok,50.0,700.0,138.0,2902.9729339568435,0.0,traces/main_random_010_2026092170_sweep.json,14514.864669784218,0.049608792000071844,True
True,1.0,10,True,tour,,387.95624637801313,3879.5624637801316,True,10,387.95624637801313,3879.5624637801316,10,10,185,0,10,183,tour,random,2026092170,main,ok,80.0,925.0,183.0,2691.562463780131,0.0,traces/main_random_010_2026092170_tour.json,13457.812318900656,0.12054949999946984,True
True,1.0,10,True,continuous_cell,,310.06717181684496,3100.6717181684494,True,10,310.06717181684496,3100.6717181684494,2,10,163,0,10,160,adaptive,random,2026092170,main,ok,56.0,815.0,160.0,2069.6717181684494,0.0,traces/main_random_010_2026092170_adaptive.json,10348.358590842246,0.22334304100149893,True
True,1.0,10,True,continuous_cell,,267.7437088945553,2677.437088945553,True,10,267.7437088945553,2677.437088945553,4,10,142,0,10,137,joint,random,2026092170,main,ok,62.0,710.0,137.0,1768.4370889455536,0.0,traces/main_random_010_2026092170_joint.json,8842.185444727767,0.6225634590009577,True
True,1.0,15,,field,,354.0475727880131,5310.713591820197,True,11,281.12773998886775,4216.916099833016,3,15,167,0,15,154,field,random,2026092267,main,ok,84.0,835.0,154.0,4237.713591820191,1093.7974919871804,traces/main_random_011_2026092267_field.json,21188.567959100954,0.049227333001908846,True
True,0.9333333333333333,14,,sweep,,306.3255553526854,4288.557774937595,False,11,306.3255553526854,4288.557774937595,0,14,123,0,15,122,sweep,random,2026092267,main,ok,70.0,615.0,122.0,3481.557774937596,0.0,traces/main_random_011_2026092267_sweep.json,17407.78887468798,0.05267149999781395,True
True,1.0,15,True,tour,,293.104815781521,4396.5722367228145,True,11,293.104815781521,4396.5722367228145,8,15,163,0,15,161,tour,random,2026092267,main,ok,99.0,815.0,161.0,3321.572236722813,0.0,traces/main_random_011_2026092267_tour.json,16607.861183614066,0.20477587499772198,True
True,1.0,15,True,continuous_cell,,219.75629517779862,3296.3444276669793,True,11,216.98181742083761,3254.727261312564,1,15,133,0,15,128,adaptive,random,2026092267,main,ok,78.0,665.0,128.0,2425.3444276669784,41.617166354415076,traces/main_random_011_2026092267_adaptive.json,12126.722138334891,0.26973708299919963,True
True,1.0,15,True,continuous_cell,,225.99524603312219,3389.9286904968326,True,11,223.99524603312219,3359.9286904968326,8,15,122,0,15,114,joint,random,2026092267,main,ok,99.0,610.0,114.0,2566.928690496833,30.0,traces/main_random_011_2026092267_joint.json,12834.643452484164,1.2069617080014723,True
True,1.0,12,,field,,389.9377620786301,4679.253144943561,True,12,295.8457852760377,3550.149423312452,0,12,193,0,12,182,field,random,2026092364,main,ok,60.0,965.0,182.0,3472.25314494356,1129.1037216311088,traces/main_random_012_2026092364_field.json,17361.2657247178,0.042677416997321416,True
True,1.0,12,,sweep,,351.686693362506,4220.240320350072,True,12,351.686693362506,4220.240320350072,0,12,121,0,12,116,sweep,random,2026092364,main,ok,60.0,605.0,116.0,3439.2403203500717,0.0,traces/main_random_012_2026092364_sweep.json,17196.20160175036,0.044990583999606315,True
True,1.0,12,True,tour,,307.36419493275406,3688.370339193049,True,12,307.36419493275406,3688.370339193049,3,12,166,0,12,164,tour,random,2026092364,main,ok,69.0,830.0,164.0,2625.3703391930494,0.0,traces/main_random_012_2026092364_tour.json,13126.851695965246,0.13378074999855016,True
True,1.0,12,True,continuous_cell,,265.92245518574214,3191.0694622289056,True,12,234.7431653248706,2816.9179838984473,0,12,173,0,12,170,adaptive,random,2026092364,main,ok,60.0,865.0,170.0,2096.0694622289056,374.1514783304583,traces/main_random_012_2026092364_adaptive.json,10480.34731114453,0.21325104199786438,True
True,1.0,12,True,continuous_cell,,262.42762259115915,3149.13147109391,True,12,258.42762259115915,3101.13147109391,2,12,143,0,12,138,joint,random,2026092364,main,ok,66.0,715.0,138.0,2230.1314710939105,48.0,traces/main_random_012_2026092364_joint.json,11150.657355469551,0.5964296249985637,True
True,1.0,14,,field,,370.6736165159585,5189.4306312234185,True,13,285.49426642598195,3996.919729963747,0,14,183,0,14,175,field,random,2026092461,main,ok,70.0,915.0,175.0,4029.4306312234135,1192.5109012596713,traces/main_random_013_2026092461_field.json,20147.153156117067,0.03836491699985345,True
True,1.0,14,,sweep,,323.69184202646255,4531.685788370476,True,13,322.8346991693197,4519.685788370476,0,14,138,0,14,133,sweep,random,2026092461,main,ok,70.0,690.0,133.0,3638.685788370475,12.0,traces/main_random_013_2026092461_sweep.json,18193.428941852377,0.05210199999783072,True
True,1.0,14,True,tour,,337.44727443235143,4724.26184205292,True,13,337.44727443235143,4724.26184205292,7,14,206,0,14,205,tour,random,2026092461,main,ok,91.0,1030.0,205.0,3398.2618420529193,0.0,traces/main_random_013_2026092461_tour.json,16991.309210264597,0.2866081660031341,True
True,1.0,14,True,continuous_cell,,274.9967318228524,3849.9542455199335,True,13,272.4253032514238,3813.9542455199335,2,14,173,0,14,168,adaptive,random,2026092461,main,ok,76.0,865.0,168.0,2740.954245519935,36.0,traces/main_random_013_2026092461_adaptive.json,13704.771227599675,0.2449109579974902,True
True,1.0,14,True,continuous_cell,,233.45234592624888,3268.3328429674843,True,13,233.45234592624888,3268.3328429674843,1,14,144,0,14,135,joint,random,2026092461,main,ok,73.0,720.0,135.0,2340.332842967485,0.0,traces/main_random_013_2026092461_joint.json,11701.664214837423,0.4220260420006525,True
True,1.0,10,,field,,519.6527554910999,5196.527554910999,True,14,378.59322485210555,3785.9322485210555,2,10,195,0,10,185,field,random,2026092558,main,ok,56.0,975.0,185.0,3980.527554910993,1410.5953063899437,traces/main_random_014_2026092558_field.json,19902.637774554965,0.04243458400014788,True
True,1.0,10,,sweep,,370.1888087314402,3701.8880873144017,True,14,370.1888087314402,3701.8880873144017,0,10,122,0,10,119,sweep,random,2026092558,main,ok,50.0,610.0,119.0,2922.8880873144026,0.0,traces/main_random_014_2026092558_sweep.json,14614.440436572013,0.032179707999603124,True
True,1.0,10,True,tour,,348.56790647664764,3485.6790647664766,True,14,348.56790647664764,3485.6790647664766,1,10,154,0,10,153,tour,random,2026092558,main,ok,53.0,770.0,153.0,2509.6790647664766,0.0,traces/main_random_014_2026092558_tour.json,12548.395323832383,0.0907618339988403,True
True,1.0,10,True,continuous_cell,,338.9853469077479,3389.853469077479,True,14,338.9853469077479,3389.853469077479,2,10,172,0,10,166,adaptive,random,2026092558,main,ok,56.0,860.0,166.0,2307.8534690774786,0.0,traces/main_random_014_2026092558_adaptive.json,11539.267345387394,0.19411066600150662,True
True,1.0,10,True,continuous_cell,,303.0805900839555,3030.805900839555,True,14,303.0805900839555,3030.805900839555,3,10,134,0,10,129,joint,random,2026092558,main,ok,59.0,670.0,129.0,2172.8059008395558,0.0,traces/main_random_014_2026092558_joint.json,10864.029504197779,0.424000041999534,True
True,1.0,12,,field,,448.5581098915991,5382.697318699189,True,15,291.05051794164723,3492.6062152997665,2,12,189,0,12,180,field,random,2026092655,main,ok,66.0,945.0,180.0,4191.697318699185,1890.0911033994225,traces/main_random_015_2026092655_field.json,20958.486593495927,0.047281250001105946,True
True,0.9166666666666666,11,,sweep,,494.9628712996821,5444.591584296503,False,15,469.97575575986866,5169.733313358555,0,11,155,0,12,152,sweep,random,2026092655,main,ok,55.0,775.0,152.0,4462.591584296503,274.85827093794796,traces/main_random_015_2026092655_sweep.json,22312.957921482517,0.0526571669979603,True
True,1.0,12,True,tour,,345.47299291780604,4145.675915013672,True,15,345.47299291780604,4145.675915013672,7,12,225,0,12,223,tour,random,2026092655,main,ok,81.0,1125.0,223.0,2716.6759150136736,0.0,traces/main_random_015_2026092655_tour.json,13583.379575068368,0.14140095800030394,True
True,1.0,12,True,continuous_cell,,273.96008643272773,3287.521037192733,True,15,273.96008643272773,3287.521037192733,0,12,151,0,12,148,adaptive,random,2026092655,main,ok,60.0,755.0,148.0,2324.5210371927324,0.0,traces/main_random_015_2026092655_adaptive.json,11622.605185963663,0.24100220800028183,True
True,1.0,12,True,continuous_cell,,284.9026180929696,3418.8314171156353,True,15,284.9026180929696,3418.8314171156353,0,12,152,0,12,145,joint,random,2026092655,main,ok,60.0,760.0,145.0,2453.8314171156353,0.0,traces/main_random_015_2026092655_joint.json,12269.157085578177,0.5400270829995861,True
True,1.0,10,,field,,520.3335290618643,5203.335290618643,True,16,400.678779666495,4006.7877966649503,0,10,207,0,10,201,field,random,2026092752,main,ok,50.0,1035.0,201.0,3917.3352906186383,1196.5474939536925,traces/main_random_016_2026092752_field.json,19586.67645309319,0.04067666699847905,True
True,1.0,10,,sweep,,444.2628739239165,4442.628739239165,True,16,444.2628739239165,4442.628739239165,0,10,173,0,10,167,sweep,random,2026092752,main,ok,50.0,865.0,167.0,3360.628739239165,0.0,traces/main_random_016_2026092752_sweep.json,16803.143696195824,0.04545341599805397,True
True,1.0,10,True,tour,,396.4429288577057,3964.429288577057,True,16,396.4429288577057,3964.429288577057,8,10,207,0,10,205,tour,random,2026092752,main,ok,74.0,1035.0,205.0,2650.429288577056,0.0,traces/main_random_016_2026092752_tour.json,13252.14644288528,0.09003175000179908,True
True,1.0,10,True,continuous_cell,,372.73717391760295,3727.371739176029,True,16,372.73717391760295,3727.371739176029,0,10,174,0,10,170,adaptive,random,2026092752,main,ok,50.0,870.0,170.0,2637.3717391760297,0.0,traces/main_random_016_2026092752_adaptive.json,13186.858695880148,0.18194537499948638,True
True,1.0,10,True,continuous_cell,,347.00739416400313,3470.073941640031,True,16,328.2497305037642,3282.497305037642,3,10,141,0,10,131,joint,random,2026092752,main,ok,59.0,705.0,131.0,2575.073941640033,187.57663660238904,traces/main_random_016_2026092752_joint.json,12875.369708200164,0.5088975829967239,True
True,1.0,15,,field,,360.19239507918866,5402.88592618783,True,17,236.29421678565132,3544.4132517847697,2,15,162,0,15,148,field,random,2026092849,main,ok,81.0,810.0,148.0,4363.885926187827,1858.47267440306,traces/main_random_017_2026092849_field.json,21819.429630939136,0.042908041999908164,True
True,1.0,15,,sweep,,295.01150505482076,4425.172575822311,True,17,295.01150505482076,4425.172575822311,0,15,125,0,15,122,sweep,random,2026092849,main,ok,75.0,625.0,122.0,3603.172575822311,0.0,traces/main_random_017_2026092849_sweep.json,18015.862879111555,0.053894374999799766,True
True,1.0,15,True,tour,,277.28109063384017,4159.216359507603,True,17,277.28109063384017,4159.216359507603,7,15,162,0,15,161,tour,random,2026092849,main,ok,96.0,810.0,161.0,3092.2163595076017,0.0,traces/main_random_017_2026092849_tour.json,15461.081797538009,0.1477650420019927,True
True,1.0,15,True,continuous_cell,,223.99740190109097,3359.9610285163644,True,17,223.99740190109097,3359.9610285163644,0,15,147,0,15,145,adaptive,random,2026092849,main,ok,75.0,735.0,145.0,2404.961028516364,0.0,traces/main_random_017_2026092849_adaptive.json,12024.80514258182,0.5836251670007186,True
True,1.0,15,True,continuous_cell,,207.42367109044594,3111.355066356689,True,17,205.42367109044594,3081.355066356689,7,15,117,0,15,111,joint,random,2026092849,main,ok,96.0,585.0,111.0,2319.3550663566893,30.0,traces/main_random_017_2026092849_joint.json,11596.775331783447,1.4754097500008356,True
True,1.0,13,,field,,431.2547482484252,5606.311727229528,True,18,285.2519715570894,3708.275630242162,0,13,169,0,13,159,field,random,2026092946,main,ok,65.0,845.0,159.0,4537.311727229522,1898.0360969873655,traces/main_random_018_2026092946_field.json,22686.558636147613,0.06341579199943226,True
True,1.0,13,,sweep,,309.44261213307766,4022.75395773001,True,18,309.44261213307766,4022.75395773001,2,13,112,0,13,110,sweep,random,2026092946,main,ok,71.0,560.0,110.0,3281.753957730011,0.0,traces/main_random_018_2026092946_sweep.json,16408.769788650054,0.08406720800121548,True
True,1.0,13,True,tour,,323.5249914387807,4205.824888704149,True,18,323.5249914387807,4205.824888704149,7,13,220,0,13,219,tour,random,2026092946,main,ok,86.0,1100.0,219.0,2800.824888704149,0.0,traces/main_random_018_2026092946_tour.json,14004.124443520745,0.2600185840019549,True
True,1.0,13,True,continuous_cell,,274.168579555852,3564.1915342260754,True,18,274.168579555852,3564.1915342260754,3,13,173,0,13,171,adaptive,random,2026092946,main,ok,74.0,865.0,171.0,2454.191534226075,0.0,traces/main_random_018_2026092946_adaptive.json,12270.957671130374,0.43796704199849046,True
True,1.0,13,True,continuous_cell,,239.42320558735557,3112.5016726356225,True,18,239.42320558735557,3112.5016726356225,0,13,120,0,13,113,joint,random,2026092946,main,ok,65.0,600.0,113.0,2334.501672635622,0.0,traces/main_random_018_2026092946_joint.json,11672.50836317811,0.8147313750014291,True
True,1.0,15,,field,,332.9554504033354,4994.331756050031,True,19,254.06612006810232,3810.9918010215347,0,15,166,0,15,152,field,random,2026093043,main,ok,75.0,830.0,152.0,3937.3317560500254,1183.3399550284962,traces/main_random_019_2026093043_field.json,19686.658780250127,0.059348041999328416,True
True,1.0,15,,sweep,,302.72333033236737,4540.8499549855105,True,19,302.72333033236737,4540.8499549855105,0,15,120,0,15,118,sweep,random,2026093043,main,ok,75.0,600.0,118.0,3747.8499549855105,0.0,traces/main_random_019_2026093043_sweep.json,18739.249774927554,0.08808191699790768,True
True,1.0,15,True,tour,,291.2901703626346,4369.352555439519,True,19,291.2901703626346,4369.352555439519,17,15,177,0,15,174,tour,random,2026093043,main,ok,126.0,885.0,174.0,3184.352555439518,0.0,traces/main_random_019_2026093043_tour.json,15921.76277719759,0.38363058300092234,True
True,1.0,15,True,continuous_cell,,239.36307701769678,3590.4461552654516,True,19,239.36307701769678,3590.4461552654516,2,15,131,0,15,121,adaptive,random,2026093043,main,ok,81.0,655.0,121.0,2733.4461552654525,0.0,traces/main_random_019_2026093043_adaptive.json,13667.230776327262,0.38973683299991535,True
True,1.0,15,True,continuous_cell,,232.10040170890636,3481.5060256335955,True,19,232.10040170890636,3481.5060256335955,3,15,124,0,15,116,joint,random,2026093043,main,ok,84.0,620.0,116.0,2661.5060256335946,0.0,traces/main_random_019_2026093043_joint.json,13307.530128167973,0.9889035410014912,True
True,1.0,15,,field,,403.45386900609265,6051.80803509139,True,20,288.42357925685724,4326.353688852859,0,15,174,0,15,165,field,random,2026093140,main,ok,75.0,870.0,165.0,4941.808035091382,1725.454346238531,traces/main_random_020_2026093140_field.json,24709.040175456914,0.04585245799898985,True
True,0.9333333333333333,14,,sweep,,287.0101528681209,4018.1421401536923,False,20,286.153010010978,4006.1421401536923,0,14,107,0,15,105,sweep,random,2026093140,main,ok,70.0,535.0,105.0,3308.1421401536927,12.0,traces/main_random_020_2026093140_sweep.json,16540.710700768464,0.052068332999624545,True
True,1.0,15,False,tour,,306.5484757090192,4598.2271356352885,True,20,306.5484757090192,4598.2271356352885,11,15,160,0,15,157,tour,random,2026093140,main,ok,108.0,800.0,157.0,3533.2271356352867,0.0,traces/main_random_020_2026093140_tour.json,17666.135678176433,0.16395962499882444,True
True,1.0,15,True,continuous_cell,,249.30451491939127,3739.567723790869,True,20,249.30451491939127,3739.567723790869,1,15,151,0,15,149,adaptive,random,2026093140,main,ok,78.0,755.0,149.0,2757.5677237908685,0.0,traces/main_random_020_2026093140_adaptive.json,13787.838618954343,0.3243467079992115,True
True,1.0,15,True,continuous_cell,,210.51488151701272,3157.723222755191,True,20,208.51488151701272,3127.723222755191,2,15,107,0,15,103,joint,random,2026093140,main,ok,81.0,535.0,103.0,2438.723222755191,30.0,traces/main_random_020_2026093140_joint.json,12193.616113775954,1.1544691660019453,True
True,1.0,12,,field,,425.92021595557406,5111.042591466889,True,21,328.88853307935227,3946.6623969522275,0,12,166,0,12,148,field,random,2026093237,main,ok,60.0,830.0,148.0,4073.042591466887,1164.380194514661,traces/main_random_021_2026093237_field.json,20365.212957334435,0.03787683299742639,True
True,1.0,12,,sweep,,327.2230747348508,3926.6768968182096,True,21,327.2230747348508,3926.6768968182096,0,12,122,0,12,119,sweep,random,2026093237,main,ok,60.0,610.0,119.0,3137.67689681821,0.0,traces/main_random_021_2026093237_sweep.json,15688.38448409105,0.04037304199664504,True
True,1.0,12,True,tour,,314.94825162825146,3779.3790195390175,True,21,314.94825162825146,3779.3790195390175,4,12,185,0,12,182,tour,random,2026093237,main,ok,72.0,925.0,182.0,2600.3790195390175,0.0,traces/main_random_021_2026093237_tour.json,13001.895097695087,0.15525741599776666,True
True,1.0,12,True,continuous_cell,,275.67410387215205,3308.0892464658245,True,21,253.59085884863055,3043.0903061835666,0,12,168,0,12,165,adaptive,random,2026093237,main,ok,60.0,840.0,165.0,2243.089246465826,264.998940282258,traces/main_random_021_2026093237_adaptive.json,11215.44623232913,0.2255822500010254,True
True,1.0,12,True,continuous_cell,,267.523997949059,3210.2879753887078,True,21,256.9929215396741,3083.9150584760896,7,12,143,0,12,134,joint,random,2026093237,main,ok,81.0,715.0,134.0,2280.2879753887078,126.37291691261817,traces/main_random_021_2026093237_joint.json,11401.43987694354,0.49184854199847905,True
True,1.0,16,,field,,364.0293324144341,5824.469318630946,True,22,263.9665031524284,4223.464050438854,0,16,171,0,16,161,field,random,2026093334,main,ok,80.0,855.0,161.0,4728.469318630942,1601.0052681920915,traces/main_random_022_2026093334_field.json,23642.34659315471,0.04639395800040802,True
True,1.0,16,,sweep,,264.79640532472536,4236.742485195606,True,22,264.79640532472536,4236.742485195606,0,16,125,0,16,123,sweep,random,2026093334,main,ok,80.0,625.0,123.0,3408.7424851956057,0.0,traces/main_random_022_2026093334_sweep.json,17043.71242597803,0.06377937499928521,True
True,1.0,16,True,tour,,244.1437444443404,3906.2999111094464,True,22,244.1437444443404,3906.2999111094464,2,16,204,0,16,203,tour,random,2026093334,main,ok,86.0,1020.0,203.0,2597.299911109446,0.0,traces/main_random_022_2026093334_tour.json,12986.49955554723,0.1975488329990185,True
True,1.0,16,True,continuous_cell,,214.29113120201248,3428.6580992321997,True,22,214.29113120201248,3428.6580992321997,3,16,126,0,16,119,adaptive,random,2026093334,main,ok,89.0,630.0,119.0,2590.6580992321983,0.0,traces/main_random_022_2026093334_adaptive.json,12953.290496160991,0.26867479200154776,True
True,1.0,16,True,continuous_cell,,194.57315837434456,3113.170533989513,True,22,194.57315837434456,3113.170533989513,7,16,109,0,16,100,joint,random,2026093334,main,ok,101.0,545.0,100.0,2367.1705339895148,0.0,traces/main_random_022_2026093334_joint.json,11835.852669947573,0.7810691249978845,True
True,1.0,16,,field,,363.61834898665006,5817.893583786401,True,23,240.24526976274086,3843.924316203854,0,16,162,0,16,151,field,random,2026093431,main,ok,80.0,810.0,151.0,4776.893583786398,1973.9692675825472,traces/main_random_023_2026093431_field.json,23884.46791893199,0.04871137499867473,True
True,1.0,16,,sweep,,275.80347128163896,4412.855540506223,True,23,275.80347128163896,4412.855540506223,0,16,113,0,16,110,sweep,random,2026093431,main,ok,80.0,565.0,110.0,3657.855540506224,0.0,traces/main_random_023_2026093431_sweep.json,18289.27770253112,0.07299820800108137,True
True,1.0,16,True,tour,,237.0121712555661,3792.1947400890576,True,23,237.0121712555661,3792.1947400890576,3,16,134,0,16,132,tour,random,2026093431,main,ok,89.0,670.0,132.0,2901.1947400890563,0.0,traces/main_random_023_2026093431_tour.json,14505.973700445282,0.13252554100108682,True
True,1.0,16,True,continuous_cell,,206.03679840666265,3296.5887745066025,True,23,206.03679840666265,3296.5887745066025,0,16,131,0,16,130,adaptive,random,2026093431,main,ok,80.0,655.0,130.0,2431.5887745066025,0.0,traces/main_random_023_2026093431_adaptive.json,12157.943872533013,0.3275442080011999,True
True,1.0,16,True,continuous_cell,,207.40166131619756,3318.426581059161,True,23,205.90166131619756,3294.426581059161,7,16,110,0,16,104,joint,random,2026093431,main,ok,101.0,550.0,104.0,2563.4265810591614,24.0,traces/main_random_023_2026093431_joint.json,12817.132905295808,1.2658219590011868,True
True,1.0,10,,field,,519.2833545845648,5192.833545845648,True,24,368.5953996602692,3685.953996602692,0,10,187,0,10,184,field,random,2026093528,main,ok,50.0,935.0,184.0,4023.8335458456436,1506.8795492429558,traces/main_random_024_2026093528_field.json,20119.16772922822,0.046044457998505095,True
True,1.0,10,,sweep,,345.9876560876971,3459.876560876971,True,24,345.9876560876971,3459.876560876971,0,10,105,0,10,103,sweep,random,2026093528,main,ok,50.0,525.0,103.0,2781.8765608769713,0.0,traces/main_random_024_2026093528_sweep.json,13909.382804384857,0.04395245900013833,True
True,1.0,10,True,tour,,354.64217438227877,3546.421743822788,True,24,342.6170469569341,3426.1704695693406,6,10,179,0,10,177,tour,random,2026093528,main,ok,68.0,895.0,177.0,2406.421743822788,120.25127425344726,traces/main_random_024_2026093528_tour.json,12032.10871911394,0.16558070799874258,True
True,1.0,10,True,continuous_cell,,289.64621124306444,2896.4621124306445,True,24,266.2046249118587,2662.0462491185867,1,10,159,0,10,157,adaptive,random,2026093528,main,ok,53.0,795.0,157.0,1891.4621124306443,234.4158633120578,traces/main_random_024_2026093528_adaptive.json,9457.310562153221,0.22870145900014904,True
True,1.0,10,True,continuous_cell,,260.3812869800924,2603.812869800924,True,24,260.3812869800924,2603.812869800924,4,10,121,0,10,120,joint,random,2026093528,main,ok,62.0,605.0,120.0,1816.812869800923,0.0,traces/main_random_024_2026093528_joint.json,9084.064349004615,0.7053372920017864,True
True,1.0,15,,field,,361.9152514178398,5428.728771267597,True,25,286.53197979905656,4297.979696985848,0,15,181,0,15,171,field,random,2026093625,main,ok,75.0,905.0,171.0,4277.728771267594,1130.749074281749,traces/main_random_025_2026093625_field.json,21388.64385633797,0.04837033299918403,True
True,1.0,15,,sweep,,265.88009027593756,3988.201354139064,True,25,265.88009027593756,3988.201354139064,0,15,114,0,15,110,sweep,random,2026093625,main,ok,75.0,570.0,110.0,3233.2013541390625,0.0,traces/main_random_025_2026093625_sweep.json,16166.006770695312,0.06442750000132946,True
True,1.0,15,True,tour,,243.90428157256832,3658.564223588525,True,25,243.90428157256832,3658.564223588525,6,15,164,0,15,162,tour,random,2026093625,main,ok,93.0,820.0,162.0,2583.5642235885234,0.0,traces/main_random_025_2026093625_tour.json,12917.821117942616,0.26421537500209524,True
True,1.0,15,True,continuous_cell,,194.10944925384163,2911.6417388076243,True,25,194.10944925384163,2911.6417388076243,1,15,115,0,15,110,adaptive,random,2026093625,main,ok,78.0,575.0,110.0,2148.6417388076243,0.0,traces/main_random_025_2026093625_adaptive.json,10743.208694038121,0.3072427080005582,True
True,1.0,15,True,continuous_cell,,195.00239983120284,2925.0359974680428,True,25,193.00239983120284,2895.0359974680428,11,15,114,0,15,108,joint,random,2026093625,main,ok,108.0,570.0,108.0,2139.035997468043,30.0,traces/main_random_025_2026093625_joint.json,10695.179987340216,0.7875769580023189,True
True,1.0,13,,field,,423.7295565847835,5508.484235602185,True,26,329.627404951234,4285.156264366042,6,13,179,0,13,169,field,random,2026093722,main,ok,83.0,895.0,169.0,4361.484235602181,1223.3279712361436,traces/main_random_026_2026093722_field.json,21807.421178010904,0.044245084001886426,True
True,0.7692307692307693,10,,sweep,,460.060753999321,4600.60753999321,False,26,432.66102533283055,4326.610253328306,0,10,150,0,13,147,sweep,random,2026093722,main,ok,50.0,750.0,147.0,3653.607539993211,273.9972866649041,traces/main_random_026_2026093722_sweep.json,18268.037699966055,0.039417625001078704,True
True,1.0,13,True,tour,,368.118176634219,4785.536296244847,True,26,368.118176634219,4785.536296244847,8,13,185,0,13,183,tour,random,2026093722,main,ok,89.0,925.0,183.0,3588.5362962448476,0.0,traces/main_random_026_2026093722_tour.json,17942.681481224237,0.17730066700096359,True
True,1.0,13,True,continuous_cell,,256.49532907392046,3334.439277960966,True,26,250.4982024375017,3256.476631687522,1,13,142,0,13,138,adaptive,random,2026093722,main,ok,68.0,710.0,138.0,2418.4392779609652,77.96264627344408,traces/main_random_026_2026093722_adaptive.json,12092.196389804827,0.20035020799696213,True
True,1.0,13,True,continuous_cell,,239.8864394182014,3118.523712436618,True,26,236.65567018743215,3076.523712436618,5,13,126,0,13,117,joint,random,2026093722,main,ok,80.0,630.0,117.0,2291.523712436619,42.0,traces/main_random_026_2026093722_joint.json,11457.618562183095,0.6530273750031483,True
True,1.0,14,,field,,394.71298157768484,5525.981742087588,True,27,248.75628561700424,3482.587998638059,1,14,179,0,14,170,field,random,2026093819,main,ok,73.0,895.0,170.0,4387.9817420875825,2043.3937434495288,traces/main_random_027_2026093819_field.json,21939.908710437914,0.051964000002044486,True
True,0.9285714285714286,13,,sweep,,340.1950457747566,4422.535595071836,False,27,296.94014825242,3860.22192728146,0,13,122,0,14,114,sweep,random,2026093819,main,ok,65.0,610.0,114.0,3633.5355950718367,562.3136677903758,traces/main_random_027_2026093819_sweep.json,18167.677975359184,0.061150458001066,True
True,1.0,14,True,tour,,283.93801410889625,3975.132197524548,True,27,283.93801410889625,3975.132197524548,8,14,155,0,14,154,tour,random,2026093819,main,ok,94.0,775.0,154.0,2952.1321975245473,0.0,traces/main_random_027_2026093819_tour.json,14760.660987622738,0.11922766699717613,True
True,1.0,14,True,continuous_cell,,226.05392650333033,3164.7549710466246,True,27,219.6425961364972,3074.996345910961,1,14,140,0,14,133,adaptive,random,2026093819,main,ok,73.0,700.0,133.0,2258.754971046625,89.7586251356638,traces/main_random_027_2026093819_adaptive.json,11293.774855233125,0.27839633399707964,True
True,1.0,14,True,continuous_cell,,220.3547758845983,3084.9668623843763,True,27,213.5322425012916,2989.451395018082,10,14,118,0,14,110,joint,random,2026093819,main,ok,100.0,590.0,110.0,2284.9668623843763,95.51546736629416,traces/main_random_027_2026093819_joint.json,11424.83431192188,1.0825131659985345,True
True,1.0,11,,field,,442.6304670984745,4868.9351380832195,True,28,246.83141450168785,2715.145559518566,0,11,177,0,11,172,field,random,2026093916,main,ok,55.0,885.0,172.0,3756.935138083216,2153.7895785646533,traces/main_random_028_2026093916_field.json,18784.67569041608,0.04242612500092946,True
True,1.0,11,,sweep,,340.44457235738696,3744.8902959312563,True,28,340.44457235738696,3744.8902959312563,1,11,133,0,11,132,sweep,random,2026093916,main,ok,58.0,665.0,132.0,2889.8902959312563,0.0,traces/main_random_028_2026093916_sweep.json,14449.451479656282,0.051239459000498755,True
True,1.0,11,True,tour,,319.4024873383594,3513.4273607219534,True,28,302.7780179720592,3330.5581976926514,2,11,163,0,11,162,tour,random,2026093916,main,ok,61.0,815.0,162.0,2475.427360721954,182.86916302930194,traces/main_random_028_2026093916_tour.json,12377.136803609768,0.10616112499701558,True
True,1.0,11,True,continuous_cell,,328.04492488405515,3608.4941737246068,True,28,328.04492488405515,3608.4941737246068,1,11,189,0,11,184,adaptive,random,2026093916,main,ok,58.0,945.0,184.0,2421.494173724607,0.0,traces/main_random_028_2026093916_adaptive.json,12107.470868623035,0.23539750000054482,True
True,1.0,11,True,continuous_cell,,273.0210221644126,3003.2312438085387,True,28,268.1119312553217,2949.2312438085387,5,11,130,0,11,125,joint,random,2026093916,main,ok,70.0,650.0,125.0,2158.2312438085382,54.0,traces/main_random_028_2026093916_joint.json,10791.15621904269,1.1849403749984049,True
True,1.0,14,,field,,399.5081672282795,5593.114341195913,True,29,271.271847665308,3797.8058673143114,0,14,181,0,14,174,field,random,2026094013,main,ok,70.0,905.0,174.0,4444.114341195909,1795.3084738816015,traces/main_random_029_2026094013_field.json,22220.571705979546,0.043625583002722124,True
True,1.0,14,,sweep,,311.38013809503127,4359.321933330438,True,29,311.38013809503127,4359.321933330438,0,14,145,0,14,141,sweep,random,2026094013,main,ok,70.0,725.0,141.0,3423.3219333304396,0.0,traces/main_random_029_2026094013_sweep.json,17116.6096666522,0.04738175000238698,True
True,1.0,14,True,tour,,318.50313974472493,4459.043956426149,True,29,318.50313974472493,4459.043956426149,7,14,203,0,14,202,tour,random,2026094013,main,ok,91.0,1015.0,202.0,3151.043956426147,0.0,traces/main_random_029_2026094013_tour.json,15755.219782130735,0.11530495800252538,True
True,1.0,14,True,continuous_cell,,245.36241231713007,3435.073772439821,True,29,245.36241231713007,3435.073772439821,0,14,171,0,14,165,adaptive,random,2026094013,main,ok,70.0,855.0,165.0,2345.073772439821,0.0,traces/main_random_029_2026094013_adaptive.json,11725.368862199104,0.25683687499986263,True
True,1.0,14,True,continuous_cell,,226.6754370027655,3173.4561180387172,True,29,209.35953844684218,2931.0335382557905,1,14,121,0,14,114,joint,random,2026094013,main,ok,73.0,605.0,114.0,2381.4561180387163,242.42257978292673,traces/main_random_029_2026094013_joint.json,11907.280590193583,0.8246648749991436,True
True,1.0,11,,field,,449.993717085121,4949.930887936331,True,30,302.07007010080883,3322.770771108897,0,11,199,0,11,193,field,random,2026094110,main,ok,55.0,995.0,193.0,3706.9308879363293,1627.1601168274337,traces/main_random_030_2026094110_field.json,18534.654439681646,0.04061662499952945,True
True,1.0,11,,sweep,,411.11100977462644,4522.221107520891,True,30,411.11100977462644,4522.221107520891,0,11,158,0,11,156,sweep,random,2026094110,main,ok,55.0,790.0,156.0,3521.2211075208907,0.0,traces/main_random_030_2026094110_sweep.json,17606.105537604453,0.04662458299935679,True
True,1.0,11,True,tour,,424.3686041996106,4668.0546461957165,True,30,424.3686041996106,4668.0546461957165,3,11,206,0,11,203,tour,random,2026094110,main,ok,64.0,1030.0,203.0,3371.0546461957174,0.0,traces/main_random_030_2026094110_tour.json,16855.273230978586,0.10403225000118255,True
True,1.0,11,True,continuous_cell,,317.9093702396129,3497.003072635742,True,30,317.9093702396129,3497.003072635742,0,11,174,0,11,171,adaptive,random,2026094110,main,ok,55.0,870.0,171.0,2401.003072635742,0.0,traces/main_random_030_2026094110_adaptive.json,12005.015363178709,0.16054962500129477,True
True,1.0,11,True,continuous_cell,,289.21023478451065,3181.3125826296173,True,30,289.21023478451065,3181.3125826296173,2,11,139,0,11,132,joint,random,2026094110,main,ok,61.0,695.0,132.0,2293.312582629616,0.0,traces/main_random_030_2026094110_joint.json,11466.56291314808,0.5822798330009391,True
True,0.9333333333333333,14,,field,,368.83625051568043,5163.707507219526,False,31,364.172110402379,5098.409545633306,0,14,155,0,15,140,field,random,2026094207,main,ok,70.0,775.0,140.0,4178.7075072195275,65.29796158621957,traces/main_random_031_2026094207_field.json,20893.537536097636,0.037405875002150424,True
True,1.0,15,,sweep,,344.6466710238349,5169.700065357524,True,31,344.6466710238349,5169.700065357524,0,15,170,0,15,161,sweep,random,2026094207,main,ok,75.0,850.0,161.0,4083.700065357522,0.0,traces/main_random_031_2026094207_sweep.json,20418.50032678761,0.05344070799765177,True
True,1.0,15,True,tour,,286.4728030020937,4297.092045031406,True,31,286.4728030020937,4297.092045031406,12,15,172,0,15,170,tour,random,2026094207,main,ok,111.0,860.0,170.0,3156.092045031407,0.0,traces/main_random_031_2026094207_tour.json,15780.460225157036,0.10628233300303691,True
True,1.0,15,True,continuous_cell,,229.2868371363929,3439.3025570458935,True,31,229.2868371363929,3439.3025570458935,1,15,138,0,15,133,adaptive,random,2026094207,main,ok,78.0,690.0,133.0,2538.3025570458954,0.0,traces/main_random_031_2026094207_adaptive.json,12691.512785229477,0.2438125000007858,True
True,1.0,15,True,continuous_cell,,218.9989740548847,3284.9846108232705,True,31,218.9989740548847,3284.9846108232705,6,15,132,0,15,122,joint,random,2026094207,main,ok,93.0,660.0,122.0,2409.9846108232714,0.0,traces/main_random_031_2026094207_joint.json,12049.923054116356,0.6490989169979002,True
True,1.0,11,,field,,460.19320428028465,5062.125247083131,True,32,337.87307563595516,3716.603831995507,0,11,195,0,11,190,field,random,2026094304,main,ok,55.0,975.0,190.0,3842.125247083129,1345.5214150876245,traces/main_random_032_2026094304_field.json,19210.626235415646,0.043054124998889165,True
True,1.0,11,,sweep,,390.8890409497546,4299.7794504473,True,32,390.8890409497546,4299.7794504473,0,11,139,0,11,130,sweep,random,2026094304,main,ok,55.0,695.0,130.0,3419.7794504473013,0.0,traces/main_random_032_2026094304_sweep.json,17098.897252236507,0.04825804099891684,True
True,1.0,11,True,tour,,347.70010722021965,3824.7011794224163,True,32,347.70010722021965,3824.7011794224163,7,11,161,0,11,160,tour,random,2026094304,main,ok,76.0,805.0,160.0,2783.7011794224136,0.0,traces/main_random_032_2026094304_tour.json,13918.505897112069,0.1503559580014553,True
True,1.0,11,True,continuous_cell,,296.60728521564346,3262.680137372078,True,32,296.60728521564346,3262.680137372078,0,11,172,0,11,171,adaptive,random,2026094304,main,ok,55.0,860.0,171.0,2176.680137372078,0.0,traces/main_random_032_2026094304_adaptive.json,10883.40068686039,0.22416708399759955,True
True,1.0,11,True,continuous_cell,,257.132892200217,2828.461814202387,True,32,252.22380129112608,2774.461814202387,2,11,135,0,11,130,joint,random,2026094304,main,ok,61.0,675.0,130.0,1962.4618142023864,54.0,traces/main_random_032_2026094304_joint.json,9812.309071011932,0.7128150829994411,True
True,1.0,15,,field,,344.1294523818719,5161.941785728079,True,33,228.03850438750797,3420.5775658126195,0,15,163,0,15,157,field,random,2026094401,main,ok,75.0,815.0,157.0,4114.941785728073,1741.3642199154592,traces/main_random_033_2026094401_field.json,20574.708928640364,0.04439966599966283,True
True,1.0,15,,sweep,,260.40346791578827,3906.052018736824,True,33,260.40346791578827,3906.052018736824,0,15,115,0,15,114,sweep,random,2026094401,main,ok,75.0,575.0,114.0,3142.0520187368234,0.0,traces/main_random_033_2026094401_sweep.json,15710.260093684117,0.0600580419995822,True
True,1.0,15,True,tour,,282.72507229932796,4240.87608448992,True,33,254.77058433147315,3821.5587649720974,12,15,184,0,15,182,tour,random,2026094401,main,ok,111.0,920.0,182.0,3027.87608448992,419.3173195178224,traces/main_random_033_2026094401_tour.json,15139.3804224496,0.34887179199722596,True
True,1.0,15,True,continuous_cell,,216.6655050710292,3249.982576065438,True,33,191.02395386527604,2865.359307979141,1,15,133,0,15,129,adaptive,random,2026094401,main,ok,78.0,665.0,129.0,2377.9825760654394,384.62326808629723,traces/main_random_033_2026094401_adaptive.json,11889.912880327196,0.2764317920009489,True
True,1.0,15,True,continuous_cell,,207.89757241116519,3118.463586167478,True,33,187.25719531977592,2808.857929796639,7,15,109,0,15,102,joint,random,2026094401,main,ok,96.0,545.0,102.0,2375.463586167478,309.6056563708389,traces/main_random_033_2026094401_joint.json,11877.31793083739,1.4238982919996488,True
True,1.0,12,,field,,423.10601473025054,5077.272176763006,True,34,303.4518630934705,3641.4223571216457,0,12,187,0,12,179,field,random,2026094498,main,ok,60.0,935.0,179.0,3903.272176763002,1435.8498196413607,traces/main_random_034_2026094498_field.json,19516.36088381501,0.04567466699882061,True
True,1.0,12,,sweep,,326.98897013456013,3923.867641614722,True,34,325.98897013456013,3911.867641614722,0,12,129,0,12,128,sweep,random,2026094498,main,ok,60.0,645.0,128.0,3090.8676416147205,12.0,traces/main_random_034_2026094498_sweep.json,15454.338208073603,0.05405241599873989,True
True,1.0,12,True,tour,,320.5581445437656,3846.697734525187,True,34,320.5581445437656,3846.697734525187,6,12,164,0,12,162,tour,random,2026094498,main,ok,78.0,820.0,162.0,2786.697734525186,0.0,traces/main_random_034_2026094498_tour.json,13933.48867262593,0.12829758299994865,True
True,1.0,12,True,continuous_cell,,271.00706841804316,3252.0848210165177,True,34,271.00706841804316,3252.0848210165177,4,12,177,0,12,171,adaptive,random,2026094498,main,ok,72.0,885.0,171.0,2124.084821016518,0.0,traces/main_random_034_2026094498_adaptive.json,10620.424105082591,0.2658412919990951,True
True,1.0,12,True,continuous_cell,,246.01740511705347,2952.2088614046415,True,34,246.01740511705347,2952.2088614046415,1,12,129,0,12,125,joint,random,2026094498,main,ok,63.0,645.0,125.0,2119.2088614046415,0.0,traces/main_random_034_2026094498_joint.json,10596.044307023207,0.7373897910001688,True
True,1.0,12,,field,,428.6851901871044,5144.222282245253,True,35,235.60318690991696,2827.2382429190034,0,12,186,0,12,178,field,random,2026094595,main,ok,60.0,930.0,178.0,3976.2222822452495,2316.98403932625,traces/main_random_035_2026094595_field.json,19881.111411226248,0.04480579100345494,True
True,1.0,12,,sweep,,302.4662027735238,3629.5944332822855,True,35,302.4662027735238,3629.5944332822855,0,12,135,0,12,133,sweep,random,2026094595,main,ok,60.0,675.0,133.0,2761.594433282285,0.0,traces/main_random_035_2026094595_sweep.json,13807.972166411426,0.051172416999179404,True
True,1.0,12,True,tour,,318.7179225765448,3824.615070918538,True,35,318.7179225765448,3824.615070918538,8,12,161,0,12,158,tour,random,2026094595,main,ok,84.0,805.0,158.0,2777.6150709185376,0.0,traces/main_random_035_2026094595_tour.json,13888.075354592687,0.16004387499924633,True
True,1.0,12,True,continuous_cell,,273.4148776513692,3280.97853181643,True,35,246.55965498213254,2958.7158597855905,2,12,145,0,12,140,adaptive,random,2026094595,main,ok,66.0,725.0,140.0,2349.978531816429,322.26267203083944,traces/main_random_035_2026094595_adaptive.json,11749.892659082145,0.27731425000092713,True
True,1.0,12,True,continuous_cell,,240.85973515468856,2890.316821856263,True,35,228.08955188168693,2737.074622580243,3,12,113,0,12,106,joint,random,2026094595,main,ok,69.0,565.0,106.0,2150.316821856262,153.24219927601962,traces/main_random_035_2026094595_joint.json,10751.58410928131,1.1200254169998516,True
True,1.0,10,,field,,534.0078190268092,5340.078190268092,True,36,377.16484202534366,3771.6484202534366,0,10,210,0,10,204,field,random,2026094692,main,ok,50.0,1050.0,204.0,4036.0781902680887,1568.4297700146553,traces/main_random_036_2026094692_field.json,20180.390951340443,0.03900666700064903,True
True,1.0,10,,sweep,,392.77077498209064,3927.7077498209064,True,36,392.77077498209064,3927.7077498209064,0,10,130,0,10,129,sweep,random,2026094692,main,ok,50.0,650.0,129.0,3098.7077498209064,0.0,traces/main_random_036_2026094692_sweep.json,15493.538749104533,0.040268332999403356,True
True,1.0,10,True,tour,,363.24823049503345,3632.4823049503348,True,36,363.24823049503345,3632.4823049503348,4,10,170,0,10,167,tour,random,2026094692,main,ok,62.0,850.0,167.0,2553.4823049503348,0.0,traces/main_random_036_2026094692_tour.json,12767.411524751673,0.07802054199783015,True
True,1.0,10,True,continuous_cell,,332.0781680718154,3320.7816807181543,True,36,332.0781680718154,3320.7816807181543,1,10,167,0,10,163,adaptive,random,2026094692,main,ok,53.0,835.0,163.0,2269.7816807181543,0.0,traces/main_random_036_2026094692_adaptive.json,11348.908403590773,0.1549427089994424,True
True,1.0,10,True,continuous_cell,,298.6482312292877,2986.482312292877,True,36,280.20946954680056,2802.0946954680057,3,10,148,0,10,141,joint,random,2026094692,main,ok,59.0,740.0,141.0,2046.482312292877,184.3876168248712,traces/main_random_036_2026094692_joint.json,10232.411561464385,0.506060042000172,True
True,1.0,11,,field,,477.09769737242755,5248.074671096703,True,37,452.54964171710895,4978.046058888199,0,11,192,0,11,184,field,random,2026094789,main,ok,55.0,960.0,184.0,4049.074671096704,270.02861220850446,traces/main_random_037_2026094789_field.json,20245.37335548352,0.029189541997766355,True
True,1.0,11,,sweep,,365.7390824805129,4023.1299072856414,True,37,364.64817338960376,4011.1299072856414,0,11,128,0,11,126,sweep,random,2026094789,main,ok,55.0,640.0,126.0,3202.129907285642,12.0,traces/main_random_037_2026094789_sweep.json,16010.64953642821,0.03586712499964051,True
True,1.0,11,True,tour,,390.42479956718677,4294.672795239055,True,37,390.42479956718677,4294.672795239055,9,11,209,0,11,207,tour,random,2026094789,main,ok,82.0,1045.0,207.0,2960.672795239053,0.0,traces/main_random_037_2026094789_tour.json,14803.363976195265,0.14524624999830849,True
True,1.0,11,True,continuous_cell,,296.93677499262634,3266.30452491889,True,37,296.93677499262634,3266.30452491889,2,11,146,0,11,140,adaptive,random,2026094789,main,ok,61.0,730.0,140.0,2335.30452491889,0.0,traces/main_random_037_2026094789_adaptive.json,11676.52262459445,0.19068483299997752,True
True,1.0,11,True,continuous_cell,,285.1517739102119,3136.6695130123308,True,37,280.24268300112095,3082.6695130123308,3,11,138,0,11,130,joint,random,2026094789,main,ok,64.0,690.0,130.0,2252.66951301233,54.0,traces/main_random_037_2026094789_joint.json,11263.34756506165,0.6061332500030403,True
True,1.0,13,,field,,423.86515967909185,5510.247075828194,True,38,331.8087509733448,4313.513762653482,1,13,184,0,13,172,field,random,2026094886,main,ok,68.0,920.0,172.0,4350.247075828192,1196.7333131747118,traces/main_random_038_2026094886_field.json,21751.23537914096,0.036876040998322424,True
True,1.0,13,,sweep,,339.99475257773,4419.93178351049,True,38,339.99475257773,4419.93178351049,0,13,122,0,13,117,sweep,random,2026094886,main,ok,65.0,610.0,117.0,3627.9317835104894,0.0,traces/main_random_038_2026094886_sweep.json,18139.658917552446,0.044867833003081614,True
True,1.0,13,True,tour,,326.51525331788224,4244.698293132469,True,38,326.51525331788224,4244.698293132469,17,13,176,0,13,173,tour,random,2026094886,main,ok,116.0,880.0,173.0,3075.698293132469,0.0,traces/main_random_038_2026094886_tour.json,15378.491465662346,0.1445627079992846,True
True,1.0,13,True,continuous_cell,,263.87377367640124,3430.3590577932164,True,38,263.87377367640124,3430.3590577932164,6,13,144,0,13,137,adaptive,random,2026094886,main,ok,83.0,720.0,137.0,2490.3590577932155,0.0,traces/main_random_038_2026094886_adaptive.json,12451.795288966077,0.25747649999902933,True
True,1.0,13,True,continuous_cell,,258.7750189102041,3364.0752458326533,True,38,258.7750189102041,3364.0752458326533,7,13,132,0,13,124,joint,random,2026094886,main,ok,86.0,660.0,124.0,2494.075245832653,0.0,traces/main_random_038_2026094886_joint.json,12470.376229163265,0.6605680420034332,True
True,0.9333333333333333,14,,field,,412.069879563694,5768.9783138917155,False,39,249.56101440673834,3493.8542016943366,0,14,166,0,15,158,field,random,2026094983,main,ok,70.0,830.0,158.0,4710.97831389171,2275.124112197379,traces/main_random_039_2026094983_field.json,23554.89156945855,0.04879587500181515,True
True,1.0,15,,sweep,,301.91745414106873,4528.761812116031,True,39,301.91745414106873,4528.761812116031,0,15,108,0,15,105,sweep,random,2026094983,main,ok,75.0,540.0,105.0,3808.7618121160313,0.0,traces/main_random_039_2026094983_sweep.json,19043.809060580155,0.06161908399735694,True
True,1.0,15,True,tour,,309.32822704879123,4639.923405731868,True,39,309.32822704879123,4639.923405731868,9,15,164,0,15,162,tour,random,2026094983,main,ok,102.0,820.0,162.0,3555.923405731867,0.0,traces/main_random_039_2026094983_tour.json,17779.617028659337,0.21017962499900023,True
True,1.0,15,True,continuous_cell,,255.66120897971103,3834.9181346956657,True,39,255.66120897971103,3834.9181346956657,1,15,148,0,15,143,adaptive,random,2026094983,main,ok,78.0,740.0,143.0,2873.9181346956657,0.0,traces/main_random_039_2026094983_adaptive.json,14369.590673478328,0.284437665999576,True
True,1.0,15,True,continuous_cell,,215.4028885663712,3231.043328495568,True,39,200.5502188402352,3008.253282603528,5,15,113,0,15,107,joint,random,2026094983,main,ok,90.0,565.0,107.0,2469.0433284955675,222.79004589203987,traces/main_random_039_2026094983_joint.json,12345.216642477837,1.3359390419973352,True
True,1.0,11,,field,,468.6708181774198,5155.3789999516175,True,40,304.98862389883675,3354.874862887204,0,11,181,0,11,174,field,random,2026095080,main,ok,55.0,905.0,174.0,4021.378999951613,1800.5041370644135,traces/main_random_040_2026095080_field.json,20106.894999758064,0.03568345800158568,True
True,0.9090909090909091,10,,sweep,,423.21212966644055,4232.121296664405,False,40,394.28474616170615,3942.8474616170615,0,10,135,0,11,130,sweep,random,2026095080,main,ok,50.0,675.0,130.0,3377.121296664406,289.2738350473437,traces/main_random_040_2026095080_sweep.json,16885.60648332203,0.04006462499819463,True
True,1.0,11,True,tour,,356.9046114201646,3925.9507256218103,True,40,356.9046114201646,3925.9507256218103,2,11,166,0,11,165,tour,random,2026095080,main,ok,61.0,830.0,165.0,2869.9507256218103,0.0,traces/main_random_040_2026095080_tour.json,14349.75362810905,0.10880170800010092,True
True,1.0,11,True,continuous_cell,,289.7577146762546,3187.3348614388,True,40,289.7577146762546,3187.3348614388,1,11,173,0,11,168,adaptive,random,2026095080,main,ok,58.0,865.0,168.0,2096.3348614388005,0.0,traces/main_random_040_2026095080_adaptive.json,10481.674307194002,0.18332312499842374,True
True,1.0,11,True,continuous_cell,,271.03414153412024,2981.3755568753227,True,40,242.04091980018464,2662.450117802031,2,11,134,0,11,127,joint,random,2026095080,main,ok,61.0,670.0,127.0,2123.375556875323,318.9254390732917,traces/main_random_040_2026095080_joint.json,10616.877784376615,0.5520227499982866,True
True,1.0,12,,field,,463.9489336789681,5567.387204147617,True,41,352.8789497513455,4234.547397016146,0,12,203,0,12,196,field,random,2026095177,main,ok,60.0,1015.0,196.0,4296.387204147614,1332.8398071314714,traces/main_random_041_2026095177_field.json,21481.93602073807,0.04054195799835725,True
True,1.0,12,,sweep,,306.41859027135894,3677.0230832563075,True,41,306.41859027135894,3677.0230832563075,0,12,122,0,12,120,sweep,random,2026095177,main,ok,60.0,610.0,120.0,2887.023083256308,0.0,traces/main_random_041_2026095177_sweep.json,14435.11541628154,0.04029591699872981,True
True,1.0,12,True,tour,,271.11951747973467,3253.434209756816,True,41,271.11951747973467,3253.434209756816,4,12,160,0,12,158,tour,random,2026095177,main,ok,72.0,800.0,158.0,2223.434209756816,0.0,traces/main_random_041_2026095177_tour.json,11117.171048784081,0.10901337500035879,True
True,1.0,12,True,continuous_cell,,277.6065332414846,3331.2783988978154,True,41,267.6122458491679,3211.346950190015,2,12,170,0,12,166,adaptive,random,2026095177,main,ok,66.0,850.0,166.0,2249.2783988978154,119.93144870780043,traces/main_random_041_2026095177_adaptive.json,11246.391994489077,0.20552016600049683,True
True,1.0,12,True,continuous_cell,,238.29448152157943,2859.533778258953,True,41,231.67473531954965,2780.096823834596,5,12,131,0,12,125,joint,random,2026095177,main,ok,75.0,655.0,125.0,2004.533778258954,79.43695442435728,traces/main_random_041_2026095177_joint.json,10022.66889129477,0.5445862499982468,True
True,1.0,13,,field,,393.8798325317926,5120.4378229133035,True,42,283.6847151539501,3687.901297001351,0,13,183,0,13,179,field,random,2026095274,main,ok,65.0,915.0,179.0,3961.437822913301,1432.5365259119526,traces/main_random_042_2026095274_field.json,19807.189114566503,0.040701666999666486,True
True,1.0,13,,sweep,,321.56063492168624,4180.288253981921,True,42,321.56063492168624,4180.288253981921,2,13,141,0,13,137,sweep,random,2026095274,main,ok,71.0,705.0,137.0,3267.2882539819216,0.0,traces/main_random_042_2026095274_sweep.json,16336.441269909608,0.05606058299963479,True
True,1.0,13,True,tour,,279.0121903045197,3627.158473958756,True,42,256.69425701423864,3337.025341185102,9,13,176,0,13,175,tour,random,2026095274,main,ok,92.0,880.0,175.0,2480.1584739587556,290.13313277365387,traces/main_random_042_2026095274_tour.json,12400.792369793779,0.11347920800108113,True
True,1.0,13,True,continuous_cell,,237.29480231596528,3084.8324301075486,True,42,237.29480231596528,3084.8324301075486,1,13,134,0,13,132,adaptive,random,2026095274,main,ok,68.0,670.0,132.0,2214.832430107547,0.0,traces/main_random_042_2026095274_adaptive.json,11074.162150537737,0.2464832080004271,True
True,1.0,13,True,continuous_cell,,222.27200573723854,2889.5360745841012,True,42,222.27200573723854,2889.5360745841012,3,13,116,0,13,109,joint,random,2026095274,main,ok,74.0,580.0,109.0,2126.5360745841017,0.0,traces/main_random_042_2026095274_joint.json,10632.680372920508,0.7997091670004011,True
True,0.9090909090909091,10,,field,,496.14289467040055,4961.428946704005,False,43,229.71971003285117,2297.1971003285116,0,10,179,0,11,174,field,random,2026095371,main,ok,50.0,895.0,174.0,3842.4289467040035,2664.2318463754937,traces/main_random_043_2026095371_field.json,19212.144733520017,0.043179792002774775,True
True,1.0,11,,sweep,,316.14217940582444,3477.563973464069,True,43,316.14217940582444,3477.563973464069,0,11,120,0,11,117,sweep,random,2026095371,main,ok,55.0,600.0,117.0,2705.563973464069,0.0,traces/main_random_043_2026095371_sweep.json,13527.819867320346,0.04125420899799792,True
True,1.0,11,True,tour,,296.2607687801548,3258.868456581703,True,43,282.8262072055443,3111.088279260987,3,11,151,0,11,149,tour,random,2026095371,main,ok,64.0,755.0,149.0,2290.868456581704,147.78017732071612,traces/main_random_043_2026095371_tour.json,11454.34228290852,0.09021154199945158,True
True,1.0,11,True,continuous_cell,,260.338309105582,2863.7214001614025,True,43,197.89329736606223,2176.8262710266845,0,11,157,0,11,151,adaptive,random,2026095371,main,ok,55.0,785.0,151.0,1872.7214001614034,686.895129134718,traces/main_random_043_2026095371_adaptive.json,9363.607000807016,0.19329600000128266,True
True,1.0,11,True,continuous_cell,,231.26782713367075,2543.9460984703783,True,43,173.36386381550656,1907.0025019705722,1,11,122,0,11,118,joint,random,2026095371,main,ok,58.0,610.0,118.0,1757.9460984703787,636.9435964998061,traces/main_random_043_2026095371_joint.json,8789.730492351893,1.0636427089993958,True
True,1.0,12,,field,,424.19155172248,5090.298620669761,True,44,354.2888061218392,4251.46567346207,0,12,174,0,12,160,field,random,2026095468,main,ok,60.0,870.0,160.0,4000.298620669757,838.8329472076903,traces/main_random_044_2026095468_field.json,20001.493103348785,0.03698041699681198,True
True,1.0,12,,sweep,,316.5205435296729,3798.246522356075,True,44,316.5205435296729,3798.246522356075,0,12,143,0,12,141,sweep,random,2026095468,main,ok,60.0,715.0,141.0,2882.2465223560735,0.0,traces/main_random_044_2026095468_sweep.json,14411.232611780368,0.04593162500168546,True
True,1.0,12,True,tour,,299.8368957977237,3598.042749572684,True,44,299.8368957977237,3598.042749572684,3,12,162,0,12,161,tour,random,2026095468,main,ok,69.0,810.0,161.0,2558.042749572683,0.0,traces/main_random_044_2026095468_tour.json,12790.213747863416,0.1732586670004821,True
True,1.0,12,True,continuous_cell,,286.4245381363169,3437.094457635803,True,44,242.72956863417804,2912.7548236101366,0,12,183,0,12,181,adaptive,random,2026095468,main,ok,60.0,915.0,181.0,2281.094457635804,524.3396340256663,traces/main_random_044_2026095468_adaptive.json,11405.472288179019,0.22548699999970268,True
True,1.0,12,True,continuous_cell,,245.79117984291887,2949.4941581150265,True,44,208.06316592108354,2496.7579910530026,2,12,130,0,12,125,joint,random,2026095468,main,ok,66.0,650.0,125.0,2108.494158115026,452.7361670620239,traces/main_random_044_2026095468_joint.json,10542.470790575131,0.7826596670020081,True
True,1.0,10,,field,,541.9161905487942,5419.161905487943,True,45,380.25642606480284,3802.5642606480283,1,10,204,0,10,198,field,random,2026095565,main,ok,53.0,1020.0,198.0,4148.161905487939,1616.5976448399147,traces/main_random_045_2026095565_field.json,20740.8095274397,0.03914716700091958,True
True,1.0,10,,sweep,,399.5670740537747,3995.6707405377474,True,45,399.5670740537747,3995.6707405377474,0,10,128,0,10,123,sweep,random,2026095565,main,ok,50.0,640.0,123.0,3182.670740537748,0.0,traces/main_random_045_2026095565_sweep.json,15913.353702688739,0.030435083001066232,True
True,1.0,10,True,tour,,512.296461102083,5122.96461102083,True,45,512.296461102083,5122.96461102083,14,10,218,0,10,215,tour,random,2026095565,main,ok,92.0,1090.0,215.0,3725.9646110208278,0.0,traces/main_random_045_2026095565_tour.json,18629.823055104138,0.2895553749985993,True
True,1.0,10,True,continuous_cell,,339.77120529735004,3397.7120529735002,True,45,339.77120529735004,3397.7120529735002,0,10,169,0,10,166,adaptive,random,2026095565,main,ok,50.0,845.0,166.0,2336.7120529734993,0.0,traces/main_random_045_2026095565_adaptive.json,11683.560264867498,0.1594781250023516,True
True,1.0,10,True,continuous_cell,,304.9328288472922,3049.3282884729224,True,45,289.1712027541861,2891.712027541861,3,10,155,0,10,148,joint,random,2026095565,main,ok,59.0,775.0,148.0,2067.3282884729215,157.61626093106133,traces/main_random_045_2026095565_joint.json,10336.641442364607,0.4956065000005765,True
True,1.0,15,,field,,390.7904661169392,5861.856991754088,True,46,347.54822824397473,5213.223423659621,0,15,174,0,15,155,field,random,2026095662,main,ok,75.0,870.0,155.0,4761.856991754087,648.6335680944667,traces/main_random_046_2026095662_field.json,23809.284958770437,0.03948566699909861,True
True,1.0,15,,sweep,,299.9495129790336,4499.242694685504,True,46,299.9495129790336,4499.242694685504,0,15,132,0,15,130,sweep,random,2026095662,main,ok,75.0,660.0,130.0,3634.242694685504,0.0,traces/main_random_046_2026095662_sweep.json,18171.21347342752,0.04588220799996634,True
True,1.0,15,True,tour,,326.6612055178966,4899.918082768449,True,46,304.378114859328,4565.67172288992,12,15,213,0,15,210,tour,random,2026095662,main,ok,111.0,1065.0,210.0,3513.9180827684477,334.2463598785289,traces/main_random_046_2026095662_tour.json,17569.590413842237,0.17739649999930407,True
True,1.0,15,True,continuous_cell,,237.13626406296456,3557.0439609444684,True,46,237.13626406296456,3557.0439609444684,2,15,157,0,15,152,adaptive,random,2026095662,main,ok,81.0,785.0,152.0,2539.043960944468,0.0,traces/main_random_046_2026095662_adaptive.json,12695.21980472234,0.2870546669983014,True
True,1.0,15,True,continuous_cell,,240.13189559397992,3601.9784339096987,True,46,226.77021787366172,3401.553268104926,4,15,139,0,15,129,joint,random,2026095662,main,ok,87.0,695.0,129.0,2690.978433909698,200.42516580477286,traces/main_random_046_2026095662_joint.json,13454.892169548491,0.5333015000032901,True
True,1.0,13,,field,,389.0755009294567,5057.981512082937,True,47,295.8081294253558,3845.5056825296256,0,13,182,0,13,173,field,random,2026095759,main,ok,65.0,910.0,173.0,3909.9815120829326,1212.4758295533115,traces/main_random_047_2026095759_field.json,19549.907560414664,0.03861612499895273,True
True,1.0,13,,sweep,,377.87609213676296,4912.3891977779185,True,47,377.87609213676296,4912.3891977779185,0,13,137,0,13,129,sweep,random,2026095759,main,ok,65.0,685.0,129.0,4033.3891977779194,0.0,traces/main_random_047_2026095759_sweep.json,20166.945988889598,0.03858129200307303,True
True,1.0,13,True,tour,,310.7040320751204,4039.1524169765653,True,47,310.7040320751204,4039.1524169765653,3,13,191,0,13,190,tour,random,2026095759,main,ok,74.0,955.0,190.0,2820.1524169765653,0.0,traces/main_random_047_2026095759_tour.json,14100.762084882826,0.08283025000127964,True
True,1.0,13,True,continuous_cell,,256.7857966285558,3338.2153561712253,True,47,256.7857966285558,3338.2153561712253,0,13,137,0,13,130,adaptive,random,2026095759,main,ok,65.0,685.0,130.0,2458.215356171225,0.0,traces/main_random_047_2026095759_adaptive.json,12291.076780856125,0.1864260420006758,True
True,1.0,13,True,continuous_cell,,255.2284646475619,3317.970040418305,True,47,251.99769541679268,3275.970040418305,2,13,153,0,13,145,joint,random,2026095759,main,ok,71.0,765.0,145.0,2336.970040418305,42.0,traces/main_random_047_2026095759_joint.json,11684.850202091524,0.4889815419992374,True
True,1.0,13,,field,,476.2109493858797,6190.742342016436,True,48,333.75085595472444,4338.761127411418,5,13,180,0,13,168,field,random,2026095856,main,ok,80.0,900.0,168.0,5042.74234201643,1851.981214605018,traces/main_random_048_2026095856_field.json,25213.71171008215,0.04264158300065901,True
True,0.9230769230769231,12,,sweep,,315.67956373147257,3788.1547647776706,False,48,315.67956373147257,3788.1547647776706,0,12,101,0,13,99,sweep,random,2026095856,main,ok,60.0,505.0,99.0,3124.154764777671,0.0,traces/main_random_048_2026095856_sweep.json,15620.773823888356,0.0402629580021312,True
True,1.0,13,True,tour,,274.4217518978652,3567.482774672247,True,48,274.4217518978652,3567.482774672247,3,13,151,0,13,149,tour,random,2026095856,main,ok,74.0,755.0,149.0,2589.482774672248,0.0,traces/main_random_048_2026095856_tour.json,12947.41387336124,0.1039368329984427,True
True,1.0,13,True,continuous_cell,,276.9851192966679,3600.8065508566824,True,48,276.9851192966679,3600.8065508566824,1,13,163,0,13,157,adaptive,random,2026095856,main,ok,68.0,815.0,157.0,2560.8065508566824,0.0,traces/main_random_048_2026095856_adaptive.json,12804.032754283411,0.20714229199802503,True
True,1.0,13,True,continuous_cell,,222.57868456100903,2893.5228992931175,True,48,222.57868456100903,2893.5228992931175,4,13,116,0,13,111,joint,random,2026095856,main,ok,77.0,580.0,111.0,2125.522899293117,0.0,traces/main_random_048_2026095856_joint.json,10627.614496465585,0.6190719170008379,True
True,1.0,15,,field,,374.72148562811526,5620.822284421729,True,49,296.2472493633122,4443.708740449683,0,15,178,0,15,171,field,random,2026095953,main,ok,75.0,890.0,171.0,4484.822284421723,1177.1135439720456,traces/main_random_049_2026095953_field.json,22424.111422108617,0.03792820899980143,True
True,1.0,15,,sweep,,286.3009475250017,4294.514212875025,True,49,286.3009475250017,4294.514212875025,0,15,116,0,15,114,sweep,random,2026095953,main,ok,75.0,580.0,114.0,3525.5142128750244,0.0,traces/main_random_049_2026095953_sweep.json,17627.571064375123,0.05139854099979857,True
True,1.0,15,True,tour,,252.8496612636406,3792.744918954609,True,49,252.8496612636406,3792.744918954609,6,15,184,0,15,183,tour,random,2026095953,main,ok,93.0,920.0,183.0,2596.7449189546087,0.0,traces/main_random_049_2026095953_tour.json,12983.724594773043,0.14877516599881346,True
True,1.0,15,True,continuous_cell,,233.92848090292838,3508.927213543926,True,49,222.72855635508236,3340.9283453262356,0,15,152,0,15,149,adaptive,random,2026095953,main,ok,75.0,760.0,149.0,2524.927213543926,167.99886821769041,traces/main_random_049_2026095953_adaptive.json,12624.63606771963,0.26881116699951235,True
True,1.0,15,True,continuous_cell,,202.04595063263665,3030.68925948955,True,49,196.0950761918954,2941.426142878431,0,15,114,0,15,109,joint,random,2026095953,main,ok,75.0,570.0,109.0,2276.6892594895494,89.26311661111868,traces/main_random_049_2026095953_joint.json,11383.446297447746,0.6092383329996665,True
True,1.0,12,,field,,398.8223979212402,4785.8687750548825,True,0,283.6148780617383,3403.3785367408595,0,12,195,0,12,189,field,annulus,2026191200,main,ok,60.0,975.0,189.0,3561.8687750548806,1382.490238314023,traces/main_annulus_000_2026191200_field.json,17809.343875274404,0.036114458001975436,True
True,1.0,12,,sweep,,355.9598800628355,4271.518560754026,True,0,355.9598800628355,4271.518560754026,0,12,170,0,12,169,sweep,annulus,2026191200,main,ok,60.0,850.0,169.0,3192.5185607540275,0.0,traces/main_annulus_000_2026191200_sweep.json,15962.592803770138,0.047049249998963205,True
True,1.0,12,True,tour,,351.92355412866453,4223.082649543974,True,0,351.92355412866453,4223.082649543974,2,12,202,0,12,200,tour,annulus,2026191200,main,ok,66.0,1010.0,200.0,2947.082649543975,0.0,traces/main_annulus_000_2026191200_tour.json,14735.413247719876,0.09931658300047275,True
True,1.0,12,True,continuous_cell,,320.98791438680166,3851.85497264162,True,0,320.98791438680166,3851.85497264162,0,12,188,0,12,181,adaptive,annulus,2026191200,main,ok,60.0,940.0,181.0,2670.8549726416213,0.0,traces/main_annulus_000_2026191200_adaptive.json,13354.274863208106,0.1878204589993402,True
True,1.0,12,True,continuous_cell,,282.36928230401537,3388.4313876481847,True,0,270.57177888116155,3246.8613465739386,2,12,167,0,12,156,joint,annulus,2026191200,main,ok,66.0,835.0,156.0,2331.4313876481847,141.5700410742461,traces/main_annulus_000_2026191200_joint.json,11657.156938240923,0.5035987910014228,True
True,1.0,12,,field,,432.8804495838186,5194.565395005823,True,1,294.4101958422146,3532.9223501065753,0,12,209,0,12,201,field,annulus,2026191297,main,ok,60.0,1045.0,201.0,3888.56539500582,1661.6430448992478,traces/main_annulus_001_2026191297_field.json,19442.8269750291,0.03911983299985877,True
True,0.9166666666666666,11,,sweep,,456.8334747558505,5025.168222314355,False,1,439.3872807108561,4833.260087819417,0,11,188,0,12,182,sweep,annulus,2026191297,main,ok,55.0,940.0,182.0,3848.168222314357,191.90813449493817,traces/main_annulus_001_2026191297_sweep.json,19240.841111571786,0.02990387500176439,True
True,1.0,12,True,tour,,408.2003786907847,4898.404544289417,True,1,408.2003786907847,4898.404544289417,7,12,223,0,12,219,tour,annulus,2026191297,main,ok,81.0,1115.0,219.0,3483.4045442894158,0.0,traces/main_annulus_001_2026191297_tour.json,17417.02272144708,0.18579033299829462,True
True,1.0,12,True,continuous_cell,,286.7166477729479,3440.599773275375,True,1,286.7166477729479,3440.599773275375,0,12,168,0,12,163,adaptive,annulus,2026191297,main,ok,60.0,840.0,163.0,2377.599773275375,0.0,traces/main_annulus_001_2026191297_adaptive.json,11887.998866376875,0.14061087500158465,True
True,1.0,12,True,continuous_cell,,291.45134294621124,3497.416115354535,True,1,291.45134294621124,3497.416115354535,3,12,176,0,12,167,joint,annulus,2026191297,main,ok,69.0,880.0,167.0,2381.4161153545347,0.0,traces/main_annulus_001_2026191297_joint.json,11907.080576772674,0.43250908399932086,True
True,1.0,12,,field,,418.3930053207041,5020.716063848449,True,2,330.65384636607354,3967.8461563928827,0,12,208,0,12,193,field,annulus,2026191394,main,ok,60.0,1040.0,193.0,3727.7160638484447,1052.8699074555666,traces/main_annulus_002_2026191394_field.json,18638.580319242225,0.04259012500187964,True
True,1.0,12,,sweep,,370.5050293882141,4446.060352658569,True,2,370.5050293882141,4446.060352658569,0,12,169,0,12,162,sweep,annulus,2026191394,main,ok,60.0,845.0,162.0,3379.0603526585683,0.0,traces/main_annulus_002_2026191394_sweep.json,16895.301763292842,0.050259624997124774,True
True,1.0,12,True,tour,,396.69045695262383,4760.285483431486,True,2,396.69045695262383,4760.285483431486,8,12,204,0,12,201,tour,annulus,2026191394,main,ok,84.0,1020.0,201.0,3455.285483431485,0.0,traces/main_annulus_002_2026191394_tour.json,17276.427417157425,0.1336444999978994,True
True,1.0,12,True,continuous_cell,,275.67424690407785,3308.0909628489344,True,2,275.67424690407785,3308.0909628489344,1,12,167,0,12,162,adaptive,annulus,2026191394,main,ok,63.0,835.0,162.0,2248.0909628489358,0.0,traces/main_annulus_002_2026191394_adaptive.json,11240.454814244678,0.2197328340007516,True
True,1.0,12,True,continuous_cell,,270.57866223384934,3246.943946806192,True,2,263.33430503723895,3160.0116604468676,2,12,148,0,12,134,joint,annulus,2026191394,main,ok,66.0,740.0,134.0,2306.943946806193,86.93228635932428,traces/main_annulus_002_2026191394_joint.json,11534.719734030965,0.45746504199996707,True
True,1.0,12,,field,,422.66463367455054,5071.975604094607,True,3,287.4737621537436,3449.685145844923,0,12,210,0,12,203,field,annulus,2026191491,main,ok,60.0,1050.0,203.0,3758.9756040946036,1622.2904582496835,traces/main_annulus_003_2026191491_field.json,18794.878020473017,0.047123499996814644,True
True,1.0,12,,sweep,,322.73673892853304,3872.8408671423963,True,3,322.73673892853304,3872.8408671423963,0,12,169,0,12,168,sweep,annulus,2026191491,main,ok,60.0,845.0,168.0,2799.8408671423967,0.0,traces/main_annulus_003_2026191491_sweep.json,13999.204335711984,0.0336676670012821,True
True,1.0,12,True,tour,,343.26190041098806,4119.1428049318565,True,3,343.26190041098806,4119.1428049318565,10,12,226,0,12,225,tour,annulus,2026191491,main,ok,90.0,1130.0,225.0,2674.1428049318542,0.0,traces/main_annulus_003_2026191491_tour.json,13370.714024659272,0.16303154199704295,True
True,1.0,12,True,continuous_cell,,247.65697864975212,2971.8837437970255,True,3,203.36076124178513,2440.3291349014216,0,12,150,0,12,146,adaptive,annulus,2026191491,main,ok,60.0,750.0,146.0,2015.8837437970246,531.5546088956039,traces/main_annulus_003_2026191491_adaptive.json,10079.418718985124,0.1525912500001141,True
True,1.0,12,True,continuous_cell,,246.62902203156065,2959.5482643787277,True,3,199.2921046499799,2391.5052557997587,3,12,136,0,12,130,joint,annulus,2026191491,main,ok,69.0,680.0,130.0,2080.5482643787277,568.043008578969,traces/main_annulus_003_2026191491_joint.json,10402.741321893638,0.6657899580022786,True
True,1.0,12,,field,,407.203752403471,4886.445028841652,True,4,286.80696533389084,3441.68358400669,0,12,198,0,12,188,field,annulus,2026191588,main,ok,60.0,990.0,188.0,3648.4450288416483,1444.7614448349618,traces/main_annulus_004_2026191588_field.json,18242.22514420824,0.04017633400144405,True
True,1.0,12,,sweep,,366.43007881040256,4397.1609457248305,True,4,366.43007881040256,4397.1609457248305,0,12,156,0,12,153,sweep,annulus,2026191588,main,ok,60.0,780.0,153.0,3404.1609457248314,0.0,traces/main_annulus_004_2026191588_sweep.json,17020.804728624156,0.045089540999470046,True
True,1.0,12,True,tour,,360.2401341686055,4322.881610023266,True,4,360.2401341686055,4322.881610023266,5,12,217,0,12,215,tour,annulus,2026191588,main,ok,75.0,1085.0,215.0,2947.8816100232666,0.0,traces/main_annulus_004_2026191588_tour.json,14739.408050116333,0.1340700000000652,True
True,1.0,12,True,continuous_cell,,335.1379128380605,4021.654954056726,True,4,335.1379128380605,4021.654954056726,2,12,146,0,12,141,adaptive,annulus,2026191588,main,ok,66.0,730.0,141.0,3084.6549540567257,0.0,traces/main_annulus_004_2026191588_adaptive.json,15423.27477028363,0.16328249999787658,True
True,1.0,12,True,continuous_cell,,272.8478308809028,3274.1739705708337,True,4,272.8478308809028,3274.1739705708337,1,12,130,0,12,121,joint,annulus,2026191588,main,ok,63.0,650.0,121.0,2440.1739705708337,0.0,traces/main_annulus_004_2026191588_joint.json,12200.869852854168,0.45789916700232425,True
True,1.0,12,,field,,395.5969311936595,4747.163174323914,True,5,243.81325968260674,2925.759116191281,0,12,202,0,12,194,field,annulus,2026191685,main,ok,60.0,1010.0,194.0,3483.1631743239136,1821.404058132633,traces/main_annulus_005_2026191685_field.json,17415.81587161957,0.03684012500161771,True
True,1.0,12,,sweep,,335.86373537677053,4030.364824521246,True,5,335.86373537677053,4030.364824521246,0,12,156,0,12,155,sweep,annulus,2026191685,main,ok,60.0,780.0,155.0,3035.3648245212444,0.0,traces/main_annulus_005_2026191685_sweep.json,15176.824122606222,0.04400708300090628,True
True,1.0,12,True,tour,,358.8743950507701,4306.492740609241,True,5,339.27086448683576,4071.250373842029,5,12,220,0,12,218,tour,annulus,2026191685,main,ok,75.0,1100.0,218.0,2913.49274060924,235.24236676721193,traces/main_annulus_005_2026191685_tour.json,14567.463703046202,0.07605866700032493,True
True,1.0,12,True,continuous_cell,,305.13217837317376,3661.5861404780853,True,5,274.2804864938864,3291.3658379266362,2,12,177,0,12,168,adaptive,annulus,2026191685,main,ok,66.0,885.0,168.0,2542.586140478084,370.2203025514491,traces/main_annulus_005_2026191685_adaptive.json,12712.93070239042,0.17066179199900944,True
True,1.0,12,True,continuous_cell,,263.8516167281466,3166.2194007377593,True,5,243.90139947196465,2926.816793663576,1,12,148,0,12,138,joint,annulus,2026191685,main,ok,63.0,740.0,138.0,2225.219400737759,239.40260707418338,traces/main_annulus_005_2026191685_joint.json,11126.097003688794,0.4646950420028588,True
True,1.0,12,,field,,410.85788629347127,4930.294635521655,True,6,312.9230748874977,3755.0768986499725,0,12,212,0,12,204,field,annulus,2026191782,main,ok,60.0,1060.0,204.0,3606.2946355216527,1175.217736871683,traces/main_annulus_006_2026191782_field.json,18031.473177608263,0.03487887499795761,True
True,1.0,12,,sweep,,324.5359122180587,3894.430946616704,True,6,324.5359122180587,3894.430946616704,1,12,152,0,12,150,sweep,annulus,2026191782,main,ok,63.0,760.0,150.0,2921.430946616705,0.0,traces/main_annulus_006_2026191782_sweep.json,14607.154733083526,0.050131459000112955,True
True,1.0,12,True,tour,,352.0970964874684,4225.16515784962,True,6,352.0970964874684,4225.16515784962,9,12,223,0,12,221,tour,annulus,2026191782,main,ok,87.0,1115.0,221.0,2802.1651578496176,0.0,traces/main_annulus_006_2026191782_tour.json,14010.825789248089,0.21632637500079,True
True,1.0,12,True,continuous_cell,,295.6542037550743,3547.8504450608916,True,6,295.6542037550743,3547.8504450608916,1,12,194,0,12,190,adaptive,annulus,2026191782,main,ok,63.0,970.0,190.0,2324.8504450608916,0.0,traces/main_annulus_006_2026191782_adaptive.json,11624.252225304457,0.2402715829994122,True
True,1.0,12,True,continuous_cell,,258.87884728834024,3106.546167460083,True,6,258.87884728834024,3106.546167460083,1,12,134,0,12,127,joint,annulus,2026191782,main,ok,63.0,670.0,127.0,2246.5461674600824,0.0,traces/main_annulus_006_2026191782_joint.json,11232.730837300413,0.4380036660004407,True
True,1.0,12,,field,,393.21610032272264,4718.593203872671,True,7,304.2482739956661,3650.9792879479933,2,12,215,0,12,209,field,annulus,2026191879,main,ok,66.0,1075.0,209.0,3368.5932038726705,1067.6139159246782,traces/main_annulus_007_2026191879_field.json,16842.966019363354,0.035891667001124006,True
True,0.8333333333333334,10,,sweep,,520.3357949711219,5203.35794971122,False,7,484.9422614530657,4849.4226145306575,0,10,193,0,12,190,sweep,annulus,2026191879,main,ok,50.0,965.0,190.0,3998.3579497112223,353.9353351805621,traces/main_annulus_007_2026191879_sweep.json,19991.78974855611,0.03539579099742696,True
True,1.0,12,True,tour,,342.2626127584529,4107.151353101435,True,7,342.2626127584529,4107.151353101435,7,12,211,0,12,209,tour,annulus,2026191879,main,ok,81.0,1055.0,209.0,2762.1513531014352,0.0,traces/main_annulus_007_2026191879_tour.json,13810.756765507176,0.14224749999993946,True
True,1.0,12,True,continuous_cell,,275.63379325483027,3307.605519057963,True,7,270.09235817389964,3241.1082980867955,0,12,172,0,12,170,adaptive,annulus,2026191879,main,ok,60.0,860.0,170.0,2217.6055190579636,66.49722097116774,traces/main_annulus_007_2026191879_adaptive.json,11088.02759528982,0.1879884170011792,True
True,1.0,12,True,continuous_cell,,251.99859147118832,3023.98309765426,True,7,247.99859147118832,2975.98309765426,0,12,155,0,12,149,joint,annulus,2026191879,main,ok,60.0,775.0,149.0,2039.9830976542605,48.0,traces/main_annulus_007_2026191879_joint.json,10199.915488271303,0.3582014170024195,True
True,1.0,12,,field,,369.6657174173027,4435.9886090076325,True,8,247.8354421506782,2974.0253058081385,0,12,194,0,12,190,field,annulus,2026191976,main,ok,60.0,970.0,190.0,3215.9886090076334,1461.963303199494,traces/main_annulus_008_2026191976_field.json,16079.943045038166,0.03563774999929592,True
True,1.0,12,,sweep,,364.437482498439,4373.249789981268,True,8,364.437482498439,4373.249789981268,0,12,166,0,12,163,sweep,annulus,2026191976,main,ok,60.0,830.0,163.0,3320.2497899812683,0.0,traces/main_annulus_008_2026191976_sweep.json,16601.24894990634,0.03797345800194307,True
True,1.0,12,True,tour,,354.1582668221779,4249.899201866135,True,8,354.1582668221779,4249.899201866135,5,12,217,0,12,215,tour,annulus,2026191976,main,ok,75.0,1085.0,215.0,2874.8992018661347,0.0,traces/main_annulus_008_2026191976_tour.json,14374.496009330673,0.17375058399920817,True
True,1.0,12,True,continuous_cell,,306.5141084753873,3678.1693017046473,True,8,281.35349101192077,3376.2418921430494,0,12,183,0,12,174,adaptive,annulus,2026191976,main,ok,60.0,915.0,174.0,2529.1693017046473,301.92740956159787,traces/main_annulus_008_2026191976_adaptive.json,12645.846508523236,0.1893649590019777,True
True,1.0,12,True,continuous_cell,,264.30358669628737,3171.6430403554486,True,8,260.30358669628737,3123.6430403554486,2,12,145,0,12,139,joint,annulus,2026191976,main,ok,66.0,725.0,139.0,2241.6430403554486,48.0,traces/main_annulus_008_2026191976_joint.json,11208.215201777242,0.4978540830015845,True
True,1.0,12,,field,,501.0698891581167,6012.838669897401,True,9,366.9615968887174,4403.539162664609,0,12,187,0,12,176,field,annulus,2026192073,main,ok,60.0,935.0,176.0,4841.838669897394,1609.2995072327922,traces/main_annulus_009_2026192073_field.json,24209.193349486966,0.033278667000558926,True
True,1.0,12,,sweep,,375.45438811393757,4505.452657367251,True,9,375.45438811393757,4505.452657367251,0,12,158,0,12,156,sweep,annulus,2026192073,main,ok,60.0,790.0,156.0,3499.4526573672506,0.0,traces/main_annulus_009_2026192073_sweep.json,17497.263286836253,0.04443087499748799,True
True,1.0,12,True,tour,,354.2424049851231,4250.908859821477,True,9,354.2424049851231,4250.908859821477,4,12,204,0,12,202,tour,annulus,2026192073,main,ok,72.0,1020.0,202.0,2956.908859821476,0.0,traces/main_annulus_009_2026192073_tour.json,14784.544299107381,0.10923929100317764,True
True,1.0,12,True,continuous_cell,,296.019807115476,3552.237685385712,True,9,296.019807115476,3552.237685385712,0,12,149,0,12,138,adaptive,annulus,2026192073,main,ok,60.0,745.0,138.0,2609.2376853857127,0.0,traces/main_annulus_009_2026192073_adaptive.json,13046.188426928564,0.19993312500082538,True
True,1.0,12,True,continuous_cell,,287.5902516831955,3451.0830201983463,True,9,287.5902516831955,3451.0830201983463,4,12,132,0,12,121,joint,annulus,2026192073,main,ok,72.0,660.0,121.0,2598.0830201983463,0.0,traces/main_annulus_009_2026192073_joint.json,12990.415100991731,0.51208937499905,True
True,1.0,12,,field,,391.3658768599942,4696.390522319931,True,10,262.7292447424912,3152.7509369098943,0,12,202,0,12,194,field,annulus,2026192170,main,ok,60.0,1010.0,194.0,3432.39052231993,1543.6395854100365,traces/main_annulus_010_2026192170_field.json,17161.95261159965,0.04162358299799962,True
True,1.0,12,,sweep,,374.6047830512582,4495.2573966150985,True,10,374.6047830512582,4495.2573966150985,0,12,177,0,12,174,sweep,annulus,2026192170,main,ok,60.0,885.0,174.0,3376.2573966150985,0.0,traces/main_annulus_010_2026192170_sweep.json,16881.286983075493,0.03958124999917345,True
True,1.0,12,True,tour,,415.3104016152885,4983.724819383462,True,10,396.964464027921,4763.573568335052,11,12,211,0,12,208,tour,annulus,2026192170,main,ok,93.0,1055.0,208.0,3627.7248193834594,220.1512510484099,traces/main_annulus_010_2026192170_tour.json,18138.624096917298,0.12672575000033248,True
True,1.0,12,True,continuous_cell,,287.33666867243625,3448.040024069235,True,10,278.530577559097,3342.366930709164,2,12,174,0,12,166,adaptive,annulus,2026192170,main,ok,66.0,870.0,166.0,2346.0400240692356,105.6730933600711,traces/main_annulus_010_2026192170_adaptive.json,11730.200120346179,0.17051970799730043,True
True,1.0,12,True,continuous_cell,,274.2128825624702,3290.5545907496426,True,10,274.2128825624702,3290.5545907496426,0,12,153,0,12,141,joint,annulus,2026192170,main,ok,60.0,765.0,141.0,2324.554590749642,0.0,traces/main_annulus_010_2026192170_joint.json,11622.77295374821,0.44974570799968205,True
True,0.9166666666666666,11,,field,,423.27699034605575,4656.046893806613,False,11,275.59585046847775,3031.554355153255,0,11,199,0,12,190,field,annulus,2026192267,main,ok,55.0,995.0,190.0,3416.0468938066124,1624.4925386533582,traces/main_annulus_011_2026192267_field.json,17080.23446903306,0.039610291001736186,True
True,1.0,12,,sweep,,350.42247929694196,4205.069751563304,True,11,350.42247929694196,4205.069751563304,0,12,134,0,12,133,sweep,annulus,2026192267,main,ok,60.0,670.0,133.0,3342.0697515633046,0.0,traces/main_annulus_011_2026192267_sweep.json,16710.348757816522,0.04489516600006027,True
True,1.0,12,True,tour,,341.5063909041189,4098.076690849427,True,11,341.5063909041189,4098.076690849427,2,12,220,0,12,218,tour,annulus,2026192267,main,ok,66.0,1100.0,218.0,2714.0766908494275,0.0,traces/main_annulus_011_2026192267_tour.json,13570.383454247138,0.10600491600052919,True
True,1.0,12,True,continuous_cell,,314.29654733616684,3771.558568034002,True,11,314.29654733616684,3771.558568034002,0,12,152,0,12,150,adaptive,annulus,2026192267,main,ok,60.0,760.0,150.0,2801.558568034002,0.0,traces/main_annulus_011_2026192267_adaptive.json,14007.79284017001,0.14243095900019398,True
True,1.0,12,True,continuous_cell,,276.7052993479354,3320.463592175225,True,11,276.7052993479354,3320.463592175225,0,12,164,0,12,158,joint,annulus,2026192267,main,ok,60.0,820.0,158.0,2282.463592175224,0.0,traces/main_annulus_011_2026192267_joint.json,11412.317960876122,0.43028208399846335,True
True,1.0,12,,field,,421.42627882831795,5057.115345939816,True,12,345.10619035689837,4141.27428428278,0,12,194,0,12,179,field,annulus,2026192364,main,ok,60.0,970.0,179.0,3848.115345939811,915.8410616570354,traces/main_annulus_012_2026192364_field.json,19240.576729699056,0.036669875000370666,True
True,0.9166666666666666,11,,sweep,,440.2401411445684,4842.641552590252,False,12,440.2401411445684,4842.641552590252,0,11,125,0,12,116,sweep,annulus,2026192364,main,ok,55.0,625.0,116.0,4046.641552590251,0.0,traces/main_annulus_012_2026192364_sweep.json,20233.207762951257,0.03232324999771663,True
True,1.0,12,True,tour,,373.98105742589036,4487.772689110684,True,12,373.98105742589036,4487.772689110684,7,12,195,0,12,191,tour,annulus,2026192364,main,ok,81.0,975.0,191.0,3240.772689110684,0.0,traces/main_annulus_012_2026192364_tour.json,16203.863445553421,0.13806499999918742,True
True,1.0,12,True,continuous_cell,,348.523877228989,4182.286526747868,True,12,348.523877228989,4182.286526747868,1,12,200,0,12,195,adaptive,annulus,2026192364,main,ok,63.0,1000.0,195.0,2924.2865267478683,0.0,traces/main_annulus_012_2026192364_adaptive.json,14621.432633739341,0.2505561670004681,True
True,1.0,12,True,continuous_cell,,263.95256860298565,3167.4308232358276,True,12,254.39490317516962,3052.7388381020355,1,12,141,0,12,134,joint,annulus,2026192364,main,ok,63.0,705.0,134.0,2265.4308232358267,114.69198513379206,traces/main_annulus_012_2026192364_joint.json,11327.154116179134,0.3618127919980907,True
True,1.0,12,,field,,406.51901068550916,4878.22812822611,True,13,286.0427065266796,3432.512478320155,0,12,200,0,12,192,field,annulus,2026192461,main,ok,60.0,1000.0,192.0,3626.2281282261088,1445.7156499059552,traces/main_annulus_013_2026192461_field.json,18131.140641130543,0.03502462500182446,True
True,1.0,12,,sweep,,329.19894344674685,3950.3873213609622,True,13,329.19894344674685,3950.3873213609622,0,12,144,0,12,143,sweep,annulus,2026192461,main,ok,60.0,720.0,143.0,3027.387321360963,0.0,traces/main_annulus_013_2026192461_sweep.json,15136.936606804815,0.047870166003121994,True
True,1.0,12,True,tour,,394.6276630000197,4735.531956000236,True,13,394.6276630000197,4735.531956000236,7,12,188,0,12,184,tour,annulus,2026192461,main,ok,81.0,940.0,184.0,3530.5319560002354,0.0,traces/main_annulus_013_2026192461_tour.json,17652.659780001177,0.10893558400130132,True
True,1.0,12,True,continuous_cell,,278.3872877680441,3340.647453216529,True,13,278.3872877680441,3340.647453216529,1,12,167,0,12,164,adaptive,annulus,2026192461,main,ok,63.0,835.0,164.0,2278.6474532165294,0.0,traces/main_annulus_013_2026192461_adaptive.json,11393.237266082648,0.23589875000106986,True
True,1.0,12,True,continuous_cell,,246.50127152826175,2958.015258339141,True,13,246.50127152826175,2958.015258339141,1,12,133,0,12,127,joint,annulus,2026192461,main,ok,63.0,665.0,127.0,2103.0152583391405,0.0,traces/main_annulus_013_2026192461_joint.json,10515.076291695703,0.5361134580016369,True
True,1.0,12,,field,,394.47483428755476,4733.698011450657,True,14,287.36457252245833,3448.3748702694998,0,12,206,0,12,196,field,annulus,2026192558,main,ok,60.0,1030.0,196.0,3447.6980114506537,1285.323141181157,traces/main_annulus_014_2026192558_field.json,17238.490057253268,0.041555708998203045,True
True,0.9166666666666666,11,,sweep,,371.4621153102846,4086.0832684131306,False,14,371.4621153102846,4086.0832684131306,0,11,154,0,12,152,sweep,annulus,2026192558,main,ok,55.0,770.0,152.0,3109.083268413131,0.0,traces/main_annulus_014_2026192558_sweep.json,15545.416342065655,0.028245124998647952,True
True,1.0,12,True,tour,,382.5449809736047,4590.539771683257,True,14,382.5449809736047,4590.539771683257,1,12,227,0,12,226,tour,annulus,2026192558,main,ok,63.0,1135.0,226.0,3166.5397716832576,0.0,traces/main_annulus_014_2026192558_tour.json,15832.698858416288,0.08549779199893237,True
True,1.0,12,True,continuous_cell,,320.6950519212281,3848.3406230547375,True,14,320.6950519212281,3848.3406230547375,2,12,159,0,12,152,adaptive,annulus,2026192558,main,ok,66.0,795.0,152.0,2835.340623054737,0.0,traces/main_annulus_014_2026192558_adaptive.json,14176.703115273685,0.1643202499981271,True
True,1.0,12,True,continuous_cell,,282.56066089945335,3390.7279307934405,True,14,272.87608094056696,3274.5129712868033,2,12,150,0,12,143,joint,annulus,2026192558,main,ok,66.0,750.0,143.0,2431.7279307934405,116.21495950663711,traces/main_annulus_014_2026192558_joint.json,12158.639653967202,0.5669947499991395,True
True,1.0,12,,field,,420.18817353561553,5042.258082427386,True,15,325.99283971742784,3911.914076609134,0,12,227,0,12,217,field,annulus,2026192655,main,ok,60.0,1135.0,217.0,3630.2580824273828,1130.3440058182523,traces/main_annulus_015_2026192655_field.json,18151.290412136914,0.03373899999860441,True
True,1.0,12,,sweep,,422.1124553471108,5065.34946416533,True,15,422.1124553471108,5065.34946416533,0,12,179,0,12,174,sweep,annulus,2026192655,main,ok,60.0,895.0,174.0,3936.3494641653297,0.0,traces/main_annulus_015_2026192655_sweep.json,19681.74732082665,0.04218820900132414,True
True,1.0,12,True,tour,,385.7926197193733,4629.51143663248,True,15,385.7926197193733,4629.51143663248,3,12,218,0,12,216,tour,annulus,2026192655,main,ok,69.0,1090.0,216.0,3254.5114366324806,0.0,traces/main_annulus_015_2026192655_tour.json,16272.557183162404,0.08185608299754676,True
True,1.0,12,True,continuous_cell,,321.0497130575848,3852.596556691018,True,15,321.0497130575848,3852.596556691018,2,12,189,0,12,185,adaptive,annulus,2026192655,main,ok,66.0,945.0,185.0,2656.596556691018,0.0,traces/main_annulus_015_2026192655_adaptive.json,13282.98278345509,0.15889879200040014,True
True,1.0,12,True,continuous_cell,,315.846046448982,3790.1525573877843,True,15,315.846046448982,3790.1525573877843,2,12,167,0,12,155,joint,annulus,2026192655,main,ok,66.0,835.0,155.0,2734.1525573877843,0.0,traces/main_annulus_015_2026192655_joint.json,13670.762786938922,0.4883110000009765,True
True,1.0,12,,field,,418.7227982833386,5024.673579400063,True,16,311.9556376835484,3743.4676522025807,0,12,208,0,12,199,field,annulus,2026192752,main,ok,60.0,1040.0,199.0,3725.6735794000574,1281.2059271974827,traces/main_annulus_016_2026192752_field.json,18628.367897000287,0.03837920799924177,True
True,1.0,12,,sweep,,385.0791545263717,4620.949854316461,True,16,385.0791545263717,4620.949854316461,0,12,146,0,12,141,sweep,annulus,2026192752,main,ok,60.0,730.0,141.0,3689.949854316462,0.0,traces/main_annulus_016_2026192752_sweep.json,18449.74927158231,0.03918320799857611,True
True,1.0,12,True,tour,,369.3865143757517,4432.6381725090205,True,16,369.3865143757517,4432.6381725090205,9,12,179,0,12,178,tour,annulus,2026192752,main,ok,87.0,895.0,178.0,3272.6381725090205,0.0,traces/main_annulus_016_2026192752_tour.json,16363.190862545101,0.10472337499959394,True
True,1.0,12,True,continuous_cell,,293.9395128891197,3527.274154669437,True,16,293.9395128891197,3527.274154669437,1,12,184,0,12,183,adaptive,annulus,2026192752,main,ok,63.0,920.0,183.0,2361.2741546694374,0.0,traces/main_annulus_016_2026192752_adaptive.json,11806.370773347187,0.19192399999883492,True
True,1.0,12,True,continuous_cell,,271.5865500331008,3259.03860039721,True,16,266.52914405844706,3198.3497287013647,0,12,147,0,12,138,joint,annulus,2026192752,main,ok,60.0,735.0,138.0,2326.03860039721,60.68887169584514,traces/main_annulus_016_2026192752_joint.json,11630.19300198605,0.43431770900133415,True
True,1.0,12,,field,,449.64430014213985,5395.731601705678,True,17,315.08023536497177,3780.962824379661,4,12,220,0,12,211,field,annulus,2026192849,main,ok,72.0,1100.0,211.0,4012.7316017056737,1614.7687773260172,traces/main_annulus_017_2026192849_field.json,20063.658008528368,0.04461833400273463,True
True,1.0,12,,sweep,,324.8877096651776,3898.6525159821313,True,17,324.8877096651776,3898.6525159821313,0,12,132,0,12,131,sweep,annulus,2026192849,main,ok,60.0,660.0,131.0,3047.6525159821317,0.0,traces/main_annulus_017_2026192849_sweep.json,15238.262579910659,0.047713042000395944,True
True,1.0,12,True,tour,,333.0557476779152,3996.668972134982,True,17,333.0557476779152,3996.668972134982,14,12,200,0,12,198,tour,annulus,2026192849,main,ok,102.0,1000.0,198.0,2696.6689721349803,0.0,traces/main_annulus_017_2026192849_tour.json,13483.3448606749,0.09247454100113828,True
True,1.0,12,True,continuous_cell,,268.7200093796498,3224.6401125557977,True,17,260.14662394750763,3121.7594873700914,1,12,201,0,12,198,adaptive,annulus,2026192849,main,ok,63.0,1005.0,198.0,1958.6401125557975,102.88062518570632,traces/main_annulus_017_2026192849_adaptive.json,9793.200562778988,0.25441158399917185,True
True,1.0,12,True,continuous_cell,,241.48815230306252,2897.8578276367502,True,17,237.48815230306252,2849.8578276367502,3,12,130,0,12,118,joint,annulus,2026192849,main,ok,69.0,650.0,118.0,2060.8578276367502,48.0,traces/main_annulus_017_2026192849_joint.json,10304.28913818375,0.4710404999968887,True
True,1.0,12,,field,,443.49299611901125,5321.915953428135,True,18,294.68324788736203,3536.1989746483446,1,12,195,0,12,188,field,annulus,2026192946,main,ok,63.0,975.0,188.0,4095.9159534281325,1785.7169787797907,traces/main_annulus_018_2026192946_field.json,20479.57976714066,0.038742625001759734,True
True,1.0,12,,sweep,,348.13105726847243,4177.572687221669,True,18,348.13105726847243,4177.572687221669,0,12,133,0,12,132,sweep,annulus,2026192946,main,ok,60.0,665.0,132.0,3320.572687221668,0.0,traces/main_annulus_018_2026192946_sweep.json,16602.86343610834,0.040356916997552617,True
True,1.0,12,True,tour,,362.91114027336215,4354.933683280346,True,18,362.91114027336215,4354.933683280346,3,12,226,0,12,225,tour,annulus,2026192946,main,ok,69.0,1130.0,225.0,2930.933683280346,0.0,traces/main_annulus_018_2026192946_tour.json,14654.66841640173,0.11096850000103586,True
True,1.0,12,True,continuous_cell,,328.122717546009,3937.4726105521086,True,18,328.122717546009,3937.4726105521086,0,12,189,0,12,187,adaptive,annulus,2026192946,main,ok,60.0,945.0,187.0,2745.4726105521086,0.0,traces/main_annulus_018_2026192946_adaptive.json,13727.363052760542,0.26671887499833247,True
True,1.0,12,True,continuous_cell,,239.24744738643957,2870.969368637275,True,18,239.24744738643957,2870.969368637275,1,12,119,0,12,112,joint,annulus,2026192946,main,ok,63.0,595.0,112.0,2100.9693686372757,0.0,traces/main_annulus_018_2026192946_joint.json,10504.846843186378,0.4440513750014361,True
True,1.0,12,,field,,402.2041934177998,4826.450321013597,True,19,303.1783688537634,3638.1404262451606,3,12,219,0,12,213,field,annulus,2026193043,main,ok,69.0,1095.0,213.0,3449.4503210135954,1188.3098947684366,traces/main_annulus_019_2026193043_field.json,17247.251605067977,0.03860174999863375,True
True,0.9166666666666666,11,,sweep,,417.6829247860556,4594.512172646611,False,19,348.4620939696627,3833.08303366629,1,11,183,0,12,181,sweep,annulus,2026193043,main,ok,58.0,915.0,181.0,3440.5121726466086,761.4291389803216,traces/main_annulus_019_2026193043_sweep.json,17202.560863233044,0.03892804200222599,True
True,1.0,12,True,tour,,312.8025685192703,3753.6308222312437,True,19,312.8025685192703,3753.6308222312437,12,12,195,0,12,194,tour,annulus,2026193043,main,ok,96.0,975.0,194.0,2488.6308222312423,0.0,traces/main_annulus_019_2026193043_tour.json,12443.154111156211,0.07380266700056382,True
True,1.0,12,True,continuous_cell,,291.6844562008185,3500.213474409822,True,19,291.6844562008185,3500.213474409822,3,12,147,0,12,141,adaptive,annulus,2026193043,main,ok,69.0,735.0,141.0,2555.213474409822,0.0,traces/main_annulus_019_2026193043_adaptive.json,12776.06737204911,0.1893188750000263,True
True,1.0,12,True,continuous_cell,,257.1148317923777,3085.3779815085322,True,19,257.1148317923777,3085.3779815085322,2,12,137,0,12,127,joint,annulus,2026193043,main,ok,66.0,685.0,127.0,2207.377981508532,0.0,traces/main_annulus_019_2026193043_joint.json,11036.88990754266,0.4531293750005716,True
True,1.0,12,,field,,354.1304115571972,4249.564938686366,True,0,53.40426252724975,640.851150326997,0,12,172,0,12,171,field,center,2026291200,main,ok,60.0,860.0,171.0,3158.564938686367,3608.713788359369,traces/main_center_000_2026291200_field.json,15792.824693431836,0.03905720799957635,True
True,1.0,12,,sweep,,221.4238534420272,2657.0862413043264,True,0,221.4238534420272,2657.0862413043264,1,12,117,0,12,116,sweep,center,2026291200,main,ok,63.0,585.0,116.0,1893.0862413043255,0.0,traces/main_center_000_2026291200_sweep.json,9465.431206521627,0.059072208001452964,True
True,1.0,12,True,tour,,199.06441132628106,2388.7729359153727,True,0,95.13779894811569,1141.6535873773882,6,12,101,0,12,100,tour,center,2026291200,main,ok,78.0,505.0,100.0,1705.7729359153727,1247.1193485379845,traces/main_center_000_2026291200_tour.json,8528.864679576864,0.08164791599847376,True
True,1.0,12,True,continuous_cell,,214.58162379931184,2574.979485591742,True,0,50.31163513479287,603.7396216175144,0,12,149,0,12,148,adaptive,center,2026291200,main,ok,60.0,745.0,148.0,1621.9794855917412,1971.2398639742278,traces/main_center_000_2026291200_adaptive.json,8109.897427958706,0.16724437500306522,True
True,1.0,12,True,continuous_cell,,181.42267175867676,2177.072061104121,True,0,47.80849802730986,573.7019763277183,0,12,96,0,12,95,joint,center,2026291200,main,ok,60.0,480.0,95.0,1542.072061104121,1603.3700847764028,traces/main_center_000_2026291200_joint.json,7710.360305520606,0.7741587500022433,True
True,1.0,12,,field,,360.03038984469214,4320.364678136306,True,1,53.80429035964446,645.6514843157336,0,12,170,0,12,169,field,center,2026291297,main,ok,60.0,850.0,169.0,3241.364678136307,3674.713193820572,traces/main_center_001_2026291297_field.json,16206.823390681533,0.035764290998486103,True
True,1.0,12,,sweep,,216.1511582820864,2593.813899385037,True,1,216.1511582820864,2593.813899385037,0,12,121,0,12,120,sweep,center,2026291297,main,ok,60.0,605.0,120.0,1808.8138993850382,0.0,traces/main_center_001_2026291297_sweep.json,9044.06949692519,0.052610041999287205,True
True,1.0,12,True,tour,,227.3452297742955,2728.142757291546,True,1,157.4015060279461,1888.8180723353535,11,12,98,0,12,96,tour,center,2026291297,main,ok,93.0,490.0,96.0,2049.1427572915463,839.3246849561924,traces/main_center_001_2026291297_tour.json,10245.71378645773,0.13095041699853027,True
True,1.0,12,True,continuous_cell,,210.33998917066245,2524.0798700479495,True,1,52.976074717437164,635.712896609246,0,12,140,0,12,139,adaptive,center,2026291297,main,ok,60.0,700.0,139.0,1625.0798700479486,1888.3669734387036,traces/main_center_001_2026291297_adaptive.json,8125.399350239743,0.14492358400093508,True
True,1.0,12,True,continuous_cell,,187.44637501261502,2249.3565001513803,True,1,50.476074717437164,605.712896609246,0,12,95,0,12,94,joint,center,2026291297,main,ok,60.0,475.0,94.0,1620.3565001513803,1643.6436035421343,traces/main_center_001_2026291297_joint.json,8101.782500756902,0.7430868329975056,True
True,1.0,12,,field,,349.66456427266286,4195.9747712719545,True,2,47.76512681282309,573.1815217538771,0,12,168,0,12,167,field,center,2026291394,main,ok,60.0,840.0,167.0,3128.9747712719554,3622.7932495180776,traces/main_center_002_2026291394_field.json,15644.873856359778,0.03375620799852186,True
True,1.0,12,,sweep,,199.665697162682,2395.988365952184,True,2,199.665697162682,2395.988365952184,0,12,103,0,12,102,sweep,center,2026291394,main,ok,60.0,515.0,102.0,1718.9883659521838,0.0,traces/main_center_002_2026291394_sweep.json,8594.941829760919,0.04262645799826714,True
True,1.0,12,True,tour,,192.76437022841517,2313.172442740982,True,2,73.48717284460277,881.8460741352332,5,12,98,0,12,97,tour,center,2026291394,main,ok,75.0,490.0,97.0,1651.172442740982,1431.326368605749,traces/main_center_002_2026291394_tour.json,8255.86221370491,0.06324300000051153,True
True,1.0,12,True,continuous_cell,,221.525405707264,2658.3048684871683,True,2,154.14502136063913,1849.7402563276696,1,12,150,0,12,147,adaptive,center,2026291394,main,ok,63.0,750.0,147.0,1698.3048684871678,808.5646121594987,traces/main_center_002_2026291394_adaptive.json,8491.52434243584,0.2026502500011702,True
True,1.0,12,True,continuous_cell,,197.621715699701,2371.4605883964123,True,2,60.916427740814015,730.9971328897682,1,12,106,0,12,103,joint,center,2026291394,main,ok,63.0,530.0,103.0,1675.4605883964127,1640.463455506644,traces/main_center_002_2026291394_joint.json,8377.302941982063,0.7595605839997006,True
True,1.0,12,,field,,358.1888243799208,4298.2658925590495,True,3,58.03153840184822,696.3784608221787,0,12,171,0,12,170,field,center,2026291491,main,ok,60.0,855.0,170.0,3213.2658925590513,3601.887431736871,traces/main_center_003_2026291491_field.json,16066.329462795256,0.040739707998000085,True
True,1.0,12,,sweep,,214.09528584515772,2569.1434301418926,True,3,214.09528584515772,2569.1434301418926,0,12,112,0,12,111,sweep,center,2026291491,main,ok,60.0,560.0,111.0,1838.1434301418928,0.0,traces/main_center_003_2026291491_sweep.json,9190.717150709464,0.05753612499756855,True
True,1.0,12,True,tour,,196.6011080882645,2359.2132970591742,True,3,95.79387048282514,1149.5264457939018,5,12,101,0,12,100,tour,center,2026291491,main,ok,75.0,505.0,100.0,1679.2132970591742,1209.6868512652725,traces/main_center_003_2026291491_tour.json,8396.06648529587,0.08649329199761269,True
True,1.0,12,True,continuous_cell,,208.41510587214657,2500.981270465759,True,3,53.749056240185574,644.9886748822269,1,12,142,0,12,141,adaptive,center,2026291491,main,ok,63.0,710.0,141.0,1586.9812704657586,1855.992595583532,traces/main_center_003_2026291491_adaptive.json,7934.906352328793,0.1707448339984694,True
True,1.0,12,True,continuous_cell,,183.24086988305666,2198.89043859668,True,3,50.566364877630036,606.7963785315604,1,12,97,0,12,96,joint,center,2026291491,main,ok,63.0,485.0,96.0,1554.8904385966798,1592.0940600651193,traces/main_center_003_2026291491_joint.json,7774.452192983399,0.9167079169965291,True
True,1.0,12,,field,,347.38899729026156,4168.667967483138,True,4,44.944392872361455,539.3327144683375,0,12,170,0,12,169,field,center,2026291588,main,ok,60.0,850.0,169.0,3089.6679674831403,3629.335253014801,traces/main_center_004_2026291588_field.json,15448.3398374157,0.0394603749991802,True
True,1.0,12,,sweep,,222.64762878357246,2671.7715454028694,True,4,222.64762878357246,2671.7715454028694,2,12,126,0,12,125,sweep,center,2026291588,main,ok,66.0,630.0,125.0,1850.7715454028707,0.0,traces/main_center_004_2026291588_sweep.json,9253.857727014354,0.05665516599765397,True
True,1.0,12,True,tour,,193.74421287492,2324.93055449904,True,4,91.61857404595611,1099.4228885514733,8,12,100,0,12,99,tour,center,2026291588,main,ok,84.0,500.0,99.0,1641.9305544990402,1225.507665947567,traces/main_center_004_2026291588_tour.json,8209.652772495201,0.0856145830002788,True
True,1.0,12,True,continuous_cell,,203.94604096997932,2447.352491639752,True,4,48.46418786464193,581.5702543757031,1,12,133,0,12,131,adaptive,center,2026291588,main,ok,63.0,665.0,131.0,1588.3524916397516,1865.7822372640487,traces/main_center_004_2026291588_adaptive.json,7941.762458198758,0.17178683399833972,True
True,1.0,12,True,continuous_cell,,180.95705491330534,2171.484658959664,True,4,45.686055904834205,548.2326708580105,1,12,97,0,12,96,joint,center,2026291588,main,ok,63.0,485.0,96.0,1527.484658959664,1623.2519881016538,traces/main_center_004_2026291588_joint.json,7637.423294798321,0.853158791000169,True
True,1.0,12,,field,,360.3463576994118,4324.156292392941,True,5,58.870633120067474,706.4475974408097,0,12,173,0,12,172,field,center,2026291685,main,ok,60.0,865.0,172.0,3227.1562923929428,3617.7086949521317,traces/main_center_005_2026291685_field.json,16135.781461964714,0.03985158299838076,True
True,1.0,12,,sweep,,230.65335362265145,2767.8402434718173,True,5,230.65335362265145,2767.8402434718173,0,12,129,0,12,127,sweep,center,2026291685,main,ok,60.0,645.0,127.0,1935.8402434718168,0.0,traces/main_center_005_2026291685_sweep.json,9679.201217359085,0.05699912499767379,True
True,1.0,12,True,tour,,228.03649731736934,2736.437967808432,True,5,127.61953418754513,1531.4344102505415,13,12,99,0,12,98,tour,center,2026291685,main,ok,99.0,495.0,98.0,2044.4379678084326,1205.0035575578904,traces/main_center_005_2026291685_tour.json,10222.189839042163,0.14144558300176868,True
True,1.0,12,True,continuous_cell,,236.04691630846892,2832.562995701627,True,5,70.16238114589866,841.948573750784,0,12,161,0,12,158,adaptive,center,2026291685,main,ok,60.0,805.0,158.0,1809.5629957016263,1990.6144219508433,traces/main_center_005_2026291685_adaptive.json,9047.814978508131,0.17916274999879533,True
True,1.0,12,True,continuous_cell,,202.24236602077852,2426.9083922493423,True,5,67.91238114589866,814.948573750784,1,12,100,0,12,97,joint,center,2026291685,main,ok,63.0,500.0,97.0,1766.9083922493421,1611.9598184985584,traces/main_center_005_2026291685_joint.json,8834.54196124671,0.8934194169996772,True
True,1.0,12,,field,,352.47191069237607,4229.662928308513,True,6,50.20538073158182,602.4645687789819,0,12,170,0,12,169,field,center,2026291782,main,ok,60.0,850.0,169.0,3150.662928308514,3627.1983595295314,traces/main_center_006_2026291782_field.json,15753.314641542569,0.03686687500157859,True
True,1.0,12,,sweep,,221.42547172280584,2657.10566067367,True,6,221.42547172280584,2657.10566067367,0,12,107,0,12,106,sweep,center,2026291782,main,ok,60.0,535.0,106.0,1956.1056606736693,0.0,traces/main_center_006_2026291782_sweep.json,9780.528303368346,0.05235954199815751,True
True,1.0,12,False,tour,,246.96093846247834,2963.53126154974,True,6,144.31186315562894,1731.7423578675473,6,12,107,0,12,105,tour,center,2026291782,main,ok,78.0,535.0,105.0,2245.5312615497414,1231.7889036821928,traces/main_center_006_2026291782_tour.json,11227.656307748706,0.20543404199997894,True
True,1.0,12,True,continuous_cell,,214.3314346067818,2571.9772152813816,True,6,54.73249801469557,656.7899761763468,1,12,150,0,12,147,adaptive,center,2026291782,main,ok,63.0,750.0,147.0,1611.9772152813816,1915.1872391050347,traces/main_center_006_2026291782_adaptive.json,8059.886076406908,0.17064054100046633,True
True,1.0,12,True,continuous_cell,,187.58347430058674,2251.001691607041,True,6,53.73249801469558,644.789976176347,3,12,99,0,12,96,joint,center,2026291782,main,ok,69.0,495.0,96.0,1591.0016916070408,1606.2117154306939,traces/main_center_006_2026291782_joint.json,7955.008458035204,0.815094333000161,True
True,1.0,12,,field,,354.06488561638497,4248.778627396619,True,7,52.783878699551565,633.4065443946188,0,12,172,0,12,171,field,center,2026291879,main,ok,60.0,860.0,171.0,3157.7786273966203,3615.3720830020006,traces/main_center_007_2026291879_field.json,15788.8931369831,0.04404933300247649,True
True,1.0,12,,sweep,,234.47330574310513,2813.6796689172616,True,7,234.47330574310513,2813.6796689172616,2,12,120,0,12,117,sweep,center,2026291879,main,ok,66.0,600.0,117.0,2030.6796689172613,0.0,traces/main_center_007_2026291879_sweep.json,10153.398344586307,0.05808100000285776,True
True,1.0,12,True,tour,,203.41410268488016,2440.969232218562,True,7,118.18119597339854,1418.1743516807826,10,12,101,0,12,100,tour,center,2026291879,main,ok,90.0,505.0,100.0,1745.9692322185626,1022.7948805377794,traces/main_center_007_2026291879_tour.json,8729.846161092813,0.0899844999985362,True
True,1.0,12,True,continuous_cell,,203.21950575983988,2438.6340691180785,True,7,49.16955817196143,590.0346980635371,0,12,133,0,12,132,adaptive,center,2026291879,main,ok,60.0,665.0,132.0,1581.634069118078,1848.5993710545413,traces/main_center_007_2026291879_adaptive.json,7908.17034559039,0.1763708750004298,True
True,1.0,12,True,continuous_cell,,179.93049859402836,2159.1659831283405,True,7,46.03192833391477,552.3831400069772,0,12,96,0,12,95,joint,center,2026291879,main,ok,60.0,480.0,95.0,1524.1659831283407,1606.7828431213634,traces/main_center_007_2026291879_joint.json,7620.829915641703,1.0022959589987295,True
True,1.0,12,,field,,361.8683832463965,4342.420598956758,True,8,61.35900506863377,736.3080608236053,0,12,172,0,12,171,field,center,2026291976,main,ok,60.0,860.0,171.0,3251.4205989567586,3606.112538133153,traces/main_center_008_2026291976_field.json,16257.102994783792,0.038686625000991626,True
True,1.0,12,,sweep,,221.0395388909318,2652.4744666911815,True,8,221.0395388909318,2652.4744666911815,0,12,118,0,12,116,sweep,center,2026291976,main,ok,60.0,590.0,116.0,1886.4744666911822,0.0,traces/main_center_008_2026291976_sweep.json,9432.37233345591,0.05907887499779463,True
True,1.0,12,True,tour,,221.72939407668503,2660.7527289202203,True,8,116.95021013461961,1403.4025216154353,4,12,98,0,12,97,tour,center,2026291976,main,ok,72.0,490.0,97.0,2001.7527289202212,1257.350207304785,traces/main_center_008_2026291976_tour.json,10008.763644601106,0.11112149999826215,True
True,1.0,12,True,continuous_cell,,217.94083917990096,2615.2900701588114,True,8,64.49590244340824,773.950829320899,0,12,134,0,12,131,adaptive,center,2026291976,main,ok,60.0,670.0,131.0,1754.2900701588107,1841.3392408379125,traces/main_center_008_2026291976_adaptive.json,8771.450350794054,0.16808066700104973,True
True,1.0,12,True,continuous_cell,,195.87235122300876,2350.468214676105,True,8,62.57923577674158,750.950829320899,0,12,98,0,12,96,joint,center,2026291976,main,ok,60.0,490.0,96.0,1704.468214676105,1599.5173853552062,traces/main_center_008_2026291976_joint.json,8522.341073380525,0.916087041998253,True
True,1.0,12,,field,,357.0737101089062,4284.884521306874,True,9,53.32812431875354,639.9374918250425,0,12,172,0,12,171,field,center,2026292073,main,ok,60.0,860.0,171.0,3193.8845213068753,3644.947029481832,traces/main_center_009_2026292073_field.json,15969.422606534377,0.04099829099868657,True
True,1.0,12,,sweep,,211.99265802228794,2543.911896267455,True,9,211.99265802228794,2543.911896267455,0,12,110,0,12,109,sweep,center,2026292073,main,ok,60.0,550.0,109.0,1824.9118962674565,0.0,traces/main_center_009_2026292073_sweep.json,9124.559481337283,0.054374332998122554,True
True,1.0,12,True,tour,,198.3314844482478,2379.9778133789737,True,9,109.00694544062856,1308.0833452875427,6,12,100,0,12,99,tour,center,2026292073,main,ok,78.0,500.0,99.0,1702.977813378974,1071.894468091431,traces/main_center_009_2026292073_tour.json,8514.88906689487,0.0895208330002788,True
True,1.0,12,True,continuous_cell,,214.2351464871979,2570.821757846375,True,9,48.443765610306876,581.3251873236825,0,12,156,0,12,155,adaptive,center,2026292073,main,ok,60.0,780.0,155.0,1575.8217578463748,1989.4965705226925,traces/main_center_009_2026292073_adaptive.json,7879.108789231874,0.19884487499803072,True
True,1.0,12,True,continuous_cell,,183.7589579635861,2205.1074955630334,True,9,45.93956754881992,551.2748105858391,0,12,104,0,12,103,joint,center,2026292073,main,ok,60.0,520.0,103.0,1522.1074955630334,1653.8326849771943,traces/main_center_009_2026292073_joint.json,7610.537477815166,1.1297673329972895,True
True,1.0,10,,field,,610.1327695213789,6101.327695213789,True,0,361.739092149017,3617.3909214901696,0,10,180,0,10,167,field,hash,2026391200,main,ok,50.0,900.0,167.0,4984.327695213788,2483.93677372362,traces/main_hash_000_2026391200_field.json,24921.638476068936,0.030156624998198822,True
True,1.0,10,,sweep,,398.2605834473575,3982.6058344735748,True,0,398.2605834473575,3982.6058344735748,0,10,143,0,10,140,sweep,hash,2026391200,main,ok,50.0,715.0,140.0,3077.605834473575,0.0,traces/main_hash_000_2026391200_sweep.json,15388.029172367877,0.03778224999769009,True
True,1.0,10,True,tour,,355.1689430357811,3551.6894303578115,True,0,355.1689430357811,3551.6894303578115,5,10,181,0,10,179,tour,hash,2026391200,main,ok,65.0,905.0,179.0,2402.689430357811,0.0,traces/main_hash_000_2026391200_tour.json,12013.447151789054,0.07746512499943492,True
True,1.0,10,True,continuous_cell,,327.17508839115504,3271.7508839115503,True,0,327.17508839115504,3271.7508839115503,2,10,171,0,10,166,adaptive,hash,2026391200,main,ok,56.0,855.0,166.0,2194.75088391155,0.0,traces/main_hash_000_2026391200_adaptive.json,10973.75441955775,0.1819331670012616,True
True,1.0,10,True,continuous_cell,,297.55978848858035,2975.5978848858035,True,0,297.55978848858035,2975.5978848858035,2,10,128,0,10,122,joint,hash,2026391200,main,ok,56.0,640.0,122.0,2157.597884885804,0.0,traces/main_hash_000_2026391200_joint.json,10787.98942442902,0.5677304579985503,True
True,1.0,13,,field,,394.84848150066097,5133.030259508592,True,1,307.0996018370421,3992.2948238815475,1,13,198,0,13,191,field,hash,2026391297,main,ok,68.0,990.0,191.0,3884.0302595085886,1140.7354356270448,traces/main_hash_001_2026391297_field.json,19420.151297542943,0.03868987500027288,True
True,1.0,13,,sweep,,323.30891189329253,4203.015854612803,True,1,323.30891189329253,4203.015854612803,0,13,137,0,13,134,sweep,hash,2026391297,main,ok,65.0,685.0,134.0,3319.015854612805,0.0,traces/main_hash_001_2026391297_sweep.json,16595.079273064024,0.04507762499997625,True
True,1.0,13,True,tour,,318.1415370199758,4135.839981259685,True,1,311.7482201136841,4052.726861477893,4,13,203,0,13,201,tour,hash,2026391297,main,ok,77.0,1015.0,201.0,2842.839981259685,83.1131197817922,traces/main_hash_001_2026391297_tour.json,14214.199906298425,0.11966137499985052,True
True,1.0,13,True,continuous_cell,,258.30538659423553,3357.970025725062,True,1,258.30538659423553,3357.970025725062,0,13,159,0,13,157,adaptive,hash,2026391297,main,ok,65.0,795.0,157.0,2340.970025725062,0.0,traces/main_hash_001_2026391297_adaptive.json,11704.85012862531,0.24337883299813257,True
True,1.0,13,True,continuous_cell,,227.4057621923833,2956.2749085009827,True,1,222.43473062962764,2891.651498185159,6,13,118,0,13,113,joint,hash,2026391297,main,ok,83.0,590.0,113.0,2170.274908500983,64.62341031582355,traces/main_hash_001_2026391297_joint.json,10851.374542504916,0.7270561250006722,True
True,1.0,12,,field,,494.80838708307857,5937.700644996943,True,2,249.5392473370283,2994.4709680443398,6,12,169,0,12,163,field,hash,2026391394,main,ok,78.0,845.0,163.0,4851.7006449969385,2943.2296769526033,traces/main_hash_002_2026391394_field.json,24258.50322498469,0.041664207998110214,True
True,1.0,12,,sweep,,313.3941205194835,3760.7294462338023,True,2,313.3941205194835,3760.7294462338023,0,12,146,0,12,144,sweep,hash,2026391394,main,ok,60.0,730.0,144.0,2826.7294462338023,0.0,traces/main_hash_002_2026391394_sweep.json,14133.647231169012,0.042832540999370394,True
True,1.0,12,True,tour,,279.035842707128,3348.430112485536,True,2,279.035842707128,3348.430112485536,11,12,149,0,12,148,tour,hash,2026391394,main,ok,93.0,745.0,148.0,2362.4301124855365,0.0,traces/main_hash_002_2026391394_tour.json,11812.150562427683,0.08971212500182446,True
True,1.0,12,True,continuous_cell,,276.8212356481692,3321.8548277780305,True,2,276.8212356481692,3321.8548277780305,4,12,166,0,12,161,adaptive,hash,2026391394,main,ok,72.0,830.0,161.0,2258.8548277780314,0.0,traces/main_hash_002_2026391394_adaptive.json,11294.274138890158,0.2190512499983015,True
True,1.0,12,True,continuous_cell,,245.56846550850207,2946.821586102025,True,2,245.56846550850207,2946.821586102025,4,12,125,0,12,119,joint,hash,2026391394,main,ok,72.0,625.0,119.0,2130.821586102027,0.0,traces/main_hash_002_2026391394_joint.json,10654.107930510136,0.5306496249977499,True
True,1.0,15,,field,,403.23686006884003,6048.552901032601,True,3,200.94779162988075,3014.2168744482115,4,15,165,0,15,159,field,hash,2026391491,main,ok,87.0,825.0,159.0,4977.552901032596,3034.3360265843894,traces/main_hash_003_2026391491_field.json,24887.76450516298,0.04401187500116066,True
True,1.0,15,,sweep,,241.3986276731387,3620.97941509708,True,3,241.3986276731387,3620.97941509708,0,15,94,0,15,93,sweep,hash,2026391491,main,ok,75.0,470.0,93.0,2982.9794150970806,0.0,traces/main_hash_003_2026391491_sweep.json,14914.897075485404,0.05441458300265367,True
True,1.0,15,True,tour,,261.84431970246294,3927.6647955369444,True,3,261.84431970246294,3927.6647955369444,9,15,144,0,15,143,tour,hash,2026391491,main,ok,102.0,720.0,143.0,2962.6647955369453,0.0,traces/main_hash_003_2026391491_tour.json,14813.323977684726,0.2035974169994006,True
True,1.0,15,True,continuous_cell,,210.67142709035636,3160.0714063553455,True,3,210.67142709035636,3160.0714063553455,0,15,136,0,15,134,adaptive,hash,2026391491,main,ok,75.0,680.0,134.0,2271.0714063553455,0.0,traces/main_hash_003_2026391491_adaptive.json,11355.357031776728,0.24937029099965002,True
True,1.0,15,True,continuous_cell,,184.75875164175775,2771.381274626366,True,3,173.1590870615016,2597.386305922524,5,15,101,0,15,99,joint,hash,2026391491,main,ok,90.0,505.0,99.0,2077.3812746263657,173.994968703842,traces/main_hash_003_2026391491_joint.json,10386.90637313183,0.8150630409982114,True
True,1.0,10,,field,,488.24093383310026,4882.409338331003,True,4,354.0742083814203,3540.742083814203,0,10,203,0,10,196,field,hash,2026391588,main,ok,50.0,1015.0,196.0,3621.409338331,1341.6672545167999,traces/main_hash_004_2026391588_field.json,18107.046691655,0.038568290998227894,True
True,1.0,10,,sweep,,342.1003349472844,3421.003349472844,True,4,342.1003349472844,3421.003349472844,0,10,123,0,10,122,sweep,hash,2026391588,main,ok,50.0,615.0,122.0,2634.003349472844,0.0,traces/main_hash_004_2026391588_sweep.json,13170.016747364221,0.03750908399888431,True
True,1.0,10,True,tour,,367.43174677278614,3674.3174677278616,True,4,367.43174677278614,3674.3174677278616,6,10,166,0,10,164,tour,hash,2026391588,main,ok,68.0,830.0,164.0,2612.3174677278607,0.0,traces/main_hash_004_2026391588_tour.json,13061.587338639303,0.10276133400111576,True
True,1.0,10,True,continuous_cell,,303.63559142053833,3036.355914205383,True,4,303.63559142053833,3036.355914205383,1,10,183,0,10,181,adaptive,hash,2026391588,main,ok,53.0,915.0,181.0,1887.3559142053832,0.0,traces/main_hash_004_2026391588_adaptive.json,9436.779571026917,0.1733632920004311,True
True,1.0,10,True,continuous_cell,,278.2951265348045,2782.951265348045,True,4,278.2951265348045,2782.951265348045,9,10,137,0,10,130,joint,hash,2026391588,main,ok,77.0,685.0,130.0,1890.9512653480451,0.0,traces/main_hash_004_2026391588_joint.json,9454.756326740226,0.5967825000006997,True
True,1.0,15,,field,,488.1740906631465,7322.611359947197,True,5,282.29366984100824,4234.405047615123,0,15,169,0,15,154,field,hash,2026391685,main,ok,75.0,845.0,154.0,6248.611359947194,3088.206312332074,traces/main_hash_005_2026391685_field.json,31243.05679973597,0.044552082999871345,True
True,1.0,15,,sweep,,277.067258268248,4156.00887402372,True,5,277.067258268248,4156.00887402372,0,15,120,0,15,117,sweep,hash,2026391685,main,ok,75.0,600.0,117.0,3364.008874023718,0.0,traces/main_hash_005_2026391685_sweep.json,16820.04437011859,0.05286516699925414,True
True,1.0,15,True,tour,,236.03997608374962,3540.5996412562445,True,5,236.03997608374962,3540.5996412562445,9,15,133,0,15,131,tour,hash,2026391685,main,ok,102.0,665.0,131.0,2642.5996412562426,0.0,traces/main_hash_005_2026391685_tour.json,13212.998206281214,0.14279558300040662,True
True,1.0,15,True,continuous_cell,,204.29517338006798,3064.42760070102,True,5,201.69061763893185,3025.3592645839776,0,15,129,0,15,123,adaptive,hash,2026391685,main,ok,75.0,645.0,123.0,2221.42760070102,39.068336117042236,traces/main_hash_005_2026391685_adaptive.json,11107.138003505099,0.24718887500057463,True
True,1.0,15,True,continuous_cell,,206.3726706210559,3095.5900593158385,True,5,206.3726706210559,3095.5900593158385,5,15,117,0,15,109,joint,hash,2026391685,main,ok,90.0,585.0,109.0,2311.5900593158394,0.0,traces/main_hash_005_2026391685_joint.json,11557.950296579196,0.8141926659991441,True
True,1.0,15,,field,,404.13946009934915,6062.091901490237,True,6,318.37349737359983,4775.602460603997,0,15,160,0,15,149,field,hash,2026391782,main,ok,75.0,800.0,149.0,5038.091901490233,1286.4894408862401,traces/main_hash_006_2026391782_field.json,25190.459507451164,0.03804629200021736,True
True,1.0,15,,sweep,,271.732397680398,4075.98596520597,True,6,271.732397680398,4075.98596520597,1,15,102,0,15,99,sweep,hash,2026391782,main,ok,78.0,510.0,99.0,3388.9859652059704,0.0,traces/main_hash_006_2026391782_sweep.json,16944.929826029853,0.05605295799978194,True
True,1.0,15,True,tour,,277.4258401095353,4161.3876016430295,True,6,277.4258401095353,4161.3876016430295,8,15,129,0,15,128,tour,hash,2026391782,main,ok,99.0,645.0,128.0,3289.387601643031,0.0,traces/main_hash_006_2026391782_tour.json,16446.938008215155,0.3234794169984525,True
True,1.0,15,True,continuous_cell,,220.94273797934954,3314.141069690243,True,6,220.94273797934954,3314.141069690243,3,15,125,0,15,122,adaptive,hash,2026391782,main,ok,84.0,625.0,122.0,2483.1410696902426,0.0,traces/main_hash_006_2026391782_adaptive.json,12415.705348451213,0.28264820899858023,True
True,1.0,15,True,continuous_cell,,215.27367811891443,3229.1051717837163,True,6,215.27367811891443,3229.1051717837163,7,15,113,0,15,105,joint,hash,2026391782,main,ok,96.0,565.0,105.0,2463.105171783716,0.0,traces/main_hash_006_2026391782_joint.json,12315.52585891858,0.7268304579993128,True
True,1.0,13,,field,,397.4821841716165,5167.268394231014,True,7,284.77179921175633,3702.0333897528326,0,13,195,0,13,187,field,hash,2026391879,main,ok,65.0,975.0,187.0,3940.268394231009,1465.2350044781815,traces/main_hash_007_2026391879_field.json,19701.341971155045,0.03986783399886917,True
True,0.7692307692307693,10,,sweep,,385.52505095458343,3855.2505095458346,False,7,344.2599922288821,3442.599922288821,0,10,127,0,13,120,sweep,hash,2026391879,main,ok,50.0,635.0,120.0,3050.250509545834,412.65058725701374,traces/main_hash_007_2026391879_sweep.json,15251.252547729171,0.03849216699745739,True
True,1.0,13,True,tour,,346.8216834767133,4508.681885197273,True,7,346.8216834767133,4508.681885197273,10,13,163,0,13,162,tour,hash,2026391879,main,ok,95.0,815.0,162.0,3436.681885197272,0.0,traces/main_hash_007_2026391879_tour.json,17183.40942598636,0.096610624997993,True
True,1.0,13,True,continuous_cell,,239.24274363165614,3110.15566721153,True,7,223.2199155025505,2901.8589015331563,1,13,137,0,13,131,adaptive,hash,2026391879,main,ok,68.0,685.0,131.0,2226.1556672115285,208.2967656783735,traces/main_hash_007_2026391879_adaptive.json,11130.778336057643,0.21563983299711253,True
True,1.0,13,True,continuous_cell,,236.41013328937436,3073.3317327618665,True,7,224.5675340721747,2919.377942938271,6,13,128,0,13,121,joint,hash,2026391879,main,ok,83.0,640.0,121.0,2229.331732761867,153.95378982359534,traces/main_hash_007_2026391879_joint.json,11146.658663809336,0.6749627089993737,True
True,1.0,12,,field,,390.2116697448843,4682.540036938612,True,8,255.5967853775263,3067.1614245303153,0,12,192,0,12,183,field,hash,2026391976,main,ok,60.0,960.0,183.0,3479.5400369386102,1615.3786124082962,traces/main_hash_008_2026391976_field.json,17397.70018469305,0.040979666002385784,True
True,1.0,12,,sweep,,323.14246501326426,3877.7095801591713,True,8,323.14246501326426,3877.7095801591713,0,12,118,0,12,117,sweep,hash,2026391976,main,ok,60.0,590.0,117.0,3110.7095801591713,0.0,traces/main_hash_008_2026391976_sweep.json,15553.547900795857,0.051682124998478685,True
True,1.0,12,True,tour,,340.5773874927416,4086.928649912899,True,8,340.5773874927416,4086.928649912899,8,12,190,0,12,188,tour,hash,2026391976,main,ok,84.0,950.0,188.0,2864.9286499128966,0.0,traces/main_hash_008_2026391976_tour.json,14324.643249564482,0.09896395800024038,True
True,1.0,12,True,continuous_cell,,298.9598768932245,3587.5185227186935,True,8,291.55248399972646,3498.6298079967173,3,12,188,0,12,180,adaptive,hash,2026391976,main,ok,69.0,940.0,180.0,2398.5185227186944,88.88871472197616,traces/main_hash_008_2026391976_adaptive.json,11992.592613593471,0.19659870800023782,True
True,1.0,12,True,continuous_cell,,256.22305954813123,3074.676714577575,True,8,256.22305954813123,3074.676714577575,4,12,145,0,12,136,joint,hash,2026391976,main,ok,72.0,725.0,136.0,2141.676714577575,0.0,traces/main_hash_008_2026391976_joint.json,10708.383572887873,0.5813713749994349,True
True,1.0,10,,field,,584.1618920068668,5841.618920068668,True,9,419.69009580215845,4196.900958021584,1,10,200,0,10,197,field,hash,2026392073,main,ok,53.0,1000.0,197.0,4591.618920068663,1644.7179620470833,traces/main_hash_009_2026392073_field.json,22958.094600343316,0.03814179099936155,True
True,1.0,10,,sweep,,395.94263776821623,3959.426377682162,True,9,395.94263776821623,3959.426377682162,0,10,122,0,10,119,sweep,hash,2026392073,main,ok,50.0,610.0,119.0,3180.426377682162,0.0,traces/main_hash_009_2026392073_sweep.json,15902.131888410811,0.04189770899756695,True
True,1.0,10,True,tour,,344.5774132409642,3445.774132409642,True,9,344.5774132409642,3445.774132409642,1,10,167,0,10,166,tour,hash,2026392073,main,ok,53.0,835.0,166.0,2391.7741324096423,0.0,traces/main_hash_009_2026392073_tour.json,11958.870662048212,0.10077429199736798,True
True,1.0,10,True,continuous_cell,,310.7206316374378,3107.206316374378,True,9,302.9361197879618,3029.361197879618,3,10,155,0,10,149,adaptive,hash,2026392073,main,ok,59.0,775.0,149.0,2124.206316374377,77.84511849475984,traces/main_hash_009_2026392073_adaptive.json,10621.031581871885,0.22891441700267023,True
True,1.0,10,True,continuous_cell,,324.0559331651687,3240.559331651687,True,9,318.0559331651687,3180.559331651687,8,10,159,0,10,148,joint,hash,2026392073,main,ok,74.0,795.0,148.0,2223.559331651687,60.0,traces/main_hash_009_2026392073_joint.json,11117.796658258436,0.9190884170020581,True
True,1.0,10,,field,,562.6436526707781,5626.436526707781,True,10,389.48401963000816,3894.8401963000815,0,10,204,0,10,199,field,hash,2026392170,main,ok,50.0,1020.0,199.0,4357.436526707776,1731.5963304076995,traces/main_hash_010_2026392170_field.json,21787.182633538876,0.03648845799762057,True
True,1.0,10,,sweep,,414.91224773985334,4149.122477398533,True,10,414.91224773985334,4149.122477398533,0,10,146,0,10,145,sweep,hash,2026392170,main,ok,50.0,730.0,145.0,3224.122477398533,0.0,traces/main_hash_010_2026392170_sweep.json,16120.612386992667,0.03908870799932629,True
True,1.0,10,True,tour,,341.21969446659597,3412.1969446659596,True,10,341.21969446659597,3412.1969446659596,2,10,185,0,10,184,tour,hash,2026392170,main,ok,56.0,925.0,184.0,2247.196944665959,0.0,traces/main_hash_010_2026392170_tour.json,11235.984723329795,0.0942424579989165,True
True,1.0,10,True,continuous_cell,,303.19907804011444,3031.9907804011445,True,10,293.2110158829721,2932.110158829721,0,10,172,0,10,169,adaptive,hash,2026392170,main,ok,50.0,860.0,169.0,1952.9907804011443,99.88062157142349,traces/main_hash_010_2026392170_adaptive.json,9764.953902005722,0.18471599999975297,True
True,1.0,10,True,continuous_cell,,286.2347141121315,2862.347141121315,True,10,280.01016143181505,2800.1016143181505,4,10,136,0,10,132,joint,hash,2026392170,main,ok,62.0,680.0,132.0,1988.3471411213147,62.245526803164466,traces/main_hash_010_2026392170_joint.json,9941.735705606574,0.4855089160009811,True
True,1.0,16,,field,,334.1454661376449,5346.327458202319,True,11,247.75858869458963,3964.137419113434,0,16,163,0,16,151,field,hash,2026392267,main,ok,80.0,815.0,151.0,4300.327458202317,1382.1900390888845,traces/main_hash_011_2026392267_field.json,21501.637291011586,0.04383762499855948,True
True,1.0,16,,sweep,,267.10865661372765,4273.738505819642,True,11,266.35865661372765,4261.738505819642,0,16,103,0,16,102,sweep,hash,2026392267,main,ok,80.0,515.0,102.0,3576.7385058196423,12.0,traces/main_hash_011_2026392267_sweep.json,17883.69252909821,0.06669658299870207,True
True,1.0,16,True,tour,,241.0635284607673,3857.0164553722766,True,11,241.0635284607673,3857.0164553722766,7,16,141,0,16,138,tour,hash,2026392267,main,ok,101.0,705.0,138.0,2913.0164553722766,0.0,traces/main_hash_011_2026392267_tour.json,14565.082276861383,0.09653529099887237,True
True,1.0,16,True,continuous_cell,,223.4360775250858,3574.977240401373,True,11,223.4360775250858,3574.977240401373,0,16,134,0,16,129,adaptive,hash,2026392267,main,ok,80.0,670.0,129.0,2695.9772404013734,0.0,traces/main_hash_011_2026392267_adaptive.json,13479.886202006866,0.24712554099824047,True
True,1.0,16,True,continuous_cell,,180.5914686806396,2889.4634988902335,True,11,180.5914686806396,2889.4634988902335,1,16,105,0,16,98,joint,hash,2026392267,main,ok,83.0,525.0,98.0,2183.4634988902335,0.0,traces/main_hash_011_2026392267_joint.json,10917.317494451167,0.7942792499998177,True
True,1.0,12,,field,,509.12415454757365,6109.489854570884,True,12,293.6853274061695,3524.2239288740343,0,12,186,0,12,182,field,hash,2026392364,main,ok,60.0,930.0,182.0,4937.489854570879,2585.2659256968495,traces/main_hash_012_2026392364_field.json,24687.449272854396,0.04252462500153342,True
True,1.0,12,,sweep,,298.27461299240105,3579.295355908813,True,12,298.27461299240105,3579.295355908813,0,12,119,0,12,118,sweep,hash,2026392364,main,ok,60.0,595.0,118.0,2806.2953559088123,0.0,traces/main_hash_012_2026392364_sweep.json,14031.476779544062,0.048946709001029376,True
True,1.0,12,True,tour,,297.9342404577588,3575.2108854931057,True,12,297.9342404577588,3575.2108854931057,7,12,169,0,12,168,tour,hash,2026392364,main,ok,81.0,845.0,168.0,2481.2108854931053,0.0,traces/main_hash_012_2026392364_tour.json,12406.054427465526,0.12778400000024703,True
True,1.0,12,True,continuous_cell,,256.4981893269848,3077.978271923818,True,12,256.4981893269848,3077.978271923818,0,12,138,0,12,136,adaptive,hash,2026392364,main,ok,60.0,690.0,136.0,2191.9782719238174,0.0,traces/main_hash_012_2026392364_adaptive.json,10959.891359619087,0.21946233299968299,True
True,1.0,12,True,continuous_cell,,226.2144199646034,2714.5730395752407,True,12,226.2144199646034,2714.5730395752407,3,12,111,0,12,109,joint,hash,2026392364,main,ok,69.0,555.0,109.0,1981.573039575241,0.0,traces/main_hash_012_2026392364_joint.json,9907.865197876205,0.5185298750002403,True
True,1.0,16,,field,,312.77588283561613,5004.414125369858,True,13,231.25287483750802,3700.0459974001283,2,16,156,0,16,150,field,hash,2026392461,main,ok,86.0,780.0,150.0,3988.414125369852,1304.3681279697298,traces/main_hash_013_2026392461_field.json,19942.07062684926,0.04534287500064238,True
True,0.9375,15,,sweep,,280.6985218793645,4210.477828190467,False,13,246.3367605890011,3695.0514088350164,2,15,125,0,16,116,sweep,hash,2026392461,main,ok,81.0,625.0,116.0,3388.477828190467,515.4264193554509,traces/main_hash_013_2026392461_sweep.json,16942.389140952335,0.06571204200008651,True
True,1.0,16,True,tour,,266.9060791619744,4270.49726659159,True,13,266.9060791619744,4270.49726659159,15,16,147,0,16,146,tour,hash,2026392461,main,ok,125.0,735.0,146.0,3264.497266591588,0.0,traces/main_hash_013_2026392461_tour.json,16322.48633295794,0.19301945800179965,True
True,1.0,16,True,continuous_cell,,194.15714235237533,3106.5142776380053,True,13,174.8576562913208,2797.722500661133,2,16,132,0,16,128,adaptive,hash,2026392461,main,ok,86.0,660.0,128.0,2232.514277638003,308.79177697687237,traces/main_hash_013_2026392461_adaptive.json,11162.571388190016,0.2906217919990013,True
True,1.0,16,True,continuous_cell,,175.21668068755636,2803.466891000902,True,13,175.21668068755636,2803.466891000902,8,16,95,0,16,90,joint,hash,2026392461,main,ok,104.0,475.0,90.0,2134.4668910009023,0.0,traces/main_hash_013_2026392461_joint.json,10672.334455004511,1.552185250002367,True
True,1.0,14,,field,,424.56564544325335,5943.919036205547,True,14,190.72286688079657,2670.120136331152,0,14,169,0,14,165,field,hash,2026392558,main,ok,70.0,845.0,165.0,4863.91903620554,3273.798899874395,traces/main_hash_014_2026392558_field.json,24319.595181027697,0.04187133300001733,True
True,1.0,14,,sweep,,310.14869088473586,4342.081672386302,True,14,309.29154802759297,4330.081672386302,0,14,115,0,14,110,sweep,hash,2026392558,main,ok,70.0,575.0,110.0,3587.0816723863013,12.0,traces/main_hash_014_2026392558_sweep.json,17935.408361931506,0.04634433300088858,True
True,1.0,14,True,tour,,274.7549038976058,3846.568654566481,True,14,274.7549038976058,3846.568654566481,6,14,175,0,14,174,tour,hash,2026392558,main,ok,88.0,875.0,174.0,2709.5686545664785,0.0,traces/main_hash_014_2026392558_tour.json,13547.843272832393,0.1557858749984007,True
True,1.0,14,True,continuous_cell,,246.133988220224,3445.8758350831363,True,14,246.133988220224,3445.8758350831363,0,14,166,0,14,164,adaptive,hash,2026392558,main,ok,70.0,830.0,164.0,2381.8758350831367,0.0,traces/main_hash_014_2026392558_adaptive.json,11909.379175415683,0.26036258400199586,True
True,1.0,14,True,continuous_cell,,226.95208392458179,3177.329174944145,True,14,226.95208392458179,3177.329174944145,5,14,125,0,14,113,joint,hash,2026392558,main,ok,85.0,625.0,113.0,2354.3291749441464,0.0,traces/main_hash_014_2026392558_joint.json,11771.645874720733,0.5774242500010587,True
True,1.0,16,,field,,369.1712779379452,5906.740447007123,True,15,255.87050988912156,4093.928158225945,0,16,164,0,16,159,field,hash,2026392655,main,ok,80.0,820.0,159.0,4847.740447007118,1812.8122887811783,traces/main_hash_015_2026392655_field.json,24238.70223503559,0.045591375001095,True
True,1.0,16,,sweep,,283.9085735174407,4542.537176279051,True,15,283.9085735174407,4542.537176279051,0,16,119,0,16,117,sweep,hash,2026392655,main,ok,80.0,595.0,117.0,3750.53717627905,0.0,traces/main_hash_015_2026392655_sweep.json,18752.68588139525,0.0567067500014673,True
True,1.0,16,True,tour,,320.1201997965846,5121.923196745353,True,15,320.1201997965846,5121.923196745353,14,16,152,0,16,147,tour,hash,2026392655,main,ok,122.0,760.0,147.0,4092.9231967453525,0.0,traces/main_hash_015_2026392655_tour.json,20464.615983726762,0.24852316699980292,True
True,1.0,16,True,continuous_cell,,221.38182425876863,3542.109188140298,True,15,221.38182425876863,3542.109188140298,2,16,121,0,16,115,adaptive,hash,2026392655,main,ok,86.0,605.0,115.0,2736.109188140298,0.0,traces/main_hash_015_2026392655_adaptive.json,13680.54594070149,0.2613440829991305,True
True,1.0,16,True,continuous_cell,,193.79612700917843,3100.738032146855,True,15,192.29612700917843,3076.738032146855,5,16,100,0,16,92,joint,hash,2026392655,main,ok,95.0,500.0,92.0,2413.738032146854,24.0,traces/main_hash_015_2026392655_joint.json,12068.69016073427,0.7576415830008045,True
True,1.0,15,,field,,308.5275220328247,4627.912830492371,True,16,213.06385806754642,3195.9578710131964,0,15,162,0,15,155,field,hash,2026392752,main,ok,75.0,810.0,155.0,3587.912830492369,1431.9549594791742,traces/main_hash_016_2026392752_field.json,17939.564152461844,0.0381512499989185,True
True,1.0,15,,sweep,,267.1943336213091,4007.9150043196364,True,16,267.1943336213091,4007.9150043196364,0,15,138,0,15,137,sweep,hash,2026392752,main,ok,75.0,690.0,137.0,3105.915004319635,0.0,traces/main_hash_016_2026392752_sweep.json,15529.575021598175,0.058675542000855785,True
True,1.0,15,True,tour,,249.67705592433984,3745.1558388650974,True,16,249.67705592433984,3745.1558388650974,3,15,148,0,15,145,tour,hash,2026392752,main,ok,84.0,740.0,145.0,2776.155838865096,0.0,traces/main_hash_016_2026392752_tour.json,13880.77919432548,0.11925437500030966,True
True,1.0,15,True,continuous_cell,,224.49241890723704,3367.3862836085555,True,16,224.49241890723704,3367.3862836085555,1,15,146,0,15,141,adaptive,hash,2026392752,main,ok,78.0,730.0,141.0,2418.3862836085564,0.0,traces/main_hash_016_2026392752_adaptive.json,12091.931418042781,0.25579808299880824,True
True,1.0,15,True,continuous_cell,,208.60504910247917,3129.0757365371874,True,16,206.60504910247917,3099.0757365371874,5,15,106,0,15,99,joint,hash,2026392752,main,ok,90.0,530.0,99.0,2410.0757365371874,30.0,traces/main_hash_016_2026392752_joint.json,12050.378682685936,0.9244827080001414,True
True,1.0,11,,field,,465.08350078925963,5115.918508681856,True,17,356.29945038056525,3919.293954186218,0,11,215,0,11,211,field,hash,2026392849,main,ok,55.0,1075.0,211.0,3774.9185086818516,1196.6245544956382,traces/main_hash_017_2026392849_field.json,18874.592543409257,0.035211541999160545,True
True,0.8181818181818182,9,,sweep,,515.3029564316852,4637.726607885166,False,17,462.14307360299404,4159.287662426947,0,9,146,0,11,144,sweep,hash,2026392849,main,ok,45.0,730.0,144.0,3718.7266078851667,478.4389454582197,traces/main_hash_017_2026392849_sweep.json,18593.633039425833,0.03590662499846076,True
True,1.0,11,True,tour,,429.0484953508736,4719.53344885961,True,17,429.0484953508736,4719.53344885961,6,11,222,0,11,218,tour,hash,2026392849,main,ok,73.0,1110.0,218.0,3318.53344885961,0.0,traces/main_hash_017_2026392849_tour.json,16592.66724429805,0.20657608400142635,True
True,1.0,11,True,continuous_cell,,347.2228980740875,3819.4518788149626,True,17,335.84383065345196,3694.2821371879713,0,11,197,0,11,192,adaptive,hash,2026392849,main,ok,55.0,985.0,192.0,2587.451878814961,125.16974162699125,traces/main_hash_017_2026392849_adaptive.json,12937.259394074807,0.1749906250006461,True
True,1.0,11,True,continuous_cell,,319.852842357273,3518.3812659300033,True,17,308.6685273450284,3395.3538007953125,2,11,163,0,11,156,joint,hash,2026392849,main,ok,61.0,815.0,156.0,2486.381265930003,123.02746513469083,traces/main_hash_017_2026392849_joint.json,12431.906329650015,0.6405865840024489,True
True,1.0,14,,field,,370.9325786061839,5193.056100486574,True,18,283.2596002015382,3965.634402821535,0,14,176,0,14,166,field,hash,2026392946,main,ok,70.0,880.0,166.0,4077.0561004865717,1227.4216976650391,traces/main_hash_018_2026392946_field.json,20385.28050243286,0.04116591600177344,True
True,1.0,14,,sweep,,332.7949513729747,4659.129319221646,True,18,332.7949513729747,4659.129319221646,0,14,145,0,14,137,sweep,hash,2026392946,main,ok,70.0,725.0,137.0,3727.1293192216463,0.0,traces/main_hash_018_2026392946_sweep.json,18635.646596108232,0.07654325000112294,True
True,1.0,14,True,tour,,345.0179230863301,4830.250923208621,True,18,345.0179230863301,4830.250923208621,11,14,180,0,14,177,tour,hash,2026392946,main,ok,103.0,900.0,177.0,3650.2509232086204,0.0,traces/main_hash_018_2026392946_tour.json,18251.2546160431,0.257282499998837,True
True,1.0,14,True,continuous_cell,,256.49482892719806,3590.927604980773,True,18,250.87289754799576,3512.2205656719407,4,14,146,0,14,140,adaptive,hash,2026392946,main,ok,82.0,730.0,140.0,2638.927604980773,78.70703930883246,traces/main_hash_018_2026392946_adaptive.json,13194.638024903867,0.2877753329994448,True
True,1.0,14,True,continuous_cell,,246.7223853030204,3454.1133942422853,True,18,244.1509567315918,3418.1133942422853,4,14,121,0,14,113,joint,hash,2026392946,main,ok,82.0,605.0,113.0,2654.113394242285,36.0,traces/main_hash_018_2026392946_joint.json,13270.566971211423,0.6736765410023509,True
True,0.9375,15,,field,,409.0619994387383,6135.929991581075,False,19,200.39811364959976,3005.9717047439963,0,15,156,0,16,147,field,hash,2026393043,main,ok,75.0,780.0,147.0,5133.92999158107,3129.958286837079,traces/main_hash_019_2026393043_field.json,25669.64995790535,0.05233170800056541,True
True,1.0,16,,sweep,,243.2153733029375,3891.445972847,True,19,243.2153733029375,3891.445972847,0,16,111,0,16,109,sweep,hash,2026393043,main,ok,80.0,555.0,109.0,3147.4459728469997,0.0,traces/main_hash_019_2026393043_sweep.json,15737.229864234998,0.05688074999852688,True
True,1.0,16,True,tour,,281.01431222827256,4496.228995652361,True,19,260.1668039857935,4162.668863772696,15,16,117,0,16,110,tour,hash,2026393043,main,ok,125.0,585.0,110.0,3676.228995652361,333.5601318796653,traces/main_hash_019_2026393043_tour.json,18381.144978261804,0.24539116700179875,True
True,1.0,16,True,continuous_cell,,199.37987996577814,3190.0780794524503,True,19,199.37987996577814,3190.0780794524503,1,16,112,0,16,106,adaptive,hash,2026393043,main,ok,83.0,560.0,106.0,2441.0780794524494,0.0,traces/main_hash_019_2026393043_adaptive.json,12205.390397262247,0.2643780840007821,True
True,1.0,16,True,continuous_cell,,196.50690482039315,3144.1104771262903,True,19,193.42113103688052,3094.7380965900884,5,16,98,0,16,90,joint,hash,2026393043,main,ok,95.0,490.0,90.0,2469.110477126291,49.372380536201945,traces/main_hash_019_2026393043_joint.json,12345.552385631454,0.7146724169979279,True
True,1.0,15,,field,,324.38123810088786,4865.718571513318,True,0,242.4466023445296,3636.6990351679437,0,15,188,0,15,184,field,worstrecv,2026491200,main,ok,75.0,940.0,184.0,3666.7185715133155,1229.0195363453745,traces/main_worstrecv_000_2026491200_field.json,18333.59285756658,0.03889404099754756,True
True,0.6,9,,sweep,,556.4629117703996,5008.166205933597,False,0,531.5752808579268,4784.177527721341,2,9,189,0,15,185,sweep,worstrecv,2026491200,main,ok,51.0,945.0,185.0,3827.1662059335968,223.98867821225576,traces/main_worstrecv_000_2026491200_sweep.json,19135.831029667985,0.03431233300216263,True
True,1.0,15,True,tour,,324.66182014169493,4869.927302125424,True,0,324.66182014169493,4869.927302125424,10,15,181,0,15,177,tour,worstrecv,2026491200,main,ok,105.0,905.0,177.0,3682.9273021254216,0.0,traces/main_worstrecv_000_2026491200_tour.json,18414.636510627108,0.3083949580031913,True
True,1.0,15,True,continuous_cell,,250.22600469753888,3753.3900704630832,True,0,238.67244137028501,3580.086620554275,0,15,230,0,15,228,adaptive,worstrecv,2026491200,main,ok,75.0,1150.0,228.0,2300.3900704630823,173.30344990880803,traces/main_worstrecv_000_2026491200_adaptive.json,11501.950352315413,0.28847537500041653,True
True,1.0,15,True,continuous_cell,,238.23422070466032,3573.5133105699047,True,0,236.23422070466032,3543.5133105699047,0,15,182,0,15,174,joint,worstrecv,2026491200,main,ok,75.0,910.0,174.0,2414.5133105699038,30.0,traces/main_worstrecv_000_2026491200_joint.json,12072.56655284952,0.5299288330024865,True
True,1.0,13,,field,,368.4069778924205,4789.290712601467,True,1,243.1899866231681,3161.4698261011854,0,13,183,0,13,179,field,worstrecv,2026491297,main,ok,65.0,915.0,179.0,3630.2907126014643,1627.8208865002816,traces/main_worstrecv_001_2026491297_field.json,18151.453563007322,0.03651795900077559,True
True,1.0,13,,sweep,,323.9343863553964,4211.147022620153,True,1,323.9343863553964,4211.147022620153,0,13,159,0,13,156,sweep,worstrecv,2026491297,main,ok,65.0,795.0,156.0,3195.147022620152,0.0,traces/main_worstrecv_001_2026491297_sweep.json,15975.73511310076,0.0466557500003546,True
True,1.0,13,True,tour,,344.4539445687384,4477.901279393599,True,1,344.4539445687384,4477.901279393599,9,13,218,0,13,216,tour,worstrecv,2026491297,main,ok,92.0,1090.0,216.0,3079.9012793935985,0.0,traces/main_worstrecv_001_2026491297_tour.json,15399.506396967992,0.15352045800318592,True
True,1.0,13,True,continuous_cell,,307.85601195533144,4002.1281554193088,True,1,307.85601195533144,4002.1281554193088,1,13,150,0,13,145,adaptive,worstrecv,2026491297,main,ok,68.0,750.0,145.0,3039.12815541931,0.0,traces/main_worstrecv_001_2026491297_adaptive.json,15195.64077709655,0.21566600000005565,True
True,1.0,13,True,continuous_cell,,252.3230583996639,3280.1997591956306,True,1,230.5540445122736,2997.202578659557,2,13,132,0,13,127,joint,worstrecv,2026491297,main,ok,71.0,660.0,127.0,2422.1997591956315,282.99718053607376,traces/main_worstrecv_001_2026491297_joint.json,12110.998795978157,0.815984415999992,True
True,1.0,13,,field,,348.6871187400947,4532.932543621231,True,2,273.79803742136033,3559.3744864776845,0,13,193,0,13,184,field,worstrecv,2026491394,main,ok,65.0,965.0,184.0,3318.93254362123,973.5580571435466,traces/main_worstrecv_002_2026491394_field.json,16594.66271810615,0.034680917000514455,True
True,1.0,13,,sweep,,321.40878868922886,4178.314252959975,True,2,321.40878868922886,4178.314252959975,0,13,160,0,13,157,sweep,worstrecv,2026491394,main,ok,65.0,800.0,157.0,3156.3142529599754,0.0,traces/main_worstrecv_002_2026491394_sweep.json,15781.571264799877,0.047597000000678236,True
True,1.0,13,True,tour,,315.2664131497977,4098.46337094737,True,2,315.2664131497977,4098.46337094737,2,13,201,0,13,195,tour,worstrecv,2026491394,main,ok,71.0,1005.0,195.0,2827.4633709473705,0.0,traces/main_worstrecv_002_2026491394_tour.json,14137.316854736853,0.14631883399852086,True
True,1.0,13,True,continuous_cell,,271.31694028349494,3527.120223685434,True,2,271.31694028349494,3527.120223685434,0,13,192,0,13,188,adaptive,worstrecv,2026491394,main,ok,65.0,960.0,188.0,2314.1202236854338,0.0,traces/main_worstrecv_002_2026491394_adaptive.json,11570.601118427168,0.2172267499990994,True
True,1.0,13,True,continuous_cell,,242.58613665427472,3153.6197765055713,True,2,242.58613665427472,3153.6197765055713,1,13,152,0,13,146,joint,worstrecv,2026491394,main,ok,68.0,760.0,146.0,2179.6197765055717,0.0,traces/main_worstrecv_002_2026491394_joint.json,10898.098882527858,0.6942383339992375,True
True,1.0,14,,field,,344.1765207008457,4818.47128981184,True,3,260.85894758800083,3652.0252662320117,1,14,192,0,14,185,field,worstrecv,2026491491,main,ok,73.0,960.0,185.0,3600.471289811837,1166.4460235798279,traces/main_worstrecv_003_2026491491_field.json,18002.356449059185,0.03518749999784632,True
True,0.7857142857142857,11,,sweep,,405.07450010875533,4455.819501196309,False,3,400.46429156358533,4405.107207199439,0,11,163,0,14,161,sweep,worstrecv,2026491491,main,ok,55.0,815.0,161.0,3424.8195011963094,50.71229399687036,traces/main_worstrecv_003_2026491491_sweep.json,17124.097505981546,0.04066554099699715,True
True,1.0,14,True,tour,,357.7449801585079,5008.42972221911,True,3,357.7449801585079,5008.42972221911,13,14,192,0,14,188,tour,worstrecv,2026491491,main,ok,109.0,960.0,188.0,3751.4297222191103,0.0,traces/main_worstrecv_003_2026491491_tour.json,18757.148611095552,0.27943408300052397,True
True,1.0,14,True,continuous_cell,,233.71618478653255,3272.026587011456,True,3,233.71618478653255,3272.026587011456,2,14,151,0,14,145,adaptive,worstrecv,2026491491,main,ok,76.0,755.0,145.0,2296.026587011457,0.0,traces/main_worstrecv_003_2026491491_adaptive.json,11480.132935057285,0.18927262500073994,True
True,1.0,14,True,continuous_cell,,231.4339933699561,3240.0759071793855,True,3,231.4339933699561,3240.0759071793855,0,14,131,0,14,123,joint,worstrecv,2026491491,main,ok,70.0,655.0,123.0,2392.0759071793846,0.0,traces/main_worstrecv_003_2026491491_joint.json,11960.379535896922,0.6289919170012581,True
True,1.0,12,,field,,433.9793451979197,5207.752142375037,True,4,318.55205842635576,3822.624701116269,0,12,197,0,12,192,field,worstrecv,2026491588,main,ok,60.0,985.0,192.0,3970.752142375033,1385.1274412587677,traces/main_worstrecv_004_2026491588_field.json,19853.760711875166,0.03626350000195089,True
True,0.8333333333333334,10,,sweep,,442.72339107572606,4427.233910757261,False,4,392.7864961821102,3927.864961821102,0,10,148,0,12,137,sweep,worstrecv,2026491588,main,ok,50.0,740.0,137.0,3500.2339107572598,499.36894893615863,traces/main_worstrecv_004_2026491588_sweep.json,17501.169553786298,0.03442945899951155,True
True,1.0,12,True,tour,,331.75573786141257,3981.068854336951,True,4,331.75573786141257,3981.068854336951,6,12,213,0,12,211,tour,worstrecv,2026491588,main,ok,78.0,1065.0,211.0,2627.0688543369492,0.0,traces/main_worstrecv_004_2026491588_tour.json,13135.344271684746,0.18633191699700546,True
True,1.0,12,True,continuous_cell,,309.75887524282365,3717.106502913884,True,4,309.75887524282365,3717.106502913884,0,12,224,0,12,223,adaptive,worstrecv,2026491588,main,ok,60.0,1120.0,223.0,2314.1065029138836,0.0,traces/main_worstrecv_004_2026491588_adaptive.json,11570.532514569417,0.25736629200036987,True
True,1.0,12,True,continuous_cell,,269.827257623638,3237.9270914836557,True,4,269.827257623638,3237.9270914836557,3,12,144,0,12,139,joint,worstrecv,2026491588,main,ok,69.0,720.0,139.0,2309.9270914836566,0.0,traces/main_worstrecv_004_2026491588_joint.json,11549.635457418282,0.5618837080000958,True
True,1.0,10,,field,,472.7664029667418,4727.664029667418,True,5,304.6255604053828,3046.2556040538284,0,10,216,0,10,210,field,worstrecv,2026491685,main,ok,50.0,1080.0,210.0,3387.664029667417,1681.4084256135893,traces/main_worstrecv_005_2026491685_field.json,16938.320148337083,0.03440529200088349,True
True,0.8,8,,sweep,,466.4460299115952,3731.5682392927615,False,5,466.4460299115952,3731.5682392927615,0,8,144,0,10,142,sweep,worstrecv,2026491685,main,ok,40.0,720.0,142.0,2829.5682392927615,0.0,traces/main_worstrecv_005_2026491685_sweep.json,14147.841196463807,0.02295758399850456,True
True,1.0,10,True,tour,,431.24796418166545,4312.479641816654,True,5,431.24796418166545,4312.479641816654,2,10,210,0,10,208,tour,worstrecv,2026491685,main,ok,56.0,1050.0,208.0,2998.479641816653,0.0,traces/main_worstrecv_005_2026491685_tour.json,14992.398209083265,0.1432036660007725,True
True,1.0,10,True,continuous_cell,,330.83447101065434,3308.3447101065435,True,5,297.53335652564823,2975.3335652564824,1,10,188,0,10,185,adaptive,worstrecv,2026491685,main,ok,53.0,940.0,185.0,2130.344710106544,333.0111448500611,traces/main_worstrecv_005_2026491685_adaptive.json,10651.72355053272,0.14039991699974053,True
True,1.0,10,True,continuous_cell,,345.9270762075927,3459.2707620759265,True,5,320.50204936168507,3205.0204936168507,1,10,159,0,10,150,joint,worstrecv,2026491685,main,ok,53.0,795.0,150.0,2461.270762075926,254.25026845907587,traces/main_worstrecv_005_2026491685_joint.json,12306.35381037963,0.40468420799879823,True
True,1.0,16,,field,,327.3497199764172,5237.595519622675,True,6,254.1930821230809,4067.0893139692944,2,16,172,0,16,163,field,worstrecv,2026491782,main,ok,86.0,860.0,163.0,4128.595519622673,1170.5062056533807,traces/main_worstrecv_006_2026491782_field.json,20642.977598113364,0.038369625002815155,True
True,0.625,10,,sweep,,405.6802968511014,4056.8029685110137,False,6,399.56961868660176,3995.696186866018,0,10,180,0,16,177,sweep,worstrecv,2026491782,main,ok,50.0,900.0,177.0,2929.8029685110128,61.10678164499586,traces/main_worstrecv_006_2026491782_sweep.json,14649.014842555063,0.03374179100137553,True
True,1.0,16,True,tour,,344.42725979603676,5510.836156736588,True,6,344.42725979603676,5510.836156736588,12,16,208,0,16,203,tour,worstrecv,2026491782,main,ok,116.0,1040.0,203.0,4151.836156736587,0.0,traces/main_worstrecv_006_2026491782_tour.json,20759.180783682936,0.2705200419986795,True
True,1.0,16,True,continuous_cell,,234.80865899478215,3756.9385439165144,True,6,232.664175202278,3722.626803236448,1,16,162,0,16,158,adaptive,worstrecv,2026491782,main,ok,83.0,810.0,158.0,2705.9385439165153,34.31174068006658,traces/main_worstrecv_006_2026491782_adaptive.json,13529.692719582576,0.22697391700057779,True
True,1.0,16,True,continuous_cell,,244.0105030220948,3904.168048353517,True,6,244.0105030220948,3904.168048353517,2,16,153,0,16,142,joint,worstrecv,2026491782,main,ok,86.0,765.0,142.0,2911.168048353517,0.0,traces/main_worstrecv_006_2026491782_joint.json,14555.840241767584,0.6003505420012516,True
True,1.0,15,,field,,323.3251721798504,4849.877582697756,True,7,241.61497520453275,3624.2246280679915,0,15,186,0,15,182,field,worstrecv,2026491879,main,ok,75.0,930.0,182.0,3662.877582697757,1225.6529546297647,traces/main_worstrecv_007_2026491879_field.json,18314.387913488787,0.035457292000501184,True
True,0.8666666666666667,13,,sweep,,352.51843459369564,4582.739649718043,False,7,343.7042239830714,4468.154911779929,0,13,172,0,15,167,sweep,worstrecv,2026491879,main,ok,65.0,860.0,167.0,3490.739649718043,114.58473793811481,traces/main_worstrecv_007_2026491879_sweep.json,17453.698248590215,0.043656750000081956,True
True,1.0,15,True,tour,,302.83320532127294,4542.4980798190945,True,7,302.83320532127294,4542.4980798190945,3,15,182,0,15,180,tour,worstrecv,2026491879,main,ok,84.0,910.0,180.0,3368.498079819094,0.0,traces/main_worstrecv_007_2026491879_tour.json,16842.49039909547,0.1341689580003731,True
True,1.0,15,True,continuous_cell,,241.76749555175806,3626.5124332763708,True,7,236.27367798161305,3544.1051697241955,1,15,145,0,15,139,adaptive,worstrecv,2026491879,main,ok,78.0,725.0,139.0,2684.51243327637,82.40726355217521,traces/main_worstrecv_007_2026491879_adaptive.json,13422.56216638185,0.2545261660015967,True
True,1.0,15,True,continuous_cell,,215.82818900035335,3237.4228350053004,True,7,215.82818900035335,3237.4228350053004,5,15,126,0,15,119,joint,worstrecv,2026491879,main,ok,90.0,630.0,119.0,2398.422835005301,0.0,traces/main_worstrecv_007_2026491879_joint.json,11992.114175026503,1.0964720000010857,True
True,1.0,12,,field,,397.86311458230483,4774.357374987658,True,8,312.8498993190928,3754.1987918291134,2,12,216,0,12,208,field,worstrecv,2026491976,main,ok,66.0,1080.0,208.0,3420.357374987655,1020.1585831585444,traces/main_worstrecv_008_2026491976_field.json,17101.786874938276,0.03683045800062246,True
True,0.6666666666666666,8,,sweep,,538.2597664063661,4306.078131250929,False,8,532.5057384246628,4260.0459073973025,0,8,180,0,12,177,sweep,worstrecv,2026491976,main,ok,40.0,900.0,177.0,3189.0781312509293,46.03222385362642,traces/main_worstrecv_008_2026491976_sweep.json,15945.390656254647,0.028402749998349464,True
True,1.0,12,True,tour,,375.53705337388755,4506.44464048665,True,8,375.53705337388755,4506.44464048665,4,12,192,0,12,188,tour,worstrecv,2026491976,main,ok,72.0,960.0,188.0,3286.444640486651,0.0,traces/main_worstrecv_008_2026491976_tour.json,16432.223202433255,0.13461558400013018,True
True,1.0,12,True,continuous_cell,,302.6422102120796,3631.706522544955,True,8,302.6422102120796,3631.706522544955,0,12,173,0,12,168,adaptive,worstrecv,2026491976,main,ok,60.0,865.0,168.0,2538.706522544954,0.0,traces/main_worstrecv_008_2026491976_adaptive.json,12693.532612724772,0.14758404199892539,True
True,1.0,12,True,continuous_cell,,297.0463573553614,3564.556288264337,True,8,297.0463573553614,3564.556288264337,1,12,153,0,12,150,joint,worstrecv,2026491976,main,ok,63.0,765.0,150.0,2586.556288264336,0.0,traces/main_worstrecv_008_2026491976_joint.json,12932.781441321682,0.7317597910005134,True
True,1.0,14,,field,,351.7247984400387,4924.147178160541,True,9,280.33000491028906,3924.620068744047,0,14,183,0,14,179,field,worstrecv,2026492073,main,ok,70.0,915.0,179.0,3760.147178160536,999.5271094164946,traces/main_worstrecv_009_2026492073_field.json,18800.73589080268,0.039993624999624444,True
True,1.0,14,,sweep,,319.81424228498406,4477.399391989777,True,9,319.81424228498406,4477.399391989777,0,14,160,0,14,155,sweep,worstrecv,2026492073,main,ok,70.0,800.0,155.0,3452.3993919897744,0.0,traces/main_worstrecv_009_2026492073_sweep.json,17261.996959948872,0.051187999997637235,True
True,1.0,14,True,tour,,306.59454380278345,4292.323613238968,True,9,275.592084064772,3858.289176906808,3,14,167,0,14,166,tour,worstrecv,2026492073,main,ok,79.0,835.0,166.0,3212.323613238968,434.03443633216057,traces/main_worstrecv_009_2026492073_tour.json,16061.61806619484,0.11890537499857601,True
True,1.0,14,True,continuous_cell,,272.01556731370164,3808.217942391823,True,9,272.01556731370164,3808.217942391823,0,14,194,0,14,191,adaptive,worstrecv,2026492073,main,ok,70.0,970.0,191.0,2577.217942391823,0.0,traces/main_worstrecv_009_2026492073_adaptive.json,12886.089711959114,0.274483417000738,True
True,1.0,14,True,continuous_cell,,241.2728601699433,3377.8200423792064,True,9,238.70143159851474,3341.8200423792064,1,14,137,0,14,133,joint,worstrecv,2026492073,main,ok,73.0,685.0,133.0,2486.8200423792064,36.0,traces/main_worstrecv_009_2026492073_joint.json,12434.100211896031,0.6301122080003552,True
True,1.0,13,,field,,357.84726993865075,4652.0145092024595,True,10,232.8163516153983,3026.612571000178,0,13,186,0,13,182,field,worstrecv,2026492170,main,ok,65.0,930.0,182.0,3475.01450920246,1625.4019382022816,traces/main_worstrecv_010_2026492170_field.json,17375.0725460123,0.03715224999905331,True
True,0.9230769230769231,12,,sweep,,447.0995508020824,5365.1946096249885,False,10,441.6058874676925,5299.27064961231,0,12,172,0,13,168,sweep,worstrecv,2026492170,main,ok,60.0,860.0,168.0,4277.19460962499,65.92396001267844,traces/main_worstrecv_010_2026492170_sweep.json,21385.97304812495,0.03646604200184811,True
True,1.0,13,True,tour,,372.2777293010996,4839.610480914295,True,10,372.2777293010996,4839.610480914295,3,13,216,0,13,214,tour,worstrecv,2026492170,main,ok,74.0,1080.0,214.0,3471.610480914295,0.0,traces/main_worstrecv_010_2026492170_tour.json,17358.052404571474,0.10800525000013295,True
True,1.0,13,True,continuous_cell,,279.0467046340201,3627.607160242261,True,10,279.0467046340201,3627.607160242261,1,13,179,0,13,171,adaptive,worstrecv,2026492170,main,ok,68.0,895.0,171.0,2493.6071602422594,0.0,traces/main_worstrecv_010_2026492170_adaptive.json,12468.035801211297,0.22050166599728982,True
True,1.0,13,True,continuous_cell,,249.56756638352675,3244.3783629858476,True,10,239.3588555180645,3111.6651217348385,0,13,149,0,13,140,joint,worstrecv,2026492170,main,ok,65.0,745.0,140.0,2294.378362985847,132.7132412510091,traces/main_worstrecv_010_2026492170_joint.json,11471.891814929237,0.5848566250024305,True
True,1.0,11,,field,,467.8705886852777,5146.576475538055,True,11,359.103700794662,3950.140708741282,0,11,201,0,11,195,field,worstrecv,2026492267,main,ok,55.0,1005.0,195.0,3891.57647553805,1196.435766796773,traces/main_worstrecv_011_2026492267_field.json,19457.88237769025,0.03530645799764898,True
True,1.0,11,,sweep,,389.47760532714716,4284.253658598619,True,11,389.47760532714716,4284.253658598619,0,11,171,0,11,169,sweep,worstrecv,2026492267,main,ok,55.0,855.0,169.0,3205.2536585986177,0.0,traces/main_worstrecv_011_2026492267_sweep.json,16026.268292993089,0.03721070800020243,True
True,1.0,11,True,tour,,375.30722175833745,4128.379439341712,True,11,375.30722175833745,4128.379439341712,0,11,222,0,11,219,tour,worstrecv,2026492267,main,ok,55.0,1110.0,219.0,2744.379439341713,0.0,traces/main_worstrecv_011_2026492267_tour.json,13721.897196708565,0.09545012500166195,True
True,1.0,11,True,continuous_cell,,305.79583218261024,3363.7541540087127,True,11,305.79583218261024,3363.7541540087127,2,11,182,0,11,177,adaptive,worstrecv,2026492267,main,ok,61.0,910.0,177.0,2215.7541540087122,0.0,traces/main_worstrecv_011_2026492267_adaptive.json,11078.77077004356,0.1844716250016063,True
True,1.0,11,True,continuous_cell,,308.7650539764822,3396.4155937413043,True,11,308.7650539764822,3396.4155937413043,3,11,175,0,11,166,joint,worstrecv,2026492267,main,ok,64.0,875.0,166.0,2291.4155937413043,0.0,traces/main_worstrecv_011_2026492267_joint.json,11457.077968706522,0.501272165998671,True
True,1.0,11,,field,,423.56751855205306,4659.242704072583,True,12,316.9719733850345,3486.6917072353795,2,11,183,0,11,171,field,worstrecv,2026492364,main,ok,61.0,915.0,171.0,3512.2427040725806,1172.550996837204,traces/main_worstrecv_012_2026492364_field.json,17561.213520362904,0.03292741700352053,True
True,1.0,11,,sweep,,352.3863127099117,3876.249439809029,True,12,352.3863127099117,3876.249439809029,0,11,136,0,11,135,sweep,worstrecv,2026492364,main,ok,55.0,680.0,135.0,3006.249439809029,0.0,traces/main_worstrecv_012_2026492364_sweep.json,15031.247199045145,0.035127792001730995,True
True,1.0,11,False,tour,,345.35345605108546,3798.8880165619403,True,12,345.35345605108546,3798.8880165619403,6,11,241,0,11,239,tour,worstrecv,2026492364,main,ok,73.0,1205.0,239.0,2281.8880165619403,0.0,traces/main_worstrecv_012_2026492364_tour.json,11409.4400828097,0.13266175000171643,True
True,1.0,11,True,continuous_cell,,306.14090594861597,3367.5499654347755,True,12,306.14090594861597,3367.5499654347755,0,11,187,0,11,185,adaptive,worstrecv,2026492364,main,ok,55.0,935.0,185.0,2192.549965434776,0.0,traces/main_worstrecv_012_2026492364_adaptive.json,10962.74982717388,0.21161804100120207,True
True,1.0,11,True,continuous_cell,,268.716225912159,2955.8784850337493,True,12,268.716225912159,2955.8784850337493,4,11,156,0,11,154,joint,worstrecv,2026492364,main,ok,67.0,780.0,154.0,1954.8784850337483,0.0,traces/main_worstrecv_012_2026492364_joint.json,9774.392425168742,0.512072999998054,True
True,1.0,14,,field,,332.7112923221904,4657.958092510666,True,13,239.46058561996466,3352.4481986795054,0,14,181,0,14,174,field,worstrecv,2026492461,main,ok,70.0,905.0,174.0,3508.9580925106616,1305.5098938311603,traces/main_worstrecv_013_2026492461_field.json,17544.79046255331,0.0601680830004625,True
True,0.8571428571428571,12,,sweep,,359.99016015021806,4319.8819218026165,False,13,311.0645024189962,3732.7740290279544,0,12,170,0,14,169,sweep,worstrecv,2026492461,main,ok,60.0,850.0,169.0,3240.881921802616,587.1078927746621,traces/main_worstrecv_013_2026492461_sweep.json,16204.40960901308,0.04557616700185463,True
True,1.0,14,True,tour,,298.2040062380892,4174.856087333249,True,13,298.2040062380892,4174.856087333249,9,14,172,0,14,170,tour,worstrecv,2026492461,main,ok,97.0,860.0,170.0,3047.856087333248,0.0,traces/main_worstrecv_013_2026492461_tour.json,15239.28043666624,0.24503558300057193,True
True,1.0,14,True,continuous_cell,,237.45030512036462,3324.3042716851046,True,13,227.8779687806809,3190.2915629295326,0,14,169,0,14,166,adaptive,worstrecv,2026492461,main,ok,70.0,845.0,166.0,2243.3042716851037,134.01270875557202,traces/main_worstrecv_013_2026492461_adaptive.json,11216.521358425518,0.19301066600019112,True
True,1.0,14,True,continuous_cell,,225.59207813114264,3158.289093835997,True,13,212.42636580655065,2973.969121291709,2,14,140,0,14,134,joint,worstrecv,2026492461,main,ok,76.0,700.0,134.0,2248.289093835996,184.3199725442878,traces/main_worstrecv_013_2026492461_joint.json,11241.44546917998,0.7683697909997136,True
True,1.0,10,,field,,442.7287158415249,4427.287158415249,True,14,291.82136987095225,2918.2136987095228,0,10,190,0,10,184,field,worstrecv,2026492558,main,ok,50.0,950.0,184.0,3243.28715841525,1509.0734597057262,traces/main_worstrecv_014_2026492558_field.json,16216.43579207625,0.03159400000004098,True
True,1.0,10,,sweep,,453.4840145513498,4534.840145513498,True,14,453.4840145513498,4534.840145513498,0,10,166,0,10,163,sweep,worstrecv,2026492558,main,ok,50.0,830.0,163.0,3491.8401455134976,0.0,traces/main_worstrecv_014_2026492558_sweep.json,17459.200727567488,0.031457791999855544,True
True,1.0,10,True,tour,,376.6520052913803,3766.520052913803,True,14,376.6520052913803,3766.520052913803,3,10,190,0,10,188,tour,worstrecv,2026492558,main,ok,59.0,950.0,188.0,2569.5200529138015,0.0,traces/main_worstrecv_014_2026492558_tour.json,12847.600264569008,0.0997270829975605,True
True,1.0,10,True,continuous_cell,,366.4024203025846,3664.0242030258455,True,14,366.4024203025846,3664.0242030258455,0,10,211,0,10,207,adaptive,worstrecv,2026492558,main,ok,50.0,1055.0,207.0,2352.024203025846,0.0,traces/main_worstrecv_014_2026492558_adaptive.json,11760.121015129229,0.14262966699971003,True
True,1.0,10,True,continuous_cell,,314.708946363982,3147.08946363982,True,14,314.708946363982,3147.08946363982,1,10,181,0,10,177,joint,worstrecv,2026492558,main,ok,53.0,905.0,177.0,2012.0894636398207,0.0,traces/main_worstrecv_014_2026492558_joint.json,10060.447318199103,0.45806883300247137,True
True,1.0,12,,field,,381.84423211319745,4582.130785358369,True,15,276.47650392286846,3317.7180470744215,0,12,181,0,12,176,field,worstrecv,2026492655,main,ok,60.0,905.0,176.0,3441.1307853583676,1264.4127382839479,traces/main_worstrecv_015_2026492655_field.json,17205.653926791838,0.035893665997718927,True
True,1.0,12,,sweep,,358.7600834031123,4305.121000837347,True,15,358.7600834031123,4305.121000837347,0,12,163,0,12,158,sweep,worstrecv,2026492655,main,ok,60.0,815.0,158.0,3272.121000837348,0.0,traces/main_worstrecv_015_2026492655_sweep.json,16360.60500418674,0.03944200000114506,True
True,1.0,12,True,tour,,415.42793305080363,4985.135196609644,True,15,415.42793305080363,4985.135196609644,9,12,260,0,12,259,tour,worstrecv,2026492655,main,ok,87.0,1300.0,259.0,3339.135196609643,0.0,traces/main_worstrecv_015_2026492655_tour.json,16695.675983048215,0.14888400000199908,True
True,1.0,12,True,continuous_cell,,297.08938526633324,3565.072623195999,True,15,275.93976795353916,3311.27721544247,0,12,178,0,12,173,adaptive,worstrecv,2026492655,main,ok,60.0,890.0,173.0,2442.072623195999,253.7954077535287,traces/main_worstrecv_015_2026492655_adaptive.json,12210.363115979995,0.15598741600115318,True
True,1.0,12,True,continuous_cell,,274.3515291733135,3292.218350079762,True,15,255.1964240678142,3062.3570888137706,0,12,141,0,12,136,joint,worstrecv,2026492655,main,ok,60.0,705.0,136.0,2391.2183500797614,229.8612612659913,traces/main_worstrecv_015_2026492655_joint.json,11956.091750398808,0.7346793329998036,True
True,1.0,12,,field,,394.7480053521231,4736.976064225477,True,16,287.186803927486,3446.2416471298316,0,12,195,0,12,190,field,worstrecv,2026492752,main,ok,60.0,975.0,190.0,3511.9760642254746,1290.7344170956453,traces/main_worstrecv_016_2026492752_field.json,17559.880321127373,0.033131666998087894,True
True,0.8333333333333334,10,,sweep,,434.40194182049254,4344.019418204925,False,16,381.51374072884585,3815.1374072884582,0,10,153,0,12,142,sweep,worstrecv,2026492752,main,ok,50.0,765.0,142.0,3387.0194182049263,528.8820109164672,traces/main_worstrecv_016_2026492752_sweep.json,16935.097091024632,0.033864332999655744,True
True,1.0,12,True,tour,,346.92124707655677,4163.054964918681,True,16,334.9869379469927,4019.8432553639127,2,12,215,0,12,212,tour,worstrecv,2026492752,main,ok,66.0,1075.0,212.0,2810.054964918682,143.21170955476873,traces/main_worstrecv_016_2026492752_tour.json,14050.274824593409,0.08032183400064241,True
True,1.0,12,True,continuous_cell,,277.88539845867234,3334.6247815040683,True,16,259.93148912256305,3119.177869470757,0,12,188,0,12,181,adaptive,worstrecv,2026492752,main,ok,60.0,940.0,181.0,2153.624781504069,215.4469120333115,traces/main_worstrecv_016_2026492752_adaptive.json,10768.123907520343,0.15724504200261435,True
True,1.0,12,True,continuous_cell,,261.9593148863123,3143.5117786357478,True,16,261.9593148863123,3143.5117786357478,0,12,152,0,12,149,joint,worstrecv,2026492752,main,ok,60.0,760.0,149.0,2174.5117786357473,0.0,traces/main_worstrecv_016_2026492752_joint.json,10872.558893178737,0.3910858749986801,True
True,1.0,12,,field,,403.9680251903069,4847.616302283683,True,17,307.75199115367917,3693.0238938441503,0,12,209,0,12,201,field,worstrecv,2026492849,main,ok,60.0,1045.0,201.0,3541.616302283678,1154.5924084395324,traces/main_worstrecv_017_2026492849_field.json,17708.08151141839,0.03220725000210223,True
True,0.75,9,,sweep,,531.6730182588324,4785.057164329492,False,17,496.68941838562284,4470.204765470606,0,9,178,0,12,177,sweep,worstrecv,2026492849,main,ok,45.0,890.0,177.0,3673.0571643294925,314.85239885888586,traces/main_worstrecv_017_2026492849_sweep.json,18365.285821647463,0.03487537500041071,True
True,1.0,12,True,tour,,379.4426998169772,4553.3123978037265,True,17,379.4426998169772,4553.3123978037265,8,12,220,0,12,218,tour,worstrecv,2026492849,main,ok,84.0,1100.0,218.0,3151.312397803726,0.0,traces/main_worstrecv_017_2026492849_tour.json,15756.56198901863,0.15100900000106776,True
True,1.0,12,True,continuous_cell,,292.3206497236302,3507.8477966835626,True,17,292.3206497236302,3507.8477966835626,0,12,192,0,12,190,adaptive,worstrecv,2026492849,main,ok,60.0,960.0,190.0,2297.847796683563,0.0,traces/main_worstrecv_017_2026492849_adaptive.json,11489.238983417816,0.22067299999980605,True
True,1.0,12,True,continuous_cell,,282.2768395981234,3387.3220751774807,True,17,282.2768395981234,3387.3220751774807,2,12,168,0,12,160,joint,worstrecv,2026492849,main,ok,66.0,840.0,160.0,2321.3220751774816,0.0,traces/main_worstrecv_017_2026492849_joint.json,11606.610375887407,0.47572070799651556,True
True,1.0,16,,field,,307.6934936389275,4923.09589822284,True,18,218.49934737167948,3495.9895579468716,0,16,168,0,16,163,field,worstrecv,2026492946,main,ok,80.0,840.0,163.0,3840.0958982228367,1427.1063402759687,traces/main_worstrecv_018_2026492946_field.json,19200.479491114183,0.04055845900074928,True
True,0.9375,15,,sweep,,327.869317337656,4918.03976006484,False,18,327.869317337656,4918.03976006484,0,15,161,0,16,156,sweep,worstrecv,2026492946,main,ok,75.0,805.0,156.0,3882.0397600648403,0.0,traces/main_worstrecv_018_2026492946_sweep.json,19410.1988003242,0.04189891699934378,True
True,1.0,16,True,tour,,287.2044339791372,4595.270943666195,True,18,287.2044339791372,4595.270943666195,5,16,216,0,16,212,tour,worstrecv,2026492946,main,ok,95.0,1080.0,212.0,3208.2709436661944,0.0,traces/main_worstrecv_018_2026492946_tour.json,16041.354718330973,0.12684900000022026,True
True,1.0,16,True,continuous_cell,,240.21243406924904,3843.3989451079847,True,18,240.21243406924904,3843.3989451079847,2,16,171,0,16,166,adaptive,worstrecv,2026492946,main,ok,86.0,855.0,166.0,2736.3989451079856,0.0,traces/main_worstrecv_018_2026492946_adaptive.json,13681.994725539927,0.28331866699954844,True
True,1.0,16,True,continuous_cell,,221.02982559029635,3536.4772094447417,True,18,219.52982559029635,3512.4772094447417,1,16,143,0,16,137,joint,worstrecv,2026492946,main,ok,83.0,715.0,137.0,2601.4772094447408,24.0,traces/main_worstrecv_018_2026492946_joint.json,13007.386047223705,0.6075083329997142,True
True,1.0,14,,field,,351.7078394716865,4923.909752603611,True,19,285.2092778570472,3992.929889998661,0,14,196,0,14,192,field,worstrecv,2026493043,main,ok,70.0,980.0,192.0,3681.909752603608,930.9798626049501,traces/main_worstrecv_019_2026493043_field.json,18409.54876301804,0.03590716600228916,True
True,0.8571428571428571,12,,sweep,,421.27155188935905,5055.258622672309,False,19,411.01303281281497,4932.156393753779,0,12,149,0,14,144,sweep,worstrecv,2026493043,main,ok,60.0,745.0,144.0,4106.258622672309,123.10222891852936,traces/main_worstrecv_019_2026493043_sweep.json,20531.293113361542,0.03863704199829954,True
True,1.0,14,True,tour,,297.85316644687947,4169.944330256312,True,19,297.85316644687947,4169.944330256312,5,14,174,0,14,172,tour,worstrecv,2026493043,main,ok,85.0,870.0,172.0,3042.9443302563113,0.0,traces/main_worstrecv_019_2026493043_tour.json,15214.721651281558,0.1262185000014142,True
True,1.0,14,True,continuous_cell,,260.1866115353885,3642.6125614954394,True,19,260.1866115353885,3642.6125614954394,0,14,175,0,14,171,adaptive,worstrecv,2026493043,main,ok,70.0,875.0,171.0,2526.6125614954394,0.0,traces/main_worstrecv_019_2026493043_adaptive.json,12633.062807477198,0.23602712499996414,True
True,1.0,14,True,continuous_cell,,223.15067606375152,3124.1094648925214,True,19,223.15067606375152,3124.1094648925214,0,14,124,0,14,120,joint,worstrecv,2026493043,main,ok,70.0,620.0,120.0,2314.10946489252,0.0,traces/main_worstrecv_019_2026493043_joint.json,11570.547324462601,0.7625460829985968,True
True,1.0,12,True,continuous_cell,,257.5484600823773,3090.5815209885277,True,0,231.73619791541773,2780.834374985013,0,12,130,0,12,126,joint_no_after_service,random,2026091200,ablation,ok,60.0,650.0,126.0,2254.581520988528,309.7471460035149,traces/ablation_random_000_2026091200_joint_no_after_service.json,11272.90760494264,0.6213604580007086,True
True,1.0,12,True,continuous_cell,,264.8127837739356,3177.7534052872275,True,0,239.4703579790753,2873.6442957489035,1,12,157,0,12,152,joint_single_plan,random,2026091200,ablation,ok,63.0,785.0,152.0,2177.7534052872275,304.109109538324,traces/ablation_random_000_2026091200_joint_single_plan.json,10888.767026436137,0.21437595899988082,True
True,1.0,12,True,continuous_cell,,259.646526016452,3115.758312197424,True,0,233.1043231413258,2797.2518776959096,1,12,142,0,12,137,joint_no_cover_polish,random,2026091200,ablation,ok,63.0,710.0,137.0,2205.758312197425,318.5064345015144,traces/ablation_random_000_2026091200_joint_no_cover_polish.json,11028.791560987123,0.275291333997302,True
True,1.0,12,True,continuous_cell,,256.01518435634483,3072.182212276138,True,0,230.10066008756885,2761.2079210508264,1,12,136,0,12,129,joint_no_probability_gate,random,2026091200,ablation,ok,63.0,680.0,129.0,2200.182212276139,310.97429122531184,traces/ablation_random_000_2026091200_joint_no_probability_gate.json,11000.911061380695,0.5925215829993249,True
True,1.0,15,True,continuous_cell,,210.32035630459586,3154.805344568938,True,1,210.32035630459586,3154.805344568938,3,15,131,0,15,127,joint_no_after_service,random,2026091297,ablation,ok,84.0,655.0,127.0,2288.805344568937,0.0,traces/ablation_random_001_2026091297_joint_no_after_service.json,11444.026722844685,0.548070541000925,True
True,1.0,15,True,continuous_cell,,234.66759735079876,3520.0139602619815,True,1,221.37347407125287,3320.602111068793,4,15,135,0,15,125,joint_single_plan,random,2026091297,ablation,ok,87.0,675.0,125.0,2633.0139602619815,199.41184919318857,traces/ablation_random_001_2026091297_joint_single_plan.json,13165.069801309908,0.25303079199875356,True
True,1.0,15,True,continuous_cell,,205.83768158001712,3087.565223700257,True,1,205.83768158001712,3087.565223700257,8,15,139,0,15,133,joint_no_cover_polish,random,2026091297,ablation,ok,99.0,695.0,133.0,2160.565223700258,0.0,traces/ablation_random_001_2026091297_joint_no_cover_polish.json,10802.826118501289,0.30223429200123064,True
True,1.0,15,True,continuous_cell,,216.256006112861,3243.840091692915,True,1,216.256006112861,3243.840091692915,4,15,147,0,15,141,joint_no_probability_gate,random,2026091297,ablation,ok,87.0,735.0,141.0,2280.840091692916,0.0,traces/ablation_random_001_2026091297_joint_no_probability_gate.json,11404.200458464578,0.49934987500091665,True
True,1.0,14,True,continuous_cell,,199.8259922085155,2797.5638909192166,True,2,197.2545636291825,2761.5638908085552,1,14,109,0,14,106,joint_no_after_service,random,2026091394,ablation,ok,73.0,545.0,106.0,2073.563890919216,36.000000110661404,traces/ablation_random_002_2026091394_joint_no_after_service.json,10367.819454596081,0.790184000001318,True
True,1.0,14,True,continuous_cell,,202.43269681717268,2834.0577554404176,True,2,202.43269681717268,2834.0577554404176,4,14,109,0,14,104,joint_single_plan,random,2026091394,ablation,ok,82.0,545.0,104.0,2103.0577554404176,0.0,traces/ablation_random_002_2026091394_joint_single_plan.json,10515.288777202088,0.24659416699796566,True
True,1.0,14,True,continuous_cell,,208.37767905690663,2917.287506796693,True,2,208.37767905690663,2917.287506796693,4,14,117,0,14,114,joint_no_cover_polish,random,2026091394,ablation,ok,82.0,585.0,114.0,2136.2875067966925,0.0,traces/ablation_random_002_2026091394_joint_no_cover_polish.json,10681.437533983462,0.31107254100061255,True
True,1.0,14,True,continuous_cell,,200.8902384788735,2812.463338704229,True,2,200.8902384788735,2812.463338704229,4,14,109,0,14,104,joint_no_probability_gate,random,2026091394,ablation,ok,82.0,545.0,104.0,2081.463338704228,0.0,traces/ablation_random_002_2026091394_joint_no_probability_gate.json,10407.316693521141,0.7773307080024097,True
True,1.0,13,True,continuous_cell,,229.94613218651077,2989.29971842464,True,3,229.94613218651077,2989.29971842464,3,13,140,0,13,138,joint_no_after_service,random,2026091491,ablation,ok,74.0,700.0,138.0,2077.2997184246406,0.0,traces/ablation_random_003_2026091491_joint_no_after_service.json,10386.498592123204,0.41692095799953677,True
True,1.0,13,True,continuous_cell,,248.64537785396536,3232.3899121015497,True,3,248.64537785396536,3232.3899121015497,3,13,162,0,13,155,joint_single_plan,random,2026091491,ablation,ok,74.0,810.0,155.0,2193.3899121015497,0.0,traces/ablation_random_003_2026091491_joint_single_plan.json,10966.949560507748,0.1931023750003078,True
True,1.0,13,True,continuous_cell,,241.3327698902636,3137.326008573427,True,3,223.9552103505212,2911.417734556776,5,13,150,0,13,144,joint_no_cover_polish,random,2026091491,ablation,ok,80.0,750.0,144.0,2163.326008573427,225.90827401665092,traces/ablation_random_003_2026091491_joint_no_cover_polish.json,10816.630042867135,0.30787591700209305,True
True,1.0,13,True,continuous_cell,,238.76829939548492,3103.9878921413037,True,3,238.76829939548492,3103.9878921413037,5,13,156,0,13,147,joint_no_probability_gate,random,2026091491,ablation,ok,80.0,780.0,147.0,2096.987892141304,0.0,traces/ablation_random_003_2026091491_joint_no_probability_gate.json,10484.93946070652,0.43666591699729906,True
True,1.0,14,True,continuous_cell,,223.5558794771699,3129.7823126803787,True,4,223.5558794771699,3129.7823126803787,3,14,129,0,14,125,joint_no_after_service,random,2026091588,ablation,ok,79.0,645.0,125.0,2280.7823126803787,0.0,traces/ablation_random_004_2026091588_joint_no_after_service.json,11403.911563401894,0.7862133330017969,True
True,1.0,14,True,continuous_cell,,223.61251394089103,3130.5751951724747,True,4,221.04108536946248,3094.5751951724747,4,14,139,0,14,127,joint_single_plan,random,2026091588,ablation,ok,82.0,695.0,127.0,2226.5751951724733,36.0,traces/ablation_random_004_2026091588_joint_single_plan.json,11132.875975862366,0.25349795800138963,True
True,1.0,14,True,continuous_cell,,219.47781285276423,3072.6893799386994,True,4,216.90638428133568,3036.6893799386994,3,14,128,0,14,118,joint_no_cover_polish,random,2026091588,ablation,ok,79.0,640.0,118.0,2235.6893799386994,36.0,traces/ablation_random_004_2026091588_joint_no_cover_polish.json,11178.446899693497,0.3016236250005022,True
True,1.0,14,True,continuous_cell,,221.66860088424824,3103.3604123794753,True,4,219.09717231281965,3067.3604123794753,4,14,132,0,14,122,joint_no_probability_gate,random,2026091588,ablation,ok,82.0,660.0,122.0,2239.360412379475,36.0,traces/ablation_random_004_2026091588_joint_no_probability_gate.json,11196.802061897373,0.7009141249982349,True
True,1.0,13,True,continuous_cell,,223.97853433414124,2911.720946343836,True,5,223.97853433414124,2911.720946343836,3,13,113,0,13,108,joint_no_after_service,random,2026091685,ablation,ok,74.0,565.0,108.0,2164.7209463438376,0.0,traces/ablation_random_005_2026091685_joint_no_after_service.json,10823.604731719188,0.9070697499992093,True
True,1.0,13,True,continuous_cell,,221.01188592337033,2873.1545170038144,True,5,221.01188592337033,2873.1545170038144,0,13,107,0,13,103,joint_single_plan,random,2026091685,ablation,ok,65.0,535.0,103.0,2170.1545170038153,0.0,traces/ablation_random_005_2026091685_joint_single_plan.json,10850.772585019076,0.27105870800005505,True
True,1.0,13,True,continuous_cell,,240.82308883743778,3130.700154886691,True,5,216.56646296571017,2815.364018554232,2,13,135,0,13,129,joint_no_cover_polish,random,2026091685,ablation,ok,71.0,675.0,129.0,2255.700154886691,315.33613633245886,traces/ablation_random_005_2026091685_joint_no_cover_polish.json,11278.500774433454,0.36312954199820524,True
True,1.0,13,True,continuous_cell,,224.35238126458873,2916.5809564396536,True,5,224.35238126458873,2916.5809564396536,0,13,118,0,13,113,joint_no_probability_gate,random,2026091685,ablation,ok,65.0,590.0,113.0,2148.580956439654,0.0,traces/ablation_random_005_2026091685_joint_no_probability_gate.json,10742.904782198271,0.8152039159976994,True
True,1.0,11,True,continuous_cell,,250.8338712483236,2759.1725837315594,True,6,222.47119009975788,2447.1830910973367,1,11,130,0,11,128,joint_no_after_service,random,2026091782,ablation,ok,58.0,650.0,128.0,1923.1725837315596,311.98949263422264,traces/ablation_random_006_2026091782_joint_no_after_service.json,9615.862918657798,0.5923344589973567,True
True,1.0,11,True,continuous_cell,,255.29671447948377,2808.2638592743215,True,6,226.93403333091808,2496.274366640099,1,11,147,0,11,144,joint_single_plan,random,2026091782,ablation,ok,58.0,735.0,144.0,1871.263859274322,311.98949263422264,traces/ablation_random_006_2026091782_joint_single_plan.json,9356.31929637161,0.19915749999927357,True
True,1.0,11,True,continuous_cell,,262.14427515453633,2883.5870266998995,True,6,237.44836658333796,2611.9320324167174,2,11,159,0,11,155,joint_no_cover_polish,random,2026091782,ablation,ok,61.0,795.0,155.0,1872.5870266998995,271.6549942831821,traces/ablation_random_006_2026091782_joint_no_cover_polish.json,9362.935133499497,0.2988236249984766,True
True,1.0,11,True,continuous_cell,,248.8043538249726,2736.8478920746984,True,6,220.44167267640688,2424.8583994404758,1,11,127,0,11,124,joint_no_probability_gate,random,2026091782,ablation,ok,58.0,635.0,124.0,1919.847892074699,311.98949263422264,traces/ablation_random_006_2026091782_joint_no_probability_gate.json,9599.239460373496,0.6134023339982377,True
True,1.0,12,True,continuous_cell,,234.4618186810752,2813.541824172902,True,7,209.17576361160252,2510.1091633392302,1,12,127,0,12,124,joint_no_after_service,random,2026091879,ablation,ok,63.0,635.0,124.0,1991.5418241729021,303.4326608336719,traces/ablation_random_007_2026091879_joint_no_after_service.json,9957.70912086451,0.879746749997139,True
True,1.0,12,True,continuous_cell,,236.31717500072205,2835.8061000086645,True,7,236.31717500072205,2835.8061000086645,1,12,118,0,12,114,joint_single_plan,random,2026091879,ablation,ok,63.0,590.0,114.0,2068.8061000086655,0.0,traces/ablation_random_007_2026091879_joint_single_plan.json,10344.030500043327,0.22356191699873307,True
True,1.0,12,True,continuous_cell,,239.59984785615111,2875.1981742738135,True,7,209.8993943844877,2518.7927326138524,2,12,130,0,12,125,joint_no_cover_polish,random,2026091879,ablation,ok,66.0,650.0,125.0,2034.198174273813,356.40544165996107,traces/ablation_random_007_2026091879_joint_no_cover_polish.json,10170.990871369066,0.3398260419999133,True
True,1.0,12,True,continuous_cell,,235.62327378630508,2827.479285435661,True,7,210.47522134841302,2525.702656180956,2,12,131,0,12,128,joint_no_probability_gate,random,2026091879,ablation,ok,66.0,655.0,128.0,1978.4792854356606,301.77662925470486,traces/ablation_random_007_2026091879_joint_no_probability_gate.json,9892.396427178302,0.7343160000018543,True
True,1.0,15,True,continuous_cell,,214.50291676447665,3217.54375146715,True,8,214.50291676447665,3217.54375146715,4,15,124,0,15,119,joint_no_after_service,random,2026091976,ablation,ok,87.0,620.0,119.0,2391.5437514671503,0.0,traces/ablation_random_008_2026091976_joint_no_after_service.json,11957.718757335751,0.7691021669998008,True
True,1.0,15,True,continuous_cell,,215.048658439063,3225.729876585945,True,8,215.048658439063,3225.729876585945,5,15,126,0,15,118,joint_single_plan,random,2026091976,ablation,ok,90.0,630.0,118.0,2387.729876585945,0.0,traces/ablation_random_008_2026091976_joint_single_plan.json,11938.649382929725,0.2538353750023816,True
True,1.0,15,True,continuous_cell,,213.47520807876563,3202.1281211814844,True,8,213.47520807876563,3202.1281211814844,5,15,121,0,15,113,joint_no_cover_polish,random,2026091976,ablation,ok,90.0,605.0,113.0,2394.128121181485,0.0,traces/ablation_random_008_2026091976_joint_no_cover_polish.json,11970.640605907425,0.34780654199857963,True
True,1.0,15,True,continuous_cell,,210.30252379315073,3154.537856897261,True,8,210.30252379315073,3154.537856897261,4,15,120,0,15,113,joint_no_probability_gate,random,2026091976,ablation,ok,87.0,600.0,113.0,2354.5378568972615,0.0,traces/ablation_random_008_2026091976_joint_no_probability_gate.json,11772.689284486307,0.7479952920002688,True
True,1.0,16,True,continuous_cell,,175.19880821878814,2803.1809315006103,True,9,169.6870185120133,2714.992296192213,5,16,110,0,16,107,joint_no_after_service,random,2026092073,ablation,ok,95.0,550.0,107.0,2051.1809315006108,88.18863530839735,traces/ablation_random_009_2026092073_joint_no_after_service.json,10255.904657503053,0.9983138329989742,True
True,1.0,16,True,continuous_cell,,168.49151292123594,2695.864206739775,True,9,161.2650879015861,2580.2414064253776,3,16,96,0,16,91,joint_single_plan,random,2026092073,ablation,ok,89.0,480.0,91.0,2035.8642067397745,115.62280031439741,traces/ablation_random_009_2026092073_joint_single_plan.json,10179.321033698872,0.323170666997612,True
True,1.0,16,True,continuous_cell,,171.60277229446825,2745.644356711492,True,9,163.8231962219816,2621.1711395517054,1,16,99,0,16,96,joint_no_cover_polish,random,2026092073,ablation,ok,83.0,495.0,96.0,2071.6443567114916,124.4732171597866,traces/ablation_random_009_2026092073_joint_no_cover_polish.json,10358.221783557457,0.435389166999812,True
True,1.0,16,True,continuous_cell,,175.16415632178015,2802.6265011484825,True,9,169.65236661500532,2714.437865840085,3,16,116,0,16,110,joint_no_probability_gate,random,2026092073,ablation,ok,89.0,580.0,110.0,2023.6265011484818,88.18863530839735,traces/ablation_random_009_2026092073_joint_no_probability_gate.json,10118.13250574241,1.1228257500006293,True
True,1.0,10,True,continuous_cell,,269.8059927903774,2698.0599279037738,True,10,269.8059927903774,2698.0599279037738,3,10,146,0,10,143,joint_no_after_service,random,2026092170,ablation,ok,59.0,730.0,143.0,1766.0599279037742,0.0,traces/ablation_random_010_2026092170_joint_no_after_service.json,8830.299639518871,0.5563594579980418,True
True,1.0,10,True,continuous_cell,,275.920678665375,2759.2067866537504,True,10,256.1812132456527,2561.8121324565273,5,10,144,0,10,140,joint_single_plan,random,2026092170,ablation,ok,65.0,720.0,140.0,1834.2067866537514,197.3946541972232,traces/ablation_random_010_2026092170_joint_single_plan.json,9171.033933268756,0.21614024999871617,True
True,1.0,10,True,continuous_cell,,286.8996463330723,2868.996463330723,True,10,248.56938964103506,2485.6938964103506,4,10,155,0,10,150,joint_no_cover_polish,random,2026092170,ablation,ok,62.0,775.0,150.0,1881.9964633307222,383.30256692037256,traces/ablation_random_010_2026092170_joint_no_cover_polish.json,9409.982316653612,0.2542085829991265,True
True,1.0,10,True,continuous_cell,,272.7162680147203,2727.162680147203,True,10,272.7162680147203,2727.162680147203,5,10,147,0,10,142,joint_no_probability_gate,random,2026092170,ablation,ok,65.0,735.0,142.0,1785.162680147203,0.0,traces/ablation_random_010_2026092170_joint_no_probability_gate.json,8925.813400736015,0.5495600419999391,True
True,1.0,15,True,continuous_cell,,220.5643317274561,3308.4649759118415,True,11,220.5643317274561,3308.4649759118415,2,15,121,0,15,117,joint_no_after_service,random,2026092267,ablation,ok,81.0,605.0,117.0,2505.464975911841,0.0,traces/ablation_random_011_2026092267_joint_no_after_service.json,12527.324879559204,1.0416317919989524,True
True,1.0,15,True,continuous_cell,,229.12182597572672,3436.827389635901,True,11,227.12182597572672,3406.827389635901,6,15,111,0,15,104,joint_single_plan,random,2026092267,ablation,ok,93.0,555.0,104.0,2684.827389635901,30.0,traces/ablation_random_011_2026092267_joint_single_plan.json,13424.136948179505,0.29557437500261585,True
True,1.0,15,True,continuous_cell,,211.0968659843053,3166.45298976458,True,11,211.0968659843053,3166.45298976458,5,15,113,0,15,106,joint_no_cover_polish,random,2026092267,ablation,ok,90.0,565.0,106.0,2405.45298976458,0.0,traces/ablation_random_011_2026092267_joint_no_cover_polish.json,12027.2649488229,0.3595533749976312,True
True,1.0,15,True,continuous_cell,,225.99524603312219,3389.9286904968326,True,11,223.99524603312219,3359.9286904968326,8,15,122,0,15,114,joint_no_probability_gate,random,2026092267,ablation,ok,99.0,610.0,114.0,2566.928690496833,30.0,traces/ablation_random_011_2026092267_joint_no_probability_gate.json,12834.643452484164,1.0363971670012688,True
True,1.0,12,True,continuous_cell,,257.37048422341945,3088.4458106810334,True,12,253.37048421390128,3040.4458105668155,0,12,134,0,12,129,joint_no_after_service,random,2026092364,ablation,ok,60.0,670.0,129.0,2229.4458106810343,48.00000011421798,traces/ablation_random_012_2026092364_joint_no_after_service.json,11147.229053405172,0.501926041997649,True
True,1.0,12,True,continuous_cell,,255.7437782024373,3068.925338429248,True,12,255.7437782024373,3068.925338429248,4,12,127,0,12,120,joint_single_plan,random,2026092364,ablation,ok,72.0,635.0,120.0,2241.9253384292474,0.0,traces/ablation_random_012_2026092364_joint_single_plan.json,11209.626692146237,0.19551508400036255,True
True,1.0,12,True,continuous_cell,,260.5251450456919,3126.301740548303,True,12,256.5251450456919,3078.301740548303,3,12,141,0,12,135,joint_no_cover_polish,random,2026092364,ablation,ok,69.0,705.0,135.0,2217.3017405483038,48.0,traces/ablation_random_012_2026092364_joint_no_cover_polish.json,11086.50870274152,0.27563933299825294,True
True,1.0,12,True,continuous_cell,,265.0109559244925,3180.13147109391,True,12,261.0109559244925,3132.13147109391,2,12,148,0,12,144,joint_no_probability_gate,random,2026092364,ablation,ok,66.0,740.0,144.0,2230.1314710939105,48.0,traces/ablation_random_012_2026092364_joint_no_probability_gate.json,11150.657355469551,0.5191339170014544,True
True,1.0,14,True,continuous_cell,,244.78610825376578,3427.0055155527207,True,13,244.78610825376578,3427.0055155527207,5,14,143,0,14,138,joint_no_after_service,random,2026092461,ablation,ok,85.0,715.0,138.0,2489.00551555272,0.0,traces/ablation_random_013_2026092461_joint_no_after_service.json,12445.027577763602,0.4794005840012687,True
True,1.0,14,True,continuous_cell,,232.70640931568462,3257.889730419585,True,13,232.70640931568462,3257.889730419585,1,14,149,0,14,141,joint_single_plan,random,2026092461,ablation,ok,73.0,745.0,141.0,2298.8897304195852,0.0,traces/ablation_random_013_2026092461_joint_single_plan.json,11494.448652097926,0.15873816599923884,True
True,1.0,14,True,continuous_cell,,231.70314766328733,3243.8440672860224,True,13,231.70314766328733,3243.8440672860224,0,14,148,0,14,141,joint_no_cover_polish,random,2026092461,ablation,ok,70.0,740.0,141.0,2292.844067286023,0.0,traces/ablation_random_013_2026092461_joint_no_cover_polish.json,11464.220336430115,0.21192495799914468,True
True,1.0,14,True,continuous_cell,,236.88091735482027,3316.332842967484,True,13,236.88091735482027,3316.332842967484,1,14,152,0,14,143,joint_no_probability_gate,random,2026092461,ablation,ok,73.0,760.0,143.0,2340.332842967485,0.0,traces/ablation_random_013_2026092461_joint_no_probability_gate.json,11701.664214837423,0.4030605000007199,True
True,1.0,10,True,continuous_cell,,303.429401788724,3034.2940178872404,True,14,303.429401788724,3034.2940178872404,2,10,133,0,10,130,joint_no_after_service,random,2026092558,ablation,ok,56.0,665.0,130.0,2183.2940178872404,0.0,traces/ablation_random_014_2026092558_joint_no_after_service.json,10916.470089436201,0.4285706669979845,True
True,1.0,10,True,continuous_cell,,308.4469597601456,3084.469597601456,True,14,308.4469597601456,3084.469597601456,3,10,147,0,10,142,joint_single_plan,random,2026092558,ablation,ok,59.0,735.0,142.0,2148.4695976014564,0.0,traces/ablation_random_014_2026092558_joint_single_plan.json,10742.347988007283,0.1575868330000958,True
True,1.0,10,True,continuous_cell,,301.7261478072399,3017.261478072399,True,14,295.7261478072399,2957.261478072399,4,10,132,0,10,126,joint_no_cover_polish,random,2026092558,ablation,ok,62.0,660.0,126.0,2169.261478072399,60.0,traces/ablation_random_014_2026092558_joint_no_cover_polish.json,10846.307390361995,0.23499104200163856,True
True,1.0,10,True,continuous_cell,,303.0805900839555,3030.805900839555,True,14,303.0805900839555,3030.805900839555,3,10,134,0,10,129,joint_no_probability_gate,random,2026092558,ablation,ok,59.0,670.0,129.0,2172.8059008395558,0.0,traces/ablation_random_014_2026092558_joint_no_probability_gate.json,10864.029504197779,0.3812318749987753,True
True,1.0,12,True,continuous_cell,,277.0594511781806,3324.7134141381675,True,15,277.0594511781806,3324.7134141381675,3,12,135,0,12,127,joint_no_after_service,random,2026092655,ablation,ok,69.0,675.0,127.0,2453.713414138166,0.0,traces/ablation_random_015_2026092655_joint_no_after_service.json,12268.567070690831,0.48119383299854235,True
True,1.0,12,True,continuous_cell,,274.29834902543365,3291.5801883052036,True,15,274.29834902543365,3291.5801883052036,0,12,130,0,12,123,joint_single_plan,random,2026092655,ablation,ok,60.0,650.0,123.0,2458.5801883052036,0.0,traces/ablation_random_015_2026092655_joint_single_plan.json,12292.900941526017,0.16798579199894448,True
True,1.0,12,True,continuous_cell,,276.70812044312277,3320.497445317473,True,15,276.70812044312277,3320.497445317473,0,12,131,0,12,124,joint_no_cover_polish,random,2026092655,ablation,ok,60.0,655.0,124.0,2481.4974453174723,0.0,traces/ablation_random_015_2026092655_joint_no_cover_polish.json,12407.487226587362,0.2313718749974214,True
True,1.0,12,True,continuous_cell,,288.4026180929696,3460.8314171156353,True,15,288.4026180929696,3460.8314171156353,0,12,159,0,12,152,joint_no_probability_gate,random,2026092655,ablation,ok,60.0,795.0,152.0,2453.8314171156353,0.0,traces/ablation_random_015_2026092655_joint_no_probability_gate.json,12269.157085578177,0.5042144580002059,True
True,1.0,10,True,continuous_cell,,330.3043168460207,3303.043168460207,True,16,311.47442737213805,3114.7442737213805,3,10,127,0,10,122,joint_no_after_service,random,2026092752,ablation,ok,59.0,635.0,122.0,2487.043168460208,188.29889473882668,traces/ablation_random_016_2026092752_joint_no_after_service.json,12435.21584230104,0.4834119999977702,True
True,1.0,10,True,continuous_cell,,343.65027810156437,3436.502781015644,True,16,324.8498559949915,3248.498559949915,1,10,141,0,10,131,joint_single_plan,random,2026092752,ablation,ok,53.0,705.0,131.0,2547.5027810156444,188.00422106572887,traces/ablation_random_016_2026092752_joint_single_plan.json,12737.513905078222,0.17524466699978802,True
True,1.0,10,True,continuous_cell,,357.39276923608026,3573.9276923608027,True,16,318.074253824533,3180.7425382453303,1,10,160,0,10,152,joint_no_cover_polish,random,2026092752,ablation,ok,53.0,800.0,152.0,2568.9276923608027,393.1851541154724,traces/ablation_random_016_2026092752_joint_no_cover_polish.json,12844.638461804014,0.24619212499965215,True
True,1.0,10,True,continuous_cell,,347.00739416400313,3470.073941640031,True,16,328.2497305037642,3282.497305037642,3,10,141,0,10,131,joint_no_probability_gate,random,2026092752,ablation,ok,59.0,705.0,131.0,2575.073941640033,187.57663660238904,traces/ablation_random_016_2026092752_joint_no_probability_gate.json,12875.369708200164,0.48437345899947104,True
True,1.0,15,True,continuous_cell,,207.48161079619177,3112.2241619428764,True,17,207.48161079619177,3112.2241619428764,3,15,118,0,15,114,joint_no_after_service,random,2026092849,ablation,ok,84.0,590.0,114.0,2324.224161942876,0.0,traces/ablation_random_017_2026092849_joint_no_after_service.json,11621.120809714379,0.9035408749987255,True
True,1.0,15,True,continuous_cell,,219.13730136667516,3287.0595205001273,True,17,219.13730136667516,3287.0595205001273,6,15,130,0,15,120,joint_single_plan,random,2026092849,ablation,ok,93.0,650.0,120.0,2424.0595205001264,0.0,traces/ablation_random_017_2026092849_joint_single_plan.json,12120.297602500632,0.34174070800145273,True
True,1.0,15,True,continuous_cell,,226.5065449148776,3397.598173723164,True,17,224.5065449148776,3367.598173723164,7,15,135,0,15,132,joint_no_cover_polish,random,2026092849,ablation,ok,96.0,675.0,132.0,2494.598173723164,30.0,traces/ablation_random_017_2026092849_joint_no_cover_polish.json,12472.990868615821,0.44164154199825134,True
True,1.0,15,True,continuous_cell,,213.35700442377927,3200.355066356689,True,17,211.35700442377927,3170.355066356689,7,15,132,0,15,125,joint_no_probability_gate,random,2026092849,ablation,ok,96.0,660.0,125.0,2319.3550663566893,30.0,traces/ablation_random_017_2026092849_joint_no_probability_gate.json,11596.775331783447,0.9035063330011326,True
True,1.0,13,True,continuous_cell,,249.89188470895334,3248.5945012163934,True,18,249.89188470895334,3248.5945012163934,5,13,132,0,13,126,joint_no_after_service,random,2026092946,ablation,ok,80.0,660.0,126.0,2382.594501216393,0.0,traces/ablation_random_018_2026092946_joint_no_after_service.json,11912.972506081966,0.6438199170006556,True
True,1.0,13,True,continuous_cell,,242.69978181045795,3155.0971635359533,True,18,242.69978181045795,3155.0971635359533,0,13,128,0,13,122,joint_single_plan,random,2026092946,ablation,ok,65.0,640.0,122.0,2328.0971635359524,0.0,traces/ablation_random_018_2026092946_joint_single_plan.json,11640.485817679762,0.21672045800005435,True
True,1.0,13,True,continuous_cell,,245.63632246638502,3193.272192063005,True,18,245.63632246638502,3193.272192063005,1,13,129,0,13,122,joint_no_cover_polish,random,2026092946,ablation,ok,68.0,645.0,122.0,2358.272192063005,0.0,traces/ablation_random_018_2026092946_joint_no_cover_polish.json,11791.360960315025,0.2868599590001395,True
True,1.0,13,True,continuous_cell,,243.98511551629096,3171.8065017117824,True,18,240.75434628552173,3129.8065017117824,0,13,127,0,13,123,joint_no_probability_gate,random,2026092946,ablation,ok,65.0,635.0,123.0,2348.806501711783,42.0,traces/ablation_random_018_2026092946_joint_no_probability_gate.json,11744.032508558914,0.631919666997419,True
True,1.0,15,True,continuous_cell,,227.52144954802932,3412.8217432204397,True,19,227.52144954802932,3412.8217432204397,2,15,116,0,15,111,joint_no_after_service,random,2026093043,ablation,ok,81.0,580.0,111.0,2640.82174322044,0.0,traces/ablation_random_019_2026093043_joint_no_after_service.json,13204.1087161022,0.9531985419998819,True
True,1.0,15,True,continuous_cell,,234.36727222719313,3515.509083407897,True,19,232.36727222719313,3485.509083407897,3,15,129,0,15,121,joint_single_plan,random,2026093043,ablation,ok,84.0,645.0,121.0,2665.5090834078965,30.0,traces/ablation_random_019_2026093043_joint_single_plan.json,13327.545417039482,0.3051661249992321,True
True,1.0,15,True,continuous_cell,,243.06037493670178,3645.9056240505265,True,19,243.06037493670178,3645.9056240505265,2,15,117,0,15,106,joint_no_cover_polish,random,2026093043,ablation,ok,81.0,585.0,106.0,2873.9056240505256,0.0,traces/ablation_random_019_2026093043_joint_no_cover_polish.json,14369.528120252628,0.38506825000149547,True
True,1.0,15,True,continuous_cell,,233.62117018928487,3504.317552839273,True,19,233.62117018928487,3504.317552839273,3,15,129,0,15,120,joint_no_probability_gate,random,2026093043,ablation,ok,84.0,645.0,120.0,2655.3175528392735,0.0,traces/ablation_random_019_2026093043_joint_no_probability_gate.json,13276.587764196367,0.913365625001461,True
