audit_ok,clear_ratio,cleared,complete_proof,completion_kind,error,exit_per_source_s,exit_s,full_clear,index,last_clear_per_source_s,last_clear_s,n_clear_failure,n_clear_success,n_measure,n_rejected,n_sources,n_switch,policy,scenario,seed,split,status,t_clear_s,t_measure_s,t_switch_s,t_travel_s,tail_s,trace_file,travel_m,wall_s,wall_within_1200s
True,1.0,12,True,continuous_cell,,257.5484600823773,3090.5815209885277,True,0,231.73619791541773,2780.834374985013,0,12,130,0,12,126,joint_no_after_service,random,2026091200,ablation,ok,60.0,650.0,126.0,2254.581520988528,309.7471460035149,traces/ablation_random_000_2026091200_joint_no_after_service.json,11272.90760494264,0.6389651298522949,True
True,1.0,12,True,continuous_cell,,259.646526016452,3115.758312197424,True,0,233.1043231413258,2797.2518776959096,1,12,142,0,12,137,joint_no_cover_polish,random,2026091200,ablation,ok,63.0,710.0,137.0,2205.758312197425,318.5064345015144,traces/ablation_random_000_2026091200_joint_no_cover_polish.json,11028.791560987123,0.2796480655670166,True
True,1.0,12,True,continuous_cell,,256.01518435634483,3072.182212276138,True,0,230.10066008756885,2761.2079210508264,1,12,136,0,12,129,joint_no_probability_gate,random,2026091200,ablation,ok,63.0,680.0,129.0,2200.182212276139,310.97429122531184,traces/ablation_random_000_2026091200_joint_no_probability_gate.json,11000.911061380695,0.6047520637512207,True
True,1.0,12,True,continuous_cell,,264.8127837739356,3177.7534052872275,True,0,239.4703579790753,2873.6442957489035,1,12,157,0,12,152,joint_single_plan,random,2026091200,ablation,ok,63.0,785.0,152.0,2177.7534052872275,304.109109538324,traces/ablation_random_000_2026091200_joint_single_plan.json,10888.767026436137,0.21776199340820312,True
True,1.0,15,True,continuous_cell,,210.32035630459586,3154.805344568938,True,1,210.32035630459586,3154.805344568938,3,15,131,0,15,127,joint_no_after_service,random,2026091297,ablation,ok,84.0,655.0,127.0,2288.805344568937,0.0,traces/ablation_random_001_2026091297_joint_no_after_service.json,11444.026722844685,0.5541017055511475,True
True,1.0,15,True,continuous_cell,,205.83768158001712,3087.565223700257,True,1,205.83768158001712,3087.565223700257,8,15,139,0,15,133,joint_no_cover_polish,random,2026091297,ablation,ok,99.0,695.0,133.0,2160.565223700258,0.0,traces/ablation_random_001_2026091297_joint_no_cover_polish.json,10802.826118501289,0.3042900562286377,True
True,1.0,15,True,continuous_cell,,216.256006112861,3243.840091692915,True,1,216.256006112861,3243.840091692915,4,15,147,0,15,141,joint_no_probability_gate,random,2026091297,ablation,ok,87.0,735.0,141.0,2280.840091692916,0.0,traces/ablation_random_001_2026091297_joint_no_probability_gate.json,11404.200458464578,0.4973409175872803,True
True,1.0,15,True,continuous_cell,,234.66759735079876,3520.0139602619815,True,1,221.37347407125287,3320.602111068793,4,15,135,0,15,125,joint_single_plan,random,2026091297,ablation,ok,87.0,675.0,125.0,2633.0139602619815,199.41184919318857,traces/ablation_random_001_2026091297_joint_single_plan.json,13165.069801309908,0.2532308101654053,True
True,1.0,14,True,continuous_cell,,199.8259922085155,2797.5638909192166,True,2,197.2545636291825,2761.5638908085552,1,14,109,0,14,106,joint_no_after_service,random,2026091394,ablation,ok,73.0,545.0,106.0,2073.563890919216,36.000000110661404,traces/ablation_random_002_2026091394_joint_no_after_service.json,10367.819454596081,0.810150146484375,True
True,1.0,14,True,continuous_cell,,208.37767905690663,2917.287506796693,True,2,208.37767905690663,2917.287506796693,4,14,117,0,14,114,joint_no_cover_polish,random,2026091394,ablation,ok,82.0,585.0,114.0,2136.2875067966925,0.0,traces/ablation_random_002_2026091394_joint_no_cover_polish.json,10681.437533983462,0.3229548931121826,True
True,1.0,14,True,continuous_cell,,200.8902384788735,2812.463338704229,True,2,200.8902384788735,2812.463338704229,4,14,109,0,14,104,joint_no_probability_gate,random,2026091394,ablation,ok,82.0,545.0,104.0,2081.463338704228,0.0,traces/ablation_random_002_2026091394_joint_no_probability_gate.json,10407.316693521141,0.784980058670044,True
True,1.0,14,True,continuous_cell,,202.43269681717268,2834.0577554404176,True,2,202.43269681717268,2834.0577554404176,4,14,109,0,14,104,joint_single_plan,random,2026091394,ablation,ok,82.0,545.0,104.0,2103.0577554404176,0.0,traces/ablation_random_002_2026091394_joint_single_plan.json,10515.288777202088,0.2508208751678467,True
True,1.0,13,True,continuous_cell,,229.94613218651077,2989.29971842464,True,3,229.94613218651077,2989.29971842464,3,13,140,0,13,138,joint_no_after_service,random,2026091491,ablation,ok,74.0,700.0,138.0,2077.2997184246406,0.0,traces/ablation_random_003_2026091491_joint_no_after_service.json,10386.498592123204,0.4233059883117676,True
True,1.0,13,True,continuous_cell,,241.3327698902636,3137.326008573427,True,3,223.9552103505212,2911.417734556776,5,13,150,0,13,144,joint_no_cover_polish,random,2026091491,ablation,ok,80.0,750.0,144.0,2163.326008573427,225.90827401665092,traces/ablation_random_003_2026091491_joint_no_cover_polish.json,10816.630042867135,0.3101460933685303,True
True,1.0,13,True,continuous_cell,,238.76829939548492,3103.9878921413037,True,3,238.76829939548492,3103.9878921413037,5,13,156,0,13,147,joint_no_probability_gate,random,2026091491,ablation,ok,80.0,780.0,147.0,2096.987892141304,0.0,traces/ablation_random_003_2026091491_joint_no_probability_gate.json,10484.93946070652,0.44463205337524414,True
True,1.0,13,True,continuous_cell,,248.64537785396536,3232.3899121015497,True,3,248.64537785396536,3232.3899121015497,3,13,162,0,13,155,joint_single_plan,random,2026091491,ablation,ok,74.0,810.0,155.0,2193.3899121015497,0.0,traces/ablation_random_003_2026091491_joint_single_plan.json,10966.949560507748,0.19742202758789062,True
True,1.0,14,True,continuous_cell,,223.5558794771699,3129.7823126803787,True,4,223.5558794771699,3129.7823126803787,3,14,129,0,14,125,joint_no_after_service,random,2026091588,ablation,ok,79.0,645.0,125.0,2280.7823126803787,0.0,traces/ablation_random_004_2026091588_joint_no_after_service.json,11403.911563401894,0.7887039184570312,True
True,1.0,14,True,continuous_cell,,219.47781285276423,3072.6893799386994,True,4,216.90638428133568,3036.6893799386994,3,14,128,0,14,118,joint_no_cover_polish,random,2026091588,ablation,ok,79.0,640.0,118.0,2235.6893799386994,36.0,traces/ablation_random_004_2026091588_joint_no_cover_polish.json,11178.446899693497,0.30405497550964355,True
True,1.0,14,True,continuous_cell,,221.66860088424824,3103.3604123794753,True,4,219.09717231281965,3067.3604123794753,4,14,132,0,14,122,joint_no_probability_gate,random,2026091588,ablation,ok,82.0,660.0,122.0,2239.360412379475,36.0,traces/ablation_random_004_2026091588_joint_no_probability_gate.json,11196.802061897373,0.7078750133514404,True
True,1.0,14,True,continuous_cell,,223.61251394089103,3130.5751951724747,True,4,221.04108536946248,3094.5751951724747,4,14,139,0,14,127,joint_single_plan,random,2026091588,ablation,ok,82.0,695.0,127.0,2226.5751951724733,36.0,traces/ablation_random_004_2026091588_joint_single_plan.json,11132.875975862366,0.263225793838501,True
True,1.0,13,True,continuous_cell,,223.97853433414124,2911.720946343836,True,5,223.97853433414124,2911.720946343836,3,13,113,0,13,108,joint_no_after_service,random,2026091685,ablation,ok,74.0,565.0,108.0,2164.7209463438376,0.0,traces/ablation_random_005_2026091685_joint_no_after_service.json,10823.604731719188,0.8908276557922363,True
True,1.0,13,True,continuous_cell,,240.82308883743778,3130.700154886691,True,5,216.56646296571017,2815.364018554232,2,13,135,0,13,129,joint_no_cover_polish,random,2026091685,ablation,ok,71.0,675.0,129.0,2255.700154886691,315.33613633245886,traces/ablation_random_005_2026091685_joint_no_cover_polish.json,11278.500774433454,0.3663597106933594,True
True,1.0,13,True,continuous_cell,,224.35238126458873,2916.5809564396536,True,5,224.35238126458873,2916.5809564396536,0,13,118,0,13,113,joint_no_probability_gate,random,2026091685,ablation,ok,65.0,590.0,113.0,2148.580956439654,0.0,traces/ablation_random_005_2026091685_joint_no_probability_gate.json,10742.904782198271,0.825192928314209,True
True,1.0,13,True,continuous_cell,,221.01188592337033,2873.1545170038144,True,5,221.01188592337033,2873.1545170038144,0,13,107,0,13,103,joint_single_plan,random,2026091685,ablation,ok,65.0,535.0,103.0,2170.1545170038153,0.0,traces/ablation_random_005_2026091685_joint_single_plan.json,10850.772585019076,0.2768070697784424,True
True,1.0,11,True,continuous_cell,,250.8338712483236,2759.1725837315594,True,6,222.47119009975788,2447.1830910973367,1,11,130,0,11,128,joint_no_after_service,random,2026091782,ablation,ok,58.0,650.0,128.0,1923.1725837315596,311.98949263422264,traces/ablation_random_006_2026091782_joint_no_after_service.json,9615.862918657798,0.5999200344085693,True
True,1.0,11,True,continuous_cell,,262.14427515453633,2883.5870266998995,True,6,237.44836658333796,2611.9320324167174,2,11,159,0,11,155,joint_no_cover_polish,random,2026091782,ablation,ok,61.0,795.0,155.0,1872.5870266998995,271.6549942831821,traces/ablation_random_006_2026091782_joint_no_cover_polish.json,9362.935133499497,0.30153322219848633,True
True,1.0,11,True,continuous_cell,,248.8043538249726,2736.8478920746984,True,6,220.44167267640688,2424.8583994404758,1,11,127,0,11,124,joint_no_probability_gate,random,2026091782,ablation,ok,58.0,635.0,124.0,1919.847892074699,311.98949263422264,traces/ablation_random_006_2026091782_joint_no_probability_gate.json,9599.239460373496,0.6304886341094971,True
True,1.0,11,True,continuous_cell,,255.29671447948377,2808.2638592743215,True,6,226.93403333091808,2496.274366640099,1,11,147,0,11,144,joint_single_plan,random,2026091782,ablation,ok,58.0,735.0,144.0,1871.263859274322,311.98949263422264,traces/ablation_random_006_2026091782_joint_single_plan.json,9356.31929637161,0.19967389106750488,True
True,1.0,12,True,continuous_cell,,234.4618186810752,2813.541824172902,True,7,209.17576361160252,2510.1091633392302,1,12,127,0,12,124,joint_no_after_service,random,2026091879,ablation,ok,63.0,635.0,124.0,1991.5418241729021,303.4326608336719,traces/ablation_random_007_2026091879_joint_no_after_service.json,9957.70912086451,0.8827950954437256,True
True,1.0,12,True,continuous_cell,,239.59984785615111,2875.1981742738135,True,7,209.8993943844877,2518.7927326138524,2,12,130,0,12,125,joint_no_cover_polish,random,2026091879,ablation,ok,66.0,650.0,125.0,2034.198174273813,356.40544165996107,traces/ablation_random_007_2026091879_joint_no_cover_polish.json,10170.990871369066,0.339951753616333,True
True,1.0,12,True,continuous_cell,,235.62327378630508,2827.479285435661,True,7,210.47522134841302,2525.702656180956,2,12,131,0,12,128,joint_no_probability_gate,random,2026091879,ablation,ok,66.0,655.0,128.0,1978.4792854356606,301.77662925470486,traces/ablation_random_007_2026091879_joint_no_probability_gate.json,9892.396427178302,0.7368378639221191,True
True,1.0,12,True,continuous_cell,,236.31717500072205,2835.8061000086645,True,7,236.31717500072205,2835.8061000086645,1,12,118,0,12,114,joint_single_plan,random,2026091879,ablation,ok,63.0,590.0,114.0,2068.8061000086655,0.0,traces/ablation_random_007_2026091879_joint_single_plan.json,10344.030500043327,0.2215743064880371,True
True,1.0,15,True,continuous_cell,,214.50291676447665,3217.54375146715,True,8,214.50291676447665,3217.54375146715,4,15,124,0,15,119,joint_no_after_service,random,2026091976,ablation,ok,87.0,620.0,119.0,2391.5437514671503,0.0,traces/ablation_random_008_2026091976_joint_no_after_service.json,11957.718757335751,0.7703368663787842,True
True,1.0,15,True,continuous_cell,,213.47520807876563,3202.1281211814844,True,8,213.47520807876563,3202.1281211814844,5,15,121,0,15,113,joint_no_cover_polish,random,2026091976,ablation,ok,90.0,605.0,113.0,2394.128121181485,0.0,traces/ablation_random_008_2026091976_joint_no_cover_polish.json,11970.640605907425,0.3582470417022705,True
True,1.0,15,True,continuous_cell,,210.30252379315073,3154.537856897261,True,8,210.30252379315073,3154.537856897261,4,15,120,0,15,113,joint_no_probability_gate,random,2026091976,ablation,ok,87.0,600.0,113.0,2354.5378568972615,0.0,traces/ablation_random_008_2026091976_joint_no_probability_gate.json,11772.689284486307,0.750540018081665,True
True,1.0,15,True,continuous_cell,,215.048658439063,3225.729876585945,True,8,215.048658439063,3225.729876585945,5,15,126,0,15,118,joint_single_plan,random,2026091976,ablation,ok,90.0,630.0,118.0,2387.729876585945,0.0,traces/ablation_random_008_2026091976_joint_single_plan.json,11938.649382929725,0.25374269485473633,True
True,1.0,16,True,continuous_cell,,175.19880821878814,2803.1809315006103,True,9,169.6870185120133,2714.992296192213,5,16,110,0,16,107,joint_no_after_service,random,2026092073,ablation,ok,95.0,550.0,107.0,2051.1809315006108,88.18863530839735,traces/ablation_random_009_2026092073_joint_no_after_service.json,10255.904657503053,1.0077011585235596,True
True,1.0,16,True,continuous_cell,,171.60277229446825,2745.644356711492,True,9,163.8231962219816,2621.1711395517054,1,16,99,0,16,96,joint_no_cover_polish,random,2026092073,ablation,ok,83.0,495.0,96.0,2071.6443567114916,124.4732171597866,traces/ablation_random_009_2026092073_joint_no_cover_polish.json,10358.221783557457,0.41207218170166016,True
True,1.0,16,True,continuous_cell,,175.16415632178015,2802.6265011484825,True,9,169.65236661500532,2714.437865840085,3,16,116,0,16,110,joint_no_probability_gate,random,2026092073,ablation,ok,89.0,580.0,110.0,2023.6265011484818,88.18863530839735,traces/ablation_random_009_2026092073_joint_no_probability_gate.json,10118.13250574241,1.1333341598510742,True
True,1.0,16,True,continuous_cell,,168.49151292123594,2695.864206739775,True,9,161.2650879015861,2580.2414064253776,3,16,96,0,16,91,joint_single_plan,random,2026092073,ablation,ok,89.0,480.0,91.0,2035.8642067397745,115.62280031439741,traces/ablation_random_009_2026092073_joint_single_plan.json,10179.321033698872,0.32355499267578125,True
True,1.0,10,True,continuous_cell,,269.8059927903774,2698.0599279037738,True,10,269.8059927903774,2698.0599279037738,3,10,146,0,10,143,joint_no_after_service,random,2026092170,ablation,ok,59.0,730.0,143.0,1766.0599279037742,0.0,traces/ablation_random_010_2026092170_joint_no_after_service.json,8830.299639518871,0.5622291564941406,True
True,1.0,10,True,continuous_cell,,286.8996463330723,2868.996463330723,True,10,248.56938964103506,2485.6938964103506,4,10,155,0,10,150,joint_no_cover_polish,random,2026092170,ablation,ok,62.0,775.0,150.0,1881.9964633307222,383.30256692037256,traces/ablation_random_010_2026092170_joint_no_cover_polish.json,9409.982316653612,0.2627100944519043,True
True,1.0,10,True,continuous_cell,,272.7162680147203,2727.162680147203,True,10,272.7162680147203,2727.162680147203,5,10,147,0,10,142,joint_no_probability_gate,random,2026092170,ablation,ok,65.0,735.0,142.0,1785.162680147203,0.0,traces/ablation_random_010_2026092170_joint_no_probability_gate.json,8925.813400736015,0.5662767887115479,True
True,1.0,10,True,continuous_cell,,275.920678665375,2759.2067866537504,True,10,256.1812132456527,2561.8121324565273,5,10,144,0,10,140,joint_single_plan,random,2026092170,ablation,ok,65.0,720.0,140.0,1834.2067866537514,197.3946541972232,traces/ablation_random_010_2026092170_joint_single_plan.json,9171.033933268756,0.2209181785583496,True
True,1.0,15,True,continuous_cell,,220.5643317274561,3308.4649759118415,True,11,220.5643317274561,3308.4649759118415,2,15,121,0,15,117,joint_no_after_service,random,2026092267,ablation,ok,81.0,605.0,117.0,2505.464975911841,0.0,traces/ablation_random_011_2026092267_joint_no_after_service.json,12527.324879559204,1.0566930770874023,True
True,1.0,15,True,continuous_cell,,211.0968659843053,3166.45298976458,True,11,211.0968659843053,3166.45298976458,5,15,113,0,15,106,joint_no_cover_polish,random,2026092267,ablation,ok,90.0,565.0,106.0,2405.45298976458,0.0,traces/ablation_random_011_2026092267_joint_no_cover_polish.json,12027.2649488229,0.36103105545043945,True
True,1.0,15,True,continuous_cell,,225.99524603312219,3389.9286904968326,True,11,223.99524603312219,3359.9286904968326,8,15,122,0,15,114,joint_no_probability_gate,random,2026092267,ablation,ok,99.0,610.0,114.0,2566.928690496833,30.0,traces/ablation_random_011_2026092267_joint_no_probability_gate.json,12834.643452484164,1.0543889999389648,True
True,1.0,15,True,continuous_cell,,229.12182597572672,3436.827389635901,True,11,227.12182597572672,3406.827389635901,6,15,111,0,15,104,joint_single_plan,random,2026092267,ablation,ok,93.0,555.0,104.0,2684.827389635901,30.0,traces/ablation_random_011_2026092267_joint_single_plan.json,13424.136948179505,0.3004450798034668,True
True,1.0,12,True,continuous_cell,,257.37048422341945,3088.4458106810334,True,12,253.37048421390128,3040.4458105668155,0,12,134,0,12,129,joint_no_after_service,random,2026092364,ablation,ok,60.0,670.0,129.0,2229.4458106810343,48.00000011421798,traces/ablation_random_012_2026092364_joint_no_after_service.json,11147.229053405172,0.507375955581665,True
True,1.0,12,True,continuous_cell,,260.5251450456919,3126.301740548303,True,12,256.5251450456919,3078.301740548303,3,12,141,0,12,135,joint_no_cover_polish,random,2026092364,ablation,ok,69.0,705.0,135.0,2217.3017405483038,48.0,traces/ablation_random_012_2026092364_joint_no_cover_polish.json,11086.50870274152,0.2807910442352295,True
True,1.0,12,True,continuous_cell,,265.0109559244925,3180.13147109391,True,12,261.0109559244925,3132.13147109391,2,12,148,0,12,144,joint_no_probability_gate,random,2026092364,ablation,ok,66.0,740.0,144.0,2230.1314710939105,48.0,traces/ablation_random_012_2026092364_joint_no_probability_gate.json,11150.657355469551,0.533193826675415,True
True,1.0,12,True,continuous_cell,,255.7437782024373,3068.925338429248,True,12,255.7437782024373,3068.925338429248,4,12,127,0,12,120,joint_single_plan,random,2026092364,ablation,ok,72.0,635.0,120.0,2241.9253384292474,0.0,traces/ablation_random_012_2026092364_joint_single_plan.json,11209.626692146237,0.19742226600646973,True
True,1.0,14,True,continuous_cell,,244.78610825376578,3427.0055155527207,True,13,244.78610825376578,3427.0055155527207,5,14,143,0,14,138,joint_no_after_service,random,2026092461,ablation,ok,85.0,715.0,138.0,2489.00551555272,0.0,traces/ablation_random_013_2026092461_joint_no_after_service.json,12445.027577763602,0.47746920585632324,True
True,1.0,14,True,continuous_cell,,231.70314766328733,3243.8440672860224,True,13,231.70314766328733,3243.8440672860224,0,14,148,0,14,141,joint_no_cover_polish,random,2026092461,ablation,ok,70.0,740.0,141.0,2292.844067286023,0.0,traces/ablation_random_013_2026092461_joint_no_cover_polish.json,11464.220336430115,0.21643495559692383,True
True,1.0,14,True,continuous_cell,,236.88091735482027,3316.332842967484,True,13,236.88091735482027,3316.332842967484,1,14,152,0,14,143,joint_no_probability_gate,random,2026092461,ablation,ok,73.0,760.0,143.0,2340.332842967485,0.0,traces/ablation_random_013_2026092461_joint_no_probability_gate.json,11701.664214837423,0.4118180274963379,True
True,1.0,14,True,continuous_cell,,232.70640931568462,3257.889730419585,True,13,232.70640931568462,3257.889730419585,1,14,149,0,14,141,joint_single_plan,random,2026092461,ablation,ok,73.0,745.0,141.0,2298.8897304195852,0.0,traces/ablation_random_013_2026092461_joint_single_plan.json,11494.448652097926,0.16525888442993164,True
True,1.0,10,True,continuous_cell,,303.429401788724,3034.2940178872404,True,14,303.429401788724,3034.2940178872404,2,10,133,0,10,130,joint_no_after_service,random,2026092558,ablation,ok,56.0,665.0,130.0,2183.2940178872404,0.0,traces/ablation_random_014_2026092558_joint_no_after_service.json,10916.470089436201,0.42967677116394043,True
True,1.0,10,True,continuous_cell,,301.7261478072399,3017.261478072399,True,14,295.7261478072399,2957.261478072399,4,10,132,0,10,126,joint_no_cover_polish,random,2026092558,ablation,ok,62.0,660.0,126.0,2169.261478072399,60.0,traces/ablation_random_014_2026092558_joint_no_cover_polish.json,10846.307390361995,0.24324321746826172,True
True,1.0,10,True,continuous_cell,,303.0805900839555,3030.805900839555,True,14,303.0805900839555,3030.805900839555,3,10,134,0,10,129,joint_no_probability_gate,random,2026092558,ablation,ok,59.0,670.0,129.0,2172.8059008395558,0.0,traces/ablation_random_014_2026092558_joint_no_probability_gate.json,10864.029504197779,0.43260908126831055,True
True,1.0,10,True,continuous_cell,,308.4469597601456,3084.469597601456,True,14,308.4469597601456,3084.469597601456,3,10,147,0,10,142,joint_single_plan,random,2026092558,ablation,ok,59.0,735.0,142.0,2148.4695976014564,0.0,traces/ablation_random_014_2026092558_joint_single_plan.json,10742.347988007283,0.16335606575012207,True
True,1.0,12,True,continuous_cell,,277.0594511781806,3324.7134141381675,True,15,277.0594511781806,3324.7134141381675,3,12,135,0,12,127,joint_no_after_service,random,2026092655,ablation,ok,69.0,675.0,127.0,2453.713414138166,0.0,traces/ablation_random_015_2026092655_joint_no_after_service.json,12268.567070690831,0.4867377281188965,True
True,1.0,12,True,continuous_cell,,276.70812044312277,3320.497445317473,True,15,276.70812044312277,3320.497445317473,0,12,131,0,12,124,joint_no_cover_polish,random,2026092655,ablation,ok,60.0,655.0,124.0,2481.4974453174723,0.0,traces/ablation_random_015_2026092655_joint_no_cover_polish.json,12407.487226587362,0.2349720001220703,True
True,1.0,12,True,continuous_cell,,288.4026180929696,3460.8314171156353,True,15,288.4026180929696,3460.8314171156353,0,12,159,0,12,152,joint_no_probability_gate,random,2026092655,ablation,ok,60.0,795.0,152.0,2453.8314171156353,0.0,traces/ablation_random_015_2026092655_joint_no_probability_gate.json,12269.157085578177,0.5093131065368652,True
True,1.0,12,True,continuous_cell,,274.29834902543365,3291.5801883052036,True,15,274.29834902543365,3291.5801883052036,0,12,130,0,12,123,joint_single_plan,random,2026092655,ablation,ok,60.0,650.0,123.0,2458.5801883052036,0.0,traces/ablation_random_015_2026092655_joint_single_plan.json,12292.900941526017,0.17165803909301758,True
True,1.0,10,True,continuous_cell,,330.3043168460207,3303.043168460207,True,16,311.47442737213805,3114.7442737213805,3,10,127,0,10,122,joint_no_after_service,random,2026092752,ablation,ok,59.0,635.0,122.0,2487.043168460208,188.29889473882668,traces/ablation_random_016_2026092752_joint_no_after_service.json,12435.21584230104,0.4915788173675537,True
True,1.0,10,True,continuous_cell,,357.39276923608026,3573.9276923608027,True,16,318.074253824533,3180.7425382453303,1,10,160,0,10,152,joint_no_cover_polish,random,2026092752,ablation,ok,53.0,800.0,152.0,2568.9276923608027,393.1851541154724,traces/ablation_random_016_2026092752_joint_no_cover_polish.json,12844.638461804014,0.25562191009521484,True
True,1.0,10,True,continuous_cell,,347.00739416400313,3470.073941640031,True,16,328.2497305037642,3282.497305037642,3,10,141,0,10,131,joint_no_probability_gate,random,2026092752,ablation,ok,59.0,705.0,131.0,2575.073941640033,187.57663660238904,traces/ablation_random_016_2026092752_joint_no_probability_gate.json,12875.369708200164,0.4695858955383301,True
True,1.0,10,True,continuous_cell,,343.65027810156437,3436.502781015644,True,16,324.8498559949915,3248.498559949915,1,10,141,0,10,131,joint_single_plan,random,2026092752,ablation,ok,53.0,705.0,131.0,2547.5027810156444,188.00422106572887,traces/ablation_random_016_2026092752_joint_single_plan.json,12737.513905078222,0.1816098690032959,True
True,1.0,15,True,continuous_cell,,207.48161079619177,3112.2241619428764,True,17,207.48161079619177,3112.2241619428764,3,15,118,0,15,114,joint_no_after_service,random,2026092849,ablation,ok,84.0,590.0,114.0,2324.224161942876,0.0,traces/ablation_random_017_2026092849_joint_no_after_service.json,11621.120809714379,0.9067740440368652,True
True,1.0,15,True,continuous_cell,,226.5065449148776,3397.598173723164,True,17,224.5065449148776,3367.598173723164,7,15,135,0,15,132,joint_no_cover_polish,random,2026092849,ablation,ok,96.0,675.0,132.0,2494.598173723164,30.0,traces/ablation_random_017_2026092849_joint_no_cover_polish.json,12472.990868615821,0.44312500953674316,True
True,1.0,15,True,continuous_cell,,213.35700442377927,3200.355066356689,True,17,211.35700442377927,3170.355066356689,7,15,132,0,15,125,joint_no_probability_gate,random,2026092849,ablation,ok,96.0,660.0,125.0,2319.3550663566893,30.0,traces/ablation_random_017_2026092849_joint_no_probability_gate.json,11596.775331783447,0.9029550552368164,True
True,1.0,15,True,continuous_cell,,219.13730136667516,3287.0595205001273,True,17,219.13730136667516,3287.0595205001273,6,15,130,0,15,120,joint_single_plan,random,2026092849,ablation,ok,93.0,650.0,120.0,2424.0595205001264,0.0,traces/ablation_random_017_2026092849_joint_single_plan.json,12120.297602500632,0.33403491973876953,True
True,1.0,13,True,continuous_cell,,249.89188470895334,3248.5945012163934,True,18,249.89188470895334,3248.5945012163934,5,13,132,0,13,126,joint_no_after_service,random,2026092946,ablation,ok,80.0,660.0,126.0,2382.594501216393,0.0,traces/ablation_random_018_2026092946_joint_no_after_service.json,11912.972506081966,0.6377458572387695,True
True,1.0,13,True,continuous_cell,,245.63632246638502,3193.272192063005,True,18,245.63632246638502,3193.272192063005,1,13,129,0,13,122,joint_no_cover_polish,random,2026092946,ablation,ok,68.0,645.0,122.0,2358.272192063005,0.0,traces/ablation_random_018_2026092946_joint_no_cover_polish.json,11791.360960315025,0.2935612201690674,True
True,1.0,13,True,continuous_cell,,243.98511551629096,3171.8065017117824,True,18,240.75434628552173,3129.8065017117824,0,13,127,0,13,123,joint_no_probability_gate,random,2026092946,ablation,ok,65.0,635.0,123.0,2348.806501711783,42.0,traces/ablation_random_018_2026092946_joint_no_probability_gate.json,11744.032508558914,0.6264557838439941,True
True,1.0,13,True,continuous_cell,,242.69978181045795,3155.0971635359533,True,18,242.69978181045795,3155.0971635359533,0,13,128,0,13,122,joint_single_plan,random,2026092946,ablation,ok,65.0,640.0,122.0,2328.0971635359524,0.0,traces/ablation_random_018_2026092946_joint_single_plan.json,11640.485817679762,0.22238707542419434,True
True,1.0,15,True,continuous_cell,,227.52144954802932,3412.8217432204397,True,19,227.52144954802932,3412.8217432204397,2,15,116,0,15,111,joint_no_after_service,random,2026093043,ablation,ok,81.0,580.0,111.0,2640.82174322044,0.0,traces/ablation_random_019_2026093043_joint_no_after_service.json,13204.1087161022,0.9620339870452881,True
True,1.0,15,True,continuous_cell,,243.06037493670178,3645.9056240505265,True,19,243.06037493670178,3645.9056240505265,2,15,117,0,15,106,joint_no_cover_polish,random,2026093043,ablation,ok,81.0,585.0,106.0,2873.9056240505256,0.0,traces/ablation_random_019_2026093043_joint_no_cover_polish.json,14369.528120252628,0.38732004165649414,True
True,1.0,15,True,continuous_cell,,233.62117018928487,3504.317552839273,True,19,233.62117018928487,3504.317552839273,3,15,129,0,15,120,joint_no_probability_gate,random,2026093043,ablation,ok,84.0,645.0,120.0,2655.3175528392735,0.0,traces/ablation_random_019_2026093043_joint_no_probability_gate.json,13276.587764196367,0.8981959819793701,True
True,1.0,15,True,continuous_cell,,234.36727222719313,3515.509083407897,True,19,232.36727222719313,3485.509083407897,3,15,129,0,15,121,joint_single_plan,random,2026093043,ablation,ok,84.0,645.0,121.0,2665.5090834078965,30.0,traces/ablation_random_019_2026093043_joint_single_plan.json,13327.545417039482,0.31978487968444824,True
True,1.0,12,True,continuous_cell,,320.98791438680166,3851.85497264162,True,0,320.98791438680166,3851.85497264162,0,12,188,0,12,181,adaptive,annulus,2026191200,main,ok,60.0,940.0,181.0,2670.8549726416213,0.0,traces/main_annulus_000_2026191200_adaptive.json,13354.274863208106,0.19167804718017578,True
True,1.0,12,,field,,396.5189335820863,4758.227202985036,True,0,279.8863207354342,3358.6358488252104,0,12,195,0,12,188,field,annulus,2026191200,main,ok,60.0,975.0,188.0,3535.2272029850333,1399.5913541598252,traces/main_annulus_000_2026191200_field.json,17676.136014925167,0.03323984146118164,True
True,1.0,12,True,continuous_cell,,282.36928230401537,3388.4313876481847,True,0,270.57177888116155,3246.8613465739386,2,12,167,0,12,156,joint,annulus,2026191200,main,ok,66.0,835.0,156.0,2331.4313876481847,141.5700410742461,traces/main_annulus_000_2026191200_joint.json,11657.156938240923,0.497528076171875,True
True,1.0,12,,sweep,,355.9598800628355,4271.518560754026,True,0,355.9598800628355,4271.518560754026,0,12,170,0,12,169,sweep,annulus,2026191200,main,ok,60.0,850.0,169.0,3192.5185607540275,0.0,traces/main_annulus_000_2026191200_sweep.json,15962.592803770138,0.04842185974121094,True
True,1.0,12,True,tour,,351.92355412866453,4223.082649543974,True,0,351.92355412866453,4223.082649543974,2,12,202,0,12,200,tour,annulus,2026191200,main,ok,66.0,1010.0,200.0,2947.082649543975,0.0,traces/main_annulus_000_2026191200_tour.json,14735.413247719876,0.1006779670715332,True
True,1.0,12,True,continuous_cell,,286.7166477729479,3440.599773275375,True,1,286.7166477729479,3440.599773275375,0,12,168,0,12,163,adaptive,annulus,2026191297,main,ok,60.0,840.0,163.0,2377.599773275375,0.0,traces/main_annulus_001_2026191297_adaptive.json,11887.998866376875,0.14366793632507324,True
True,1.0,12,,field,,433.7458255080115,5204.949906096138,True,1,295.28813558964913,3543.45762707579,0,12,210,0,12,201,field,annulus,2026191297,main,ok,60.0,1050.0,201.0,3893.949906096134,1661.4922790203482,traces/main_annulus_001_2026191297_field.json,19469.74953048067,0.03859710693359375,True
True,1.0,12,True,continuous_cell,,291.45134294621124,3497.416115354535,True,1,291.45134294621124,3497.416115354535,3,12,176,0,12,167,joint,annulus,2026191297,main,ok,69.0,880.0,167.0,2381.4161153545347,0.0,traces/main_annulus_001_2026191297_joint.json,11907.080576772674,0.43171000480651855,True
True,0.9166666666666666,11,,sweep,,456.8334747558505,5025.168222314355,False,1,439.3872807108561,4833.260087819417,0,11,188,0,12,182,sweep,annulus,2026191297,main,ok,55.0,940.0,182.0,3848.168222314357,191.90813449493817,traces/main_annulus_001_2026191297_sweep.json,19240.841111571786,0.029484987258911133,True
True,1.0,12,True,tour,,408.2003786907847,4898.404544289417,True,1,408.2003786907847,4898.404544289417,7,12,223,0,12,219,tour,annulus,2026191297,main,ok,81.0,1115.0,219.0,3483.4045442894158,0.0,traces/main_annulus_001_2026191297_tour.json,17417.02272144708,0.18959689140319824,True
True,1.0,12,True,continuous_cell,,275.67424690407785,3308.0909628489344,True,2,275.67424690407785,3308.0909628489344,1,12,167,0,12,162,adaptive,annulus,2026191394,main,ok,63.0,835.0,162.0,2248.0909628489358,0.0,traces/main_annulus_002_2026191394_adaptive.json,11240.454814244678,0.2243051528930664,True
True,1.0,12,,field,,420.80172585054015,5049.620710206482,True,2,332.9012651549662,3994.8151818595943,0,12,206,0,12,193,field,annulus,2026191394,main,ok,60.0,1030.0,193.0,3766.6207102064777,1054.8055283468875,traces/main_annulus_002_2026191394_field.json,18833.10355103239,0.03946208953857422,True
True,1.0,12,True,continuous_cell,,270.57866223384934,3246.943946806192,True,2,263.33430503723895,3160.0116604468676,2,12,148,0,12,134,joint,annulus,2026191394,main,ok,66.0,740.0,134.0,2306.943946806193,86.93228635932428,traces/main_annulus_002_2026191394_joint.json,11534.719734030965,0.46067118644714355,True
True,1.0,12,,sweep,,370.5050293882141,4446.060352658569,True,2,370.5050293882141,4446.060352658569,0,12,169,0,12,162,sweep,annulus,2026191394,main,ok,60.0,845.0,162.0,3379.0603526585683,0.0,traces/main_annulus_002_2026191394_sweep.json,16895.301763292842,0.049894094467163086,True
True,1.0,12,True,tour,,396.69045695262383,4760.285483431486,True,2,396.69045695262383,4760.285483431486,8,12,204,0,12,201,tour,annulus,2026191394,main,ok,84.0,1020.0,201.0,3455.285483431485,0.0,traces/main_annulus_002_2026191394_tour.json,17276.427417157425,0.13315391540527344,True
True,1.0,12,True,continuous_cell,,247.65697864975212,2971.8837437970255,True,3,203.36076124178513,2440.3291349014216,0,12,150,0,12,146,adaptive,annulus,2026191491,main,ok,60.0,750.0,146.0,2015.8837437970246,531.5546088956039,traces/main_annulus_003_2026191491_adaptive.json,10079.418718985124,0.15392494201660156,True
True,1.0,12,,field,,422.66463367455054,5071.975604094607,True,3,287.4737621537436,3449.685145844923,0,12,210,0,12,203,field,annulus,2026191491,main,ok,60.0,1050.0,203.0,3758.9756040946036,1622.2904582496835,traces/main_annulus_003_2026191491_field.json,18794.878020473017,0.04618501663208008,True
True,1.0,12,True,continuous_cell,,246.62902203156065,2959.5482643787277,True,3,199.2921046499799,2391.5052557997587,3,12,136,0,12,130,joint,annulus,2026191491,main,ok,69.0,680.0,130.0,2080.5482643787277,568.043008578969,traces/main_annulus_003_2026191491_joint.json,10402.741321893638,0.6777369976043701,True
True,1.0,12,,sweep,,322.73673892853304,3872.8408671423963,True,3,322.73673892853304,3872.8408671423963,0,12,169,0,12,168,sweep,annulus,2026191491,main,ok,60.0,845.0,168.0,2799.8408671423967,0.0,traces/main_annulus_003_2026191491_sweep.json,13999.204335711984,0.03382992744445801,True
True,1.0,12,True,tour,,343.26190041098806,4119.1428049318565,True,3,343.26190041098806,4119.1428049318565,10,12,226,0,12,225,tour,annulus,2026191491,main,ok,90.0,1130.0,225.0,2674.1428049318542,0.0,traces/main_annulus_003_2026191491_tour.json,13370.714024659272,0.16432619094848633,True
True,1.0,12,True,continuous_cell,,335.1379128380605,4021.654954056726,True,4,335.1379128380605,4021.654954056726,2,12,146,0,12,141,adaptive,annulus,2026191588,main,ok,66.0,730.0,141.0,3084.6549540567257,0.0,traces/main_annulus_004_2026191588_adaptive.json,15423.27477028363,0.15865588188171387,True
True,1.0,12,,field,,406.87107480682306,4882.4528976818765,True,4,288.8578950288311,3466.294740345973,0,12,198,0,12,191,field,annulus,2026191588,main,ok,60.0,990.0,191.0,3641.452897681872,1416.1581573359035,traces/main_annulus_004_2026191588_field.json,18207.26448840936,0.03706002235412598,True
True,1.0,12,True,continuous_cell,,272.8478308809028,3274.1739705708337,True,4,272.8478308809028,3274.1739705708337,1,12,130,0,12,121,joint,annulus,2026191588,main,ok,63.0,650.0,121.0,2440.1739705708337,0.0,traces/main_annulus_004_2026191588_joint.json,12200.869852854168,0.44206905364990234,True
True,1.0,12,,sweep,,366.43007881040256,4397.1609457248305,True,4,366.43007881040256,4397.1609457248305,0,12,156,0,12,153,sweep,annulus,2026191588,main,ok,60.0,780.0,153.0,3404.1609457248314,0.0,traces/main_annulus_004_2026191588_sweep.json,17020.804728624156,0.046766042709350586,True
True,1.0,12,True,tour,,360.2401341686055,4322.881610023266,True,4,360.2401341686055,4322.881610023266,5,12,217,0,12,215,tour,annulus,2026191588,main,ok,75.0,1085.0,215.0,2947.8816100232666,0.0,traces/main_annulus_004_2026191588_tour.json,14739.408050116333,0.1358189582824707,True
True,1.0,12,True,continuous_cell,,305.13217837317376,3661.5861404780853,True,5,274.2804864938864,3291.3658379266362,2,12,177,0,12,168,adaptive,annulus,2026191685,main,ok,66.0,885.0,168.0,2542.586140478084,370.2203025514491,traces/main_annulus_005_2026191685_adaptive.json,12712.93070239042,0.17170095443725586,True
True,1.0,12,,field,,383.4396299587429,4601.275559504915,True,5,244.9384744703068,2939.2616936436816,0,12,196,0,12,189,field,annulus,2026191685,main,ok,60.0,980.0,189.0,3372.2755595049143,1662.0138658612332,traces/main_annulus_005_2026191685_field.json,16861.377797524572,0.03778409957885742,True
True,1.0,12,True,continuous_cell,,263.8516167281466,3166.2194007377593,True,5,243.90139947196465,2926.816793663576,1,12,148,0,12,138,joint,annulus,2026191685,main,ok,63.0,740.0,138.0,2225.219400737759,239.40260707418338,traces/main_annulus_005_2026191685_joint.json,11126.097003688794,0.4666869640350342,True
True,1.0,12,,sweep,,335.86373537677053,4030.364824521246,True,5,335.86373537677053,4030.364824521246,0,12,156,0,12,155,sweep,annulus,2026191685,main,ok,60.0,780.0,155.0,3035.3648245212444,0.0,traces/main_annulus_005_2026191685_sweep.json,15176.824122606222,0.045729875564575195,True
True,1.0,12,True,tour,,358.8743950507701,4306.492740609241,True,5,339.27086448683576,4071.250373842029,5,12,220,0,12,218,tour,annulus,2026191685,main,ok,75.0,1100.0,218.0,2913.49274060924,235.24236676721193,traces/main_annulus_005_2026191685_tour.json,14567.463703046202,0.07545614242553711,True
True,1.0,12,True,continuous_cell,,295.6542037550743,3547.8504450608916,True,6,295.6542037550743,3547.8504450608916,1,12,194,0,12,190,adaptive,annulus,2026191782,main,ok,63.0,970.0,190.0,2324.8504450608916,0.0,traces/main_annulus_006_2026191782_adaptive.json,11624.252225304457,0.242872953414917,True
True,1.0,12,,field,,410.4006974704098,4924.808369644918,True,6,324.89397648025687,3898.727717763082,2,12,208,0,12,198,field,annulus,2026191782,main,ok,66.0,1040.0,198.0,3620.808369644914,1026.0806518818354,traces/main_annulus_006_2026191782_field.json,18104.04184822457,0.0334169864654541,True
True,1.0,12,True,continuous_cell,,258.87884728834024,3106.546167460083,True,6,258.87884728834024,3106.546167460083,1,12,134,0,12,127,joint,annulus,2026191782,main,ok,63.0,670.0,127.0,2246.5461674600824,0.0,traces/main_annulus_006_2026191782_joint.json,11232.730837300413,0.4501478672027588,True
True,1.0,12,,sweep,,324.5359122180587,3894.430946616704,True,6,324.5359122180587,3894.430946616704,1,12,152,0,12,150,sweep,annulus,2026191782,main,ok,63.0,760.0,150.0,2921.430946616705,0.0,traces/main_annulus_006_2026191782_sweep.json,14607.154733083526,0.05070185661315918,True
True,1.0,12,True,tour,,352.0970964874684,4225.16515784962,True,6,352.0970964874684,4225.16515784962,9,12,223,0,12,221,tour,annulus,2026191782,main,ok,87.0,1115.0,221.0,2802.1651578496176,0.0,traces/main_annulus_006_2026191782_tour.json,14010.825789248089,0.21781611442565918,True
True,1.0,12,True,continuous_cell,,275.63379325483027,3307.605519057963,True,7,270.09235817389964,3241.1082980867955,0,12,172,0,12,170,adaptive,annulus,2026191879,main,ok,60.0,860.0,170.0,2217.6055190579636,66.49722097116774,traces/main_annulus_007_2026191879_adaptive.json,11088.02759528982,0.19420409202575684,True
True,1.0,12,,field,,401.73482430530186,4820.8178916636225,True,7,307.5039844963109,3690.0478139557313,0,12,208,0,12,201,field,annulus,2026191879,main,ok,60.0,1040.0,201.0,3519.8178916636216,1130.7700777078912,traces/main_annulus_007_2026191879_field.json,17599.089458318107,0.0367739200592041,True
True,1.0,12,True,continuous_cell,,251.99859147118832,3023.98309765426,True,7,247.99859147118832,2975.98309765426,0,12,155,0,12,149,joint,annulus,2026191879,main,ok,60.0,775.0,149.0,2039.9830976542605,48.0,traces/main_annulus_007_2026191879_joint.json,10199.915488271303,0.3597409725189209,True
True,0.8333333333333334,10,,sweep,,520.3357949711219,5203.35794971122,False,7,484.9422614530657,4849.4226145306575,0,10,193,0,12,190,sweep,annulus,2026191879,main,ok,50.0,965.0,190.0,3998.3579497112223,353.9353351805621,traces/main_annulus_007_2026191879_sweep.json,19991.78974855611,0.034148216247558594,True
True,1.0,12,True,tour,,342.2626127584529,4107.151353101435,True,7,342.2626127584529,4107.151353101435,7,12,211,0,12,209,tour,annulus,2026191879,main,ok,81.0,1055.0,209.0,2762.1513531014352,0.0,traces/main_annulus_007_2026191879_tour.json,13810.756765507176,0.14752984046936035,True
True,1.0,12,True,continuous_cell,,306.5141084753873,3678.1693017046473,True,8,281.35349101192077,3376.2418921430494,0,12,183,0,12,174,adaptive,annulus,2026191976,main,ok,60.0,915.0,174.0,2529.1693017046473,301.92740956159787,traces/main_annulus_008_2026191976_adaptive.json,12645.846508523236,0.1941969394683838,True
True,1.0,12,,field,,396.43358425987145,4757.203011118458,True,8,266.88712282787344,3202.6454739344813,0,12,199,0,12,193,field,annulus,2026191976,main,ok,60.0,995.0,193.0,3509.2030111184563,1554.5575371839764,traces/main_annulus_008_2026191976_field.json,17546.01505559228,0.03444099426269531,True
True,1.0,12,True,continuous_cell,,264.30358669628737,3171.6430403554486,True,8,260.30358669628737,3123.6430403554486,2,12,145,0,12,139,joint,annulus,2026191976,main,ok,66.0,725.0,139.0,2241.6430403554486,48.0,traces/main_annulus_008_2026191976_joint.json,11208.215201777242,0.4974820613861084,True
True,1.0,12,,sweep,,364.437482498439,4373.249789981268,True,8,364.437482498439,4373.249789981268,0,12,166,0,12,163,sweep,annulus,2026191976,main,ok,60.0,830.0,163.0,3320.2497899812683,0.0,traces/main_annulus_008_2026191976_sweep.json,16601.24894990634,0.03886890411376953,True
True,1.0,12,True,tour,,354.1582668221779,4249.899201866135,True,8,354.1582668221779,4249.899201866135,5,12,217,0,12,215,tour,annulus,2026191976,main,ok,75.0,1085.0,215.0,2874.8992018661347,0.0,traces/main_annulus_008_2026191976_tour.json,14374.496009330673,0.18155121803283691,True
True,1.0,12,True,continuous_cell,,296.019807115476,3552.237685385712,True,9,296.019807115476,3552.237685385712,0,12,149,0,12,138,adaptive,annulus,2026192073,main,ok,60.0,745.0,138.0,2609.2376853857127,0.0,traces/main_annulus_009_2026192073_adaptive.json,13046.188426928564,0.19716095924377441,True
True,1.0,12,,field,,507.2072386123438,6086.486863348126,True,9,305.59474749278655,3667.136969913439,3,12,200,0,12,193,field,annulus,2026192073,main,ok,69.0,1000.0,193.0,4824.486863348121,2419.3498934346867,traces/main_annulus_009_2026192073_field.json,24122.434316740604,0.033833980560302734,True
True,1.0,12,True,continuous_cell,,287.5902516831955,3451.0830201983463,True,9,287.5902516831955,3451.0830201983463,4,12,132,0,12,121,joint,annulus,2026192073,main,ok,72.0,660.0,121.0,2598.0830201983463,0.0,traces/main_annulus_009_2026192073_joint.json,12990.415100991731,0.5131230354309082,True
True,1.0,12,,sweep,,375.45438811393757,4505.452657367251,True,9,375.45438811393757,4505.452657367251,0,12,158,0,12,156,sweep,annulus,2026192073,main,ok,60.0,790.0,156.0,3499.4526573672506,0.0,traces/main_annulus_009_2026192073_sweep.json,17497.263286836253,0.0461728572845459,True
True,1.0,12,True,tour,,354.2424049851231,4250.908859821477,True,9,354.2424049851231,4250.908859821477,4,12,204,0,12,202,tour,annulus,2026192073,main,ok,72.0,1020.0,202.0,2956.908859821476,0.0,traces/main_annulus_009_2026192073_tour.json,14784.544299107381,0.1104269027709961,True
True,1.0,12,True,continuous_cell,,287.33666867243625,3448.040024069235,True,10,278.530577559097,3342.366930709164,2,12,174,0,12,166,adaptive,annulus,2026192170,main,ok,66.0,870.0,166.0,2346.0400240692356,105.6730933600711,traces/main_annulus_010_2026192170_adaptive.json,11730.200120346179,0.17255806922912598,True
True,1.0,12,,field,,391.3658768599942,4696.390522319931,True,10,262.7292447424912,3152.7509369098943,0,12,202,0,12,194,field,annulus,2026192170,main,ok,60.0,1010.0,194.0,3432.39052231993,1543.6395854100365,traces/main_annulus_010_2026192170_field.json,17161.95261159965,0.041799068450927734,True
True,1.0,12,True,continuous_cell,,274.2128825624702,3290.5545907496426,True,10,274.2128825624702,3290.5545907496426,0,12,153,0,12,141,joint,annulus,2026192170,main,ok,60.0,765.0,141.0,2324.554590749642,0.0,traces/main_annulus_010_2026192170_joint.json,11622.77295374821,0.4535229206085205,True
True,1.0,12,,sweep,,374.6047830512582,4495.2573966150985,True,10,374.6047830512582,4495.2573966150985,0,12,177,0,12,174,sweep,annulus,2026192170,main,ok,60.0,885.0,174.0,3376.2573966150985,0.0,traces/main_annulus_010_2026192170_sweep.json,16881.286983075493,0.0395660400390625,True
True,1.0,12,True,tour,,415.3104016152885,4983.724819383462,True,10,396.964464027921,4763.573568335052,11,12,211,0,12,208,tour,annulus,2026192170,main,ok,93.0,1055.0,208.0,3627.7248193834594,220.1512510484099,traces/main_annulus_010_2026192170_tour.json,18138.624096917298,0.12822294235229492,True
True,1.0,12,True,continuous_cell,,314.29654733616684,3771.558568034002,True,11,314.29654733616684,3771.558568034002,0,12,152,0,12,150,adaptive,annulus,2026192267,main,ok,60.0,760.0,150.0,2801.558568034002,0.0,traces/main_annulus_011_2026192267_adaptive.json,14007.79284017001,0.1435096263885498,True
True,0.9166666666666666,11,,field,,428.5409661426354,4713.950627568989,False,11,280.8097772893092,3088.907550182401,1,11,199,0,12,190,field,annulus,2026192267,main,ok,58.0,995.0,190.0,3470.950627568988,1625.0430773865883,traces/main_annulus_011_2026192267_field.json,17354.75313784494,0.04119396209716797,True
True,1.0,12,True,continuous_cell,,276.7052993479354,3320.463592175225,True,11,276.7052993479354,3320.463592175225,0,12,164,0,12,158,joint,annulus,2026192267,main,ok,60.0,820.0,158.0,2282.463592175224,0.0,traces/main_annulus_011_2026192267_joint.json,11412.317960876122,0.4337470531463623,True
True,1.0,12,,sweep,,350.42247929694196,4205.069751563304,True,11,350.42247929694196,4205.069751563304,0,12,134,0,12,133,sweep,annulus,2026192267,main,ok,60.0,670.0,133.0,3342.0697515633046,0.0,traces/main_annulus_011_2026192267_sweep.json,16710.348757816522,0.04360222816467285,True
True,1.0,12,True,tour,,341.5063909041189,4098.076690849427,True,11,341.5063909041189,4098.076690849427,2,12,220,0,12,218,tour,annulus,2026192267,main,ok,66.0,1100.0,218.0,2714.0766908494275,0.0,traces/main_annulus_011_2026192267_tour.json,13570.383454247138,0.1075129508972168,True
True,1.0,12,True,continuous_cell,,348.523877228989,4182.286526747868,True,12,348.523877228989,4182.286526747868,1,12,200,0,12,195,adaptive,annulus,2026192364,main,ok,63.0,1000.0,195.0,2924.2865267478683,0.0,traces/main_annulus_012_2026192364_adaptive.json,14621.432633739341,0.250795841217041,True
True,1.0,12,,field,,415.85095117866075,4990.211414143929,True,12,344.2404295438805,4130.885154526566,3,12,192,0,12,176,field,annulus,2026192364,main,ok,69.0,960.0,176.0,3785.211414143928,859.3262596173627,traces/main_annulus_012_2026192364_field.json,18926.05707071964,0.03188300132751465,True
True,1.0,12,True,continuous_cell,,263.95256860298565,3167.4308232358276,True,12,254.39490317516962,3052.7388381020355,1,12,141,0,12,134,joint,annulus,2026192364,main,ok,63.0,705.0,134.0,2265.4308232358267,114.69198513379206,traces/main_annulus_012_2026192364_joint.json,11327.154116179134,0.363494873046875,True
True,0.9166666666666666,11,,sweep,,440.2401411445684,4842.641552590252,False,12,440.2401411445684,4842.641552590252,0,11,125,0,12,116,sweep,annulus,2026192364,main,ok,55.0,625.0,116.0,4046.641552590251,0.0,traces/main_annulus_012_2026192364_sweep.json,20233.207762951257,0.03120279312133789,True
True,1.0,12,True,tour,,373.98105742589036,4487.772689110684,True,12,373.98105742589036,4487.772689110684,7,12,195,0,12,191,tour,annulus,2026192364,main,ok,81.0,975.0,191.0,3240.772689110684,0.0,traces/main_annulus_012_2026192364_tour.json,16203.863445553421,0.1417391300201416,True
True,1.0,12,True,continuous_cell,,278.3872877680441,3340.647453216529,True,13,278.3872877680441,3340.647453216529,1,12,167,0,12,164,adaptive,annulus,2026192461,main,ok,63.0,835.0,164.0,2278.6474532165294,0.0,traces/main_annulus_013_2026192461_adaptive.json,11393.237266082648,0.2321939468383789,True
True,1.0,12,,field,,426.675793270789,5120.109519249468,True,13,291.60488046719917,3499.25856560639,0,12,205,0,12,197,field,annulus,2026192461,main,ok,60.0,1025.0,197.0,3838.109519249462,1620.8509536430774,traces/main_annulus_013_2026192461_field.json,19190.54759624731,0.03596997261047363,True
True,1.0,12,True,continuous_cell,,246.50127152826175,2958.015258339141,True,13,246.50127152826175,2958.015258339141,1,12,133,0,12,127,joint,annulus,2026192461,main,ok,63.0,665.0,127.0,2103.0152583391405,0.0,traces/main_annulus_013_2026192461_joint.json,10515.076291695703,0.5473830699920654,True
True,1.0,12,,sweep,,329.19894344674685,3950.3873213609622,True,13,329.19894344674685,3950.3873213609622,0,12,144,0,12,143,sweep,annulus,2026192461,main,ok,60.0,720.0,143.0,3027.387321360963,0.0,traces/main_annulus_013_2026192461_sweep.json,15136.936606804815,0.049549102783203125,True
True,1.0,12,True,tour,,394.6276630000197,4735.531956000236,True,13,394.6276630000197,4735.531956000236,7,12,188,0,12,184,tour,annulus,2026192461,main,ok,81.0,940.0,184.0,3530.5319560002354,0.0,traces/main_annulus_013_2026192461_tour.json,17652.659780001177,0.11081814765930176,True
True,1.0,12,True,continuous_cell,,320.6950519212281,3848.3406230547375,True,14,320.6950519212281,3848.3406230547375,2,12,159,0,12,152,adaptive,annulus,2026192558,main,ok,66.0,795.0,152.0,2835.340623054737,0.0,traces/main_annulus_014_2026192558_adaptive.json,14176.703115273685,0.16357898712158203,True
True,1.0,12,,field,,396.0117387928146,4752.140865513775,True,14,288.6770468766202,3464.1245625194424,0,12,205,0,12,196,field,annulus,2026192558,main,ok,60.0,1025.0,196.0,3471.140865513772,1288.0163029943324,traces/main_annulus_014_2026192558_field.json,17355.70432756886,0.04063701629638672,True
True,1.0,12,True,continuous_cell,,282.56066089945335,3390.7279307934405,True,14,272.87608094056696,3274.5129712868033,2,12,150,0,12,143,joint,annulus,2026192558,main,ok,66.0,750.0,143.0,2431.7279307934405,116.21495950663711,traces/main_annulus_014_2026192558_joint.json,12158.639653967202,0.5706102848052979,True
True,0.9166666666666666,11,,sweep,,371.4621153102846,4086.0832684131306,False,14,371.4621153102846,4086.0832684131306,0,11,154,0,12,152,sweep,annulus,2026192558,main,ok,55.0,770.0,152.0,3109.083268413131,0.0,traces/main_annulus_014_2026192558_sweep.json,15545.416342065655,0.028330087661743164,True
True,1.0,12,True,tour,,382.5449809736047,4590.539771683257,True,14,382.5449809736047,4590.539771683257,1,12,227,0,12,226,tour,annulus,2026192558,main,ok,63.0,1135.0,226.0,3166.5397716832576,0.0,traces/main_annulus_014_2026192558_tour.json,15832.698858416288,0.08591723442077637,True
True,1.0,12,True,continuous_cell,,321.0497130575848,3852.596556691018,True,15,321.0497130575848,3852.596556691018,2,12,189,0,12,185,adaptive,annulus,2026192655,main,ok,66.0,945.0,185.0,2656.596556691018,0.0,traces/main_annulus_015_2026192655_adaptive.json,13282.98278345509,0.1599559783935547,True
True,1.0,12,,field,,420.18817353561553,5042.258082427386,True,15,325.99283971742784,3911.914076609134,0,12,227,0,12,217,field,annulus,2026192655,main,ok,60.0,1135.0,217.0,3630.2580824273828,1130.3440058182523,traces/main_annulus_015_2026192655_field.json,18151.290412136914,0.034004926681518555,True
True,1.0,12,True,continuous_cell,,315.846046448982,3790.1525573877843,True,15,315.846046448982,3790.1525573877843,2,12,167,0,12,155,joint,annulus,2026192655,main,ok,66.0,835.0,155.0,2734.1525573877843,0.0,traces/main_annulus_015_2026192655_joint.json,13670.762786938922,0.4619290828704834,True
True,1.0,12,,sweep,,422.1124553471108,5065.34946416533,True,15,422.1124553471108,5065.34946416533,0,12,179,0,12,174,sweep,annulus,2026192655,main,ok,60.0,895.0,174.0,3936.3494641653297,0.0,traces/main_annulus_015_2026192655_sweep.json,19681.74732082665,0.04199099540710449,True
True,1.0,12,True,tour,,385.7926197193733,4629.51143663248,True,15,385.7926197193733,4629.51143663248,3,12,218,0,12,216,tour,annulus,2026192655,main,ok,69.0,1090.0,216.0,3254.5114366324806,0.0,traces/main_annulus_015_2026192655_tour.json,16272.557183162404,0.0823817253112793,True
True,1.0,12,True,continuous_cell,,293.9395128891197,3527.274154669437,True,16,293.9395128891197,3527.274154669437,1,12,184,0,12,183,adaptive,annulus,2026192752,main,ok,63.0,920.0,183.0,2361.2741546694374,0.0,traces/main_annulus_016_2026192752_adaptive.json,11806.370773347187,0.1923079490661621,True
True,1.0,12,,field,,410.0286769533486,4920.3441234401835,True,16,303.2615163535585,3639.1381962427017,1,12,205,0,12,200,field,annulus,2026192752,main,ok,63.0,1025.0,200.0,3632.34412344018,1281.2059271974817,traces/main_annulus_016_2026192752_field.json,18161.7206172009,0.03489375114440918,True
True,1.0,12,True,continuous_cell,,271.5865500331008,3259.03860039721,True,16,266.52914405844706,3198.3497287013647,0,12,147,0,12,138,joint,annulus,2026192752,main,ok,60.0,735.0,138.0,2326.03860039721,60.68887169584514,traces/main_annulus_016_2026192752_joint.json,11630.19300198605,0.43686413764953613,True
True,1.0,12,,sweep,,385.0791545263717,4620.949854316461,True,16,385.0791545263717,4620.949854316461,0,12,146,0,12,141,sweep,annulus,2026192752,main,ok,60.0,730.0,141.0,3689.949854316462,0.0,traces/main_annulus_016_2026192752_sweep.json,18449.74927158231,0.03837895393371582,True
True,1.0,12,True,tour,,369.3865143757517,4432.6381725090205,True,16,369.3865143757517,4432.6381725090205,9,12,179,0,12,178,tour,annulus,2026192752,main,ok,87.0,895.0,178.0,3272.6381725090205,0.0,traces/main_annulus_016_2026192752_tour.json,16363.190862545101,0.10351896286010742,True
True,1.0,12,True,continuous_cell,,268.7200093796498,3224.6401125557977,True,17,260.14662394750763,3121.7594873700914,1,12,201,0,12,198,adaptive,annulus,2026192849,main,ok,63.0,1005.0,198.0,1958.6401125557975,102.88062518570632,traces/main_annulus_017_2026192849_adaptive.json,9793.200562778988,0.25863194465637207,True
True,1.0,12,,field,,442.1522986728625,5305.82758407435,True,17,304.9453090283006,3659.343708339607,2,12,219,0,12,211,field,annulus,2026192849,main,ok,66.0,1095.0,211.0,3933.827584074346,1646.483875734743,traces/main_annulus_017_2026192849_field.json,19669.13792037173,0.0436711311340332,True
True,1.0,12,True,continuous_cell,,241.48815230306252,2897.8578276367502,True,17,237.48815230306252,2849.8578276367502,3,12,130,0,12,118,joint,annulus,2026192849,main,ok,69.0,650.0,118.0,2060.8578276367502,48.0,traces/main_annulus_017_2026192849_joint.json,10304.28913818375,0.48342227935791016,True
True,1.0,12,,sweep,,324.8877096651776,3898.6525159821313,True,17,324.8877096651776,3898.6525159821313,0,12,132,0,12,131,sweep,annulus,2026192849,main,ok,60.0,660.0,131.0,3047.6525159821317,0.0,traces/main_annulus_017_2026192849_sweep.json,15238.262579910659,0.04753613471984863,True
True,1.0,12,True,tour,,333.0557476779152,3996.668972134982,True,17,333.0557476779152,3996.668972134982,14,12,200,0,12,198,tour,annulus,2026192849,main,ok,102.0,1000.0,198.0,2696.6689721349803,0.0,traces/main_annulus_017_2026192849_tour.json,13483.3448606749,0.09306192398071289,True
True,1.0,12,True,continuous_cell,,328.122717546009,3937.4726105521086,True,18,328.122717546009,3937.4726105521086,0,12,189,0,12,187,adaptive,annulus,2026192946,main,ok,60.0,945.0,187.0,2745.4726105521086,0.0,traces/main_annulus_018_2026192946_adaptive.json,13727.363052760542,0.26272106170654297,True
True,1.0,12,,field,,442.8970713581528,5314.764856297834,True,18,294.0873231265035,3529.0478775180422,2,12,195,0,12,188,field,annulus,2026192946,main,ok,66.0,975.0,188.0,4085.7648562978293,1785.7169787797916,traces/main_annulus_018_2026192946_field.json,20428.824281489146,0.039771080017089844,True
True,1.0,12,True,continuous_cell,,239.24744738643957,2870.969368637275,True,18,239.24744738643957,2870.969368637275,1,12,119,0,12,112,joint,annulus,2026192946,main,ok,63.0,595.0,112.0,2100.9693686372757,0.0,traces/main_annulus_018_2026192946_joint.json,10504.846843186378,0.44593191146850586,True
True,1.0,12,,sweep,,348.13105726847243,4177.572687221669,True,18,348.13105726847243,4177.572687221669,0,12,133,0,12,132,sweep,annulus,2026192946,main,ok,60.0,665.0,132.0,3320.572687221668,0.0,traces/main_annulus_018_2026192946_sweep.json,16602.86343610834,0.04128527641296387,True
True,1.0,12,True,tour,,362.91114027336215,4354.933683280346,True,18,362.91114027336215,4354.933683280346,3,12,226,0,12,225,tour,annulus,2026192946,main,ok,69.0,1130.0,225.0,2930.933683280346,0.0,traces/main_annulus_018_2026192946_tour.json,14654.66841640173,0.11191010475158691,True
True,1.0,12,True,continuous_cell,,291.6844562008185,3500.213474409822,True,19,291.6844562008185,3500.213474409822,3,12,147,0,12,141,adaptive,annulus,2026193043,main,ok,69.0,735.0,141.0,2555.213474409822,0.0,traces/main_annulus_019_2026193043_adaptive.json,12776.06737204911,0.18576574325561523,True
True,1.0,12,,field,,441.3857354542412,5296.6288254508945,True,19,319.9619535401548,3839.5434424818577,1,12,208,0,12,199,field,annulus,2026193043,main,ok,63.0,1040.0,199.0,3994.628825450892,1457.0853829690368,traces/main_annulus_019_2026193043_field.json,19973.144127254458,0.04004979133605957,True
True,1.0,12,True,continuous_cell,,257.1148317923777,3085.3779815085322,True,19,257.1148317923777,3085.3779815085322,2,12,137,0,12,127,joint,annulus,2026193043,main,ok,66.0,685.0,127.0,2207.377981508532,0.0,traces/main_annulus_019_2026193043_joint.json,11036.88990754266,0.45348620414733887,True
True,0.9166666666666666,11,,sweep,,417.6829247860556,4594.512172646611,False,19,348.4620939696627,3833.08303366629,1,11,183,0,12,181,sweep,annulus,2026193043,main,ok,58.0,915.0,181.0,3440.5121726466086,761.4291389803216,traces/main_annulus_019_2026193043_sweep.json,17202.560863233044,0.04087090492248535,True
True,1.0,12,True,tour,,312.8025685192703,3753.6308222312437,True,19,312.8025685192703,3753.6308222312437,12,12,195,0,12,194,tour,annulus,2026193043,main,ok,96.0,975.0,194.0,2488.6308222312423,0.0,traces/main_annulus_019_2026193043_tour.json,12443.154111156211,0.07340192794799805,True
True,1.0,12,True,continuous_cell,,214.58162379931184,2574.979485591742,True,0,50.31163513479287,603.7396216175144,0,12,149,0,12,148,adaptive,center,2026291200,main,ok,60.0,745.0,148.0,1621.9794855917412,1971.2398639742278,traces/main_center_000_2026291200_adaptive.json,8109.897427958706,0.19077038764953613,True
True,1.0,12,,field,,354.1304115571972,4249.564938686366,True,0,53.40426252724975,640.851150326997,0,12,172,0,12,171,field,center,2026291200,main,ok,60.0,860.0,171.0,3158.564938686367,3608.713788359369,traces/main_center_000_2026291200_field.json,15792.824693431836,0.038995981216430664,True
True,1.0,12,True,continuous_cell,,181.42267175867676,2177.072061104121,True,0,47.80849802730986,573.7019763277183,0,12,96,0,12,95,joint,center,2026291200,main,ok,60.0,480.0,95.0,1542.072061104121,1603.3700847764028,traces/main_center_000_2026291200_joint.json,7710.360305520606,0.7930560111999512,True
True,1.0,12,,sweep,,221.4238534420272,2657.0862413043264,True,0,221.4238534420272,2657.0862413043264,1,12,117,0,12,116,sweep,center,2026291200,main,ok,63.0,585.0,116.0,1893.0862413043255,0.0,traces/main_center_000_2026291200_sweep.json,9465.431206521627,0.059532880783081055,True
True,1.0,12,True,tour,,199.06441132628106,2388.7729359153727,True,0,95.13779894811569,1141.6535873773882,6,12,101,0,12,100,tour,center,2026291200,main,ok,78.0,505.0,100.0,1705.7729359153727,1247.1193485379845,traces/main_center_000_2026291200_tour.json,8528.864679576864,0.08410787582397461,True
True,1.0,12,True,continuous_cell,,210.33998917066245,2524.0798700479495,True,1,52.976074717437164,635.712896609246,0,12,140,0,12,139,adaptive,center,2026291297,main,ok,60.0,700.0,139.0,1625.0798700479486,1888.3669734387036,traces/main_center_001_2026291297_adaptive.json,8125.399350239743,0.14917683601379395,True
True,1.0,12,,field,,362.51477048304815,4350.177245796578,True,1,56.2657954395576,675.1895452746912,0,12,170,0,12,169,field,center,2026291297,main,ok,60.0,850.0,169.0,3271.177245796579,3674.987700521887,traces/main_center_001_2026291297_field.json,16355.886228982894,0.03617405891418457,True
True,1.0,12,True,continuous_cell,,187.44637501261502,2249.3565001513803,True,1,50.476074717437164,605.712896609246,0,12,95,0,12,94,joint,center,2026291297,main,ok,60.0,475.0,94.0,1620.3565001513803,1643.6436035421343,traces/main_center_001_2026291297_joint.json,8101.782500756902,0.744898796081543,True
True,1.0,12,,sweep,,216.1511582820864,2593.813899385037,True,1,216.1511582820864,2593.813899385037,0,12,121,0,12,120,sweep,center,2026291297,main,ok,60.0,605.0,120.0,1808.8138993850382,0.0,traces/main_center_001_2026291297_sweep.json,9044.06949692519,0.05236220359802246,True
True,1.0,12,True,tour,,227.3452297742955,2728.142757291546,True,1,157.4015060279461,1888.8180723353535,11,12,98,0,12,96,tour,center,2026291297,main,ok,93.0,490.0,96.0,2049.1427572915463,839.3246849561924,traces/main_center_001_2026291297_tour.json,10245.71378645773,0.13384008407592773,True
True,1.0,12,True,continuous_cell,,221.525405707264,2658.3048684871683,True,2,154.14502136063913,1849.7402563276696,1,12,150,0,12,147,adaptive,center,2026291394,main,ok,63.0,750.0,147.0,1698.3048684871678,808.5646121594987,traces/main_center_002_2026291394_adaptive.json,8491.52434243584,0.21259403228759766,True
True,1.0,12,,field,,349.51564430064883,4194.187731607786,True,2,49.63422500389907,595.6107000467888,0,12,168,0,12,166,field,center,2026291394,main,ok,60.0,840.0,166.0,3128.187731607788,3598.5770315609975,traces/main_center_002_2026291394_field.json,15640.93865803894,0.03306221961975098,True
True,1.0,12,True,continuous_cell,,197.621715699701,2371.4605883964123,True,2,60.916427740814015,730.9971328897682,1,12,106,0,12,103,joint,center,2026291394,main,ok,63.0,530.0,103.0,1675.4605883964127,1640.463455506644,traces/main_center_002_2026291394_joint.json,8377.302941982063,0.76230788230896,True
True,1.0,12,,sweep,,199.665697162682,2395.988365952184,True,2,199.665697162682,2395.988365952184,0,12,103,0,12,102,sweep,center,2026291394,main,ok,60.0,515.0,102.0,1718.9883659521838,0.0,traces/main_center_002_2026291394_sweep.json,8594.941829760919,0.04423189163208008,True
True,1.0,12,True,tour,,192.76437022841517,2313.172442740982,True,2,73.48717284460277,881.8460741352332,5,12,98,0,12,97,tour,center,2026291394,main,ok,75.0,490.0,97.0,1651.172442740982,1431.326368605749,traces/main_center_002_2026291394_tour.json,8255.86221370491,0.0659639835357666,True
True,1.0,12,True,continuous_cell,,208.41510587214657,2500.981270465759,True,3,53.749056240185574,644.9886748822269,1,12,142,0,12,141,adaptive,center,2026291491,main,ok,63.0,710.0,141.0,1586.9812704657586,1855.992595583532,traces/main_center_003_2026291491_adaptive.json,7934.906352328793,0.16966915130615234,True
True,1.0,12,,field,,361.52747569734674,4338.329708368161,True,3,61.317492366769216,735.8099084012306,0,12,171,0,12,170,field,center,2026291491,main,ok,60.0,855.0,170.0,3253.329708368161,3602.5197999669303,traces/main_center_003_2026291491_field.json,16266.648541840805,0.040489912033081055,True
True,1.0,12,True,continuous_cell,,183.24086988305666,2198.89043859668,True,3,50.566364877630036,606.7963785315604,1,12,97,0,12,96,joint,center,2026291491,main,ok,63.0,485.0,96.0,1554.8904385966798,1592.0940600651193,traces/main_center_003_2026291491_joint.json,7774.452192983399,0.9267311096191406,True
True,1.0,12,,sweep,,214.09528584515772,2569.1434301418926,True,3,214.09528584515772,2569.1434301418926,0,12,112,0,12,111,sweep,center,2026291491,main,ok,60.0,560.0,111.0,1838.1434301418928,0.0,traces/main_center_003_2026291491_sweep.json,9190.717150709464,0.05897188186645508,True
True,1.0,12,True,tour,,196.6011080882645,2359.2132970591742,True,3,95.79387048282514,1149.5264457939018,5,12,101,0,12,100,tour,center,2026291491,main,ok,75.0,505.0,100.0,1679.2132970591742,1209.6868512652725,traces/main_center_003_2026291491_tour.json,8396.06648529587,0.08714723587036133,True
True,1.0,12,True,continuous_cell,,203.94604096997932,2447.352491639752,True,4,48.46418786464193,581.5702543757031,1,12,133,0,12,131,adaptive,center,2026291588,main,ok,63.0,665.0,131.0,1588.3524916397516,1865.7822372640487,traces/main_center_004_2026291588_adaptive.json,7941.762458198758,0.16857290267944336,True
True,1.0,12,,field,,351.4140230680271,4216.968276816326,True,4,49.93832236591886,599.2598683910263,0,12,170,0,12,169,field,center,2026291588,main,ok,60.0,850.0,169.0,3137.968276816328,3617.7084084252992,traces/main_center_004_2026291588_field.json,15689.84138408164,0.040952205657958984,True
True,1.0,12,True,continuous_cell,,180.95705491330534,2171.484658959664,True,4,45.686055904834205,548.2326708580105,1,12,97,0,12,96,joint,center,2026291588,main,ok,63.0,485.0,96.0,1527.484658959664,1623.2519881016538,traces/main_center_004_2026291588_joint.json,7637.423294798321,0.8572187423706055,True
True,1.0,12,,sweep,,222.64762878357246,2671.7715454028694,True,4,222.64762878357246,2671.7715454028694,2,12,126,0,12,125,sweep,center,2026291588,main,ok,66.0,630.0,125.0,1850.7715454028707,0.0,traces/main_center_004_2026291588_sweep.json,9253.857727014354,0.05759000778198242,True
True,1.0,12,True,tour,,193.74421287492,2324.93055449904,True,4,91.61857404595611,1099.4228885514733,8,12,100,0,12,99,tour,center,2026291588,main,ok,84.0,500.0,99.0,1641.9305544990402,1225.507665947567,traces/main_center_004_2026291588_tour.json,8209.652772495201,0.0859067440032959,True
True,1.0,12,True,continuous_cell,,236.04691630846892,2832.562995701627,True,5,70.16238114589866,841.948573750784,0,12,161,0,12,158,adaptive,center,2026291685,main,ok,60.0,805.0,158.0,1809.5629957016263,1990.6144219508433,traces/main_center_005_2026291685_adaptive.json,9047.814978508131,0.1804518699645996,True
True,1.0,12,,field,,364.8536015440001,4378.243218528001,True,5,63.38333372256582,760.6000046707899,0,12,173,0,12,172,field,center,2026291685,main,ok,60.0,865.0,172.0,3281.2432185280027,3617.6432138572113,traces/main_center_005_2026291685_field.json,16406.216092640014,0.0408017635345459,True
True,1.0,12,True,continuous_cell,,202.24236602077852,2426.9083922493423,True,5,67.91238114589866,814.948573750784,1,12,100,0,12,97,joint,center,2026291685,main,ok,63.0,500.0,97.0,1766.9083922493421,1611.9598184985584,traces/main_center_005_2026291685_joint.json,8834.54196124671,0.8914890289306641,True
True,1.0,12,,sweep,,230.65335362265145,2767.8402434718173,True,5,230.65335362265145,2767.8402434718173,0,12,129,0,12,127,sweep,center,2026291685,main,ok,60.0,645.0,127.0,1935.8402434718168,0.0,traces/main_center_005_2026291685_sweep.json,9679.201217359085,0.0560297966003418,True
True,1.0,12,True,tour,,228.03649731736934,2736.437967808432,True,5,127.61953418754513,1531.4344102505415,13,12,99,0,12,98,tour,center,2026291685,main,ok,99.0,495.0,98.0,2044.4379678084326,1205.0035575578904,traces/main_center_005_2026291685_tour.json,10222.189839042163,0.14134812355041504,True
True,1.0,12,True,continuous_cell,,214.3314346067818,2571.9772152813816,True,6,54.73249801469557,656.7899761763468,1,12,150,0,12,147,adaptive,center,2026291782,main,ok,63.0,750.0,147.0,1611.9772152813816,1915.1872391050347,traces/main_center_006_2026291782_adaptive.json,8059.886076406908,0.17308306694030762,True
True,1.0,12,,field,,352.47191069237607,4229.662928308513,True,6,50.20538073158182,602.4645687789819,0,12,170,0,12,169,field,center,2026291782,main,ok,60.0,850.0,169.0,3150.662928308514,3627.1983595295314,traces/main_center_006_2026291782_field.json,15753.314641542569,0.03661608695983887,True
True,1.0,12,True,continuous_cell,,187.58347430058674,2251.001691607041,True,6,53.73249801469558,644.789976176347,3,12,99,0,12,96,joint,center,2026291782,main,ok,69.0,495.0,96.0,1591.0016916070408,1606.2117154306939,traces/main_center_006_2026291782_joint.json,7955.008458035204,0.8147027492523193,True
True,1.0,12,,sweep,,221.42547172280584,2657.10566067367,True,6,221.42547172280584,2657.10566067367,0,12,107,0,12,106,sweep,center,2026291782,main,ok,60.0,535.0,106.0,1956.1056606736693,0.0,traces/main_center_006_2026291782_sweep.json,9780.528303368346,0.052433013916015625,True
True,1.0,12,False,tour,,246.96093846247834,2963.53126154974,True,6,144.31186315562894,1731.7423578675473,6,12,107,0,12,105,tour,center,2026291782,main,ok,78.0,535.0,105.0,2245.5312615497414,1231.7889036821928,traces/main_center_006_2026291782_tour.json,11227.656307748706,0.21034812927246094,True
True,1.0,12,True,continuous_cell,,203.21950575983988,2438.6340691180785,True,7,49.16955817196143,590.0346980635371,0,12,133,0,12,132,adaptive,center,2026291879,main,ok,60.0,665.0,132.0,1581.634069118078,1848.5993710545413,traces/main_center_007_2026291879_adaptive.json,7908.17034559039,0.1777951717376709,True
True,1.0,12,,field,,357.5891781911926,4291.070138294312,True,7,56.39923196969638,676.7907836363565,0,12,172,0,12,171,field,center,2026291879,main,ok,60.0,860.0,171.0,3200.070138294312,3614.279354657955,traces/main_center_007_2026291879_field.json,16000.35069147156,0.04638409614562988,True
True,1.0,12,True,continuous_cell,,179.93049859402836,2159.1659831283405,True,7,46.03192833391477,552.3831400069772,0,12,96,0,12,95,joint,center,2026291879,main,ok,60.0,480.0,95.0,1524.1659831283407,1606.7828431213634,traces/main_center_007_2026291879_joint.json,7620.829915641703,1.0077087879180908,True
True,1.0,12,,sweep,,234.47330574310513,2813.6796689172616,True,7,234.47330574310513,2813.6796689172616,2,12,120,0,12,117,sweep,center,2026291879,main,ok,66.0,600.0,117.0,2030.6796689172613,0.0,traces/main_center_007_2026291879_sweep.json,10153.398344586307,0.05841517448425293,True
True,1.0,12,True,tour,,203.41410268488016,2440.969232218562,True,7,118.18119597339854,1418.1743516807826,10,12,101,0,12,100,tour,center,2026291879,main,ok,90.0,505.0,100.0,1745.9692322185626,1022.7948805377794,traces/main_center_007_2026291879_tour.json,8729.846161092813,0.09080386161804199,True
True,1.0,12,True,continuous_cell,,217.94083917990096,2615.2900701588114,True,8,64.49590244340824,773.950829320899,0,12,134,0,12,131,adaptive,center,2026291976,main,ok,60.0,670.0,131.0,1754.2900701588107,1841.3392408379125,traces/main_center_008_2026291976_adaptive.json,8771.450350794054,0.1688251495361328,True
True,1.0,12,,field,,365.4989720729548,4385.987664875458,True,8,64.95125934188466,779.4151121026159,0,12,172,0,12,171,field,center,2026291976,main,ok,60.0,860.0,171.0,3294.987664875458,3606.572552772842,traces/main_center_008_2026291976_field.json,16474.93832437729,0.042971134185791016,True
True,1.0,12,True,continuous_cell,,195.87235122300876,2350.468214676105,True,8,62.57923577674158,750.950829320899,0,12,98,0,12,96,joint,center,2026291976,main,ok,60.0,490.0,96.0,1704.468214676105,1599.5173853552062,traces/main_center_008_2026291976_joint.json,8522.341073380525,0.9111928939819336,True
True,1.0,12,,sweep,,221.0395388909318,2652.4744666911815,True,8,221.0395388909318,2652.4744666911815,0,12,118,0,12,116,sweep,center,2026291976,main,ok,60.0,590.0,116.0,1886.4744666911822,0.0,traces/main_center_008_2026291976_sweep.json,9432.37233345591,0.059606075286865234,True
True,1.0,12,True,tour,,221.72939407668503,2660.7527289202203,True,8,116.95021013461961,1403.4025216154353,4,12,98,0,12,97,tour,center,2026291976,main,ok,72.0,490.0,97.0,2001.7527289202212,1257.350207304785,traces/main_center_008_2026291976_tour.json,10008.763644601106,0.11314702033996582,True
True,1.0,12,True,continuous_cell,,214.2351464871979,2570.821757846375,True,9,48.443765610306876,581.3251873236825,0,12,156,0,12,155,adaptive,center,2026292073,main,ok,60.0,780.0,155.0,1575.8217578463748,1989.4965705226925,traces/main_center_009_2026292073_adaptive.json,7879.108789231874,0.1972181797027588,True
True,1.0,12,,field,,358.54183783078787,4302.502053969454,True,9,54.82193614875407,657.8632337850488,0,12,171,0,12,170,field,center,2026292073,main,ok,60.0,855.0,170.0,3217.502053969455,3644.6388201844056,traces/main_center_009_2026292073_field.json,16087.510269847275,0.04276299476623535,True
True,1.0,12,True,continuous_cell,,183.7589579635861,2205.1074955630334,True,9,45.93956754881992,551.2748105858391,0,12,104,0,12,103,joint,center,2026292073,main,ok,60.0,520.0,103.0,1522.1074955630334,1653.8326849771943,traces/main_center_009_2026292073_joint.json,7610.537477815166,1.1440010070800781,True
True,1.0,12,,sweep,,211.99265802228794,2543.911896267455,True,9,211.99265802228794,2543.911896267455,0,12,110,0,12,109,sweep,center,2026292073,main,ok,60.0,550.0,109.0,1824.9118962674565,0.0,traces/main_center_009_2026292073_sweep.json,9124.559481337283,0.05485391616821289,True
True,1.0,12,True,tour,,198.3314844482478,2379.9778133789737,True,9,109.00694544062856,1308.0833452875427,6,12,100,0,12,99,tour,center,2026292073,main,ok,78.0,500.0,99.0,1702.977813378974,1071.894468091431,traces/main_center_009_2026292073_tour.json,8514.88906689487,0.09023618698120117,True
True,1.0,10,True,continuous_cell,,327.17508839115504,3271.7508839115503,True,0,327.17508839115504,3271.7508839115503,2,10,171,0,10,166,adaptive,hash,2026391200,main,ok,56.0,855.0,166.0,2194.75088391155,0.0,traces/main_hash_000_2026391200_adaptive.json,10973.75441955775,0.1820530891418457,True
True,1.0,10,,field,,596.1601044017185,5961.601044017185,True,0,375.0214065416852,3750.214065416852,0,10,189,0,10,184,field,hash,2026391200,main,ok,50.0,945.0,184.0,4782.601044017178,2211.386978600333,traces/main_hash_000_2026391200_field.json,23913.005220085888,0.03612208366394043,True
True,1.0,10,True,continuous_cell,,297.55978848858035,2975.5978848858035,True,0,297.55978848858035,2975.5978848858035,2,10,128,0,10,122,joint,hash,2026391200,main,ok,56.0,640.0,122.0,2157.597884885804,0.0,traces/main_hash_000_2026391200_joint.json,10787.98942442902,0.5734641551971436,True
True,1.0,10,,sweep,,398.2605834473575,3982.6058344735748,True,0,398.2605834473575,3982.6058344735748,0,10,143,0,10,140,sweep,hash,2026391200,main,ok,50.0,715.0,140.0,3077.605834473575,0.0,traces/main_hash_000_2026391200_sweep.json,15388.029172367877,0.03708076477050781,True
True,1.0,10,True,tour,,355.1689430357811,3551.6894303578115,True,0,355.1689430357811,3551.6894303578115,5,10,181,0,10,179,tour,hash,2026391200,main,ok,65.0,905.0,179.0,2402.689430357811,0.0,traces/main_hash_000_2026391200_tour.json,12013.447151789054,0.07819986343383789,True
True,1.0,13,True,continuous_cell,,258.30538659423553,3357.970025725062,True,1,258.30538659423553,3357.970025725062,0,13,159,0,13,157,adaptive,hash,2026391297,main,ok,65.0,795.0,157.0,2340.970025725062,0.0,traces/main_hash_001_2026391297_adaptive.json,11704.85012862531,0.24808120727539062,True
True,1.0,13,,field,,396.6492932956883,5156.440812843948,True,1,309.296438275084,4020.8536975760917,6,13,199,0,13,191,field,hash,2026391297,main,ok,83.0,995.0,191.0,3887.440812843942,1135.5871152678565,traces/main_hash_001_2026391297_field.json,19437.20406421971,0.04031634330749512,True
True,1.0,13,True,continuous_cell,,227.4057621923833,2956.2749085009827,True,1,222.43473062962764,2891.651498185159,6,13,118,0,13,113,joint,hash,2026391297,main,ok,83.0,590.0,113.0,2170.274908500983,64.62341031582355,traces/main_hash_001_2026391297_joint.json,10851.374542504916,0.7239110469818115,True
True,1.0,13,,sweep,,323.30891189329253,4203.015854612803,True,1,323.30891189329253,4203.015854612803,0,13,137,0,13,134,sweep,hash,2026391297,main,ok,65.0,685.0,134.0,3319.015854612805,0.0,traces/main_hash_001_2026391297_sweep.json,16595.079273064024,0.04700112342834473,True
True,1.0,13,True,tour,,318.1415370199758,4135.839981259685,True,1,311.7482201136841,4052.726861477893,4,13,203,0,13,201,tour,hash,2026391297,main,ok,77.0,1015.0,201.0,2842.839981259685,83.1131197817922,traces/main_hash_001_2026391297_tour.json,14214.199906298425,0.12344813346862793,True
True,1.0,12,True,continuous_cell,,276.8212356481692,3321.8548277780305,True,2,276.8212356481692,3321.8548277780305,4,12,166,0,12,161,adaptive,hash,2026391394,main,ok,72.0,830.0,161.0,2258.8548277780314,0.0,traces/main_hash_002_2026391394_adaptive.json,11294.274138890158,0.2241051197052002,True
True,1.0,12,,field,,453.6990024708536,5444.388029650243,True,2,256.6606749636747,3079.9280995640966,6,12,169,0,12,164,field,hash,2026391394,main,ok,78.0,845.0,164.0,4357.388029650237,2364.4599300861464,traces/main_hash_002_2026391394_field.json,21786.940148251182,0.04346275329589844,True
True,1.0,12,True,continuous_cell,,245.56846550850207,2946.821586102025,True,2,245.56846550850207,2946.821586102025,4,12,125,0,12,119,joint,hash,2026391394,main,ok,72.0,625.0,119.0,2130.821586102027,0.0,traces/main_hash_002_2026391394_joint.json,10654.107930510136,0.5337471961975098,True
True,1.0,12,,sweep,,313.3941205194835,3760.7294462338023,True,2,313.3941205194835,3760.7294462338023,0,12,146,0,12,144,sweep,hash,2026391394,main,ok,60.0,730.0,144.0,2826.7294462338023,0.0,traces/main_hash_002_2026391394_sweep.json,14133.647231169012,0.04285097122192383,True
True,1.0,12,True,tour,,279.035842707128,3348.430112485536,True,2,279.035842707128,3348.430112485536,11,12,149,0,12,148,tour,hash,2026391394,main,ok,93.0,745.0,148.0,2362.4301124855365,0.0,traces/main_hash_002_2026391394_tour.json,11812.150562427683,0.09055900573730469,True
True,1.0,15,True,continuous_cell,,210.67142709035636,3160.0714063553455,True,3,210.67142709035636,3160.0714063553455,0,15,136,0,15,134,adaptive,hash,2026391491,main,ok,75.0,680.0,134.0,2271.0714063553455,0.0,traces/main_hash_003_2026391491_adaptive.json,11355.357031776728,0.25069189071655273,True
True,1.0,15,,field,,364.81834894549104,5472.275234182365,True,3,199.18487595031533,2987.77313925473,0,15,165,0,15,160,field,hash,2026391491,main,ok,75.0,825.0,160.0,4412.27523418236,2484.5020949276354,traces/main_hash_003_2026391491_field.json,22061.3761709118,0.043750762939453125,True
True,1.0,15,True,continuous_cell,,184.75875164175775,2771.381274626366,True,3,173.1590870615016,2597.386305922524,5,15,101,0,15,99,joint,hash,2026391491,main,ok,90.0,505.0,99.0,2077.3812746263657,173.994968703842,traces/main_hash_003_2026391491_joint.json,10386.90637313183,0.8231418132781982,True
True,1.0,15,,sweep,,241.3986276731387,3620.97941509708,True,3,241.3986276731387,3620.97941509708,0,15,94,0,15,93,sweep,hash,2026391491,main,ok,75.0,470.0,93.0,2982.9794150970806,0.0,traces/main_hash_003_2026391491_sweep.json,14914.897075485404,0.05488300323486328,True
True,1.0,15,True,tour,,261.84431970246294,3927.6647955369444,True,3,261.84431970246294,3927.6647955369444,9,15,144,0,15,143,tour,hash,2026391491,main,ok,102.0,720.0,143.0,2962.6647955369453,0.0,traces/main_hash_003_2026391491_tour.json,14813.323977684726,0.20816707611083984,True
True,1.0,10,True,continuous_cell,,303.63559142053833,3036.355914205383,True,4,303.63559142053833,3036.355914205383,1,10,183,0,10,181,adaptive,hash,2026391588,main,ok,53.0,915.0,181.0,1887.3559142053832,0.0,traces/main_hash_004_2026391588_adaptive.json,9436.779571026917,0.1783461570739746,True
True,1.0,10,,field,,497.68771707438646,4976.877170743865,True,4,361.57653614052055,3615.7653614052056,0,10,202,0,10,196,field,hash,2026391588,main,ok,50.0,1010.0,196.0,3720.8771707438636,1361.111809338659,traces/main_hash_004_2026391588_field.json,18604.38585371932,0.03864312171936035,True
True,1.0,10,True,continuous_cell,,278.2951265348045,2782.951265348045,True,4,278.2951265348045,2782.951265348045,9,10,137,0,10,130,joint,hash,2026391588,main,ok,77.0,685.0,130.0,1890.9512653480451,0.0,traces/main_hash_004_2026391588_joint.json,9454.756326740226,0.5876190662384033,True
True,1.0,10,,sweep,,342.1003349472844,3421.003349472844,True,4,342.1003349472844,3421.003349472844,0,10,123,0,10,122,sweep,hash,2026391588,main,ok,50.0,615.0,122.0,2634.003349472844,0.0,traces/main_hash_004_2026391588_sweep.json,13170.016747364221,0.04151606559753418,True
True,1.0,10,True,tour,,367.43174677278614,3674.3174677278616,True,4,367.43174677278614,3674.3174677278616,6,10,166,0,10,164,tour,hash,2026391588,main,ok,68.0,830.0,164.0,2612.3174677278607,0.0,traces/main_hash_004_2026391588_tour.json,13061.587338639303,0.11111807823181152,True
True,1.0,15,True,continuous_cell,,204.29517338006798,3064.42760070102,True,5,201.69061763893185,3025.3592645839776,0,15,129,0,15,123,adaptive,hash,2026391685,main,ok,75.0,645.0,123.0,2221.42760070102,39.068336117042236,traces/main_hash_005_2026391685_adaptive.json,11107.138003505099,0.24864816665649414,True
True,1.0,15,,field,,369.2022108139017,5538.033162208525,True,5,289.4487166582555,4341.730749873832,0,15,158,0,15,147,field,hash,2026391685,main,ok,75.0,790.0,147.0,4526.033162208524,1196.3024123346931,traces/main_hash_005_2026391685_field.json,22630.16581104262,0.03817391395568848,True
True,1.0,15,True,continuous_cell,,206.3726706210559,3095.5900593158385,True,5,206.3726706210559,3095.5900593158385,5,15,117,0,15,109,joint,hash,2026391685,main,ok,90.0,585.0,109.0,2311.5900593158394,0.0,traces/main_hash_005_2026391685_joint.json,11557.950296579196,0.8285748958587646,True
True,1.0,15,,sweep,,277.067258268248,4156.00887402372,True,5,277.067258268248,4156.00887402372,0,15,120,0,15,117,sweep,hash,2026391685,main,ok,75.0,600.0,117.0,3364.008874023718,0.0,traces/main_hash_005_2026391685_sweep.json,16820.04437011859,0.0533137321472168,True
True,1.0,15,True,tour,,236.03997608374962,3540.5996412562445,True,5,236.03997608374962,3540.5996412562445,9,15,133,0,15,131,tour,hash,2026391685,main,ok,102.0,665.0,131.0,2642.5996412562426,0.0,traces/main_hash_005_2026391685_tour.json,13212.998206281214,0.14922785758972168,True
True,1.0,15,True,continuous_cell,,220.94273797934954,3314.141069690243,True,6,220.94273797934954,3314.141069690243,3,15,125,0,15,122,adaptive,hash,2026391782,main,ok,84.0,625.0,122.0,2483.1410696902426,0.0,traces/main_hash_006_2026391782_adaptive.json,12415.705348451213,0.2833871841430664,True
True,1.0,15,,field,,435.73037085117517,6535.955562767627,True,6,344.8800031656299,5173.200047484448,3,15,162,0,15,152,field,hash,2026391782,main,ok,84.0,810.0,152.0,5489.955562767624,1362.7555152831792,traces/main_hash_006_2026391782_field.json,27449.777813838118,0.042124032974243164,True
True,1.0,15,True,continuous_cell,,215.27367811891443,3229.1051717837163,True,6,215.27367811891443,3229.1051717837163,7,15,113,0,15,105,joint,hash,2026391782,main,ok,96.0,565.0,105.0,2463.105171783716,0.0,traces/main_hash_006_2026391782_joint.json,12315.52585891858,0.7321500778198242,True
True,1.0,15,,sweep,,271.732397680398,4075.98596520597,True,6,271.732397680398,4075.98596520597,1,15,102,0,15,99,sweep,hash,2026391782,main,ok,78.0,510.0,99.0,3388.9859652059704,0.0,traces/main_hash_006_2026391782_sweep.json,16944.929826029853,0.05827212333679199,True
True,1.0,15,True,tour,,277.4258401095353,4161.3876016430295,True,6,277.4258401095353,4161.3876016430295,8,15,129,0,15,128,tour,hash,2026391782,main,ok,99.0,645.0,128.0,3289.387601643031,0.0,traces/main_hash_006_2026391782_tour.json,16446.938008215155,0.3063490390777588,True
True,1.0,13,True,continuous_cell,,239.24274363165614,3110.15566721153,True,7,223.2199155025505,2901.8589015331563,1,13,137,0,13,131,adaptive,hash,2026391879,main,ok,68.0,685.0,131.0,2226.1556672115285,208.2967656783735,traces/main_hash_007_2026391879_adaptive.json,11130.778336057643,0.2147219181060791,True
True,1.0,13,,field,,426.25731636568804,5541.345112753945,True,7,320.75884139037885,4169.864938074925,2,13,205,0,13,194,field,hash,2026391879,main,ok,71.0,1025.0,194.0,4251.345112753941,1371.48017467902,traces/main_hash_007_2026391879_field.json,21256.725563769705,0.042189836502075195,True
True,1.0,13,True,continuous_cell,,236.41013328937436,3073.3317327618665,True,7,224.5675340721747,2919.377942938271,6,13,128,0,13,121,joint,hash,2026391879,main,ok,83.0,640.0,121.0,2229.331732761867,153.95378982359534,traces/main_hash_007_2026391879_joint.json,11146.658663809336,0.6671068668365479,True
True,0.7692307692307693,10,,sweep,,385.52505095458343,3855.2505095458346,False,7,344.2599922288821,3442.599922288821,0,10,127,0,13,120,sweep,hash,2026391879,main,ok,50.0,635.0,120.0,3050.250509545834,412.65058725701374,traces/main_hash_007_2026391879_sweep.json,15251.252547729171,0.039489030838012695,True
True,1.0,13,True,tour,,346.8216834767133,4508.681885197273,True,7,346.8216834767133,4508.681885197273,10,13,163,0,13,162,tour,hash,2026391879,main,ok,95.0,815.0,162.0,3436.681885197272,0.0,traces/main_hash_007_2026391879_tour.json,17183.40942598636,0.09685182571411133,True
True,1.0,12,True,continuous_cell,,298.9598768932245,3587.5185227186935,True,8,291.55248399972646,3498.6298079967173,3,12,188,0,12,180,adaptive,hash,2026391976,main,ok,69.0,940.0,180.0,2398.5185227186944,88.88871472197616,traces/main_hash_008_2026391976_adaptive.json,11992.592613593471,0.19837522506713867,True
True,1.0,12,,field,,387.541294002406,4650.495528028872,True,8,252.95167587536693,3035.420110504403,0,12,191,0,12,183,field,hash,2026391976,main,ok,60.0,955.0,183.0,3452.4955280288705,1615.0754175244692,traces/main_hash_008_2026391976_field.json,17262.477640144352,0.03989982604980469,True
True,1.0,12,True,continuous_cell,,256.22305954813123,3074.676714577575,True,8,256.22305954813123,3074.676714577575,4,12,145,0,12,136,joint,hash,2026391976,main,ok,72.0,725.0,136.0,2141.676714577575,0.0,traces/main_hash_008_2026391976_joint.json,10708.383572887873,0.5791738033294678,True
True,1.0,12,,sweep,,323.14246501326426,3877.7095801591713,True,8,323.14246501326426,3877.7095801591713,0,12,118,0,12,117,sweep,hash,2026391976,main,ok,60.0,590.0,117.0,3110.7095801591713,0.0,traces/main_hash_008_2026391976_sweep.json,15553.547900795857,0.05103492736816406,True
True,1.0,12,True,tour,,340.5773874927416,4086.928649912899,True,8,340.5773874927416,4086.928649912899,8,12,190,0,12,188,tour,hash,2026391976,main,ok,84.0,950.0,188.0,2864.9286499128966,0.0,traces/main_hash_008_2026391976_tour.json,14324.643249564482,0.10131096839904785,True
True,1.0,10,True,continuous_cell,,310.7206316374378,3107.206316374378,True,9,302.9361197879618,3029.361197879618,3,10,155,0,10,149,adaptive,hash,2026392073,main,ok,59.0,775.0,149.0,2124.206316374377,77.84511849475984,traces/main_hash_009_2026392073_adaptive.json,10621.031581871885,0.23078203201293945,True
True,1.0,10,,field,,594.6503054025555,5946.503054025556,True,9,433.2217517509186,4332.217517509186,4,10,205,0,10,197,field,hash,2026392073,main,ok,62.0,1025.0,197.0,4662.50305402555,1614.2855365163696,traces/main_hash_009_2026392073_field.json,23312.51527012775,0.04320812225341797,True
True,1.0,10,True,continuous_cell,,324.0559331651687,3240.559331651687,True,9,318.0559331651687,3180.559331651687,8,10,159,0,10,148,joint,hash,2026392073,main,ok,74.0,795.0,148.0,2223.559331651687,60.0,traces/main_hash_009_2026392073_joint.json,11117.796658258436,0.9378890991210938,True
True,1.0,10,,sweep,,395.94263776821623,3959.426377682162,True,9,395.94263776821623,3959.426377682162,0,10,122,0,10,119,sweep,hash,2026392073,main,ok,50.0,610.0,119.0,3180.426377682162,0.0,traces/main_hash_009_2026392073_sweep.json,15902.131888410811,0.04149770736694336,True
True,1.0,10,True,tour,,344.5774132409642,3445.774132409642,True,9,344.5774132409642,3445.774132409642,1,10,167,0,10,166,tour,hash,2026392073,main,ok,53.0,835.0,166.0,2391.7741324096423,0.0,traces/main_hash_009_2026392073_tour.json,11958.870662048212,0.10416698455810547,True
True,1.0,10,True,continuous_cell,,303.19907804011444,3031.9907804011445,True,10,293.2110158829721,2932.110158829721,0,10,172,0,10,169,adaptive,hash,2026392170,main,ok,50.0,860.0,169.0,1952.9907804011443,99.88062157142349,traces/main_hash_010_2026392170_adaptive.json,9764.953902005722,0.18503403663635254,True
True,1.0,10,,field,,522.7405875023512,5227.405875023513,True,10,387.31395982816144,3873.1395982816143,0,10,192,0,10,187,field,hash,2026392170,main,ok,50.0,960.0,187.0,4030.405875023509,1354.2662767418983,traces/main_hash_010_2026392170_field.json,20152.029375117545,0.036337852478027344,True
True,1.0,10,True,continuous_cell,,286.2347141121315,2862.347141121315,True,10,280.01016143181505,2800.1016143181505,4,10,136,0,10,132,joint,hash,2026392170,main,ok,62.0,680.0,132.0,1988.3471411213147,62.245526803164466,traces/main_hash_010_2026392170_joint.json,9941.735705606574,0.48870301246643066,True
True,1.0,10,,sweep,,414.91224773985334,4149.122477398533,True,10,414.91224773985334,4149.122477398533,0,10,146,0,10,145,sweep,hash,2026392170,main,ok,50.0,730.0,145.0,3224.122477398533,0.0,traces/main_hash_010_2026392170_sweep.json,16120.612386992667,0.03899979591369629,True
True,1.0,10,True,tour,,341.21969446659597,3412.1969446659596,True,10,341.21969446659597,3412.1969446659596,2,10,185,0,10,184,tour,hash,2026392170,main,ok,56.0,925.0,184.0,2247.196944665959,0.0,traces/main_hash_010_2026392170_tour.json,11235.984723329795,0.09177303314208984,True
True,1.0,16,True,continuous_cell,,223.4360775250858,3574.977240401373,True,11,223.4360775250858,3574.977240401373,0,16,134,0,16,129,adaptive,hash,2026392267,main,ok,80.0,670.0,129.0,2695.9772404013734,0.0,traces/main_hash_011_2026392267_adaptive.json,13479.886202006866,0.2512021064758301,True
True,1.0,16,,field,,328.5116726148593,5256.186761837749,True,11,246.7504729516376,3948.0075672262014,0,16,162,0,16,151,field,hash,2026392267,main,ok,80.0,810.0,151.0,4215.1867618377455,1308.1791946115477,traces/main_hash_011_2026392267_field.json,21075.933809188726,0.043270111083984375,True
True,1.0,16,True,continuous_cell,,180.5914686806396,2889.4634988902335,True,11,180.5914686806396,2889.4634988902335,1,16,105,0,16,98,joint,hash,2026392267,main,ok,83.0,525.0,98.0,2183.4634988902335,0.0,traces/main_hash_011_2026392267_joint.json,10917.317494451167,0.7965219020843506,True
True,1.0,16,,sweep,,267.10865661372765,4273.738505819642,True,11,266.35865661372765,4261.738505819642,0,16,103,0,16,102,sweep,hash,2026392267,main,ok,80.0,515.0,102.0,3576.7385058196423,12.0,traces/main_hash_011_2026392267_sweep.json,17883.69252909821,0.06597304344177246,True
True,1.0,16,True,tour,,241.0635284607673,3857.0164553722766,True,11,241.0635284607673,3857.0164553722766,7,16,141,0,16,138,tour,hash,2026392267,main,ok,101.0,705.0,138.0,2913.0164553722766,0.0,traces/main_hash_011_2026392267_tour.json,14565.082276861383,0.09856986999511719,True
True,1.0,12,True,continuous_cell,,256.4981893269848,3077.978271923818,True,12,256.4981893269848,3077.978271923818,0,12,138,0,12,136,adaptive,hash,2026392364,main,ok,60.0,690.0,136.0,2191.9782719238174,0.0,traces/main_hash_012_2026392364_adaptive.json,10959.891359619087,0.22107386589050293,True
True,1.0,12,,field,,452.01283208038495,5424.15398496462,True,12,265.4104375092095,3184.925250110514,0,12,188,0,12,185,field,hash,2026392364,main,ok,60.0,940.0,185.0,4239.153984964616,2239.228734854106,traces/main_hash_012_2026392364_field.json,21195.769924823082,0.039707183837890625,True
True,1.0,12,True,continuous_cell,,226.2144199646034,2714.5730395752407,True,12,226.2144199646034,2714.5730395752407,3,12,111,0,12,109,joint,hash,2026392364,main,ok,69.0,555.0,109.0,1981.573039575241,0.0,traces/main_hash_012_2026392364_joint.json,9907.865197876205,0.500673770904541,True
True,1.0,12,,sweep,,298.27461299240105,3579.295355908813,True,12,298.27461299240105,3579.295355908813,0,12,119,0,12,118,sweep,hash,2026392364,main,ok,60.0,595.0,118.0,2806.2953559088123,0.0,traces/main_hash_012_2026392364_sweep.json,14031.476779544062,0.04914975166320801,True
True,1.0,12,True,tour,,297.9342404577588,3575.2108854931057,True,12,297.9342404577588,3575.2108854931057,7,12,169,0,12,168,tour,hash,2026392364,main,ok,81.0,845.0,168.0,2481.2108854931053,0.0,traces/main_hash_012_2026392364_tour.json,12406.054427465526,0.12925004959106445,True
True,1.0,16,True,continuous_cell,,194.15714235237533,3106.5142776380053,True,13,174.8576562913208,2797.722500661133,2,16,132,0,16,128,adaptive,hash,2026392461,main,ok,86.0,660.0,128.0,2232.514277638003,308.79177697687237,traces/main_hash_013_2026392461_adaptive.json,11162.571388190016,0.29622602462768555,True
True,0.9375,15,,field,,375.52710226335563,5632.906533950334,False,13,261.4926391037233,3922.38958655585,6,15,172,0,16,167,field,hash,2026392461,main,ok,93.0,860.0,167.0,4512.906533950329,1710.5169473944839,traces/main_hash_013_2026392461_field.json,22564.532669751643,0.048356056213378906,True
True,1.0,16,True,continuous_cell,,175.21668068755636,2803.466891000902,True,13,175.21668068755636,2803.466891000902,8,16,95,0,16,90,joint,hash,2026392461,main,ok,104.0,475.0,90.0,2134.4668910009023,0.0,traces/main_hash_013_2026392461_joint.json,10672.334455004511,1.560835838317871,True
True,0.9375,15,,sweep,,280.6985218793645,4210.477828190467,False,13,246.3367605890011,3695.0514088350164,2,15,125,0,16,116,sweep,hash,2026392461,main,ok,81.0,625.0,116.0,3388.477828190467,515.4264193554509,traces/main_hash_013_2026392461_sweep.json,16942.389140952335,0.06681585311889648,True
True,1.0,16,True,tour,,266.9060791619744,4270.49726659159,True,13,266.9060791619744,4270.49726659159,15,16,147,0,16,146,tour,hash,2026392461,main,ok,125.0,735.0,146.0,3264.497266591588,0.0,traces/main_hash_013_2026392461_tour.json,16322.48633295794,0.20388197898864746,True
True,1.0,14,True,continuous_cell,,246.133988220224,3445.8758350831363,True,14,246.133988220224,3445.8758350831363,0,14,166,0,14,164,adaptive,hash,2026392558,main,ok,70.0,830.0,164.0,2381.8758350831367,0.0,traces/main_hash_014_2026392558_adaptive.json,11909.379175415683,0.2619497776031494,True
True,1.0,14,,field,,394.7915780630453,5527.082092882634,True,14,231.43569620386737,3240.099746854143,0,14,175,0,14,170,field,hash,2026392558,main,ok,70.0,875.0,170.0,4412.08209288263,2286.982346028491,traces/main_hash_014_2026392558_field.json,22060.410464413148,0.04058384895324707,True
True,1.0,14,True,continuous_cell,,226.95208392458179,3177.329174944145,True,14,226.95208392458179,3177.329174944145,5,14,125,0,14,113,joint,hash,2026392558,main,ok,85.0,625.0,113.0,2354.3291749441464,0.0,traces/main_hash_014_2026392558_joint.json,11771.645874720733,0.6208481788635254,True
True,1.0,14,,sweep,,310.14869088473586,4342.081672386302,True,14,309.29154802759297,4330.081672386302,0,14,115,0,14,110,sweep,hash,2026392558,main,ok,70.0,575.0,110.0,3587.0816723863013,12.0,traces/main_hash_014_2026392558_sweep.json,17935.408361931506,0.047463178634643555,True
True,1.0,14,True,tour,,274.7549038976058,3846.568654566481,True,14,274.7549038976058,3846.568654566481,6,14,175,0,14,174,tour,hash,2026392558,main,ok,88.0,875.0,174.0,2709.5686545664785,0.0,traces/main_hash_014_2026392558_tour.json,13547.843272832393,0.15792107582092285,True
True,1.0,16,True,continuous_cell,,221.38182425876863,3542.109188140298,True,15,221.38182425876863,3542.109188140298,2,16,121,0,16,115,adaptive,hash,2026392655,main,ok,86.0,605.0,115.0,2736.109188140298,0.0,traces/main_hash_015_2026392655_adaptive.json,13680.54594070149,0.2589859962463379,True
True,1.0,16,,field,,339.3394322635006,5429.43091621601,True,15,257.44577569626847,4119.1324111402955,4,16,166,0,16,160,field,hash,2026392655,main,ok,92.0,830.0,160.0,4347.430916216006,1310.2985050757143,traces/main_hash_015_2026392655_field.json,21737.15458108003,0.04281926155090332,True
True,1.0,16,True,continuous_cell,,193.79612700917843,3100.738032146855,True,15,192.29612700917843,3076.738032146855,5,16,100,0,16,92,joint,hash,2026392655,main,ok,95.0,500.0,92.0,2413.738032146854,24.0,traces/main_hash_015_2026392655_joint.json,12068.69016073427,0.7577090263366699,True
True,1.0,16,,sweep,,283.9085735174407,4542.537176279051,True,15,283.9085735174407,4542.537176279051,0,16,119,0,16,117,sweep,hash,2026392655,main,ok,80.0,595.0,117.0,3750.53717627905,0.0,traces/main_hash_015_2026392655_sweep.json,18752.68588139525,0.057832956314086914,True
True,1.0,16,True,tour,,320.1201997965846,5121.923196745353,True,15,320.1201997965846,5121.923196745353,14,16,152,0,16,147,tour,hash,2026392655,main,ok,122.0,760.0,147.0,4092.9231967453525,0.0,traces/main_hash_015_2026392655_tour.json,20464.615983726762,0.2536442279815674,True
True,1.0,15,True,continuous_cell,,224.49241890723704,3367.3862836085555,True,16,224.49241890723704,3367.3862836085555,1,15,146,0,15,141,adaptive,hash,2026392752,main,ok,78.0,730.0,141.0,2418.3862836085564,0.0,traces/main_hash_016_2026392752_adaptive.json,12091.931418042781,0.2548699378967285,True
True,1.0,15,,field,,311.0573275270691,4665.859912906037,True,16,215.5138949043407,3232.7084235651105,0,15,161,0,15,155,field,hash,2026392752,main,ok,75.0,805.0,155.0,3630.859912906034,1433.1514893409262,traces/main_hash_016_2026392752_field.json,18154.29956453017,0.03651881217956543,True
True,1.0,15,True,continuous_cell,,208.60504910247917,3129.0757365371874,True,16,206.60504910247917,3099.0757365371874,5,15,106,0,15,99,joint,hash,2026392752,main,ok,90.0,530.0,99.0,2410.0757365371874,30.0,traces/main_hash_016_2026392752_joint.json,12050.378682685936,0.9305741786956787,True
True,1.0,15,,sweep,,267.1943336213091,4007.9150043196364,True,16,267.1943336213091,4007.9150043196364,0,15,138,0,15,137,sweep,hash,2026392752,main,ok,75.0,690.0,137.0,3105.915004319635,0.0,traces/main_hash_016_2026392752_sweep.json,15529.575021598175,0.060568809509277344,True
True,1.0,15,True,tour,,249.67705592433984,3745.1558388650974,True,16,249.67705592433984,3745.1558388650974,3,15,148,0,15,145,tour,hash,2026392752,main,ok,84.0,740.0,145.0,2776.155838865096,0.0,traces/main_hash_016_2026392752_tour.json,13880.77919432548,0.11859679222106934,True
True,1.0,11,True,continuous_cell,,347.2228980740875,3819.4518788149626,True,17,335.84383065345196,3694.2821371879713,0,11,197,0,11,192,adaptive,hash,2026392849,main,ok,55.0,985.0,192.0,2587.451878814961,125.16974162699125,traces/main_hash_017_2026392849_adaptive.json,12937.259394074807,0.17615222930908203,True
True,1.0,11,,field,,469.5448710517088,5164.993581568797,True,17,359.86840128185156,3958.552414100367,0,11,216,0,11,211,field,hash,2026392849,main,ok,55.0,1080.0,211.0,3818.9935815687923,1206.4411674684297,traces/main_hash_017_2026392849_field.json,19094.967907843962,0.03572201728820801,True
True,1.0,11,True,continuous_cell,,319.852842357273,3518.3812659300033,True,17,308.6685273450284,3395.3538007953125,2,11,163,0,11,156,joint,hash,2026392849,main,ok,61.0,815.0,156.0,2486.381265930003,123.02746513469083,traces/main_hash_017_2026392849_joint.json,12431.906329650015,0.6427979469299316,True
True,0.8181818181818182,9,,sweep,,515.3029564316852,4637.726607885166,False,17,462.14307360299404,4159.287662426947,0,9,146,0,11,144,sweep,hash,2026392849,main,ok,45.0,730.0,144.0,3718.7266078851667,478.4389454582197,traces/main_hash_017_2026392849_sweep.json,18593.633039425833,0.03577923774719238,True
True,1.0,11,True,tour,,429.0484953508736,4719.53344885961,True,17,429.0484953508736,4719.53344885961,6,11,222,0,11,218,tour,hash,2026392849,main,ok,73.0,1110.0,218.0,3318.53344885961,0.0,traces/main_hash_017_2026392849_tour.json,16592.66724429805,0.2099781036376953,True
True,1.0,14,True,continuous_cell,,256.49482892719806,3590.927604980773,True,18,250.87289754799576,3512.2205656719407,4,14,146,0,14,140,adaptive,hash,2026392946,main,ok,82.0,730.0,140.0,2638.927604980773,78.70703930883246,traces/main_hash_018_2026392946_adaptive.json,13194.638024903867,0.2941751480102539,True
True,1.0,14,,field,,371.62583923594866,5202.761749303281,True,18,283.952860831303,3975.3400516382417,0,14,176,0,14,166,field,hash,2026392946,main,ok,70.0,880.0,166.0,4086.7617493032776,1227.4216976650396,traces/main_hash_018_2026392946_field.json,20433.808746516388,0.04010486602783203,True
True,1.0,14,True,continuous_cell,,246.7223853030204,3454.1133942422853,True,18,244.1509567315918,3418.1133942422853,4,14,121,0,14,113,joint,hash,2026392946,main,ok,82.0,605.0,113.0,2654.113394242285,36.0,traces/main_hash_018_2026392946_joint.json,13270.566971211423,0.6837790012359619,True
True,1.0,14,,sweep,,332.7949513729747,4659.129319221646,True,18,332.7949513729747,4659.129319221646,0,14,145,0,14,137,sweep,hash,2026392946,main,ok,70.0,725.0,137.0,3727.1293192216463,0.0,traces/main_hash_018_2026392946_sweep.json,18635.646596108232,0.05113863945007324,True
True,1.0,14,True,tour,,345.0179230863301,4830.250923208621,True,18,345.0179230863301,4830.250923208621,11,14,180,0,14,177,tour,hash,2026392946,main,ok,103.0,900.0,177.0,3650.2509232086204,0.0,traces/main_hash_018_2026392946_tour.json,18251.2546160431,0.25679612159729004,True
True,1.0,16,True,continuous_cell,,199.37987996577814,3190.0780794524503,True,19,199.37987996577814,3190.0780794524503,1,16,112,0,16,106,adaptive,hash,2026393043,main,ok,83.0,560.0,106.0,2441.0780794524494,0.0,traces/main_hash_019_2026393043_adaptive.json,12205.390397262247,0.2640800476074219,True
True,0.9375,15,,field,,418.57101776517425,6278.5652664776135,False,19,203.7009853087015,3055.5147796305223,2,15,153,0,16,143,field,hash,2026393043,main,ok,81.0,765.0,143.0,5289.565266477608,3223.050486847091,traces/main_hash_019_2026393043_field.json,26447.82633238804,0.05295991897583008,True
True,1.0,16,True,continuous_cell,,196.50690482039315,3144.1104771262903,True,19,193.42113103688052,3094.7380965900884,5,16,98,0,16,90,joint,hash,2026393043,main,ok,95.0,490.0,90.0,2469.110477126291,49.372380536201945,traces/main_hash_019_2026393043_joint.json,12345.552385631454,0.7097549438476562,True
True,1.0,16,,sweep,,243.2153733029375,3891.445972847,True,19,243.2153733029375,3891.445972847,0,16,111,0,16,109,sweep,hash,2026393043,main,ok,80.0,555.0,109.0,3147.4459728469997,0.0,traces/main_hash_019_2026393043_sweep.json,15737.229864234998,0.05787992477416992,True
True,1.0,16,True,tour,,281.01431222827256,4496.228995652361,True,19,260.1668039857935,4162.668863772696,15,16,117,0,16,110,tour,hash,2026393043,main,ok,125.0,585.0,110.0,3676.228995652361,333.5601318796653,traces/main_hash_019_2026393043_tour.json,18381.144978261804,0.24494171142578125,True
True,1.0,12,True,continuous_cell,,279.73008366675293,3356.7610040010354,True,0,260.94309118368386,3131.3170942042066,0,12,186,0,12,184,adaptive,random,2026091200,main,ok,60.0,930.0,184.0,2182.761004001036,225.44390979682885,traces/main_random_000_2026091200_adaptive.json,10913.805020005178,0.19852423667907715,True
True,1.0,12,,field,,429.7019680132944,5156.423616159533,True,0,299.74359608872516,3596.9231530647016,0,12,190,0,12,184,field,random,2026091200,main,ok,60.0,950.0,184.0,3962.4236161595304,1559.500463094831,traces/main_random_000_2026091200_field.json,19812.118080797653,0.042977094650268555,True
True,1.0,12,True,continuous_cell,,256.01518435634483,3072.182212276138,True,0,230.10066008756885,2761.2079210508264,1,12,136,0,12,129,joint,random,2026091200,main,ok,63.0,680.0,129.0,2200.182212276139,310.97429122531184,traces/main_random_000_2026091200_joint.json,11000.911061380695,0.6287329196929932,True
True,1.0,12,,sweep,,316.13308504062536,3793.5970204875043,True,0,316.13308504062536,3793.5970204875043,0,12,118,0,12,115,sweep,random,2026091200,main,ok,60.0,590.0,115.0,3028.5970204875057,0.0,traces/main_random_000_2026091200_sweep.json,15142.98510243753,0.041083335876464844,True
True,1.0,12,True,tour,,359.6883717136368,4316.260460563642,True,0,359.6883717136368,4316.260460563642,3,12,205,0,12,203,tour,random,2026091200,main,ok,69.0,1025.0,203.0,3019.260460563641,0.0,traces/main_random_000_2026091200_tour.json,15096.302302818205,0.18445396423339844,True
True,1.0,15,True,continuous_cell,,229.27104439370794,3439.065665905619,True,1,206.07767120579487,3091.165068086923,1,15,167,0,15,165,adaptive,random,2026091297,main,ok,78.0,835.0,165.0,2361.065665905619,347.90059781869604,traces/main_random_001_2026091297_adaptive.json,11805.328329528094,0.28173208236694336,True
True,1.0,15,,field,,365.7054486057315,5485.581729085972,True,1,302.5289931619834,4537.934897429751,0,15,158,0,15,144,field,random,2026091297,main,ok,75.0,790.0,144.0,4476.581729085969,947.6468316562214,traces/main_random_001_2026091297_field.json,22382.908645429845,0.03853297233581543,True
True,1.0,15,True,continuous_cell,,211.856006112861,3177.840091692915,True,1,211.856006112861,3177.840091692915,4,15,136,0,15,130,joint,random,2026091297,main,ok,87.0,680.0,130.0,2280.840091692916,0.0,traces/main_random_001_2026091297_joint.json,11404.200458464578,0.46303629875183105,True
True,1.0,15,,sweep,,279.1707397901434,4187.5610968521505,True,1,278.3707397901434,4175.5610968521505,0,15,150,0,15,147,sweep,random,2026091297,main,ok,75.0,750.0,147.0,3215.561096852152,12.0,traces/main_random_001_2026091297_sweep.json,16077.80548426076,0.05733299255371094,True
True,1.0,15,True,tour,,238.78071492303312,3581.710723845497,True,1,238.78071492303312,3581.710723845497,4,15,144,0,15,142,tour,random,2026091297,main,ok,87.0,720.0,142.0,2632.7107238454964,0.0,traces/main_random_001_2026091297_tour.json,13163.553619227481,0.14513111114501953,True
True,1.0,14,True,continuous_cell,,233.75386845115165,3272.554158316123,True,2,230.2666853497909,3223.7335948970726,0,14,142,0,14,135,adaptive,random,2026091394,main,ok,70.0,710.0,135.0,2357.5541583161225,48.82056341905036,traces/main_random_002_2026091394_adaptive.json,11787.770791580613,0.22204327583312988,True
True,1.0,14,,field,,358.04604613572945,5012.644645900213,True,2,259.78823366993964,3637.0352713791553,0,14,162,0,14,154,field,random,2026091394,main,ok,70.0,810.0,154.0,3978.644645900208,1375.6093745210574,traces/main_random_002_2026091394_field.json,19893.22322950104,0.040971994400024414,True
True,1.0,14,True,continuous_cell,,200.8902384788735,2812.463338704229,True,2,200.8902384788735,2812.463338704229,4,14,109,0,14,104,joint,random,2026091394,main,ok,82.0,545.0,104.0,2081.463338704228,0.0,traces/main_random_002_2026091394_joint.json,10407.316693521141,0.7716610431671143,True
True,1.0,14,,sweep,,289.2890908742195,4050.0472722390728,True,2,289.2890908742195,4050.0472722390728,2,14,120,0,14,119,sweep,random,2026091394,main,ok,76.0,600.0,119.0,3255.047272239071,0.0,traces/main_random_002_2026091394_sweep.json,16275.236361195355,0.061627864837646484,True
True,1.0,14,True,tour,,249.44962992000498,3492.2948188800697,True,2,249.44962992000498,3492.2948188800697,4,14,149,0,14,146,tour,random,2026091394,main,ok,82.0,745.0,146.0,2519.29481888007,0.0,traces/main_random_002_2026091394_tour.json,12596.47409440035,0.12555527687072754,True
True,1.0,13,True,continuous_cell,,260.23822713196626,3383.0969527155617,True,3,260.23822713196626,3383.0969527155617,1,13,183,0,13,180,adaptive,random,2026091491,main,ok,68.0,915.0,180.0,2220.0969527155626,0.0,traces/main_random_003_2026091491_adaptive.json,11100.484763577813,0.18535494804382324,True
True,1.0,13,,field,,475.01758037363135,6175.228544857207,True,3,371.6520908772679,4831.4771814044825,0,13,190,0,13,181,field,random,2026091491,main,ok,65.0,950.0,181.0,4979.228544857201,1343.751363452725,traces/main_random_003_2026091491_field.json,24896.142724286005,0.04247403144836426,True
True,1.0,13,True,continuous_cell,,236.46060708779262,3073.987892141304,True,3,236.46060708779262,3073.987892141304,5,13,151,0,13,142,joint,random,2026091491,main,ok,80.0,755.0,142.0,2096.987892141304,0.0,traces/main_random_003_2026091491_joint.json,10484.93946070652,0.41974306106567383,True
True,1.0,13,,sweep,,363.926387233273,4731.043034032548,True,3,363.926387233273,4731.043034032548,0,13,132,0,13,129,sweep,random,2026091491,main,ok,65.0,660.0,129.0,3877.04303403255,0.0,traces/main_random_003_2026091491_sweep.json,19385.21517016275,0.04604482650756836,True
True,1.0,13,False,tour,,387.08237759151416,5032.070908689684,True,3,387.08237759151416,5032.070908689684,9,13,200,0,13,197,tour,random,2026091491,main,ok,92.0,1000.0,197.0,3743.0709086896836,0.0,traces/main_random_003_2026091491_tour.json,18715.35454344842,0.2359452247619629,True
True,1.0,14,True,continuous_cell,,251.68789110772113,3523.630475508096,True,4,251.68789110772113,3523.630475508096,2,14,153,0,14,143,adaptive,random,2026091588,main,ok,76.0,765.0,143.0,2539.6304755080955,0.0,traces/main_random_004_2026091588_adaptive.json,12698.152377540478,0.23618197441101074,True
True,1.0,14,,field,,375.72028157404503,5260.08394203663,True,4,252.8033822280351,3539.2473511924914,2,14,178,0,14,166,field,random,2026091588,main,ok,76.0,890.0,166.0,4128.0839420366265,1720.8365908441388,traces/main_random_004_2026091588_field.json,20640.419710183134,0.03919625282287598,True
True,1.0,14,True,continuous_cell,,220.38288659853396,3085.3604123794753,True,4,217.81145802710537,3049.3604123794753,4,14,129,0,14,119,joint,random,2026091588,main,ok,82.0,645.0,119.0,2239.360412379475,36.0,traces/main_random_004_2026091588_joint.json,11196.802061897373,0.6946423053741455,True
True,1.0,14,,sweep,,335.0826707797127,4691.157390915978,True,4,335.0826707797127,4691.157390915978,0,14,124,0,14,120,sweep,random,2026091588,main,ok,70.0,620.0,120.0,3881.157390915978,0.0,traces/main_random_004_2026091588_sweep.json,19405.78695457989,0.05118894577026367,True
True,1.0,14,True,tour,,303.8060808824799,4253.285132354718,True,4,281.1395920655905,3935.9542889182667,3,14,196,0,14,193,tour,random,2026091588,main,ok,79.0,980.0,193.0,3001.2851323547193,317.3308434364517,traces/main_random_004_2026091588_tour.json,15006.425661773597,0.10598587989807129,True
True,1.0,13,True,continuous_cell,,245.56249634811013,3192.3124525254316,True,5,242.3317271173409,3150.3124525254316,0,13,157,0,13,154,adaptive,random,2026091685,main,ok,65.0,785.0,154.0,2188.3124525254307,42.0,traces/main_random_005_2026091685_adaptive.json,10941.562262627154,0.25982069969177246,True
True,1.0,13,,field,,427.1103733913747,5552.434854087871,True,5,274.5568297646047,3569.2387869398613,0,13,179,0,13,172,field,random,2026091685,main,ok,65.0,895.0,172.0,4420.434854087867,1983.1960671480097,traces/main_random_005_2026091685_field.json,22102.174270439336,0.036611080169677734,True
True,1.0,13,True,continuous_cell,,219.86525425110432,2858.248305264356,True,5,219.86525425110432,2858.248305264356,1,13,108,0,13,103,joint,random,2026091685,main,ok,68.0,540.0,103.0,2147.248305264356,0.0,traces/main_random_005_2026091685_joint.json,10736.24152632178,0.793787956237793,True
True,1.0,13,,sweep,,310.98266604243594,4042.774658551667,True,5,310.98266604243594,4042.774658551667,0,13,101,0,13,99,sweep,random,2026091685,main,ok,65.0,505.0,99.0,3373.7746585516675,0.0,traces/main_random_005_2026091685_sweep.json,16868.873292758337,0.04674196243286133,True
True,1.0,13,False,tour,,321.33556652838604,4177.362364869018,True,5,321.33556652838604,4177.362364869018,9,13,170,0,13,167,tour,random,2026091685,main,ok,92.0,850.0,167.0,3068.362364869016,0.0,traces/main_random_005_2026091685_tour.json,15341.811824345079,0.14707303047180176,True
True,1.0,11,True,continuous_cell,,272.56584906334587,2998.2243396968047,True,6,272.56584906334587,2998.2243396968047,0,11,159,0,11,157,adaptive,random,2026091782,main,ok,55.0,795.0,157.0,1991.2243396968042,0.0,traces/main_random_006_2026091782_adaptive.json,9956.121698484021,0.18780207633972168,True
True,1.0,11,,field,,464.9661123639243,5114.627236003167,True,6,354.16757670443053,3895.8433437487356,0,11,191,0,11,183,field,random,2026091782,main,ok,55.0,955.0,183.0,3921.6272360031617,1218.7838922544315,traces/main_random_006_2026091782_field.json,19608.13618001581,0.038884878158569336,True
True,1.0,11,True,continuous_cell,,248.8043538249726,2736.8478920746984,True,6,220.44167267640688,2424.8583994404758,1,11,127,0,11,124,joint,random,2026091782,main,ok,58.0,635.0,124.0,1919.847892074699,311.98949263422264,traces/main_random_006_2026091782_joint.json,9599.239460373496,0.6212301254272461,True
True,1.0,11,,sweep,,336.9636708997949,3706.600379897744,True,6,336.9636708997949,3706.600379897744,0,11,115,0,11,109,sweep,random,2026091782,main,ok,55.0,575.0,109.0,2967.6003798977445,0.0,traces/main_random_006_2026091782_sweep.json,14838.001899488723,0.03247809410095215,True
True,1.0,11,True,tour,,331.3368734036785,3644.7056074404636,True,6,331.3368734036785,3644.7056074404636,11,11,160,0,11,157,tour,random,2026091782,main,ok,88.0,800.0,157.0,2599.705607440463,0.0,traces/main_random_006_2026091782_tour.json,12998.528037202315,0.18039798736572266,True
True,1.0,12,True,continuous_cell,,265.76205739140477,3189.144688696857,True,7,265.76205739140477,3189.144688696857,0,12,182,0,12,180,adaptive,random,2026091879,main,ok,60.0,910.0,180.0,2039.1446886968558,0.0,traces/main_random_007_2026091879_adaptive.json,10195.72344348428,0.22945308685302734,True
True,1.0,12,,field,,433.03814171261746,5196.457700551409,True,7,285.1149982416162,3421.3799788993947,0,12,181,0,12,177,field,random,2026091879,main,ok,60.0,905.0,177.0,4054.457700551404,1775.0777216520146,traces/main_random_007_2026091879_field.json,20272.28850275702,0.03923392295837402,True
True,1.0,12,True,continuous_cell,,230.56687027253318,2766.8024432703983,True,7,205.41881783464112,2465.0258140156934,2,12,121,0,12,117,joint,random,2026091879,main,ok,66.0,605.0,117.0,1978.8024432703976,301.77662925470486,traces/main_random_007_2026091879_joint.json,9894.012216351988,0.7871129512786865,True
True,1.0,12,,sweep,,321.1316690890548,3853.580029068658,True,7,321.1316690890548,3853.580029068658,0,12,122,0,12,120,sweep,random,2026091879,main,ok,60.0,610.0,120.0,3063.580029068656,0.0,traces/main_random_007_2026091879_sweep.json,15317.900145343281,0.04677724838256836,True
True,1.0,12,True,tour,,320.54550609371086,3846.5460731245303,True,7,276.2709164882774,3315.250997859329,2,12,179,0,12,177,tour,random,2026091879,main,ok,66.0,895.0,177.0,2708.546073124532,531.2950752652014,traces/main_random_007_2026091879_tour.json,13542.73036562266,0.09100008010864258,True
True,1.0,15,True,continuous_cell,,220.1366924886598,3302.050387329897,True,8,207.06467973866458,3105.970196079969,1,15,141,0,15,136,adaptive,random,2026091976,main,ok,78.0,705.0,136.0,2383.0503873298985,196.08019124992825,traces/main_random_008_2026091976_adaptive.json,11915.251936649493,0.2439122200012207,True
True,1.0,15,,field,,387.58672942757414,5813.800941413612,True,8,336.3765137714771,5045.6477065721565,0,15,170,0,15,156,field,random,2026091976,main,ok,75.0,850.0,156.0,4732.800941413609,768.1532348414557,traces/main_random_008_2026091976_field.json,23664.00470706804,0.04414010047912598,True
True,1.0,15,True,continuous_cell,,210.30252379315073,3154.537856897261,True,8,210.30252379315073,3154.537856897261,4,15,120,0,15,113,joint,random,2026091976,main,ok,87.0,600.0,113.0,2354.5378568972615,0.0,traces/main_random_008_2026091976_joint.json,11772.689284486307,0.7509000301361084,True
True,1.0,15,,sweep,,287.8201034979918,4317.301552469877,True,8,287.8201034979918,4317.301552469877,0,15,133,0,15,131,sweep,random,2026091976,main,ok,75.0,665.0,131.0,3446.301552469875,0.0,traces/main_random_008_2026091976_sweep.json,17231.507762349374,0.06266379356384277,True
True,1.0,15,True,tour,,259.103817483435,3886.557262251525,True,8,259.103817483435,3886.557262251525,5,15,163,0,15,161,tour,random,2026091976,main,ok,90.0,815.0,161.0,2820.557262251525,0.0,traces/main_random_008_2026091976_tour.json,14102.786311257625,0.17110300064086914,True
True,1.0,16,True,continuous_cell,,194.61854736083092,3113.8967577732947,True,9,180.4758428009721,2887.6134848155534,3,16,144,0,16,141,adaptive,random,2026092073,main,ok,89.0,720.0,141.0,2163.8967577732956,226.28327295774125,traces/main_random_009_2026092073_adaptive.json,10819.483788866477,0.31635308265686035,True
True,1.0,16,,field,,359.1311420182676,5746.098272292282,True,9,242.50300928800874,3880.04814860814,1,16,165,0,16,157,field,random,2026092073,main,ok,83.0,825.0,157.0,4681.098272292277,1866.050123684142,traces/main_random_009_2026092073_field.json,23405.491361461387,0.045712947845458984,True
True,1.0,16,True,continuous_cell,,167.87889369477952,2686.0622991164723,True,9,162.3671039880047,2597.873663808075,3,16,96,0,16,91,joint,random,2026092073,main,ok,89.0,480.0,91.0,2026.0622991164723,88.18863530839735,traces/main_random_009_2026092073_joint.json,10130.311495582362,1.0208237171173096,True
True,1.0,16,,sweep,,259.4120029616909,4150.592047387055,True,9,259.4120029616909,4150.592047387055,0,16,118,0,16,116,sweep,random,2026092073,main,ok,80.0,590.0,116.0,3364.592047387055,0.0,traces/main_random_009_2026092073_sweep.json,16822.960236935276,0.05108904838562012,True
True,1.0,16,True,tour,,221.64904498076572,3546.3847196922516,True,9,221.64904498076572,3546.3847196922516,10,16,151,0,16,150,tour,random,2026092073,main,ok,110.0,755.0,150.0,2531.384719692251,0.0,traces/main_random_009_2026092073_tour.json,12656.923598461255,0.16428279876708984,True
True,1.0,10,True,continuous_cell,,310.06717181684496,3100.6717181684494,True,10,310.06717181684496,3100.6717181684494,2,10,163,0,10,160,adaptive,random,2026092170,main,ok,56.0,815.0,160.0,2069.6717181684494,0.0,traces/main_random_010_2026092170_adaptive.json,10348.358590842246,0.19666099548339844,True
True,1.0,10,,field,,539.7322904181813,5397.322904181812,True,10,332.78496046522156,3327.8496046522155,0,10,190,0,10,180,field,random,2026092170,main,ok,50.0,950.0,180.0,4217.322904181808,2069.4732995295967,traces/main_random_010_2026092170_field.json,21086.61452090904,0.03500199317932129,True
True,1.0,10,True,continuous_cell,,267.7437088945553,2677.437088945553,True,10,267.7437088945553,2677.437088945553,4,10,142,0,10,137,joint,random,2026092170,main,ok,62.0,710.0,137.0,1768.4370889455536,0.0,traces/main_random_010_2026092170_joint.json,8842.185444727767,0.5310328006744385,True
True,1.0,10,,sweep,,379.0972933956843,3790.972933956843,True,10,379.0972933956843,3790.972933956843,0,10,140,0,10,138,sweep,random,2026092170,main,ok,50.0,700.0,138.0,2902.9729339568435,0.0,traces/main_random_010_2026092170_sweep.json,14514.864669784218,0.04280209541320801,True
True,1.0,10,True,tour,,387.95624637801313,3879.5624637801316,True,10,387.95624637801313,3879.5624637801316,10,10,185,0,10,183,tour,random,2026092170,main,ok,80.0,925.0,183.0,2691.562463780131,0.0,traces/main_random_010_2026092170_tour.json,13457.812318900656,0.10704708099365234,True
True,1.0,15,True,continuous_cell,,219.75629517779862,3296.3444276669793,True,11,216.98181742083761,3254.727261312564,1,15,133,0,15,128,adaptive,random,2026092267,main,ok,78.0,665.0,128.0,2425.3444276669784,41.617166354415076,traces/main_random_011_2026092267_adaptive.json,12126.722138334891,0.23689508438110352,True
True,1.0,15,,field,,366.4373642951906,5496.560464427859,True,11,287.2525017672,4308.787526508,0,15,171,0,15,157,field,random,2026092267,main,ok,75.0,855.0,157.0,4409.560464427856,1187.772937919859,traces/main_random_011_2026092267_field.json,22047.80232213928,0.04229283332824707,True
True,1.0,15,True,continuous_cell,,225.99524603312219,3389.9286904968326,True,11,223.99524603312219,3359.9286904968326,8,15,122,0,15,114,joint,random,2026092267,main,ok,99.0,610.0,114.0,2566.928690496833,30.0,traces/main_random_011_2026092267_joint.json,12834.643452484164,1.0508718490600586,True
True,0.9333333333333333,14,,sweep,,306.3255553526854,4288.557774937595,False,11,306.3255553526854,4288.557774937595,0,14,123,0,15,122,sweep,random,2026092267,main,ok,70.0,615.0,122.0,3481.557774937596,0.0,traces/main_random_011_2026092267_sweep.json,17407.78887468798,0.04630899429321289,True
True,1.0,15,True,tour,,293.104815781521,4396.5722367228145,True,11,293.104815781521,4396.5722367228145,8,15,163,0,15,161,tour,random,2026092267,main,ok,99.0,815.0,161.0,3321.572236722813,0.0,traces/main_random_011_2026092267_tour.json,16607.861183614066,0.17847490310668945,True
True,1.0,12,True,continuous_cell,,265.92245518574214,3191.0694622289056,True,12,234.7431653248706,2816.9179838984473,0,12,173,0,12,170,adaptive,random,2026092364,main,ok,60.0,865.0,170.0,2096.0694622289056,374.1514783304583,traces/main_random_012_2026092364_adaptive.json,10480.34731114453,0.17520380020141602,True
True,1.0,12,,field,,398.1258923557025,4777.51070826843,True,12,304.0339155531101,3648.406986637321,0,12,192,0,12,182,field,random,2026092364,main,ok,60.0,960.0,182.0,3575.5107082684285,1129.1037216311088,traces/main_random_012_2026092364_field.json,17877.553541342142,0.03750300407409668,True
True,1.0,12,True,continuous_cell,,262.42762259115915,3149.13147109391,True,12,258.42762259115915,3101.13147109391,2,12,143,0,12,138,joint,random,2026092364,main,ok,66.0,715.0,138.0,2230.1314710939105,48.0,traces/main_random_012_2026092364_joint.json,11150.657355469551,0.5111501216888428,True
True,1.0,12,,sweep,,351.686693362506,4220.240320350072,True,12,351.686693362506,4220.240320350072,0,12,121,0,12,116,sweep,random,2026092364,main,ok,60.0,605.0,116.0,3439.2403203500717,0.0,traces/main_random_012_2026092364_sweep.json,17196.20160175036,0.03884387016296387,True
True,1.0,12,True,tour,,307.36419493275406,3688.370339193049,True,12,307.36419493275406,3688.370339193049,3,12,166,0,12,164,tour,random,2026092364,main,ok,69.0,830.0,164.0,2625.3703391930494,0.0,traces/main_random_012_2026092364_tour.json,13126.851695965246,0.11607718467712402,True
True,1.0,14,True,continuous_cell,,274.9967318228524,3849.9542455199335,True,13,272.4253032514238,3813.9542455199335,2,14,173,0,14,168,adaptive,random,2026092461,main,ok,76.0,865.0,168.0,2740.954245519935,36.0,traces/main_random_013_2026092461_adaptive.json,13704.771227599675,0.22831106185913086,True
True,1.0,14,,field,,371.0003420288555,5194.004788403978,True,13,289.1820682459939,4048.5489554439146,1,14,179,0,14,170,field,random,2026092461,main,ok,73.0,895.0,170.0,4056.0047884039727,1145.4558329600632,traces/main_random_013_2026092461_field.json,20280.023942019863,0.03719687461853027,True
True,1.0,14,True,continuous_cell,,233.45234592624888,3268.3328429674843,True,13,233.45234592624888,3268.3328429674843,1,14,144,0,14,135,joint,random,2026092461,main,ok,73.0,720.0,135.0,2340.332842967485,0.0,traces/main_random_013_2026092461_joint.json,11701.664214837423,0.38745760917663574,True
True,1.0,14,,sweep,,323.69184202646255,4531.685788370476,True,13,322.8346991693197,4519.685788370476,0,14,138,0,14,133,sweep,random,2026092461,main,ok,70.0,690.0,133.0,3638.685788370475,12.0,traces/main_random_013_2026092461_sweep.json,18193.428941852377,0.043261051177978516,True
True,1.0,14,True,tour,,337.44727443235143,4724.26184205292,True,13,337.44727443235143,4724.26184205292,7,14,206,0,14,205,tour,random,2026092461,main,ok,91.0,1030.0,205.0,3398.2618420529193,0.0,traces/main_random_013_2026092461_tour.json,16991.309210264597,0.2458939552307129,True
True,1.0,10,True,continuous_cell,,338.9853469077479,3389.853469077479,True,14,338.9853469077479,3389.853469077479,2,10,172,0,10,166,adaptive,random,2026092558,main,ok,56.0,860.0,166.0,2307.8534690774786,0.0,traces/main_random_014_2026092558_adaptive.json,11539.267345387394,0.17907285690307617,True
True,1.0,10,,field,,517.7513922157581,5177.513922157581,True,14,376.6111561283233,3766.1115612832327,0,10,195,0,10,185,field,random,2026092558,main,ok,50.0,975.0,185.0,3967.513922157575,1411.4023608743482,traces/main_random_014_2026092558_field.json,19837.569610787876,0.03708982467651367,True
True,1.0,10,True,continuous_cell,,303.0805900839555,3030.805900839555,True,14,303.0805900839555,3030.805900839555,3,10,134,0,10,129,joint,random,2026092558,main,ok,59.0,670.0,129.0,2172.8059008395558,0.0,traces/main_random_014_2026092558_joint.json,10864.029504197779,0.3856809139251709,True
True,1.0,10,,sweep,,370.1888087314402,3701.8880873144017,True,14,370.1888087314402,3701.8880873144017,0,10,122,0,10,119,sweep,random,2026092558,main,ok,50.0,610.0,119.0,2922.8880873144026,0.0,traces/main_random_014_2026092558_sweep.json,14614.440436572013,0.03009772300720215,True
True,1.0,10,True,tour,,348.56790647664764,3485.6790647664766,True,14,348.56790647664764,3485.6790647664766,1,10,154,0,10,153,tour,random,2026092558,main,ok,53.0,770.0,153.0,2509.6790647664766,0.0,traces/main_random_014_2026092558_tour.json,12548.395323832383,0.08429622650146484,True
True,1.0,12,True,continuous_cell,,273.96008643272773,3287.521037192733,True,15,273.96008643272773,3287.521037192733,0,12,151,0,12,148,adaptive,random,2026092655,main,ok,60.0,755.0,148.0,2324.5210371927324,0.0,traces/main_random_015_2026092655_adaptive.json,11622.605185963663,0.19681835174560547,True
True,1.0,12,,field,,457.1226194826033,5485.471433791239,True,15,296.572408070975,3558.8688968516994,4,12,189,0,12,180,field,random,2026092655,main,ok,72.0,945.0,180.0,4288.471433791235,1926.6025369395397,traces/main_random_015_2026092655_field.json,21442.357168956172,0.03681039810180664,True
True,1.0,12,True,continuous_cell,,284.9026180929696,3418.8314171156353,True,15,284.9026180929696,3418.8314171156353,0,12,152,0,12,145,joint,random,2026092655,main,ok,60.0,760.0,145.0,2453.8314171156353,0.0,traces/main_random_015_2026092655_joint.json,12269.157085578177,0.4869539737701416,True
True,0.9166666666666666,11,,sweep,,494.9628712996821,5444.591584296503,False,15,469.97575575986866,5169.733313358555,0,11,155,0,12,152,sweep,random,2026092655,main,ok,55.0,775.0,152.0,4462.591584296503,274.85827093794796,traces/main_random_015_2026092655_sweep.json,22312.957921482517,0.04328799247741699,True
True,1.0,12,True,tour,,345.47299291780604,4145.675915013672,True,15,345.47299291780604,4145.675915013672,7,12,225,0,12,223,tour,random,2026092655,main,ok,81.0,1125.0,223.0,2716.6759150136736,0.0,traces/main_random_015_2026092655_tour.json,13583.379575068368,0.12438678741455078,True
True,1.0,10,True,continuous_cell,,372.73717391760295,3727.371739176029,True,16,372.73717391760295,3727.371739176029,0,10,174,0,10,170,adaptive,random,2026092752,main,ok,50.0,870.0,170.0,2637.3717391760297,0.0,traces/main_random_016_2026092752_adaptive.json,13186.858695880148,0.17083001136779785,True
True,1.0,10,,field,,524.8025511084361,5248.025511084361,True,16,399.8027879338475,3998.0278793384755,0,10,208,0,10,202,field,random,2026092752,main,ok,50.0,1040.0,202.0,3956.0255110843564,1249.9976317458854,traces/main_random_016_2026092752_field.json,19780.127555421783,0.03505682945251465,True
True,1.0,10,True,continuous_cell,,347.00739416400313,3470.073941640031,True,16,328.2497305037642,3282.497305037642,3,10,141,0,10,131,joint,random,2026092752,main,ok,59.0,705.0,131.0,2575.073941640033,187.57663660238904,traces/main_random_016_2026092752_joint.json,12875.369708200164,0.46274900436401367,True
True,1.0,10,,sweep,,444.2628739239165,4442.628739239165,True,16,444.2628739239165,4442.628739239165,0,10,173,0,10,167,sweep,random,2026092752,main,ok,50.0,865.0,167.0,3360.628739239165,0.0,traces/main_random_016_2026092752_sweep.json,16803.143696195824,0.03985285758972168,True
True,1.0,10,True,tour,,396.4429288577057,3964.429288577057,True,16,396.4429288577057,3964.429288577057,8,10,207,0,10,205,tour,random,2026092752,main,ok,74.0,1035.0,205.0,2650.429288577056,0.0,traces/main_random_016_2026092752_tour.json,13252.14644288528,0.0813140869140625,True
True,1.0,15,True,continuous_cell,,223.99740190109097,3359.9610285163644,True,17,223.99740190109097,3359.9610285163644,0,15,147,0,15,145,adaptive,random,2026092849,main,ok,75.0,735.0,145.0,2404.961028516364,0.0,traces/main_random_017_2026092849_adaptive.json,12024.80514258182,0.30280399322509766,True
True,1.0,15,,field,,362.49161023414865,5437.37415351223,True,17,238.58769967880502,3578.815495182075,3,15,163,0,15,148,field,random,2026092849,main,ok,84.0,815.0,148.0,4390.374153512228,1858.5586583301547,traces/main_random_017_2026092849_field.json,21951.87076756114,0.03955888748168945,True
True,1.0,15,True,continuous_cell,,207.42367109044594,3111.355066356689,True,17,205.42367109044594,3081.355066356689,7,15,117,0,15,111,joint,random,2026092849,main,ok,96.0,585.0,111.0,2319.3550663566893,30.0,traces/main_random_017_2026092849_joint.json,11596.775331783447,0.8546321392059326,True
True,1.0,15,,sweep,,295.01150505482076,4425.172575822311,True,17,295.01150505482076,4425.172575822311,0,15,125,0,15,122,sweep,random,2026092849,main,ok,75.0,625.0,122.0,3603.172575822311,0.0,traces/main_random_017_2026092849_sweep.json,18015.862879111555,0.04854106903076172,True
True,1.0,15,True,tour,,277.28109063384017,4159.216359507603,True,17,277.28109063384017,4159.216359507603,7,15,162,0,15,161,tour,random,2026092849,main,ok,96.0,810.0,161.0,3092.2163595076017,0.0,traces/main_random_017_2026092849_tour.json,15461.081797538009,0.13384008407592773,True
True,1.0,13,True,continuous_cell,,274.168579555852,3564.1915342260754,True,18,274.168579555852,3564.1915342260754,3,13,173,0,13,171,adaptive,random,2026092946,main,ok,74.0,865.0,171.0,2454.191534226075,0.0,traces/main_random_018_2026092946_adaptive.json,12270.957671130374,0.26682591438293457,True
True,1.0,13,,field,,452.2318060079005,5879.013478102706,True,18,292.1737316016248,3798.2585108211224,0,13,170,0,13,162,field,random,2026092946,main,ok,65.0,850.0,162.0,4802.013478102703,2080.754967281584,traces/main_random_018_2026092946_field.json,24010.067390513515,0.040718793869018555,True
True,1.0,13,True,continuous_cell,,239.42320558735557,3112.5016726356225,True,18,239.42320558735557,3112.5016726356225,0,13,120,0,13,113,joint,random,2026092946,main,ok,65.0,600.0,113.0,2334.501672635622,0.0,traces/main_random_018_2026092946_joint.json,11672.50836317811,0.5651969909667969,True
True,1.0,13,,sweep,,309.44261213307766,4022.75395773001,True,18,309.44261213307766,4022.75395773001,2,13,112,0,13,110,sweep,random,2026092946,main,ok,71.0,560.0,110.0,3281.753957730011,0.0,traces/main_random_018_2026092946_sweep.json,16408.769788650054,0.0475010871887207,True
True,1.0,13,True,tour,,323.5249914387807,4205.824888704149,True,18,323.5249914387807,4205.824888704149,7,13,220,0,13,219,tour,random,2026092946,main,ok,86.0,1100.0,219.0,2800.824888704149,0.0,traces/main_random_018_2026092946_tour.json,14004.124443520745,0.16106796264648438,True
True,1.0,15,True,continuous_cell,,239.36307701769678,3590.4461552654516,True,19,239.36307701769678,3590.4461552654516,2,15,131,0,15,121,adaptive,random,2026093043,main,ok,81.0,655.0,121.0,2733.4461552654525,0.0,traces/main_random_019_2026093043_adaptive.json,13667.230776327262,0.28527021408081055,True
True,1.0,15,,field,,334.9901083361886,5024.851625042829,True,19,255.15533211845002,3827.32998177675,0,15,166,0,15,152,field,random,2026093043,main,ok,75.0,830.0,152.0,3967.8516250428247,1197.521643266079,traces/main_random_019_2026093043_field.json,19839.258125214124,0.03949332237243652,True
True,1.0,15,True,continuous_cell,,232.10040170890636,3481.5060256335955,True,19,232.10040170890636,3481.5060256335955,3,15,124,0,15,116,joint,random,2026093043,main,ok,84.0,620.0,116.0,2661.5060256335946,0.0,traces/main_random_019_2026093043_joint.json,13307.530128167973,0.8776679039001465,True
True,1.0,15,,sweep,,302.72333033236737,4540.8499549855105,True,19,302.72333033236737,4540.8499549855105,0,15,120,0,15,118,sweep,random,2026093043,main,ok,75.0,600.0,118.0,3747.8499549855105,0.0,traces/main_random_019_2026093043_sweep.json,18739.249774927554,0.05784106254577637,True
True,1.0,15,True,tour,,291.2901703626346,4369.352555439519,True,19,291.2901703626346,4369.352555439519,17,15,177,0,15,174,tour,random,2026093043,main,ok,126.0,885.0,174.0,3184.352555439518,0.0,traces/main_random_019_2026093043_tour.json,15921.76277719759,0.28754401206970215,True
True,1.0,15,True,continuous_cell,,249.30451491939127,3739.567723790869,True,20,249.30451491939127,3739.567723790869,1,15,151,0,15,149,adaptive,random,2026093140,main,ok,78.0,755.0,149.0,2757.5677237908685,0.0,traces/main_random_020_2026093140_adaptive.json,13787.838618954343,0.2960948944091797,True
True,1.0,15,,field,,400.636167956404,6009.54251934606,True,20,335.1530369702112,5027.295554553168,0,15,161,0,15,146,field,random,2026093140,main,ok,75.0,805.0,146.0,4983.54251934606,982.246964792892,traces/main_random_020_2026093140_field.json,24917.712596730296,0.03957986831665039,True
True,1.0,15,True,continuous_cell,,210.51488151701272,3157.723222755191,True,20,208.51488151701272,3127.723222755191,2,15,107,0,15,103,joint,random,2026093140,main,ok,81.0,535.0,103.0,2438.723222755191,30.0,traces/main_random_020_2026093140_joint.json,12193.616113775954,1.0410189628601074,True
True,0.9333333333333333,14,,sweep,,287.0101528681209,4018.1421401536923,False,20,286.153010010978,4006.1421401536923,0,14,107,0,15,105,sweep,random,2026093140,main,ok,70.0,535.0,105.0,3308.1421401536927,12.0,traces/main_random_020_2026093140_sweep.json,16540.710700768464,0.045397043228149414,True
True,1.0,15,False,tour,,306.5484757090192,4598.2271356352885,True,20,306.5484757090192,4598.2271356352885,11,15,160,0,15,157,tour,random,2026093140,main,ok,108.0,800.0,157.0,3533.2271356352867,0.0,traces/main_random_020_2026093140_tour.json,17666.135678176433,0.14821910858154297,True
True,1.0,12,True,continuous_cell,,275.67410387215205,3308.0892464658245,True,21,253.59085884863055,3043.0903061835666,0,12,168,0,12,165,adaptive,random,2026093237,main,ok,60.0,840.0,165.0,2243.089246465826,264.998940282258,traces/main_random_021_2026093237_adaptive.json,11215.44623232913,0.20308923721313477,True
True,1.0,12,,field,,426.61057808467075,5119.326937016049,True,21,329.57889520844896,3954.9467425013877,0,12,166,0,12,148,field,random,2026093237,main,ok,60.0,830.0,148.0,4081.3269370160474,1164.380194514661,traces/main_random_021_2026093237_field.json,20406.634685080237,0.035199880599975586,True
True,1.0,12,True,continuous_cell,,267.523997949059,3210.2879753887078,True,21,256.9929215396741,3083.9150584760896,7,12,143,0,12,134,joint,random,2026093237,main,ok,81.0,715.0,134.0,2280.2879753887078,126.37291691261817,traces/main_random_021_2026093237_joint.json,11401.43987694354,0.4429340362548828,True
True,1.0,12,,sweep,,327.2230747348508,3926.6768968182096,True,21,327.2230747348508,3926.6768968182096,0,12,122,0,12,119,sweep,random,2026093237,main,ok,60.0,610.0,119.0,3137.67689681821,0.0,traces/main_random_021_2026093237_sweep.json,15688.38448409105,0.036229848861694336,True
True,1.0,12,True,tour,,314.94825162825146,3779.3790195390175,True,21,314.94825162825146,3779.3790195390175,4,12,185,0,12,182,tour,random,2026093237,main,ok,72.0,925.0,182.0,2600.3790195390175,0.0,traces/main_random_021_2026093237_tour.json,13001.895097695087,0.1409611701965332,True
True,1.0,16,True,continuous_cell,,214.29113120201248,3428.6580992321997,True,22,214.29113120201248,3428.6580992321997,3,16,126,0,16,119,adaptive,random,2026093334,main,ok,89.0,630.0,119.0,2590.6580992321983,0.0,traces/main_random_022_2026093334_adaptive.json,12953.290496160991,0.24307918548583984,True
True,1.0,16,,field,,370.00637246311396,5920.101959409823,True,22,272.3945781579199,4358.313250526719,2,16,170,0,16,161,field,random,2026093334,main,ok,86.0,850.0,161.0,4823.101959409821,1561.7887088831048,traces/main_random_022_2026093334_field.json,24115.509797049104,0.04097104072570801,True
True,1.0,16,True,continuous_cell,,194.57315837434456,3113.170533989513,True,22,194.57315837434456,3113.170533989513,7,16,109,0,16,100,joint,random,2026093334,main,ok,101.0,545.0,100.0,2367.1705339895148,0.0,traces/main_random_022_2026093334_joint.json,11835.852669947573,0.6734569072723389,True
True,1.0,16,,sweep,,264.79640532472536,4236.742485195606,True,22,264.79640532472536,4236.742485195606,0,16,125,0,16,123,sweep,random,2026093334,main,ok,80.0,625.0,123.0,3408.7424851956057,0.0,traces/main_random_022_2026093334_sweep.json,17043.71242597803,0.055657386779785156,True
True,1.0,16,True,tour,,244.1437444443404,3906.2999111094464,True,22,244.1437444443404,3906.2999111094464,2,16,204,0,16,203,tour,random,2026093334,main,ok,86.0,1020.0,203.0,2597.299911109446,0.0,traces/main_random_022_2026093334_tour.json,12986.49955554723,0.18384909629821777,True
True,1.0,16,True,continuous_cell,,206.03679840666265,3296.5887745066025,True,23,206.03679840666265,3296.5887745066025,0,16,131,0,16,130,adaptive,random,2026093431,main,ok,80.0,655.0,130.0,2431.5887745066025,0.0,traces/main_random_023_2026093431_adaptive.json,12157.943872533013,0.2951219081878662,True
True,1.0,16,,field,,335.35361443109537,5365.657830897526,True,23,253.38950052100705,4054.232008336113,0,16,159,0,16,153,field,random,2026093431,main,ok,80.0,795.0,153.0,4337.657830897521,1311.425822561413,traces/main_random_023_2026093431_field.json,21688.289154487607,0.04103207588195801,True
True,1.0,16,True,continuous_cell,,207.40166131619756,3318.426581059161,True,23,205.90166131619756,3294.426581059161,7,16,110,0,16,104,joint,random,2026093431,main,ok,101.0,550.0,104.0,2563.4265810591614,24.0,traces/main_random_023_2026093431_joint.json,12817.132905295808,1.1630189418792725,True
True,1.0,16,,sweep,,275.80347128163896,4412.855540506223,True,23,275.80347128163896,4412.855540506223,0,16,113,0,16,110,sweep,random,2026093431,main,ok,80.0,565.0,110.0,3657.855540506224,0.0,traces/main_random_023_2026093431_sweep.json,18289.27770253112,0.06720113754272461,True
True,1.0,16,True,tour,,237.0121712555661,3792.1947400890576,True,23,237.0121712555661,3792.1947400890576,3,16,134,0,16,132,tour,random,2026093431,main,ok,89.0,670.0,132.0,2901.1947400890563,0.0,traces/main_random_023_2026093431_tour.json,14505.973700445282,0.126572847366333,True
True,1.0,10,True,continuous_cell,,289.64621124306444,2896.4621124306445,True,24,266.2046249118587,2662.0462491185867,1,10,159,0,10,157,adaptive,random,2026093528,main,ok,53.0,795.0,157.0,1891.4621124306443,234.4158633120578,traces/main_random_024_2026093528_adaptive.json,9457.310562153221,0.20052480697631836,True
True,1.0,10,,field,,519.2833545845648,5192.833545845648,True,24,368.5953996602692,3685.953996602692,0,10,187,0,10,184,field,random,2026093528,main,ok,50.0,935.0,184.0,4023.8335458456436,1506.8795492429558,traces/main_random_024_2026093528_field.json,20119.16772922822,0.05056905746459961,True
True,1.0,10,True,continuous_cell,,260.3812869800924,2603.812869800924,True,24,260.3812869800924,2603.812869800924,4,10,121,0,10,120,joint,random,2026093528,main,ok,62.0,605.0,120.0,1816.812869800923,0.0,traces/main_random_024_2026093528_joint.json,9084.064349004615,0.624521017074585,True
True,1.0,10,,sweep,,345.9876560876971,3459.876560876971,True,24,345.9876560876971,3459.876560876971,0,10,105,0,10,103,sweep,random,2026093528,main,ok,50.0,525.0,103.0,2781.8765608769713,0.0,traces/main_random_024_2026093528_sweep.json,13909.382804384857,0.0385737419128418,True
True,1.0,10,True,tour,,354.64217438227877,3546.421743822788,True,24,342.6170469569341,3426.1704695693406,6,10,179,0,10,177,tour,random,2026093528,main,ok,68.0,895.0,177.0,2406.421743822788,120.25127425344726,traces/main_random_024_2026093528_tour.json,12032.10871911394,0.150831937789917,True
True,1.0,15,True,continuous_cell,,194.10944925384163,2911.6417388076243,True,25,194.10944925384163,2911.6417388076243,1,15,115,0,15,110,adaptive,random,2026093625,main,ok,78.0,575.0,110.0,2148.6417388076243,0.0,traces/main_random_025_2026093625_adaptive.json,10743.208694038121,0.2772197723388672,True
True,1.0,15,,field,,359.04772268457987,5385.715840268698,True,25,283.6644510657965,4254.966765986948,0,15,181,0,15,171,field,random,2026093625,main,ok,75.0,905.0,171.0,4234.715840268694,1130.74907428175,traces/main_random_025_2026093625_field.json,21173.57920134347,0.04354286193847656,True
True,1.0,15,True,continuous_cell,,195.00239983120284,2925.0359974680428,True,25,193.00239983120284,2895.0359974680428,11,15,114,0,15,108,joint,random,2026093625,main,ok,108.0,570.0,108.0,2139.035997468043,30.0,traces/main_random_025_2026093625_joint.json,10695.179987340216,0.7119231224060059,True
True,1.0,15,,sweep,,265.88009027593756,3988.201354139064,True,25,265.88009027593756,3988.201354139064,0,15,114,0,15,110,sweep,random,2026093625,main,ok,75.0,570.0,110.0,3233.2013541390625,0.0,traces/main_random_025_2026093625_sweep.json,16166.006770695312,0.05727672576904297,True
True,1.0,15,True,tour,,243.90428157256832,3658.564223588525,True,25,243.90428157256832,3658.564223588525,6,15,164,0,15,162,tour,random,2026093625,main,ok,93.0,820.0,162.0,2583.5642235885234,0.0,traces/main_random_025_2026093625_tour.json,12917.821117942616,0.23637986183166504,True
True,1.0,13,True,continuous_cell,,256.49532907392046,3334.439277960966,True,26,250.4982024375017,3256.476631687522,1,13,142,0,13,138,adaptive,random,2026093722,main,ok,68.0,710.0,138.0,2418.4392779609652,77.96264627344408,traces/main_random_026_2026093722_adaptive.json,12092.196389804827,0.18199419975280762,True
True,1.0,13,,field,,428.9538704112782,5576.4003153466165,True,26,334.847973800096,4353.023659401248,2,13,193,0,13,180,field,random,2026093722,main,ok,71.0,965.0,180.0,4360.400315346612,1223.3766559453688,traces/main_random_026_2026093722_field.json,21802.00157673306,0.044061899185180664,True
True,1.0,13,True,continuous_cell,,239.8864394182014,3118.523712436618,True,26,236.65567018743215,3076.523712436618,5,13,126,0,13,117,joint,random,2026093722,main,ok,80.0,630.0,117.0,2291.523712436619,42.0,traces/main_random_026_2026093722_joint.json,11457.618562183095,0.5512781143188477,True
True,0.7692307692307693,10,,sweep,,460.060753999321,4600.60753999321,False,26,432.66102533283055,4326.610253328306,0,10,150,0,13,147,sweep,random,2026093722,main,ok,50.0,750.0,147.0,3653.607539993211,273.9972866649041,traces/main_random_026_2026093722_sweep.json,18268.037699966055,0.03477787971496582,True
True,1.0,13,True,tour,,368.118176634219,4785.536296244847,True,26,368.118176634219,4785.536296244847,8,13,185,0,13,183,tour,random,2026093722,main,ok,89.0,925.0,183.0,3588.5362962448476,0.0,traces/main_random_026_2026093722_tour.json,17942.681481224237,0.16385102272033691,True
True,1.0,14,True,continuous_cell,,226.05392650333033,3164.7549710466246,True,27,219.6425961364972,3074.996345910961,1,14,140,0,14,133,adaptive,random,2026093819,main,ok,73.0,700.0,133.0,2258.754971046625,89.7586251356638,traces/main_random_027_2026093819_adaptive.json,11293.774855233125,0.24758601188659668,True
True,1.0,14,,field,,396.6593686073207,5553.23116050249,True,27,250.94777675414545,3513.2688745580363,0,14,180,0,14,170,field,random,2026093819,main,ok,70.0,900.0,170.0,4413.231160502483,2039.9622859444535,traces/main_random_027_2026093819_field.json,22066.155802512418,0.047106266021728516,True
True,1.0,14,True,continuous_cell,,220.3547758845983,3084.9668623843763,True,27,213.5322425012916,2989.451395018082,10,14,118,0,14,110,joint,random,2026093819,main,ok,100.0,590.0,110.0,2284.9668623843763,95.51546736629416,traces/main_random_027_2026093819_joint.json,11424.83431192188,0.9637560844421387,True
True,0.9285714285714286,13,,sweep,,340.1950457747566,4422.535595071836,False,27,296.94014825242,3860.22192728146,0,13,122,0,14,114,sweep,random,2026093819,main,ok,65.0,610.0,114.0,3633.5355950718367,562.3136677903758,traces/main_random_027_2026093819_sweep.json,18167.677975359184,0.05349302291870117,True
True,1.0,14,True,tour,,283.93801410889625,3975.132197524548,True,27,283.93801410889625,3975.132197524548,8,14,155,0,14,154,tour,random,2026093819,main,ok,94.0,775.0,154.0,2952.1321975245473,0.0,traces/main_random_027_2026093819_tour.json,14760.660987622738,0.10701203346252441,True
True,1.0,11,True,continuous_cell,,328.04492488405515,3608.4941737246068,True,28,328.04492488405515,3608.4941737246068,1,11,189,0,11,184,adaptive,random,2026093916,main,ok,58.0,945.0,184.0,2421.494173724607,0.0,traces/main_random_028_2026093916_adaptive.json,12107.470868623035,0.2075951099395752,True
True,1.0,11,,field,,429.02515016908563,4719.276651859942,True,28,246.10722331102806,2707.1794564213087,0,11,180,0,11,175,field,random,2026093916,main,ok,55.0,900.0,175.0,3589.276651859941,2012.0971954386332,traces/main_random_028_2026093916_field.json,17946.383259299706,0.035868167877197266,True
True,1.0,11,True,continuous_cell,,273.0210221644126,3003.2312438085387,True,28,268.1119312553217,2949.2312438085387,5,11,130,0,11,125,joint,random,2026093916,main,ok,70.0,650.0,125.0,2158.2312438085382,54.0,traces/main_random_028_2026093916_joint.json,10791.15621904269,1.0555672645568848,True
True,1.0,11,,sweep,,340.44457235738696,3744.8902959312563,True,28,340.44457235738696,3744.8902959312563,1,11,133,0,11,132,sweep,random,2026093916,main,ok,58.0,665.0,132.0,2889.8902959312563,0.0,traces/main_random_028_2026093916_sweep.json,14449.451479656282,0.0459139347076416,True
True,1.0,11,True,tour,,319.4024873383594,3513.4273607219534,True,28,302.7780179720592,3330.5581976926514,2,11,163,0,11,162,tour,random,2026093916,main,ok,61.0,815.0,162.0,2475.427360721954,182.86916302930194,traces/main_random_028_2026093916_tour.json,12377.136803609768,0.09131813049316406,True
True,1.0,14,True,continuous_cell,,245.36241231713007,3435.073772439821,True,29,245.36241231713007,3435.073772439821,0,14,171,0,14,165,adaptive,random,2026094013,main,ok,70.0,855.0,165.0,2345.073772439821,0.0,traces/main_random_029_2026094013_adaptive.json,11725.368862199104,0.2303919792175293,True
True,1.0,14,,field,,406.352716147761,5688.938026068654,True,29,272.52435926930445,3815.341029770262,0,14,186,0,14,180,field,random,2026094013,main,ok,70.0,930.0,180.0,4508.938026068652,1873.5969962983918,traces/main_random_029_2026094013_field.json,22544.69013034326,0.03903508186340332,True
True,1.0,14,True,continuous_cell,,226.6754370027655,3173.4561180387172,True,29,209.35953844684218,2931.0335382557905,1,14,121,0,14,114,joint,random,2026094013,main,ok,73.0,605.0,114.0,2381.4561180387163,242.42257978292673,traces/main_random_029_2026094013_joint.json,11907.280590193583,0.7399649620056152,True
True,1.0,14,,sweep,,311.38013809503127,4359.321933330438,True,29,311.38013809503127,4359.321933330438,0,14,145,0,14,141,sweep,random,2026094013,main,ok,70.0,725.0,141.0,3423.3219333304396,0.0,traces/main_random_029_2026094013_sweep.json,17116.6096666522,0.0414888858795166,True
True,1.0,14,True,tour,,318.50313974472493,4459.043956426149,True,29,318.50313974472493,4459.043956426149,7,14,203,0,14,202,tour,random,2026094013,main,ok,91.0,1015.0,202.0,3151.043956426147,0.0,traces/main_random_029_2026094013_tour.json,15755.219782130735,0.1013641357421875,True
True,1.0,11,True,continuous_cell,,317.9093702396129,3497.003072635742,True,30,317.9093702396129,3497.003072635742,0,11,174,0,11,171,adaptive,random,2026094110,main,ok,55.0,870.0,171.0,2401.003072635742,0.0,traces/main_random_030_2026094110_adaptive.json,12005.015363178709,0.1450047492980957,True
True,1.0,11,,field,,452.1705317703163,4973.875849473479,True,30,301.6104197733757,3317.714617507133,0,11,198,0,11,193,field,random,2026094110,main,ok,55.0,990.0,193.0,3735.875849473477,1656.1612319663463,traces/main_random_030_2026094110_field.json,18679.379247367386,0.03778982162475586,True
True,1.0,11,True,continuous_cell,,289.21023478451065,3181.3125826296173,True,30,289.21023478451065,3181.3125826296173,2,11,139,0,11,132,joint,random,2026094110,main,ok,61.0,695.0,132.0,2293.312582629616,0.0,traces/main_random_030_2026094110_joint.json,11466.56291314808,0.5213422775268555,True
True,1.0,11,,sweep,,411.11100977462644,4522.221107520891,True,30,411.11100977462644,4522.221107520891,0,11,158,0,11,156,sweep,random,2026094110,main,ok,55.0,790.0,156.0,3521.2211075208907,0.0,traces/main_random_030_2026094110_sweep.json,17606.105537604453,0.04285001754760742,True
True,1.0,11,True,tour,,424.3686041996106,4668.0546461957165,True,30,424.3686041996106,4668.0546461957165,3,11,206,0,11,203,tour,random,2026094110,main,ok,64.0,1030.0,203.0,3371.0546461957174,0.0,traces/main_random_030_2026094110_tour.json,16855.273230978586,0.09415817260742188,True
True,1.0,15,True,continuous_cell,,229.2868371363929,3439.3025570458935,True,31,229.2868371363929,3439.3025570458935,1,15,138,0,15,133,adaptive,random,2026094207,main,ok,78.0,690.0,133.0,2538.3025570458954,0.0,traces/main_random_031_2026094207_adaptive.json,12691.512785229477,0.2201249599456787,True
True,0.9333333333333333,14,,field,,372.6171525896065,5216.640136254491,False,31,367.9530124763051,5151.342174668272,0,14,155,0,15,140,field,random,2026094207,main,ok,70.0,775.0,140.0,4231.640136254491,65.29796158621957,traces/main_random_031_2026094207_field.json,21158.200681272458,0.034063100814819336,True
True,1.0,15,True,continuous_cell,,218.9989740548847,3284.9846108232705,True,31,218.9989740548847,3284.9846108232705,6,15,132,0,15,122,joint,random,2026094207,main,ok,93.0,660.0,122.0,2409.9846108232714,0.0,traces/main_random_031_2026094207_joint.json,12049.923054116356,0.5573718547821045,True
True,1.0,15,,sweep,,344.6466710238349,5169.700065357524,True,31,344.6466710238349,5169.700065357524,0,15,170,0,15,161,sweep,random,2026094207,main,ok,75.0,850.0,161.0,4083.700065357522,0.0,traces/main_random_031_2026094207_sweep.json,20418.50032678761,0.047322988510131836,True
True,1.0,15,True,tour,,286.4728030020937,4297.092045031406,True,31,286.4728030020937,4297.092045031406,12,15,172,0,15,170,tour,random,2026094207,main,ok,111.0,860.0,170.0,3156.092045031407,0.0,traces/main_random_031_2026094207_tour.json,15780.460225157036,0.09353399276733398,True
True,1.0,11,True,continuous_cell,,296.60728521564346,3262.680137372078,True,32,296.60728521564346,3262.680137372078,0,11,172,0,11,171,adaptive,random,2026094304,main,ok,55.0,860.0,171.0,2176.680137372078,0.0,traces/main_random_032_2026094304_adaptive.json,10883.40068686039,0.20037293434143066,True
True,1.0,11,,field,,464.50955570039565,5109.605112704352,True,32,342.1894270560661,3764.0836976167275,0,11,194,0,11,190,field,random,2026094304,main,ok,55.0,970.0,190.0,3894.6051127043493,1345.5214150876245,traces/main_random_032_2026094304_field.json,19473.025563521747,0.03931617736816406,True
True,1.0,11,True,continuous_cell,,257.132892200217,2828.461814202387,True,32,252.22380129112608,2774.461814202387,2,11,135,0,11,130,joint,random,2026094304,main,ok,61.0,675.0,130.0,1962.4618142023864,54.0,traces/main_random_032_2026094304_joint.json,9812.309071011932,0.6466679573059082,True
True,1.0,11,,sweep,,390.8890409497546,4299.7794504473,True,32,390.8890409497546,4299.7794504473,0,11,139,0,11,130,sweep,random,2026094304,main,ok,55.0,695.0,130.0,3419.7794504473013,0.0,traces/main_random_032_2026094304_sweep.json,17098.897252236507,0.040635108947753906,True
True,1.0,11,True,tour,,347.70010722021965,3824.7011794224163,True,32,347.70010722021965,3824.7011794224163,7,11,161,0,11,160,tour,random,2026094304,main,ok,76.0,805.0,160.0,2783.7011794224136,0.0,traces/main_random_032_2026094304_tour.json,13918.505897112069,0.1273517608642578,True
True,1.0,15,True,continuous_cell,,216.6655050710292,3249.982576065438,True,33,191.02395386527604,2865.359307979141,1,15,133,0,15,129,adaptive,random,2026094401,main,ok,78.0,665.0,129.0,2377.9825760654394,384.62326808629723,traces/main_random_033_2026094401_adaptive.json,11889.912880327196,0.2472858428955078,True
True,1.0,15,,field,,343.92893645989557,5158.934046898434,True,33,227.83798846553174,3417.569826982976,0,15,162,0,15,157,field,random,2026094401,main,ok,75.0,810.0,157.0,4116.934046898428,1741.3642199154579,traces/main_random_033_2026094401_field.json,20584.670234492143,0.03975486755371094,True
True,1.0,15,True,continuous_cell,,207.89757241116519,3118.463586167478,True,33,187.25719531977592,2808.857929796639,7,15,109,0,15,102,joint,random,2026094401,main,ok,96.0,545.0,102.0,2375.463586167478,309.6056563708389,traces/main_random_033_2026094401_joint.json,11877.31793083739,1.2746469974517822,True
True,1.0,15,,sweep,,260.40346791578827,3906.052018736824,True,33,260.40346791578827,3906.052018736824,0,15,115,0,15,114,sweep,random,2026094401,main,ok,75.0,575.0,114.0,3142.0520187368234,0.0,traces/main_random_033_2026094401_sweep.json,15710.260093684117,0.05494189262390137,True
True,1.0,15,True,tour,,282.72507229932796,4240.87608448992,True,33,254.77058433147315,3821.5587649720974,12,15,184,0,15,182,tour,random,2026094401,main,ok,111.0,920.0,182.0,3027.87608448992,419.3173195178224,traces/main_random_033_2026094401_tour.json,15139.3804224496,0.31935787200927734,True
True,1.0,12,True,continuous_cell,,271.00706841804316,3252.0848210165177,True,34,271.00706841804316,3252.0848210165177,4,12,177,0,12,171,adaptive,random,2026094498,main,ok,72.0,885.0,171.0,2124.084821016518,0.0,traces/main_random_034_2026094498_adaptive.json,10620.424105082591,0.24210000038146973,True
True,1.0,12,,field,,424.22896460067506,5090.747575208101,True,34,304.60319182588995,3655.2383019106796,0,12,187,0,12,179,field,random,2026094498,main,ok,60.0,935.0,179.0,3916.7475752080964,1435.5092732974213,traces/main_random_034_2026094498_field.json,19583.737876040483,0.04101228713989258,True
True,1.0,12,True,continuous_cell,,246.01740511705347,2952.2088614046415,True,34,246.01740511705347,2952.2088614046415,1,12,129,0,12,125,joint,random,2026094498,main,ok,63.0,645.0,125.0,2119.2088614046415,0.0,traces/main_random_034_2026094498_joint.json,10596.044307023207,0.6678440570831299,True
True,1.0,12,,sweep,,326.98897013456013,3923.867641614722,True,34,325.98897013456013,3911.867641614722,0,12,129,0,12,128,sweep,random,2026094498,main,ok,60.0,645.0,128.0,3090.8676416147205,12.0,traces/main_random_034_2026094498_sweep.json,15454.338208073603,0.04821181297302246,True
True,1.0,12,True,tour,,320.5581445437656,3846.697734525187,True,34,320.5581445437656,3846.697734525187,6,12,164,0,12,162,tour,random,2026094498,main,ok,78.0,820.0,162.0,2786.697734525186,0.0,traces/main_random_034_2026094498_tour.json,13933.48867262593,0.11481785774230957,True
True,1.0,12,True,continuous_cell,,273.4148776513692,3280.97853181643,True,35,246.55965498213254,2958.7158597855905,2,12,145,0,12,140,adaptive,random,2026094595,main,ok,66.0,725.0,140.0,2349.978531816429,322.26267203083944,traces/main_random_035_2026094595_adaptive.json,11749.892659082145,0.2481689453125,True
True,1.0,12,,field,,429.3648655600661,5152.378386720793,True,35,259.84755951485914,3118.17071417831,0,12,173,0,12,164,field,random,2026094595,main,ok,60.0,865.0,164.0,4063.3783867207885,2034.2076725424831,traces/main_random_035_2026094595_field.json,20316.891933603943,0.03761100769042969,True
True,1.0,12,True,continuous_cell,,240.85973515468856,2890.316821856263,True,35,228.08955188168693,2737.074622580243,3,12,113,0,12,106,joint,random,2026094595,main,ok,69.0,565.0,106.0,2150.316821856262,153.24219927601962,traces/main_random_035_2026094595_joint.json,10751.58410928131,1.0137317180633545,True
True,1.0,12,,sweep,,302.4662027735238,3629.5944332822855,True,35,302.4662027735238,3629.5944332822855,0,12,135,0,12,133,sweep,random,2026094595,main,ok,60.0,675.0,133.0,2761.594433282285,0.0,traces/main_random_035_2026094595_sweep.json,13807.972166411426,0.04633808135986328,True
True,1.0,12,True,tour,,318.7179225765448,3824.615070918538,True,35,318.7179225765448,3824.615070918538,8,12,161,0,12,158,tour,random,2026094595,main,ok,84.0,805.0,158.0,2777.6150709185376,0.0,traces/main_random_035_2026094595_tour.json,13888.075354592687,0.14542126655578613,True
True,1.0,10,True,continuous_cell,,332.0781680718154,3320.7816807181543,True,36,332.0781680718154,3320.7816807181543,1,10,167,0,10,163,adaptive,random,2026094692,main,ok,53.0,835.0,163.0,2269.7816807181543,0.0,traces/main_random_036_2026094692_adaptive.json,11348.908403590773,0.15651273727416992,True
True,1.0,10,,field,,517.996719391908,5179.967193919079,True,36,371.6375050152743,3716.375050152743,0,10,204,0,10,198,field,random,2026094692,main,ok,50.0,1020.0,198.0,3911.967193919075,1463.5921437663364,traces/main_random_036_2026094692_field.json,19559.835969595373,0.03679394721984863,True
True,1.0,10,True,continuous_cell,,298.6482312292877,2986.482312292877,True,36,280.20946954680056,2802.0946954680057,3,10,148,0,10,141,joint,random,2026094692,main,ok,59.0,740.0,141.0,2046.482312292877,184.3876168248712,traces/main_random_036_2026094692_joint.json,10232.411561464385,0.48206496238708496,True
True,1.0,10,,sweep,,392.77077498209064,3927.7077498209064,True,36,392.77077498209064,3927.7077498209064,0,10,130,0,10,129,sweep,random,2026094692,main,ok,50.0,650.0,129.0,3098.7077498209064,0.0,traces/main_random_036_2026094692_sweep.json,15493.538749104533,0.03933382034301758,True
True,1.0,10,True,tour,,363.24823049503345,3632.4823049503348,True,36,363.24823049503345,3632.4823049503348,4,10,170,0,10,167,tour,random,2026094692,main,ok,62.0,850.0,167.0,2553.4823049503348,0.0,traces/main_random_036_2026094692_tour.json,12767.411524751673,0.07762908935546875,True
True,1.0,11,True,continuous_cell,,296.93677499262634,3266.30452491889,True,37,296.93677499262634,3266.30452491889,2,11,146,0,11,140,adaptive,random,2026094789,main,ok,61.0,730.0,140.0,2335.30452491889,0.0,traces/main_random_037_2026094789_adaptive.json,11676.52262459445,0.1936628818511963,True
True,1.0,11,,field,,488.5361553707333,5373.897709078066,True,37,379.08143949113185,4169.89583440245,0,11,198,0,11,191,field,random,2026094789,main,ok,55.0,990.0,191.0,4137.897709078063,1204.001874675616,traces/main_random_037_2026094789_field.json,20689.488545390315,0.036158084869384766,True
True,1.0,11,True,continuous_cell,,285.1517739102119,3136.6695130123308,True,37,280.24268300112095,3082.6695130123308,3,11,138,0,11,130,joint,random,2026094789,main,ok,64.0,690.0,130.0,2252.66951301233,54.0,traces/main_random_037_2026094789_joint.json,11263.34756506165,0.6092638969421387,True
True,1.0,11,,sweep,,366.5441356764742,4031.985492441216,True,37,365.4532265855651,4019.985492441216,0,11,128,0,11,126,sweep,random,2026094789,main,ok,55.0,640.0,126.0,3210.985492441216,12.0,traces/main_random_037_2026094789_sweep.json,16054.92746220608,0.03540992736816406,True
True,1.0,11,True,tour,,390.42479956718677,4294.672795239055,True,37,390.42479956718677,4294.672795239055,9,11,209,0,11,207,tour,random,2026094789,main,ok,82.0,1045.0,207.0,2960.672795239053,0.0,traces/main_random_037_2026094789_tour.json,14803.363976195265,0.14553403854370117,True
True,1.0,13,True,continuous_cell,,263.87377367640124,3430.3590577932164,True,38,263.87377367640124,3430.3590577932164,6,13,144,0,13,137,adaptive,random,2026094886,main,ok,83.0,720.0,137.0,2490.3590577932155,0.0,traces/main_random_038_2026094886_adaptive.json,12451.795288966077,0.2666590213775635,True
True,1.0,13,,field,,424.50453891576706,5518.559005904972,True,38,333.7226334788603,4338.394235225184,0,13,184,0,13,172,field,random,2026094886,main,ok,65.0,920.0,172.0,4361.55900590497,1180.1647706797876,traces/main_random_038_2026094886_field.json,21807.79502952485,0.03678607940673828,True
True,1.0,13,True,continuous_cell,,258.7750189102041,3364.0752458326533,True,38,258.7750189102041,3364.0752458326533,7,13,132,0,13,124,joint,random,2026094886,main,ok,86.0,660.0,124.0,2494.075245832653,0.0,traces/main_random_038_2026094886_joint.json,12470.376229163265,0.670727014541626,True
True,1.0,13,,sweep,,339.99475257773,4419.93178351049,True,38,339.99475257773,4419.93178351049,0,13,122,0,13,117,sweep,random,2026094886,main,ok,65.0,610.0,117.0,3627.9317835104894,0.0,traces/main_random_038_2026094886_sweep.json,18139.658917552446,0.045675039291381836,True
True,1.0,13,True,tour,,326.51525331788224,4244.698293132469,True,38,326.51525331788224,4244.698293132469,17,13,176,0,13,173,tour,random,2026094886,main,ok,116.0,880.0,173.0,3075.698293132469,0.0,traces/main_random_038_2026094886_tour.json,15378.491465662346,0.14434576034545898,True
True,1.0,15,True,continuous_cell,,255.66120897971103,3834.9181346956657,True,39,255.66120897971103,3834.9181346956657,1,15,148,0,15,143,adaptive,random,2026094983,main,ok,78.0,740.0,143.0,2873.9181346956657,0.0,traces/main_random_039_2026094983_adaptive.json,14369.590673478328,0.2852480411529541,True
True,0.9333333333333333,14,,field,,405.94648851574755,5683.250839220465,False,39,243.4376233587919,3408.126727023087,0,14,165,0,15,158,field,random,2026094983,main,ok,70.0,825.0,158.0,4630.250839220459,2275.1241121973785,traces/main_random_039_2026094983_field.json,23151.254196102294,0.04810810089111328,True
True,1.0,15,True,continuous_cell,,215.4028885663712,3231.043328495568,True,39,200.5502188402352,3008.253282603528,5,15,113,0,15,107,joint,random,2026094983,main,ok,90.0,565.0,107.0,2469.0433284955675,222.79004589203987,traces/main_random_039_2026094983_joint.json,12345.216642477837,1.3427081108093262,True
True,1.0,15,,sweep,,301.91745414106873,4528.761812116031,True,39,301.91745414106873,4528.761812116031,0,15,108,0,15,105,sweep,random,2026094983,main,ok,75.0,540.0,105.0,3808.7618121160313,0.0,traces/main_random_039_2026094983_sweep.json,19043.809060580155,0.06306600570678711,True
True,1.0,15,True,tour,,309.32822704879123,4639.923405731868,True,39,309.32822704879123,4639.923405731868,9,15,164,0,15,162,tour,random,2026094983,main,ok,102.0,820.0,162.0,3555.923405731867,0.0,traces/main_random_039_2026094983_tour.json,17779.617028659337,0.21604394912719727,True
True,1.0,11,True,continuous_cell,,289.7577146762546,3187.3348614388,True,40,289.7577146762546,3187.3348614388,1,11,173,0,11,168,adaptive,random,2026095080,main,ok,58.0,865.0,168.0,2096.3348614388005,0.0,traces/main_random_040_2026095080_adaptive.json,10481.674307194002,0.18453311920166016,True
True,1.0,11,,field,,454.75466150429963,5002.301276547296,True,40,276.24784649056915,3038.726311396261,0,11,197,0,11,192,field,random,2026095080,main,ok,55.0,985.0,192.0,3770.30127654729,1963.574965151035,traces/main_random_040_2026095080_field.json,18851.50638273645,0.03603696823120117,True
True,1.0,11,True,continuous_cell,,271.03414153412024,2981.3755568753227,True,40,242.04091980018464,2662.450117802031,2,11,134,0,11,127,joint,random,2026095080,main,ok,61.0,670.0,127.0,2123.375556875323,318.9254390732917,traces/main_random_040_2026095080_joint.json,10616.877784376615,0.5496358871459961,True
True,0.9090909090909091,10,,sweep,,423.21212966644055,4232.121296664405,False,40,394.28474616170615,3942.8474616170615,0,10,135,0,11,130,sweep,random,2026095080,main,ok,50.0,675.0,130.0,3377.121296664406,289.2738350473437,traces/main_random_040_2026095080_sweep.json,16885.60648332203,0.04090690612792969,True
True,1.0,11,True,tour,,356.9046114201646,3925.9507256218103,True,40,356.9046114201646,3925.9507256218103,2,11,166,0,11,165,tour,random,2026095080,main,ok,61.0,830.0,165.0,2869.9507256218103,0.0,traces/main_random_040_2026095080_tour.json,14349.75362810905,0.11091399192810059,True
True,1.0,12,True,continuous_cell,,277.6065332414846,3331.2783988978154,True,41,267.6122458491679,3211.346950190015,2,12,170,0,12,166,adaptive,random,2026095177,main,ok,66.0,850.0,166.0,2249.2783988978154,119.93144870780043,traces/main_random_041_2026095177_adaptive.json,11246.391994489077,0.20891690254211426,True
True,1.0,12,,field,,462.45880744798234,5549.505689375788,True,41,351.0480351969643,4212.5764223635715,0,12,202,0,12,195,field,random,2026095177,main,ok,60.0,1010.0,195.0,4284.505689375785,1336.9292670122168,traces/main_random_041_2026095177_field.json,21422.52844687892,0.03771185874938965,True
True,1.0,12,True,continuous_cell,,238.29448152157943,2859.533778258953,True,41,231.67473531954965,2780.096823834596,5,12,131,0,12,125,joint,random,2026095177,main,ok,75.0,655.0,125.0,2004.533778258954,79.43695442435728,traces/main_random_041_2026095177_joint.json,10022.66889129477,0.5493969917297363,True
True,1.0,12,,sweep,,306.41859027135894,3677.0230832563075,True,41,306.41859027135894,3677.0230832563075,0,12,122,0,12,120,sweep,random,2026095177,main,ok,60.0,610.0,120.0,2887.023083256308,0.0,traces/main_random_041_2026095177_sweep.json,14435.11541628154,0.04175305366516113,True
True,1.0,12,True,tour,,271.11951747973467,3253.434209756816,True,41,271.11951747973467,3253.434209756816,4,12,160,0,12,158,tour,random,2026095177,main,ok,72.0,800.0,158.0,2223.434209756816,0.0,traces/main_random_041_2026095177_tour.json,11117.171048784081,0.11054205894470215,True
True,1.0,13,True,continuous_cell,,237.29480231596528,3084.8324301075486,True,42,237.29480231596528,3084.8324301075486,1,13,134,0,13,132,adaptive,random,2026095274,main,ok,68.0,670.0,132.0,2214.832430107547,0.0,traces/main_random_042_2026095274_adaptive.json,11074.162150537737,0.24595093727111816,True
True,1.0,13,,field,,376.50872216318623,4894.613388121421,True,42,272.6255953349775,3544.1327393547076,0,13,179,0,13,175,field,random,2026095274,main,ok,65.0,895.0,175.0,3759.6133881214178,1350.4806487667133,traces/main_random_042_2026095274_field.json,18798.06694060709,0.04161787033081055,True
True,1.0,13,True,continuous_cell,,222.27200573723854,2889.5360745841012,True,42,222.27200573723854,2889.5360745841012,3,13,116,0,13,109,joint,random,2026095274,main,ok,74.0,580.0,109.0,2126.5360745841017,0.0,traces/main_random_042_2026095274_joint.json,10632.680372920508,0.8095510005950928,True
True,1.0,13,,sweep,,321.56063492168624,4180.288253981921,True,42,321.56063492168624,4180.288253981921,2,13,141,0,13,137,sweep,random,2026095274,main,ok,71.0,705.0,137.0,3267.2882539819216,0.0,traces/main_random_042_2026095274_sweep.json,16336.441269909608,0.056387901306152344,True
True,1.0,13,True,tour,,279.0121903045197,3627.158473958756,True,42,256.69425701423864,3337.025341185102,9,13,176,0,13,175,tour,random,2026095274,main,ok,92.0,880.0,175.0,2480.1584739587556,290.13313277365387,traces/main_random_042_2026095274_tour.json,12400.792369793779,0.11456704139709473,True
True,1.0,11,True,continuous_cell,,260.338309105582,2863.7214001614025,True,43,197.89329736606223,2176.8262710266845,0,11,157,0,11,151,adaptive,random,2026095371,main,ok,55.0,785.0,151.0,1872.7214001614034,686.895129134718,traces/main_random_043_2026095371_adaptive.json,9363.607000807016,0.19339799880981445,True
True,0.9090909090909091,10,,field,,494.66646603210813,4946.664660321081,False,43,228.2432813945589,2282.432813945589,0,10,178,0,11,174,field,random,2026095371,main,ok,50.0,890.0,174.0,3832.66466032108,2664.2318463754923,traces/main_random_043_2026095371_field.json,19163.3233016054,0.042633771896362305,True
True,1.0,11,True,continuous_cell,,231.26782713367075,2543.9460984703783,True,43,173.36386381550656,1907.0025019705722,1,11,122,0,11,118,joint,random,2026095371,main,ok,58.0,610.0,118.0,1757.9460984703787,636.9435964998061,traces/main_random_043_2026095371_joint.json,8789.730492351893,1.070307970046997,True
True,1.0,11,,sweep,,316.14217940582444,3477.563973464069,True,43,316.14217940582444,3477.563973464069,0,11,120,0,11,117,sweep,random,2026095371,main,ok,55.0,600.0,117.0,2705.563973464069,0.0,traces/main_random_043_2026095371_sweep.json,13527.819867320346,0.042211055755615234,True
True,1.0,11,True,tour,,296.2607687801548,3258.868456581703,True,43,282.8262072055443,3111.088279260987,3,11,151,0,11,149,tour,random,2026095371,main,ok,64.0,755.0,149.0,2290.868456581704,147.78017732071612,traces/main_random_043_2026095371_tour.json,11454.34228290852,0.09151005744934082,True
True,1.0,12,True,continuous_cell,,286.4245381363169,3437.094457635803,True,44,242.72956863417804,2912.7548236101366,0,12,183,0,12,181,adaptive,random,2026095468,main,ok,60.0,915.0,181.0,2281.094457635804,524.3396340256663,traces/main_random_044_2026095468_adaptive.json,11405.472288179019,0.23026204109191895,True
True,1.0,12,,field,,432.41823700560127,5189.0188440672155,True,44,270.7718272488666,3249.261926986399,1,12,186,0,12,181,field,random,2026095468,main,ok,63.0,930.0,181.0,4015.0188440672127,1939.7569170808165,traces/main_random_044_2026095468_field.json,20075.094220336065,0.03810405731201172,True
True,1.0,12,True,continuous_cell,,245.79117984291887,2949.4941581150265,True,44,208.06316592108354,2496.7579910530026,2,12,130,0,12,125,joint,random,2026095468,main,ok,66.0,650.0,125.0,2108.494158115026,452.7361670620239,traces/main_random_044_2026095468_joint.json,10542.470790575131,0.7923331260681152,True
True,1.0,12,,sweep,,316.5205435296729,3798.246522356075,True,44,316.5205435296729,3798.246522356075,0,12,143,0,12,141,sweep,random,2026095468,main,ok,60.0,715.0,141.0,2882.2465223560735,0.0,traces/main_random_044_2026095468_sweep.json,14411.232611780368,0.04604482650756836,True
True,1.0,12,True,tour,,299.8368957977237,3598.042749572684,True,44,299.8368957977237,3598.042749572684,3,12,162,0,12,161,tour,random,2026095468,main,ok,69.0,810.0,161.0,2558.042749572683,0.0,traces/main_random_044_2026095468_tour.json,12790.213747863416,0.17462515830993652,True
True,1.0,10,True,continuous_cell,,339.77120529735004,3397.7120529735002,True,45,339.77120529735004,3397.7120529735002,0,10,169,0,10,166,adaptive,random,2026095565,main,ok,50.0,845.0,166.0,2336.7120529734993,0.0,traces/main_random_045_2026095565_adaptive.json,11683.560264867498,0.16109895706176758,True
True,1.0,10,,field,,491.1993974759729,4911.993974759729,True,45,383.2751004750837,3832.751004750837,0,10,194,0,10,187,field,random,2026095565,main,ok,50.0,970.0,187.0,3704.993974759725,1079.242970008892,traces/main_random_045_2026095565_field.json,18524.969873798625,0.03407001495361328,True
True,1.0,10,True,continuous_cell,,304.9328288472922,3049.3282884729224,True,45,289.1712027541861,2891.712027541861,3,10,155,0,10,148,joint,random,2026095565,main,ok,59.0,775.0,148.0,2067.3282884729215,157.61626093106133,traces/main_random_045_2026095565_joint.json,10336.641442364607,0.5005309581756592,True
True,1.0,10,,sweep,,399.5670740537747,3995.6707405377474,True,45,399.5670740537747,3995.6707405377474,0,10,128,0,10,123,sweep,random,2026095565,main,ok,50.0,640.0,123.0,3182.670740537748,0.0,traces/main_random_045_2026095565_sweep.json,15913.353702688739,0.030859947204589844,True
True,1.0,10,True,tour,,512.296461102083,5122.96461102083,True,45,512.296461102083,5122.96461102083,14,10,218,0,10,215,tour,random,2026095565,main,ok,92.0,1090.0,215.0,3725.9646110208278,0.0,traces/main_random_045_2026095565_tour.json,18629.823055104138,0.294252872467041,True
True,1.0,15,True,continuous_cell,,237.13626406296456,3557.0439609444684,True,46,237.13626406296456,3557.0439609444684,2,15,157,0,15,152,adaptive,random,2026095662,main,ok,81.0,785.0,152.0,2539.043960944468,0.0,traces/main_random_046_2026095662_adaptive.json,12695.21980472234,0.2602980136871338,True
True,1.0,15,,field,,354.8498874167891,5322.748311251837,True,46,317.511707967943,4762.675619519145,0,15,179,0,15,166,field,random,2026095662,main,ok,75.0,895.0,166.0,4186.748311251837,560.072691732692,traces/main_random_046_2026095662_field.json,20933.74155625918,0.035739898681640625,True
True,1.0,15,True,continuous_cell,,240.13189559397992,3601.9784339096987,True,46,226.77021787366172,3401.553268104926,4,15,139,0,15,129,joint,random,2026095662,main,ok,87.0,695.0,129.0,2690.978433909698,200.42516580477286,traces/main_random_046_2026095662_joint.json,13454.892169548491,0.543982982635498,True
True,1.0,15,,sweep,,299.9495129790336,4499.242694685504,True,46,299.9495129790336,4499.242694685504,0,15,132,0,15,130,sweep,random,2026095662,main,ok,75.0,660.0,130.0,3634.242694685504,0.0,traces/main_random_046_2026095662_sweep.json,18171.21347342752,0.04687190055847168,True
True,1.0,15,True,tour,,326.6612055178966,4899.918082768449,True,46,304.378114859328,4565.67172288992,12,15,213,0,15,210,tour,random,2026095662,main,ok,111.0,1065.0,210.0,3513.9180827684477,334.2463598785289,traces/main_random_046_2026095662_tour.json,17569.590413842237,0.17671823501586914,True
True,1.0,13,True,continuous_cell,,256.7857966285558,3338.2153561712253,True,47,256.7857966285558,3338.2153561712253,0,13,137,0,13,130,adaptive,random,2026095759,main,ok,65.0,685.0,130.0,2458.215356171225,0.0,traces/main_random_047_2026095759_adaptive.json,12291.076780856125,0.18541407585144043,True
True,1.0,13,,field,,392.33745680392616,5100.38693845104,True,47,299.18980697880284,3889.4674907244366,0,13,180,0,13,173,field,random,2026095759,main,ok,65.0,900.0,173.0,3962.3869384510353,1210.9194477266033,traces/main_random_047_2026095759_field.json,19811.934692255178,0.03944706916809082,True
True,1.0,13,True,continuous_cell,,255.2284646475619,3317.970040418305,True,47,251.99769541679268,3275.970040418305,2,13,153,0,13,145,joint,random,2026095759,main,ok,71.0,765.0,145.0,2336.970040418305,42.0,traces/main_random_047_2026095759_joint.json,11684.850202091524,0.496964693069458,True
True,1.0,13,,sweep,,377.87609213676296,4912.3891977779185,True,47,377.87609213676296,4912.3891977779185,0,13,137,0,13,129,sweep,random,2026095759,main,ok,65.0,685.0,129.0,4033.3891977779194,0.0,traces/main_random_047_2026095759_sweep.json,20166.945988889598,0.040112972259521484,True
True,1.0,13,True,tour,,310.7040320751204,4039.1524169765653,True,47,310.7040320751204,4039.1524169765653,3,13,191,0,13,190,tour,random,2026095759,main,ok,74.0,955.0,190.0,2820.1524169765653,0.0,traces/main_random_047_2026095759_tour.json,14100.762084882826,0.082611083984375,True
True,1.0,13,True,continuous_cell,,276.9851192966679,3600.8065508566824,True,48,276.9851192966679,3600.8065508566824,1,13,163,0,13,157,adaptive,random,2026095856,main,ok,68.0,815.0,157.0,2560.8065508566824,0.0,traces/main_random_048_2026095856_adaptive.json,12804.032754283411,0.21169519424438477,True
True,1.0,13,,field,,476.2109493858797,6190.742342016436,True,48,333.75085595472444,4338.761127411418,5,13,180,0,13,168,field,random,2026095856,main,ok,80.0,900.0,168.0,5042.74234201643,1851.981214605018,traces/main_random_048_2026095856_field.json,25213.71171008215,0.04212212562561035,True
True,1.0,13,True,continuous_cell,,222.57868456100903,2893.5228992931175,True,48,222.57868456100903,2893.5228992931175,4,13,116,0,13,111,joint,random,2026095856,main,ok,77.0,580.0,111.0,2125.522899293117,0.0,traces/main_random_048_2026095856_joint.json,10627.614496465585,0.6055190563201904,True
True,0.9230769230769231,12,,sweep,,315.67956373147257,3788.1547647776706,False,48,315.67956373147257,3788.1547647776706,0,12,101,0,13,99,sweep,random,2026095856,main,ok,60.0,505.0,99.0,3124.154764777671,0.0,traces/main_random_048_2026095856_sweep.json,15620.773823888356,0.040450096130371094,True
True,1.0,13,True,tour,,274.4217518978652,3567.482774672247,True,48,274.4217518978652,3567.482774672247,3,13,151,0,13,149,tour,random,2026095856,main,ok,74.0,755.0,149.0,2589.482774672248,0.0,traces/main_random_048_2026095856_tour.json,12947.41387336124,0.10636687278747559,True
True,1.0,15,True,continuous_cell,,233.92848090292838,3508.927213543926,True,49,222.72855635508236,3340.9283453262356,0,15,152,0,15,149,adaptive,random,2026095953,main,ok,75.0,760.0,149.0,2524.927213543926,167.99886821769041,traces/main_random_049_2026095953_adaptive.json,12624.63606771963,0.319317102432251,True
True,1.0,15,,field,,375.7576326604411,5636.364489906617,True,49,297.28339639563814,4459.250945934572,0,15,178,0,15,171,field,random,2026095953,main,ok,75.0,890.0,171.0,4500.364489906613,1177.1135439720447,traces/main_random_049_2026095953_field.json,22501.822449533065,0.03679919242858887,True
True,1.0,15,True,continuous_cell,,202.04595063263665,3030.68925948955,True,49,196.0950761918954,2941.426142878431,0,15,114,0,15,109,joint,random,2026095953,main,ok,75.0,570.0,109.0,2276.6892594895494,89.26311661111868,traces/main_random_049_2026095953_joint.json,11383.446297447746,0.598660945892334,True
True,1.0,15,,sweep,,286.3009475250017,4294.514212875025,True,49,286.3009475250017,4294.514212875025,0,15,116,0,15,114,sweep,random,2026095953,main,ok,75.0,580.0,114.0,3525.5142128750244,0.0,traces/main_random_049_2026095953_sweep.json,17627.571064375123,0.05081582069396973,True
True,1.0,15,True,tour,,252.8496612636406,3792.744918954609,True,49,252.8496612636406,3792.744918954609,6,15,184,0,15,183,tour,random,2026095953,main,ok,93.0,920.0,183.0,2596.7449189546087,0.0,traces/main_random_049_2026095953_tour.json,12983.724594773043,0.150101900100708,True
True,1.0,15,True,continuous_cell,,250.22600469753888,3753.3900704630832,True,0,238.67244137028501,3580.086620554275,0,15,230,0,15,228,adaptive,worstrecv,2026491200,main,ok,75.0,1150.0,228.0,2300.3900704630823,173.30344990880803,traces/main_worstrecv_000_2026491200_adaptive.json,11501.950352315413,0.2877781391143799,True
True,1.0,15,,field,,333.2908786588798,4999.3631798831975,True,0,256.0764368957777,3841.1465534366657,0,15,188,0,15,183,field,worstrecv,2026491200,main,ok,75.0,940.0,183.0,3801.363179883195,1158.2166264465318,traces/main_worstrecv_000_2026491200_field.json,19006.815899415975,0.03308701515197754,True
True,1.0,15,True,continuous_cell,,238.23422070466032,3573.5133105699047,True,0,236.23422070466032,3543.5133105699047,0,15,182,0,15,174,joint,worstrecv,2026491200,main,ok,75.0,910.0,174.0,2414.5133105699038,30.0,traces/main_worstrecv_000_2026491200_joint.json,12072.56655284952,0.52223801612854,True
True,0.6,9,,sweep,,556.4629117703996,5008.166205933597,False,0,531.5752808579268,4784.177527721341,2,9,189,0,15,185,sweep,worstrecv,2026491200,main,ok,51.0,945.0,185.0,3827.1662059335968,223.98867821225576,traces/main_worstrecv_000_2026491200_sweep.json,19135.831029667985,0.033048152923583984,True
True,1.0,15,True,tour,,324.66182014169493,4869.927302125424,True,0,324.66182014169493,4869.927302125424,10,15,181,0,15,177,tour,worstrecv,2026491200,main,ok,105.0,905.0,177.0,3682.9273021254216,0.0,traces/main_worstrecv_000_2026491200_tour.json,18414.636510627108,0.3200247287750244,True
True,1.0,13,True,continuous_cell,,307.85601195533144,4002.1281554193088,True,1,307.85601195533144,4002.1281554193088,1,13,150,0,13,145,adaptive,worstrecv,2026491297,main,ok,68.0,750.0,145.0,3039.12815541931,0.0,traces/main_worstrecv_001_2026491297_adaptive.json,15195.64077709655,0.22097206115722656,True
True,1.0,13,,field,,367.71012807371295,4780.231664958268,True,1,256.44715277214704,3333.8129860379113,0,13,182,0,13,176,field,worstrecv,2026491297,main,ok,65.0,910.0,176.0,3629.231664958266,1446.4186789203568,traces/main_worstrecv_001_2026491297_field.json,18146.15832479133,0.03643798828125,True
True,1.0,13,True,continuous_cell,,252.3230583996639,3280.1997591956306,True,1,230.5540445122736,2997.202578659557,2,13,132,0,13,127,joint,worstrecv,2026491297,main,ok,71.0,660.0,127.0,2422.1997591956315,282.99718053607376,traces/main_worstrecv_001_2026491297_joint.json,12110.998795978157,0.8196029663085938,True
True,1.0,13,,sweep,,323.9343863553964,4211.147022620153,True,1,323.9343863553964,4211.147022620153,0,13,159,0,13,156,sweep,worstrecv,2026491297,main,ok,65.0,795.0,156.0,3195.147022620152,0.0,traces/main_worstrecv_001_2026491297_sweep.json,15975.73511310076,0.04626584053039551,True
True,1.0,13,True,tour,,344.4539445687384,4477.901279393599,True,1,344.4539445687384,4477.901279393599,9,13,218,0,13,216,tour,worstrecv,2026491297,main,ok,92.0,1090.0,216.0,3079.9012793935985,0.0,traces/main_worstrecv_001_2026491297_tour.json,15399.506396967992,0.15321803092956543,True
True,1.0,13,True,continuous_cell,,271.31694028349494,3527.120223685434,True,2,271.31694028349494,3527.120223685434,0,13,192,0,13,188,adaptive,worstrecv,2026491394,main,ok,65.0,960.0,188.0,2314.1202236854338,0.0,traces/main_worstrecv_002_2026491394_adaptive.json,11570.601118427168,0.22444796562194824,True
True,1.0,13,,field,,356.7047164446848,4637.161313780902,True,2,281.81563512595034,3663.6032566373547,0,13,194,0,13,184,field,worstrecv,2026491394,main,ok,65.0,970.0,184.0,3418.1613137809,973.5580571435471,traces/main_worstrecv_002_2026491394_field.json,17090.8065689045,0.034632205963134766,True
True,1.0,13,True,continuous_cell,,242.58613665427472,3153.6197765055713,True,2,242.58613665427472,3153.6197765055713,1,13,152,0,13,146,joint,worstrecv,2026491394,main,ok,68.0,760.0,146.0,2179.6197765055717,0.0,traces/main_worstrecv_002_2026491394_joint.json,10898.098882527858,0.6964821815490723,True
True,1.0,13,,sweep,,321.40878868922886,4178.314252959975,True,2,321.40878868922886,4178.314252959975,0,13,160,0,13,157,sweep,worstrecv,2026491394,main,ok,65.0,800.0,157.0,3156.3142529599754,0.0,traces/main_worstrecv_002_2026491394_sweep.json,15781.571264799877,0.04659295082092285,True
True,1.0,13,True,tour,,315.2664131497977,4098.46337094737,True,2,315.2664131497977,4098.46337094737,2,13,201,0,13,195,tour,worstrecv,2026491394,main,ok,71.0,1005.0,195.0,2827.4633709473705,0.0,traces/main_worstrecv_002_2026491394_tour.json,14137.316854736853,0.1512289047241211,True
True,1.0,14,True,continuous_cell,,233.71618478653255,3272.026587011456,True,3,233.71618478653255,3272.026587011456,2,14,151,0,14,145,adaptive,worstrecv,2026491491,main,ok,76.0,755.0,145.0,2296.026587011457,0.0,traces/main_worstrecv_003_2026491491_adaptive.json,11480.132935057285,0.19417595863342285,True
True,1.0,14,,field,,350.3786016241332,4905.300422737864,True,3,267.0610285112883,3738.8543991580364,2,14,193,0,14,185,field,worstrecv,2026491491,main,ok,76.0,965.0,185.0,3679.300422737861,1166.4460235798279,traces/main_worstrecv_003_2026491491_field.json,18396.502113689305,0.03431105613708496,True
True,1.0,14,True,continuous_cell,,231.4339933699561,3240.0759071793855,True,3,231.4339933699561,3240.0759071793855,0,14,131,0,14,123,joint,worstrecv,2026491491,main,ok,70.0,655.0,123.0,2392.0759071793846,0.0,traces/main_worstrecv_003_2026491491_joint.json,11960.379535896922,0.6115250587463379,True
True,0.7857142857142857,11,,sweep,,405.07450010875533,4455.819501196309,False,3,400.46429156358533,4405.107207199439,0,11,163,0,14,161,sweep,worstrecv,2026491491,main,ok,55.0,815.0,161.0,3424.8195011963094,50.71229399687036,traces/main_worstrecv_003_2026491491_sweep.json,17124.097505981546,0.03892207145690918,True
True,1.0,14,True,tour,,357.7449801585079,5008.42972221911,True,3,357.7449801585079,5008.42972221911,13,14,192,0,14,188,tour,worstrecv,2026491491,main,ok,109.0,960.0,188.0,3751.4297222191103,0.0,traces/main_worstrecv_003_2026491491_tour.json,18757.148611095552,0.2730698585510254,True
True,1.0,12,True,continuous_cell,,309.75887524282365,3717.106502913884,True,4,309.75887524282365,3717.106502913884,0,12,224,0,12,223,adaptive,worstrecv,2026491588,main,ok,60.0,1120.0,223.0,2314.1065029138836,0.0,traces/main_worstrecv_004_2026491588_adaptive.json,11570.532514569417,0.264646053314209,True
True,1.0,12,,field,,437.70245170063055,5252.429420407567,True,4,322.29730384202463,3867.567646104296,0,12,197,0,12,192,field,worstrecv,2026491588,main,ok,60.0,985.0,192.0,4015.429420407564,1384.861774303271,traces/main_worstrecv_004_2026491588_field.json,20077.14710203782,0.03653383255004883,True
True,1.0,12,True,continuous_cell,,269.827257623638,3237.9270914836557,True,4,269.827257623638,3237.9270914836557,3,12,144,0,12,139,joint,worstrecv,2026491588,main,ok,69.0,720.0,139.0,2309.9270914836566,0.0,traces/main_worstrecv_004_2026491588_joint.json,11549.635457418282,0.5642139911651611,True
True,0.8333333333333334,10,,sweep,,442.72339107572606,4427.233910757261,False,4,392.7864961821102,3927.864961821102,0,10,148,0,12,137,sweep,worstrecv,2026491588,main,ok,50.0,740.0,137.0,3500.2339107572598,499.36894893615863,traces/main_worstrecv_004_2026491588_sweep.json,17501.169553786298,0.03364396095275879,True
True,1.0,12,True,tour,,331.75573786141257,3981.068854336951,True,4,331.75573786141257,3981.068854336951,6,12,213,0,12,211,tour,worstrecv,2026491588,main,ok,78.0,1065.0,211.0,2627.0688543369492,0.0,traces/main_worstrecv_004_2026491588_tour.json,13135.344271684746,0.18945908546447754,True
True,1.0,10,True,continuous_cell,,330.83447101065434,3308.3447101065435,True,5,297.53335652564823,2975.3335652564824,1,10,188,0,10,185,adaptive,worstrecv,2026491685,main,ok,53.0,940.0,185.0,2130.344710106544,333.0111448500611,traces/main_worstrecv_005_2026491685_adaptive.json,10651.72355053272,0.14081406593322754,True
True,1.0,10,,field,,475.70202719499287,4757.020271949928,True,5,307.56118463363384,3075.611846336338,0,10,216,0,10,210,field,worstrecv,2026491685,main,ok,50.0,1080.0,210.0,3417.020271949926,1681.4084256135902,traces/main_worstrecv_005_2026491685_field.json,17085.10135974963,0.037584781646728516,True
True,1.0,10,True,continuous_cell,,345.9270762075927,3459.2707620759265,True,5,320.50204936168507,3205.0204936168507,1,10,159,0,10,150,joint,worstrecv,2026491685,main,ok,53.0,795.0,150.0,2461.270762075926,254.25026845907587,traces/main_worstrecv_005_2026491685_joint.json,12306.35381037963,0.4001481533050537,True
True,0.8,8,,sweep,,466.4460299115952,3731.5682392927615,False,5,466.4460299115952,3731.5682392927615,0,8,144,0,10,142,sweep,worstrecv,2026491685,main,ok,40.0,720.0,142.0,2829.5682392927615,0.0,traces/main_worstrecv_005_2026491685_sweep.json,14147.841196463807,0.022742033004760742,True
True,1.0,10,True,tour,,431.24796418166545,4312.479641816654,True,5,431.24796418166545,4312.479641816654,2,10,210,0,10,208,tour,worstrecv,2026491685,main,ok,56.0,1050.0,208.0,2998.479641816653,0.0,traces/main_worstrecv_005_2026491685_tour.json,14992.398209083265,0.14412474632263184,True
True,1.0,16,True,continuous_cell,,234.80865899478215,3756.9385439165144,True,6,232.664175202278,3722.626803236448,1,16,162,0,16,158,adaptive,worstrecv,2026491782,main,ok,83.0,810.0,158.0,2705.9385439165153,34.31174068006658,traces/main_worstrecv_006_2026491782_adaptive.json,13529.692719582576,0.22752690315246582,True
True,1.0,16,,field,,328.43341175839055,5254.934588134249,True,6,255.2767739050542,4084.428382480867,2,16,171,0,16,163,field,worstrecv,2026491782,main,ok,86.0,855.0,163.0,4150.934588134247,1170.5062056533816,traces/main_worstrecv_006_2026491782_field.json,20754.672940671233,0.03722715377807617,True
True,1.0,16,True,continuous_cell,,244.0105030220948,3904.168048353517,True,6,244.0105030220948,3904.168048353517,2,16,153,0,16,142,joint,worstrecv,2026491782,main,ok,86.0,765.0,142.0,2911.168048353517,0.0,traces/main_worstrecv_006_2026491782_joint.json,14555.840241767584,0.6261229515075684,True
True,0.625,10,,sweep,,405.6802968511014,4056.8029685110137,False,6,399.56961868660176,3995.696186866018,0,10,180,0,16,177,sweep,worstrecv,2026491782,main,ok,50.0,900.0,177.0,2929.8029685110128,61.10678164499586,traces/main_worstrecv_006_2026491782_sweep.json,14649.014842555063,0.034631967544555664,True
True,1.0,16,True,tour,,344.42725979603676,5510.836156736588,True,6,344.42725979603676,5510.836156736588,12,16,208,0,16,203,tour,worstrecv,2026491782,main,ok,116.0,1040.0,203.0,4151.836156736587,0.0,traces/main_worstrecv_006_2026491782_tour.json,20759.180783682936,0.28275513648986816,True
True,1.0,15,True,continuous_cell,,241.76749555175806,3626.5124332763708,True,7,236.27367798161305,3544.1051697241955,1,15,145,0,15,139,adaptive,worstrecv,2026491879,main,ok,78.0,725.0,139.0,2684.51243327637,82.40726355217521,traces/main_worstrecv_007_2026491879_adaptive.json,13422.56216638185,0.2665858268737793,True
True,1.0,15,,field,,316.79873372324096,4751.981005848615,True,7,248.38120225734826,3725.718033860224,0,15,183,0,15,177,field,worstrecv,2026491879,main,ok,75.0,915.0,177.0,3584.9810058486123,1026.2629719883907,traces/main_worstrecv_007_2026491879_field.json,17924.905029243062,0.0336761474609375,True
True,1.0,15,True,continuous_cell,,215.82818900035335,3237.4228350053004,True,7,215.82818900035335,3237.4228350053004,5,15,126,0,15,119,joint,worstrecv,2026491879,main,ok,90.0,630.0,119.0,2398.422835005301,0.0,traces/main_worstrecv_007_2026491879_joint.json,11992.114175026503,1.104261875152588,True
True,0.8666666666666667,13,,sweep,,352.51843459369564,4582.739649718043,False,7,343.7042239830714,4468.154911779929,0,13,172,0,15,167,sweep,worstrecv,2026491879,main,ok,65.0,860.0,167.0,3490.739649718043,114.58473793811481,traces/main_worstrecv_007_2026491879_sweep.json,17453.698248590215,0.04504871368408203,True
True,1.0,15,True,tour,,302.83320532127294,4542.4980798190945,True,7,302.83320532127294,4542.4980798190945,3,15,182,0,15,180,tour,worstrecv,2026491879,main,ok,84.0,910.0,180.0,3368.498079819094,0.0,traces/main_worstrecv_007_2026491879_tour.json,16842.49039909547,0.14075613021850586,True
True,1.0,12,True,continuous_cell,,302.6422102120796,3631.706522544955,True,8,302.6422102120796,3631.706522544955,0,12,173,0,12,168,adaptive,worstrecv,2026491976,main,ok,60.0,865.0,168.0,2538.706522544954,0.0,traces/main_worstrecv_008_2026491976_adaptive.json,12693.532612724772,0.15003490447998047,True
True,1.0,12,,field,,398.16817981128526,4778.018157735423,True,8,313.44091934016296,3761.2910320819556,0,12,215,0,12,208,field,worstrecv,2026491976,main,ok,60.0,1075.0,208.0,3435.0181577354206,1016.7271256534677,traces/main_worstrecv_008_2026491976_field.json,17175.090788677102,0.03287792205810547,True
True,1.0,12,True,continuous_cell,,297.0463573553614,3564.556288264337,True,8,297.0463573553614,3564.556288264337,1,12,153,0,12,150,joint,worstrecv,2026491976,main,ok,63.0,765.0,150.0,2586.556288264336,0.0,traces/main_worstrecv_008_2026491976_joint.json,12932.781441321682,0.7373619079589844,True
True,0.6666666666666666,8,,sweep,,538.2597664063661,4306.078131250929,False,8,532.5057384246628,4260.0459073973025,0,8,180,0,12,177,sweep,worstrecv,2026491976,main,ok,40.0,900.0,177.0,3189.0781312509293,46.03222385362642,traces/main_worstrecv_008_2026491976_sweep.json,15945.390656254647,0.027419328689575195,True
True,1.0,12,True,tour,,375.53705337388755,4506.44464048665,True,8,375.53705337388755,4506.44464048665,4,12,192,0,12,188,tour,worstrecv,2026491976,main,ok,72.0,960.0,188.0,3286.444640486651,0.0,traces/main_worstrecv_008_2026491976_tour.json,16432.223202433255,0.13504385948181152,True
True,1.0,14,True,continuous_cell,,272.01556731370164,3808.217942391823,True,9,272.01556731370164,3808.217942391823,0,14,194,0,14,191,adaptive,worstrecv,2026492073,main,ok,70.0,970.0,191.0,2577.217942391823,0.0,traces/main_worstrecv_009_2026492073_adaptive.json,12886.089711959114,0.2768130302429199,True
True,1.0,14,,field,,358.47274781210933,5018.61846936953,True,9,286.4371697357605,4010.1203763006474,0,14,185,0,14,180,field,worstrecv,2026492073,main,ok,70.0,925.0,180.0,3843.6184693695263,1008.498093068883,traces/main_worstrecv_009_2026492073_field.json,19218.092346847632,0.0404970645904541,True
True,1.0,14,True,continuous_cell,,241.2728601699433,3377.8200423792064,True,9,238.70143159851474,3341.8200423792064,1,14,137,0,14,133,joint,worstrecv,2026492073,main,ok,73.0,685.0,133.0,2486.8200423792064,36.0,traces/main_worstrecv_009_2026492073_joint.json,12434.100211896031,0.6468610763549805,True
True,1.0,14,,sweep,,319.81424228498406,4477.399391989777,True,9,319.81424228498406,4477.399391989777,0,14,160,0,14,155,sweep,worstrecv,2026492073,main,ok,70.0,800.0,155.0,3452.3993919897744,0.0,traces/main_worstrecv_009_2026492073_sweep.json,17261.996959948872,0.05138111114501953,True
True,1.0,14,True,tour,,306.59454380278345,4292.323613238968,True,9,275.592084064772,3858.289176906808,3,14,167,0,14,166,tour,worstrecv,2026492073,main,ok,79.0,835.0,166.0,3212.323613238968,434.03443633216057,traces/main_worstrecv_009_2026492073_tour.json,16061.61806619484,0.12106585502624512,True
True,1.0,13,True,continuous_cell,,279.0467046340201,3627.607160242261,True,10,279.0467046340201,3627.607160242261,1,13,179,0,13,171,adaptive,worstrecv,2026492170,main,ok,68.0,895.0,171.0,2493.6071602422594,0.0,traces/main_worstrecv_010_2026492170_adaptive.json,12468.035801211297,0.21851706504821777,True
True,1.0,13,,field,,355.953520684989,4627.395768904857,True,10,274.63367766813417,3570.237809685744,0,13,201,0,13,194,field,worstrecv,2026492170,main,ok,65.0,1005.0,194.0,3363.3957689048557,1057.1579592191124,traces/main_worstrecv_010_2026492170_field.json,16816.978844524278,0.03705406188964844,True
True,1.0,13,True,continuous_cell,,249.56756638352675,3244.3783629858476,True,10,239.3588555180645,3111.6651217348385,0,13,149,0,13,140,joint,worstrecv,2026492170,main,ok,65.0,745.0,140.0,2294.378362985847,132.7132412510091,traces/main_worstrecv_010_2026492170_joint.json,11471.891814929237,0.5781681537628174,True
True,0.9230769230769231,12,,sweep,,447.0995508020824,5365.1946096249885,False,10,441.6058874676925,5299.27064961231,0,12,172,0,13,168,sweep,worstrecv,2026492170,main,ok,60.0,860.0,168.0,4277.19460962499,65.92396001267844,traces/main_worstrecv_010_2026492170_sweep.json,21385.97304812495,0.03552603721618652,True
True,1.0,13,True,tour,,372.2777293010996,4839.610480914295,True,10,372.2777293010996,4839.610480914295,3,13,216,0,13,214,tour,worstrecv,2026492170,main,ok,74.0,1080.0,214.0,3471.610480914295,0.0,traces/main_worstrecv_010_2026492170_tour.json,17358.052404571474,0.10714006423950195,True
True,1.0,11,True,continuous_cell,,305.79583218261024,3363.7541540087127,True,11,305.79583218261024,3363.7541540087127,2,11,182,0,11,177,adaptive,worstrecv,2026492267,main,ok,61.0,910.0,177.0,2215.7541540087122,0.0,traces/main_worstrecv_011_2026492267_adaptive.json,11078.77077004356,0.18653392791748047,True
True,1.0,11,,field,,462.6882846714345,5089.571131385779,True,11,353.9213967808187,3893.1353645890063,0,11,202,0,11,196,field,worstrecv,2026492267,main,ok,55.0,1010.0,196.0,3828.5711313857732,1196.435766796773,traces/main_worstrecv_011_2026492267_field.json,19142.855656928867,0.036913156509399414,True
True,1.0,11,True,continuous_cell,,308.7650539764822,3396.4155937413043,True,11,308.7650539764822,3396.4155937413043,3,11,175,0,11,166,joint,worstrecv,2026492267,main,ok,64.0,875.0,166.0,2291.4155937413043,0.0,traces/main_worstrecv_011_2026492267_joint.json,11457.077968706522,0.4980580806732178,True
True,1.0,11,,sweep,,389.47760532714716,4284.253658598619,True,11,389.47760532714716,4284.253658598619,0,11,171,0,11,169,sweep,worstrecv,2026492267,main,ok,55.0,855.0,169.0,3205.2536585986177,0.0,traces/main_worstrecv_011_2026492267_sweep.json,16026.268292993089,0.03688311576843262,True
True,1.0,11,True,tour,,375.30722175833745,4128.379439341712,True,11,375.30722175833745,4128.379439341712,0,11,222,0,11,219,tour,worstrecv,2026492267,main,ok,55.0,1110.0,219.0,2744.379439341713,0.0,traces/main_worstrecv_011_2026492267_tour.json,13721.897196708565,0.09570097923278809,True
True,1.0,11,True,continuous_cell,,306.14090594861597,3367.5499654347755,True,12,306.14090594861597,3367.5499654347755,0,11,187,0,11,185,adaptive,worstrecv,2026492364,main,ok,55.0,935.0,185.0,2192.549965434776,0.0,traces/main_worstrecv_012_2026492364_adaptive.json,10962.74982717388,0.21375513076782227,True
True,1.0,11,,field,,422.2982912110223,4645.281203321245,True,12,315.7027460440038,3472.7302064840414,0,11,182,0,11,171,field,worstrecv,2026492364,main,ok,55.0,910.0,171.0,3509.281203321243,1172.5509968372035,traces/main_worstrecv_012_2026492364_field.json,17546.406016606215,0.03239083290100098,True
True,1.0,11,True,continuous_cell,,268.716225912159,2955.8784850337493,True,12,268.716225912159,2955.8784850337493,4,11,156,0,11,154,joint,worstrecv,2026492364,main,ok,67.0,780.0,154.0,1954.8784850337483,0.0,traces/main_worstrecv_012_2026492364_joint.json,9774.392425168742,0.5169467926025391,True
True,1.0,11,,sweep,,352.3863127099117,3876.249439809029,True,12,352.3863127099117,3876.249439809029,0,11,136,0,11,135,sweep,worstrecv,2026492364,main,ok,55.0,680.0,135.0,3006.249439809029,0.0,traces/main_worstrecv_012_2026492364_sweep.json,15031.247199045145,0.03447604179382324,True
True,1.0,11,False,tour,,345.35345605108546,3798.8880165619403,True,12,345.35345605108546,3798.8880165619403,6,11,241,0,11,239,tour,worstrecv,2026492364,main,ok,73.0,1205.0,239.0,2281.8880165619403,0.0,traces/main_worstrecv_012_2026492364_tour.json,11409.4400828097,0.13413095474243164,True
True,1.0,14,True,continuous_cell,,237.45030512036462,3324.3042716851046,True,13,227.8779687806809,3190.2915629295326,0,14,169,0,14,166,adaptive,worstrecv,2026492461,main,ok,70.0,845.0,166.0,2243.3042716851037,134.01270875557202,traces/main_worstrecv_013_2026492461_adaptive.json,11216.521358425518,0.19979119300842285,True
True,1.0,14,,field,,337.5006495082585,4725.009093115619,True,13,244.24994280603283,3419.49919928446,0,14,181,0,14,174,field,worstrecv,2026492461,main,ok,70.0,905.0,174.0,3576.0090931156165,1305.5098938311594,traces/main_worstrecv_013_2026492461_field.json,17880.04546557808,0.036039113998413086,True
True,1.0,14,True,continuous_cell,,225.59207813114264,3158.289093835997,True,13,212.42636580655065,2973.969121291709,2,14,140,0,14,134,joint,worstrecv,2026492461,main,ok,76.0,700.0,134.0,2248.289093835996,184.3199725442878,traces/main_worstrecv_013_2026492461_joint.json,11241.44546917998,0.7812042236328125,True
True,0.8571428571428571,12,,sweep,,359.99016015021806,4319.8819218026165,False,13,311.0645024189962,3732.7740290279544,0,12,170,0,14,169,sweep,worstrecv,2026492461,main,ok,60.0,850.0,169.0,3240.881921802616,587.1078927746621,traces/main_worstrecv_013_2026492461_sweep.json,16204.40960901308,0.0467989444732666,True
True,1.0,14,True,tour,,298.2040062380892,4174.856087333249,True,13,298.2040062380892,4174.856087333249,9,14,172,0,14,170,tour,worstrecv,2026492461,main,ok,97.0,860.0,170.0,3047.856087333248,0.0,traces/main_worstrecv_013_2026492461_tour.json,15239.28043666624,0.257479190826416,True
True,1.0,10,True,continuous_cell,,366.4024203025846,3664.0242030258455,True,14,366.4024203025846,3664.0242030258455,0,10,211,0,10,207,adaptive,worstrecv,2026492558,main,ok,50.0,1055.0,207.0,2352.024203025846,0.0,traces/main_worstrecv_014_2026492558_adaptive.json,11760.121015129229,0.1455690860748291,True
True,1.0,10,,field,,449.80490953030693,4498.049095303069,True,14,296.4122821854956,2964.122821854956,0,10,190,0,10,184,field,worstrecv,2026492558,main,ok,50.0,950.0,184.0,3314.049095303069,1533.9262734481135,traces/main_worstrecv_014_2026492558_field.json,16570.245476515345,0.03522992134094238,True
True,1.0,10,True,continuous_cell,,314.708946363982,3147.08946363982,True,14,314.708946363982,3147.08946363982,1,10,181,0,10,177,joint,worstrecv,2026492558,main,ok,53.0,905.0,177.0,2012.0894636398207,0.0,traces/main_worstrecv_014_2026492558_joint.json,10060.447318199103,0.4508800506591797,True
True,1.0,10,,sweep,,461.9692819995283,4619.692819995283,True,14,461.9692819995283,4619.692819995283,0,10,169,0,10,165,sweep,worstrecv,2026492558,main,ok,50.0,845.0,165.0,3559.692819995281,0.0,traces/main_worstrecv_014_2026492558_sweep.json,17798.464099976405,0.03196215629577637,True
True,1.0,10,True,tour,,376.6520052913803,3766.520052913803,True,14,376.6520052913803,3766.520052913803,3,10,190,0,10,188,tour,worstrecv,2026492558,main,ok,59.0,950.0,188.0,2569.5200529138015,0.0,traces/main_worstrecv_014_2026492558_tour.json,12847.600264569008,0.10483622550964355,True
True,1.0,12,True,continuous_cell,,297.08938526633324,3565.072623195999,True,15,275.93976795353916,3311.27721544247,0,12,178,0,12,173,adaptive,worstrecv,2026492655,main,ok,60.0,890.0,173.0,2442.072623195999,253.7954077535287,traces/main_worstrecv_015_2026492655_adaptive.json,12210.363115979995,0.1548919677734375,True
True,1.0,12,,field,,389.44401356467097,4673.328162776052,True,15,283.2339130232154,3398.8069562785845,0,12,181,0,12,176,field,worstrecv,2026492655,main,ok,60.0,905.0,176.0,3532.3281627760493,1274.5212064974671,traces/main_worstrecv_015_2026492655_field.json,17661.640813880247,0.03562307357788086,True
True,1.0,12,True,continuous_cell,,274.3515291733135,3292.218350079762,True,15,255.1964240678142,3062.3570888137706,0,12,141,0,12,136,joint,worstrecv,2026492655,main,ok,60.0,705.0,136.0,2391.2183500797614,229.8612612659913,traces/main_worstrecv_015_2026492655_joint.json,11956.091750398808,0.7401301860809326,True
True,1.0,12,,sweep,,358.7600834031123,4305.121000837347,True,15,358.7600834031123,4305.121000837347,0,12,163,0,12,158,sweep,worstrecv,2026492655,main,ok,60.0,815.0,158.0,3272.121000837348,0.0,traces/main_worstrecv_015_2026492655_sweep.json,16360.60500418674,0.03903007507324219,True
True,1.0,12,True,tour,,415.42793305080363,4985.135196609644,True,15,415.42793305080363,4985.135196609644,9,12,260,0,12,259,tour,worstrecv,2026492655,main,ok,87.0,1300.0,259.0,3339.135196609643,0.0,traces/main_worstrecv_015_2026492655_tour.json,16695.675983048215,0.14969706535339355,True
True,1.0,12,True,continuous_cell,,277.88539845867234,3334.6247815040683,True,16,259.93148912256305,3119.177869470757,0,12,188,0,12,181,adaptive,worstrecv,2026492752,main,ok,60.0,940.0,181.0,2153.624781504069,215.4469120333115,traces/main_worstrecv_016_2026492752_adaptive.json,10768.123907520343,0.16034793853759766,True
True,1.0,12,,field,,400.7752929544279,4809.303515453135,True,16,305.37306730018264,3664.4768076021915,0,12,193,0,12,185,field,worstrecv,2026492752,main,ok,60.0,965.0,185.0,3599.3035154531317,1144.8267078509439,traces/main_worstrecv_016_2026492752_field.json,17996.51757726566,0.03274393081665039,True
True,1.0,12,True,continuous_cell,,261.9593148863123,3143.5117786357478,True,16,261.9593148863123,3143.5117786357478,0,12,152,0,12,149,joint,worstrecv,2026492752,main,ok,60.0,760.0,149.0,2174.5117786357473,0.0,traces/main_worstrecv_016_2026492752_joint.json,10872.558893178737,0.3879361152648926,True
True,0.8333333333333334,10,,sweep,,434.40194182049254,4344.019418204925,False,16,381.51374072884585,3815.1374072884582,0,10,153,0,12,142,sweep,worstrecv,2026492752,main,ok,50.0,765.0,142.0,3387.0194182049263,528.8820109164672,traces/main_worstrecv_016_2026492752_sweep.json,16935.097091024632,0.03433990478515625,True
True,1.0,12,True,tour,,346.92124707655677,4163.054964918681,True,16,334.9869379469927,4019.8432553639127,2,12,215,0,12,212,tour,worstrecv,2026492752,main,ok,66.0,1075.0,212.0,2810.054964918682,143.21170955476873,traces/main_worstrecv_016_2026492752_tour.json,14050.274824593409,0.08178305625915527,True
True,1.0,12,True,continuous_cell,,292.3206497236302,3507.8477966835626,True,17,292.3206497236302,3507.8477966835626,0,12,192,0,12,190,adaptive,worstrecv,2026492849,main,ok,60.0,960.0,190.0,2297.847796683563,0.0,traces/main_worstrecv_017_2026492849_adaptive.json,11489.238983417816,0.22894501686096191,True
True,1.0,12,,field,,409.5711811315238,4914.854173578286,True,17,313.35514709489615,3760.2617651387536,0,12,209,0,12,201,field,worstrecv,2026492849,main,ok,60.0,1045.0,201.0,3608.854173578282,1154.592408439532,traces/main_worstrecv_017_2026492849_field.json,18044.27086789141,0.0319819450378418,True
True,1.0,12,True,continuous_cell,,282.2768395981234,3387.3220751774807,True,17,282.2768395981234,3387.3220751774807,2,12,168,0,12,160,joint,worstrecv,2026492849,main,ok,66.0,840.0,160.0,2321.3220751774816,0.0,traces/main_worstrecv_017_2026492849_joint.json,11606.610375887407,0.48185110092163086,True
True,0.75,9,,sweep,,532.6478073015373,4793.830265713836,False,17,497.66420742832776,4478.97786685495,0,9,178,0,12,177,sweep,worstrecv,2026492849,main,ok,45.0,890.0,177.0,3681.8302657138365,314.85239885888586,traces/main_worstrecv_017_2026492849_sweep.json,18409.151328569184,0.03467202186584473,True
True,1.0,12,True,tour,,379.4426998169772,4553.3123978037265,True,17,379.4426998169772,4553.3123978037265,8,12,220,0,12,218,tour,worstrecv,2026492849,main,ok,84.0,1100.0,218.0,3151.312397803726,0.0,traces/main_worstrecv_017_2026492849_tour.json,15756.56198901863,0.15064287185668945,True
True,1.0,16,True,continuous_cell,,240.21243406924904,3843.3989451079847,True,18,240.21243406924904,3843.3989451079847,2,16,171,0,16,166,adaptive,worstrecv,2026492946,main,ok,86.0,855.0,166.0,2736.3989451079856,0.0,traces/main_worstrecv_018_2026492946_adaptive.json,13681.994725539927,0.2879350185394287,True
True,1.0,16,,field,,309.7360976639619,4955.777562623391,True,18,257.9717745038488,4127.548392061581,0,16,180,0,16,171,field,worstrecv,2026492946,main,ok,80.0,900.0,171.0,3804.7775626233865,828.22917056181,traces/main_worstrecv_018_2026492946_field.json,19023.887813116933,0.037598371505737305,True
True,1.0,16,True,continuous_cell,,221.02982559029635,3536.4772094447417,True,18,219.52982559029635,3512.4772094447417,1,16,143,0,16,137,joint,worstrecv,2026492946,main,ok,83.0,715.0,137.0,2601.4772094447408,24.0,traces/main_worstrecv_018_2026492946_joint.json,13007.386047223705,0.6591637134552002,True
True,0.9375,15,,sweep,,327.869317337656,4918.03976006484,False,18,327.869317337656,4918.03976006484,0,15,161,0,16,156,sweep,worstrecv,2026492946,main,ok,75.0,805.0,156.0,3882.0397600648403,0.0,traces/main_worstrecv_018_2026492946_sweep.json,19410.1988003242,0.042188167572021484,True
True,1.0,16,True,tour,,287.2044339791372,4595.270943666195,True,18,287.2044339791372,4595.270943666195,5,16,216,0,16,212,tour,worstrecv,2026492946,main,ok,95.0,1080.0,212.0,3208.2709436661944,0.0,traces/main_worstrecv_018_2026492946_tour.json,16041.354718330973,0.12968921661376953,True
True,1.0,14,True,continuous_cell,,260.1866115353885,3642.6125614954394,True,19,260.1866115353885,3642.6125614954394,0,14,175,0,14,171,adaptive,worstrecv,2026493043,main,ok,70.0,875.0,171.0,2526.6125614954394,0.0,traces/main_worstrecv_019_2026493043_adaptive.json,12633.062807477198,0.24262714385986328,True
True,1.0,14,,field,,358.1754222626387,5014.4559116769415,True,19,291.36806626490096,4079.152927708614,0,14,196,0,14,190,field,worstrecv,2026493043,main,ok,70.0,980.0,190.0,3774.4559116769365,935.3029839683277,traces/main_worstrecv_019_2026493043_field.json,18872.279558384682,0.03407692909240723,True
True,1.0,14,True,continuous_cell,,223.15067606375152,3124.1094648925214,True,19,223.15067606375152,3124.1094648925214,0,14,124,0,14,120,joint,worstrecv,2026493043,main,ok,70.0,620.0,120.0,2314.10946489252,0.0,traces/main_worstrecv_019_2026493043_joint.json,11570.547324462601,0.770362138748169,True
True,0.8571428571428571,12,,sweep,,419.92233392402517,5039.068007088302,False,19,419.92233392402517,5039.068007088302,0,12,145,0,14,141,sweep,worstrecv,2026493043,main,ok,60.0,725.0,141.0,4113.068007088304,0.0,traces/main_worstrecv_019_2026493043_sweep.json,20565.340035441517,0.0364069938659668,True
True,1.0,14,True,tour,,297.85316644687947,4169.944330256312,True,19,297.85316644687947,4169.944330256312,5,14,174,0,14,172,tour,worstrecv,2026493043,main,ok,85.0,870.0,172.0,3042.9443302563113,0.0,traces/main_worstrecv_019_2026493043_tour.json,15214.721651281558,0.12893223762512207,True
