x_m,y_m,E_diam_given_detectable_m
0.0,-1800.0,
-360.0,-1760.0,
-320.0,-1760.0,
-280.0,-1760.0,
-240.0,-1760.0,
-200.0,-1760.0,
-160.0,-1760.0,
-120.0,-1760.0,
-80.0,-1760.0,
-40.0,-1760.0,
0.0,-1760.0,
40.0,-1760.0,
80.0,-1760.0,
120.0,-1760.0,
160.0,-1760.0,
200.0,-1760.0,
240.0,-1760.0,
280.0,-1760.0,
320.0,-1760.0,
360.0,-1760.0,
-520.0,-1720.0,
-480.0,-1720.0,
-440.0,-1720.0,
-400.0,-1720.0,
-360.0,-1720.0,
-320.0,-1720.0,
-280.0,-1720.0,
-240.0,-1720.0,
-200.0,-1720.0,
-160.0,-1720.0,
-120.0,-1720.0,
-80.0,-1720.0,
-40.0,-1720.0,
0.0,-1720.0,
40.0,-1720.0,
80.0,-1720.0,
120.0,-1720.0,
160.0,-1720.0,
200.0,-1720.0,
240.0,-1720.0,
280.0,-1720.0,
320.0,-1720.0,
360.0,-1720.0,
400.0,-1720.0,
440.0,-1720.0,
480.0,-1720.0,
520.0,-1720.0,
-640.0,-1680.0,
-600.0,-1680.0,
-560.0,-1680.0,
-520.0,-1680.0,
-480.0,-1680.0,
-440.0,-1680.0,
-400.0,-1680.0,
-360.0,-1680.0,
-320.0,-1680.0,
-280.0,-1680.0,
-240.0,-1680.0,
-200.0,-1680.0,
-160.0,-1680.0,
-120.0,-1680.0,
-80.0,-1680.0,
-40.0,-1680.0,
0.0,-1680.0,
40.0,-1680.0,
80.0,-1680.0,
120.0,-1680.0,
160.0,-1680.0,
200.0,-1680.0,
240.0,-1680.0,
280.0,-1680.0,
320.0,-1680.0,
360.0,-1680.0,
400.0,-1680.0,
440.0,-1680.0,
480.0,-1680.0,
520.0,-1680.0,
560.0,-1680.0,
600.0,-1680.0,
640.0,-1680.0,
-720.0,-1640.0,
-680.0,-1640.0,
-640.0,-1640.0,
-600.0,-1640.0,
-560.0,-1640.0,
-520.0,-1640.0,
-480.0,-1640.0,
-440.0,-1640.0,
-400.0,-1640.0,
-360.0,-1640.0,
-320.0,-1640.0,
-280.0,-1640.0,
-240.0,-1640.0,
-200.0,-1640.0,
-160.0,-1640.0,
-120.0,-1640.0,
-80.0,-1640.0,
-40.0,-1640.0,
0.0,-1640.0,
40.0,-1640.0,
80.0,-1640.0,
120.0,-1640.0,
160.0,-1640.0,
200.0,-1640.0,
240.0,-1640.0,
280.0,-1640.0,
320.0,-1640.0,
360.0,-1640.0,
400.0,-1640.0,
440.0,-1640.0,
480.0,-1640.0,
520.0,-1640.0,
560.0,-1640.0,
600.0,-1640.0,
640.0,-1640.0,
680.0,-1640.0,
720.0,-1640.0,
-800.0,-1600.0,
-760.0,-1600.0,
-720.0,-1600.0,
-680.0,-1600.0,
-640.0,-1600.0,
-600.0,-1600.0,
-560.0,-1600.0,
-520.0,-1600.0,
-480.0,-1600.0,
-440.0,-1600.0,
-400.0,-1600.0,
-360.0,-1600.0,
-320.0,-1600.0,
-280.0,-1600.0,
-240.0,-1600.0,
-200.0,-1600.0,
-160.0,-1600.0,
-120.0,-1600.0,
-80.0,-1600.0,
-40.0,-1600.0,
0.0,-1600.0,
40.0,-1600.0,
80.0,-1600.0,
120.0,-1600.0,
160.0,-1600.0,
200.0,-1600.0,
240.0,-1600.0,
280.0,-1600.0,
320.0,-1600.0,
360.0,-1600.0,
400.0,-1600.0,
440.0,-1600.0,
480.0,-1600.0,
520.0,-1600.0,
560.0,-1600.0,
600.0,-1600.0,
640.0,-1600.0,
680.0,-1600.0,
720.0,-1600.0,
760.0,-1600.0,
800.0,-1600.0,
-880.0,-1560.0,
-840.0,-1560.0,
-800.0,-1560.0,
-760.0,-1560.0,
-720.0,-1560.0,
-680.0,-1560.0,
-640.0,-1560.0,
-600.0,-1560.0,
-560.0,-1560.0,
-520.0,-1560.0,
-480.0,-1560.0,
-440.0,-1560.0,
-400.0,-1560.0,
-360.0,-1560.0,
-320.0,-1560.0,
-280.0,-1560.0,
-240.0,-1560.0,
-200.0,-1560.0,
-160.0,-1560.0,
-120.0,-1560.0,
-80.0,-1560.0,
-40.0,-1560.0,
0.0,-1560.0,
40.0,-1560.0,
80.0,-1560.0,
120.0,-1560.0,
160.0,-1560.0,
200.0,-1560.0,
240.0,-1560.0,
280.0,-1560.0,
320.0,-1560.0,
360.0,-1560.0,
400.0,-1560.0,
440.0,-1560.0,
480.0,-1560.0,
520.0,-1560.0,
560.0,-1560.0,
600.0,-1560.0,
640.0,-1560.0,
680.0,-1560.0,
720.0,-1560.0,
760.0,-1560.0,
800.0,-1560.0,
840.0,-1560.0,
880.0,-1560.0,
-960.0,-1520.0,
-920.0,-1520.0,
-880.0,-1520.0,
-840.0,-1520.0,
-800.0,-1520.0,
-760.0,-1520.0,
-720.0,-1520.0,
-680.0,-1520.0,
-640.0,-1520.0,
-600.0,-1520.0,
-560.0,-1520.0,
-520.0,-1520.0,
-480.0,-1520.0,
-440.0,-1520.0,
-400.0,-1520.0,
-360.0,-1520.0,
-320.0,-1520.0,
-280.0,-1520.0,
-240.0,-1520.0,
-200.0,-1520.0,
-160.0,-1520.0,
-120.0,-1520.0,
-80.0,-1520.0,
-40.0,-1520.0,
0.0,-1520.0,
40.0,-1520.0,
80.0,-1520.0,
120.0,-1520.0,
160.0,-1520.0,
200.0,-1520.0,
240.0,-1520.0,
280.0,-1520.0,
320.0,-1520.0,
360.0,-1520.0,
400.0,-1520.0,
440.0,-1520.0,
480.0,-1520.0,
520.0,-1520.0,
560.0,-1520.0,
600.0,-1520.0,
640.0,-1520.0,
680.0,-1520.0,
720.0,-1520.0,
760.0,-1520.0,
800.0,-1520.0,
840.0,-1520.0,
880.0,-1520.0,
920.0,-1520.0,
960.0,-1520.0,
-1000.0,-1480.0,
-960.0,-1480.0,
-920.0,-1480.0,
-880.0,-1480.0,
-840.0,-1480.0,
-800.0,-1480.0,
-760.0,-1480.0,
-720.0,-1480.0,
-680.0,-1480.0,
-640.0,-1480.0,
-600.0,-1480.0,
-560.0,-1480.0,
-520.0,-1480.0,
-480.0,-1480.0,
-440.0,-1480.0,
-400.0,-1480.0,
-360.0,-1480.0,
-320.0,-1480.0,
-280.0,-1480.0,
-240.0,-1480.0,
-200.0,-1480.0,102.126337
-160.0,-1480.0,99.62086
-120.0,-1480.0,97.193956
-80.0,-1480.0,94.845568
-40.0,-1480.0,92.575625
0.0,-1480.0,90.384043
40.0,-1480.0,88.270722
80.0,-1480.0,86.235651
120.0,-1480.0,84.279223
160.0,-1480.0,82.402122
200.0,-1480.0,80.605364
240.0,-1480.0,78.890231
280.0,-1480.0,77.258369
320.0,-1480.0,75.711611
360.0,-1480.0,74.252245
400.0,-1480.0,72.882607
440.0,-1480.0,71.605507
480.0,-1480.0,70.423877
520.0,-1480.0,69.340892
560.0,-1480.0,68.360161
600.0,-1480.0,67.485141
640.0,-1480.0,66.719865
680.0,-1480.0,66.068337
720.0,-1480.0,65.534901
760.0,-1480.0,65.124317
800.0,-1480.0,64.840921
840.0,-1480.0,64.690039
880.0,-1480.0,64.676482
920.0,-1480.0,64.805506
960.0,-1480.0,65.082981
1000.0,-1480.0,65.5137
-1080.0,-1440.0,
-1040.0,-1440.0,
-1000.0,-1440.0,
-960.0,-1440.0,
-920.0,-1440.0,
-880.0,-1440.0,
-840.0,-1440.0,
-800.0,-1440.0,
-760.0,-1440.0,
-720.0,-1440.0,
-680.0,-1440.0,
-640.0,-1440.0,
-600.0,-1440.0,
-560.0,-1440.0,
-520.0,-1440.0,
-480.0,-1440.0,
-440.0,-1440.0,
-400.0,-1440.0,116.11257
-360.0,-1440.0,113.132229
-320.0,-1440.0,110.232905
-280.0,-1440.0,107.414595
-240.0,-1440.0,104.677291
-200.0,-1440.0,102.020978
-160.0,-1440.0,99.445626
-120.0,-1440.0,96.9512
-80.0,-1440.0,94.537648
-40.0,-1440.0,92.204905
0.0,-1440.0,89.952893
40.0,-1440.0,87.781516
80.0,-1440.0,85.690773
120.0,-1440.0,83.681074
160.0,-1440.0,81.753127
200.0,-1440.0,79.907975
240.0,-1440.0,78.146944
280.0,-1440.0,76.471716
320.0,-1440.0,74.884179
360.0,-1440.0,73.386668
400.0,-1440.0,71.981577
440.0,-1440.0,70.671782
480.0,-1440.0,69.460264
520.0,-1440.0,68.350272
560.0,-1440.0,67.345468
600.0,-1440.0,66.449372
640.0,-1440.0,65.666207
680.0,-1440.0,64.999835
720.0,-1440.0,64.454711
760.0,-1440.0,64.035686
800.0,-1440.0,63.747158
840.0,-1440.0,63.594534
880.0,-1440.0,63.582661
920.0,-1440.0,63.716879
960.0,-1440.0,64.003113
1000.0,-1440.0,64.446333
1040.0,-1440.0,65.051956
1080.0,-1440.0,65.819425
-1120.0,-1400.0,
-1080.0,-1400.0,
-1040.0,-1400.0,
-1000.0,-1400.0,
-960.0,-1400.0,
-920.0,-1400.0,
-880.0,-1400.0,
-840.0,-1400.0,
-800.0,-1400.0,
-760.0,-1400.0,
-720.0,-1400.0,
-680.0,-1400.0,
-640.0,-1400.0,
-600.0,-1400.0,
-560.0,-1400.0,
-520.0,-1400.0,126.186473
-480.0,-1400.0,122.869479
-440.0,-1400.0,119.635895
-400.0,-1400.0,116.485744
-360.0,-1400.0,113.419044
-320.0,-1400.0,110.43581
-280.0,-1400.0,107.536047
-240.0,-1400.0,104.719756
-200.0,-1400.0,101.986929
-160.0,-1400.0,99.337546
-120.0,-1400.0,96.771577
-80.0,-1400.0,94.28898
-40.0,-1400.0,91.889698
0.0,-1400.0,89.573656
40.0,-1400.0,87.340766
80.0,-1400.0,85.191041
120.0,-1400.0,83.124907
160.0,-1400.0,81.143097
200.0,-1400.0,79.246689
240.0,-1400.0,77.437051
280.0,-1400.0,75.715908
320.0,-1400.0,74.085205
360.0,-1400.0,72.547328
400.0,-1400.0,71.104731
440.0,-1400.0,69.760362
480.0,-1400.0,68.517251
520.0,-1400.0,67.378727
560.0,-1400.0,66.348505
600.0,-1400.0,65.430173
640.0,-1400.0,64.628032
680.0,-1400.0,63.946111
720.0,-1400.0,63.388716
760.0,-1400.0,62.960832
800.0,-1400.0,62.666941
840.0,-1400.0,62.512532
880.0,-1400.0,62.502487
920.0,-1400.0,62.64223
960.0,-1400.0,62.937734
1000.0,-1400.0,63.394156
1040.0,-1400.0,64.016738
1080.0,-1400.0,64.804972
1120.0,-1400.0,65.756421
-1160.0,-1360.0,
-1120.0,-1360.0,
-1080.0,-1360.0,
-1040.0,-1360.0,
-1000.0,-1360.0,
-960.0,-1360.0,
-920.0,-1360.0,
-880.0,-1360.0,
-840.0,-1360.0,
-800.0,-1360.0,
-760.0,-1360.0,
-720.0,-1360.0,
-680.0,-1360.0,
-640.0,-1360.0,
-600.0,-1360.0,134.043051
-560.0,-1360.0,130.454843
-520.0,-1360.0,126.952546
-480.0,-1360.0,123.536195
-440.0,-1360.0,120.205823
-400.0,-1360.0,116.96146
-360.0,-1360.0,113.803133
-320.0,-1360.0,110.730864
-280.0,-1360.0,107.744669
-240.0,-1360.0,104.844557
-200.0,-1360.0,102.030529
-160.0,-1360.0,99.302575
-120.0,-1360.0,96.660675
-80.0,-1360.0,94.104795
-40.0,-1360.0,91.634887
0.0,-1360.0,89.250878
40.0,-1360.0,86.952701
80.0,-1360.0,84.740377
120.0,-1360.0,82.614348
160.0,-1360.0,80.575379
200.0,-1360.0,78.624581
240.0,-1360.0,76.763374
280.0,-1360.0,74.993525
320.0,-1360.0,73.317044
360.0,-1360.0,71.736368
400.0,-1360.0,70.254018
440.0,-1360.0,68.873017
480.0,-1360.0,67.596448
520.0,-1360.0,66.427721
560.0,-1360.0,65.370608
600.0,-1360.0,64.428766
640.0,-1360.0,63.606579
680.0,-1360.0,62.90812
720.0,-1360.0,62.337911
760.0,-1360.0,61.900709
800.0,-1360.0,61.601201
840.0,-1360.0,61.444958
880.0,-1360.0,61.436894
920.0,-1360.0,61.582518
960.0,-1360.0,61.887854
1000.0,-1360.0,62.358176
1040.0,-1360.0,62.998736
1080.0,-1360.0,63.808895
1120.0,-1360.0,64.786218
1160.0,-1360.0,65.927862
-1200.0,-1320.0,
-1160.0,-1320.0,
-1120.0,-1320.0,
-1080.0,-1320.0,
-1040.0,-1320.0,
-1000.0,-1320.0,
-960.0,-1320.0,
-920.0,-1320.0,
-880.0,-1320.0,
-840.0,-1320.0,
-800.0,-1320.0,
-760.0,-1320.0,
-720.0,-1320.0,
-680.0,-1320.0,142.822747
-640.0,-1320.0,138.946423
-600.0,-1320.0,135.158634
-560.0,-1320.0,131.459421
-520.0,-1320.0,127.848828
-480.0,-1320.0,124.326895
-440.0,-1320.0,120.893664
-400.0,-1320.0,117.549173
-360.0,-1320.0,114.293459
-320.0,-1320.0,111.126551
-280.0,-1320.0,108.048478
-240.0,-1320.0,105.059257
-200.0,-1320.0,102.158872
-160.0,-1320.0,99.347339
-120.0,-1320.0,96.62467
-80.0,-1320.0,93.990843
-40.0,-1320.0,91.445818
0.0,-1320.0,88.989541
40.0,-1320.0,86.621936
80.0,-1320.0,84.34305
120.0,-1320.0,82.153351
160.0,-1320.0,80.053635
200.0,-1320.0,78.045051
240.0,-1320.0,76.12907
280.0,-1320.0,74.307463
320.0,-1320.0,72.582336
360.0,-1320.0,70.956192
400.0,-1320.0,69.431622
440.0,-1320.0,68.011728
480.0,-1320.0,66.699651
520.0,-1320.0,65.498884
560.0,-1320.0,64.413262
600.0,-1320.0,63.446512
640.0,-1320.0,62.603102
680.0,-1320.0,61.887148
720.0,-1320.0,61.303282
760.0,-1320.0,60.856365
800.0,-1320.0,60.550958
840.0,-1320.0,60.392822
880.0,-1320.0,60.386903
920.0,-1320.0,60.538797
960.0,-1320.0,60.854572
1000.0,-1320.0,61.339569
1040.0,-1320.0,61.999203
1080.0,-1320.0,62.832552
1120.0,-1320.0,63.837227
1160.0,-1320.0,65.010289
1200.0,-1320.0,66.34686
-1240.0,-1280.0,
-1200.0,-1280.0,
-1160.0,-1280.0,
-1120.0,-1280.0,
-1080.0,-1280.0,
-1040.0,-1280.0,
-1000.0,-1280.0,
-960.0,-1280.0,
-920.0,-1280.0,
-880.0,-1280.0,
-840.0,-1280.0,
-800.0,-1280.0,
-760.0,-1280.0,152.614324
-720.0,-1280.0,148.43158
-680.0,-1280.0,144.340012
-640.0,-1280.0,140.339795
-600.0,-1280.0,136.430976
-560.0,-1280.0,132.613602
-520.0,-1280.0,128.887722
-480.0,-1280.0,125.253387
-440.0,-1280.0,121.710644
-400.0,-1280.0,118.259542
-360.0,-1280.0,114.900126
-320.0,-1280.0,111.632438
-280.0,-1280.0,108.456459
-240.0,-1280.0,105.37227
-200.0,-1280.0,102.379909
-160.0,-1280.0,99.479389
-120.0,-1280.0,96.670712
-80.0,-1280.0,93.953868
-40.0,-1280.0,91.328831
0.0,-1280.0,88.795555
40.0,-1280.0,86.353978
80.0,-1280.0,84.004164
120.0,-1280.0,81.746609
160.0,-1280.0,79.582143
200.0,-1280.0,77.511957
240.0,-1280.0,75.537582
280.0,-1280.0,73.660887
320.0,-1280.0,71.884023
360.0,-1280.0,70.2095
400.0,-1280.0,68.639992
440.0,-1280.0,67.178716
480.0,-1280.0,65.828871
520.0,-1280.0,64.594042
560.0,-1280.0,63.478126
600.0,-1280.0,62.484923
640.0,-1280.0,61.61899
680.0,-1280.0,60.884487
720.0,-1280.0,60.286132
760.0,-1280.0,59.828928
800.0,-1280.0,59.517335
840.0,-1280.0,59.357237
880.0,-1280.0,59.35364
920.0,-1280.0,59.512222
960.0,-1280.0,59.839099
1000.0,-1280.0,60.339677
1040.0,-1280.0,61.019523
1080.0,-1280.0,61.877445
1120.0,-1280.0,62.911089
1160.0,-1280.0,64.117417
1200.0,-1280.0,65.491463
1240.0,-1280.0,67.028522
-1280.0,-1240.0,
-1240.0,-1240.0,
-1200.0,-1240.0,
-1160.0,-1240.0,
-1120.0,-1240.0,
-1080.0,-1240.0,
-1040.0,-1240.0,
-1000.0,-1240.0,
-960.0,-1240.0,
-920.0,-1240.0,
-880.0,-1240.0,
-840.0,-1240.0,
-800.0,-1240.0,159.008678
-760.0,-1240.0,154.593533
-720.0,-1240.0,150.272474
-680.0,-1240.0,146.045741
-640.0,-1240.0,141.913401
-600.0,-1240.0,137.875504
-560.0,-1240.0,133.932106
-520.0,-1240.0,130.083262
-480.0,-1240.0,126.329029
-440.0,-1240.0,122.669465
-400.0,-1240.0,119.104627
-360.0,-1240.0,115.634534
-320.0,-1240.0,112.25923
-280.0,-1240.0,108.97882
-240.0,-1240.0,105.793346
-200.0,-1240.0,102.702845
-160.0,-1240.0,99.707345
-120.0,-1240.0,96.80686
-80.0,-1240.0,94.001395
-40.0,-1240.0,91.290937
0.0,-1240.0,88.675454
40.0,-1240.0,86.154898
80.0,-1240.0,83.729354
120.0,-1240.0,81.399346
160.0,-1240.0,79.165747
200.0,-1240.0,77.029793
240.0,-1240.0,74.993078
280.0,-1240.0,73.057532
320.0,-1240.0,71.225382
360.0,-1240.0,69.499255
400.0,-1240.0,67.881894
440.0,-1240.0,66.376485
480.0,-1240.0,64.986376
520.0,-1240.0,63.715246
560.0,-1240.0,62.567059
600.0,-1240.0,61.545695
640.0,-1240.0,60.655798
680.0,-1240.0,59.901576
720.0,-1240.0,59.287833
760.0,-1240.0,58.819622
800.0,-1240.0,58.501577
840.0,-1240.0,58.339433
880.0,-1240.0,58.338343
920.0,-1240.0,58.504069
960.0,-1240.0,58.842773
1000.0,-1240.0,59.359922
1040.0,-1240.0,60.061227
1080.0,-1240.0,60.945238
1120.0,-1240.0,62.009625
1160.0,-1240.0,63.251249
1200.0,-1240.0,64.665052
1240.0,-1240.0,66.246269
1280.0,-1240.0,67.973465
-1320.0,-1200.0,
-1280.0,-1200.0,
-1240.0,-1200.0,
-1200.0,-1200.0,
-1160.0,-1200.0,
-1120.0,-1200.0,
-1080.0,-1200.0,
-1040.0,-1200.0,
-1000.0,-1200.0,
-960.0,-1200.0,
-920.0,-1200.0,
-880.0,-1200.0,170.789678
-840.0,-1200.0,166.028705
-800.0,-1200.0,161.365173
-760.0,-1200.0,156.799034
-720.0,-1200.0,152.330281
-680.0,-1200.0,147.959112
-640.0,-1200.0,143.68558
-600.0,-1200.0,139.509741
-560.0,-1200.0,135.431655
-520.0,-1200.0,131.451385
-480.0,-1200.0,127.568996
-440.0,-1200.0,123.784555
-400.0,-1200.0,120.098055
-360.0,-1200.0,116.509616
-320.0,-1200.0,113.019333
-280.0,-1200.0,109.627268
-240.0,-1200.0,106.333479
-200.0,-1200.0,103.138017
-160.0,-1200.0,100.040923
-120.0,-1200.0,97.04223
-80.0,-1200.0,94.141957
-40.0,-1200.0,91.340108
0.0,-1200.0,88.636666
40.0,-1200.0,86.031599
80.0,-1200.0,83.525017
120.0,-1200.0,81.117476
160.0,-1200.0,78.809896
200.0,-1200.0,76.603563
240.0,-1200.0,74.500143
280.0,-1200.0,72.50163
320.0,-1200.0,70.610334
360.0,-1200.0,68.828959
400.0,-1200.0,67.160334
440.0,-1200.0,65.607836
480.0,-1200.0,64.174725
520.0,-1200.0,62.864809
560.0,-1200.0,61.682158
600.0,-1200.0,60.630731
640.0,-1200.0,59.715267
680.0,-1200.0,58.940022
720.0,-1200.0,58.309886
760.0,-1200.0,57.829965
800.0,-1200.0,57.505032
840.0,-1200.0,57.340771
880.0,-1200.0,57.342387
920.0,-1200.0,57.515752
960.0,-1200.0,57.867074
1000.0,-1200.0,58.401881
1040.0,-1200.0,59.125967
1080.0,-1200.0,60.037785
1120.0,-1200.0,61.13487
1160.0,-1200.0,62.414027
1200.0,-1200.0,63.870104
1240.0,-1200.0,65.49826
1280.0,-1200.0,67.276671
1320.0,-1200.0,69.152716
-1360.0,-1160.0,
-1320.0,-1160.0,
-1280.0,-1160.0,
-1240.0,-1160.0,
-1200.0,-1160.0,
-1160.0,-1160.0,
-1120.0,-1160.0,
-1080.0,-1160.0,
-1040.0,-1160.0,
-1000.0,-1160.0,
-960.0,-1160.0,
-920.0,-1160.0,178.771044
-880.0,-1160.0,173.740679
-840.0,-1160.0,168.811183
-800.0,-1160.0,163.982589
-760.0,-1160.0,159.254745
-720.0,-1160.0,154.627844
-680.0,-1160.0,150.101992
-640.0,-1160.0,145.677245
-600.0,-1160.0,141.353665
-560.0,-1160.0,137.131315
-520.0,-1160.0,133.010267
-480.0,-1160.0,128.990593
-440.0,-1160.0,125.072277
-400.0,-1160.0,121.255474
-360.0,-1160.0,117.540286
-320.0,-1160.0,113.926793
-280.0,-1160.0,110.415069
-240.0,-1160.0,107.005188
-200.0,-1160.0,103.697215
-160.0,-1160.0,100.491211
-120.0,-1160.0,97.387226
-80.0,-1160.0,94.385295
-40.0,-1160.0,91.485441
0.0,-1160.0,88.687668
40.0,-1160.0,85.99196
80.0,-1160.0,83.398456
120.0,-1160.0,80.907749
160.0,-1160.0,78.520809
200.0,-1160.0,76.238982
240.0,-1160.0,74.064008
280.0,-1160.0,71.997954
320.0,-1160.0,70.043223
360.0,-1160.0,68.202602
400.0,-1160.0,66.479012
440.0,-1160.0,64.875934
480.0,-1160.0,63.39678
520.0,-1160.0,62.045356
560.0,-1160.0,60.825794
600.0,-1160.0,59.742182
640.0,-1160.0,58.799359
680.0,-1160.0,58.00163
720.0,-1160.0,57.353976
760.0,-1160.0,56.861553
800.0,-1160.0,56.529196
840.0,-1160.0,56.362766
880.0,-1160.0,56.367295
920.0,-1160.0,56.54884
960.0,-1160.0,56.91365
1000.0,-1160.0,57.467312
1040.0,-1160.0,58.215684
1080.0,-1160.0,59.15716
1120.0,-1160.0,60.289103
1160.0,-1160.0,61.608268
1200.0,-1160.0,63.109405
1240.0,-1160.0,64.78758
1280.0,-1160.0,66.620611
1320.0,-1160.0,68.555084
1360.0,-1160.0,70.587601
-1400.0,-1120.0,
-1360.0,-1120.0,
-1320.0,-1120.0,
-1280.0,-1120.0,
-1240.0,-1120.0,
-1200.0,-1120.0,
-1160.0,-1120.0,
-1120.0,-1120.0,
-1080.0,-1120.0,
-1040.0,-1120.0,
-1000.0,-1120.0,
-960.0,-1120.0,187.540058
-920.0,-1120.0,182.220531
-880.0,-1120.0,177.00556
-840.0,-1120.0,171.895173
-800.0,-1120.0,166.889367
-760.0,-1120.0,161.987992
-720.0,-1120.0,157.191328
-680.0,-1120.0,152.499427
-640.0,-1120.0,147.912349
-600.0,-1120.0,143.430158
-560.0,-1120.0,139.052925
-520.0,-1120.0,134.780727
-480.0,-1120.0,130.61355
-440.0,-1120.0,126.551545
-400.0,-1120.0,122.594839
-360.0,-1120.0,118.743522
-320.0,-1120.0,114.997686
-280.0,-1120.0,111.357421
-240.0,-1120.0,107.822816
-200.0,-1120.0,104.393955
-160.0,-1120.0,101.070918
-120.0,-1120.0,97.853771
-80.0,-1120.0,94.742575
-40.0,-1120.0,91.73737
0.0,-1120.0,88.838182
40.0,-1120.0,86.045016
80.0,-1120.0,83.358047
120.0,-1120.0,80.777904
160.0,-1120.0,78.305618
200.0,-1120.0,75.942598
240.0,-1120.0,73.69067
280.0,-1120.0,71.551979
320.0,-1120.0,69.529029
360.0,-1120.0,67.624699
400.0,-1120.0,65.842011
440.0,-1120.0,64.184558
480.0,-1120.0,62.655836
520.0,-1120.0,61.259839
560.0,-1120.0,60.000665
600.0,-1120.0,58.88249
640.0,-1120.0,57.910297
680.0,-1120.0,57.088441
720.0,-1120.0,56.421998
760.0,-1120.0,55.916175
800.0,-1120.0,55.575868
840.0,-1120.0,55.407111
880.0,-1120.0,55.414772
920.0,-1120.0,55.605085
960.0,-1120.0,55.984339
1000.0,-1120.0,56.558179
1040.0,-1120.0,57.332524
1080.0,-1120.0,58.305689
1120.0,-1120.0,59.47489
1160.0,-1120.0,60.836813
1200.0,-1120.0,62.386111
1240.0,-1120.0,64.117731
1280.0,-1120.0,66.009171
1320.0,-1120.0,68.006196
1360.0,-1120.0,70.105411
1400.0,-1120.0,72.307554
-1440.0,-1080.0,
-1400.0,-1080.0,
-1360.0,-1080.0,
-1320.0,-1080.0,
-1280.0,-1080.0,
-1240.0,-1080.0,
-1200.0,-1080.0,
-1160.0,-1080.0,
-1120.0,-1080.0,
-1080.0,-1080.0,
-1040.0,-1080.0,
-1000.0,-1080.0,197.186434
-960.0,-1080.0,191.555698
-920.0,-1080.0,186.033506
-880.0,-1080.0,180.619873
-840.0,-1080.0,175.31482
-800.0,-1080.0,170.118263
-760.0,-1080.0,165.0302
-720.0,-1080.0,160.050841
-680.0,-1080.0,155.180239
-640.0,-1080.0,150.418454
-600.0,-1080.0,145.765555
-560.0,-1080.0,141.221617
-520.0,-1080.0,136.78665
-480.0,-1080.0,132.460749
-440.0,-1080.0,128.244085
-400.0,-1080.0,124.136756
-360.0,-1080.0,120.138865
-320.0,-1080.0,116.250518
-280.0,-1080.0,112.471821
-240.0,-1080.0,108.80288
-200.0,-1080.0,105.243799
-160.0,-1080.0,101.794676
-120.0,-1080.0,98.455603
-80.0,-1080.0,95.226659
-40.0,-1080.0,92.10791
0.0,-1080.0,89.099407
40.0,-1080.0,86.20118
80.0,-1080.0,83.413439
120.0,-1080.0,80.73686
160.0,-1080.0,78.17254
200.0,-1080.0,75.72196
240.0,-1080.0,73.387037
280.0,-1080.0,71.170007
320.0,-1080.0,69.073484
360.0,-1080.0,67.100447
400.0,-1080.0,65.254029
440.0,-1080.0,63.537944
480.0,-1080.0,61.955781
520.0,-1080.0,60.511654
560.0,-1080.0,59.209845
600.0,-1080.0,58.054441
640.0,-1080.0,57.050607
680.0,-1080.0,56.202767
720.0,-1080.0,55.516094
760.0,-1080.0,54.995847
800.0,-1080.0,54.646985
840.0,-1080.0,54.475659
880.0,-1080.0,54.486727
920.0,-1080.0,54.686452
960.0,-1080.0,55.081206
1000.0,-1080.0,55.67669
1040.0,-1080.0,56.478882
1080.0,-1080.0,57.486001
1120.0,-1080.0,58.695134
1160.0,-1080.0,60.102886
1200.0,-1080.0,61.703806
1240.0,-1080.0,63.492703
1280.0,-1080.0,65.446788
1320.0,-1080.0,67.510981
1360.0,-1080.0,69.681886
1400.0,-1080.0,71.960114
1440.0,-1080.0,74.346187
-1440.0,-1040.0,
-1400.0,-1040.0,
-1360.0,-1040.0,
-1320.0,-1040.0,
-1280.0,-1040.0,
-1240.0,-1040.0,
-1200.0,-1040.0,
-1160.0,-1040.0,
-1120.0,-1040.0,
-1080.0,-1040.0,
-1040.0,-1040.0,207.813868
-1000.0,-1040.0,201.847427
-960.0,-1040.0,195.993657
-920.0,-1040.0,190.252761
-880.0,-1040.0,184.624744
-840.0,-1040.0,179.109623
-800.0,-1040.0,173.707237
-760.0,-1040.0,168.417717
-720.0,-1040.0,163.241208
-680.0,-1040.0,158.177762
-640.0,-1040.0,153.22744
-600.0,-1040.0,148.390312
-560.0,-1040.0,143.66643
-520.0,-1040.0,139.055783
-480.0,-1040.0,134.558602
-440.0,-1040.0,130.174991
-400.0,-1040.0,125.905059
-360.0,-1040.0,121.748922
-320.0,-1040.0,117.7067
-280.0,-1040.0,113.778515
-240.0,-1040.0,109.964492
-200.0,-1040.0,106.264756
-160.0,-1040.0,102.679426
-120.0,-1040.0,99.208618
-80.0,-1040.0,95.852437
-40.0,-1040.0,92.610977
0.0,-1040.0,89.484314
40.0,-1040.0,86.472508
80.0,-1040.0,83.575811
120.0,-1040.0,80.794949
160.0,-1040.0,78.131096
200.0,-1040.0,75.58581
240.0,-1040.0,73.161112
280.0,-1040.0,70.859339
320.0,-1040.0,68.683225
360.0,-1040.0,66.63586
400.0,-1040.0,64.720498
440.0,-1040.0,62.940988
480.0,-1040.0,61.301018
520.0,-1040.0,59.804831
560.0,-1040.0,58.456807
600.0,-1040.0,57.261235
640.0,-1040.0,56.223188
680.0,-1040.0,55.347253
720.0,-1040.0,54.638705
760.0,-1040.0,54.10286
800.0,-1040.0,53.744739
840.0,-1040.0,53.570576
880.0,-1040.0,53.585313
920.0,-1040.0,53.795154
960.0,-1040.0,54.206579
1000.0,-1040.0,54.82534
1040.0,-1040.0,55.657474
1080.0,-1040.0,56.701079
1120.0,-1040.0,57.953142
1160.0,-1040.0,59.410165
1200.0,-1040.0,61.066594
1240.0,-1040.0,62.917068
1280.0,-1040.0,64.938561
1320.0,-1040.0,67.075111
1360.0,-1040.0,69.323324
1400.0,-1040.0,71.683642
1440.0,-1040.0,74.156986
-1480.0,-1000.0,
-1440.0,-1000.0,
-1400.0,-1000.0,
-1360.0,-1000.0,
-1320.0,-1000.0,
-1280.0,-1000.0,
-1240.0,-1000.0,
-1200.0,-1000.0,
-1160.0,-1000.0,
-1120.0,-1000.0,
-1080.0,-1000.0,219.543337
-1040.0,-1000.0,213.213434
-1000.0,-1000.0,207.000886
-960.0,-1000.0,200.905695
-920.0,-1000.0,194.928071
-880.0,-1000.0,189.068011
-840.0,-1000.0,183.325525
-800.0,-1000.0,177.700379
-760.0,-1000.0,172.192818
-720.0,-1000.0,166.80293
-680.0,-1000.0,161.530764
-640.0,-1000.0,156.376379
-600.0,-1000.0,151.339846
-560.0,-1000.0,146.421123
-520.0,-1000.0,141.62039
-480.0,-1000.0,136.937795
-440.0,-1000.0,132.373448
-400.0,-1000.0,127.927469
-360.0,-1000.0,123.599986
-320.0,-1000.0,119.391134
-280.0,-1000.0,115.301053
-240.0,-1000.0,111.329886
-200.0,-1000.0,107.477779
-160.0,-1000.0,103.744877
-120.0,-1000.0,100.13132
-80.0,-1000.0,96.637242
-40.0,-1000.0,93.262764
0.0,-1000.0,90.007993
40.0,-1000.0,86.873033
80.0,-1000.0,83.858179
120.0,-1000.0,80.964205
160.0,-1000.0,78.192373
200.0,-1000.0,75.544333
240.0,-1000.0,73.02222
280.0,-1000.0,70.628479
320.0,-1000.0,68.365982
360.0,-1000.0,66.23794
400.0,-1000.0,64.247742
440.0,-1000.0,62.399382
480.0,-1000.0,60.696659
520.0,-1000.0,59.143957
560.0,-1000.0,57.745761
600.0,-1000.0,56.506511
640.0,-1000.0,55.431376
680.0,-1000.0,54.524935
720.0,-1000.0,53.792628
760.0,-1000.0,53.239828
800.0,-1000.0,52.871624
840.0,-1000.0,52.694335
880.0,-1000.0,52.712973
920.0,-1000.0,52.933701
960.0,-1000.0,53.363099
1000.0,-1000.0,54.006965
1040.0,-1000.0,54.87139
1080.0,-1000.0,55.954329
1120.0,-1000.0,57.252698
1160.0,-1000.0,58.762874
1200.0,-1000.0,60.479196
1240.0,-1000.0,62.396102
1280.0,-1000.0,64.49038
1320.0,-1000.0,66.705153
1360.0,-1000.0,69.037022
1400.0,-1000.0,71.486219
1440.0,-1000.0,74.054134
1480.0,-1000.0,76.741486
-1520.0,-960.0,
-1480.0,-960.0,
-1440.0,-960.0,
-1400.0,-960.0,
-1360.0,-960.0,
-1320.0,-960.0,
-1280.0,-960.0,
-1240.0,-960.0,
-1200.0,-960.0,
-1160.0,-960.0,
-1120.0,-960.0,232.516989
-1080.0,-960.0,225.791905
-1040.0,-960.0,219.189581
-1000.0,-960.0,212.709764
-960.0,-960.0,206.352392
-920.0,-960.0,200.117695
-880.0,-960.0,194.005661
-840.0,-960.0,188.016287
-800.0,-960.0,182.149277
-760.0,-960.0,176.404965
-720.0,-960.0,170.78339
-680.0,-960.0,165.284597
-640.0,-960.0,159.908641
-600.0,-960.0,154.655549
-560.0,-960.0,149.525311
-520.0,-960.0,144.518167
-480.0,-960.0,139.634222
-440.0,-960.0,134.873594
-400.0,-960.0,130.236413
-360.0,-960.0,125.722817
-320.0,-960.0,121.332957
-280.0,-960.0,117.066989
-240.0,-960.0,112.925077
-200.0,-960.0,108.907389
-160.0,-960.0,105.014059
-120.0,-960.0,101.245295
-80.0,-960.0,97.601269
-40.0,-960.0,94.082134
0.0,-960.0,90.688036
40.0,-960.0,87.419104
80.0,-960.0,84.275689
120.0,-960.0,81.258643
160.0,-960.0,78.369313
200.0,-960.0,75.60945
240.0,-960.0,72.981284
280.0,-960.0,70.487394
320.0,-960.0,68.130812
360.0,-960.0,65.914891
400.0,-960.0,63.843168
440.0,-960.0,61.919788
480.0,-960.0,60.148683
520.0,-960.0,58.534388
560.0,-960.0,57.081506
600.0,-960.0,55.794596
640.0,-960.0,54.679045
680.0,-960.0,53.739327
720.0,-960.0,52.981084
760.0,-960.0,52.409757
800.0,-960.0,52.0305
840.0,-960.0,51.849722
880.0,-960.0,51.872494
920.0,-960.0,52.10496
960.0,-960.0,52.553783
1000.0,-960.0,53.224807
1040.0,-960.0,54.124173
1080.0,-960.0,55.249666
1120.0,-960.0,56.598163
1160.0,-960.0,58.165893
1200.0,-960.0,59.947081
1240.0,-960.0,61.935933
1280.0,-960.0,64.109101
1320.0,-960.0,66.408757
1360.0,-960.0,68.831332
1400.0,-960.0,71.377287
1440.0,-960.0,74.048063
1480.0,-960.0,76.844242
1520.0,-960.0,79.765281
-1520.0,-920.0,
-1480.0,-920.0,
-1440.0,-920.0,
-1400.0,-920.0,
-1360.0,-920.0,
-1320.0,-920.0,
-1280.0,-920.0,
-1240.0,-920.0,
-1200.0,-920.0,
-1160.0,-920.0,246.902439
-1120.0,-920.0,239.746298
-1080.0,-920.0,232.718627
-1040.0,-920.0,225.819353
-1000.0,-920.0,219.048242
-960.0,-920.0,212.405121
-920.0,-920.0,205.890261
-880.0,-920.0,199.503636
-840.0,-920.0,193.245202
-800.0,-920.0,187.114683
-760.0,-920.0,181.112402
-720.0,-920.0,175.238382
-680.0,-920.0,169.492659
-640.0,-920.0,163.875285
-600.0,-920.0,158.386198
-560.0,-920.0,153.025545
-520.0,-920.0,147.793489
-480.0,-920.0,142.690139
-440.0,-920.0,137.715619
-400.0,-920.0,132.870066
-360.0,-920.0,128.153628
-320.0,-920.0,123.566471
-280.0,-920.0,119.108767
-240.0,-920.0,114.780657
-200.0,-920.0,110.582367
-160.0,-920.0,106.514111
-120.0,-920.0,102.576091
-80.0,-920.0,98.768502
-40.0,-920.0,95.091539
0.0,-920.0,91.545382
40.0,-920.0,88.130206
80.0,-920.0,84.846418
120.0,-920.0,81.694947
160.0,-920.0,78.67724
200.0,-920.0,75.795164
240.0,-920.0,73.051125
280.0,-920.0,70.447829
320.0,-920.0,67.988402
360.0,-920.0,65.676388
400.0,-920.0,63.515504
440.0,-920.0,61.510057
480.0,-920.0,59.664131
520.0,-920.0,57.982426
560.0,-920.0,56.469674
600.0,-920.0,55.130578
640.0,-920.0,53.970679
680.0,-920.0,52.994525
720.0,-920.0,52.207822
760.0,-920.0,51.616126
800.0,-920.0,51.224668
840.0,-920.0,51.039947
880.0,-920.0,51.067083
920.0,-920.0,51.312222
960.0,-920.0,51.7821
1000.0,-920.0,52.482603
1040.0,-920.0,53.419916
1080.0,-920.0,54.591625
1120.0,-920.0,55.994602
1160.0,-920.0,57.624905
1200.0,-920.0,59.476634
1240.0,-920.0,61.543724
1280.0,-920.0,63.802755
1320.0,-920.0,66.194907
1360.0,-920.0,68.716289
1400.0,-920.0,71.367952
1440.0,-920.0,74.151053
1480.0,-920.0,77.065669
1520.0,-920.0,80.112094
-1560.0,-880.0,
-1520.0,-880.0,
-1480.0,-880.0,
-1440.0,-880.0,
-1400.0,-880.0,
-1360.0,-880.0,
-1320.0,-880.0,
-1280.0,-880.0,
-1240.0,-880.0,
-1200.0,-880.0,262.898299
-1160.0,-880.0,255.270641
-1120.0,-880.0,247.77728
-1080.0,-880.0,240.418437
-1040.0,-880.0,233.194193
-1000.0,-880.0,226.10435
-960.0,-880.0,219.148572
-920.0,-880.0,212.327192
-880.0,-880.0,205.640163
-840.0,-880.0,199.087406
-800.0,-880.0,192.668649
-760.0,-880.0,186.384198
-720.0,-880.0,180.234061
-680.0,-880.0,174.218264
-640.0,-880.0,168.336847
-600.0,-880.0,162.589666
-560.0,-880.0,156.977005
-520.0,-880.0,151.498958
-480.0,-880.0,146.155635
-440.0,-880.0,140.94716
-400.0,-880.0,135.873677
-360.0,-880.0,130.935343
-320.0,-880.0,126.132334
-280.0,-880.0,121.464768
-240.0,-880.0,116.932931
-200.0,-880.0,112.537039
-160.0,-880.0,108.277316
-120.0,-880.0,104.153994
-80.0,-880.0,100.167306
-40.0,-880.0,96.317485
0.0,-880.0,92.604755
40.0,-880.0,89.029338
80.0,-880.0,85.591705
120.0,-880.0,82.292873
160.0,-880.0,79.134399
200.0,-880.0,76.118283
240.0,-880.0,73.247086
280.0,-880.0,70.523671
320.0,-880.0,67.951407
360.0,-880.0,65.533924
400.0,-880.0,63.275118
440.0,-880.0,61.179509
480.0,-880.0,59.251354
520.0,-880.0,57.495537
560.0,-880.0,55.916935
600.0,-880.0,54.520409
640.0,-880.0,53.311635
680.0,-880.0,52.295345
720.0,-880.0,51.47723
760.0,-880.0,50.863002
800.0,-880.0,50.457972
840.0,-880.0,50.268738
880.0,-880.0,50.300456
920.0,-880.0,50.559304
960.0,-880.0,51.052075
1000.0,-880.0,51.784692
1040.0,-880.0,52.763381
1080.0,-880.0,53.985495
1120.0,-880.0,55.447944
1160.0,-880.0,57.146577
1200.0,-880.0,59.075227
1240.0,-880.0,61.227924
1280.0,-880.0,63.580829
1320.0,-880.0,66.074223
1360.0,-880.0,68.703828
1400.0,-880.0,71.471374
1440.0,-880.0,74.377665
1480.0,-880.0,77.422177
1520.0,-880.0,80.606164
1560.0,-880.0,83.929596
-1560.0,-840.0,
-1520.0,-840.0,
-1480.0,-840.0,
-1440.0,-840.0,
-1400.0,-840.0,
-1360.0,-840.0,
-1320.0,-840.0,
-1280.0,-840.0,
-1240.0,-840.0,
-1200.0,-840.0,272.597361
-1160.0,-840.0,264.591882
-1120.0,-840.0,256.72781
-1080.0,-840.0,249.004924
-1040.0,-840.0,241.423494
-1000.0,-840.0,233.98338
-960.0,-840.0,226.684025
-920.0,-840.0,219.525844
-880.0,-840.0,212.508764
-840.0,-840.0,205.632682
-800.0,-840.0,198.897293
-760.0,-840.0,192.302894
-720.0,-840.0,185.849478
-680.0,-840.0,179.537052
-640.0,-840.0,173.365587
-600.0,-840.0,167.335025
-560.0,-840.0,161.445602
-520.0,-840.0,155.697402
-480.0,-840.0,150.090529
-440.0,-840.0,144.625108
-400.0,-840.0,139.301284
-360.0,-840.0,134.11922
-320.0,-840.0,129.079019
-280.0,-840.0,124.180982
-240.0,-840.0,119.42533
-200.0,-840.0,114.812304
-160.0,-840.0,110.342155
-120.0,-840.0,106.015148
-80.0,-840.0,101.831555
-40.0,-840.0,97.791651
0.0,-840.0,93.895707
40.0,-840.0,90.143996
80.0,-840.0,86.537064
120.0,-840.0,83.076024
160.0,-840.0,79.762556
200.0,-840.0,76.59881
240.0,-840.0,73.587521
280.0,-840.0,70.731727
320.0,-840.0,68.035002
360.0,-840.0,65.501214
400.0,-840.0,63.134418
440.0,-840.0,60.939297
480.0,-840.0,58.920344
520.0,-840.0,57.082647
560.0,-840.0,55.431249
600.0,-840.0,53.971188
640.0,-840.0,52.708298
680.0,-840.0,51.6475
720.0,-840.0,50.794501
760.0,-840.0,50.155176
800.0,-840.0,49.734928
840.0,-840.0,49.540463
880.0,-840.0,49.576961
920.0,-840.0,49.850666
960.0,-840.0,50.368413
1000.0,-840.0,51.136159
1040.0,-840.0,52.160141
1080.0,-840.0,53.437509
1120.0,-840.0,54.965187
1160.0,-840.0,56.738802
1200.0,-840.0,58.751817
1240.0,-840.0,60.998574
1280.0,-840.0,63.454618
1320.0,-840.0,66.059053
1360.0,-840.0,68.808085
1400.0,-840.0,71.703274
1440.0,-840.0,74.744792
1480.0,-840.0,77.932933
1520.0,-840.0,81.268516
1560.0,-840.0,84.75051
-1600.0,-800.0,
-1560.0,-800.0,
-1520.0,-800.0,
-1480.0,-800.0,
-1440.0,-800.0,
-1400.0,-800.0,
-1360.0,-800.0,
-1320.0,-800.0,
-1280.0,-800.0,
-1240.0,-800.0,292.009236
-1200.0,-800.0,283.436718
-1160.0,-800.0,275.013778
-1120.0,-800.0,266.740183
-1080.0,-800.0,258.615174
-1040.0,-800.0,250.639252
-1000.0,-800.0,242.812266
-960.0,-800.0,235.133638
-920.0,-800.0,227.603621
-880.0,-800.0,220.2222
-840.0,-800.0,212.989258
-800.0,-800.0,205.904411
-760.0,-800.0,198.967965
-720.0,-800.0,192.179886
-680.0,-800.0,185.54016
-640.0,-800.0,179.048683
-600.0,-800.0,172.705476
-560.0,-800.0,166.510718
-520.0,-800.0,160.464479
-480.0,-800.0,154.566855
-440.0,-800.0,148.817966
-400.0,-800.0,143.217956
-360.0,-800.0,137.766903
-320.0,-800.0,132.465084
-280.0,-800.0,127.312732
-240.0,-800.0,122.310084
-200.0,-800.0,117.457404
-160.0,-800.0,112.754971
-120.0,-800.0,108.203084
-80.0,-800.0,103.802053
-40.0,-800.0,99.552199
0.0,-800.0,95.453844
40.0,-800.0,91.507319
80.0,-800.0,87.713249
120.0,-800.0,84.072857
160.0,-800.0,80.587961
200.0,-800.0,77.260877
240.0,-800.0,74.094535
280.0,-800.0,71.092172
320.0,-800.0,68.257588
360.0,-800.0,65.594869
400.0,-800.0,63.108357
440.0,-800.0,60.802884
480.0,-800.0,58.683154
520.0,-800.0,56.754515
560.0,-800.0,55.022203
600.0,-800.0,53.491456
640.0,-800.0,52.168289
680.0,-800.0,51.057812
720.0,-800.0,50.165832
760.0,-800.0,49.498351
800.0,-800.0,49.060895
840.0,-800.0,48.860291
880.0,-800.0,48.901735
920.0,-800.0,49.191576
960.0,-800.0,49.736675
1000.0,-800.0,50.543019
1040.0,-800.0,51.616751
1080.0,-800.0,52.95507
1120.0,-800.0,54.554671
1160.0,-800.0,56.41101
1200.0,-800.0,58.517117
1240.0,-800.0,60.867722
1280.0,-800.0,63.437697
1320.0,-800.0,66.164821
1360.0,-800.0,69.046085
1400.0,-800.0,72.082595
1440.0,-800.0,75.273765
1480.0,-800.0,78.621044
1520.0,-800.0,82.123941
1560.0,-800.0,85.782011
1600.0,-800.0,89.595778
-1600.0,-760.0,
-1560.0,-760.0,
-1520.0,-760.0,
-1480.0,-760.0,
-1440.0,-760.0,
-1400.0,-760.0,
-1360.0,-760.0,
-1320.0,-760.0,
-1280.0,-760.0,313.850122
-1240.0,-760.0,304.647531
-1200.0,-760.0,295.602999
-1160.0,-760.0,286.716274
-1120.0,-760.0,277.987594
-1080.0,-760.0,269.416226
-1040.0,-760.0,261.002266
-1000.0,-760.0,252.745743
-960.0,-760.0,244.646159
-920.0,-760.0,236.703452
-880.0,-760.0,228.917717
-840.0,-760.0,221.288827
-800.0,-760.0,213.816289
-760.0,-760.0,206.500411
-720.0,-760.0,199.341132
-680.0,-760.0,192.338406
-640.0,-760.0,185.492061
-600.0,-760.0,178.802164
-560.0,-760.0,172.26884
-520.0,-760.0,165.892143
-480.0,-760.0,159.672152
-440.0,-760.0,153.608974
-400.0,-760.0,147.702684
-360.0,-760.0,141.953462
-320.0,-760.0,136.36156
-280.0,-760.0,130.927203
-240.0,-760.0,125.650644
-200.0,-760.0,120.532164
-160.0,-760.0,115.572069
-120.0,-760.0,110.770692
-80.0,-760.0,106.128383
-40.0,-760.0,101.64551
0.0,-760.0,97.32245
40.0,-760.0,93.159596
80.0,-760.0,89.15766
120.0,-760.0,85.317987
160.0,-760.0,81.64255
200.0,-760.0,78.133854
240.0,-760.0,74.795039
280.0,-760.0,71.629571
320.0,-760.0,68.641505
360.0,-760.0,65.83517
400.0,-760.0,63.21517
440.0,-760.0,60.786669
480.0,-760.0,58.554463
520.0,-760.0,56.52424
560.0,-760.0,54.701458
600.0,-760.0,53.091586
640.0,-760.0,51.700852
680.0,-760.0,50.53455
720.0,-760.0,49.598704
760.0,-760.0,48.89939
800.0,-760.0,48.442304
840.0,-760.0,48.234413
880.0,-760.0,48.280917
920.0,-760.0,48.588324
960.0,-760.0,49.163504
1000.0,-760.0,50.01247
1040.0,-760.0,51.141225
1080.0,-760.0,52.547079
1120.0,-760.0,54.226442
1160.0,-760.0,56.174399
1200.0,-760.0,58.384025
1240.0,-760.0,60.849966
1280.0,-760.0,63.54625
1320.0,-760.0,66.410089
1360.0,-760.0,69.438523
1400.0,-760.0,72.631666
1440.0,-760.0,75.990153
1480.0,-760.0,79.514524
1520.0,-760.0,83.203398
1560.0,-760.0,87.057757
1600.0,-760.0,91.075895
-1640.0,-720.0,
-1600.0,-720.0,
-1560.0,-720.0,
-1520.0,-720.0,
-1480.0,-720.0,
-1440.0,-720.0,
-1400.0,-720.0,
-1360.0,-720.0,
-1320.0,-720.0,
-1280.0,-720.0,328.639129
-1240.0,-720.0,318.89846
-1200.0,-720.0,309.326193
-1160.0,-720.0,299.921105
-1120.0,-720.0,290.683786
-1080.0,-720.0,281.613787
-1040.0,-720.0,272.710503
-1000.0,-720.0,263.974246
-960.0,-720.0,255.404622
-920.0,-720.0,247.001167
-880.0,-720.0,238.764112
-840.0,-720.0,230.693282
-800.0,-720.0,222.788172
-760.0,-720.0,215.048949
-720.0,-720.0,207.475566
-680.0,-720.0,200.067938
-640.0,-720.0,192.825821
-600.0,-720.0,185.749297
-560.0,-720.0,178.838443
-520.0,-720.0,172.093283
-480.0,-720.0,165.513871
-440.0,-720.0,159.100284
-400.0,-720.0,152.852538
-360.0,-720.0,146.770915
-320.0,-720.0,140.855604
-280.0,-720.0,135.106832
-240.0,-720.0,129.524859
-200.0,-720.0,124.109983
-160.0,-720.0,118.862534
-120.0,-720.0,113.782874
-80.0,-720.0,108.871393
-40.0,-720.0,104.128508
0.0,-720.0,99.554652
40.0,-720.0,95.150287
80.0,-720.0,90.916219
120.0,-720.0,86.853927
160.0,-720.0,82.965558
200.0,-720.0,79.253828
240.0,-720.0,75.722112
280.0,-720.0,72.374135
320.0,-720.0,69.214232
360.0,-720.0,66.247011
400.0,-720.0,63.47737
440.0,-720.0,60.910769
480.0,-720.0,58.552336
520.0,-720.0,56.407936
560.0,-720.0,54.48335
600.0,-720.0,52.784321
640.0,-720.0,51.317325
680.0,-720.0,50.087881
720.0,-720.0,49.102254
760.0,-720.0,48.366655
800.0,-720.0,47.886972
840.0,-720.0,47.670326
880.0,-720.0,47.721934
920.0,-720.0,48.048514
960.0,-720.0,48.65693
1000.0,-720.0,49.553222
1040.0,-720.0,50.743199
1080.0,-720.0,52.22435
1120.0,-720.0,53.992739
1160.0,-720.0,56.04288
1200.0,-720.0,58.368316
1240.0,-720.0,60.963191
1280.0,-720.0,63.800487
1320.0,-720.0,66.817566
1360.0,-720.0,70.010554
1400.0,-720.0,73.379385
1440.0,-720.0,76.925298
1480.0,-720.0,80.647045
1520.0,-720.0,84.545059
1560.0,-720.0,88.618222
1600.0,-720.0,92.865715
1640.0,-720.0,97.286877
-1640.0,-680.0,
-1600.0,-680.0,
-1560.0,-680.0,
-1520.0,-680.0,
-1480.0,-680.0,
-1440.0,-680.0,
-1400.0,-680.0,
-1360.0,-680.0,
-1320.0,-680.0,355.931437
-1280.0,-680.0,345.405957
-1240.0,-680.0,335.059666
-1200.0,-680.0,324.892763
-1160.0,-680.0,314.904782
-1120.0,-680.0,305.095127
-1080.0,-680.0,295.464056
-1040.0,-680.0,286.010597
-1000.0,-680.0,276.734917
-960.0,-680.0,267.636871
-920.0,-680.0,258.715615
-880.0,-680.0,249.971422
-840.0,-680.0,241.404092
-800.0,-680.0,233.013125
-760.0,-680.0,224.798475
-720.0,-680.0,216.760126
-680.0,-680.0,208.897937
-640.0,-680.0,201.211595
-600.0,-680.0,193.701157
-560.0,-680.0,186.366649
-520.0,-680.0,179.208057
-480.0,-680.0,172.225397
-440.0,-680.0,165.418654
-400.0,-680.0,158.787932
-360.0,-680.0,152.333438
-320.0,-680.0,146.055349
-280.0,-680.0,139.953883
-240.0,-680.0,134.029302
-200.0,-680.0,128.281911
-160.0,-680.0,122.712059
-120.0,-680.0,117.320133
-80.0,-680.0,112.106563
-40.0,-680.0,107.071811
0.0,-680.0,102.21637
40.0,-680.0,97.540771
80.0,-680.0,93.045924
120.0,-680.0,88.733457
160.0,-680.0,84.605708
200.0,-680.0,80.665629
240.0,-680.0,76.916859
280.0,-680.0,73.363411
320.0,-680.0,70.009938
360.0,-680.0,66.861357
400.0,-680.0,63.922903
440.0,-680.0,61.200363
480.0,-680.0,58.699252
520.0,-680.0,56.425649
560.0,-680.0,54.38571
600.0,-680.0,52.585494
640.0,-680.0,51.031784
680.0,-680.0,49.730366
720.0,-680.0,48.687787
760.0,-680.0,47.910467
800.0,-680.0,47.404519
840.0,-680.0,47.177248
880.0,-680.0,47.233893
920.0,-680.0,47.581463
960.0,-680.0,48.226796
1000.0,-680.0,49.175855
1040.0,-680.0,50.434512
1080.0,-680.0,52.000194
1120.0,-680.0,53.868537
1160.0,-680.0,56.033725
1200.0,-680.0,58.489518
1240.0,-680.0,61.229135
1280.0,-680.0,64.225648
1320.0,-680.0,67.415449
1360.0,-680.0,70.793393
1400.0,-680.0,74.360903
1440.0,-680.0,78.117316
1480.0,-680.0,82.062317
1520.0,-680.0,86.195367
1560.0,-680.0,90.514885
1600.0,-680.0,95.020544
1640.0,-680.0,99.710014
-1680.0,-640.0,
-1640.0,-640.0,
-1600.0,-640.0,
-1560.0,-640.0,
-1520.0,-640.0,
-1480.0,-640.0,
-1440.0,-640.0,
-1400.0,-640.0,
-1360.0,-640.0,
-1320.0,-640.0,375.767199
-1280.0,-640.0,364.540846
-1240.0,-640.0,353.507676
-1200.0,-640.0,342.666006
-1160.0,-640.0,332.016566
-1120.0,-640.0,321.558097
-1080.0,-640.0,311.290692
-1040.0,-640.0,301.213927
-1000.0,-640.0,291.327041
-960.0,-640.0,281.630236
-920.0,-640.0,272.122796
-880.0,-640.0,262.804437
-840.0,-640.0,253.675129
-800.0,-640.0,244.734381
-760.0,-640.0,235.981857
-720.0,-640.0,227.417586
-680.0,-640.0,219.041353
-640.0,-640.0,210.852772
-600.0,-640.0,202.851824
-560.0,-640.0,195.038489
-520.0,-640.0,187.412694
-480.0,-640.0,179.974404
-440.0,-640.0,172.723498
-400.0,-640.0,165.660146
-360.0,-640.0,158.784471
-320.0,-640.0,152.096622
-280.0,-640.0,145.596797
-240.0,-640.0,139.285248
-200.0,-640.0,133.162277
-160.0,-640.0,127.228242
-120.0,-640.0,121.483553
-80.0,-640.0,115.928667
-40.0,-640.0,110.564091
0.0,-640.0,105.390374
40.0,-640.0,100.408131
80.0,-640.0,95.618374
120.0,-640.0,91.022889
160.0,-640.0,86.62423
200.0,-640.0,82.425611
240.0,-640.0,78.430966
280.0,-640.0,74.644631
320.0,-640.0,71.071615
360.0,-640.0,67.717186
400.0,-640.0,64.586955
440.0,-640.0,61.687089
480.0,-640.0,59.023485
520.0,-640.0,56.602637
560.0,-640.0,54.430996
600.0,-640.0,52.515046
640.0,-640.0,50.861936
680.0,-640.0,49.477794
720.0,-640.0,48.369489
760.0,-640.0,47.543753
800.0,-640.0,47.006968
840.0,-640.0,46.766671
880.0,-640.0,46.828137
920.0,-640.0,47.19876
960.0,-640.0,47.885344
1000.0,-640.0,48.893609
1040.0,-640.0,50.229917
1080.0,-640.0,51.891229
1120.0,-640.0,53.872477
1160.0,-640.0,56.168426
1200.0,-640.0,58.772096
1240.0,-640.0,61.675762
1280.0,-640.0,64.853213
1320.0,-640.0,68.238385
1360.0,-640.0,71.827224
1400.0,-640.0,75.6199
1440.0,-640.0,79.615479
1480.0,-640.0,83.813888
1520.0,-640.0,88.212886
1560.0,-640.0,92.81228
1600.0,-640.0,97.609204
1640.0,-640.0,102.603282
1680.0,-640.0,107.791707
-1680.0,-600.0,
-1640.0,-600.0,
-1600.0,-600.0,
-1560.0,-600.0,
-1520.0,-600.0,
-1480.0,-600.0,
-1440.0,-600.0,
-1400.0,-600.0,
-1360.0,-600.0,410.811944
-1320.0,-600.0,398.574705
-1280.0,-600.0,386.546246
-1240.0,-600.0,374.725265
-1200.0,-600.0,363.111861
-1160.0,-600.0,351.70481
-1120.0,-600.0,340.504367
-1080.0,-600.0,329.509073
-1040.0,-600.0,318.719353
-1000.0,-600.0,308.134047
-960.0,-600.0,297.753037
-920.0,-600.0,287.576005
-880.0,-600.0,277.601966
-840.0,-600.0,267.831092
-800.0,-600.0,258.262914
-760.0,-600.0,248.896704
-720.0,-600.0,239.732549
-680.0,-600.0,230.770135
-640.0,-600.0,222.009
-600.0,-600.0,213.448986
-560.0,-600.0,205.090022
-520.0,-600.0,196.931956
-480.0,-600.0,188.974664
-440.0,-600.0,181.21795
-400.0,-600.0,173.661967
-360.0,-600.0,166.306761
-320.0,-600.0,159.152433
-280.0,-600.0,152.199144
-240.0,-600.0,145.447116
-200.0,-600.0,138.896637
-160.0,-600.0,132.548058
-120.0,-600.0,126.401766
-80.0,-600.0,120.458282
-40.0,-600.0,114.718152
0.0,-600.0,109.181978
40.0,-600.0,103.850436
80.0,-600.0,98.724659
120.0,-600.0,93.806618
160.0,-600.0,89.099095
200.0,-600.0,84.605563
240.0,-600.0,80.3303
280.0,-600.0,76.278007
320.0,-600.0,72.454094
360.0,-600.0,68.864224
400.0,-600.0,65.514437
440.0,-600.0,62.411333
480.0,-600.0,59.561243
520.0,-600.0,56.971163
560.0,-600.0,54.6479
600.0,-600.0,52.598444
640.0,-600.0,50.830397
680.0,-600.0,49.350309
720.0,-600.0,48.165443
760.0,-600.0,47.282967
800.0,-600.0,46.709595
840.0,-600.0,46.453109
880.0,-600.0,46.519029
920.0,-600.0,46.91507
960.0,-600.0,47.648054
1000.0,-600.0,48.723406
1040.0,-600.0,50.148092
1080.0,-600.0,51.918317
1120.0,-600.0,54.028765
1160.0,-600.0,56.474301
1200.0,-600.0,59.24648
1240.0,-600.0,62.338675
1280.0,-600.0,65.722795
1320.0,-600.0,69.332051
1360.0,-600.0,73.162355
1400.0,-600.0,77.212333
1440.0,-600.0,81.482251
1480.0,-600.0,85.969341
1520.0,-600.0,90.673306
1560.0,-600.0,95.590872
1600.0,-600.0,100.721163
1640.0,-600.0,106.061273
1680.0,-600.0,111.609469
-1680.0,-560.0,
-1640.0,-560.0,
-1600.0,-560.0,
-1560.0,-560.0,
-1520.0,-560.0,
-1480.0,-560.0,
-1440.0,-560.0,
-1400.0,-560.0,
-1360.0,-560.0,438.220873
-1320.0,-560.0,425.036365
-1280.0,-560.0,412.078003
-1240.0,-560.0,399.345788
-1200.0,-560.0,386.838545
-1160.0,-560.0,374.555837
-1120.0,-560.0,362.496764
-1080.0,-560.0,350.660901
-1040.0,-560.0,339.047238
-1000.0,-560.0,327.655686
-960.0,-560.0,316.484872
-920.0,-560.0,305.534963
-880.0,-560.0,294.804923
-840.0,-560.0,284.294333
-800.0,-560.0,274.002914
-760.0,-560.0,263.929762
-720.0,-560.0,254.074691
-680.0,-560.0,244.437373
-640.0,-560.0,235.017253
-600.0,-560.0,225.813957
-560.0,-560.0,216.827358
-520.0,-560.0,208.057189
-480.0,-560.0,199.503195
-440.0,-560.0,191.165128
-400.0,-560.0,183.043034
-360.0,-560.0,175.136876
-320.0,-560.0,167.446682
-280.0,-560.0,159.972548
-240.0,-560.0,152.714647
-200.0,-560.0,145.673209
-160.0,-560.0,138.848549
-120.0,-560.0,132.241112
-80.0,-560.0,125.851388
-40.0,-560.0,119.679946
0.0,-560.0,113.727432
40.0,-560.0,107.994588
80.0,-560.0,102.482663
120.0,-560.0,97.193817
160.0,-560.0,92.131089
200.0,-560.0,87.298304
240.0,-560.0,82.700067
280.0,-560.0,78.341456
320.0,-560.0,74.228353
360.0,-560.0,70.36687
400.0,-560.0,66.763532
440.0,-560.0,63.42544
480.0,-560.0,60.359431
520.0,-560.0,57.573078
560.0,-560.0,55.073652
600.0,-560.0,52.868743
640.0,-560.0,50.966512
680.0,-560.0,49.374049
720.0,-560.0,48.099095
760.0,-560.0,47.149426
800.0,-560.0,46.532172
840.0,-560.0,46.255338
880.0,-560.0,46.3251
920.0,-560.0,46.749287
960.0,-560.0,47.534502
1000.0,-560.0,48.686897
1040.0,-560.0,50.213101
1080.0,-560.0,52.108406
1120.0,-560.0,54.368296
1160.0,-560.0,56.986144
1200.0,-560.0,59.953565
1240.0,-560.0,63.263456
1280.0,-560.0,66.886094
1320.0,-560.0,70.754947
1360.0,-560.0,74.863291
1400.0,-560.0,79.211612
1440.0,-560.0,83.796785
1480.0,-560.0,88.61812
1520.0,-560.0,93.672092
1560.0,-560.0,98.956914
1600.0,-560.0,104.469781
1640.0,-560.0,110.207569
1680.0,-560.0,116.168982
-1720.0,-520.0,
-1680.0,-520.0,
-1640.0,-520.0,
-1600.0,-520.0,
-1560.0,-520.0,
-1520.0,-520.0,
-1480.0,-520.0,
-1440.0,-520.0,
-1400.0,-520.0,484.905886
-1360.0,-520.0,470.359391
-1320.0,-520.0,456.062071
-1280.0,-520.0,442.013847
-1240.0,-520.0,428.212751
-1200.0,-520.0,414.658605
-1160.0,-520.0,401.350135
-1120.0,-520.0,388.28646
-1080.0,-520.0,375.466828
-1040.0,-520.0,362.890187
-1000.0,-520.0,350.555841
-960.0,-520.0,338.462968
-920.0,-520.0,326.610605
-880.0,-520.0,314.99842
-840.0,-520.0,303.624995
-800.0,-520.0,292.490279
-760.0,-520.0,281.593362
-720.0,-520.0,270.933466
-680.0,-520.0,260.510303
-640.0,-520.0,250.32321
-600.0,-520.0,240.371492
-560.0,-520.0,230.654948
-520.0,-520.0,221.173159
-480.0,-520.0,211.9257
-440.0,-520.0,202.912209
-400.0,-520.0,194.132597
-360.0,-520.0,185.586702
-320.0,-520.0,177.274441
-280.0,-520.0,169.195812
-240.0,-520.0,161.350884
-200.0,-520.0,153.739802
-160.0,-520.0,146.362892
-120.0,-520.0,139.220523
-80.0,-520.0,132.313167
-40.0,-520.0,125.641395
0.0,-520.0,119.20588
40.0,-520.0,113.007419
80.0,-520.0,107.047371
120.0,-520.0,101.328097
160.0,-520.0,95.852913
200.0,-520.0,90.625994
240.0,-520.0,85.65237
280.0,-520.0,80.937545
320.0,-520.0,76.487859
360.0,-520.0,72.309958
400.0,-520.0,68.410923
440.0,-520.0,64.798431
480.0,-520.0,61.479919
520.0,-520.0,58.463622
560.0,-520.0,55.757419
600.0,-520.0,53.369616
640.0,-520.0,51.309074
680.0,-520.0,49.583508
720.0,-520.0,48.201443
760.0,-520.0,47.171297
800.0,-520.0,46.500801
840.0,-520.0,46.198263
880.0,-520.0,46.270754
920.0,-520.0,46.726237
960.0,-520.0,47.571153
1000.0,-520.0,48.812518
1040.0,-520.0,50.456043
1080.0,-520.0,52.497458
1120.0,-520.0,54.931454
1160.0,-520.0,57.750356
1200.0,-520.0,60.946293
1240.0,-520.0,64.50961
1280.0,-520.0,68.411945
1320.0,-520.0,72.582619
1360.0,-520.0,77.017017
1400.0,-520.0,81.7119
1440.0,-520.0,86.665843
1480.0,-520.0,91.875249
1520.0,-520.0,97.33691
1560.0,-520.0,103.048341
1600.0,-520.0,109.004403
1640.0,-520.0,115.203674
1680.0,-520.0,121.642609
1720.0,-520.0,128.31734
-1720.0,-480.0,
-1680.0,-480.0,
-1640.0,-480.0,
-1600.0,-480.0,
-1560.0,-480.0,
-1520.0,-480.0,
-1480.0,-480.0,
-1440.0,-480.0,
-1400.0,-480.0,524.42252
-1360.0,-480.0,508.523173
-1320.0,-480.0,492.900284
-1280.0,-480.0,477.553211
-1240.0,-480.0,462.480969
-1200.0,-480.0,447.681224
-1160.0,-480.0,433.153784
-1120.0,-480.0,418.896982
-1080.0,-480.0,404.909594
-1040.0,-480.0,391.190785
-1000.0,-480.0,377.738928
-960.0,-480.0,364.553465
-920.0,-480.0,351.632854
-880.0,-480.0,338.976406
-840.0,-480.0,326.583001
-800.0,-480.0,314.451563
-760.0,-480.0,302.581539
-720.0,-480.0,290.971501
-680.0,-480.0,279.621056
-640.0,-480.0,268.529432
-600.0,-480.0,257.695508
-560.0,-480.0,247.118948
-520.0,-480.0,236.799124
-480.0,-480.0,226.735397
-440.0,-480.0,216.927197
-400.0,-480.0,207.374255
-360.0,-480.0,198.07623
-320.0,-480.0,189.032871
-280.0,-480.0,180.244021
-240.0,-480.0,171.709558
-200.0,-480.0,163.429605
-160.0,-480.0,155.404338
-120.0,-480.0,147.634046
-80.0,-480.0,140.119141
-40.0,-480.0,132.860165
0.0,-480.0,125.857786
40.0,-480.0,119.11283
80.0,-480.0,112.626757
120.0,-480.0,106.402132
160.0,-480.0,100.442564
200.0,-480.0,94.752608
240.0,-480.0,89.337731
280.0,-480.0,84.203961
320.0,-480.0,79.358125
360.0,-480.0,74.80745
400.0,-480.0,70.559663
440.0,-480.0,66.623111
480.0,-480.0,63.005939
520.0,-480.0,59.71716
560.0,-480.0,56.765436
600.0,-480.0,54.15994
640.0,-480.0,51.910415
680.0,-480.0,50.025339
720.0,-480.0,48.514347
760.0,-480.0,47.386624
800.0,-480.0,46.650524
840.0,-480.0,46.315384
880.0,-480.0,46.388882
920.0,-480.0,46.878921
960.0,-480.0,47.793207
1000.0,-480.0,49.138217
1040.0,-480.0,50.919542
1080.0,-480.0,53.133305
1120.0,-480.0,55.772112
1160.0,-480.0,58.829604
1200.0,-480.0,62.294494
1240.0,-480.0,66.158963
1280.0,-480.0,70.39038
1320.0,-480.0,74.919294
1360.0,-480.0,79.737444
1400.0,-480.0,84.842274
1440.0,-480.0,90.230343
1480.0,-480.0,95.896361
1520.0,-480.0,101.837434
1560.0,-480.0,108.048532
1600.0,-480.0,114.525176
1640.0,-480.0,121.264447
1680.0,-480.0,128.262227
1720.0,-480.0,135.514222
-1720.0,-440.0,
-1680.0,-440.0,
-1640.0,-440.0,
-1600.0,-440.0,
-1560.0,-440.0,
-1520.0,-440.0,
-1480.0,-440.0,
-1440.0,-440.0,
-1400.0,-440.0,572.086368
-1360.0,-440.0,554.542582
-1320.0,-440.0,537.310215
-1280.0,-440.0,520.387728
-1240.0,-440.0,503.773816
-1200.0,-440.0,487.46652
-1160.0,-440.0,471.463622
-1120.0,-440.0,455.76435
-1080.0,-440.0,440.366496
-1040.0,-440.0,425.268602
-1000.0,-440.0,410.469436
-960.0,-440.0,395.966846
-920.0,-440.0,381.760164
-880.0,-440.0,367.84713
-840.0,-440.0,354.227138
-800.0,-440.0,340.898248
-760.0,-440.0,327.859574
-720.0,-440.0,315.109769
-680.0,-440.0,302.647487
-640.0,-440.0,290.471927
-600.0,-440.0,278.58174
-560.0,-440.0,266.976011
-520.0,-440.0,255.653938
-480.0,-440.0,244.61459
-440.0,-440.0,233.857057
-400.0,-440.0,223.380823
-360.0,-440.0,213.18528
-320.0,-440.0,203.269924
-280.0,-440.0,193.634329
-240.0,-440.0,184.278206
-200.0,-440.0,175.201472
-160.0,-440.0,166.40412
-120.0,-440.0,157.886289
-80.0,-440.0,149.648273
-40.0,-440.0,141.690522
0.0,-440.0,134.013653
40.0,-440.0,126.618477
80.0,-440.0,119.506528
120.0,-440.0,112.680566
160.0,-440.0,106.144504
200.0,-440.0,99.903296
240.0,-440.0,93.962883
280.0,-440.0,88.329822
320.0,-440.0,83.011584
360.0,-440.0,78.015953
400.0,-440.0,73.35142
440.0,-440.0,69.027119
480.0,-440.0,65.052037
520.0,-440.0,61.436107
560.0,-440.0,58.189
600.0,-440.0,55.320948
640.0,-440.0,52.842811
680.0,-440.0,50.764038
720.0,-440.0,49.09573
760.0,-440.0,47.848078
800.0,-440.0,47.030185
840.0,-440.0,46.653063
880.0,-440.0,46.724688
920.0,-440.0,47.253875
960.0,-440.0,48.249161
1000.0,-440.0,49.716155
1040.0,-440.0,51.662091
1080.0,-440.0,54.080555
1120.0,-440.0,56.965883
1160.0,-440.0,60.307864
1200.0,-440.0,64.09687
1240.0,-440.0,68.320953
1280.0,-440.0,72.948149
1320.0,-440.0,77.905374
1360.0,-440.0,83.183181
1400.0,-440.0,88.777967
1440.0,-440.0,94.683432
1480.0,-440.0,100.894171
1520.0,-440.0,107.405215
1560.0,-440.0,114.210486
1600.0,-440.0,121.30444
1640.0,-440.0,128.683287
1680.0,-440.0,136.342686
1720.0,-440.0,144.278065
-1720.0,-400.0,
-1680.0,-400.0,
-1640.0,-400.0,
-1600.0,-400.0,
-1560.0,-400.0,
-1520.0,-400.0,
-1480.0,-400.0,
-1440.0,-400.0,650.636334
-1400.0,-400.0,630.686279
-1360.0,-400.0,611.095816
-1320.0,-400.0,591.86262
-1280.0,-400.0,572.984468
-1240.0,-400.0,554.458946
-1200.0,-400.0,536.283676
-1160.0,-400.0,518.455473
-1120.0,-400.0,500.972862
-1080.0,-400.0,483.833661
-1040.0,-400.0,467.034919
-1000.0,-400.0,450.575036
-960.0,-400.0,434.45195
-920.0,-400.0,418.663003
-880.0,-400.0,403.207029
-840.0,-400.0,388.081148
-800.0,-400.0,373.284397
-760.0,-400.0,358.814082
-720.0,-400.0,344.669191
-680.0,-400.0,330.847464
-640.0,-400.0,317.347608
-600.0,-400.0,304.168055
-560.0,-400.0,291.307058
-520.0,-400.0,278.763536
-480.0,-400.0,266.53614
-440.0,-400.0,254.623429
-400.0,-400.0,243.024523
-360.0,-400.0,231.738411
-320.0,-400.0,220.764205
-280.0,-400.0,210.101078
-240.0,-400.0,199.748463
-200.0,-400.0,189.705933
-160.0,-400.0,179.973192
-120.0,-400.0,170.550124
-80.0,-400.0,161.436799
-40.0,-400.0,152.633487
0.0,-400.0,144.140663
40.0,-400.0,135.959054
80.0,-400.0,128.090209
120.0,-400.0,120.537058
160.0,-400.0,113.303805
200.0,-400.0,106.395816
240.0,-400.0,99.819526
280.0,-400.0,93.582056
320.0,-400.0,87.691574
360.0,-400.0,82.156502
400.0,-400.0,76.986204
440.0,-400.0,72.190735
480.0,-400.0,67.780093
520.0,-400.0,63.765311
560.0,-400.0,60.157354
600.0,-400.0,56.967764
640.0,-400.0,54.208733
680.0,-400.0,51.891217
720.0,-400.0,50.027993
760.0,-400.0,48.630356
800.0,-400.0,47.709363
840.0,-400.0,47.277308
880.0,-400.0,47.342745
920.0,-400.0,47.916729
960.0,-400.0,49.006913
1000.0,-400.0,50.621302
1040.0,-400.0,52.764872
1080.0,-400.0,55.433064
1120.0,-400.0,58.616675
1160.0,-400.0,62.306659
1200.0,-400.0,66.489627
1240.0,-400.0,71.152773
1280.0,-400.0,76.261733
1320.0,-400.0,81.739761
1360.0,-400.0,87.576439
1400.0,-400.0,93.765222
1440.0,-400.0,100.29787
1480.0,-400.0,107.166783
1520.0,-400.0,114.36534
1560.0,-400.0,121.886684
1600.0,-400.0,129.724099
1640.0,-400.0,137.871439
1680.0,-400.0,146.324469
1720.0,-400.0,155.078638
-1760.0,-360.0,
-1720.0,-360.0,
-1680.0,-360.0,
-1640.0,-360.0,
-1600.0,-360.0,
-1560.0,-360.0,
-1520.0,-360.0,
-1480.0,-360.0,
-1440.0,-360.0,727.133172
-1400.0,-360.0,704.494214
-1360.0,-360.0,682.278842
-1320.0,-360.0,660.483356
-1280.0,-360.0,639.104134
-1240.0,-360.0,618.137618
-1200.0,-360.0,597.579893
-1160.0,-360.0,577.427751
-1120.0,-360.0,557.678068
-1080.0,-360.0,538.327573
-1040.0,-360.0,519.372807
-1000.0,-360.0,500.810317
-960.0,-360.0,482.637668
-920.0,-360.0,464.851571
-880.0,-360.0,447.448827
-840.0,-360.0,430.427228
-800.0,-360.0,413.783226
-760.0,-360.0,397.514891
-720.0,-360.0,381.619035
-680.0,-360.0,366.093699
-640.0,-360.0,350.935909
-600.0,-360.0,336.143885
-560.0,-360.0,321.715033
-520.0,-360.0,307.64742
-480.0,-360.0,293.939141
-440.0,-360.0,280.588069
-400.0,-360.0,267.592612
-360.0,-360.0,254.951181
-320.0,-360.0,242.662285
-280.0,-360.0,230.724493
-240.0,-360.0,219.136742
-200.0,-360.0,207.898073
-160.0,-360.0,197.007715
-120.0,-360.0,186.465113
-80.0,-360.0,176.269948
-40.0,-360.0,166.422148
0.0,-360.0,156.921903
40.0,-360.0,147.769723
80.0,-360.0,138.967068
120.0,-360.0,130.516967
160.0,-360.0,122.423876
200.0,-360.0,114.693549
240.0,-360.0,107.332911
280.0,-360.0,100.349668
320.0,-360.0,93.752701
360.0,-360.0,87.551229
400.0,-360.0,81.755544
440.0,-360.0,76.376809
480.0,-360.0,71.426248
520.0,-360.0,66.916216
560.0,-360.0,62.859343
600.0,-360.0,59.2688
640.0,-360.0,56.158344
680.0,-360.0,53.541287
720.0,-360.0,51.432124
760.0,-360.0,49.843912
800.0,-360.0,48.790426
840.0,-360.0,48.284713
880.0,-360.0,48.338617
920.0,-360.0,48.962912
960.0,-360.0,50.168292
1000.0,-360.0,51.961199
1040.0,-360.0,54.349021
1080.0,-360.0,57.324545
1120.0,-360.0,60.878925
1160.0,-360.0,65.000562
1200.0,-360.0,69.672868
1240.0,-360.0,74.881308
1280.0,-360.0,80.587614
1320.0,-360.0,86.711712
1360.0,-360.0,93.239514
1400.0,-360.0,100.161428
1440.0,-360.0,107.467063
1480.0,-360.0,115.14618
1520.0,-360.0,123.188557
1560.0,-360.0,131.586608
1600.0,-360.0,140.332734
1640.0,-360.0,149.420227
1680.0,-360.0,158.843193
1720.0,-360.0,168.59645
1760.0,-360.0,178.675425
-1760.0,-320.0,
-1720.0,-320.0,
-1680.0,-320.0,
-1640.0,-320.0,
-1600.0,-320.0,
-1560.0,-320.0,
-1520.0,-320.0,
-1480.0,-320.0,
-1440.0,-320.0,826.68443
-1400.0,-320.0,800.44577
-1360.0,-320.0,774.723517
-1320.0,-320.0,749.511841
-1280.0,-320.0,724.805059
-1240.0,-320.0,700.597626
-1200.0,-320.0,676.884136
-1160.0,-320.0,653.659311
-1120.0,-320.0,630.918
-1080.0,-320.0,608.655174
-1040.0,-320.0,586.865469
-1000.0,-320.0,565.544395
-960.0,-320.0,544.687445
-920.0,-320.0,524.290069
-880.0,-320.0,504.347282
-840.0,-320.0,484.855158
-800.0,-320.0,465.809712
-760.0,-320.0,447.206146
-720.0,-320.0,429.041249
-680.0,-320.0,411.310723
-640.0,-320.0,394.011184
-600.0,-320.0,377.13881
-560.0,-320.0,360.690501
-520.0,-320.0,344.662578
-480.0,-320.0,329.052297
-440.0,-320.0,313.856506
-400.0,-320.0,299.07236
-360.0,-320.0,284.697357
-320.0,-320.0,270.72902
-280.0,-320.0,257.164957
-240.0,-320.0,244.003229
-200.0,-320.0,231.242018
-160.0,-320.0,218.879748
-120.0,-320.0,206.915113
-80.0,-320.0,195.347103
-40.0,-320.0,184.175028
0.0,-320.0,173.398529
40.0,-320.0,163.017659
80.0,-320.0,153.033592
120.0,-320.0,143.449303
160.0,-320.0,134.269385
200.0,-320.0,125.499892
240.0,-320.0,117.148183
280.0,-320.0,109.222524
320.0,-320.0,101.732533
360.0,-320.0,94.688298
400.0,-320.0,88.101195
440.0,-320.0,81.983688
480.0,-320.0,76.348461
520.0,-320.0,71.209556
560.0,-320.0,66.581663
600.0,-320.0,62.479882
640.0,-320.0,58.920374
680.0,-320.0,55.919148
720.0,-320.0,53.492584
760.0,-320.0,51.657575
800.0,-320.0,50.429279
840.0,-320.0,49.824873
880.0,-320.0,49.857006
920.0,-320.0,50.54042
960.0,-320.0,51.885615
1000.0,-320.0,53.901959
1040.0,-320.0,56.596168
1080.0,-320.0,59.960162
1120.0,-320.0,63.984187
1160.0,-320.0,68.653485
1200.0,-320.0,73.948278
1240.0,-320.0,79.849082
1280.0,-320.0,86.313044
1320.0,-320.0,93.25576
1360.0,-320.0,100.658147
1400.0,-320.0,108.505063
1440.0,-320.0,116.782543
1480.0,-320.0,125.477528
1520.0,-320.0,134.578071
1560.0,-320.0,144.073703
1600.0,-320.0,153.95537
1640.0,-320.0,164.215279
1680.0,-320.0,174.84672
1720.0,-320.0,185.843892
1760.0,-320.0,197.201733
-1760.0,-280.0,
-1720.0,-280.0,
-1680.0,-280.0,
-1640.0,-280.0,
-1600.0,-280.0,
-1560.0,-280.0,
-1520.0,-280.0,
-1480.0,-280.0,
-1440.0,-280.0,962.023741
-1400.0,-280.0,930.681116
-1360.0,-280.0,900.001974
-1320.0,-280.0,869.976178
-1280.0,-280.0,840.59346
-1240.0,-280.0,811.845472
-1200.0,-280.0,783.723088
-1160.0,-280.0,756.217451
-1120.0,-280.0,729.319968
-1080.0,-280.0,703.022297
-1040.0,-280.0,677.316338
-1000.0,-280.0,652.194224
-960.0,-280.0,627.648313
-920.0,-280.0,603.671182
-880.0,-280.0,580.255123
-840.0,-280.0,557.393581
-800.0,-280.0,535.079839
-760.0,-280.0,513.30718
-720.0,-280.0,492.068833
-680.0,-280.0,471.35922
-640.0,-280.0,451.171937
-600.0,-280.0,431.501447
-560.0,-280.0,412.342126
-520.0,-280.0,393.688694
-480.0,-280.0,375.535951
-440.0,-280.0,357.879235
-400.0,-280.0,340.713552
-360.0,-280.0,324.034781
-320.0,-280.0,307.838731
-280.0,-280.0,292.121361
-240.0,-280.0,276.879154
-200.0,-280.0,262.108804
-160.0,-280.0,247.80731
-120.0,-280.0,233.972027
-80.0,-280.0,220.600692
-40.0,-280.0,207.691459
0.0,-280.0,195.242921
40.0,-280.0,183.254227
80.0,-280.0,171.725851
120.0,-280.0,160.660388
160.0,-280.0,150.062294
200.0,-280.0,139.937695
240.0,-280.0,130.294202
280.0,-280.0,121.140522
320.0,-280.0,112.486975
360.0,-280.0,104.344538
400.0,-280.0,96.725851
440.0,-280.0,89.64489
480.0,-280.0,83.115986
520.0,-280.0,77.155597
560.0,-280.0,71.780708
600.0,-280.0,67.008727
640.0,-280.0,62.859576
680.0,-280.0,59.351532
720.0,-280.0,56.505552
760.0,-280.0,54.340899
800.0,-280.0,52.87784
840.0,-280.0,52.135597
880.0,-280.0,52.132068
920.0,-280.0,52.884109
960.0,-280.0,54.405202
1000.0,-280.0,56.706676
1040.0,-280.0,59.795878
1080.0,-280.0,63.664362
1120.0,-280.0,68.299695
1160.0,-280.0,73.683527
1200.0,-280.0,79.791541
1240.0,-280.0,86.597249
1280.0,-280.0,94.050172
1320.0,-280.0,102.058065
1360.0,-280.0,110.594832
1400.0,-280.0,119.639788
1440.0,-280.0,129.173318
1480.0,-280.0,139.178005
1520.0,-280.0,149.638884
1560.0,-280.0,160.543219
1600.0,-280.0,171.879804
1640.0,-280.0,183.640207
1680.0,-280.0,195.816912
1720.0,-280.0,208.403508
1760.0,-280.0,221.39445
-1760.0,-240.0,
-1720.0,-240.0,
-1680.0,-240.0,
-1640.0,-240.0,
-1600.0,-240.0,
-1560.0,-240.0,
-1520.0,-240.0,
-1480.0,-240.0,
-1440.0,-240.0,1158.054256
-1400.0,-240.0,1118.828993
-1360.0,-240.0,1080.529359
-1320.0,-240.0,1043.135724
-1280.0,-240.0,1006.631171
-1240.0,-240.0,970.996506
-1200.0,-240.0,936.216464
-1160.0,-240.0,902.274378
-1120.0,-240.0,869.153306
-1080.0,-240.0,836.838869
-1040.0,-240.0,805.316183
-1000.0,-240.0,774.570817
-960.0,-240.0,744.588851
-920.0,-240.0,715.356851
-880.0,-240.0,686.861851
-840.0,-240.0,659.091334
-800.0,-240.0,632.033214
-760.0,-240.0,605.675779
-720.0,-240.0,580.007338
-680.0,-240.0,555.017521
-640.0,-240.0,530.695849
-600.0,-240.0,507.031799
-560.0,-240.0,484.015994
-520.0,-240.0,461.639029
-480.0,-240.0,439.891834
-440.0,-240.0,418.765968
-400.0,-240.0,398.253174
-360.0,-240.0,378.345587
-320.0,-240.0,359.035929
-280.0,-240.0,340.317037
-240.0,-240.0,322.182346
-200.0,-240.0,304.625731
-160.0,-240.0,287.64147
-120.0,-240.0,271.224339
-80.0,-240.0,255.369636
-40.0,-240.0,240.073262
0.0,-240.0,225.331738
40.0,-240.0,211.14231
80.0,-240.0,197.50391
120.0,-240.0,184.417996
160.0,-240.0,171.888208
200.0,-240.0,159.920182
240.0,-240.0,148.521302
280.0,-240.0,137.700364
320.0,-240.0,127.468156
360.0,-240.0,117.836476
400.0,-240.0,108.819313
440.0,-240.0,100.432319
480.0,-240.0,92.691814
520.0,-240.0,85.61722
560.0,-240.0,79.227904
600.0,-240.0,73.545558
640.0,-240.0,68.593001
680.0,-240.0,64.393736
720.0,-240.0,60.972085
760.0,-240.0,58.353517
800.0,-240.0,56.562343
840.0,-240.0,55.623778
880.0,-240.0,55.560537
920.0,-240.0,56.394506
960.0,-240.0,58.143273
1000.0,-240.0,60.820893
1040.0,-240.0,64.436491
1080.0,-240.0,68.981995
1120.0,-240.0,74.441769
1160.0,-240.0,80.791846
1200.0,-240.0,87.999818
1240.0,-240.0,96.028894
1280.0,-240.0,104.817032
1320.0,-240.0,114.260373
1360.0,-240.0,124.321814
1400.0,-240.0,134.971058
1440.0,-240.0,146.181303
1480.0,-240.0,157.930022
1520.0,-240.0,170.198793
1560.0,-240.0,182.970629
1600.0,-240.0,196.234957
1640.0,-240.0,209.981965
1680.0,-240.0,224.203003
1720.0,-240.0,238.887993
1760.0,-240.0,254.033862
-1760.0,-200.0,
-1720.0,-200.0,
-1680.0,-200.0,
-1640.0,-200.0,
-1600.0,-200.0,
-1560.0,-200.0,
-1520.0,-200.0,
-1480.0,-200.0,1526.70639
-1440.0,-200.0,1471.955272
-1400.0,-200.0,1418.743923
-1360.0,-200.0,1367.025499
-1320.0,-200.0,1316.756405
-1280.0,-200.0,1267.894901
-1240.0,-200.0,1220.400985
-1200.0,-200.0,1174.234889
-1160.0,-200.0,1129.360712
-1120.0,-200.0,1085.743052
-1080.0,-200.0,1043.347903
-1040.0,-200.0,1002.142828
-1000.0,-200.0,962.097487
-960.0,-200.0,923.181236
-920.0,-200.0,885.365943
-880.0,-200.0,848.624545
-840.0,-200.0,812.930779
-800.0,-200.0,778.259517
-760.0,-200.0,744.586711
-720.0,-200.0,711.889343
-680.0,-200.0,680.145371
-640.0,-200.0,649.333686
-600.0,-200.0,619.433915
-560.0,-200.0,590.426589
-520.0,-200.0,562.293504
-480.0,-200.0,535.016769
-440.0,-200.0,508.579369
-400.0,-200.0,482.965393
-360.0,-200.0,458.159208
-320.0,-200.0,434.146379
-280.0,-200.0,410.912992
-240.0,-200.0,388.445825
-200.0,-200.0,366.732621
-160.0,-200.0,345.761767
-120.0,-200.0,325.522452
-80.0,-200.0,306.004713
-40.0,-200.0,287.199533
0.0,-200.0,269.098822
40.0,-200.0,251.695596
80.0,-200.0,234.985117
120.0,-200.0,218.965834
160.0,-200.0,203.638869
200.0,-200.0,189.007816
240.0,-200.0,175.078553
280.0,-200.0,161.858913
320.0,-200.0,149.359317
360.0,-200.0,137.591987
400.0,-200.0,126.571892
440.0,-200.0,116.316062
480.0,-200.0,106.843692
520.0,-200.0,98.176535
560.0,-200.0,90.33826
600.0,-200.0,83.354006
640.0,-200.0,77.252418
680.0,-200.0,72.061568
720.0,-200.0,67.812667
760.0,-200.0,64.537388
800.0,-200.0,62.267504
840.0,-200.0,61.035544
880.0,-200.0,60.871463
920.0,-200.0,61.804778
960.0,-200.0,63.860375
1000.0,-200.0,67.057168
1040.0,-200.0,71.407239
1080.0,-200.0,76.902749
1120.0,-200.0,83.524733
1160.0,-200.0,91.24159
1200.0,-200.0,100.008556
1240.0,-200.0,109.771657
1280.0,-200.0,120.448708
1320.0,-200.0,131.916909
1360.0,-200.0,144.121453
1400.0,-200.0,157.017525
1440.0,-200.0,170.566611
1480.0,-200.0,184.742264
1520.0,-200.0,199.520721
1560.0,-200.0,214.883226
1600.0,-200.0,230.818624
1640.0,-200.0,247.310512
1680.0,-200.0,264.354774
1720.0,-200.0,281.936847
1760.0,-200.0,300.054537
-1760.0,-160.0,
-1720.0,-160.0,
-1680.0,-160.0,
-1640.0,-160.0,
-1600.0,-160.0,
-1560.0,-160.0,
-1520.0,-160.0,
-1480.0,-160.0,2164.657588
-1440.0,-160.0,2075.801224
-1400.0,-160.0,1990.375545
-1360.0,-160.0,1908.208541
-1320.0,-160.0,1829.144998
-1280.0,-160.0,1753.036923
-1240.0,-160.0,1679.746157
-1200.0,-160.0,1609.145787
-1160.0,-160.0,1541.115703
-1120.0,-160.0,1475.543598
-1080.0,-160.0,1412.324323
-1040.0,-160.0,1351.359298
-1000.0,-160.0,1292.55464
-960.0,-160.0,1235.824487
-920.0,-160.0,1181.086747
-880.0,-160.0,1128.26326
-840.0,-160.0,1077.282208
-800.0,-160.0,1028.07467
-760.0,-160.0,980.575387
-720.0,-160.0,934.723853
-680.0,-160.0,890.462198
-640.0,-160.0,847.73581
-600.0,-160.0,806.493121
-560.0,-160.0,766.685409
-520.0,-160.0,728.266624
-480.0,-160.0,691.193215
-440.0,-160.0,655.42374
-400.0,-160.0,620.919452
-360.0,-160.0,587.643625
-320.0,-160.0,555.56116
-280.0,-160.0,524.639579
-240.0,-160.0,494.847704
-200.0,-160.0,466.156529
-160.0,-160.0,438.538721
-120.0,-160.0,411.96865
-80.0,-160.0,386.42249
-40.0,-160.0,361.87823
0.0,-160.0,338.315676
40.0,-160.0,315.716661
80.0,-160.0,294.066422
120.0,-160.0,273.354635
160.0,-160.0,253.574674
200.0,-160.0,234.723387
240.0,-160.0,216.801059
280.0,-160.0,199.81109
320.0,-160.0,183.760573
360.0,-160.0,168.659958
400.0,-160.0,154.523038
440.0,-160.0,141.367632
480.0,-160.0,129.213869
520.0,-160.0,118.086754
560.0,-160.0,108.012884
600.0,-160.0,99.022845
640.0,-160.0,91.150742
680.0,-160.0,84.431939
720.0,-160.0,78.905531
760.0,-160.0,74.611508
800.0,-160.0,71.591932
840.0,-160.0,69.890531
880.0,-160.0,69.548517
920.0,-160.0,70.606701
960.0,-160.0,73.100428
1000.0,-160.0,77.058136
1040.0,-160.0,82.497934
1080.0,-160.0,89.413541
1120.0,-160.0,97.781297
1160.0,-160.0,107.557418
1200.0,-160.0,118.67937
1240.0,-160.0,131.06313
1280.0,-160.0,144.591381
1320.0,-160.0,159.104692
1360.0,-160.0,174.515015
1400.0,-160.0,190.757613
1440.0,-160.0,207.781889
1480.0,-160.0,225.550194
1520.0,-160.0,244.038163
1560.0,-160.0,263.222687
1600.0,-160.0,283.087425
1640.0,-160.0,303.620448
1680.0,-160.0,324.809612
1720.0,-160.0,346.643898
1760.0,-160.0,369.110913
-1760.0,-120.0,
-1720.0,-120.0,
-1680.0,-120.0,
-1640.0,-120.0,
-1600.0,-120.0,
-1560.0,-120.0,
-1520.0,-120.0,
-1480.0,-120.0,4158.143648
-1440.0,-120.0,3907.216098
-1400.0,-120.0,3675.879317
-1360.0,-120.0,3461.90563
-1320.0,-120.0,3263.407041
-1280.0,-120.0,3078.768653
-1240.0,-120.0,2906.602156
-1200.0,-120.0,2745.704341
-1160.0,-120.0,2595.02829
-1120.0,-120.0,2453.658352
-1080.0,-120.0,2320.789817
-1040.0,-120.0,2195.710815
-1000.0,-120.0,2077.791098
-960.0,-120.0,1966.469031
-920.0,-120.0,1861.243905
-880.0,-120.0,1761.665937
-840.0,-120.0,1667.330968
-800.0,-120.0,1577.874743
-760.0,-120.0,1492.968028
-720.0,-120.0,1412.312295
-680.0,-120.0,1335.635248
-640.0,-120.0,1262.691055
-600.0,-120.0,1193.253116
-560.0,-120.0,1127.115749
-520.0,-120.0,1064.090031
-480.0,-120.0,1004.002532
-440.0,-120.0,946.693957
-400.0,-120.0,892.017764
-360.0,-120.0,839.838952
-320.0,-120.0,790.032951
-280.0,-120.0,742.48463
-240.0,-120.0,697.088053
-200.0,-120.0,653.744812
-160.0,-120.0,612.364356
-120.0,-120.0,572.86278
-80.0,-120.0,535.1627
-40.0,-120.0,499.192883
0.0,-120.0,464.887932
40.0,-120.0,432.188311
80.0,-120.0,401.04188
120.0,-120.0,371.404814
160.0,-120.0,343.240401
200.0,-120.0,316.518851
240.0,-120.0,291.217254
280.0,-120.0,267.318968
320.0,-120.0,244.814715
360.0,-120.0,223.700913
400.0,-120.0,203.981058
440.0,-120.0,185.664372
480.0,-120.0,168.766154
520.0,-120.0,153.308251
560.0,-120.0,139.317286
600.0,-120.0,126.825588
640.0,-120.0,115.871358
680.0,-120.0,106.496481
720.0,-120.0,98.748848
760.0,-120.0,92.6797
800.0,-120.0,88.343851
840.0,-120.0,85.79955
880.0,-120.0,85.1043
920.0,-120.0,86.318356
960.0,-120.0,89.494102
1000.0,-120.0,94.67671
1040.0,-120.0,101.893881
1080.0,-120.0,111.143249
1120.0,-120.0,122.392518
1160.0,-120.0,135.584672
1200.0,-120.0,150.623494
1240.0,-120.0,167.370953
1280.0,-120.0,185.638395
1320.0,-120.0,205.187538
1360.0,-120.0,225.872129
1400.0,-120.0,247.591463
1440.0,-120.0,270.278883
1480.0,-120.0,293.889559
1520.0,-120.0,318.391463
1560.0,-120.0,343.759991
1600.0,-120.0,369.974889
1640.0,-120.0,397.018479
1680.0,-120.0,424.869988
1720.0,-120.0,453.51651
1760.0,-120.0,482.943985
-1760.0,-80.0,
-1720.0,-80.0,
-1680.0,-80.0,
-1640.0,-80.0,
-1600.0,-80.0,
-1560.0,-80.0,
-1520.0,-80.0,
-1480.0,-80.0,39273.168745
-1440.0,-80.0,72813.814511
-1400.0,-80.0,42048.540665
-1360.0,-80.0,33672.964069
-1320.0,-80.0,48450.585125
-1280.0,-80.0,35164.689097
-1240.0,-80.0,65691.43344
-1200.0,-80.0,34668.8598
-1160.0,-80.0,26738.116228
-1120.0,-80.0,35275.208968
-1080.0,-80.0,24569.783569
-1040.0,-80.0,44507.303495
-1000.0,-80.0,11382.75193
-960.0,-80.0,8620.012183
-920.0,-80.0,7065.080616
-880.0,-80.0,6003.984285
-840.0,-80.0,5212.928393
-800.0,-80.0,4591.696076
-760.0,-80.0,4086.618671
-720.0,-80.0,3665.611321
-680.0,-80.0,3307.991746
-640.0,-80.0,2999.6778
-600.0,-80.0,2730.666217
-560.0,-80.0,2493.614088
-520.0,-80.0,2282.982615
-480.0,-80.0,2094.499702
-440.0,-80.0,1924.808372
-400.0,-80.0,1771.226226
-360.0,-80.0,1631.581928
-320.0,-80.0,1504.094853
-280.0,-80.0,1387.28974
-240.0,-80.0,1279.932692
-200.0,-80.0,1180.982935
-160.0,-80.0,1089.555854
-120.0,-80.0,1004.894944
-80.0,-80.0,926.348973
-40.0,-80.0,853.354857
0.0,-80.0,785.423523
40.0,-80.0,722.129209
80.0,-80.0,663.102918
120.0,-80.0,608.026261
160.0,-80.0,556.62427
200.0,-80.0,508.66094
240.0,-80.0,463.934804
280.0,-80.0,422.27552
320.0,-80.0,383.540892
360.0,-80.0,347.614148
400.0,-80.0,314.401813
440.0,-80.0,283.831855
480.0,-80.0,255.851122
520.0,-80.0,230.425512
560.0,-80.0,207.536333
600.0,-80.0,187.18093
640.0,-80.0,169.372702
680.0,-80.0,154.1346
720.0,-80.0,141.507146
760.0,-80.0,131.536853
800.0,-80.0,124.285076
840.0,-80.0,119.821733
880.0,-80.0,118.222054
920.0,-80.0,119.567646
960.0,-80.0,123.940156
1000.0,-80.0,131.410894
1040.0,-80.0,142.024558
1080.0,-80.0,155.77703
1120.0,-80.0,172.621029
1160.0,-80.0,192.465416
1200.0,-80.0,215.159021
1240.0,-80.0,240.464631
1280.0,-80.0,268.011798
1320.0,-80.0,297.346615
1360.0,-80.0,328.20018
1400.0,-80.0,360.414354
1440.0,-80.0,393.906031
1480.0,-80.0,428.620626
1520.0,-80.0,464.510895
1560.0,-80.0,501.540388
1600.0,-80.0,539.677566
1640.0,-80.0,578.889029
1680.0,-80.0,619.141549
1720.0,-80.0,660.401524
1760.0,-80.0,702.63464
-1760.0,-40.0,
-1720.0,-40.0,
-1680.0,-40.0,
-1640.0,-40.0,
-1600.0,-40.0,
-1560.0,-40.0,
-1520.0,-40.0,
-1480.0,-40.0,
-1440.0,-40.0,
-1400.0,-40.0,
-1360.0,-40.0,
-1320.0,-40.0,
-1280.0,-40.0,
-1240.0,-40.0,
-1200.0,-40.0,
-1160.0,-40.0,
-1120.0,-40.0,201146.73979
-1080.0,-40.0,57366.568234
-1040.0,-40.0,259076.672296
-1000.0,-40.0,42761.879477
-960.0,-40.0,25932.338728
-920.0,-40.0,46834.094654
-880.0,-40.0,24090.515023
-840.0,-40.0,241611.519174
-800.0,-40.0,25348.261224
-760.0,-40.0,17183.466266
-720.0,-40.0,33704.279365
-680.0,-40.0,17827.660069
-640.0,-40.0,13619.687753
-600.0,-40.0,20260.802847
-560.0,-40.0,14030.924317
-520.0,-40.0,29866.190084
-480.0,-40.0,15159.402187
-440.0,-40.0,11747.274778
-400.0,-40.0,17974.340226
-360.0,-40.0,12414.301429
-320.0,-40.0,29443.707603
-280.0,-40.0,13742.527378
-240.0,-40.0,10678.742833
-200.0,-40.0,16855.222803
-160.0,-40.0,11465.284079
-120.0,-40.0,30498.341256
-80.0,-40.0,12010.539565
-40.0,-40.0,8934.783249
0.0,-40.0,13107.949076
40.0,-40.0,8410.972916
80.0,-40.0,23937.020313
120.0,-40.0,4723.431092
160.0,-40.0,2892.483804
200.0,-40.0,2177.725893
240.0,-40.0,1740.057021
280.0,-40.0,1432.109441
320.0,-40.0,1199.573607
360.0,-40.0,1016.318916
400.0,-40.0,867.797028
440.0,-40.0,745.123725
480.0,-40.0,642.518095
520.0,-40.0,556.046391
560.0,-40.0,482.942941
600.0,-40.0,421.217989
640.0,-40.0,369.421013
680.0,-40.0,326.485493
720.0,-40.0,291.626681
760.0,-40.0,264.274333
800.0,-40.0,244.024023
840.0,-40.0,230.600583
880.0,-40.0,223.830311
920.0,-40.0,223.624407
960.0,-40.0,229.95801
1000.0,-40.0,242.844445
1040.0,-40.0,262.27019
1080.0,-40.0,288.119698
1120.0,-40.0,320.209307
1160.0,-40.0,358.256891
1200.0,-40.0,401.605593
1240.0,-40.0,449.440768
1280.0,-40.0,501.075837
1320.0,-40.0,554.607062
1360.0,-40.0,610.202566
1400.0,-40.0,667.332936
1440.0,-40.0,725.111798
1480.0,-40.0,784.946779
1520.0,-40.0,845.054552
1560.0,-40.0,907.388871
1600.0,-40.0,970.977596
1640.0,-40.0,1034.326729
1680.0,-40.0,1100.207962
1720.0,-40.0,1165.476065
1760.0,-40.0,1233.501216
-1760.0,40.0,
-1720.0,40.0,
-1680.0,40.0,
-1640.0,40.0,
-1600.0,40.0,
-1560.0,40.0,
-1520.0,40.0,
-1480.0,40.0,
-1440.0,40.0,
-1400.0,40.0,
-1360.0,40.0,
-1320.0,40.0,
-1280.0,40.0,
-1240.0,40.0,
-1200.0,40.0,
-1160.0,40.0,
-1120.0,40.0,201146.739789
-1080.0,40.0,57366.568234
-1040.0,40.0,259076.672286
-1000.0,40.0,42761.879477
-960.0,40.0,25932.338728
-920.0,40.0,46834.094654
-880.0,40.0,24090.515023
-840.0,40.0,241611.51916
-800.0,40.0,25348.261224
-760.0,40.0,17183.466266
-720.0,40.0,33704.279365
-680.0,40.0,17827.660069
-640.0,40.0,13619.687753
-600.0,40.0,20260.802847
-560.0,40.0,14030.924317
-520.0,40.0,29866.190084
-480.0,40.0,15159.402187
-440.0,40.0,11747.274778
-400.0,40.0,17974.340226
-360.0,40.0,12414.301429
-320.0,40.0,29443.707602
-280.0,40.0,13742.527378
-240.0,40.0,10678.742833
-200.0,40.0,16855.222803
-160.0,40.0,11465.284079
-120.0,40.0,30498.341256
-80.0,40.0,12010.539565
-40.0,40.0,8934.783249
0.0,40.0,13107.949076
40.0,40.0,8410.972916
80.0,40.0,23937.020313
120.0,40.0,4723.431092
160.0,40.0,2892.483804
200.0,40.0,2177.725893
240.0,40.0,1740.057021
280.0,40.0,1432.109441
320.0,40.0,1199.573607
360.0,40.0,1016.318916
400.0,40.0,867.797028
440.0,40.0,745.123725
480.0,40.0,642.518095
520.0,40.0,556.046391
560.0,40.0,482.942941
600.0,40.0,421.217989
640.0,40.0,369.421013
680.0,40.0,326.485493
720.0,40.0,291.626681
760.0,40.0,264.274333
800.0,40.0,244.024023
840.0,40.0,230.600583
880.0,40.0,223.830311
920.0,40.0,223.624407
960.0,40.0,229.95801
1000.0,40.0,242.844445
1040.0,40.0,262.27019
1080.0,40.0,288.119698
1120.0,40.0,320.209307
1160.0,40.0,358.256891
1200.0,40.0,401.605593
1240.0,40.0,449.440768
1280.0,40.0,501.075837
1320.0,40.0,554.607062
1360.0,40.0,610.202566
1400.0,40.0,667.332936
1440.0,40.0,725.111798
1480.0,40.0,784.946779
1520.0,40.0,845.054552
1560.0,40.0,907.388871
1600.0,40.0,970.977596
1640.0,40.0,1034.326729
1680.0,40.0,1100.207962
1720.0,40.0,1165.476065
1760.0,40.0,1233.501216
-1760.0,80.0,
-1720.0,80.0,
-1680.0,80.0,
-1640.0,80.0,
-1600.0,80.0,
-1560.0,80.0,
-1520.0,80.0,
-1480.0,80.0,39273.168745
-1440.0,80.0,72813.814512
-1400.0,80.0,42048.540665
-1360.0,80.0,33672.964069
-1320.0,80.0,48450.585125
-1280.0,80.0,35164.689097
-1240.0,80.0,65691.433439
-1200.0,80.0,34668.8598
-1160.0,80.0,26738.116227
-1120.0,80.0,35275.208968
-1080.0,80.0,24569.783569
-1040.0,80.0,44507.303495
-1000.0,80.0,11382.75193
-960.0,80.0,8620.012183
-920.0,80.0,7065.080616
-880.0,80.0,6003.984285
-840.0,80.0,5212.928393
-800.0,80.0,4591.696076
-760.0,80.0,4086.618671
-720.0,80.0,3665.611321
-680.0,80.0,3307.991746
-640.0,80.0,2999.6778
-600.0,80.0,2730.666217
-560.0,80.0,2493.614088
-520.0,80.0,2282.982615
-480.0,80.0,2094.499702
-440.0,80.0,1924.808372
-400.0,80.0,1771.226226
-360.0,80.0,1631.581928
-320.0,80.0,1504.094853
-280.0,80.0,1387.28974
-240.0,80.0,1279.932692
-200.0,80.0,1180.982935
-160.0,80.0,1089.555854
-120.0,80.0,1004.894944
-80.0,80.0,926.348973
-40.0,80.0,853.354857
0.0,80.0,785.423523
40.0,80.0,722.129209
80.0,80.0,663.102918
120.0,80.0,608.026261
160.0,80.0,556.62427
200.0,80.0,508.66094
240.0,80.0,463.934804
280.0,80.0,422.27552
320.0,80.0,383.540892
360.0,80.0,347.614148
400.0,80.0,314.401813
440.0,80.0,283.831855
480.0,80.0,255.851122
520.0,80.0,230.425512
560.0,80.0,207.536333
600.0,80.0,187.18093
640.0,80.0,169.372702
680.0,80.0,154.1346
720.0,80.0,141.507146
760.0,80.0,131.536853
800.0,80.0,124.285076
840.0,80.0,119.821733
880.0,80.0,118.222054
920.0,80.0,119.567646
960.0,80.0,123.940156
1000.0,80.0,131.410894
1040.0,80.0,142.024558
1080.0,80.0,155.77703
1120.0,80.0,172.621029
1160.0,80.0,192.465416
1200.0,80.0,215.159021
1240.0,80.0,240.464631
1280.0,80.0,268.011798
1320.0,80.0,297.346615
1360.0,80.0,328.20018
1400.0,80.0,360.414354
1440.0,80.0,393.906031
1480.0,80.0,428.620626
1520.0,80.0,464.510895
1560.0,80.0,501.540388
1600.0,80.0,539.677566
1640.0,80.0,578.889029
1680.0,80.0,619.141549
1720.0,80.0,660.401524
1760.0,80.0,702.63464
-1760.0,120.0,
-1720.0,120.0,
-1680.0,120.0,
-1640.0,120.0,
-1600.0,120.0,
-1560.0,120.0,
-1520.0,120.0,
-1480.0,120.0,4158.143648
-1440.0,120.0,3907.216098
-1400.0,120.0,3675.879317
-1360.0,120.0,3461.90563
-1320.0,120.0,3263.407041
-1280.0,120.0,3078.768653
-1240.0,120.0,2906.602156
-1200.0,120.0,2745.704341
-1160.0,120.0,2595.02829
-1120.0,120.0,2453.658352
-1080.0,120.0,2320.789817
-1040.0,120.0,2195.710815
-1000.0,120.0,2077.791098
-960.0,120.0,1966.469031
-920.0,120.0,1861.243905
-880.0,120.0,1761.665937
-840.0,120.0,1667.330968
-800.0,120.0,1577.874743
-760.0,120.0,1492.968028
-720.0,120.0,1412.312295
-680.0,120.0,1335.635248
-640.0,120.0,1262.691055
-600.0,120.0,1193.253116
-560.0,120.0,1127.115749
-520.0,120.0,1064.090031
-480.0,120.0,1004.002532
-440.0,120.0,946.693957
-400.0,120.0,892.017764
-360.0,120.0,839.838952
-320.0,120.0,790.032951
-280.0,120.0,742.48463
-240.0,120.0,697.088053
-200.0,120.0,653.744812
-160.0,120.0,612.364356
-120.0,120.0,572.86278
-80.0,120.0,535.1627
-40.0,120.0,499.192883
0.0,120.0,464.887932
40.0,120.0,432.188311
80.0,120.0,401.04188
120.0,120.0,371.404814
160.0,120.0,343.240401
200.0,120.0,316.518851
240.0,120.0,291.217254
280.0,120.0,267.318968
320.0,120.0,244.814715
360.0,120.0,223.700913
400.0,120.0,203.981058
440.0,120.0,185.664372
480.0,120.0,168.766154
520.0,120.0,153.308251
560.0,120.0,139.317286
600.0,120.0,126.825588
640.0,120.0,115.871358
680.0,120.0,106.496481
720.0,120.0,98.748848
760.0,120.0,92.6797
800.0,120.0,88.343851
840.0,120.0,85.79955
880.0,120.0,85.1043
920.0,120.0,86.318356
960.0,120.0,89.494102
1000.0,120.0,94.67671
1040.0,120.0,101.893881
1080.0,120.0,111.143249
1120.0,120.0,122.392518
1160.0,120.0,135.584672
1200.0,120.0,150.623494
1240.0,120.0,167.370953
1280.0,120.0,185.638395
1320.0,120.0,205.187538
1360.0,120.0,225.872129
1400.0,120.0,247.591463
1440.0,120.0,270.278883
1480.0,120.0,293.889559
1520.0,120.0,318.391463
1560.0,120.0,343.759991
1600.0,120.0,369.974889
1640.0,120.0,397.018479
1680.0,120.0,424.869988
1720.0,120.0,453.51651
1760.0,120.0,482.943985
-1760.0,160.0,
-1720.0,160.0,
-1680.0,160.0,
-1640.0,160.0,
-1600.0,160.0,
-1560.0,160.0,
-1520.0,160.0,
-1480.0,160.0,2164.657588
-1440.0,160.0,2075.801224
-1400.0,160.0,1990.375545
-1360.0,160.0,1908.208541
-1320.0,160.0,1829.144998
-1280.0,160.0,1753.036923
-1240.0,160.0,1679.746157
-1200.0,160.0,1609.145787
-1160.0,160.0,1541.115703
-1120.0,160.0,1475.543598
-1080.0,160.0,1412.324323
-1040.0,160.0,1351.359298
-1000.0,160.0,1292.55464
-960.0,160.0,1235.824487
-920.0,160.0,1181.086747
-880.0,160.0,1128.26326
-840.0,160.0,1077.282208
-800.0,160.0,1028.07467
-760.0,160.0,980.575387
-720.0,160.0,934.723853
-680.0,160.0,890.462198
-640.0,160.0,847.73581
-600.0,160.0,806.493121
-560.0,160.0,766.685409
-520.0,160.0,728.266624
-480.0,160.0,691.193215
-440.0,160.0,655.42374
-400.0,160.0,620.919452
-360.0,160.0,587.643625
-320.0,160.0,555.56116
-280.0,160.0,524.639579
-240.0,160.0,494.847704
-200.0,160.0,466.156529
-160.0,160.0,438.538721
-120.0,160.0,411.96865
-80.0,160.0,386.42249
-40.0,160.0,361.87823
0.0,160.0,338.315676
40.0,160.0,315.716661
80.0,160.0,294.066422
120.0,160.0,273.354635
160.0,160.0,253.574674
200.0,160.0,234.723387
240.0,160.0,216.801059
280.0,160.0,199.81109
320.0,160.0,183.760573
360.0,160.0,168.659958
400.0,160.0,154.523038
440.0,160.0,141.367632
480.0,160.0,129.213869
520.0,160.0,118.086754
560.0,160.0,108.012884
600.0,160.0,99.022845
640.0,160.0,91.150742
680.0,160.0,84.431939
720.0,160.0,78.905531
760.0,160.0,74.611508
800.0,160.0,71.591932
840.0,160.0,69.890531
880.0,160.0,69.548517
920.0,160.0,70.606701
960.0,160.0,73.100428
1000.0,160.0,77.058136
1040.0,160.0,82.497934
1080.0,160.0,89.413541
1120.0,160.0,97.781297
1160.0,160.0,107.557418
1200.0,160.0,118.67937
1240.0,160.0,131.06313
1280.0,160.0,144.591381
1320.0,160.0,159.104692
1360.0,160.0,174.515015
1400.0,160.0,190.757613
1440.0,160.0,207.781889
1480.0,160.0,225.550194
1520.0,160.0,244.038163
1560.0,160.0,263.222687
1600.0,160.0,283.087425
1640.0,160.0,303.620448
1680.0,160.0,324.809612
1720.0,160.0,346.643898
1760.0,160.0,369.110913
-1760.0,200.0,
-1720.0,200.0,
-1680.0,200.0,
-1640.0,200.0,
-1600.0,200.0,
-1560.0,200.0,
-1520.0,200.0,
-1480.0,200.0,1526.70639
-1440.0,200.0,1471.955272
-1400.0,200.0,1418.743923
-1360.0,200.0,1367.025499
-1320.0,200.0,1316.756405
-1280.0,200.0,1267.894901
-1240.0,200.0,1220.400985
-1200.0,200.0,1174.234889
-1160.0,200.0,1129.360712
-1120.0,200.0,1085.743052
-1080.0,200.0,1043.347903
-1040.0,200.0,1002.142828
-1000.0,200.0,962.097487
-960.0,200.0,923.181236
-920.0,200.0,885.365943
-880.0,200.0,848.624545
-840.0,200.0,812.930779
-800.0,200.0,778.259517
-760.0,200.0,744.586711
-720.0,200.0,711.889343
-680.0,200.0,680.145371
-640.0,200.0,649.333686
-600.0,200.0,619.433915
-560.0,200.0,590.426589
-520.0,200.0,562.293504
-480.0,200.0,535.016769
-440.0,200.0,508.579369
-400.0,200.0,482.965393
-360.0,200.0,458.159208
-320.0,200.0,434.146379
-280.0,200.0,410.912992
-240.0,200.0,388.445825
-200.0,200.0,366.732621
-160.0,200.0,345.761767
-120.0,200.0,325.522452
-80.0,200.0,306.004713
-40.0,200.0,287.199533
0.0,200.0,269.098822
40.0,200.0,251.695596
80.0,200.0,234.985117
120.0,200.0,218.965834
160.0,200.0,203.638869
200.0,200.0,189.007816
240.0,200.0,175.078553
280.0,200.0,161.858913
320.0,200.0,149.359317
360.0,200.0,137.591987
400.0,200.0,126.571892
440.0,200.0,116.316062
480.0,200.0,106.843692
520.0,200.0,98.176535
560.0,200.0,90.33826
600.0,200.0,83.354006
640.0,200.0,77.252418
680.0,200.0,72.061568
720.0,200.0,67.812667
760.0,200.0,64.537388
800.0,200.0,62.267504
840.0,200.0,61.035544
880.0,200.0,60.871463
920.0,200.0,61.804778
960.0,200.0,63.860375
1000.0,200.0,67.057168
1040.0,200.0,71.407239
1080.0,200.0,76.902749
1120.0,200.0,83.524733
1160.0,200.0,91.24159
1200.0,200.0,100.008556
1240.0,200.0,109.771657
1280.0,200.0,120.448708
1320.0,200.0,131.916909
1360.0,200.0,144.121453
1400.0,200.0,157.017525
1440.0,200.0,170.566611
1480.0,200.0,184.742264
1520.0,200.0,199.520721
1560.0,200.0,214.883226
1600.0,200.0,230.818624
1640.0,200.0,247.310512
1680.0,200.0,264.354774
1720.0,200.0,281.936847
1760.0,200.0,300.054537
-1760.0,240.0,
-1720.0,240.0,
-1680.0,240.0,
-1640.0,240.0,
-1600.0,240.0,
-1560.0,240.0,
-1520.0,240.0,
-1480.0,240.0,
-1440.0,240.0,1158.054256
-1400.0,240.0,1118.828993
-1360.0,240.0,1080.529359
-1320.0,240.0,1043.135724
-1280.0,240.0,1006.631171
-1240.0,240.0,970.996506
-1200.0,240.0,936.216464
-1160.0,240.0,902.274378
-1120.0,240.0,869.153306
-1080.0,240.0,836.838869
-1040.0,240.0,805.316183
-1000.0,240.0,774.570817
-960.0,240.0,744.588851
-920.0,240.0,715.356851
-880.0,240.0,686.861851
-840.0,240.0,659.091334
-800.0,240.0,632.033214
-760.0,240.0,605.675779
-720.0,240.0,580.007338
-680.0,240.0,555.017521
-640.0,240.0,530.695849
-600.0,240.0,507.031799
-560.0,240.0,484.015994
-520.0,240.0,461.639029
-480.0,240.0,439.891834
-440.0,240.0,418.765968
-400.0,240.0,398.253174
-360.0,240.0,378.345587
-320.0,240.0,359.035929
-280.0,240.0,340.317037
-240.0,240.0,322.182346
-200.0,240.0,304.625731
-160.0,240.0,287.64147
-120.0,240.0,271.224339
-80.0,240.0,255.369636
-40.0,240.0,240.073262
0.0,240.0,225.331738
40.0,240.0,211.14231
80.0,240.0,197.50391
120.0,240.0,184.417996
160.0,240.0,171.888208
200.0,240.0,159.920182
240.0,240.0,148.521302
280.0,240.0,137.700364
320.0,240.0,127.468156
360.0,240.0,117.836476
400.0,240.0,108.819313
440.0,240.0,100.432319
480.0,240.0,92.691814
520.0,240.0,85.61722
560.0,240.0,79.227904
600.0,240.0,73.545558
640.0,240.0,68.593001
680.0,240.0,64.393736
720.0,240.0,60.972085
760.0,240.0,58.353517
800.0,240.0,56.562343
840.0,240.0,55.623778
880.0,240.0,55.560537
920.0,240.0,56.394506
960.0,240.0,58.143273
1000.0,240.0,60.820893
1040.0,240.0,64.436491
1080.0,240.0,68.981995
1120.0,240.0,74.441769
1160.0,240.0,80.791846
1200.0,240.0,87.999818
1240.0,240.0,96.028894
1280.0,240.0,104.817032
1320.0,240.0,114.260373
1360.0,240.0,124.321814
1400.0,240.0,134.971058
1440.0,240.0,146.181303
1480.0,240.0,157.930022
1520.0,240.0,170.198793
1560.0,240.0,182.970629
1600.0,240.0,196.234957
1640.0,240.0,209.981965
1680.0,240.0,224.203003
1720.0,240.0,238.887993
1760.0,240.0,254.033862
-1760.0,280.0,
-1720.0,280.0,
-1680.0,280.0,
-1640.0,280.0,
-1600.0,280.0,
-1560.0,280.0,
-1520.0,280.0,
-1480.0,280.0,
-1440.0,280.0,962.023741
-1400.0,280.0,930.681116
-1360.0,280.0,900.001974
-1320.0,280.0,869.976178
-1280.0,280.0,840.59346
-1240.0,280.0,811.845472
-1200.0,280.0,783.723088
-1160.0,280.0,756.217451
-1120.0,280.0,729.319968
-1080.0,280.0,703.022297
-1040.0,280.0,677.316338
-1000.0,280.0,652.194224
-960.0,280.0,627.648313
-920.0,280.0,603.671182
-880.0,280.0,580.255123
-840.0,280.0,557.393581
-800.0,280.0,535.079839
-760.0,280.0,513.30718
-720.0,280.0,492.068833
-680.0,280.0,471.35922
-640.0,280.0,451.171937
-600.0,280.0,431.501447
-560.0,280.0,412.342126
-520.0,280.0,393.688694
-480.0,280.0,375.535951
-440.0,280.0,357.879235
-400.0,280.0,340.713552
-360.0,280.0,324.034781
-320.0,280.0,307.838731
-280.0,280.0,292.121361
-240.0,280.0,276.879154
-200.0,280.0,262.108804
-160.0,280.0,247.80731
-120.0,280.0,233.972027
-80.0,280.0,220.600692
-40.0,280.0,207.691459
0.0,280.0,195.242921
40.0,280.0,183.254227
80.0,280.0,171.725851
120.0,280.0,160.660388
160.0,280.0,150.062294
200.0,280.0,139.937695
240.0,280.0,130.294202
280.0,280.0,121.140522
320.0,280.0,112.486975
360.0,280.0,104.344538
400.0,280.0,96.725851
440.0,280.0,89.64489
480.0,280.0,83.115986
520.0,280.0,77.155597
560.0,280.0,71.780708
600.0,280.0,67.008727
640.0,280.0,62.859576
680.0,280.0,59.351532
720.0,280.0,56.505552
760.0,280.0,54.340899
800.0,280.0,52.87784
840.0,280.0,52.135597
880.0,280.0,52.132068
920.0,280.0,52.884109
960.0,280.0,54.405202
1000.0,280.0,56.706676
1040.0,280.0,59.795878
1080.0,280.0,63.664362
1120.0,280.0,68.299695
1160.0,280.0,73.683527
1200.0,280.0,79.791541
1240.0,280.0,86.597249
1280.0,280.0,94.050172
1320.0,280.0,102.058065
1360.0,280.0,110.594832
1400.0,280.0,119.639788
1440.0,280.0,129.173318
1480.0,280.0,139.178005
1520.0,280.0,149.638884
1560.0,280.0,160.543219
1600.0,280.0,171.879804
1640.0,280.0,183.640207
1680.0,280.0,195.816912
1720.0,280.0,208.403508
1760.0,280.0,221.39445
-1760.0,320.0,
-1720.0,320.0,
-1680.0,320.0,
-1640.0,320.0,
-1600.0,320.0,
-1560.0,320.0,
-1520.0,320.0,
-1480.0,320.0,
-1440.0,320.0,826.68443
-1400.0,320.0,800.44577
-1360.0,320.0,774.723517
-1320.0,320.0,749.511841
-1280.0,320.0,724.805059
-1240.0,320.0,700.597626
-1200.0,320.0,676.884136
-1160.0,320.0,653.659311
-1120.0,320.0,630.918
-1080.0,320.0,608.655174
-1040.0,320.0,586.865469
-1000.0,320.0,565.544395
-960.0,320.0,544.687445
-920.0,320.0,524.290069
-880.0,320.0,504.347282
-840.0,320.0,484.855158
-800.0,320.0,465.809712
-760.0,320.0,447.206146
-720.0,320.0,429.041249
-680.0,320.0,411.310723
-640.0,320.0,394.011184
-600.0,320.0,377.13881
-560.0,320.0,360.690501
-520.0,320.0,344.662578
-480.0,320.0,329.052297
-440.0,320.0,313.856506
-400.0,320.0,299.07236
-360.0,320.0,284.697357
-320.0,320.0,270.72902
-280.0,320.0,257.164957
-240.0,320.0,244.003229
-200.0,320.0,231.242018
-160.0,320.0,218.879748
-120.0,320.0,206.915113
-80.0,320.0,195.347103
-40.0,320.0,184.175028
0.0,320.0,173.398529
40.0,320.0,163.017659
80.0,320.0,153.033592
120.0,320.0,143.449303
160.0,320.0,134.269385
200.0,320.0,125.499892
240.0,320.0,117.148183
280.0,320.0,109.222524
320.0,320.0,101.732533
360.0,320.0,94.688298
400.0,320.0,88.101195
440.0,320.0,81.983688
480.0,320.0,76.348461
520.0,320.0,71.209556
560.0,320.0,66.581663
600.0,320.0,62.479882
640.0,320.0,58.920374
680.0,320.0,55.919148
720.0,320.0,53.492584
760.0,320.0,51.657575
800.0,320.0,50.429279
840.0,320.0,49.824873
880.0,320.0,49.857006
920.0,320.0,50.54042
960.0,320.0,51.885615
1000.0,320.0,53.901959
1040.0,320.0,56.596168
1080.0,320.0,59.960162
1120.0,320.0,63.984187
1160.0,320.0,68.653485
1200.0,320.0,73.948278
1240.0,320.0,79.849082
1280.0,320.0,86.313044
1320.0,320.0,93.25576
1360.0,320.0,100.658147
1400.0,320.0,108.505063
1440.0,320.0,116.782543
1480.0,320.0,125.477528
1520.0,320.0,134.578071
1560.0,320.0,144.073703
1600.0,320.0,153.95537
1640.0,320.0,164.215279
1680.0,320.0,174.84672
1720.0,320.0,185.843892
1760.0,320.0,197.201733
-1760.0,360.0,
-1720.0,360.0,
-1680.0,360.0,
-1640.0,360.0,
-1600.0,360.0,
-1560.0,360.0,
-1520.0,360.0,
-1480.0,360.0,
-1440.0,360.0,727.133172
-1400.0,360.0,704.494214
-1360.0,360.0,682.278842
-1320.0,360.0,660.483356
-1280.0,360.0,639.104134
-1240.0,360.0,618.137618
-1200.0,360.0,597.579893
-1160.0,360.0,577.427751
-1120.0,360.0,557.678068
-1080.0,360.0,538.327573
-1040.0,360.0,519.372807
-1000.0,360.0,500.810317
-960.0,360.0,482.637668
-920.0,360.0,464.851571
-880.0,360.0,447.448827
-840.0,360.0,430.427228
-800.0,360.0,413.783226
-760.0,360.0,397.514891
-720.0,360.0,381.619035
-680.0,360.0,366.093699
-640.0,360.0,350.935909
-600.0,360.0,336.143885
-560.0,360.0,321.715033
-520.0,360.0,307.64742
-480.0,360.0,293.939141
-440.0,360.0,280.588069
-400.0,360.0,267.592612
-360.0,360.0,254.951181
-320.0,360.0,242.662285
-280.0,360.0,230.724493
-240.0,360.0,219.136742
-200.0,360.0,207.898073
-160.0,360.0,197.007715
-120.0,360.0,186.465113
-80.0,360.0,176.269948
-40.0,360.0,166.422148
0.0,360.0,156.921903
40.0,360.0,147.769723
80.0,360.0,138.967068
120.0,360.0,130.516967
160.0,360.0,122.423876
200.0,360.0,114.693549
240.0,360.0,107.332911
280.0,360.0,100.349668
320.0,360.0,93.752701
360.0,360.0,87.551229
400.0,360.0,81.755544
440.0,360.0,76.376809
480.0,360.0,71.426248
520.0,360.0,66.916216
560.0,360.0,62.859343
600.0,360.0,59.2688
640.0,360.0,56.158344
680.0,360.0,53.541287
720.0,360.0,51.432124
760.0,360.0,49.843912
800.0,360.0,48.790426
840.0,360.0,48.284713
880.0,360.0,48.338617
920.0,360.0,48.962912
960.0,360.0,50.168292
1000.0,360.0,51.961199
1040.0,360.0,54.349021
1080.0,360.0,57.324545
1120.0,360.0,60.878925
1160.0,360.0,65.000562
1200.0,360.0,69.672868
1240.0,360.0,74.881308
1280.0,360.0,80.587614
1320.0,360.0,86.711712
1360.0,360.0,93.239514
1400.0,360.0,100.161428
1440.0,360.0,107.467063
1480.0,360.0,115.14618
1520.0,360.0,123.188557
1560.0,360.0,131.586608
1600.0,360.0,140.332734
1640.0,360.0,149.420227
1680.0,360.0,158.843193
1720.0,360.0,168.59645
1760.0,360.0,178.675425
-1720.0,400.0,
-1680.0,400.0,
-1640.0,400.0,
-1600.0,400.0,
-1560.0,400.0,
-1520.0,400.0,
-1480.0,400.0,
-1440.0,400.0,650.636334
-1400.0,400.0,630.686279
-1360.0,400.0,611.095816
-1320.0,400.0,591.86262
-1280.0,400.0,572.984468
-1240.0,400.0,554.458946
-1200.0,400.0,536.283676
-1160.0,400.0,518.455473
-1120.0,400.0,500.972862
-1080.0,400.0,483.833661
-1040.0,400.0,467.034919
-1000.0,400.0,450.575036
-960.0,400.0,434.45195
-920.0,400.0,418.663003
-880.0,400.0,403.207029
-840.0,400.0,388.081148
-800.0,400.0,373.284397
-760.0,400.0,358.814082
-720.0,400.0,344.669191
-680.0,400.0,330.847464
-640.0,400.0,317.347608
-600.0,400.0,304.168055
-560.0,400.0,291.307058
-520.0,400.0,278.763536
-480.0,400.0,266.53614
-440.0,400.0,254.623429
-400.0,400.0,243.024523
-360.0,400.0,231.738411
-320.0,400.0,220.764205
-280.0,400.0,210.101078
-240.0,400.0,199.748463
-200.0,400.0,189.705933
-160.0,400.0,179.973192
-120.0,400.0,170.550124
-80.0,400.0,161.436799
-40.0,400.0,152.633487
0.0,400.0,144.140663
40.0,400.0,135.959054
80.0,400.0,128.090209
120.0,400.0,120.537058
160.0,400.0,113.303805
200.0,400.0,106.395816
240.0,400.0,99.819526
280.0,400.0,93.582056
320.0,400.0,87.691574
360.0,400.0,82.156502
400.0,400.0,76.986204
440.0,400.0,72.190735
480.0,400.0,67.780093
520.0,400.0,63.765311
560.0,400.0,60.157354
600.0,400.0,56.967764
640.0,400.0,54.208733
680.0,400.0,51.891217
720.0,400.0,50.027993
760.0,400.0,48.630356
800.0,400.0,47.709363
840.0,400.0,47.277308
880.0,400.0,47.342745
920.0,400.0,47.916729
960.0,400.0,49.006913
1000.0,400.0,50.621302
1040.0,400.0,52.764872
1080.0,400.0,55.433064
1120.0,400.0,58.616675
1160.0,400.0,62.306659
1200.0,400.0,66.489627
1240.0,400.0,71.152773
1280.0,400.0,76.261733
1320.0,400.0,81.739761
1360.0,400.0,87.576439
1400.0,400.0,93.765222
1440.0,400.0,100.29787
1480.0,400.0,107.166783
1520.0,400.0,114.36534
1560.0,400.0,121.886684
1600.0,400.0,129.724099
1640.0,400.0,137.871439
1680.0,400.0,146.324469
1720.0,400.0,155.078638
-1720.0,440.0,
-1680.0,440.0,
-1640.0,440.0,
-1600.0,440.0,
-1560.0,440.0,
-1520.0,440.0,
-1480.0,440.0,
-1440.0,440.0,
-1400.0,440.0,572.086368
-1360.0,440.0,554.542582
-1320.0,440.0,537.310215
-1280.0,440.0,520.387728
-1240.0,440.0,503.773816
-1200.0,440.0,487.46652
-1160.0,440.0,471.463622
-1120.0,440.0,455.76435
-1080.0,440.0,440.366496
-1040.0,440.0,425.268602
-1000.0,440.0,410.469436
-960.0,440.0,395.966846
-920.0,440.0,381.760164
-880.0,440.0,367.84713
-840.0,440.0,354.227138
-800.0,440.0,340.898248
-760.0,440.0,327.859574
-720.0,440.0,315.109769
-680.0,440.0,302.647487
-640.0,440.0,290.471927
-600.0,440.0,278.58174
-560.0,440.0,266.976011
-520.0,440.0,255.653938
-480.0,440.0,244.61459
-440.0,440.0,233.857057
-400.0,440.0,223.380823
-360.0,440.0,213.18528
-320.0,440.0,203.269924
-280.0,440.0,193.634329
-240.0,440.0,184.278206
-200.0,440.0,175.201472
-160.0,440.0,166.40412
-120.0,440.0,157.886289
-80.0,440.0,149.648273
-40.0,440.0,141.690522
0.0,440.0,134.013653
40.0,440.0,126.618477
80.0,440.0,119.506528
120.0,440.0,112.680566
160.0,440.0,106.144504
200.0,440.0,99.903296
240.0,440.0,93.962883
280.0,440.0,88.329822
320.0,440.0,83.011584
360.0,440.0,78.015953
400.0,440.0,73.35142
440.0,440.0,69.027119
480.0,440.0,65.052037
520.0,440.0,61.436107
560.0,440.0,58.189
600.0,440.0,55.320948
640.0,440.0,52.842811
680.0,440.0,50.764038
720.0,440.0,49.09573
760.0,440.0,47.848078
800.0,440.0,47.030185
840.0,440.0,46.653063
880.0,440.0,46.724688
920.0,440.0,47.253875
960.0,440.0,48.249161
1000.0,440.0,49.716155
1040.0,440.0,51.662091
1080.0,440.0,54.080555
1120.0,440.0,56.965883
1160.0,440.0,60.307864
1200.0,440.0,64.09687
1240.0,440.0,68.320953
1280.0,440.0,72.948149
1320.0,440.0,77.905374
1360.0,440.0,83.183181
1400.0,440.0,88.777967
1440.0,440.0,94.683432
1480.0,440.0,100.894171
1520.0,440.0,107.405215
1560.0,440.0,114.210486
1600.0,440.0,121.30444
1640.0,440.0,128.683287
1680.0,440.0,136.342686
1720.0,440.0,144.278065
-1720.0,480.0,
-1680.0,480.0,
-1640.0,480.0,
-1600.0,480.0,
-1560.0,480.0,
-1520.0,480.0,
-1480.0,480.0,
-1440.0,480.0,
-1400.0,480.0,524.42252
-1360.0,480.0,508.523173
-1320.0,480.0,492.900284
-1280.0,480.0,477.553211
-1240.0,480.0,462.480969
-1200.0,480.0,447.681224
-1160.0,480.0,433.153784
-1120.0,480.0,418.896982
-1080.0,480.0,404.909594
-1040.0,480.0,391.190785
-1000.0,480.0,377.738928
-960.0,480.0,364.553465
-920.0,480.0,351.632854
-880.0,480.0,338.976406
-840.0,480.0,326.583001
-800.0,480.0,314.451563
-760.0,480.0,302.581539
-720.0,480.0,290.971501
-680.0,480.0,279.621056
-640.0,480.0,268.529432
-600.0,480.0,257.695508
-560.0,480.0,247.118948
-520.0,480.0,236.799124
-480.0,480.0,226.735397
-440.0,480.0,216.927197
-400.0,480.0,207.374255
-360.0,480.0,198.07623
-320.0,480.0,189.032871
-280.0,480.0,180.244021
-240.0,480.0,171.709558
-200.0,480.0,163.429605
-160.0,480.0,155.404338
-120.0,480.0,147.634046
-80.0,480.0,140.119141
-40.0,480.0,132.860165
0.0,480.0,125.857786
40.0,480.0,119.11283
80.0,480.0,112.626757
120.0,480.0,106.402132
160.0,480.0,100.442564
200.0,480.0,94.752608
240.0,480.0,89.337731
280.0,480.0,84.203961
320.0,480.0,79.358125
360.0,480.0,74.80745
400.0,480.0,70.559663
440.0,480.0,66.623111
480.0,480.0,63.005939
520.0,480.0,59.71716
560.0,480.0,56.765436
600.0,480.0,54.15994
640.0,480.0,51.910415
680.0,480.0,50.025339
720.0,480.0,48.514347
760.0,480.0,47.386624
800.0,480.0,46.650524
840.0,480.0,46.315384
880.0,480.0,46.388882
920.0,480.0,46.878921
960.0,480.0,47.793207
1000.0,480.0,49.138217
1040.0,480.0,50.919542
1080.0,480.0,53.133305
1120.0,480.0,55.772112
1160.0,480.0,58.829604
1200.0,480.0,62.294494
1240.0,480.0,66.158963
1280.0,480.0,70.39038
1320.0,480.0,74.919294
1360.0,480.0,79.737444
1400.0,480.0,84.842274
1440.0,480.0,90.230343
1480.0,480.0,95.896361
1520.0,480.0,101.837434
1560.0,480.0,108.048532
1600.0,480.0,114.525176
1640.0,480.0,121.264447
1680.0,480.0,128.262227
1720.0,480.0,135.514222
-1720.0,520.0,
-1680.0,520.0,
-1640.0,520.0,
-1600.0,520.0,
-1560.0,520.0,
-1520.0,520.0,
-1480.0,520.0,
-1440.0,520.0,
-1400.0,520.0,484.905886
-1360.0,520.0,470.359391
-1320.0,520.0,456.062071
-1280.0,520.0,442.013847
-1240.0,520.0,428.212751
-1200.0,520.0,414.658605
-1160.0,520.0,401.350135
-1120.0,520.0,388.28646
-1080.0,520.0,375.466828
-1040.0,520.0,362.890187
-1000.0,520.0,350.555841
-960.0,520.0,338.462968
-920.0,520.0,326.610605
-880.0,520.0,314.99842
-840.0,520.0,303.624995
-800.0,520.0,292.490279
-760.0,520.0,281.593362
-720.0,520.0,270.933466
-680.0,520.0,260.510303
-640.0,520.0,250.32321
-600.0,520.0,240.371492
-560.0,520.0,230.654948
-520.0,520.0,221.173159
-480.0,520.0,211.9257
-440.0,520.0,202.912209
-400.0,520.0,194.132597
-360.0,520.0,185.586702
-320.0,520.0,177.274441
-280.0,520.0,169.195812
-240.0,520.0,161.350884
-200.0,520.0,153.739802
-160.0,520.0,146.362892
-120.0,520.0,139.220523
-80.0,520.0,132.313167
-40.0,520.0,125.641395
0.0,520.0,119.20588
40.0,520.0,113.007419
80.0,520.0,107.047371
120.0,520.0,101.328097
160.0,520.0,95.852913
200.0,520.0,90.625994
240.0,520.0,85.65237
280.0,520.0,80.937545
320.0,520.0,76.487859
360.0,520.0,72.309958
400.0,520.0,68.410923
440.0,520.0,64.798431
480.0,520.0,61.479919
520.0,520.0,58.463622
560.0,520.0,55.757419
600.0,520.0,53.369616
640.0,520.0,51.309074
680.0,520.0,49.583508
720.0,520.0,48.201443
760.0,520.0,47.171297
800.0,520.0,46.500801
840.0,520.0,46.198263
880.0,520.0,46.270754
920.0,520.0,46.726237
960.0,520.0,47.571153
1000.0,520.0,48.812518
1040.0,520.0,50.456043
1080.0,520.0,52.497458
1120.0,520.0,54.931454
1160.0,520.0,57.750356
1200.0,520.0,60.946293
1240.0,520.0,64.50961
1280.0,520.0,68.411945
1320.0,520.0,72.582619
1360.0,520.0,77.017017
1400.0,520.0,81.7119
1440.0,520.0,86.665843
1480.0,520.0,91.875249
1520.0,520.0,97.33691
1560.0,520.0,103.048341
1600.0,520.0,109.004403
1640.0,520.0,115.203674
1680.0,520.0,121.642609
1720.0,520.0,128.31734
-1680.0,560.0,
-1640.0,560.0,
-1600.0,560.0,
-1560.0,560.0,
-1520.0,560.0,
-1480.0,560.0,
-1440.0,560.0,
-1400.0,560.0,
-1360.0,560.0,438.220873
-1320.0,560.0,425.036365
-1280.0,560.0,412.078003
-1240.0,560.0,399.345788
-1200.0,560.0,386.838545
-1160.0,560.0,374.555837
-1120.0,560.0,362.496764
-1080.0,560.0,350.660901
-1040.0,560.0,339.047238
-1000.0,560.0,327.655686
-960.0,560.0,316.484872
-920.0,560.0,305.534963
-880.0,560.0,294.804923
-840.0,560.0,284.294333
-800.0,560.0,274.002914
-760.0,560.0,263.929762
-720.0,560.0,254.074691
-680.0,560.0,244.437373
-640.0,560.0,235.017253
-600.0,560.0,225.813957
-560.0,560.0,216.827358
-520.0,560.0,208.057189
-480.0,560.0,199.503195
-440.0,560.0,191.165128
-400.0,560.0,183.043034
-360.0,560.0,175.136876
-320.0,560.0,167.446682
-280.0,560.0,159.972548
-240.0,560.0,152.714647
-200.0,560.0,145.673209
-160.0,560.0,138.848549
-120.0,560.0,132.241112
-80.0,560.0,125.851388
-40.0,560.0,119.679946
0.0,560.0,113.727432
40.0,560.0,107.994588
80.0,560.0,102.482663
120.0,560.0,97.193817
160.0,560.0,92.131089
200.0,560.0,87.298304
240.0,560.0,82.700067
280.0,560.0,78.341456
320.0,560.0,74.228353
360.0,560.0,70.36687
400.0,560.0,66.763532
440.0,560.0,63.42544
480.0,560.0,60.359431
520.0,560.0,57.573078
560.0,560.0,55.073652
600.0,560.0,52.868743
640.0,560.0,50.966512
680.0,560.0,49.374049
720.0,560.0,48.099095
760.0,560.0,47.149426
800.0,560.0,46.532172
840.0,560.0,46.255338
880.0,560.0,46.3251
920.0,560.0,46.749287
960.0,560.0,47.534502
1000.0,560.0,48.686897
1040.0,560.0,50.213101
1080.0,560.0,52.108406
1120.0,560.0,54.368296
1160.0,560.0,56.986144
1200.0,560.0,59.953565
1240.0,560.0,63.263456
1280.0,560.0,66.886094
1320.0,560.0,70.754947
1360.0,560.0,74.863291
1400.0,560.0,79.211612
1440.0,560.0,83.796785
1480.0,560.0,88.61812
1520.0,560.0,93.672092
1560.0,560.0,98.956914
1600.0,560.0,104.469781
1640.0,560.0,110.207569
1680.0,560.0,116.168982
-1680.0,600.0,
-1640.0,600.0,
-1600.0,600.0,
-1560.0,600.0,
-1520.0,600.0,
-1480.0,600.0,
-1440.0,600.0,
-1400.0,600.0,
-1360.0,600.0,410.811944
-1320.0,600.0,398.574705
-1280.0,600.0,386.546246
-1240.0,600.0,374.725265
-1200.0,600.0,363.111861
-1160.0,600.0,351.70481
-1120.0,600.0,340.504367
-1080.0,600.0,329.509073
-1040.0,600.0,318.719353
-1000.0,600.0,308.134047
-960.0,600.0,297.753037
-920.0,600.0,287.576005
-880.0,600.0,277.601966
-840.0,600.0,267.831092
-800.0,600.0,258.262914
-760.0,600.0,248.896704
-720.0,600.0,239.732549
-680.0,600.0,230.770135
-640.0,600.0,222.009
-600.0,600.0,213.448986
-560.0,600.0,205.090022
-520.0,600.0,196.931956
-480.0,600.0,188.974664
-440.0,600.0,181.21795
-400.0,600.0,173.661967
-360.0,600.0,166.306761
-320.0,600.0,159.152433
-280.0,600.0,152.199144
-240.0,600.0,145.447116
-200.0,600.0,138.896637
-160.0,600.0,132.548058
-120.0,600.0,126.401766
-80.0,600.0,120.458282
-40.0,600.0,114.718152
0.0,600.0,109.181978
40.0,600.0,103.850436
80.0,600.0,98.724659
120.0,600.0,93.806618
160.0,600.0,89.099095
200.0,600.0,84.605563
240.0,600.0,80.3303
280.0,600.0,76.278007
320.0,600.0,72.454094
360.0,600.0,68.864224
400.0,600.0,65.514437
440.0,600.0,62.411333
480.0,600.0,59.561243
520.0,600.0,56.971163
560.0,600.0,54.6479
600.0,600.0,52.598444
640.0,600.0,50.830397
680.0,600.0,49.350309
720.0,600.0,48.165443
760.0,600.0,47.282967
800.0,600.0,46.709595
840.0,600.0,46.453109
880.0,600.0,46.519029
920.0,600.0,46.91507
960.0,600.0,47.648054
1000.0,600.0,48.723406
1040.0,600.0,50.148092
1080.0,600.0,51.918317
1120.0,600.0,54.028765
1160.0,600.0,56.474301
1200.0,600.0,59.24648
1240.0,600.0,62.338675
1280.0,600.0,65.722795
1320.0,600.0,69.332051
1360.0,600.0,73.162355
1400.0,600.0,77.212333
1440.0,600.0,81.482251
1480.0,600.0,85.969341
1520.0,600.0,90.673306
1560.0,600.0,95.590872
1600.0,600.0,100.721163
1640.0,600.0,106.061273
1680.0,600.0,111.609469
-1680.0,640.0,
-1640.0,640.0,
-1600.0,640.0,
-1560.0,640.0,
-1520.0,640.0,
-1480.0,640.0,
-1440.0,640.0,
-1400.0,640.0,
-1360.0,640.0,
-1320.0,640.0,375.767199
-1280.0,640.0,364.540846
-1240.0,640.0,353.507676
-1200.0,640.0,342.666006
-1160.0,640.0,332.016566
-1120.0,640.0,321.558097
-1080.0,640.0,311.290692
-1040.0,640.0,301.213927
-1000.0,640.0,291.327041
-960.0,640.0,281.630236
-920.0,640.0,272.122796
-880.0,640.0,262.804437
-840.0,640.0,253.675129
-800.0,640.0,244.734381
-760.0,640.0,235.981857
-720.0,640.0,227.417586
-680.0,640.0,219.041353
-640.0,640.0,210.852772
-600.0,640.0,202.851824
-560.0,640.0,195.038489
-520.0,640.0,187.412694
-480.0,640.0,179.974404
-440.0,640.0,172.723498
-400.0,640.0,165.660146
-360.0,640.0,158.784471
-320.0,640.0,152.096622
-280.0,640.0,145.596797
-240.0,640.0,139.285248
-200.0,640.0,133.162277
-160.0,640.0,127.228242
-120.0,640.0,121.483553
-80.0,640.0,115.928667
-40.0,640.0,110.564091
0.0,640.0,105.390374
40.0,640.0,100.408131
80.0,640.0,95.618374
120.0,640.0,91.022889
160.0,640.0,86.62423
200.0,640.0,82.425611
240.0,640.0,78.430966
280.0,640.0,74.644631
320.0,640.0,71.071615
360.0,640.0,67.717186
400.0,640.0,64.586955
440.0,640.0,61.687089
480.0,640.0,59.023485
520.0,640.0,56.602637
560.0,640.0,54.430996
600.0,640.0,52.515046
640.0,640.0,50.861936
680.0,640.0,49.477794
720.0,640.0,48.369489
760.0,640.0,47.543753
800.0,640.0,47.006968
840.0,640.0,46.766671
880.0,640.0,46.828137
920.0,640.0,47.19876
960.0,640.0,47.885344
1000.0,640.0,48.893609
1040.0,640.0,50.229917
1080.0,640.0,51.891229
1120.0,640.0,53.872477
1160.0,640.0,56.168426
1200.0,640.0,58.772096
1240.0,640.0,61.675762
1280.0,640.0,64.853213
1320.0,640.0,68.238385
1360.0,640.0,71.827224
1400.0,640.0,75.6199
1440.0,640.0,79.615479
1480.0,640.0,83.813888
1520.0,640.0,88.212886
1560.0,640.0,92.81228
1600.0,640.0,97.609204
1640.0,640.0,102.603282
1680.0,640.0,107.791707
-1640.0,680.0,
-1600.0,680.0,
-1560.0,680.0,
-1520.0,680.0,
-1480.0,680.0,
-1440.0,680.0,
-1400.0,680.0,
-1360.0,680.0,
-1320.0,680.0,355.931437
-1280.0,680.0,345.405957
-1240.0,680.0,335.059666
-1200.0,680.0,324.892763
-1160.0,680.0,314.904782
-1120.0,680.0,305.095127
-1080.0,680.0,295.464056
-1040.0,680.0,286.010597
-1000.0,680.0,276.734917
-960.0,680.0,267.636871
-920.0,680.0,258.715615
-880.0,680.0,249.971422
-840.0,680.0,241.404092
-800.0,680.0,233.013125
-760.0,680.0,224.798475
-720.0,680.0,216.760126
-680.0,680.0,208.897937
-640.0,680.0,201.211595
-600.0,680.0,193.701157
-560.0,680.0,186.366649
-520.0,680.0,179.208057
-480.0,680.0,172.225397
-440.0,680.0,165.418654
-400.0,680.0,158.787932
-360.0,680.0,152.333438
-320.0,680.0,146.055349
-280.0,680.0,139.953883
-240.0,680.0,134.029302
-200.0,680.0,128.281911
-160.0,680.0,122.712059
-120.0,680.0,117.320133
-80.0,680.0,112.106563
-40.0,680.0,107.071811
0.0,680.0,102.21637
40.0,680.0,97.540771
80.0,680.0,93.045924
120.0,680.0,88.733457
160.0,680.0,84.605708
200.0,680.0,80.665629
240.0,680.0,76.916859
280.0,680.0,73.363411
320.0,680.0,70.009938
360.0,680.0,66.861357
400.0,680.0,63.922903
440.0,680.0,61.200363
480.0,680.0,58.699252
520.0,680.0,56.425649
560.0,680.0,54.38571
600.0,680.0,52.585494
640.0,680.0,51.031784
680.0,680.0,49.730366
720.0,680.0,48.687787
760.0,680.0,47.910467
800.0,680.0,47.404519
840.0,680.0,47.177248
880.0,680.0,47.233893
920.0,680.0,47.581463
960.0,680.0,48.226796
1000.0,680.0,49.175855
1040.0,680.0,50.434512
1080.0,680.0,52.000194
1120.0,680.0,53.868537
1160.0,680.0,56.033725
1200.0,680.0,58.489518
1240.0,680.0,61.229135
1280.0,680.0,64.225648
1320.0,680.0,67.415449
1360.0,680.0,70.793393
1400.0,680.0,74.360903
1440.0,680.0,78.117316
1480.0,680.0,82.062317
1520.0,680.0,86.195367
1560.0,680.0,90.514885
1600.0,680.0,95.020544
1640.0,680.0,99.710014
-1640.0,720.0,
-1600.0,720.0,
-1560.0,720.0,
-1520.0,720.0,
-1480.0,720.0,
-1440.0,720.0,
-1400.0,720.0,
-1360.0,720.0,
-1320.0,720.0,
-1280.0,720.0,328.639129
-1240.0,720.0,318.89846
-1200.0,720.0,309.326193
-1160.0,720.0,299.921105
-1120.0,720.0,290.683786
-1080.0,720.0,281.613787
-1040.0,720.0,272.710503
-1000.0,720.0,263.974246
-960.0,720.0,255.404622
-920.0,720.0,247.001167
-880.0,720.0,238.764112
-840.0,720.0,230.693282
-800.0,720.0,222.788172
-760.0,720.0,215.048949
-720.0,720.0,207.475566
-680.0,720.0,200.067938
-640.0,720.0,192.825821
-600.0,720.0,185.749297
-560.0,720.0,178.838443
-520.0,720.0,172.093283
-480.0,720.0,165.513871
-440.0,720.0,159.100284
-400.0,720.0,152.852538
-360.0,720.0,146.770915
-320.0,720.0,140.855604
-280.0,720.0,135.106832
-240.0,720.0,129.524859
-200.0,720.0,124.109983
-160.0,720.0,118.862534
-120.0,720.0,113.782874
-80.0,720.0,108.871393
-40.0,720.0,104.128508
0.0,720.0,99.554652
40.0,720.0,95.150287
80.0,720.0,90.916219
120.0,720.0,86.853927
160.0,720.0,82.965558
200.0,720.0,79.253828
240.0,720.0,75.722112
280.0,720.0,72.374135
320.0,720.0,69.214232
360.0,720.0,66.247011
400.0,720.0,63.47737
440.0,720.0,60.910769
480.0,720.0,58.552336
520.0,720.0,56.407936
560.0,720.0,54.48335
600.0,720.0,52.784321
640.0,720.0,51.317325
680.0,720.0,50.087881
720.0,720.0,49.102254
760.0,720.0,48.366655
800.0,720.0,47.886972
840.0,720.0,47.670326
880.0,720.0,47.721934
920.0,720.0,48.048514
960.0,720.0,48.65693
1000.0,720.0,49.553222
1040.0,720.0,50.743199
1080.0,720.0,52.22435
1120.0,720.0,53.992739
1160.0,720.0,56.04288
1200.0,720.0,58.368316
1240.0,720.0,60.963191
1280.0,720.0,63.800487
1320.0,720.0,66.817566
1360.0,720.0,70.010554
1400.0,720.0,73.379385
1440.0,720.0,76.925298
1480.0,720.0,80.647045
1520.0,720.0,84.545059
1560.0,720.0,88.618222
1600.0,720.0,92.865715
1640.0,720.0,97.286877
-1600.0,760.0,
-1560.0,760.0,
-1520.0,760.0,
-1480.0,760.0,
-1440.0,760.0,
-1400.0,760.0,
-1360.0,760.0,
-1320.0,760.0,
-1280.0,760.0,313.850122
-1240.0,760.0,304.647531
-1200.0,760.0,295.602999
-1160.0,760.0,286.716274
-1120.0,760.0,277.987594
-1080.0,760.0,269.416226
-1040.0,760.0,261.002266
-1000.0,760.0,252.745743
-960.0,760.0,244.646159
-920.0,760.0,236.703452
-880.0,760.0,228.917717
-840.0,760.0,221.288827
-800.0,760.0,213.816289
-760.0,760.0,206.500411
-720.0,760.0,199.341132
-680.0,760.0,192.338406
-640.0,760.0,185.492061
-600.0,760.0,178.802164
-560.0,760.0,172.26884
-520.0,760.0,165.892143
-480.0,760.0,159.672152
-440.0,760.0,153.608974
-400.0,760.0,147.702684
-360.0,760.0,141.953462
-320.0,760.0,136.36156
-280.0,760.0,130.927203
-240.0,760.0,125.650644
-200.0,760.0,120.532164
-160.0,760.0,115.572069
-120.0,760.0,110.770692
-80.0,760.0,106.128383
-40.0,760.0,101.64551
0.0,760.0,97.32245
40.0,760.0,93.159596
80.0,760.0,89.15766
120.0,760.0,85.317987
160.0,760.0,81.64255
200.0,760.0,78.133854
240.0,760.0,74.795039
280.0,760.0,71.629571
320.0,760.0,68.641505
360.0,760.0,65.83517
400.0,760.0,63.21517
440.0,760.0,60.786669
480.0,760.0,58.554463
520.0,760.0,56.52424
560.0,760.0,54.701458
600.0,760.0,53.091586
640.0,760.0,51.700852
680.0,760.0,50.53455
720.0,760.0,49.598704
760.0,760.0,48.89939
800.0,760.0,48.442304
840.0,760.0,48.234413
880.0,760.0,48.280917
920.0,760.0,48.588324
960.0,760.0,49.163504
1000.0,760.0,50.01247
1040.0,760.0,51.141225
1080.0,760.0,52.547079
1120.0,760.0,54.226442
1160.0,760.0,56.174399
1200.0,760.0,58.384025
1240.0,760.0,60.849966
1280.0,760.0,63.54625
1320.0,760.0,66.410089
1360.0,760.0,69.438523
1400.0,760.0,72.631666
1440.0,760.0,75.990153
1480.0,760.0,79.514524
1520.0,760.0,83.203398
1560.0,760.0,87.057757
1600.0,760.0,91.075895
-1600.0,800.0,
-1560.0,800.0,
-1520.0,800.0,
-1480.0,800.0,
-1440.0,800.0,
-1400.0,800.0,
-1360.0,800.0,
-1320.0,800.0,
-1280.0,800.0,
-1240.0,800.0,292.009236
-1200.0,800.0,283.436718
-1160.0,800.0,275.013778
-1120.0,800.0,266.740183
-1080.0,800.0,258.615174
-1040.0,800.0,250.639252
-1000.0,800.0,242.812266
-960.0,800.0,235.133638
-920.0,800.0,227.603621
-880.0,800.0,220.2222
-840.0,800.0,212.989258
-800.0,800.0,205.904411
-760.0,800.0,198.967965
-720.0,800.0,192.179886
-680.0,800.0,185.54016
-640.0,800.0,179.048683
-600.0,800.0,172.705476
-560.0,800.0,166.510718
-520.0,800.0,160.464479
-480.0,800.0,154.566855
-440.0,800.0,148.817966
-400.0,800.0,143.217956
-360.0,800.0,137.766903
-320.0,800.0,132.465084
-280.0,800.0,127.312732
-240.0,800.0,122.310084
-200.0,800.0,117.457404
-160.0,800.0,112.754971
-120.0,800.0,108.203084
-80.0,800.0,103.802053
-40.0,800.0,99.552199
0.0,800.0,95.453844
40.0,800.0,91.507319
80.0,800.0,87.713249
120.0,800.0,84.072857
160.0,800.0,80.587961
200.0,800.0,77.260877
240.0,800.0,74.094535
280.0,800.0,71.092172
320.0,800.0,68.257588
360.0,800.0,65.594869
400.0,800.0,63.108357
440.0,800.0,60.802884
480.0,800.0,58.683154
520.0,800.0,56.754515
560.0,800.0,55.022203
600.0,800.0,53.491456
640.0,800.0,52.168289
680.0,800.0,51.057812
720.0,800.0,50.165832
760.0,800.0,49.498351
800.0,800.0,49.060895
840.0,800.0,48.860291
880.0,800.0,48.901735
920.0,800.0,49.191576
960.0,800.0,49.736675
1000.0,800.0,50.543019
1040.0,800.0,51.616751
1080.0,800.0,52.95507
1120.0,800.0,54.554671
1160.0,800.0,56.41101
1200.0,800.0,58.517117
1240.0,800.0,60.867722
1280.0,800.0,63.437697
1320.0,800.0,66.164821
1360.0,800.0,69.046085
1400.0,800.0,72.082595
1440.0,800.0,75.273765
1480.0,800.0,78.621044
1520.0,800.0,82.123941
1560.0,800.0,85.782011
1600.0,800.0,89.595778
-1560.0,840.0,
-1520.0,840.0,
-1480.0,840.0,
-1440.0,840.0,
-1400.0,840.0,
-1360.0,840.0,
-1320.0,840.0,
-1280.0,840.0,
-1240.0,840.0,
-1200.0,840.0,272.597361
-1160.0,840.0,264.591882
-1120.0,840.0,256.72781
-1080.0,840.0,249.004924
-1040.0,840.0,241.423494
-1000.0,840.0,233.98338
-960.0,840.0,226.684025
-920.0,840.0,219.525844
-880.0,840.0,212.508764
-840.0,840.0,205.632682
-800.0,840.0,198.897293
-760.0,840.0,192.302894
-720.0,840.0,185.849478
-680.0,840.0,179.537052
-640.0,840.0,173.365587
-600.0,840.0,167.335025
-560.0,840.0,161.445602
-520.0,840.0,155.697402
-480.0,840.0,150.090529
-440.0,840.0,144.625108
-400.0,840.0,139.301284
-360.0,840.0,134.11922
-320.0,840.0,129.079019
-280.0,840.0,124.180982
-240.0,840.0,119.42533
-200.0,840.0,114.812304
-160.0,840.0,110.342155
-120.0,840.0,106.015148
-80.0,840.0,101.831555
-40.0,840.0,97.791651
0.0,840.0,93.895707
40.0,840.0,90.143996
80.0,840.0,86.537064
120.0,840.0,83.076024
160.0,840.0,79.762556
200.0,840.0,76.59881
240.0,840.0,73.587521
280.0,840.0,70.731727
320.0,840.0,68.035002
360.0,840.0,65.501214
400.0,840.0,63.134418
440.0,840.0,60.939297
480.0,840.0,58.920344
520.0,840.0,57.082647
560.0,840.0,55.431249
600.0,840.0,53.971188
640.0,840.0,52.708298
680.0,840.0,51.6475
720.0,840.0,50.794501
760.0,840.0,50.155176
800.0,840.0,49.734928
840.0,840.0,49.540463
880.0,840.0,49.576961
920.0,840.0,49.850666
960.0,840.0,50.368413
1000.0,840.0,51.136159
1040.0,840.0,52.160141
1080.0,840.0,53.437509
1120.0,840.0,54.965187
1160.0,840.0,56.738802
1200.0,840.0,58.751817
1240.0,840.0,60.998574
1280.0,840.0,63.454618
1320.0,840.0,66.059053
1360.0,840.0,68.808085
1400.0,840.0,71.703274
1440.0,840.0,74.744792
1480.0,840.0,77.932933
1520.0,840.0,81.268516
1560.0,840.0,84.75051
-1560.0,880.0,
-1520.0,880.0,
-1480.0,880.0,
-1440.0,880.0,
-1400.0,880.0,
-1360.0,880.0,
-1320.0,880.0,
-1280.0,880.0,
-1240.0,880.0,
-1200.0,880.0,262.898299
-1160.0,880.0,255.270641
-1120.0,880.0,247.77728
-1080.0,880.0,240.418437
-1040.0,880.0,233.194193
-1000.0,880.0,226.10435
-960.0,880.0,219.148572
-920.0,880.0,212.327192
-880.0,880.0,205.640163
-840.0,880.0,199.087406
-800.0,880.0,192.668649
-760.0,880.0,186.384198
-720.0,880.0,180.234061
-680.0,880.0,174.218264
-640.0,880.0,168.336847
-600.0,880.0,162.589666
-560.0,880.0,156.977005
-520.0,880.0,151.498958
-480.0,880.0,146.155635
-440.0,880.0,140.94716
-400.0,880.0,135.873677
-360.0,880.0,130.935343
-320.0,880.0,126.132334
-280.0,880.0,121.464768
-240.0,880.0,116.932931
-200.0,880.0,112.537039
-160.0,880.0,108.277316
-120.0,880.0,104.153994
-80.0,880.0,100.167306
-40.0,880.0,96.317485
0.0,880.0,92.604755
40.0,880.0,89.029338
80.0,880.0,85.591705
120.0,880.0,82.292873
160.0,880.0,79.134399
200.0,880.0,76.118283
240.0,880.0,73.247086
280.0,880.0,70.523671
320.0,880.0,67.951407
360.0,880.0,65.533924
400.0,880.0,63.275118
440.0,880.0,61.179509
480.0,880.0,59.251354
520.0,880.0,57.495537
560.0,880.0,55.916935
600.0,880.0,54.520409
640.0,880.0,53.311635
680.0,880.0,52.295345
720.0,880.0,51.47723
760.0,880.0,50.863002
800.0,880.0,50.457972
840.0,880.0,50.268738
880.0,880.0,50.300456
920.0,880.0,50.559304
960.0,880.0,51.052075
1000.0,880.0,51.784692
1040.0,880.0,52.763381
1080.0,880.0,53.985495
1120.0,880.0,55.447944
1160.0,880.0,57.146577
1200.0,880.0,59.075227
1240.0,880.0,61.227924
1280.0,880.0,63.580829
1320.0,880.0,66.074223
1360.0,880.0,68.703828
1400.0,880.0,71.471374
1440.0,880.0,74.377665
1480.0,880.0,77.422177
1520.0,880.0,80.606164
1560.0,880.0,83.929596
-1520.0,920.0,
-1480.0,920.0,
-1440.0,920.0,
-1400.0,920.0,
-1360.0,920.0,
-1320.0,920.0,
-1280.0,920.0,
-1240.0,920.0,
-1200.0,920.0,
-1160.0,920.0,246.902439
-1120.0,920.0,239.746298
-1080.0,920.0,232.718627
-1040.0,920.0,225.819353
-1000.0,920.0,219.048242
-960.0,920.0,212.405121
-920.0,920.0,205.890261
-880.0,920.0,199.503636
-840.0,920.0,193.245202
-800.0,920.0,187.114683
-760.0,920.0,181.112402
-720.0,920.0,175.238382
-680.0,920.0,169.492659
-640.0,920.0,163.875285
-600.0,920.0,158.386198
-560.0,920.0,153.025545
-520.0,920.0,147.793489
-480.0,920.0,142.690139
-440.0,920.0,137.715619
-400.0,920.0,132.870066
-360.0,920.0,128.153628
-320.0,920.0,123.566471
-280.0,920.0,119.108767
-240.0,920.0,114.780657
-200.0,920.0,110.582367
-160.0,920.0,106.514111
-120.0,920.0,102.576091
-80.0,920.0,98.768502
-40.0,920.0,95.091539
0.0,920.0,91.545382
40.0,920.0,88.130206
80.0,920.0,84.846418
120.0,920.0,81.694947
160.0,920.0,78.67724
200.0,920.0,75.795164
240.0,920.0,73.051125
280.0,920.0,70.447829
320.0,920.0,67.988402
360.0,920.0,65.676388
400.0,920.0,63.515504
440.0,920.0,61.510057
480.0,920.0,59.664131
520.0,920.0,57.982426
560.0,920.0,56.469674
600.0,920.0,55.130578
640.0,920.0,53.970679
680.0,920.0,52.994525
720.0,920.0,52.207822
760.0,920.0,51.616126
800.0,920.0,51.224668
840.0,920.0,51.039947
880.0,920.0,51.067083
920.0,920.0,51.312222
960.0,920.0,51.7821
1000.0,920.0,52.482603
1040.0,920.0,53.419916
1080.0,920.0,54.591625
1120.0,920.0,55.994602
1160.0,920.0,57.624905
1200.0,920.0,59.476634
1240.0,920.0,61.543724
1280.0,920.0,63.802755
1320.0,920.0,66.194907
1360.0,920.0,68.716289
1400.0,920.0,71.367952
1440.0,920.0,74.151053
1480.0,920.0,77.065669
1520.0,920.0,80.112094
-1520.0,960.0,
-1480.0,960.0,
-1440.0,960.0,
-1400.0,960.0,
-1360.0,960.0,
-1320.0,960.0,
-1280.0,960.0,
-1240.0,960.0,
-1200.0,960.0,
-1160.0,960.0,
-1120.0,960.0,232.516989
-1080.0,960.0,225.791905
-1040.0,960.0,219.189581
-1000.0,960.0,212.709764
-960.0,960.0,206.352392
-920.0,960.0,200.117695
-880.0,960.0,194.005661
-840.0,960.0,188.016287
-800.0,960.0,182.149277
-760.0,960.0,176.404965
-720.0,960.0,170.78339
-680.0,960.0,165.284597
-640.0,960.0,159.908641
-600.0,960.0,154.655549
-560.0,960.0,149.525311
-520.0,960.0,144.518167
-480.0,960.0,139.634222
-440.0,960.0,134.873594
-400.0,960.0,130.236413
-360.0,960.0,125.722817
-320.0,960.0,121.332957
-280.0,960.0,117.066989
-240.0,960.0,112.925077
-200.0,960.0,108.907389
-160.0,960.0,105.014059
-120.0,960.0,101.245295
-80.0,960.0,97.601269
-40.0,960.0,94.082134
0.0,960.0,90.688036
40.0,960.0,87.419104
80.0,960.0,84.275689
120.0,960.0,81.258643
160.0,960.0,78.369313
200.0,960.0,75.60945
240.0,960.0,72.981284
280.0,960.0,70.487394
320.0,960.0,68.130812
360.0,960.0,65.914891
400.0,960.0,63.843168
440.0,960.0,61.919788
480.0,960.0,60.148683
520.0,960.0,58.534388
560.0,960.0,57.081506
600.0,960.0,55.794596
640.0,960.0,54.679045
680.0,960.0,53.739327
720.0,960.0,52.981084
760.0,960.0,52.409757
800.0,960.0,52.0305
840.0,960.0,51.849722
880.0,960.0,51.872494
920.0,960.0,52.10496
960.0,960.0,52.553783
1000.0,960.0,53.224807
1040.0,960.0,54.124173
1080.0,960.0,55.249666
1120.0,960.0,56.598163
1160.0,960.0,58.165893
1200.0,960.0,59.947081
1240.0,960.0,61.935933
1280.0,960.0,64.109101
1320.0,960.0,66.408757
1360.0,960.0,68.831332
1400.0,960.0,71.377287
1440.0,960.0,74.048063
1480.0,960.0,76.844242
1520.0,960.0,79.765281
-1480.0,1000.0,
-1440.0,1000.0,
-1400.0,1000.0,
-1360.0,1000.0,
-1320.0,1000.0,
-1280.0,1000.0,
-1240.0,1000.0,
-1200.0,1000.0,
-1160.0,1000.0,
-1120.0,1000.0,
-1080.0,1000.0,219.543337
-1040.0,1000.0,213.213434
-1000.0,1000.0,207.000886
-960.0,1000.0,200.905695
-920.0,1000.0,194.928071
-880.0,1000.0,189.068011
-840.0,1000.0,183.325525
-800.0,1000.0,177.700379
-760.0,1000.0,172.192818
-720.0,1000.0,166.80293
-680.0,1000.0,161.530764
-640.0,1000.0,156.376379
-600.0,1000.0,151.339846
-560.0,1000.0,146.421123
-520.0,1000.0,141.62039
-480.0,1000.0,136.937795
-440.0,1000.0,132.373448
-400.0,1000.0,127.927469
-360.0,1000.0,123.599986
-320.0,1000.0,119.391134
-280.0,1000.0,115.301053
-240.0,1000.0,111.329886
-200.0,1000.0,107.477779
-160.0,1000.0,103.744877
-120.0,1000.0,100.13132
-80.0,1000.0,96.637242
-40.0,1000.0,93.262764
0.0,1000.0,90.007993
40.0,1000.0,86.873033
80.0,1000.0,83.858179
120.0,1000.0,80.964205
160.0,1000.0,78.192373
200.0,1000.0,75.544333
240.0,1000.0,73.02222
280.0,1000.0,70.628479
320.0,1000.0,68.365982
360.0,1000.0,66.23794
400.0,1000.0,64.247742
440.0,1000.0,62.399382
480.0,1000.0,60.696659
520.0,1000.0,59.143957
560.0,1000.0,57.745761
600.0,1000.0,56.506511
640.0,1000.0,55.431376
680.0,1000.0,54.524935
720.0,1000.0,53.792628
760.0,1000.0,53.239828
800.0,1000.0,52.871624
840.0,1000.0,52.694335
880.0,1000.0,52.712973
920.0,1000.0,52.933701
960.0,1000.0,53.363099
1000.0,1000.0,54.006965
1040.0,1000.0,54.87139
1080.0,1000.0,55.954329
1120.0,1000.0,57.252698
1160.0,1000.0,58.762874
1200.0,1000.0,60.479196
1240.0,1000.0,62.396102
1280.0,1000.0,64.49038
1320.0,1000.0,66.705153
1360.0,1000.0,69.037022
1400.0,1000.0,71.486219
1440.0,1000.0,74.054134
1480.0,1000.0,76.741486
-1440.0,1040.0,
-1400.0,1040.0,
-1360.0,1040.0,
-1320.0,1040.0,
-1280.0,1040.0,
-1240.0,1040.0,
-1200.0,1040.0,
-1160.0,1040.0,
-1120.0,1040.0,
-1080.0,1040.0,
-1040.0,1040.0,207.813868
-1000.0,1040.0,201.847427
-960.0,1040.0,195.993657
-920.0,1040.0,190.252761
-880.0,1040.0,184.624744
-840.0,1040.0,179.109623
-800.0,1040.0,173.707237
-760.0,1040.0,168.417717
-720.0,1040.0,163.241208
-680.0,1040.0,158.177762
-640.0,1040.0,153.22744
-600.0,1040.0,148.390312
-560.0,1040.0,143.66643
-520.0,1040.0,139.055783
-480.0,1040.0,134.558602
-440.0,1040.0,130.174991
-400.0,1040.0,125.905059
-360.0,1040.0,121.748922
-320.0,1040.0,117.7067
-280.0,1040.0,113.778515
-240.0,1040.0,109.964492
-200.0,1040.0,106.264756
-160.0,1040.0,102.679426
-120.0,1040.0,99.208618
-80.0,1040.0,95.852437
-40.0,1040.0,92.610977
0.0,1040.0,89.484314
40.0,1040.0,86.472508
80.0,1040.0,83.575811
120.0,1040.0,80.794949
160.0,1040.0,78.131096
200.0,1040.0,75.58581
240.0,1040.0,73.161112
280.0,1040.0,70.859339
320.0,1040.0,68.683225
360.0,1040.0,66.63586
400.0,1040.0,64.720498
440.0,1040.0,62.940988
480.0,1040.0,61.301018
520.0,1040.0,59.804831
560.0,1040.0,58.456807
600.0,1040.0,57.261235
640.0,1040.0,56.223188
680.0,1040.0,55.347253
720.0,1040.0,54.638705
760.0,1040.0,54.10286
800.0,1040.0,53.744739
840.0,1040.0,53.570576
880.0,1040.0,53.585313
920.0,1040.0,53.795154
960.0,1040.0,54.206579
1000.0,1040.0,54.82534
1040.0,1040.0,55.657474
1080.0,1040.0,56.701079
1120.0,1040.0,57.953142
1160.0,1040.0,59.410165
1200.0,1040.0,61.066594
1240.0,1040.0,62.917068
1280.0,1040.0,64.938561
1320.0,1040.0,67.075111
1360.0,1040.0,69.323324
1400.0,1040.0,71.683642
1440.0,1040.0,74.156986
-1440.0,1080.0,
-1400.0,1080.0,
-1360.0,1080.0,
-1320.0,1080.0,
-1280.0,1080.0,
-1240.0,1080.0,
-1200.0,1080.0,
-1160.0,1080.0,
-1120.0,1080.0,
-1080.0,1080.0,
-1040.0,1080.0,
-1000.0,1080.0,197.186434
-960.0,1080.0,191.555698
-920.0,1080.0,186.033506
-880.0,1080.0,180.619873
-840.0,1080.0,175.31482
-800.0,1080.0,170.118263
-760.0,1080.0,165.0302
-720.0,1080.0,160.050841
-680.0,1080.0,155.180239
-640.0,1080.0,150.418454
-600.0,1080.0,145.765555
-560.0,1080.0,141.221617
-520.0,1080.0,136.78665
-480.0,1080.0,132.460749
-440.0,1080.0,128.244085
-400.0,1080.0,124.136756
-360.0,1080.0,120.138865
-320.0,1080.0,116.250518
-280.0,1080.0,112.471821
-240.0,1080.0,108.80288
-200.0,1080.0,105.243799
-160.0,1080.0,101.794676
-120.0,1080.0,98.455603
-80.0,1080.0,95.226659
-40.0,1080.0,92.10791
0.0,1080.0,89.099407
40.0,1080.0,86.20118
80.0,1080.0,83.413439
120.0,1080.0,80.73686
160.0,1080.0,78.17254
200.0,1080.0,75.72196
240.0,1080.0,73.387037
280.0,1080.0,71.170007
320.0,1080.0,69.073484
360.0,1080.0,67.100447
400.0,1080.0,65.254029
440.0,1080.0,63.537944
480.0,1080.0,61.955781
520.0,1080.0,60.511654
560.0,1080.0,59.209845
600.0,1080.0,58.054441
640.0,1080.0,57.050607
680.0,1080.0,56.202767
720.0,1080.0,55.516094
760.0,1080.0,54.995847
800.0,1080.0,54.646985
840.0,1080.0,54.475659
880.0,1080.0,54.486727
920.0,1080.0,54.686452
960.0,1080.0,55.081206
1000.0,1080.0,55.67669
1040.0,1080.0,56.478882
1080.0,1080.0,57.486001
1120.0,1080.0,58.695134
1160.0,1080.0,60.102886
1200.0,1080.0,61.703806
1240.0,1080.0,63.492703
1280.0,1080.0,65.446788
1320.0,1080.0,67.510981
1360.0,1080.0,69.681886
1400.0,1080.0,71.960114
1440.0,1080.0,74.346187
-1400.0,1120.0,
-1360.0,1120.0,
-1320.0,1120.0,
-1280.0,1120.0,
-1240.0,1120.0,
-1200.0,1120.0,
-1160.0,1120.0,
-1120.0,1120.0,
-1080.0,1120.0,
-1040.0,1120.0,
-1000.0,1120.0,
-960.0,1120.0,187.540058
-920.0,1120.0,182.220531
-880.0,1120.0,177.00556
-840.0,1120.0,171.895173
-800.0,1120.0,166.889367
-760.0,1120.0,161.987992
-720.0,1120.0,157.191328
-680.0,1120.0,152.499427
-640.0,1120.0,147.912349
-600.0,1120.0,143.430158
-560.0,1120.0,139.052925
-520.0,1120.0,134.780727
-480.0,1120.0,130.61355
-440.0,1120.0,126.551545
-400.0,1120.0,122.594839
-360.0,1120.0,118.743522
-320.0,1120.0,114.997686
-280.0,1120.0,111.357421
-240.0,1120.0,107.822816
-200.0,1120.0,104.393955
-160.0,1120.0,101.070918
-120.0,1120.0,97.853771
-80.0,1120.0,94.742575
-40.0,1120.0,91.73737
0.0,1120.0,88.838182
40.0,1120.0,86.045016
80.0,1120.0,83.358047
120.0,1120.0,80.777904
160.0,1120.0,78.305618
200.0,1120.0,75.942598
240.0,1120.0,73.69067
280.0,1120.0,71.551979
320.0,1120.0,69.529029
360.0,1120.0,67.624699
400.0,1120.0,65.842011
440.0,1120.0,64.184558
480.0,1120.0,62.655836
520.0,1120.0,61.259839
560.0,1120.0,60.000665
600.0,1120.0,58.88249
640.0,1120.0,57.910297
680.0,1120.0,57.088441
720.0,1120.0,56.421998
760.0,1120.0,55.916175
800.0,1120.0,55.575868
840.0,1120.0,55.407111
880.0,1120.0,55.414772
920.0,1120.0,55.605085
960.0,1120.0,55.984339
1000.0,1120.0,56.558179
1040.0,1120.0,57.332524
1080.0,1120.0,58.305689
1120.0,1120.0,59.47489
1160.0,1120.0,60.836813
1200.0,1120.0,62.386111
1240.0,1120.0,64.117731
1280.0,1120.0,66.009171
1320.0,1120.0,68.006196
1360.0,1120.0,70.105411
1400.0,1120.0,72.307554
-1360.0,1160.0,
-1320.0,1160.0,
-1280.0,1160.0,
-1240.0,1160.0,
-1200.0,1160.0,
-1160.0,1160.0,
-1120.0,1160.0,
-1080.0,1160.0,
-1040.0,1160.0,
-1000.0,1160.0,
-960.0,1160.0,
-920.0,1160.0,178.771044
-880.0,1160.0,173.740679
-840.0,1160.0,168.811183
-800.0,1160.0,163.982589
-760.0,1160.0,159.254745
-720.0,1160.0,154.627844
-680.0,1160.0,150.101992
-640.0,1160.0,145.677245
-600.0,1160.0,141.353665
-560.0,1160.0,137.131315
-520.0,1160.0,133.010267
-480.0,1160.0,128.990593
-440.0,1160.0,125.072277
-400.0,1160.0,121.255474
-360.0,1160.0,117.540286
-320.0,1160.0,113.926793
-280.0,1160.0,110.415069
-240.0,1160.0,107.005188
-200.0,1160.0,103.697215
-160.0,1160.0,100.491211
-120.0,1160.0,97.387226
-80.0,1160.0,94.385295
-40.0,1160.0,91.485441
0.0,1160.0,88.687668
40.0,1160.0,85.99196
80.0,1160.0,83.398456
120.0,1160.0,80.907749
160.0,1160.0,78.520809
200.0,1160.0,76.238982
240.0,1160.0,74.064008
280.0,1160.0,71.997954
320.0,1160.0,70.043223
360.0,1160.0,68.202602
400.0,1160.0,66.479012
440.0,1160.0,64.875934
480.0,1160.0,63.39678
520.0,1160.0,62.045356
560.0,1160.0,60.825794
600.0,1160.0,59.742182
640.0,1160.0,58.799359
680.0,1160.0,58.00163
720.0,1160.0,57.353976
760.0,1160.0,56.861553
800.0,1160.0,56.529196
840.0,1160.0,56.362766
880.0,1160.0,56.367295
920.0,1160.0,56.54884
960.0,1160.0,56.91365
1000.0,1160.0,57.467312
1040.0,1160.0,58.215684
1080.0,1160.0,59.15716
1120.0,1160.0,60.289103
1160.0,1160.0,61.608268
1200.0,1160.0,63.109405
1240.0,1160.0,64.78758
1280.0,1160.0,66.620611
1320.0,1160.0,68.555084
1360.0,1160.0,70.587601
-1320.0,1200.0,
-1280.0,1200.0,
-1240.0,1200.0,
-1200.0,1200.0,
-1160.0,1200.0,
-1120.0,1200.0,
-1080.0,1200.0,
-1040.0,1200.0,
-1000.0,1200.0,
-960.0,1200.0,
-920.0,1200.0,
-880.0,1200.0,170.789678
-840.0,1200.0,166.028705
-800.0,1200.0,161.365173
-760.0,1200.0,156.799034
-720.0,1200.0,152.330281
-680.0,1200.0,147.959112
-640.0,1200.0,143.68558
-600.0,1200.0,139.509741
-560.0,1200.0,135.431655
-520.0,1200.0,131.451385
-480.0,1200.0,127.568996
-440.0,1200.0,123.784555
-400.0,1200.0,120.098055
-360.0,1200.0,116.509616
-320.0,1200.0,113.019333
-280.0,1200.0,109.627268
-240.0,1200.0,106.333479
-200.0,1200.0,103.138017
-160.0,1200.0,100.040923
-120.0,1200.0,97.04223
-80.0,1200.0,94.141957
-40.0,1200.0,91.340108
0.0,1200.0,88.636666
40.0,1200.0,86.031599
80.0,1200.0,83.525017
120.0,1200.0,81.117476
160.0,1200.0,78.809896
200.0,1200.0,76.603563
240.0,1200.0,74.500143
280.0,1200.0,72.50163
320.0,1200.0,70.610334
360.0,1200.0,68.828959
400.0,1200.0,67.160334
440.0,1200.0,65.607836
480.0,1200.0,64.174725
520.0,1200.0,62.864809
560.0,1200.0,61.682158
600.0,1200.0,60.630731
640.0,1200.0,59.715267
680.0,1200.0,58.940022
720.0,1200.0,58.309886
760.0,1200.0,57.829965
800.0,1200.0,57.505032
840.0,1200.0,57.340771
880.0,1200.0,57.342387
920.0,1200.0,57.515752
960.0,1200.0,57.867074
1000.0,1200.0,58.401881
1040.0,1200.0,59.125967
1080.0,1200.0,60.037785
1120.0,1200.0,61.13487
1160.0,1200.0,62.414027
1200.0,1200.0,63.870104
1240.0,1200.0,65.49826
1280.0,1200.0,67.276671
1320.0,1200.0,69.152716
-1280.0,1240.0,
-1240.0,1240.0,
-1200.0,1240.0,
-1160.0,1240.0,
-1120.0,1240.0,
-1080.0,1240.0,
-1040.0,1240.0,
-1000.0,1240.0,
-960.0,1240.0,
-920.0,1240.0,
-880.0,1240.0,
-840.0,1240.0,
-800.0,1240.0,159.008678
-760.0,1240.0,154.593533
-720.0,1240.0,150.272474
-680.0,1240.0,146.045741
-640.0,1240.0,141.913401
-600.0,1240.0,137.875504
-560.0,1240.0,133.932106
-520.0,1240.0,130.083262
-480.0,1240.0,126.329029
-440.0,1240.0,122.669465
-400.0,1240.0,119.104627
-360.0,1240.0,115.634534
-320.0,1240.0,112.25923
-280.0,1240.0,108.97882
-240.0,1240.0,105.793346
-200.0,1240.0,102.702845
-160.0,1240.0,99.707345
-120.0,1240.0,96.80686
-80.0,1240.0,94.001395
-40.0,1240.0,91.290937
0.0,1240.0,88.675454
40.0,1240.0,86.154898
80.0,1240.0,83.729354
120.0,1240.0,81.399346
160.0,1240.0,79.165747
200.0,1240.0,77.029793
240.0,1240.0,74.993078
280.0,1240.0,73.057532
320.0,1240.0,71.225382
360.0,1240.0,69.499255
400.0,1240.0,67.881894
440.0,1240.0,66.376485
480.0,1240.0,64.986376
520.0,1240.0,63.715246
560.0,1240.0,62.567059
600.0,1240.0,61.545695
640.0,1240.0,60.655798
680.0,1240.0,59.901576
720.0,1240.0,59.287833
760.0,1240.0,58.819622
800.0,1240.0,58.501577
840.0,1240.0,58.339433
880.0,1240.0,58.338343
920.0,1240.0,58.504069
960.0,1240.0,58.842773
1000.0,1240.0,59.359922
1040.0,1240.0,60.061227
1080.0,1240.0,60.945238
1120.0,1240.0,62.009625
1160.0,1240.0,63.251249
1200.0,1240.0,64.665052
1240.0,1240.0,66.246269
1280.0,1240.0,67.973465
-1240.0,1280.0,
-1200.0,1280.0,
-1160.0,1280.0,
-1120.0,1280.0,
-1080.0,1280.0,
-1040.0,1280.0,
-1000.0,1280.0,
-960.0,1280.0,
-920.0,1280.0,
-880.0,1280.0,
-840.0,1280.0,
-800.0,1280.0,
-760.0,1280.0,152.614324
-720.0,1280.0,148.43158
-680.0,1280.0,144.340012
-640.0,1280.0,140.339795
-600.0,1280.0,136.430976
-560.0,1280.0,132.613602
-520.0,1280.0,128.887722
-480.0,1280.0,125.253387
-440.0,1280.0,121.710644
-400.0,1280.0,118.259542
-360.0,1280.0,114.900126
-320.0,1280.0,111.632438
-280.0,1280.0,108.456459
-240.0,1280.0,105.37227
-200.0,1280.0,102.379909
-160.0,1280.0,99.479389
-120.0,1280.0,96.670712
-80.0,1280.0,93.953868
-40.0,1280.0,91.328831
0.0,1280.0,88.795555
40.0,1280.0,86.353978
80.0,1280.0,84.004164
120.0,1280.0,81.746609
160.0,1280.0,79.582143
200.0,1280.0,77.511957
240.0,1280.0,75.537582
280.0,1280.0,73.660887
320.0,1280.0,71.884023
360.0,1280.0,70.2095
400.0,1280.0,68.639992
440.0,1280.0,67.178716
480.0,1280.0,65.828871
520.0,1280.0,64.594042
560.0,1280.0,63.478126
600.0,1280.0,62.484923
640.0,1280.0,61.61899
680.0,1280.0,60.884487
720.0,1280.0,60.286132
760.0,1280.0,59.828928
800.0,1280.0,59.517335
840.0,1280.0,59.357237
880.0,1280.0,59.35364
920.0,1280.0,59.512222
960.0,1280.0,59.839099
1000.0,1280.0,60.339677
1040.0,1280.0,61.019523
1080.0,1280.0,61.877445
1120.0,1280.0,62.911089
1160.0,1280.0,64.117417
1200.0,1280.0,65.491463
1240.0,1280.0,67.028522
-1200.0,1320.0,
-1160.0,1320.0,
-1120.0,1320.0,
-1080.0,1320.0,
-1040.0,1320.0,
-1000.0,1320.0,
-960.0,1320.0,
-920.0,1320.0,
-880.0,1320.0,
-840.0,1320.0,
-800.0,1320.0,
-760.0,1320.0,
-720.0,1320.0,
-680.0,1320.0,142.822747
-640.0,1320.0,138.946423
-600.0,1320.0,135.158634
-560.0,1320.0,131.459421
-520.0,1320.0,127.848828
-480.0,1320.0,124.326895
-440.0,1320.0,120.893664
-400.0,1320.0,117.549173
-360.0,1320.0,114.293459
-320.0,1320.0,111.126551
-280.0,1320.0,108.048478
-240.0,1320.0,105.059257
-200.0,1320.0,102.158872
-160.0,1320.0,99.347339
-120.0,1320.0,96.62467
-80.0,1320.0,93.990843
-40.0,1320.0,91.445818
0.0,1320.0,88.989541
40.0,1320.0,86.621936
80.0,1320.0,84.34305
120.0,1320.0,82.153351
160.0,1320.0,80.053635
200.0,1320.0,78.045051
240.0,1320.0,76.12907
280.0,1320.0,74.307463
320.0,1320.0,72.582336
360.0,1320.0,70.956192
400.0,1320.0,69.431622
440.0,1320.0,68.011728
480.0,1320.0,66.699651
520.0,1320.0,65.498884
560.0,1320.0,64.413262
600.0,1320.0,63.446512
640.0,1320.0,62.603102
680.0,1320.0,61.887148
720.0,1320.0,61.303282
760.0,1320.0,60.856365
800.0,1320.0,60.550958
840.0,1320.0,60.392822
880.0,1320.0,60.386903
920.0,1320.0,60.538797
960.0,1320.0,60.854572
1000.0,1320.0,61.339569
1040.0,1320.0,61.999203
1080.0,1320.0,62.832552
1120.0,1320.0,63.837227
1160.0,1320.0,65.010289
1200.0,1320.0,66.34686
-1160.0,1360.0,
-1120.0,1360.0,
-1080.0,1360.0,
-1040.0,1360.0,
-1000.0,1360.0,
-960.0,1360.0,
-920.0,1360.0,
-880.0,1360.0,
-840.0,1360.0,
-800.0,1360.0,
-760.0,1360.0,
-720.0,1360.0,
-680.0,1360.0,
-640.0,1360.0,
-600.0,1360.0,134.043051
-560.0,1360.0,130.454843
-520.0,1360.0,126.952546
-480.0,1360.0,123.536195
-440.0,1360.0,120.205823
-400.0,1360.0,116.96146
-360.0,1360.0,113.803133
-320.0,1360.0,110.730864
-280.0,1360.0,107.744669
-240.0,1360.0,104.844557
-200.0,1360.0,102.030529
-160.0,1360.0,99.302575
-120.0,1360.0,96.660675
-80.0,1360.0,94.104795
-40.0,1360.0,91.634887
0.0,1360.0,89.250878
40.0,1360.0,86.952701
80.0,1360.0,84.740377
120.0,1360.0,82.614348
160.0,1360.0,80.575379
200.0,1360.0,78.624581
240.0,1360.0,76.763374
280.0,1360.0,74.993525
320.0,1360.0,73.317044
360.0,1360.0,71.736368
400.0,1360.0,70.254018
440.0,1360.0,68.873017
480.0,1360.0,67.596448
520.0,1360.0,66.427721
560.0,1360.0,65.370608
600.0,1360.0,64.428766
640.0,1360.0,63.606579
680.0,1360.0,62.90812
720.0,1360.0,62.337911
760.0,1360.0,61.900709
800.0,1360.0,61.601201
840.0,1360.0,61.444958
880.0,1360.0,61.436894
920.0,1360.0,61.582518
960.0,1360.0,61.887854
1000.0,1360.0,62.358176
1040.0,1360.0,62.998736
1080.0,1360.0,63.808895
1120.0,1360.0,64.786218
1160.0,1360.0,65.927862
-1120.0,1400.0,
-1080.0,1400.0,
-1040.0,1400.0,
-1000.0,1400.0,
-960.0,1400.0,
-920.0,1400.0,
-880.0,1400.0,
-840.0,1400.0,
-800.0,1400.0,
-760.0,1400.0,
-720.0,1400.0,
-680.0,1400.0,
-640.0,1400.0,
-600.0,1400.0,
-560.0,1400.0,
-520.0,1400.0,126.186473
-480.0,1400.0,122.869479
-440.0,1400.0,119.635895
-400.0,1400.0,116.485744
-360.0,1400.0,113.419044
-320.0,1400.0,110.43581
-280.0,1400.0,107.536047
-240.0,1400.0,104.719756
-200.0,1400.0,101.986929
-160.0,1400.0,99.337546
-120.0,1400.0,96.771577
-80.0,1400.0,94.28898
-40.0,1400.0,91.889698
0.0,1400.0,89.573656
40.0,1400.0,87.340766
80.0,1400.0,85.191041
120.0,1400.0,83.124907
160.0,1400.0,81.143097
200.0,1400.0,79.246689
240.0,1400.0,77.437051
280.0,1400.0,75.715908
320.0,1400.0,74.085205
360.0,1400.0,72.547328
400.0,1400.0,71.104731
440.0,1400.0,69.760362
480.0,1400.0,68.517251
520.0,1400.0,67.378727
560.0,1400.0,66.348505
600.0,1400.0,65.430173
640.0,1400.0,64.628032
680.0,1400.0,63.946111
720.0,1400.0,63.388716
760.0,1400.0,62.960832
800.0,1400.0,62.666941
840.0,1400.0,62.512532
880.0,1400.0,62.502487
920.0,1400.0,62.64223
960.0,1400.0,62.937734
1000.0,1400.0,63.394156
1040.0,1400.0,64.016738
1080.0,1400.0,64.804972
1120.0,1400.0,65.756421
-1080.0,1440.0,
-1040.0,1440.0,
-1000.0,1440.0,
-960.0,1440.0,
-920.0,1440.0,
-880.0,1440.0,
-840.0,1440.0,
-800.0,1440.0,
-760.0,1440.0,
-720.0,1440.0,
-680.0,1440.0,
-640.0,1440.0,
-600.0,1440.0,
-560.0,1440.0,
-520.0,1440.0,
-480.0,1440.0,
-440.0,1440.0,
-400.0,1440.0,116.11257
-360.0,1440.0,113.132229
-320.0,1440.0,110.232905
-280.0,1440.0,107.414595
-240.0,1440.0,104.677291
-200.0,1440.0,102.020978
-160.0,1440.0,99.445626
-120.0,1440.0,96.9512
-80.0,1440.0,94.537648
-40.0,1440.0,92.204905
0.0,1440.0,89.952893
40.0,1440.0,87.781516
80.0,1440.0,85.690773
120.0,1440.0,83.681074
160.0,1440.0,81.753127
200.0,1440.0,79.907975
240.0,1440.0,78.146944
280.0,1440.0,76.471716
320.0,1440.0,74.884179
360.0,1440.0,73.386668
400.0,1440.0,71.981577
440.0,1440.0,70.671782
480.0,1440.0,69.460264
520.0,1440.0,68.350272
560.0,1440.0,67.345468
600.0,1440.0,66.449372
640.0,1440.0,65.666207
680.0,1440.0,64.999835
720.0,1440.0,64.454711
760.0,1440.0,64.035686
800.0,1440.0,63.747158
840.0,1440.0,63.594534
880.0,1440.0,63.582661
920.0,1440.0,63.716879
960.0,1440.0,64.003113
1000.0,1440.0,64.446333
1040.0,1440.0,65.051956
1080.0,1440.0,65.819425
-1000.0,1480.0,
-960.0,1480.0,
-920.0,1480.0,
-880.0,1480.0,
-840.0,1480.0,
-800.0,1480.0,
-760.0,1480.0,
-720.0,1480.0,
-680.0,1480.0,
-640.0,1480.0,
-600.0,1480.0,
-560.0,1480.0,
-520.0,1480.0,
-480.0,1480.0,
-440.0,1480.0,
-400.0,1480.0,
-360.0,1480.0,
-320.0,1480.0,
-280.0,1480.0,
-240.0,1480.0,
-200.0,1480.0,102.126337
-160.0,1480.0,99.62086
-120.0,1480.0,97.193956
-80.0,1480.0,94.845568
-40.0,1480.0,92.575625
0.0,1480.0,90.384043
40.0,1480.0,88.270722
80.0,1480.0,86.235651
120.0,1480.0,84.279223
160.0,1480.0,82.402122
200.0,1480.0,80.605364
240.0,1480.0,78.890231
280.0,1480.0,77.258369
320.0,1480.0,75.711611
360.0,1480.0,74.252245
400.0,1480.0,72.882607
440.0,1480.0,71.605507
480.0,1480.0,70.423877
520.0,1480.0,69.340892
560.0,1480.0,68.360161
600.0,1480.0,67.485141
640.0,1480.0,66.719865
680.0,1480.0,66.068337
720.0,1480.0,65.534901
760.0,1480.0,65.124317
800.0,1480.0,64.840921
840.0,1480.0,64.690039
880.0,1480.0,64.676482
920.0,1480.0,64.805506
960.0,1480.0,65.082981
1000.0,1480.0,65.5137
-960.0,1520.0,
-920.0,1520.0,
-880.0,1520.0,
-840.0,1520.0,
-800.0,1520.0,
-760.0,1520.0,
-720.0,1520.0,
-680.0,1520.0,
-640.0,1520.0,
-600.0,1520.0,
-560.0,1520.0,
-520.0,1520.0,
-480.0,1520.0,
-440.0,1520.0,
-400.0,1520.0,
-360.0,1520.0,
-320.0,1520.0,
-280.0,1520.0,
-240.0,1520.0,
-200.0,1520.0,
-160.0,1520.0,
-120.0,1520.0,
-80.0,1520.0,
-40.0,1520.0,
0.0,1520.0,
40.0,1520.0,
80.0,1520.0,
120.0,1520.0,
160.0,1520.0,
200.0,1520.0,
240.0,1520.0,
280.0,1520.0,
320.0,1520.0,
360.0,1520.0,
400.0,1520.0,
440.0,1520.0,
480.0,1520.0,
520.0,1520.0,
560.0,1520.0,
600.0,1520.0,
640.0,1520.0,
680.0,1520.0,
720.0,1520.0,
760.0,1520.0,
800.0,1520.0,
840.0,1520.0,
880.0,1520.0,
920.0,1520.0,
960.0,1520.0,
-880.0,1560.0,
-840.0,1560.0,
-800.0,1560.0,
-760.0,1560.0,
-720.0,1560.0,
-680.0,1560.0,
-640.0,1560.0,
-600.0,1560.0,
-560.0,1560.0,
-520.0,1560.0,
-480.0,1560.0,
-440.0,1560.0,
-400.0,1560.0,
-360.0,1560.0,
-320.0,1560.0,
-280.0,1560.0,
-240.0,1560.0,
-200.0,1560.0,
-160.0,1560.0,
-120.0,1560.0,
-80.0,1560.0,
-40.0,1560.0,
0.0,1560.0,
40.0,1560.0,
80.0,1560.0,
120.0,1560.0,
160.0,1560.0,
200.0,1560.0,
240.0,1560.0,
280.0,1560.0,
320.0,1560.0,
360.0,1560.0,
400.0,1560.0,
440.0,1560.0,
480.0,1560.0,
520.0,1560.0,
560.0,1560.0,
600.0,1560.0,
640.0,1560.0,
680.0,1560.0,
720.0,1560.0,
760.0,1560.0,
800.0,1560.0,
840.0,1560.0,
880.0,1560.0,
-800.0,1600.0,
-760.0,1600.0,
-720.0,1600.0,
-680.0,1600.0,
-640.0,1600.0,
-600.0,1600.0,
-560.0,1600.0,
-520.0,1600.0,
-480.0,1600.0,
-440.0,1600.0,
-400.0,1600.0,
-360.0,1600.0,
-320.0,1600.0,
-280.0,1600.0,
-240.0,1600.0,
-200.0,1600.0,
-160.0,1600.0,
-120.0,1600.0,
-80.0,1600.0,
-40.0,1600.0,
0.0,1600.0,
40.0,1600.0,
80.0,1600.0,
120.0,1600.0,
160.0,1600.0,
200.0,1600.0,
240.0,1600.0,
280.0,1600.0,
320.0,1600.0,
360.0,1600.0,
400.0,1600.0,
440.0,1600.0,
480.0,1600.0,
520.0,1600.0,
560.0,1600.0,
600.0,1600.0,
640.0,1600.0,
680.0,1600.0,
720.0,1600.0,
760.0,1600.0,
800.0,1600.0,
-720.0,1640.0,
-680.0,1640.0,
-640.0,1640.0,
-600.0,1640.0,
-560.0,1640.0,
-520.0,1640.0,
-480.0,1640.0,
-440.0,1640.0,
-400.0,1640.0,
-360.0,1640.0,
-320.0,1640.0,
-280.0,1640.0,
-240.0,1640.0,
-200.0,1640.0,
-160.0,1640.0,
-120.0,1640.0,
-80.0,1640.0,
-40.0,1640.0,
0.0,1640.0,
40.0,1640.0,
80.0,1640.0,
120.0,1640.0,
160.0,1640.0,
200.0,1640.0,
240.0,1640.0,
280.0,1640.0,
320.0,1640.0,
360.0,1640.0,
400.0,1640.0,
440.0,1640.0,
480.0,1640.0,
520.0,1640.0,
560.0,1640.0,
600.0,1640.0,
640.0,1640.0,
680.0,1640.0,
720.0,1640.0,
-640.0,1680.0,
-600.0,1680.0,
-560.0,1680.0,
-520.0,1680.0,
-480.0,1680.0,
-440.0,1680.0,
-400.0,1680.0,
-360.0,1680.0,
-320.0,1680.0,
-280.0,1680.0,
-240.0,1680.0,
-200.0,1680.0,
-160.0,1680.0,
-120.0,1680.0,
-80.0,1680.0,
-40.0,1680.0,
0.0,1680.0,
40.0,1680.0,
80.0,1680.0,
120.0,1680.0,
160.0,1680.0,
200.0,1680.0,
240.0,1680.0,
280.0,1680.0,
320.0,1680.0,
360.0,1680.0,
400.0,1680.0,
440.0,1680.0,
480.0,1680.0,
520.0,1680.0,
560.0,1680.0,
600.0,1680.0,
640.0,1680.0,
-520.0,1720.0,
-480.0,1720.0,
-440.0,1720.0,
-400.0,1720.0,
-360.0,1720.0,
-320.0,1720.0,
-280.0,1720.0,
-240.0,1720.0,
-200.0,1720.0,
-160.0,1720.0,
-120.0,1720.0,
-80.0,1720.0,
-40.0,1720.0,
0.0,1720.0,
40.0,1720.0,
80.0,1720.0,
120.0,1720.0,
160.0,1720.0,
200.0,1720.0,
240.0,1720.0,
280.0,1720.0,
320.0,1720.0,
360.0,1720.0,
400.0,1720.0,
440.0,1720.0,
480.0,1720.0,
520.0,1720.0,
-360.0,1760.0,
-320.0,1760.0,
-280.0,1760.0,
-240.0,1760.0,
-200.0,1760.0,
-160.0,1760.0,
-120.0,1760.0,
-80.0,1760.0,
-40.0,1760.0,
0.0,1760.0,
40.0,1760.0,
80.0,1760.0,
120.0,1760.0,
160.0,1760.0,
200.0,1760.0,
240.0,1760.0,
280.0,1760.0,
320.0,1760.0,
360.0,1760.0,
0.0,1800.0,
