x_m,y_m,E_diam_given_detectable_m
0.0,-1800.0,
-360.0,-1760.0,
-320.0,-1760.0,
-280.0,-1760.0,
-240.0,-1760.0,
-200.0,-1760.0,
-160.0,-1760.0,
-120.0,-1760.0,
-80.0,-1760.0,
-40.0,-1760.0,
0.0,-1760.0,
40.0,-1760.0,
80.0,-1760.0,
120.0,-1760.0,
160.0,-1760.0,
200.0,-1760.0,
240.0,-1760.0,
280.0,-1760.0,
320.0,-1760.0,
360.0,-1760.0,
-520.0,-1720.0,
-480.0,-1720.0,
-440.0,-1720.0,
-400.0,-1720.0,
-360.0,-1720.0,
-320.0,-1720.0,
-280.0,-1720.0,
-240.0,-1720.0,
-200.0,-1720.0,
-160.0,-1720.0,
-120.0,-1720.0,
-80.0,-1720.0,
-40.0,-1720.0,
0.0,-1720.0,
40.0,-1720.0,
80.0,-1720.0,
120.0,-1720.0,
160.0,-1720.0,
200.0,-1720.0,
240.0,-1720.0,
280.0,-1720.0,
320.0,-1720.0,
360.0,-1720.0,
400.0,-1720.0,
440.0,-1720.0,
480.0,-1720.0,
520.0,-1720.0,
-640.0,-1680.0,
-600.0,-1680.0,
-560.0,-1680.0,
-520.0,-1680.0,
-480.0,-1680.0,
-440.0,-1680.0,
-400.0,-1680.0,
-360.0,-1680.0,
-320.0,-1680.0,
-280.0,-1680.0,
-240.0,-1680.0,
-200.0,-1680.0,
-160.0,-1680.0,
-120.0,-1680.0,
-80.0,-1680.0,
-40.0,-1680.0,
0.0,-1680.0,
40.0,-1680.0,
80.0,-1680.0,
120.0,-1680.0,
160.0,-1680.0,
200.0,-1680.0,
240.0,-1680.0,
280.0,-1680.0,
320.0,-1680.0,
360.0,-1680.0,
400.0,-1680.0,
440.0,-1680.0,
480.0,-1680.0,
520.0,-1680.0,
560.0,-1680.0,
600.0,-1680.0,
640.0,-1680.0,
-720.0,-1640.0,
-680.0,-1640.0,
-640.0,-1640.0,
-600.0,-1640.0,
-560.0,-1640.0,
-520.0,-1640.0,
-480.0,-1640.0,
-440.0,-1640.0,
-400.0,-1640.0,
-360.0,-1640.0,
-320.0,-1640.0,
-280.0,-1640.0,
-240.0,-1640.0,
-200.0,-1640.0,
-160.0,-1640.0,
-120.0,-1640.0,
-80.0,-1640.0,
-40.0,-1640.0,
0.0,-1640.0,
40.0,-1640.0,
80.0,-1640.0,
120.0,-1640.0,
160.0,-1640.0,
200.0,-1640.0,
240.0,-1640.0,
280.0,-1640.0,
320.0,-1640.0,
360.0,-1640.0,
400.0,-1640.0,
440.0,-1640.0,
480.0,-1640.0,
520.0,-1640.0,
560.0,-1640.0,
600.0,-1640.0,
640.0,-1640.0,
680.0,-1640.0,
720.0,-1640.0,
-800.0,-1600.0,
-760.0,-1600.0,
-720.0,-1600.0,
-680.0,-1600.0,
-640.0,-1600.0,
-600.0,-1600.0,
-560.0,-1600.0,
-520.0,-1600.0,
-480.0,-1600.0,
-440.0,-1600.0,
-400.0,-1600.0,
-360.0,-1600.0,
-320.0,-1600.0,
-280.0,-1600.0,
-240.0,-1600.0,
-200.0,-1600.0,
-160.0,-1600.0,
-120.0,-1600.0,
-80.0,-1600.0,
-40.0,-1600.0,
0.0,-1600.0,
40.0,-1600.0,
80.0,-1600.0,
120.0,-1600.0,
160.0,-1600.0,
200.0,-1600.0,
240.0,-1600.0,
280.0,-1600.0,
320.0,-1600.0,
360.0,-1600.0,
400.0,-1600.0,
440.0,-1600.0,
480.0,-1600.0,
520.0,-1600.0,
560.0,-1600.0,
600.0,-1600.0,
640.0,-1600.0,
680.0,-1600.0,
720.0,-1600.0,
760.0,-1600.0,
800.0,-1600.0,
-880.0,-1560.0,
-840.0,-1560.0,
-800.0,-1560.0,
-760.0,-1560.0,
-720.0,-1560.0,
-680.0,-1560.0,
-640.0,-1560.0,
-600.0,-1560.0,
-560.0,-1560.0,
-520.0,-1560.0,
-480.0,-1560.0,
-440.0,-1560.0,
-400.0,-1560.0,
-360.0,-1560.0,
-320.0,-1560.0,
-280.0,-1560.0,
-240.0,-1560.0,
-200.0,-1560.0,
-160.0,-1560.0,
-120.0,-1560.0,
-80.0,-1560.0,
-40.0,-1560.0,
0.0,-1560.0,
40.0,-1560.0,
80.0,-1560.0,
120.0,-1560.0,
160.0,-1560.0,
200.0,-1560.0,
240.0,-1560.0,
280.0,-1560.0,
320.0,-1560.0,
360.0,-1560.0,
400.0,-1560.0,
440.0,-1560.0,
480.0,-1560.0,
520.0,-1560.0,
560.0,-1560.0,
600.0,-1560.0,
640.0,-1560.0,
680.0,-1560.0,
720.0,-1560.0,
760.0,-1560.0,
800.0,-1560.0,
840.0,-1560.0,
880.0,-1560.0,
-960.0,-1520.0,
-920.0,-1520.0,
-880.0,-1520.0,
-840.0,-1520.0,
-800.0,-1520.0,
-760.0,-1520.0,
-720.0,-1520.0,
-680.0,-1520.0,
-640.0,-1520.0,
-600.0,-1520.0,
-560.0,-1520.0,
-520.0,-1520.0,
-480.0,-1520.0,
-440.0,-1520.0,
-400.0,-1520.0,
-360.0,-1520.0,
-320.0,-1520.0,
-280.0,-1520.0,
-240.0,-1520.0,
-200.0,-1520.0,
-160.0,-1520.0,
-120.0,-1520.0,
-80.0,-1520.0,
-40.0,-1520.0,
0.0,-1520.0,
40.0,-1520.0,
80.0,-1520.0,
120.0,-1520.0,
160.0,-1520.0,
200.0,-1520.0,
240.0,-1520.0,
280.0,-1520.0,
320.0,-1520.0,
360.0,-1520.0,
400.0,-1520.0,
440.0,-1520.0,
480.0,-1520.0,
520.0,-1520.0,
560.0,-1520.0,
600.0,-1520.0,
640.0,-1520.0,
680.0,-1520.0,
720.0,-1520.0,
760.0,-1520.0,
800.0,-1520.0,
840.0,-1520.0,
880.0,-1520.0,
920.0,-1520.0,
960.0,-1520.0,
-1000.0,-1480.0,
-960.0,-1480.0,
-920.0,-1480.0,
-880.0,-1480.0,
-840.0,-1480.0,
-800.0,-1480.0,
-760.0,-1480.0,
-720.0,-1480.0,
-680.0,-1480.0,
-640.0,-1480.0,
-600.0,-1480.0,
-560.0,-1480.0,
-520.0,-1480.0,
-480.0,-1480.0,
-440.0,-1480.0,
-400.0,-1480.0,
-360.0,-1480.0,
-320.0,-1480.0,
-280.0,-1480.0,
-240.0,-1480.0,
-200.0,-1480.0,108.413798
-160.0,-1480.0,105.758026
-120.0,-1480.0,103.1812
-80.0,-1480.0,100.683283
-40.0,-1480.0,98.264223
0.0,-1480.0,95.923959
40.0,-1480.0,93.662412
80.0,-1480.0,91.479586
120.0,-1480.0,89.375846
160.0,-1480.0,87.35181
200.0,-1480.0,85.408411
240.0,-1480.0,83.546793
280.0,-1480.0,81.768449
320.0,-1480.0,80.07506
360.0,-1480.0,78.468541
400.0,-1480.0,76.951222
440.0,-1480.0,75.525328
480.0,-1480.0,74.193578
520.0,-1480.0,72.959067
560.0,-1480.0,71.824647
600.0,-1480.0,70.793597
640.0,-1480.0,69.869705
680.0,-1480.0,69.056292
720.0,-1480.0,68.357187
760.0,-1480.0,67.776859
800.0,-1480.0,67.319007
840.0,-1480.0,66.987947
880.0,-1480.0,66.788841
920.0,-1480.0,66.725574
960.0,-1480.0,66.802898
1000.0,-1480.0,67.026776
-1080.0,-1440.0,
-1040.0,-1440.0,
-1000.0,-1440.0,
-960.0,-1440.0,
-920.0,-1440.0,
-880.0,-1440.0,
-840.0,-1440.0,
-800.0,-1440.0,
-760.0,-1440.0,
-720.0,-1440.0,
-680.0,-1440.0,
-640.0,-1440.0,
-600.0,-1440.0,
-560.0,-1440.0,
-520.0,-1440.0,
-480.0,-1440.0,
-440.0,-1440.0,
-400.0,-1440.0,123.340039
-360.0,-1440.0,120.203217
-320.0,-1440.0,117.147709
-280.0,-1440.0,114.173529
-240.0,-1440.0,111.280682
-200.0,-1440.0,108.469168
-160.0,-1440.0,105.738978
-120.0,-1440.0,103.090091
-80.0,-1440.0,100.522478
-40.0,-1440.0,98.036096
0.0,-1440.0,95.630889
40.0,-1440.0,93.306784
80.0,-1440.0,91.063797
120.0,-1440.0,88.90231
160.0,-1440.0,86.822965
200.0,-1440.0,84.826723
240.0,-1440.0,82.914764
280.0,-1440.0,81.08863
320.0,-1440.0,79.350037
360.0,-1440.0,77.700956
400.0,-1440.0,76.143788
440.0,-1440.0,74.680877
480.0,-1440.0,73.314874
520.0,-1440.0,72.048919
560.0,-1440.0,70.885978
600.0,-1440.0,69.829398
640.0,-1440.0,68.883017
680.0,-1440.0,68.050212
720.0,-1440.0,67.334881
760.0,-1440.0,66.741539
800.0,-1440.0,66.273939
840.0,-1440.0,65.936464
880.0,-1440.0,65.734321
920.0,-1440.0,65.671576
960.0,-1440.0,65.752785
1000.0,-1440.0,65.984104
1040.0,-1440.0,66.368889
1080.0,-1440.0,66.906761
-1120.0,-1400.0,
-1080.0,-1400.0,
-1040.0,-1400.0,
-1000.0,-1400.0,
-960.0,-1400.0,
-920.0,-1400.0,
-880.0,-1400.0,
-840.0,-1400.0,
-800.0,-1400.0,
-760.0,-1400.0,
-720.0,-1400.0,
-680.0,-1400.0,
-640.0,-1400.0,
-600.0,-1400.0,
-560.0,-1400.0,
-520.0,-1400.0,134.09369
-480.0,-1400.0,130.614656
-440.0,-1400.0,127.219183
-400.0,-1400.0,123.907422
-360.0,-1400.0,120.679401
-320.0,-1400.0,117.535147
-280.0,-1400.0,114.47468
-240.0,-1400.0,111.498016
-200.0,-1400.0,108.605162
-160.0,-1400.0,105.796118
-120.0,-1400.0,103.070872
-80.0,-1400.0,100.429405
-40.0,-1400.0,97.87168
0.0,-1400.0,95.397649
40.0,-1400.0,93.007249
80.0,-1400.0,90.700507
120.0,-1400.0,88.477825
160.0,-1400.0,86.339872
200.0,-1400.0,84.287637
240.0,-1400.0,82.322342
280.0,-1400.0,80.44558
320.0,-1400.0,78.659107
360.0,-1400.0,76.964955
400.0,-1400.0,75.365577
440.0,-1400.0,73.863376
480.0,-1400.0,72.461131
520.0,-1400.0,71.162015
560.0,-1400.0,69.968913
600.0,-1400.0,68.885346
640.0,-1400.0,67.915202
680.0,-1400.0,67.061919
720.0,-1400.0,66.329464
760.0,-1400.0,65.722397
800.0,-1400.0,65.244528
840.0,-1400.0,64.900307
880.0,-1400.0,64.694984
920.0,-1400.0,64.63268
960.0,-1400.0,64.718133
1000.0,-1400.0,64.957318
1040.0,-1400.0,65.353722
1080.0,-1400.0,65.906933
1120.0,-1400.0,66.61551
-1160.0,-1360.0,
-1120.0,-1360.0,
-1080.0,-1360.0,
-1040.0,-1360.0,
-1000.0,-1360.0,
-960.0,-1360.0,
-920.0,-1360.0,
-880.0,-1360.0,
-840.0,-1360.0,
-800.0,-1360.0,
-760.0,-1360.0,
-720.0,-1360.0,
-680.0,-1360.0,
-640.0,-1360.0,
-600.0,-1360.0,142.506783
-560.0,-1360.0,138.75092
-520.0,-1360.0,135.081173
-480.0,-1360.0,131.497523
-440.0,-1360.0,128.000121
-400.0,-1360.0,124.589008
-360.0,-1360.0,121.264222
-320.0,-1360.0,118.025798
-280.0,-1360.0,114.873767
-240.0,-1360.0,111.808151
-200.0,-1360.0,108.82897
-160.0,-1360.0,105.936233
-120.0,-1360.0,103.129938
-80.0,-1360.0,100.410074
-40.0,-1360.0,97.776616
0.0,-1360.0,95.229525
40.0,-1360.0,92.768746
80.0,-1360.0,90.394322
120.0,-1360.0,88.106676
160.0,-1360.0,85.906506
200.0,-1360.0,83.794834
240.0,-1360.0,81.772927
280.0,-1360.0,79.842432
320.0,-1360.0,78.005149
360.0,-1360.0,76.263177
400.0,-1360.0,74.619022
440.0,-1360.0,73.075152
480.0,-1360.0,71.634416
520.0,-1360.0,70.300068
560.0,-1360.0,69.075142
600.0,-1360.0,67.96299
640.0,-1360.0,66.967687
680.0,-1360.0,66.092733
720.0,-1360.0,65.342166
760.0,-1360.0,64.720593
800.0,-1360.0,64.23188
840.0,-1360.0,63.880544
880.0,-1360.0,63.671881
920.0,-1360.0,63.610062
960.0,-1360.0,63.700015
1000.0,-1360.0,63.947514
1040.0,-1360.0,64.3562
1080.0,-1360.0,64.925614
1120.0,-1360.0,65.654265
1160.0,-1360.0,66.538239
-1200.0,-1320.0,
-1160.0,-1320.0,
-1120.0,-1320.0,
-1080.0,-1320.0,
-1040.0,-1320.0,
-1000.0,-1320.0,
-960.0,-1320.0,
-920.0,-1320.0,
-880.0,-1320.0,
-840.0,-1320.0,
-800.0,-1320.0,
-760.0,-1320.0,
-720.0,-1320.0,
-680.0,-1320.0,151.879532
-640.0,-1320.0,147.82962
-600.0,-1320.0,143.868472
-560.0,-1320.0,139.9961
-520.0,-1320.0,136.212476
-480.0,-1320.0,132.517777
-440.0,-1320.0,128.91205
-400.0,-1320.0,125.395346
-360.0,-1320.0,121.967711
-320.0,-1320.0,118.629189
-280.0,-1320.0,115.379821
-240.0,-1320.0,112.219641
-200.0,-1320.0,109.148678
-160.0,-1320.0,106.166952
-120.0,-1320.0,103.274474
-80.0,-1320.0,100.471244
-40.0,-1320.0,97.757247
0.0,-1320.0,95.132456
40.0,-1320.0,92.596826
80.0,-1320.0,90.150417
120.0,-1320.0,87.793676
160.0,-1320.0,85.527334
200.0,-1320.0,83.352451
240.0,-1320.0,81.270338
280.0,-1320.0,79.282704
320.0,-1320.0,77.391396
360.0,-1320.0,75.598586
400.0,-1320.0,73.906835
440.0,-1320.0,72.318682
480.0,-1320.0,70.837051
520.0,-1320.0,69.465256
560.0,-1320.0,68.206405
600.0,-1320.0,67.064055
640.0,-1320.0,66.042056
680.0,-1320.0,65.144118
720.0,-1320.0,64.374349
760.0,-1320.0,63.737407
800.0,-1320.0,63.237214
840.0,-1320.0,62.878353
880.0,-1320.0,62.666166
920.0,-1320.0,62.604876
960.0,-1320.0,62.699504
1000.0,-1320.0,62.955898
1040.0,-1320.0,63.377584
1080.0,-1320.0,63.964141
1120.0,-1320.0,64.714025
1160.0,-1320.0,65.6232
1200.0,-1320.0,66.687682
-1240.0,-1280.0,
-1200.0,-1280.0,
-1160.0,-1280.0,
-1120.0,-1280.0,
-1080.0,-1280.0,
-1040.0,-1280.0,
-1000.0,-1280.0,
-960.0,-1280.0,
-920.0,-1280.0,
-880.0,-1280.0,
-840.0,-1280.0,
-800.0,-1280.0,
-760.0,-1280.0,162.30427
-720.0,-1280.0,157.941528
-680.0,-1280.0,153.670315
-640.0,-1280.0,149.490682
-600.0,-1280.0,145.402663
-560.0,-1280.0,141.406179
-520.0,-1280.0,137.501445
-480.0,-1280.0,133.688521
-440.0,-1280.0,129.967463
-400.0,-1280.0,126.33833
-360.0,-1280.0,122.801177
-320.0,-1280.0,119.356059
-280.0,-1280.0,116.003027
-240.0,-1280.0,112.742128
-200.0,-1280.0,109.573401
-160.0,-1280.0,106.49688
-120.0,-1280.0,103.512589
-80.0,-1280.0,100.620538
-40.0,-1280.0,97.820729
0.0,-1280.0,95.113144
40.0,-1280.0,92.497751
80.0,-1280.0,89.974633
120.0,-1280.0,87.544259
160.0,-1280.0,85.207398
200.0,-1280.0,82.965151
240.0,-1280.0,80.818882
280.0,-1280.0,78.770361
320.0,-1280.0,76.821492
360.0,-1280.0,74.97452
400.0,-1280.0,73.232072
440.0,-1280.0,71.596756
480.0,-1280.0,70.071581
520.0,-1280.0,68.659921
560.0,-1280.0,67.364959
600.0,-1280.0,66.190341
640.0,-1280.0,65.140083
680.0,-1280.0,64.217708
720.0,-1280.0,63.427532
760.0,-1280.0,62.774264
800.0,-1280.0,62.261881
840.0,-1280.0,61.895036
880.0,-1280.0,61.679115
920.0,-1280.0,61.618392
960.0,-1280.0,61.717955
1000.0,-1280.0,61.983798
1040.0,-1280.0,62.419266
1080.0,-1280.0,63.02399
1120.0,-1280.0,63.796373
1160.0,-1280.0,64.73225
1200.0,-1280.0,65.82756
1240.0,-1280.0,67.078118
-1280.0,-1240.0,
-1240.0,-1240.0,
-1200.0,-1240.0,
-1160.0,-1240.0,
-1120.0,-1240.0,
-1080.0,-1240.0,
-1040.0,-1240.0,
-1000.0,-1240.0,
-960.0,-1240.0,
-920.0,-1240.0,
-880.0,-1240.0,
-840.0,-1240.0,
-800.0,-1240.0,169.189135
-760.0,-1240.0,164.58744
-720.0,-1240.0,160.080269
-680.0,-1240.0,155.667669
-640.0,-1240.0,151.349694
-600.0,-1240.0,147.126248
-560.0,-1240.0,142.997523
-520.0,-1240.0,138.963613
-480.0,-1240.0,135.02458
-440.0,-1240.0,131.180493
-400.0,-1240.0,127.431416
-360.0,-1240.0,123.777418
-320.0,-1240.0,120.218563
-280.0,-1240.0,116.754913
-240.0,-1240.0,113.386528
-200.0,-1240.0,110.113461
-160.0,-1240.0,106.935759
-120.0,-1240.0,103.853459
-80.0,-1240.0,100.866589
-40.0,-1240.0,97.975161
0.0,-1240.0,95.179175
40.0,-1240.0,92.478613
80.0,-1240.0,89.87358
120.0,-1240.0,87.364573
160.0,-1240.0,84.952403
200.0,-1240.0,82.638216
240.0,-1240.0,80.423434
280.0,-1240.0,78.309893
320.0,-1240.0,76.299558
360.0,-1240.0,74.394757
400.0,-1240.0,72.598183
440.0,-1240.0,70.912525
480.0,-1240.0,69.340875
520.0,-1240.0,67.886677
560.0,-1240.0,66.553191
600.0,-1240.0,65.344146
640.0,-1240.0,64.263659
680.0,-1240.0,63.315333
720.0,-1240.0,62.503411
760.0,-1240.0,61.83275
800.0,-1240.0,61.307385
840.0,-1240.0,60.932038
880.0,-1240.0,60.712142
920.0,-1240.0,60.652018
960.0,-1240.0,60.756822
1000.0,-1240.0,61.032685
1040.0,-1240.0,61.482785
1080.0,-1240.0,62.106798
1120.0,-1240.0,62.903065
1160.0,-1240.0,63.867293
1200.0,-1240.0,64.995339
1240.0,-1240.0,66.282948
1280.0,-1240.0,67.723088
-1320.0,-1200.0,
-1280.0,-1200.0,
-1240.0,-1200.0,
-1200.0,-1200.0,
-1160.0,-1200.0,
-1120.0,-1200.0,
-1080.0,-1200.0,
-1040.0,-1200.0,
-1000.0,-1200.0,
-960.0,-1200.0,
-920.0,-1200.0,
-880.0,-1200.0,181.688767
-840.0,-1200.0,176.734093
-800.0,-1200.0,171.8771
-760.0,-1200.0,167.117827
-720.0,-1200.0,162.456321
-680.0,-1200.0,157.892634
-640.0,-1200.0,153.426723
-600.0,-1200.0,149.058655
-560.0,-1200.0,144.788598
-520.0,-1200.0,140.61662
-480.0,-1200.0,136.542793
-440.0,-1200.0,132.567192
-400.0,-1200.0,128.689893
-360.0,-1200.0,124.910973
-320.0,-1200.0,121.230509
-280.0,-1200.0,117.648575
-240.0,-1200.0,114.165244
-200.0,-1200.0,110.780585
-160.0,-1200.0,107.494658
-120.0,-1200.0,104.307517
-80.0,-1200.0,101.219205
-40.0,-1200.0,98.229754
0.0,-1200.0,95.339177
40.0,-1200.0,92.547474
80.0,-1200.0,89.854776
120.0,-1200.0,87.261611
160.0,-1200.0,84.768837
200.0,-1200.0,82.377649
240.0,-1200.0,80.089537
280.0,-1200.0,77.906399
320.0,-1200.0,75.830277
360.0,-1200.0,73.863584
400.0,-1200.0,72.009087
440.0,-1200.0,70.26956
480.0,-1200.0,68.648187
520.0,-1200.0,67.148485
560.0,-1200.0,65.773795
600.0,-1200.0,64.527936
640.0,-1200.0,63.415087
680.0,-1200.0,62.439015
720.0,-1200.0,61.603888
760.0,-1200.0,60.914642
800.0,-1200.0,60.375407
840.0,-1200.0,59.990973
880.0,-1200.0,59.76682
920.0,-1200.0,59.707318
960.0,-1200.0,59.817689
1000.0,-1200.0,60.10417
1040.0,-1200.0,60.569856
1080.0,-1200.0,61.214385
1120.0,-1200.0,62.036059
1160.0,-1200.0,63.030453
1200.0,-1200.0,64.193337
1240.0,-1200.0,65.520376
1280.0,-1200.0,67.004388
1320.0,-1200.0,68.639122
-1360.0,-1160.0,
-1320.0,-1160.0,
-1280.0,-1160.0,
-1240.0,-1160.0,
-1200.0,-1160.0,
-1160.0,-1160.0,
-1120.0,-1160.0,
-1080.0,-1160.0,
-1040.0,-1160.0,
-1000.0,-1160.0,
-960.0,-1160.0,
-920.0,-1160.0,190.240581
-880.0,-1160.0,185.0091
-840.0,-1160.0,179.878734
-800.0,-1160.0,174.849517
-760.0,-1160.0,169.921491
-720.0,-1160.0,165.094701
-680.0,-1160.0,160.369189
-640.0,-1160.0,155.74483
-600.0,-1160.0,151.221896
-560.0,-1160.0,146.800456
-520.0,-1160.0,142.480586
-480.0,-1160.0,138.262363
-440.0,-1160.0,134.145872
-400.0,-1160.0,130.131197
-360.0,-1160.0,126.218426
-320.0,-1160.0,122.407649
-280.0,-1160.0,118.698954
-240.0,-1160.0,115.092427
-200.0,-1160.0,111.588153
-160.0,-1160.0,108.186208
-120.0,-1160.0,104.886665
-80.0,-1160.0,101.689585
-40.0,-1160.0,98.595017
0.0,-1160.0,95.602994
40.0,-1160.0,92.713536
80.0,-1160.0,89.926802
120.0,-1160.0,87.243355
160.0,-1160.0,84.664107
200.0,-1160.0,82.190304
240.0,-1160.0,79.823512
280.0,-1160.0,77.5657
320.0,-1160.0,75.418993
360.0,-1160.0,73.385893
400.0,-1160.0,71.469253
440.0,-1160.0,69.671935
480.0,-1160.0,67.997222
520.0,-1160.0,66.448713
560.0,-1160.0,65.029832
600.0,-1160.0,63.744494
640.0,-1160.0,62.596947
680.0,-1160.0,61.59103
720.0,-1160.0,60.731111
760.0,-1160.0,60.021941
800.0,-1160.0,59.467832
840.0,-1160.0,59.073646
880.0,-1160.0,58.844909
920.0,-1160.0,58.78604
960.0,-1160.0,58.902326
1000.0,-1160.0,59.200051
1040.0,-1160.0,59.68239
1080.0,-1160.0,60.348787
1120.0,-1160.0,61.197548
1160.0,-1160.0,62.224113
1200.0,-1160.0,63.424163
1240.0,-1160.0,64.793268
1280.0,-1160.0,66.324107
1320.0,-1160.0,68.01035
1360.0,-1160.0,69.844682
-1400.0,-1120.0,
-1360.0,-1120.0,
-1320.0,-1120.0,
-1280.0,-1120.0,
-1240.0,-1120.0,
-1200.0,-1120.0,
-1160.0,-1120.0,
-1120.0,-1120.0,
-1080.0,-1120.0,
-1040.0,-1120.0,
-1000.0,-1120.0,
-960.0,-1120.0,199.622942
-920.0,-1120.0,194.094321
-880.0,-1120.0,188.670516
-840.0,-1120.0,183.351552
-800.0,-1120.0,178.137461
-760.0,-1120.0,173.028282
-720.0,-1120.0,168.024062
-680.0,-1120.0,163.12473
-640.0,-1120.0,158.330382
-600.0,-1120.0,153.641186
-560.0,-1120.0,149.057218
-520.0,-1120.0,144.578557
-480.0,-1120.0,140.205289
-440.0,-1120.0,135.937505
-400.0,-1120.0,131.775301
-360.0,-1120.0,127.718776
-320.0,-1120.0,123.768031
-280.0,-1120.0,119.923169
-240.0,-1120.0,116.184292
-200.0,-1120.0,112.5515
-160.0,-1120.0,109.024884
-120.0,-1120.0,105.604509
-80.0,-1120.0,102.290497
-40.0,-1120.0,99.082918
0.0,-1120.0,95.981827
40.0,-1120.0,92.987264
80.0,-1120.0,90.099424
120.0,-1120.0,87.318907
160.0,-1120.0,84.646682
200.0,-1120.0,82.084043
240.0,-1120.0,79.632616
280.0,-1120.0,77.294474
320.0,-1120.0,75.071832
360.0,-1120.0,72.967293
400.0,-1120.0,70.983799
440.0,-1120.0,69.124312
480.0,-1120.0,67.392221
520.0,-1120.0,65.791209
560.0,-1120.0,64.324797
600.0,-1120.0,62.996995
640.0,-1120.0,61.812128
680.0,-1120.0,60.774112
720.0,-1120.0,59.887456
760.0,-1120.0,59.156907
800.0,-1120.0,58.586788
840.0,-1120.0,58.18209
880.0,-1120.0,57.948385
920.0,-1120.0,57.890142
960.0,-1120.0,58.012713
1000.0,-1120.0,58.32243
1040.0,-1120.0,58.822532
1080.0,-1120.0,59.512297
1120.0,-1120.0,60.389998
1160.0,-1120.0,61.450958
1200.0,-1120.0,62.690761
1240.0,-1120.0,64.104848
1280.0,-1120.0,65.685821
1320.0,-1120.0,67.427226
1360.0,-1120.0,69.321641
1400.0,-1120.0,71.359792
-1440.0,-1080.0,
-1400.0,-1080.0,
-1360.0,-1080.0,
-1320.0,-1080.0,
-1280.0,-1080.0,
-1240.0,-1080.0,
-1200.0,-1080.0,
-1160.0,-1080.0,
-1120.0,-1080.0,
-1080.0,-1080.0,
-1040.0,-1080.0,
-1000.0,-1080.0,209.930368
-960.0,-1080.0,204.082098
-920.0,-1080.0,198.342476
-880.0,-1080.0,192.711687
-840.0,-1080.0,187.18975
-800.0,-1080.0,181.776694
-760.0,-1080.0,176.472556
-720.0,-1080.0,171.277381
-680.0,-1080.0,166.190991
-640.0,-1080.0,161.213687
-600.0,-1080.0,156.345543
-560.0,-1080.0,151.586637
-520.0,-1080.0,146.937054
-480.0,-1080.0,142.396886
-440.0,-1080.0,137.966232
-400.0,-1080.0,133.645197
-360.0,-1080.0,129.433891
-320.0,-1080.0,125.332429
-280.0,-1080.0,121.340928
-240.0,-1080.0,117.459475
-200.0,-1080.0,113.688195
-160.0,-1080.0,110.027237
-120.0,-1080.0,106.476713
-80.0,-1080.0,103.036727
-40.0,-1080.0,99.707372
0.0,-1080.0,96.488729
40.0,-1080.0,93.380862
80.0,-1080.0,90.384002
120.0,-1080.0,87.498794
160.0,-1080.0,84.726271
200.0,-1080.0,82.067811
240.0,-1080.0,79.525146
280.0,-1080.0,77.100413
320.0,-1080.0,74.795853
360.0,-1080.0,72.614243
400.0,-1080.0,70.558622
440.0,-1080.0,68.632059
480.0,-1080.0,66.838059
520.0,-1080.0,65.180399
560.0,-1080.0,63.6627
600.0,-1080.0,62.28908
640.0,-1080.0,61.06394
680.0,-1080.0,59.991281
720.0,-1080.0,59.075702
760.0,-1080.0,58.322111
800.0,-1080.0,57.734686
840.0,-1080.0,57.318602
880.0,-1080.0,57.079479
920.0,-1080.0,57.021835
960.0,-1080.0,57.151086
1000.0,-1080.0,57.47361
1040.0,-1080.0,57.9927
1080.0,-1080.0,58.70749
1120.0,-1080.0,59.616196
1160.0,-1080.0,60.714032
1200.0,-1080.0,61.996473
1240.0,-1080.0,63.458809
1280.0,-1080.0,65.093606
1320.0,-1080.0,66.894261
1360.0,-1080.0,68.853242
1400.0,-1080.0,70.961134
1440.0,-1080.0,73.207468
-1440.0,-1040.0,
-1400.0,-1040.0,
-1360.0,-1040.0,
-1320.0,-1040.0,
-1280.0,-1040.0,
-1240.0,-1040.0,
-1200.0,-1040.0,
-1160.0,-1040.0,
-1120.0,-1040.0,
-1080.0,-1040.0,
-1040.0,-1040.0,221.272467
-1000.0,-1040.0,215.079232
-960.0,-1040.0,208.998873
-920.0,-1040.0,203.031528
-880.0,-1040.0,197.177355
-840.0,-1040.0,191.436368
-800.0,-1040.0,185.808591
-760.0,-1040.0,180.294056
-720.0,-1040.0,174.892716
-680.0,-1040.0,169.604555
-640.0,-1040.0,164.429804
-600.0,-1040.0,159.368532
-560.0,-1040.0,154.42082
-520.0,-1040.0,149.586757
-480.0,-1040.0,144.86644
-440.0,-1040.0,140.259976
-400.0,-1040.0,135.767479
-360.0,-1040.0,131.389071
-320.0,-1040.0,127.12487
-280.0,-1040.0,122.974947
-240.0,-1040.0,118.939517
-200.0,-1040.0,115.018718
-160.0,-1040.0,111.212686
-120.0,-1040.0,107.521555
-80.0,-1040.0,103.945452
-40.0,-1040.0,100.484499
0.0,-1040.0,97.138801
40.0,-1040.0,93.908453
80.0,-1040.0,90.793725
120.0,-1040.0,87.795312
160.0,-1040.0,84.91432
200.0,-1040.0,82.1522
240.0,-1040.0,79.510785
280.0,-1040.0,76.992305
320.0,-1040.0,74.599186
360.0,-1040.0,72.334226
400.0,-1040.0,70.200547
440.0,-1040.0,68.201388
480.0,-1040.0,66.340378
520.0,-1040.0,64.621398
560.0,-1040.0,63.048175
600.0,-1040.0,61.624943
640.0,-1040.0,60.35619
680.0,-1040.0,59.246005
720.0,-1040.0,58.299084
760.0,-1040.0,57.52048
800.0,-1040.0,56.91428
840.0,-1040.0,56.485801
880.0,-1040.0,56.240726
920.0,-1040.0,56.183623
960.0,-1040.0,56.319974
1000.0,-1040.0,56.656202
1040.0,-1040.0,57.195635
1080.0,-1040.0,57.937292
1120.0,-1040.0,58.879315
1160.0,-1040.0,60.0168
1200.0,-1040.0,61.345116
1240.0,-1040.0,62.859369
1280.0,-1040.0,64.552137
1320.0,-1040.0,66.416638
1360.0,-1040.0,68.445228
1400.0,-1040.0,70.628343
1440.0,-1040.0,72.955125
-1480.0,-1000.0,
-1440.0,-1000.0,
-1400.0,-1000.0,
-1360.0,-1000.0,
-1320.0,-1000.0,
-1280.0,-1000.0,
-1240.0,-1000.0,
-1200.0,-1000.0,
-1160.0,-1000.0,
-1120.0,-1000.0,
-1080.0,-1000.0,233.777269
-1040.0,-1000.0,227.210188
-1000.0,-1000.0,220.761011
-960.0,-1000.0,214.429419
-920.0,-1000.0,208.215559
-880.0,-1000.0,202.119578
-840.0,-1000.0,196.141481
-800.0,-1000.0,190.281285
-760.0,-1000.0,184.539014
-720.0,-1000.0,178.914531
-680.0,-1000.0,173.407979
-640.0,-1000.0,168.019509
-600.0,-1000.0,162.749191
-560.0,-1000.0,157.597106
-520.0,-1000.0,152.563345
-480.0,-1000.0,147.64801
-440.0,-1000.0,142.851214
-400.0,-1000.0,138.17308
-360.0,-1000.0,133.613706
-320.0,-1000.0,129.173208
-280.0,-1000.0,124.851801
-240.0,-1000.0,120.649639
-200.0,-1000.0,116.566879
-160.0,-1000.0,112.603679
-120.0,-1000.0,108.760197
-80.0,-1000.0,105.036589
-40.0,-1000.0,101.433001
0.0,-1000.0,97.949572
40.0,-1000.0,94.586429
80.0,-1000.0,91.343885
120.0,-1000.0,88.222692
160.0,-1000.0,85.224035
200.0,-1000.0,82.349452
240.0,-1000.0,79.600879
280.0,-1000.0,76.980659
320.0,-1000.0,74.491334
360.0,-1000.0,72.135873
400.0,-1000.0,69.917526
440.0,-1000.0,67.839533
480.0,-1000.0,65.905744
520.0,-1000.0,64.120152
560.0,-1000.0,62.486603
600.0,-1000.0,61.009455
640.0,-1000.0,59.693291
680.0,-1000.0,58.542297
720.0,-1000.0,57.56127
760.0,-1000.0,56.755336
800.0,-1000.0,56.128727
840.0,-1000.0,55.686682
880.0,-1000.0,55.435023
920.0,-1000.0,55.378366
960.0,-1000.0,55.522262
1000.0,-1000.0,55.873181
1040.0,-1000.0,56.434466
1080.0,-1000.0,57.205051
1120.0,-1000.0,58.182984
1160.0,-1000.0,59.363241
1200.0,-1000.0,60.741079
1240.0,-1000.0,62.311385
1280.0,-1000.0,64.066805
1320.0,-1000.0,66.000346
1360.0,-1000.0,68.104243
1400.0,-1000.0,70.368607
1440.0,-1000.0,72.782655
1480.0,-1000.0,75.336051
-1520.0,-960.0,
-1480.0,-960.0,
-1440.0,-960.0,
-1400.0,-960.0,
-1360.0,-960.0,
-1320.0,-960.0,
-1280.0,-960.0,
-1240.0,-960.0,
-1200.0,-960.0,
-1160.0,-960.0,
-1120.0,-960.0,247.594729
-1080.0,-960.0,240.62136
-1040.0,-960.0,233.771108
-1000.0,-960.0,227.043925
-960.0,-960.0,220.439477
-920.0,-960.0,213.957881
-880.0,-960.0,207.599289
-840.0,-960.0,201.363694
-800.0,-960.0,195.251102
-760.0,-960.0,189.261529
-720.0,-960.0,183.394752
-680.0,-960.0,177.651053
-640.0,-960.0,172.030511
-600.0,-960.0,166.533193
-560.0,-960.0,161.159178
-520.0,-960.0,155.908558
-480.0,-960.0,150.781439
-440.0,-960.0,145.777939
-400.0,-960.0,140.898146
-360.0,-960.0,136.142177
-320.0,-960.0,131.510261
-280.0,-960.0,127.00256
-240.0,-960.0,122.619245
-200.0,-960.0,118.360494
-160.0,-960.0,114.226488
-120.0,-960.0,110.217412
-80.0,-960.0,106.333449
-40.0,-960.0,102.574778
0.0,-960.0,98.941569
40.0,-960.0,95.433986
80.0,-960.0,92.052393
120.0,-960.0,88.797604
160.0,-960.0,85.670892
200.0,-960.0,82.673889
240.0,-960.0,79.808652
280.0,-960.0,77.077642
320.0,-960.0,74.483536
360.0,-960.0,72.029447
400.0,-960.0,69.718777
440.0,-960.0,67.554966
480.0,-960.0,65.541841
520.0,-960.0,63.683619
560.0,-960.0,61.984275
600.0,-960.0,60.448302
640.0,-960.0,59.080388
680.0,-960.0,57.884824
720.0,-960.0,56.866519
760.0,-960.0,56.030681
800.0,-960.0,55.38168
840.0,-960.0,54.924702
880.0,-960.0,54.665701
920.0,-960.0,54.609349
960.0,-960.0,54.761263
1000.0,-960.0,55.127963
1040.0,-960.0,55.712786
1080.0,-960.0,56.514616
1120.0,-960.0,57.531384
1160.0,-960.0,58.757945
1200.0,-960.0,60.189436
1240.0,-960.0,61.820489
1280.0,-960.0,63.643876
1320.0,-960.0,65.652354
1360.0,-960.0,67.838032
1400.0,-960.0,70.19054
1440.0,-960.0,72.69955
1480.0,-960.0,75.354282
1520.0,-960.0,78.142322
-1520.0,-920.0,
-1480.0,-920.0,
-1440.0,-920.0,
-1400.0,-920.0,
-1360.0,-920.0,
-1320.0,-920.0,
-1280.0,-920.0,
-1240.0,-920.0,
-1200.0,-920.0,
-1160.0,-920.0,262.902
-1120.0,-920.0,255.485364
-1080.0,-920.0,248.197598
-1040.0,-920.0,241.038625
-1000.0,-920.0,234.008376
-960.0,-920.0,227.106518
-920.0,-920.0,220.333094
-880.0,-920.0,213.688278
-840.0,-920.0,207.172047
-800.0,-920.0,200.784395
-760.0,-920.0,194.525292
-720.0,-920.0,188.39453
-680.0,-920.0,182.392413
-640.0,-920.0,176.518988
-600.0,-920.0,170.774316
-560.0,-920.0,165.15847
-520.0,-920.0,159.671543
-480.0,-920.0,154.31364
-440.0,-920.0,149.084857
-400.0,-920.0,143.985255
-360.0,-920.0,139.015094
-320.0,-920.0,134.174538
-280.0,-920.0,129.463762
-240.0,-920.0,124.882956
-200.0,-920.0,120.432318
-160.0,-920.0,116.112053
-120.0,-920.0,111.922374
-80.0,-920.0,107.863493
-40.0,-920.0,103.935624
0.0,-920.0,100.138974
40.0,-920.0,96.473746
80.0,-920.0,92.940359
120.0,-920.0,89.539699
160.0,-920.0,86.273133
200.0,-920.0,83.142402
240.0,-920.0,80.149695
280.0,-920.0,77.297606
320.0,-920.0,74.58896
360.0,-920.0,72.027031
400.0,-920.0,69.61537
440.0,-920.0,67.35759
480.0,-920.0,65.257732
520.0,-920.0,63.319999
560.0,-920.0,61.548597
600.0,-920.0,59.94817
640.0,-920.0,58.523522
680.0,-920.0,57.27906
720.0,-920.0,56.219818
760.0,-920.0,55.351092
800.0,-920.0,54.677392
840.0,-920.0,54.203875
880.0,-920.0,53.936626
920.0,-920.0,53.880374
960.0,-920.0,54.040809
1000.0,-920.0,54.424499
1040.0,-920.0,55.034754
1080.0,-920.0,55.870449
1120.0,-920.0,56.929373
1160.0,-920.0,58.206252
1200.0,-920.0,59.696103
1240.0,-920.0,61.393258
1280.0,-920.0,63.290678
1320.0,-920.0,65.380828
1360.0,-920.0,67.655682
1400.0,-920.0,70.104322
1440.0,-920.0,72.716974
1480.0,-920.0,75.482345
1520.0,-920.0,78.387479
-1560.0,-880.0,
-1520.0,-880.0,
-1480.0,-880.0,
-1440.0,-880.0,
-1400.0,-880.0,
-1360.0,-880.0,
-1320.0,-880.0,
-1280.0,-880.0,
-1240.0,-880.0,
-1200.0,-880.0,279.909077
-1160.0,-880.0,272.007479
-1120.0,-880.0,264.240584
-1080.0,-880.0,256.608652
-1040.0,-880.0,249.111759
-1000.0,-880.0,241.749814
-960.0,-880.0,234.522498
-920.0,-880.0,227.429734
-880.0,-880.0,220.471734
-840.0,-880.0,213.648457
-800.0,-880.0,206.959877
-760.0,-880.0,200.405904
-720.0,-880.0,193.986392
-680.0,-880.0,187.701599
-640.0,-880.0,181.551561
-600.0,-880.0,175.536328
-560.0,-880.0,169.655968
-520.0,-880.0,163.910566
-480.0,-880.0,158.300226
-440.0,-880.0,152.824946
-400.0,-880.0,147.484981
-360.0,-880.0,142.280505
-320.0,-880.0,137.21169
-280.0,-880.0,132.278726
-240.0,-880.0,127.481819
-200.0,-880.0,122.821187
-160.0,-880.0,118.29706
-120.0,-880.0,113.909679
-80.0,-880.0,109.659289
-40.0,-880.0,105.546139
0.0,-880.0,101.570477
40.0,-880.0,97.732549
80.0,-880.0,94.032833
120.0,-880.0,90.472299
160.0,-880.0,87.052416
200.0,-880.0,83.775047
240.0,-880.0,80.642527
280.0,-880.0,77.657599
320.0,-880.0,74.823251
360.0,-880.0,72.142938
400.0,-880.0,69.620374
440.0,-880.0,67.259347
480.0,-880.0,65.064123
520.0,-880.0,63.039024
560.0,-880.0,61.188357
600.0,-880.0,59.516984
640.0,-880.0,58.029844
680.0,-880.0,56.731475
720.0,-880.0,55.627047
760.0,-880.0,54.721957
800.0,-880.0,54.020857
840.0,-880.0,53.528905
880.0,-880.0,53.252316
920.0,-880.0,53.195882
960.0,-880.0,53.365369
1000.0,-880.0,53.767398
1040.0,-880.0,54.405226
1080.0,-880.0,55.277763
1120.0,-880.0,56.382632
1160.0,-880.0,57.714427
1200.0,-880.0,59.267893
1240.0,-880.0,61.037433
1280.0,-880.0,63.015853
1320.0,-880.0,65.195414
1360.0,-880.0,67.567646
1400.0,-880.0,70.12189
1440.0,-880.0,72.848151
1480.0,-880.0,75.734843
1520.0,-880.0,78.768134
1560.0,-880.0,81.942049
-1560.0,-840.0,
-1520.0,-840.0,
-1480.0,-840.0,
-1440.0,-840.0,
-1400.0,-840.0,
-1360.0,-840.0,
-1320.0,-840.0,
-1280.0,-840.0,
-1240.0,-840.0,
-1200.0,-840.0,290.433692
-1160.0,-840.0,282.139783
-1120.0,-840.0,273.98776
-1080.0,-840.0,265.977408
-1040.0,-840.0,258.109009
-1000.0,-840.0,250.382441
-960.0,-840.0,242.797424
-920.0,-840.0,235.353696
-880.0,-840.0,228.051534
-840.0,-840.0,220.890872
-800.0,-840.0,213.871658
-760.0,-840.0,206.993747
-720.0,-840.0,200.257026
-680.0,-840.0,193.661716
-640.0,-840.0,187.207836
-600.0,-840.0,180.895421
-560.0,-840.0,174.724528
-520.0,-840.0,168.695233
-480.0,-840.0,162.807562
-440.0,-840.0,157.061625
-400.0,-840.0,151.45765
-360.0,-840.0,145.995796
-320.0,-840.0,140.676242
-280.0,-840.0,135.49919
-240.0,-840.0,130.464859
-200.0,-840.0,125.573488
-160.0,-840.0,120.825331
-120.0,-840.0,116.220657
-80.0,-840.0,111.759746
-40.0,-840.0,107.442883
0.0,-840.0,103.27036
40.0,-840.0,99.242471
80.0,-840.0,95.359762
120.0,-840.0,91.62329
160.0,-840.0,88.03464
200.0,-840.0,84.595811
240.0,-840.0,81.309301
280.0,-840.0,78.178017
320.0,-840.0,75.205133
360.0,-840.0,72.394298
400.0,-840.0,69.749412
440.0,-840.0,67.274458
480.0,-840.0,64.973905
520.0,-840.0,62.852336
560.0,-840.0,60.914057
600.0,-840.0,59.164212
640.0,-840.0,57.60789
680.0,-840.0,56.249776
720.0,-840.0,55.095199
760.0,-840.0,54.149674
800.0,-840.0,53.417983
840.0,-840.0,52.905354
880.0,-840.0,52.618104
920.0,-840.0,52.561104
960.0,-840.0,52.740204
1000.0,-840.0,53.162083
1040.0,-840.0,53.829917
1080.0,-840.0,54.742705
1120.0,-840.0,55.897875
1160.0,-840.0,57.289878
1200.0,-840.0,58.913077
1240.0,-840.0,60.762208
1280.0,-840.0,62.82968
1320.0,-840.0,65.107597
1360.0,-840.0,67.586857
1400.0,-840.0,70.257486
1440.0,-840.0,73.108873
1480.0,-840.0,76.128772
1520.0,-840.0,79.303699
1560.0,-840.0,82.627639
-1600.0,-800.0,
-1560.0,-800.0,
-1520.0,-800.0,
-1480.0,-800.0,
-1440.0,-800.0,
-1400.0,-800.0,
-1360.0,-800.0,
-1320.0,-800.0,
-1280.0,-800.0,
-1240.0,-800.0,311.06352
-1200.0,-800.0,302.185819
-1160.0,-800.0,293.458307
-1120.0,-800.0,284.880712
-1080.0,-800.0,276.452239
-1040.0,-800.0,268.173419
-1000.0,-800.0,260.044092
-960.0,-800.0,252.064035
-920.0,-800.0,244.232739
-880.0,-800.0,236.550565
-840.0,-800.0,229.017416
-800.0,-800.0,221.63321
-760.0,-800.0,214.397752
-720.0,-800.0,207.310926
-680.0,-800.0,200.372925
-640.0,-800.0,193.583745
-600.0,-800.0,186.9434
-560.0,-800.0,180.45193
-520.0,-800.0,174.109395
-480.0,-800.0,167.915725
-440.0,-800.0,161.871184
-400.0,-800.0,155.975915
-360.0,-800.0,150.230079
-320.0,-800.0,144.633857
-280.0,-800.0,139.187458
-240.0,-800.0,133.891115
-200.0,-800.0,128.745083
-160.0,-800.0,123.749641
-120.0,-800.0,118.905084
-80.0,-800.0,114.211727
-40.0,-800.0,109.669897
0.0,-800.0,105.279928
40.0,-800.0,101.042168
80.0,-800.0,96.957234
120.0,-800.0,93.026284
160.0,-800.0,89.251029
200.0,-800.0,85.633621
240.0,-800.0,82.176737
280.0,-800.0,78.88347
320.0,-800.0,75.757195
360.0,-800.0,72.801785
400.0,-800.0,70.021344
440.0,-800.0,67.420071
480.0,-800.0,65.002662
520.0,-800.0,62.773909
560.0,-800.0,60.738369
600.0,-800.0,58.901265
640.0,-800.0,57.267934
680.0,-800.0,55.843236
720.0,-800.0,54.632676
760.0,-800.0,53.641911
800.0,-800.0,52.875852
840.0,-800.0,52.339861
880.0,-800.0,52.040342
920.0,-800.0,51.982264
960.0,-800.0,52.17157
1000.0,-800.0,52.615002
1040.0,-800.0,53.315629
1080.0,-800.0,54.272597
1120.0,-800.0,55.483105
1160.0,-800.0,56.941458
1200.0,-800.0,58.641571
1240.0,-800.0,60.5786
1280.0,-800.0,62.744495
1320.0,-800.0,65.13096
1360.0,-800.0,67.728822
1400.0,-800.0,70.528259
1440.0,-800.0,73.518163
1480.0,-800.0,76.685239
1520.0,-800.0,80.017299
1560.0,-800.0,83.507385
1600.0,-800.0,87.153756
-1600.0,-760.0,
-1560.0,-760.0,
-1520.0,-760.0,
-1480.0,-760.0,
-1440.0,-760.0,
-1400.0,-760.0,
-1360.0,-760.0,
-1320.0,-760.0,
-1280.0,-760.0,334.261796
-1240.0,-760.0,324.735216
-1200.0,-760.0,315.366847
-1160.0,-760.0,306.157451
-1120.0,-760.0,297.106777
-1080.0,-760.0,288.214029
-1040.0,-760.0,279.479334
-1000.0,-760.0,270.902718
-960.0,-760.0,262.48399
-920.0,-760.0,254.222464
-880.0,-760.0,246.118463
-840.0,-760.0,238.171899
-800.0,-760.0,230.382651
-760.0,-760.0,222.750483
-720.0,-760.0,215.275232
-680.0,-760.0,207.957072
-640.0,-760.0,200.795968
-600.0,-760.0,193.791907
-560.0,-760.0,186.944902
-520.0,-760.0,180.254934
-480.0,-760.0,173.722008
-440.0,-760.0,167.346347
-400.0,-760.0,161.128074
-360.0,-760.0,155.067338
-320.0,-760.0,149.164322
-280.0,-760.0,143.419236
-240.0,-760.0,137.832322
-200.0,-760.0,132.403848
-160.0,-760.0,127.134114
-120.0,-760.0,122.023444
-80.0,-760.0,117.072184
-40.0,-760.0,112.280703
0.0,-760.0,107.649381
40.0,-760.0,103.178623
80.0,-760.0,98.869125
120.0,-760.0,94.722153
160.0,-760.0,90.739559
200.0,-760.0,86.923666
240.0,-760.0,83.277349
280.0,-760.0,79.803907
320.0,-760.0,76.506942
360.0,-760.0,73.390572
400.0,-760.0,70.459134
440.0,-760.0,67.717068
480.0,-760.0,65.169324
520.0,-760.0,62.820922
560.0,-760.0,60.676717
600.0,-760.0,58.742027
640.0,-760.0,57.022473
680.0,-760.0,55.523116
720.0,-760.0,54.249667
760.0,-760.0,53.207955
800.0,-760.0,52.403045
840.0,-760.0,51.840439
880.0,-760.0,51.526685
920.0,-760.0,51.466852
960.0,-760.0,51.666987
1000.0,-760.0,52.133782
1040.0,-760.0,52.870538
1080.0,-760.0,53.876249
1120.0,-760.0,55.14797
1160.0,-760.0,56.679659
1200.0,-760.0,58.465283
1240.0,-760.0,60.499947
1280.0,-760.0,62.775249
1320.0,-760.0,65.282109
1360.0,-760.0,68.012244
1400.0,-760.0,70.955046
1440.0,-760.0,74.098389
1480.0,-760.0,77.430052
1520.0,-760.0,80.937062
1560.0,-760.0,84.611059
1600.0,-760.0,88.452007
-1640.0,-720.0,
-1600.0,-720.0,
-1560.0,-720.0,
-1520.0,-720.0,
-1480.0,-720.0,
-1440.0,-720.0,
-1400.0,-720.0,
-1360.0,-720.0,
-1320.0,-720.0,
-1280.0,-720.0,350.227068
-1240.0,-720.0,340.141757
-1200.0,-720.0,330.225154
-1160.0,-720.0,320.476899
-1120.0,-720.0,310.897247
-1080.0,-720.0,301.485664
-1040.0,-720.0,292.241524
-1000.0,-720.0,283.165159
-960.0,-720.0,274.25632
-920.0,-720.0,265.514398
-880.0,-720.0,256.939365
-840.0,-720.0,248.531243
-800.0,-720.0,240.289859
-760.0,-720.0,232.214947
-720.0,-720.0,224.306244
-680.0,-720.0,216.563917
-640.0,-720.0,208.987888
-600.0,-720.0,201.578107
-560.0,-720.0,194.334551
-520.0,-720.0,187.257104
-480.0,-720.0,180.345861
-440.0,-720.0,173.600967
-400.0,-720.0,167.022524
-360.0,-720.0,160.610668
-320.0,-720.0,154.36557
-280.0,-720.0,148.287437
-240.0,-720.0,142.376513
-200.0,-720.0,136.633077
-160.0,-720.0,131.057443
-120.0,-720.0,125.649959
-80.0,-720.0,120.411005
-40.0,-720.0,115.340987
0.0,-720.0,110.440337
40.0,-720.0,105.709515
80.0,-720.0,101.149301
120.0,-720.0,96.761085
160.0,-720.0,92.546872
200.0,-720.0,88.509173
240.0,-720.0,84.651085
280.0,-720.0,80.976137
320.0,-720.0,77.488184
360.0,-720.0,74.191615
400.0,-720.0,71.091028
440.0,-720.0,68.191136
480.0,-720.0,65.497176
520.0,-720.0,63.014428
560.0,-720.0,60.748047
600.0,-720.0,58.703572
640.0,-720.0,56.886862
680.0,-720.0,55.303242
720.0,-720.0,53.958671
760.0,-720.0,52.859182
800.0,-720.0,52.010029
840.0,-720.0,51.416872
880.0,-720.0,51.086467
920.0,-720.0,51.023988
960.0,-720.0,51.235606
1000.0,-720.0,51.727925
1040.0,-720.0,52.504598
1080.0,-720.0,53.564394
1120.0,-720.0,54.904234
1160.0,-720.0,56.517523
1200.0,-720.0,58.398778
1240.0,-720.0,60.542573
1280.0,-720.0,62.939952
1320.0,-720.0,65.581846
1360.0,-720.0,68.46008
1400.0,-720.0,71.56314
1440.0,-720.0,74.87848
1480.0,-720.0,78.394599
1520.0,-720.0,82.096879
1560.0,-720.0,85.977268
1600.0,-720.0,90.036209
1640.0,-720.0,94.271575
-1640.0,-680.0,
-1600.0,-680.0,
-1560.0,-680.0,
-1520.0,-680.0,
-1480.0,-680.0,
-1440.0,-680.0,
-1400.0,-680.0,
-1360.0,-680.0,
-1320.0,-680.0,379.215182
-1280.0,-680.0,368.319717
-1240.0,-680.0,357.604862
-1200.0,-680.0,347.070674
-1160.0,-680.0,336.715762
-1120.0,-680.0,326.540601
-1080.0,-680.0,316.544941
-1040.0,-680.0,306.727734
-1000.0,-680.0,297.089187
-960.0,-680.0,287.629137
-920.0,-680.0,278.347082
-880.0,-680.0,269.242537
-840.0,-680.0,260.315663
-800.0,-680.0,251.566224
-760.0,-680.0,242.993929
-720.0,-680.0,234.598354
-680.0,-680.0,226.379668
-640.0,-680.0,218.337739
-600.0,-680.0,210.472464
-560.0,-680.0,202.78377
-520.0,-680.0,195.271443
-480.0,-680.0,187.935635
-440.0,-680.0,180.776411
-400.0,-680.0,173.793841
-360.0,-680.0,166.988036
-320.0,-680.0,160.359146
-280.0,-680.0,153.907364
-240.0,-680.0,147.632929
-200.0,-680.0,141.536119
-160.0,-680.0,135.61726
-120.0,-680.0,129.876689
-80.0,-680.0,124.314844
-40.0,-680.0,118.932178
0.0,-680.0,113.729169
40.0,-680.0,108.706338
80.0,-680.0,103.864553
120.0,-680.0,99.205337
160.0,-680.0,94.730865
200.0,-680.0,90.443819
240.0,-680.0,86.347563
280.0,-680.0,82.44589
320.0,-680.0,78.742934
360.0,-680.0,75.243388
400.0,-680.0,71.952144
440.0,-680.0,68.874221
480.0,-680.0,66.015182
520.0,-680.0,63.380605
560.0,-680.0,60.975954
600.0,-680.0,58.807129
640.0,-680.0,56.880189
680.0,-680.0,55.200795
720.0,-680.0,53.775203
760.0,-680.0,52.609701
800.0,-680.0,51.709733
840.0,-680.0,51.081265
880.0,-680.0,50.73122
920.0,-680.0,50.664928
960.0,-680.0,50.888714
1000.0,-680.0,51.409062
1040.0,-680.0,52.230079
1080.0,-680.0,53.350273
1120.0,-680.0,54.76631
1160.0,-680.0,56.471292
1200.0,-680.0,58.460074
1240.0,-680.0,60.726703
1280.0,-680.0,63.26121
1320.0,-680.0,66.055636
1360.0,-680.0,69.100826
1400.0,-680.0,72.383824
1440.0,-680.0,75.893798
1480.0,-680.0,79.617544
1520.0,-680.0,83.539483
1560.0,-680.0,87.65317
1600.0,-680.0,91.956293
1640.0,-680.0,96.448478
-1680.0,-640.0,
-1640.0,-640.0,
-1600.0,-640.0,
-1560.0,-640.0,
-1520.0,-640.0,
-1480.0,-640.0,
-1440.0,-640.0,
-1400.0,-640.0,
-1360.0,-640.0,
-1320.0,-640.0,400.583931
-1280.0,-640.0,388.961072
-1240.0,-640.0,377.531322
-1200.0,-640.0,366.295327
-1160.0,-640.0,355.252427
-1120.0,-640.0,344.401533
-1080.0,-640.0,333.743056
-1040.0,-640.0,323.276267
-1000.0,-640.0,313.000379
-960.0,-640.0,302.915606
-920.0,-640.0,293.02155
-880.0,-640.0,283.317229
-840.0,-640.0,273.802898
-800.0,-640.0,264.47826
-760.0,-640.0,255.343007
-720.0,-640.0,246.39648
-680.0,-640.0,237.63886
-640.0,-640.0,229.069943
-600.0,-640.0,220.689553
-560.0,-640.0,212.497552
-520.0,-640.0,204.493618
-480.0,-640.0,196.677924
-440.0,-640.0,189.050448
-400.0,-640.0,181.611216
-360.0,-640.0,174.360293
-320.0,-640.0,167.297799
-280.0,-640.0,160.423897
-240.0,-640.0,153.738807
-200.0,-640.0,147.242776
-160.0,-640.0,140.936125
-120.0,-640.0,134.819265
-80.0,-640.0,128.892625
-40.0,-640.0,123.156683
0.0,-640.0,117.611962
40.0,-640.0,112.259043
80.0,-640.0,107.098886
120.0,-640.0,102.133156
160.0,-640.0,97.364216
200.0,-640.0,92.795015
240.0,-640.0,88.429149
280.0,-640.0,84.270658
320.0,-640.0,80.324028
360.0,-640.0,76.594292
400.0,-640.0,73.08667
440.0,-640.0,69.806529
480.0,-640.0,66.7598
520.0,-640.0,63.952413
560.0,-640.0,61.390189
600.0,-640.0,59.079432
640.0,-640.0,57.026485
680.0,-640.0,55.237397
720.0,-640.0,53.718783
760.0,-640.0,52.477248
800.0,-640.0,51.518459
840.0,-640.0,50.848804
880.0,-640.0,50.475396
920.0,-640.0,50.403767
960.0,-640.0,50.640319
1000.0,-640.0,51.191725
1040.0,-640.0,52.062334
1080.0,-640.0,53.250458
1120.0,-640.0,54.752117
1160.0,-640.0,56.561158
1200.0,-640.0,58.671768
1240.0,-640.0,61.07708
1280.0,-640.0,63.767839
1320.0,-640.0,66.735476
1360.0,-640.0,69.969265
1400.0,-640.0,73.457646
1440.0,-640.0,77.188633
1480.0,-640.0,81.146902
1520.0,-640.0,85.319424
1560.0,-640.0,89.696565
1600.0,-640.0,94.277217
1640.0,-640.0,99.060495
1680.0,-640.0,104.043524
-1680.0,-600.0,
-1640.0,-600.0,
-1600.0,-600.0,
-1560.0,-600.0,
-1520.0,-600.0,
-1480.0,-600.0,
-1440.0,-600.0,
-1400.0,-600.0,
-1360.0,-600.0,437.818471
-1320.0,-600.0,425.150616
-1280.0,-600.0,412.692496
-1240.0,-600.0,400.444247
-1200.0,-600.0,388.40401
-1160.0,-600.0,376.572484
-1120.0,-600.0,364.948368
-1080.0,-600.0,353.531187
-1040.0,-600.0,342.320891
-1000.0,-600.0,331.316238
-960.0,-600.0,320.517129
-920.0,-600.0,309.923294
-880.0,-600.0,299.533875
-840.0,-600.0,289.348485
-800.0,-600.0,279.366997
-760.0,-600.0,269.589002
-720.0,-600.0,260.013773
-680.0,-600.0,250.641257
-640.0,-600.0,241.471232
-600.0,-600.0,232.50343
-560.0,-600.0,223.737604
-520.0,-600.0,215.173367
-480.0,-600.0,206.810809
-440.0,-600.0,198.649834
-400.0,-600.0,190.690397
-360.0,-600.0,182.932502
-320.0,-600.0,175.376212
-280.0,-600.0,168.021647
-240.0,-600.0,160.868956
-200.0,-600.0,153.918383
-160.0,-600.0,147.170279
-120.0,-600.0,140.625016
-80.0,-600.0,134.283031
-40.0,-600.0,128.144827
0.0,-600.0,122.210964
40.0,-600.0,116.48208
80.0,-600.0,110.959228
120.0,-600.0,105.644226
160.0,-600.0,100.53964
200.0,-600.0,95.648672
240.0,-600.0,90.975234
280.0,-600.0,86.523697
320.0,-600.0,82.298807
360.0,-600.0,78.306028
400.0,-600.0,74.550954
440.0,-600.0,71.039345
480.0,-600.0,67.777556
520.0,-600.0,64.771921
560.0,-600.0,62.028685
600.0,-600.0,59.554617
640.0,-600.0,57.356438
680.0,-600.0,55.440656
720.0,-600.0,53.814326
760.0,-600.0,52.484454
800.0,-600.0,51.456976
840.0,-600.0,50.738843
880.0,-600.0,50.337398
920.0,-600.0,50.258438
960.0,-600.0,50.508299
1000.0,-600.0,51.094386
1040.0,-600.0,52.020873
1080.0,-600.0,53.285808
1120.0,-600.0,54.885068
1160.0,-600.0,56.81281
1200.0,-600.0,59.062362
1240.0,-600.0,61.626352
1280.0,-600.0,64.49615
1320.0,-600.0,67.661395
1360.0,-600.0,71.111733
1400.0,-600.0,74.835478
1440.0,-600.0,78.817771
1480.0,-600.0,83.046164
1520.0,-600.0,87.504083
1560.0,-600.0,92.182776
1600.0,-600.0,97.080664
1640.0,-600.0,102.194883
1680.0,-600.0,107.524883
-1680.0,-560.0,
-1640.0,-560.0,
-1600.0,-560.0,
-1560.0,-560.0,
-1520.0,-560.0,
-1480.0,-560.0,
-1440.0,-560.0,
-1400.0,-560.0,
-1360.0,-560.0,467.305102
-1320.0,-560.0,453.650965
-1280.0,-560.0,440.225341
-1240.0,-560.0,427.027371
-1200.0,-560.0,414.056727
-1160.0,-560.0,401.311806
-1120.0,-560.0,388.792963
-1080.0,-560.0,376.498392
-1040.0,-560.0,364.42812
-1000.0,-560.0,352.581533
-960.0,-560.0,340.957186
-920.0,-560.0,329.555266
-880.0,-560.0,318.375062
-840.0,-560.0,307.415373
-800.0,-560.0,296.676271
-760.0,-560.0,286.157202
-720.0,-560.0,275.857401
-680.0,-560.0,265.776435
-640.0,-560.0,255.914084
-600.0,-560.0,246.269952
-560.0,-560.0,236.843662
-520.0,-560.0,227.634702
-480.0,-560.0,218.643061
-440.0,-560.0,209.868538
-400.0,-560.0,201.310987
-360.0,-560.0,192.970323
-320.0,-560.0,184.846525
-280.0,-560.0,176.939617
-240.0,-560.0,169.249683
-200.0,-560.0,161.776984
-160.0,-560.0,154.521788
-120.0,-560.0,147.484446
-80.0,-560.0,140.665387
-40.0,-560.0,134.065121
0.0,-560.0,127.684235
40.0,-560.0,121.523413
80.0,-560.0,115.5838
120.0,-560.0,109.867375
160.0,-560.0,104.376923
200.0,-560.0,99.115921
240.0,-560.0,94.088609
280.0,-560.0,89.299722
320.0,-560.0,84.754401
360.0,-560.0,80.458456
400.0,-560.0,76.417949
440.0,-560.0,72.639088
480.0,-560.0,69.128716
520.0,-560.0,65.893643
560.0,-560.0,62.940619
600.0,-560.0,60.276943
640.0,-560.0,57.909849
680.0,-560.0,55.846386
720.0,-560.0,54.094158
760.0,-560.0,52.66068
800.0,-560.0,51.55222
840.0,-560.0,50.776474
880.0,-560.0,50.341074
920.0,-560.0,50.252131
960.0,-560.0,50.516008
1000.0,-560.0,51.140942
1040.0,-560.0,52.130926
1080.0,-560.0,53.483306
1120.0,-560.0,55.195048
1160.0,-560.0,57.259469
1200.0,-560.0,59.668544
1240.0,-560.0,62.416457
1280.0,-560.0,65.49261
1320.0,-560.0,68.886137
1360.0,-560.0,72.587398
1400.0,-560.0,76.581346
1440.0,-560.0,80.855734
1480.0,-560.0,85.394609
1520.0,-560.0,90.182139
1560.0,-560.0,95.208526
1600.0,-560.0,100.470868
1640.0,-560.0,105.967217
1680.0,-560.0,111.69425
-1720.0,-520.0,
-1680.0,-520.0,
-1640.0,-520.0,
-1600.0,-520.0,
-1560.0,-520.0,
-1520.0,-520.0,
-1480.0,-520.0,
-1440.0,-520.0,
-1400.0,-520.0,516.949351
-1360.0,-520.0,501.884114
-1320.0,-520.0,487.071077
-1280.0,-520.0,472.50907
-1240.0,-520.0,458.197121
-1200.0,-520.0,444.134098
-1160.0,-520.0,430.319338
-1120.0,-520.0,416.751279
-1080.0,-520.0,403.429944
-1040.0,-520.0,390.353055
-1000.0,-520.0,377.52095
-960.0,-520.0,364.932238
-920.0,-520.0,352.585924
-880.0,-520.0,340.481703
-840.0,-520.0,328.618332
-800.0,-520.0,316.995124
-760.0,-520.0,305.611653
-720.0,-520.0,294.467107
-680.0,-520.0,283.560535
-640.0,-520.0,272.891716
-600.0,-520.0,262.460074
-560.0,-520.0,252.265077
-520.0,-520.0,242.305999
-480.0,-520.0,232.582707
-440.0,-520.0,223.094848
-400.0,-520.0,213.842134
-360.0,-520.0,204.824348
-320.0,-520.0,196.041344
-280.0,-520.0,187.492977
-240.0,-520.0,179.179341
-200.0,-520.0,171.100557
-160.0,-520.0,163.256825
-120.0,-520.0,155.64844
-80.0,-520.0,148.275794
-40.0,-520.0,141.139383
0.0,-520.0,134.239797
40.0,-520.0,127.57775
80.0,-520.0,121.154473
120.0,-520.0,114.972107
160.0,-520.0,109.03367
200.0,-520.0,103.342936
240.0,-520.0,97.904501
280.0,-520.0,92.723484
320.0,-520.0,87.805486
360.0,-520.0,83.156718
400.0,-520.0,78.783729
440.0,-520.0,74.693257
480.0,-520.0,70.892706
520.0,-520.0,67.389453
560.0,-520.0,64.190848
600.0,-520.0,61.304816
640.0,-520.0,58.739263
680.0,-520.0,56.501891
720.0,-520.0,54.600989
760.0,-520.0,53.044666
800.0,-520.0,51.839789
840.0,-520.0,50.994857
880.0,-520.0,50.51793
920.0,-520.0,50.415166
960.0,-520.0,50.694102
1000.0,-520.0,51.362914
1040.0,-520.0,52.425219
1080.0,-520.0,53.879157
1120.0,-520.0,55.721437
1160.0,-520.0,57.943846
1200.0,-520.0,60.539888
1240.0,-520.0,63.502046
1280.0,-520.0,66.818488
1320.0,-520.0,70.479664
1360.0,-520.0,74.472075
1400.0,-520.0,78.783185
1440.0,-520.0,83.396872
1480.0,-520.0,88.298327
1520.0,-520.0,93.469392
1560.0,-520.0,98.900239
1600.0,-520.0,104.586587
1640.0,-520.0,110.526275
1680.0,-520.0,116.714402
1720.0,-520.0,123.14982
-1720.0,-480.0,
-1680.0,-480.0,
-1640.0,-480.0,
-1600.0,-480.0,
-1560.0,-480.0,
-1520.0,-480.0,
-1480.0,-480.0,
-1440.0,-480.0,
-1400.0,-480.0,559.436224
-1360.0,-480.0,542.960254
-1320.0,-480.0,526.763709
-1280.0,-480.0,510.846667
-1240.0,-480.0,495.206799
-1200.0,-480.0,479.843367
-1160.0,-480.0,464.754612
-1120.0,-480.0,449.939673
-1080.0,-480.0,435.396757
-1040.0,-480.0,421.125389
-1000.0,-480.0,407.123335
-960.0,-480.0,393.39051
-920.0,-480.0,379.924947
-880.0,-480.0,366.725948
-840.0,-480.0,353.792692
-800.0,-480.0,341.123348
-760.0,-480.0,328.71764
-720.0,-480.0,316.574601
-680.0,-480.0,304.692882
-640.0,-480.0,293.071938
-600.0,-480.0,281.711049
-560.0,-480.0,270.609446
-520.0,-480.0,259.766165
-480.0,-480.0,249.180819
-440.0,-480.0,238.852871
-400.0,-480.0,228.781827
-360.0,-480.0,218.967276
-320.0,-480.0,209.40886
-280.0,-480.0,200.1063
-240.0,-480.0,191.059546
-200.0,-480.0,182.268564
-160.0,-480.0,173.733431
-120.0,-480.0,165.454342
-80.0,-480.0,157.43161
-40.0,-480.0,149.665675
0.0,-480.0,142.157097
40.0,-480.0,134.906593
80.0,-480.0,127.915458
120.0,-480.0,121.185993
160.0,-480.0,114.721458
200.0,-480.0,108.52594
240.0,-480.0,102.604419
280.0,-480.0,96.962428
320.0,-480.0,91.606031
360.0,-480.0,86.542005
400.0,-480.0,81.777337
440.0,-480.0,77.319407
480.0,-480.0,73.176276
520.0,-480.0,69.355989
560.0,-480.0,65.866627
600.0,-480.0,62.716854
640.0,-480.0,59.915449
680.0,-480.0,57.470918
720.0,-480.0,55.392415
760.0,-480.0,53.68866
800.0,-480.0,52.367738
840.0,-480.0,51.438763
880.0,-480.0,50.910381
920.0,-480.0,50.789209
960.0,-480.0,51.083936
1000.0,-480.0,51.802542
1040.0,-480.0,52.948756
1080.0,-480.0,54.521651
1120.0,-480.0,56.51633
1160.0,-480.0,58.925537
1200.0,-480.0,61.74188
1240.0,-480.0,64.955999
1280.0,-480.0,68.557742
1320.0,-480.0,72.533072
1360.0,-480.0,76.871337
1400.0,-480.0,81.555083
1440.0,-480.0,86.570353
1480.0,-480.0,91.897928
1520.0,-480.0,97.521748
1560.0,-480.0,103.427145
1600.0,-480.0,109.612581
1640.0,-480.0,116.071423
1680.0,-480.0,122.800993
1720.0,-480.0,129.796839
-1720.0,-440.0,
-1680.0,-440.0,
-1640.0,-440.0,
-1600.0,-440.0,
-1560.0,-440.0,
-1520.0,-440.0,
-1480.0,-440.0,
-1440.0,-440.0,
-1400.0,-440.0,610.714935
-1360.0,-440.0,592.520243
-1320.0,-440.0,574.641786
-1280.0,-440.0,557.077066
-1240.0,-440.0,539.825546
-1200.0,-440.0,522.883732
-1160.0,-440.0,506.251375
-1120.0,-440.0,489.925607
-1080.0,-440.0,473.905531
-1040.0,-440.0,458.188746
-1000.0,-440.0,442.77436
-960.0,-440.0,427.659892
-920.0,-440.0,412.844804
-880.0,-440.0,398.326477
-840.0,-440.0,384.104313
-800.0,-440.0,370.176636
-760.0,-440.0,356.541759
-720.0,-440.0,343.198861
-680.0,-440.0,330.146438
-640.0,-440.0,317.38309
-600.0,-440.0,304.908001
-560.0,-440.0,292.720061
-520.0,-440.0,280.818008
-480.0,-440.0,269.201025
-440.0,-440.0,257.86833
-400.0,-440.0,246.819129
-360.0,-440.0,236.052725
-320.0,-440.0,225.568447
-280.0,-440.0,215.365832
-240.0,-440.0,205.44456
-200.0,-440.0,195.804377
-160.0,-440.0,186.445164
-120.0,-440.0,177.36694
-80.0,-440.0,168.569872
-40.0,-440.0,160.05428
0.0,-440.0,151.820641
40.0,-440.0,143.869623
80.0,-440.0,136.202549
120.0,-440.0,128.821864
160.0,-440.0,121.731066
200.0,-440.0,114.934567
240.0,-440.0,108.437748
280.0,-440.0,102.246585
320.0,-440.0,96.367646
360.0,-440.0,90.808315
400.0,-440.0,85.576109
440.0,-440.0,80.67913
480.0,-440.0,76.126207
520.0,-440.0,71.926193
560.0,-440.0,68.088051
600.0,-440.0,64.62133
640.0,-440.0,61.535951
680.0,-440.0,58.841407
720.0,-440.0,56.547951
760.0,-440.0,54.665086
800.0,-440.0,53.202507
840.0,-440.0,52.170118
880.0,-440.0,51.576931
920.0,-440.0,51.431488
960.0,-440.0,51.742662
1000.0,-440.0,52.518053
1040.0,-440.0,53.76354
1080.0,-440.0,55.476572
1120.0,-440.0,57.652991
1160.0,-440.0,60.285167
1200.0,-440.0,63.363732
1240.0,-440.0,66.880885
1280.0,-440.0,70.821954
1320.0,-440.0,75.175629
1360.0,-440.0,79.925549
1400.0,-440.0,85.056784
1440.0,-440.0,90.549983
1480.0,-440.0,96.387812
1520.0,-440.0,102.549601
1560.0,-440.0,109.02179
1600.0,-440.0,115.800206
1640.0,-440.0,122.876367
1680.0,-440.0,130.24774
1720.0,-440.0,137.908628
-1720.0,-400.0,
-1680.0,-400.0,
-1640.0,-400.0,
-1600.0,-400.0,
-1560.0,-400.0,
-1520.0,-400.0,
-1480.0,-400.0,
-1440.0,-400.0,694.525057
-1400.0,-400.0,673.820195
-1360.0,-400.0,653.481949
-1320.0,-400.0,633.507308
-1280.0,-400.0,613.892626
-1240.0,-400.0,594.636735
-1200.0,-400.0,575.736412
-1160.0,-400.0,557.188784
-1120.0,-400.0,538.992489
-1080.0,-400.0,521.143522
-1040.0,-400.0,503.641103
-1000.0,-400.0,486.481706
-960.0,-400.0,469.664077
-920.0,-400.0,453.185084
-880.0,-400.0,437.043595
-840.0,-400.0,421.236385
-800.0,-400.0,405.762485
-760.0,-400.0,390.61933
-720.0,-400.0,375.805194
-680.0,-400.0,361.318534
-640.0,-400.0,347.157081
-600.0,-400.0,333.319515
-560.0,-400.0,319.804317
-520.0,-400.0,306.609805
-480.0,-400.0,293.734496
-440.0,-400.0,281.177249
-400.0,-400.0,268.936824
-360.0,-400.0,257.012088
-320.0,-400.0,245.401929
-280.0,-400.0,234.105543
-240.0,-400.0,223.122219
-200.0,-400.0,212.451359
-160.0,-400.0,202.092521
-120.0,-400.0,192.045436
-80.0,-400.0,182.310013
-40.0,-400.0,172.886353
0.0,-400.0,163.774754
40.0,-400.0,154.975752
80.0,-400.0,146.490632
120.0,-400.0,138.321942
160.0,-400.0,130.473393
200.0,-400.0,122.949713
240.0,-400.0,115.756691
280.0,-400.0,108.900762
320.0,-400.0,102.389029
360.0,-400.0,96.229526
400.0,-400.0,90.430415
440.0,-400.0,85.000598
480.0,-400.0,79.949819
520.0,-400.0,75.287904
560.0,-400.0,71.024871
600.0,-400.0,67.171424
640.0,-400.0,63.738873
680.0,-400.0,60.737977
720.0,-400.0,58.180078
760.0,-400.0,56.076631
800.0,-400.0,54.438515
840.0,-400.0,53.276514
880.0,-400.0,52.601597
920.0,-400.0,52.423411
960.0,-400.0,52.750502
1000.0,-400.0,53.593358
1040.0,-400.0,54.95646
1080.0,-400.0,56.838247
1120.0,-400.0,59.234416
1160.0,-400.0,62.135857
1200.0,-400.0,65.533973
1240.0,-400.0,69.417614
1280.0,-400.0,73.772995
1320.0,-400.0,78.584719
1360.0,-400.0,83.836398
1400.0,-400.0,89.509947
1440.0,-400.0,95.583684
1480.0,-400.0,102.039067
1520.0,-400.0,108.852423
1560.0,-400.0,116.008869
1600.0,-400.0,123.502108
1640.0,-400.0,131.3232
1680.0,-400.0,139.466368
1720.0,-400.0,147.926312
-1760.0,-360.0,
-1720.0,-360.0,
-1680.0,-360.0,
-1640.0,-360.0,
-1600.0,-360.0,
-1560.0,-360.0,
-1520.0,-360.0,
-1480.0,-360.0,
-1440.0,-360.0,776.950948
-1400.0,-360.0,753.421375
-1360.0,-360.0,730.324539
-1320.0,-360.0,707.655324
-1280.0,-360.0,685.411138
-1240.0,-360.0,663.588193
-1200.0,-360.0,642.182318
-1160.0,-360.0,621.189287
-1120.0,-360.0,600.606633
-1080.0,-360.0,580.43017
-1040.0,-360.0,560.656311
-1000.0,-360.0,541.282601
-960.0,-360.0,522.304263
-920.0,-360.0,503.719682
-880.0,-360.0,485.524462
-840.0,-360.0,467.716698
-800.0,-360.0,450.292347
-760.0,-360.0,433.249585
-720.0,-360.0,416.584806
-680.0,-360.0,400.295877
-640.0,-360.0,384.380183
-600.0,-360.0,368.834844
-560.0,-360.0,353.657942
-520.0,-360.0,338.847143
-480.0,-360.0,324.399943
-440.0,-360.0,310.314633
-400.0,-360.0,296.589276
-360.0,-360.0,283.22207
-320.0,-360.0,270.211235
-280.0,-360.0,257.555378
-240.0,-360.0,245.253195
-200.0,-360.0,233.303531
-160.0,-360.0,221.705424
-120.0,-360.0,210.45812
-80.0,-360.0,199.561092
-40.0,-360.0,189.014047
0.0,-360.0,178.816943
40.0,-360.0,168.97004
80.0,-360.0,159.474466
120.0,-360.0,150.33278
160.0,-360.0,141.548843
200.0,-360.0,133.127653
240.0,-360.0,125.075382
280.0,-360.0,117.398914
320.0,-360.0,110.105908
360.0,-360.0,103.205079
400.0,-360.0,96.705356
440.0,-360.0,90.616546
480.0,-360.0,84.94948
520.0,-360.0,79.715167
560.0,-360.0,74.92481
600.0,-360.0,70.590854
640.0,-360.0,66.726086
680.0,-360.0,63.342895
720.0,-360.0,60.454181
760.0,-360.0,58.07386
800.0,-360.0,56.214047
840.0,-360.0,54.887411
880.0,-360.0,54.107349
920.0,-360.0,53.883467
960.0,-360.0,54.227687
1000.0,-360.0,55.149756
1040.0,-360.0,56.655897
1080.0,-360.0,58.744252
1120.0,-360.0,61.410445
1160.0,-360.0,64.64465
1200.0,-360.0,68.437313
1240.0,-360.0,72.774938
1280.0,-360.0,77.642892
1320.0,-360.0,83.021719
1360.0,-360.0,88.893871
1400.0,-360.0,95.237676
1440.0,-360.0,102.028432
1480.0,-360.0,109.244629
1520.0,-360.0,116.861408
1560.0,-360.0,124.858549
1600.0,-360.0,133.228681
1640.0,-360.0,141.96285
1680.0,-360.0,151.052249
1720.0,-360.0,160.487886
1760.0,-360.0,170.264842
-1760.0,-320.0,
-1720.0,-320.0,
-1680.0,-320.0,
-1640.0,-320.0,
-1600.0,-320.0,
-1560.0,-320.0,
-1520.0,-320.0,
-1480.0,-320.0,
-1440.0,-320.0,884.463051
-1400.0,-320.0,857.133626
-1360.0,-320.0,830.334344
-1320.0,-320.0,804.059043
-1280.0,-320.0,778.301693
-1240.0,-320.0,753.055814
-1200.0,-320.0,728.315764
-1160.0,-320.0,704.076386
-1120.0,-320.0,680.332186
-1080.0,-320.0,657.077242
-1040.0,-320.0,634.306128
-1000.0,-320.0,612.014528
-960.0,-320.0,590.196768
-920.0,-320.0,568.847993
-880.0,-320.0,547.964107
-840.0,-320.0,527.539304
-800.0,-320.0,507.570437
-760.0,-320.0,488.051913
-720.0,-320.0,468.980651
-680.0,-320.0,450.351538
-640.0,-320.0,432.161422
-600.0,-320.0,414.406123
-560.0,-320.0,397.08196
-520.0,-320.0,380.185686
-480.0,-320.0,363.713643
-440.0,-320.0,347.662696
-400.0,-320.0,332.029926
-360.0,-320.0,316.812434
-320.0,-320.0,302.007378
-280.0,-320.0,287.612347
-240.0,-320.0,273.625081
-200.0,-320.0,260.043499
-160.0,-320.0,246.865766
-120.0,-320.0,234.090308
-80.0,-320.0,221.715833
-40.0,-320.0,209.741354
0.0,-320.0,198.166203
40.0,-320.0,186.990099
80.0,-320.0,176.213785
120.0,-320.0,165.83965
160.0,-320.0,155.871557
200.0,-320.0,146.314653
240.0,-320.0,137.175399
280.0,-320.0,128.461065
320.0,-320.0,120.179847
360.0,-320.0,112.341178
400.0,-320.0,104.954813
440.0,-320.0,98.031648
480.0,-320.0,91.583783
520.0,-320.0,85.623664
560.0,-320.0,80.163925
600.0,-320.0,75.219248
640.0,-320.0,70.804263
680.0,-320.0,66.933015
720.0,-320.0,63.621693
760.0,-320.0,60.885991
800.0,-320.0,58.74008
840.0,-320.0,57.200389
880.0,-320.0,56.280704
920.0,-320.0,55.995017
960.0,-320.0,56.354968
1000.0,-320.0,57.373693
1040.0,-320.0,59.056485
1080.0,-320.0,61.403906
1120.0,-320.0,64.409014
1160.0,-320.0,68.063253
1200.0,-320.0,72.353904
1240.0,-320.0,77.26614
1280.0,-320.0,82.781901
1320.0,-320.0,88.879099
1360.0,-320.0,95.535106
1400.0,-320.0,102.724943
1440.0,-320.0,110.421742
1480.0,-320.0,118.595852
1520.0,-320.0,127.220541
1560.0,-320.0,136.274734
1600.0,-320.0,145.745694
1640.0,-320.0,155.6213
1680.0,-320.0,165.890657
1720.0,-320.0,176.545806
1760.0,-320.0,187.578764
-1760.0,-280.0,
-1720.0,-280.0,
-1680.0,-280.0,
-1640.0,-280.0,
-1600.0,-280.0,
-1560.0,-280.0,
-1520.0,-280.0,
-1480.0,-280.0,
-1440.0,-280.0,1031.142123
-1400.0,-280.0,998.389313
-1360.0,-280.0,966.322682
-1320.0,-280.0,934.931633
-1280.0,-280.0,904.205877
-1240.0,-280.0,874.135419
-1200.0,-280.0,844.710549
-1160.0,-280.0,815.921433
-1120.0,-280.0,787.758931
-1080.0,-280.0,760.214428
-1040.0,-280.0,733.279271
-1000.0,-280.0,706.945037
-960.0,-280.0,681.2029
-920.0,-280.0,656.045089
-880.0,-280.0,631.46438
-840.0,-280.0,607.452612
-800.0,-280.0,584.002652
-760.0,-280.0,561.10785
-720.0,-280.0,538.760491
-680.0,-280.0,516.954977
-640.0,-280.0,495.683897
-600.0,-280.0,474.941943
-560.0,-280.0,454.722583
-520.0,-280.0,435.020365
-480.0,-280.0,415.829889
-440.0,-280.0,397.14547
-400.0,-280.0,378.962457
-360.0,-280.0,361.276029
-320.0,-280.0,344.081513
-280.0,-280.0,327.374672
-240.0,-280.0,311.151586
-200.0,-280.0,295.40855
-160.0,-280.0,280.142184
-120.0,-280.0,265.34945
-80.0,-280.0,251.027682
-40.0,-280.0,237.174616
0.0,-280.0,223.788406
40.0,-280.0,210.867738
80.0,-280.0,198.412504
120.0,-280.0,186.424543
160.0,-280.0,174.907393
200.0,-280.0,163.866056
240.0,-280.0,153.307045
280.0,-280.0,143.237834
320.0,-280.0,133.667048
360.0,-280.0,124.604786
400.0,-280.0,116.061715
440.0,-280.0,108.049955
480.0,-280.0,100.583084
520.0,-280.0,93.675091
560.0,-280.0,87.340927
600.0,-280.0,81.597546
640.0,-280.0,76.461616
680.0,-280.0,71.950659
720.0,-280.0,68.083637
760.0,-280.0,64.878673
800.0,-280.0,62.354867
840.0,-280.0,60.529644
880.0,-280.0,59.422712
920.0,-280.0,59.04835
960.0,-280.0,59.423363
1000.0,-280.0,60.560912
1040.0,-280.0,62.469376
1080.0,-280.0,65.149044
1120.0,-280.0,68.592675
1160.0,-280.0,72.790468
1200.0,-280.0,77.728227
1240.0,-280.0,83.386865
1280.0,-280.0,89.743991
1320.0,-280.0,96.774278
1360.0,-280.0,104.449641
1400.0,-280.0,112.737258
1440.0,-280.0,121.604708
1480.0,-280.0,131.019245
1520.0,-280.0,140.946845
1560.0,-280.0,151.361721
1600.0,-280.0,162.247171
1640.0,-280.0,173.588523
1680.0,-280.0,185.37298
1720.0,-280.0,197.589562
1760.0,-280.0,210.228913
-1760.0,-240.0,
-1720.0,-240.0,
-1680.0,-240.0,
-1640.0,-240.0,
-1600.0,-240.0,
-1560.0,-240.0,
-1520.0,-240.0,
-1480.0,-240.0,
-1440.0,-240.0,1244.81535
-1400.0,-240.0,1203.60351
-1360.0,-240.0,1163.359437
-1320.0,-240.0,1124.063659
-1280.0,-240.0,1085.696883
-1240.0,-240.0,1048.239859
-1200.0,-240.0,1011.67404
-1160.0,-240.0,975.981542
-1120.0,-240.0,941.145123
-1080.0,-240.0,907.148143
-1040.0,-240.0,873.974545
-1000.0,-240.0,841.608824
-960.0,-240.0,810.036003
-920.0,-240.0,779.241611
-880.0,-240.0,749.211656
-840.0,-240.0,719.931911
-800.0,-240.0,691.389858
-760.0,-240.0,663.573108
-720.0,-240.0,636.468882
-680.0,-240.0,610.065693
-640.0,-240.0,584.352442
-600.0,-240.0,559.317628
-560.0,-240.0,534.951435
-520.0,-240.0,511.243164
-480.0,-240.0,488.183562
-440.0,-240.0,465.763193
-400.0,-240.0,443.973045
-360.0,-240.0,422.804862
-320.0,-240.0,402.250456
-280.0,-240.0,382.302055
-240.0,-240.0,362.952553
-200.0,-240.0,344.195131
-160.0,-240.0,326.023438
-120.0,-240.0,308.431615
-80.0,-240.0,291.414317
-40.0,-240.0,274.966791
0.0,-240.0,259.084884
40.0,-240.0,243.765138
80.0,-240.0,229.00565
120.0,-240.0,214.806835
160.0,-240.0,201.171109
200.0,-240.0,188.10266
240.0,-240.0,175.607458
280.0,-240.0,163.692703
320.0,-240.0,152.3671
360.0,-240.0,141.641154
400.0,-240.0,131.526466
440.0,-240.0,122.036362
480.0,-240.0,113.18605
520.0,-240.0,104.991303
560.0,-240.0,97.470076
600.0,-240.0,90.641499
640.0,-240.0,84.525862
680.0,-240.0,79.14428
720.0,-240.0,74.518916
760.0,-240.0,70.673333
800.0,-240.0,67.629479
840.0,-240.0,65.411012
880.0,-240.0,64.04092
920.0,-240.0,63.538407
960.0,-240.0,63.924045
1000.0,-240.0,65.214411
1040.0,-240.0,67.419295
1080.0,-240.0,70.5401
1120.0,-240.0,74.571088
1160.0,-240.0,79.497846
1200.0,-240.0,85.303162
1240.0,-240.0,91.965414
1280.0,-240.0,99.455244
1320.0,-240.0,107.739892
1360.0,-240.0,116.78332
1400.0,-240.0,126.545123
1440.0,-240.0,136.983858
1480.0,-240.0,148.057351
1520.0,-240.0,159.724142
1560.0,-240.0,171.951938
1600.0,-240.0,184.718248
1640.0,-240.0,198.0044
1680.0,-240.0,211.794748
1720.0,-240.0,226.076267
1760.0,-240.0,240.838162
-1760.0,-200.0,
-1720.0,-200.0,
-1680.0,-200.0,
-1640.0,-200.0,
-1600.0,-200.0,
-1560.0,-200.0,
-1520.0,-200.0,
-1480.0,-200.0,1648.6177
-1440.0,-200.0,1590.485689
-1400.0,-200.0,1534.003571
-1360.0,-200.0,1479.117879
-1320.0,-200.0,1425.780076
-1280.0,-200.0,1373.943079
-1240.0,-200.0,1323.562542
-1200.0,-200.0,1274.594182
-1160.0,-200.0,1226.998872
-1120.0,-200.0,1180.73708
-1080.0,-200.0,1135.769893
-1040.0,-200.0,1092.062961
-1000.0,-200.0,1049.581889
-960.0,-200.0,1008.293815
-920.0,-200.0,968.167331
-880.0,-200.0,929.172402
-840.0,-200.0,891.280297
-800.0,-200.0,854.463513
-760.0,-200.0,818.695652
-720.0,-200.0,783.950917
-680.0,-200.0,750.205836
-640.0,-200.0,717.437285
-600.0,-200.0,685.622575
-560.0,-200.0,654.740842
-520.0,-200.0,624.771879
-480.0,-200.0,595.69595
-440.0,-200.0,567.494915
-400.0,-200.0,540.150839
-360.0,-200.0,513.646951
-320.0,-200.0,487.967337
-280.0,-200.0,463.096488
-240.0,-200.0,439.020123
-200.0,-200.0,415.72459
-160.0,-200.0,393.197021
-120.0,-200.0,371.425372
-80.0,-200.0,350.398461
-40.0,-200.0,330.106063
0.0,-200.0,310.538873
40.0,-200.0,291.688673
80.0,-200.0,273.549341
120.0,-200.0,256.117721
160.0,-200.0,239.393127
200.0,-200.0,223.377105
240.0,-200.0,208.073525
280.0,-200.0,193.487991
320.0,-200.0,179.628218
360.0,-200.0,166.504236
400.0,-200.0,154.128112
440.0,-200.0,142.513977
480.0,-200.0,131.678103
520.0,-200.0,121.63924
560.0,-200.0,112.4172
600.0,-200.0,104.03492
640.0,-200.0,96.516414
680.0,-200.0,89.887246
720.0,-200.0,84.174581
760.0,-200.0,79.407811
800.0,-200.0,75.614226
840.0,-200.0,72.824299
880.0,-200.0,71.067553
920.0,-200.0,70.369769
960.0,-200.0,70.75615
1000.0,-200.0,72.249298
1040.0,-200.0,74.862749
1080.0,-200.0,78.598235
1120.0,-200.0,83.449204
1160.0,-200.0,89.39886
1200.0,-200.0,96.424853
1240.0,-200.0,104.49831
1280.0,-200.0,113.581068
1320.0,-200.0,123.629882
1360.0,-200.0,134.596768
1400.0,-200.0,146.427797
1440.0,-200.0,159.067565
1480.0,-200.0,172.461458
1520.0,-200.0,186.55587
1560.0,-200.0,201.308588
1600.0,-200.0,216.690148
1640.0,-200.0,232.675418
1680.0,-200.0,249.2432
1720.0,-200.0,266.380895
1760.0,-200.0,284.076236
-1760.0,-160.0,
-1720.0,-160.0,
-1680.0,-160.0,
-1640.0,-160.0,
-1600.0,-160.0,
-1560.0,-160.0,
-1520.0,-160.0,
-1480.0,-160.0,2367.003153
-1440.0,-160.0,2270.227383
-1400.0,-160.0,2177.302468
-1360.0,-160.0,2088.02689
-1320.0,-160.0,2002.214065
-1280.0,-160.0,1919.690948
-1240.0,-160.0,1840.296787
-1200.0,-160.0,1763.882013
-1160.0,-160.0,1690.306152
-1120.0,-160.0,1619.438453
-1080.0,-160.0,1551.158974
-1040.0,-160.0,1485.350802
-1000.0,-160.0,1421.910007
-960.0,-160.0,1360.733836
-920.0,-160.0,1301.729822
-880.0,-160.0,1244.809537
-840.0,-160.0,1189.889647
-800.0,-160.0,1136.891511
-760.0,-160.0,1085.742007
-720.0,-160.0,1036.371847
-680.0,-160.0,988.715639
-640.0,-160.0,942.711351
-600.0,-160.0,898.3011
-560.0,-160.0,855.43005
-520.0,-160.0,814.046351
-480.0,-160.0,774.100546
-440.0,-160.0,735.546709
-400.0,-160.0,698.341054
-360.0,-160.0,662.442122
-320.0,-160.0,627.811034
-280.0,-160.0,594.41098
-240.0,-160.0,562.207086
-200.0,-160.0,531.166814
-160.0,-160.0,501.25939
-120.0,-160.0,472.455942
-80.0,-160.0,444.729537
-40.0,-160.0,418.055176
0.0,-160.0,392.409764
40.0,-160.0,367.772297
80.0,-160.0,344.125068
120.0,-160.0,321.454607
160.0,-160.0,299.750983
200.0,-160.0,279.007506
240.0,-160.0,259.22101
280.0,-160.0,240.391183
320.0,-160.0,222.520925
360.0,-160.0,205.616906
400.0,-160.0,189.688889
440.0,-160.0,174.749212
480.0,-160.0,160.814983
520.0,-160.0,147.904876
560.0,-160.0,136.04172
600.0,-160.0,125.250347
640.0,-160.0,115.559895
680.0,-160.0,107.000571
720.0,-160.0,99.605376
760.0,-160.0,93.410633
800.0,-160.0,88.452677
840.0,-160.0,84.769874
880.0,-160.0,82.400292
920.0,-160.0,81.38004
960.0,-160.0,81.743709
1000.0,-160.0,83.520888
1040.0,-160.0,86.730229
1080.0,-160.0,91.375339
1120.0,-160.0,97.44799
1160.0,-160.0,104.926617
1200.0,-160.0,113.778976
1240.0,-160.0,123.965851
1280.0,-160.0,135.435253
1320.0,-160.0,148.127474
1360.0,-160.0,161.974896
1400.0,-160.0,176.8998
1440.0,-160.0,192.828069
1480.0,-160.0,209.682042
1520.0,-160.0,227.383077
1560.0,-160.0,245.878901
1600.0,-160.0,265.123417
1640.0,-160.0,285.088159
1680.0,-160.0,305.746788
1720.0,-160.0,327.082093
1760.0,-160.0,349.075778
-1760.0,-120.0,
-1720.0,-120.0,
-1680.0,-120.0,
-1640.0,-120.0,
-1600.0,-120.0,
-1560.0,-120.0,
-1520.0,-120.0,
-1480.0,-120.0,4816.903825
-1440.0,-120.0,4506.677016
-1400.0,-120.0,4224.087177
-1360.0,-120.0,3965.447472
-1320.0,-120.0,3727.73512
-1280.0,-120.0,3508.442793
-1240.0,-120.0,3305.469349
-1200.0,-120.0,3117.033252
-1160.0,-120.0,2941.623766
-1120.0,-120.0,2777.934161
-1080.0,-120.0,2624.841906
-1040.0,-120.0,2481.367386
-1000.0,-120.0,2346.654128
-960.0,-120.0,2219.949652
-920.0,-120.0,2100.589749
-880.0,-120.0,1987.985586
-840.0,-120.0,1881.61178
-800.0,-120.0,1781.00026
-760.0,-120.0,1685.73112
-720.0,-120.0,1595.426265
-680.0,-120.0,1509.744468
-640.0,-120.0,1428.378099
-600.0,-120.0,1351.047368
-560.0,-120.0,1277.498067
-520.0,-120.0,1207.498702
-480.0,-120.0,1140.838009
-440.0,-120.0,1077.322794
-400.0,-120.0,1016.776052
-360.0,-120.0,959.034975
-320.0,-120.0,903.95065
-280.0,-120.0,851.38561
-240.0,-120.0,801.21337
-200.0,-120.0,753.31729
-160.0,-120.0,707.58994
-120.0,-120.0,663.932058
-80.0,-120.0,622.252183
-40.0,-120.0,582.46613
0.0,-120.0,544.496527
40.0,-120.0,508.272703
80.0,-120.0,473.731924
120.0,-120.0,440.820128
160.0,-120.0,409.490709
200.0,-120.0,379.704172
240.0,-120.0,351.428371
280.0,-120.0,324.637561
320.0,-120.0,299.31258
360.0,-120.0,275.441909
400.0,-120.0,253.018821
440.0,-120.0,232.044093
480.0,-120.0,212.523917
520.0,-120.0,194.470373
560.0,-120.0,177.901138
600.0,-120.0,162.839733
640.0,-120.0,149.313602
680.0,-120.0,137.356084
720.0,-120.0,127.005365
760.0,-120.0,118.303543
800.0,-120.0,111.295628
840.0,-120.0,106.030697
880.0,-120.0,102.55976
920.0,-120.0,100.932371
960.0,-120.0,101.195612
1000.0,-120.0,103.392531
1040.0,-120.0,107.549805
1080.0,-120.0,113.671583
1120.0,-120.0,121.742214
1160.0,-120.0,131.732346
1200.0,-120.0,143.59139
1240.0,-120.0,157.261275
1280.0,-120.0,172.663017
1320.0,-120.0,189.709461
1360.0,-120.0,208.295677
1400.0,-120.0,228.313349
1440.0,-120.0,249.637376
1480.0,-120.0,272.15043
1520.0,-120.0,295.742119
1560.0,-120.0,320.323757
1600.0,-120.0,345.831612
1640.0,-120.0,372.227632
1680.0,-120.0,399.48032
1720.0,-120.0,427.5649
1760.0,-120.0,456.460441
-1760.0,-80.0,
-1720.0,-80.0,
-1680.0,-80.0,
-1640.0,-80.0,
-1600.0,-80.0,
-1560.0,-80.0,
-1520.0,-80.0,
-1480.0,-80.0,62777.673134
-1440.0,-80.0,41752.554427
-1400.0,-80.0,34039.628248
-1360.0,-80.0,61010.620627
-1320.0,-80.0,39502.232713
-1280.0,-80.0,32099.687923
-1240.0,-80.0,56643.490026
-1200.0,-80.0,34190.625688
-1160.0,-80.0,26700.464995
-1120.0,-80.0,46324.2262
-1080.0,-80.0,27058.461582
-1040.0,-80.0,20950.837723
-1000.0,-80.0,35429.915971
-960.0,-80.0,19733.106708
-920.0,-80.0,14929.840279
-880.0,-80.0,21777.019472
-840.0,-80.0,11397.634721
-800.0,-80.0,7970.389843
-760.0,-80.0,6033.326998
-720.0,-80.0,5088.969353
-680.0,-80.0,4425.688591
-640.0,-80.0,3912.646272
-600.0,-80.0,3496.289177
-560.0,-80.0,3148.124081
-520.0,-80.0,2850.842201
-480.0,-80.0,2593.031118
-440.0,-80.0,2366.724233
-400.0,-80.0,2166.127166
-360.0,-80.0,1986.886209
-320.0,-80.0,1825.646196
-280.0,-80.0,1679.76705
-240.0,-80.0,1547.134737
-200.0,-80.0,1426.032138
-160.0,-80.0,1315.046037
-120.0,-80.0,1213.001225
-80.0,-80.0,1118.910777
-40.0,-80.0,1031.93943
0.0,-80.0,951.375156
40.0,-80.0,876.607821
80.0,-80.0,807.114337
120.0,-80.0,742.446294
160.0,-80.0,682.218081
200.0,-80.0,626.098613
240.0,-80.0,573.804472
280.0,-80.0,525.093172
320.0,-80.0,479.759309
360.0,-80.0,437.630491
400.0,-80.0,398.562037
440.0,-80.0,362.436469
480.0,-80.0,329.160024
520.0,-80.0,298.659741
560.0,-80.0,270.882084
600.0,-80.0,245.79224
640.0,-80.0,223.371422
680.0,-80.0,203.614341
720.0,-80.0,186.532238
760.0,-80.0,172.149237
800.0,-80.0,160.497014
840.0,-80.0,151.62296
880.0,-80.0,145.579414
920.0,-80.0,142.427944
960.0,-80.0,142.226377
1000.0,-80.0,145.034826
1040.0,-80.0,150.885284
1080.0,-80.0,159.770765
1120.0,-80.0,171.654036
1160.0,-80.0,186.470554
1200.0,-80.0,204.133167
1240.0,-80.0,224.534146
1280.0,-80.0,247.542171
1320.0,-80.0,273.005396
1360.0,-80.0,300.750982
1400.0,-80.0,330.58186
1440.0,-80.0,362.285842
1480.0,-80.0,395.64987
1520.0,-80.0,430.473774
1560.0,-80.0,466.600302
1600.0,-80.0,503.937431
1640.0,-80.0,542.431015
1680.0,-80.0,582.018359
1720.0,-80.0,622.680502
1760.0,-80.0,664.362581
-1760.0,-40.0,
-1720.0,-40.0,
-1680.0,-40.0,
-1640.0,-40.0,
-1600.0,-40.0,
-1560.0,-40.0,
-1520.0,-40.0,
-1480.0,-40.0,
-1440.0,-40.0,
-1400.0,-40.0,
-1360.0,-40.0,
-1320.0,-40.0,
-1280.0,-40.0,
-1240.0,-40.0,
-1200.0,-40.0,
-1160.0,-40.0,
-1120.0,-40.0,86002.543562
-1080.0,-40.0,441413.728098
-1040.0,-40.0,57388.504629
-1000.0,-40.0,31666.865355
-960.0,-40.0,420358.76479
-920.0,-40.0,35817.699557
-880.0,-40.0,22305.677594
-840.0,-40.0,16889.768538
-800.0,-40.0,28527.087772
-760.0,-40.0,18339.642022
-720.0,-40.0,14325.800429
-680.0,-40.0,25076.214424
-640.0,-40.0,16149.368797
-600.0,-40.0,12787.696039
-560.0,-40.0,23266.932614
-520.0,-40.0,14775.761937
-480.0,-40.0,11770.987637
-440.0,-40.0,22406.182177
-400.0,-40.0,13865.00375
-360.0,-40.0,11061.392675
-320.0,-40.0,22221.624704
-280.0,-40.0,13244.376731
-240.0,-40.0,10547.744627
-200.0,-40.0,22632.101524
-160.0,-40.0,12820.723523
-120.0,-40.0,10029.551359
-80.0,-40.0,21466.067024
-40.0,-40.0,10990.48924
0.0,-40.0,8303.23541
40.0,-40.0,18271.897867
80.0,-40.0,8668.559532
120.0,-40.0,6447.696509
160.0,-40.0,14510.504459
200.0,-40.0,6148.481446
240.0,-40.0,4403.174709
280.0,-40.0,8611.821488
320.0,-40.0,3101.248285
360.0,-40.0,1914.745919
400.0,-40.0,1454.696314
440.0,-40.0,1185.939381
480.0,-40.0,991.946151
520.0,-40.0,841.869663
560.0,-40.0,721.603381
600.0,-40.0,623.315755
640.0,-40.0,542.178258
680.0,-40.0,475.013042
720.0,-40.0,419.641844
760.0,-40.0,374.530114
800.0,-40.0,338.580376
840.0,-40.0,310.997641
880.0,-40.0,291.226654
920.0,-40.0,278.863968
960.0,-40.0,273.648978
1000.0,-40.0,275.393009
1040.0,-40.0,283.928677
1080.0,-40.0,299.032377
1120.0,-40.0,320.436161
1160.0,-40.0,347.813475
1200.0,-40.0,380.500858
1240.0,-40.0,418.027937
1280.0,-40.0,459.598975
1320.0,-40.0,505.482967
1360.0,-40.0,555.008524
1400.0,-40.0,606.876954
1440.0,-40.0,662.19856
1480.0,-40.0,719.772111
1520.0,-40.0,777.724101
1560.0,-40.0,838.30365
1600.0,-40.0,900.177427
1640.0,-40.0,961.290582
1680.0,-40.0,1025.345142
1720.0,-40.0,1090.473612
1760.0,-40.0,1154.079629
-1760.0,40.0,
-1720.0,40.0,
-1680.0,40.0,
-1640.0,40.0,
-1600.0,40.0,
-1560.0,40.0,
-1520.0,40.0,
-1480.0,40.0,
-1440.0,40.0,
-1400.0,40.0,
-1360.0,40.0,
-1320.0,40.0,
-1280.0,40.0,
-1240.0,40.0,
-1200.0,40.0,
-1160.0,40.0,
-1120.0,40.0,86002.543563
-1080.0,40.0,441413.72808
-1040.0,40.0,57388.504628
-1000.0,40.0,31666.865355
-960.0,40.0,420358.764764
-920.0,40.0,35817.699557
-880.0,40.0,22305.677594
-840.0,40.0,16889.768538
-800.0,40.0,28527.087772
-760.0,40.0,18339.642022
-720.0,40.0,14325.800429
-680.0,40.0,25076.214424
-640.0,40.0,16149.368797
-600.0,40.0,12787.696039
-560.0,40.0,23266.932614
-520.0,40.0,14775.761937
-480.0,40.0,11770.987637
-440.0,40.0,22406.182177
-400.0,40.0,13865.00375
-360.0,40.0,11061.392675
-320.0,40.0,22221.624704
-280.0,40.0,13244.376731
-240.0,40.0,10547.744627
-200.0,40.0,22632.101524
-160.0,40.0,12820.723523
-120.0,40.0,10029.551359
-80.0,40.0,21466.067024
-40.0,40.0,10990.48924
0.0,40.0,8303.23541
40.0,40.0,18271.897867
80.0,40.0,8668.559532
120.0,40.0,6447.696509
160.0,40.0,14510.504459
200.0,40.0,6148.481446
240.0,40.0,4403.174709
280.0,40.0,8611.821488
320.0,40.0,3101.248285
360.0,40.0,1914.745919
400.0,40.0,1454.696314
440.0,40.0,1185.939381
480.0,40.0,991.946151
520.0,40.0,841.869663
560.0,40.0,721.603381
600.0,40.0,623.315755
640.0,40.0,542.178258
680.0,40.0,475.013042
720.0,40.0,419.641844
760.0,40.0,374.530114
800.0,40.0,338.580376
840.0,40.0,310.997641
880.0,40.0,291.226654
920.0,40.0,278.863968
960.0,40.0,273.648978
1000.0,40.0,275.393009
1040.0,40.0,283.928677
1080.0,40.0,299.032377
1120.0,40.0,320.436161
1160.0,40.0,347.813475
1200.0,40.0,380.500858
1240.0,40.0,418.027937
1280.0,40.0,459.598975
1320.0,40.0,505.482967
1360.0,40.0,555.008524
1400.0,40.0,606.876954
1440.0,40.0,662.19856
1480.0,40.0,719.772111
1520.0,40.0,777.724101
1560.0,40.0,838.30365
1600.0,40.0,900.177427
1640.0,40.0,961.290582
1680.0,40.0,1025.345142
1720.0,40.0,1090.473612
1760.0,40.0,1154.079629
-1760.0,80.0,
-1720.0,80.0,
-1680.0,80.0,
-1640.0,80.0,
-1600.0,80.0,
-1560.0,80.0,
-1520.0,80.0,
-1480.0,80.0,62777.673134
-1440.0,80.0,41752.554427
-1400.0,80.0,34039.628248
-1360.0,80.0,61010.620627
-1320.0,80.0,39502.232713
-1280.0,80.0,32099.687923
-1240.0,80.0,56643.490026
-1200.0,80.0,34190.625689
-1160.0,80.0,26700.464995
-1120.0,80.0,46324.2262
-1080.0,80.0,27058.461582
-1040.0,80.0,20950.837723
-1000.0,80.0,35429.915971
-960.0,80.0,19733.106708
-920.0,80.0,14929.840279
-880.0,80.0,21777.019473
-840.0,80.0,11397.634721
-800.0,80.0,7970.389843
-760.0,80.0,6033.326998
-720.0,80.0,5088.969353
-680.0,80.0,4425.688591
-640.0,80.0,3912.646272
-600.0,80.0,3496.289177
-560.0,80.0,3148.124081
-520.0,80.0,2850.842201
-480.0,80.0,2593.031118
-440.0,80.0,2366.724233
-400.0,80.0,2166.127166
-360.0,80.0,1986.886209
-320.0,80.0,1825.646196
-280.0,80.0,1679.76705
-240.0,80.0,1547.134737
-200.0,80.0,1426.032138
-160.0,80.0,1315.046037
-120.0,80.0,1213.001225
-80.0,80.0,1118.910777
-40.0,80.0,1031.93943
0.0,80.0,951.375156
40.0,80.0,876.607821
80.0,80.0,807.114337
120.0,80.0,742.446294
160.0,80.0,682.218081
200.0,80.0,626.098613
240.0,80.0,573.804472
280.0,80.0,525.093172
320.0,80.0,479.759309
360.0,80.0,437.630491
400.0,80.0,398.562037
440.0,80.0,362.436469
480.0,80.0,329.160024
520.0,80.0,298.659741
560.0,80.0,270.882084
600.0,80.0,245.79224
640.0,80.0,223.371422
680.0,80.0,203.614341
720.0,80.0,186.532238
760.0,80.0,172.149237
800.0,80.0,160.497014
840.0,80.0,151.62296
880.0,80.0,145.579414
920.0,80.0,142.427944
960.0,80.0,142.226377
1000.0,80.0,145.034826
1040.0,80.0,150.885284
1080.0,80.0,159.770765
1120.0,80.0,171.654036
1160.0,80.0,186.470554
1200.0,80.0,204.133167
1240.0,80.0,224.534146
1280.0,80.0,247.542171
1320.0,80.0,273.005396
1360.0,80.0,300.750982
1400.0,80.0,330.58186
1440.0,80.0,362.285842
1480.0,80.0,395.64987
1520.0,80.0,430.473774
1560.0,80.0,466.600302
1600.0,80.0,503.937431
1640.0,80.0,542.431015
1680.0,80.0,582.018359
1720.0,80.0,622.680502
1760.0,80.0,664.362581
-1760.0,120.0,
-1720.0,120.0,
-1680.0,120.0,
-1640.0,120.0,
-1600.0,120.0,
-1560.0,120.0,
-1520.0,120.0,
-1480.0,120.0,4816.903825
-1440.0,120.0,4506.677016
-1400.0,120.0,4224.087177
-1360.0,120.0,3965.447472
-1320.0,120.0,3727.73512
-1280.0,120.0,3508.442793
-1240.0,120.0,3305.469349
-1200.0,120.0,3117.033252
-1160.0,120.0,2941.623766
-1120.0,120.0,2777.934161
-1080.0,120.0,2624.841906
-1040.0,120.0,2481.367386
-1000.0,120.0,2346.654128
-960.0,120.0,2219.949652
-920.0,120.0,2100.589749
-880.0,120.0,1987.985586
-840.0,120.0,1881.61178
-800.0,120.0,1781.00026
-760.0,120.0,1685.73112
-720.0,120.0,1595.426265
-680.0,120.0,1509.744468
-640.0,120.0,1428.378099
-600.0,120.0,1351.047368
-560.0,120.0,1277.498067
-520.0,120.0,1207.498702
-480.0,120.0,1140.838009
-440.0,120.0,1077.322794
-400.0,120.0,1016.776052
-360.0,120.0,959.034975
-320.0,120.0,903.95065
-280.0,120.0,851.38561
-240.0,120.0,801.21337
-200.0,120.0,753.31729
-160.0,120.0,707.58994
-120.0,120.0,663.932058
-80.0,120.0,622.252183
-40.0,120.0,582.46613
0.0,120.0,544.496527
40.0,120.0,508.272703
80.0,120.0,473.731924
120.0,120.0,440.820128
160.0,120.0,409.490709
200.0,120.0,379.704172
240.0,120.0,351.428371
280.0,120.0,324.637561
320.0,120.0,299.31258
360.0,120.0,275.441909
400.0,120.0,253.018821
440.0,120.0,232.044093
480.0,120.0,212.523917
520.0,120.0,194.470373
560.0,120.0,177.901138
600.0,120.0,162.839733
640.0,120.0,149.313602
680.0,120.0,137.356084
720.0,120.0,127.005365
760.0,120.0,118.303543
800.0,120.0,111.295628
840.0,120.0,106.030697
880.0,120.0,102.55976
920.0,120.0,100.932371
960.0,120.0,101.195612
1000.0,120.0,103.392531
1040.0,120.0,107.549805
1080.0,120.0,113.671583
1120.0,120.0,121.742214
1160.0,120.0,131.732346
1200.0,120.0,143.59139
1240.0,120.0,157.261275
1280.0,120.0,172.663017
1320.0,120.0,189.709461
1360.0,120.0,208.295677
1400.0,120.0,228.313349
1440.0,120.0,249.637376
1480.0,120.0,272.15043
1520.0,120.0,295.742119
1560.0,120.0,320.323757
1600.0,120.0,345.831612
1640.0,120.0,372.227632
1680.0,120.0,399.48032
1720.0,120.0,427.5649
1760.0,120.0,456.460441
-1760.0,160.0,
-1720.0,160.0,
-1680.0,160.0,
-1640.0,160.0,
-1600.0,160.0,
-1560.0,160.0,
-1520.0,160.0,
-1480.0,160.0,2367.003153
-1440.0,160.0,2270.227383
-1400.0,160.0,2177.302468
-1360.0,160.0,2088.02689
-1320.0,160.0,2002.214065
-1280.0,160.0,1919.690948
-1240.0,160.0,1840.296787
-1200.0,160.0,1763.882013
-1160.0,160.0,1690.306152
-1120.0,160.0,1619.438453
-1080.0,160.0,1551.158974
-1040.0,160.0,1485.350802
-1000.0,160.0,1421.910007
-960.0,160.0,1360.733836
-920.0,160.0,1301.729822
-880.0,160.0,1244.809537
-840.0,160.0,1189.889647
-800.0,160.0,1136.891511
-760.0,160.0,1085.742007
-720.0,160.0,1036.371847
-680.0,160.0,988.715639
-640.0,160.0,942.711351
-600.0,160.0,898.3011
-560.0,160.0,855.43005
-520.0,160.0,814.046351
-480.0,160.0,774.100546
-440.0,160.0,735.546709
-400.0,160.0,698.341054
-360.0,160.0,662.442122
-320.0,160.0,627.811034
-280.0,160.0,594.41098
-240.0,160.0,562.207086
-200.0,160.0,531.166814
-160.0,160.0,501.25939
-120.0,160.0,472.455942
-80.0,160.0,444.729537
-40.0,160.0,418.055176
0.0,160.0,392.409764
40.0,160.0,367.772297
80.0,160.0,344.125068
120.0,160.0,321.454607
160.0,160.0,299.750983
200.0,160.0,279.007506
240.0,160.0,259.22101
280.0,160.0,240.391183
320.0,160.0,222.520925
360.0,160.0,205.616906
400.0,160.0,189.688889
440.0,160.0,174.749212
480.0,160.0,160.814983
520.0,160.0,147.904876
560.0,160.0,136.04172
600.0,160.0,125.250347
640.0,160.0,115.559895
680.0,160.0,107.000571
720.0,160.0,99.605376
760.0,160.0,93.410633
800.0,160.0,88.452677
840.0,160.0,84.769874
880.0,160.0,82.400292
920.0,160.0,81.38004
960.0,160.0,81.743709
1000.0,160.0,83.520888
1040.0,160.0,86.730229
1080.0,160.0,91.375339
1120.0,160.0,97.44799
1160.0,160.0,104.926617
1200.0,160.0,113.778976
1240.0,160.0,123.965851
1280.0,160.0,135.435253
1320.0,160.0,148.127474
1360.0,160.0,161.974896
1400.0,160.0,176.8998
1440.0,160.0,192.828069
1480.0,160.0,209.682042
1520.0,160.0,227.383077
1560.0,160.0,245.878901
1600.0,160.0,265.123417
1640.0,160.0,285.088159
1680.0,160.0,305.746788
1720.0,160.0,327.082093
1760.0,160.0,349.075778
-1760.0,200.0,
-1720.0,200.0,
-1680.0,200.0,
-1640.0,200.0,
-1600.0,200.0,
-1560.0,200.0,
-1520.0,200.0,
-1480.0,200.0,1648.6177
-1440.0,200.0,1590.485689
-1400.0,200.0,1534.003571
-1360.0,200.0,1479.117879
-1320.0,200.0,1425.780076
-1280.0,200.0,1373.943079
-1240.0,200.0,1323.562542
-1200.0,200.0,1274.594182
-1160.0,200.0,1226.998872
-1120.0,200.0,1180.73708
-1080.0,200.0,1135.769893
-1040.0,200.0,1092.062961
-1000.0,200.0,1049.581889
-960.0,200.0,1008.293815
-920.0,200.0,968.167331
-880.0,200.0,929.172402
-840.0,200.0,891.280297
-800.0,200.0,854.463513
-760.0,200.0,818.695652
-720.0,200.0,783.950917
-680.0,200.0,750.205836
-640.0,200.0,717.437285
-600.0,200.0,685.622575
-560.0,200.0,654.740842
-520.0,200.0,624.771879
-480.0,200.0,595.69595
-440.0,200.0,567.494915
-400.0,200.0,540.150839
-360.0,200.0,513.646951
-320.0,200.0,487.967337
-280.0,200.0,463.096488
-240.0,200.0,439.020123
-200.0,200.0,415.72459
-160.0,200.0,393.197021
-120.0,200.0,371.425372
-80.0,200.0,350.398461
-40.0,200.0,330.106063
0.0,200.0,310.538873
40.0,200.0,291.688673
80.0,200.0,273.549341
120.0,200.0,256.117721
160.0,200.0,239.393127
200.0,200.0,223.377105
240.0,200.0,208.073525
280.0,200.0,193.487991
320.0,200.0,179.628218
360.0,200.0,166.504236
400.0,200.0,154.128112
440.0,200.0,142.513977
480.0,200.0,131.678103
520.0,200.0,121.63924
560.0,200.0,112.4172
600.0,200.0,104.03492
640.0,200.0,96.516414
680.0,200.0,89.887246
720.0,200.0,84.174581
760.0,200.0,79.407811
800.0,200.0,75.614226
840.0,200.0,72.824299
880.0,200.0,71.067553
920.0,200.0,70.369769
960.0,200.0,70.75615
1000.0,200.0,72.249298
1040.0,200.0,74.862749
1080.0,200.0,78.598235
1120.0,200.0,83.449204
1160.0,200.0,89.39886
1200.0,200.0,96.424853
1240.0,200.0,104.49831
1280.0,200.0,113.581068
1320.0,200.0,123.629882
1360.0,200.0,134.596768
1400.0,200.0,146.427797
1440.0,200.0,159.067565
1480.0,200.0,172.461458
1520.0,200.0,186.55587
1560.0,200.0,201.308588
1600.0,200.0,216.690148
1640.0,200.0,232.675418
1680.0,200.0,249.2432
1720.0,200.0,266.380895
1760.0,200.0,284.076236
-1760.0,240.0,
-1720.0,240.0,
-1680.0,240.0,
-1640.0,240.0,
-1600.0,240.0,
-1560.0,240.0,
-1520.0,240.0,
-1480.0,240.0,
-1440.0,240.0,1244.81535
-1400.0,240.0,1203.60351
-1360.0,240.0,1163.359437
-1320.0,240.0,1124.063659
-1280.0,240.0,1085.696883
-1240.0,240.0,1048.239859
-1200.0,240.0,1011.67404
-1160.0,240.0,975.981542
-1120.0,240.0,941.145123
-1080.0,240.0,907.148143
-1040.0,240.0,873.974545
-1000.0,240.0,841.608824
-960.0,240.0,810.036003
-920.0,240.0,779.241611
-880.0,240.0,749.211656
-840.0,240.0,719.931911
-800.0,240.0,691.389858
-760.0,240.0,663.573108
-720.0,240.0,636.468882
-680.0,240.0,610.065693
-640.0,240.0,584.352442
-600.0,240.0,559.317628
-560.0,240.0,534.951435
-520.0,240.0,511.243164
-480.0,240.0,488.183562
-440.0,240.0,465.763193
-400.0,240.0,443.973045
-360.0,240.0,422.804862
-320.0,240.0,402.250456
-280.0,240.0,382.302055
-240.0,240.0,362.952553
-200.0,240.0,344.195131
-160.0,240.0,326.023438
-120.0,240.0,308.431615
-80.0,240.0,291.414317
-40.0,240.0,274.966791
0.0,240.0,259.084884
40.0,240.0,243.765138
80.0,240.0,229.00565
120.0,240.0,214.806835
160.0,240.0,201.171109
200.0,240.0,188.10266
240.0,240.0,175.607458
280.0,240.0,163.692703
320.0,240.0,152.3671
360.0,240.0,141.641154
400.0,240.0,131.526466
440.0,240.0,122.036362
480.0,240.0,113.18605
520.0,240.0,104.991303
560.0,240.0,97.470076
600.0,240.0,90.641499
640.0,240.0,84.525862
680.0,240.0,79.14428
720.0,240.0,74.518916
760.0,240.0,70.673333
800.0,240.0,67.629479
840.0,240.0,65.411012
880.0,240.0,64.04092
920.0,240.0,63.538407
960.0,240.0,63.924045
1000.0,240.0,65.214411
1040.0,240.0,67.419295
1080.0,240.0,70.5401
1120.0,240.0,74.571088
1160.0,240.0,79.497846
1200.0,240.0,85.303162
1240.0,240.0,91.965414
1280.0,240.0,99.455244
1320.0,240.0,107.739892
1360.0,240.0,116.78332
1400.0,240.0,126.545123
1440.0,240.0,136.983858
1480.0,240.0,148.057351
1520.0,240.0,159.724142
1560.0,240.0,171.951938
1600.0,240.0,184.718248
1640.0,240.0,198.0044
1680.0,240.0,211.794748
1720.0,240.0,226.076267
1760.0,240.0,240.838162
-1760.0,280.0,
-1720.0,280.0,
-1680.0,280.0,
-1640.0,280.0,
-1600.0,280.0,
-1560.0,280.0,
-1520.0,280.0,
-1480.0,280.0,
-1440.0,280.0,1031.142123
-1400.0,280.0,998.389313
-1360.0,280.0,966.322682
-1320.0,280.0,934.931633
-1280.0,280.0,904.205877
-1240.0,280.0,874.135419
-1200.0,280.0,844.710549
-1160.0,280.0,815.921433
-1120.0,280.0,787.758931
-1080.0,280.0,760.214428
-1040.0,280.0,733.279271
-1000.0,280.0,706.945037
-960.0,280.0,681.2029
-920.0,280.0,656.045089
-880.0,280.0,631.46438
-840.0,280.0,607.452612
-800.0,280.0,584.002652
-760.0,280.0,561.10785
-720.0,280.0,538.760491
-680.0,280.0,516.954977
-640.0,280.0,495.683897
-600.0,280.0,474.941943
-560.0,280.0,454.722583
-520.0,280.0,435.020365
-480.0,280.0,415.829889
-440.0,280.0,397.14547
-400.0,280.0,378.962457
-360.0,280.0,361.276029
-320.0,280.0,344.081513
-280.0,280.0,327.374672
-240.0,280.0,311.151586
-200.0,280.0,295.40855
-160.0,280.0,280.142184
-120.0,280.0,265.34945
-80.0,280.0,251.027682
-40.0,280.0,237.174616
0.0,280.0,223.788406
40.0,280.0,210.867738
80.0,280.0,198.412504
120.0,280.0,186.424543
160.0,280.0,174.907393
200.0,280.0,163.866056
240.0,280.0,153.307045
280.0,280.0,143.237834
320.0,280.0,133.667048
360.0,280.0,124.604786
400.0,280.0,116.061715
440.0,280.0,108.049955
480.0,280.0,100.583084
520.0,280.0,93.675091
560.0,280.0,87.340927
600.0,280.0,81.597546
640.0,280.0,76.461616
680.0,280.0,71.950659
720.0,280.0,68.083637
760.0,280.0,64.878673
800.0,280.0,62.354867
840.0,280.0,60.529644
880.0,280.0,59.422712
920.0,280.0,59.04835
960.0,280.0,59.423363
1000.0,280.0,60.560912
1040.0,280.0,62.469376
1080.0,280.0,65.149044
1120.0,280.0,68.592675
1160.0,280.0,72.790468
1200.0,280.0,77.728227
1240.0,280.0,83.386865
1280.0,280.0,89.743991
1320.0,280.0,96.774278
1360.0,280.0,104.449641
1400.0,280.0,112.737258
1440.0,280.0,121.604708
1480.0,280.0,131.019245
1520.0,280.0,140.946845
1560.0,280.0,151.361721
1600.0,280.0,162.247171
1640.0,280.0,173.588523
1680.0,280.0,185.37298
1720.0,280.0,197.589562
1760.0,280.0,210.228913
-1760.0,320.0,
-1720.0,320.0,
-1680.0,320.0,
-1640.0,320.0,
-1600.0,320.0,
-1560.0,320.0,
-1520.0,320.0,
-1480.0,320.0,
-1440.0,320.0,884.463051
-1400.0,320.0,857.133626
-1360.0,320.0,830.334344
-1320.0,320.0,804.059043
-1280.0,320.0,778.301693
-1240.0,320.0,753.055814
-1200.0,320.0,728.315764
-1160.0,320.0,704.076386
-1120.0,320.0,680.332186
-1080.0,320.0,657.077242
-1040.0,320.0,634.306128
-1000.0,320.0,612.014528
-960.0,320.0,590.196768
-920.0,320.0,568.847993
-880.0,320.0,547.964107
-840.0,320.0,527.539304
-800.0,320.0,507.570437
-760.0,320.0,488.051913
-720.0,320.0,468.980651
-680.0,320.0,450.351538
-640.0,320.0,432.161422
-600.0,320.0,414.406123
-560.0,320.0,397.08196
-520.0,320.0,380.185686
-480.0,320.0,363.713643
-440.0,320.0,347.662696
-400.0,320.0,332.029926
-360.0,320.0,316.812434
-320.0,320.0,302.007378
-280.0,320.0,287.612347
-240.0,320.0,273.625081
-200.0,320.0,260.043499
-160.0,320.0,246.865766
-120.0,320.0,234.090308
-80.0,320.0,221.715833
-40.0,320.0,209.741354
0.0,320.0,198.166203
40.0,320.0,186.990099
80.0,320.0,176.213785
120.0,320.0,165.83965
160.0,320.0,155.871557
200.0,320.0,146.314653
240.0,320.0,137.175399
280.0,320.0,128.461065
320.0,320.0,120.179847
360.0,320.0,112.341178
400.0,320.0,104.954813
440.0,320.0,98.031648
480.0,320.0,91.583783
520.0,320.0,85.623664
560.0,320.0,80.163925
600.0,320.0,75.219248
640.0,320.0,70.804263
680.0,320.0,66.933015
720.0,320.0,63.621693
760.0,320.0,60.885991
800.0,320.0,58.74008
840.0,320.0,57.200389
880.0,320.0,56.280704
920.0,320.0,55.995017
960.0,320.0,56.354968
1000.0,320.0,57.373693
1040.0,320.0,59.056485
1080.0,320.0,61.403906
1120.0,320.0,64.409014
1160.0,320.0,68.063253
1200.0,320.0,72.353904
1240.0,320.0,77.26614
1280.0,320.0,82.781901
1320.0,320.0,88.879099
1360.0,320.0,95.535106
1400.0,320.0,102.724943
1440.0,320.0,110.421742
1480.0,320.0,118.595852
1520.0,320.0,127.220541
1560.0,320.0,136.274734
1600.0,320.0,145.745694
1640.0,320.0,155.6213
1680.0,320.0,165.890657
1720.0,320.0,176.545806
1760.0,320.0,187.578764
-1760.0,360.0,
-1720.0,360.0,
-1680.0,360.0,
-1640.0,360.0,
-1600.0,360.0,
-1560.0,360.0,
-1520.0,360.0,
-1480.0,360.0,
-1440.0,360.0,776.950948
-1400.0,360.0,753.421375
-1360.0,360.0,730.324539
-1320.0,360.0,707.655324
-1280.0,360.0,685.411138
-1240.0,360.0,663.588193
-1200.0,360.0,642.182318
-1160.0,360.0,621.189287
-1120.0,360.0,600.606633
-1080.0,360.0,580.43017
-1040.0,360.0,560.656311
-1000.0,360.0,541.282601
-960.0,360.0,522.304263
-920.0,360.0,503.719682
-880.0,360.0,485.524462
-840.0,360.0,467.716698
-800.0,360.0,450.292347
-760.0,360.0,433.249585
-720.0,360.0,416.584806
-680.0,360.0,400.295877
-640.0,360.0,384.380183
-600.0,360.0,368.834844
-560.0,360.0,353.657942
-520.0,360.0,338.847143
-480.0,360.0,324.399943
-440.0,360.0,310.314633
-400.0,360.0,296.589276
-360.0,360.0,283.22207
-320.0,360.0,270.211235
-280.0,360.0,257.555378
-240.0,360.0,245.253195
-200.0,360.0,233.303531
-160.0,360.0,221.705424
-120.0,360.0,210.45812
-80.0,360.0,199.561092
-40.0,360.0,189.014047
0.0,360.0,178.816943
40.0,360.0,168.97004
80.0,360.0,159.474466
120.0,360.0,150.33278
160.0,360.0,141.548843
200.0,360.0,133.127653
240.0,360.0,125.075382
280.0,360.0,117.398914
320.0,360.0,110.105908
360.0,360.0,103.205079
400.0,360.0,96.705356
440.0,360.0,90.616546
480.0,360.0,84.94948
520.0,360.0,79.715167
560.0,360.0,74.92481
600.0,360.0,70.590854
640.0,360.0,66.726086
680.0,360.0,63.342895
720.0,360.0,60.454181
760.0,360.0,58.07386
800.0,360.0,56.214047
840.0,360.0,54.887411
880.0,360.0,54.107349
920.0,360.0,53.883467
960.0,360.0,54.227687
1000.0,360.0,55.149756
1040.0,360.0,56.655897
1080.0,360.0,58.744252
1120.0,360.0,61.410445
1160.0,360.0,64.64465
1200.0,360.0,68.437313
1240.0,360.0,72.774938
1280.0,360.0,77.642892
1320.0,360.0,83.021719
1360.0,360.0,88.893871
1400.0,360.0,95.237676
1440.0,360.0,102.028432
1480.0,360.0,109.244629
1520.0,360.0,116.861408
1560.0,360.0,124.858549
1600.0,360.0,133.228681
1640.0,360.0,141.96285
1680.0,360.0,151.052249
1720.0,360.0,160.487886
1760.0,360.0,170.264842
-1720.0,400.0,
-1680.0,400.0,
-1640.0,400.0,
-1600.0,400.0,
-1560.0,400.0,
-1520.0,400.0,
-1480.0,400.0,
-1440.0,400.0,694.525057
-1400.0,400.0,673.820195
-1360.0,400.0,653.481949
-1320.0,400.0,633.507308
-1280.0,400.0,613.892626
-1240.0,400.0,594.636735
-1200.0,400.0,575.736412
-1160.0,400.0,557.188784
-1120.0,400.0,538.992489
-1080.0,400.0,521.143522
-1040.0,400.0,503.641103
-1000.0,400.0,486.481706
-960.0,400.0,469.664077
-920.0,400.0,453.185084
-880.0,400.0,437.043595
-840.0,400.0,421.236385
-800.0,400.0,405.762485
-760.0,400.0,390.61933
-720.0,400.0,375.805194
-680.0,400.0,361.318534
-640.0,400.0,347.157081
-600.0,400.0,333.319515
-560.0,400.0,319.804317
-520.0,400.0,306.609805
-480.0,400.0,293.734496
-440.0,400.0,281.177249
-400.0,400.0,268.936824
-360.0,400.0,257.012088
-320.0,400.0,245.401929
-280.0,400.0,234.105543
-240.0,400.0,223.122219
-200.0,400.0,212.451359
-160.0,400.0,202.092521
-120.0,400.0,192.045436
-80.0,400.0,182.310013
-40.0,400.0,172.886353
0.0,400.0,163.774754
40.0,400.0,154.975752
80.0,400.0,146.490632
120.0,400.0,138.321942
160.0,400.0,130.473393
200.0,400.0,122.949713
240.0,400.0,115.756691
280.0,400.0,108.900762
320.0,400.0,102.389029
360.0,400.0,96.229526
400.0,400.0,90.430415
440.0,400.0,85.000598
480.0,400.0,79.949819
520.0,400.0,75.287904
560.0,400.0,71.024871
600.0,400.0,67.171424
640.0,400.0,63.738873
680.0,400.0,60.737977
720.0,400.0,58.180078
760.0,400.0,56.076631
800.0,400.0,54.438515
840.0,400.0,53.276514
880.0,400.0,52.601597
920.0,400.0,52.423411
960.0,400.0,52.750502
1000.0,400.0,53.593358
1040.0,400.0,54.95646
1080.0,400.0,56.838247
1120.0,400.0,59.234416
1160.0,400.0,62.135857
1200.0,400.0,65.533973
1240.0,400.0,69.417614
1280.0,400.0,73.772995
1320.0,400.0,78.584719
1360.0,400.0,83.836398
1400.0,400.0,89.509947
1440.0,400.0,95.583684
1480.0,400.0,102.039067
1520.0,400.0,108.852423
1560.0,400.0,116.008869
1600.0,400.0,123.502108
1640.0,400.0,131.3232
1680.0,400.0,139.466368
1720.0,400.0,147.926312
-1720.0,440.0,
-1680.0,440.0,
-1640.0,440.0,
-1600.0,440.0,
-1560.0,440.0,
-1520.0,440.0,
-1480.0,440.0,
-1440.0,440.0,
-1400.0,440.0,610.714935
-1360.0,440.0,592.520243
-1320.0,440.0,574.641786
-1280.0,440.0,557.077066
-1240.0,440.0,539.825546
-1200.0,440.0,522.883732
-1160.0,440.0,506.251375
-1120.0,440.0,489.925607
-1080.0,440.0,473.905531
-1040.0,440.0,458.188746
-1000.0,440.0,442.77436
-960.0,440.0,427.659892
-920.0,440.0,412.844804
-880.0,440.0,398.326477
-840.0,440.0,384.104313
-800.0,440.0,370.176636
-760.0,440.0,356.541759
-720.0,440.0,343.198861
-680.0,440.0,330.146438
-640.0,440.0,317.38309
-600.0,440.0,304.908001
-560.0,440.0,292.720061
-520.0,440.0,280.818008
-480.0,440.0,269.201025
-440.0,440.0,257.86833
-400.0,440.0,246.819129
-360.0,440.0,236.052725
-320.0,440.0,225.568447
-280.0,440.0,215.365832
-240.0,440.0,205.44456
-200.0,440.0,195.804377
-160.0,440.0,186.445164
-120.0,440.0,177.36694
-80.0,440.0,168.569872
-40.0,440.0,160.05428
0.0,440.0,151.820641
40.0,440.0,143.869623
80.0,440.0,136.202549
120.0,440.0,128.821864
160.0,440.0,121.731066
200.0,440.0,114.934567
240.0,440.0,108.437748
280.0,440.0,102.246585
320.0,440.0,96.367646
360.0,440.0,90.808315
400.0,440.0,85.576109
440.0,440.0,80.67913
480.0,440.0,76.126207
520.0,440.0,71.926193
560.0,440.0,68.088051
600.0,440.0,64.62133
640.0,440.0,61.535951
680.0,440.0,58.841407
720.0,440.0,56.547951
760.0,440.0,54.665086
800.0,440.0,53.202507
840.0,440.0,52.170118
880.0,440.0,51.576931
920.0,440.0,51.431488
960.0,440.0,51.742662
1000.0,440.0,52.518053
1040.0,440.0,53.76354
1080.0,440.0,55.476572
1120.0,440.0,57.652991
1160.0,440.0,60.285167
1200.0,440.0,63.363732
1240.0,440.0,66.880885
1280.0,440.0,70.821954
1320.0,440.0,75.175629
1360.0,440.0,79.925549
1400.0,440.0,85.056784
1440.0,440.0,90.549983
1480.0,440.0,96.387812
1520.0,440.0,102.549601
1560.0,440.0,109.02179
1600.0,440.0,115.800206
1640.0,440.0,122.876367
1680.0,440.0,130.24774
1720.0,440.0,137.908628
-1720.0,480.0,
-1680.0,480.0,
-1640.0,480.0,
-1600.0,480.0,
-1560.0,480.0,
-1520.0,480.0,
-1480.0,480.0,
-1440.0,480.0,
-1400.0,480.0,559.436224
-1360.0,480.0,542.960254
-1320.0,480.0,526.763709
-1280.0,480.0,510.846667
-1240.0,480.0,495.206799
-1200.0,480.0,479.843367
-1160.0,480.0,464.754612
-1120.0,480.0,449.939673
-1080.0,480.0,435.396757
-1040.0,480.0,421.125389
-1000.0,480.0,407.123335
-960.0,480.0,393.39051
-920.0,480.0,379.924947
-880.0,480.0,366.725948
-840.0,480.0,353.792692
-800.0,480.0,341.123348
-760.0,480.0,328.71764
-720.0,480.0,316.574601
-680.0,480.0,304.692882
-640.0,480.0,293.071938
-600.0,480.0,281.711049
-560.0,480.0,270.609446
-520.0,480.0,259.766165
-480.0,480.0,249.180819
-440.0,480.0,238.852871
-400.0,480.0,228.781827
-360.0,480.0,218.967276
-320.0,480.0,209.40886
-280.0,480.0,200.1063
-240.0,480.0,191.059546
-200.0,480.0,182.268564
-160.0,480.0,173.733431
-120.0,480.0,165.454342
-80.0,480.0,157.43161
-40.0,480.0,149.665675
0.0,480.0,142.157097
40.0,480.0,134.906593
80.0,480.0,127.915458
120.0,480.0,121.185993
160.0,480.0,114.721458
200.0,480.0,108.52594
240.0,480.0,102.604419
280.0,480.0,96.962428
320.0,480.0,91.606031
360.0,480.0,86.542005
400.0,480.0,81.777337
440.0,480.0,77.319407
480.0,480.0,73.176276
520.0,480.0,69.355989
560.0,480.0,65.866627
600.0,480.0,62.716854
640.0,480.0,59.915449
680.0,480.0,57.470918
720.0,480.0,55.392415
760.0,480.0,53.68866
800.0,480.0,52.367738
840.0,480.0,51.438763
880.0,480.0,50.910381
920.0,480.0,50.789209
960.0,480.0,51.083936
1000.0,480.0,51.802542
1040.0,480.0,52.948756
1080.0,480.0,54.521651
1120.0,480.0,56.51633
1160.0,480.0,58.925537
1200.0,480.0,61.74188
1240.0,480.0,64.955999
1280.0,480.0,68.557742
1320.0,480.0,72.533072
1360.0,480.0,76.871337
1400.0,480.0,81.555083
1440.0,480.0,86.570353
1480.0,480.0,91.897928
1520.0,480.0,97.521748
1560.0,480.0,103.427145
1600.0,480.0,109.612581
1640.0,480.0,116.071423
1680.0,480.0,122.800993
1720.0,480.0,129.796839
-1720.0,520.0,
-1680.0,520.0,
-1640.0,520.0,
-1600.0,520.0,
-1560.0,520.0,
-1520.0,520.0,
-1480.0,520.0,
-1440.0,520.0,
-1400.0,520.0,516.949351
-1360.0,520.0,501.884114
-1320.0,520.0,487.071077
-1280.0,520.0,472.50907
-1240.0,520.0,458.197121
-1200.0,520.0,444.134098
-1160.0,520.0,430.319338
-1120.0,520.0,416.751279
-1080.0,520.0,403.429944
-1040.0,520.0,390.353055
-1000.0,520.0,377.52095
-960.0,520.0,364.932238
-920.0,520.0,352.585924
-880.0,520.0,340.481703
-840.0,520.0,328.618332
-800.0,520.0,316.995124
-760.0,520.0,305.611653
-720.0,520.0,294.467107
-680.0,520.0,283.560535
-640.0,520.0,272.891716
-600.0,520.0,262.460074
-560.0,520.0,252.265077
-520.0,520.0,242.305999
-480.0,520.0,232.582707
-440.0,520.0,223.094848
-400.0,520.0,213.842134
-360.0,520.0,204.824348
-320.0,520.0,196.041344
-280.0,520.0,187.492977
-240.0,520.0,179.179341
-200.0,520.0,171.100557
-160.0,520.0,163.256825
-120.0,520.0,155.64844
-80.0,520.0,148.275794
-40.0,520.0,141.139383
0.0,520.0,134.239797
40.0,520.0,127.57775
80.0,520.0,121.154473
120.0,520.0,114.972107
160.0,520.0,109.03367
200.0,520.0,103.342936
240.0,520.0,97.904501
280.0,520.0,92.723484
320.0,520.0,87.805486
360.0,520.0,83.156718
400.0,520.0,78.783729
440.0,520.0,74.693257
480.0,520.0,70.892706
520.0,520.0,67.389453
560.0,520.0,64.190848
600.0,520.0,61.304816
640.0,520.0,58.739263
680.0,520.0,56.501891
720.0,520.0,54.600989
760.0,520.0,53.044666
800.0,520.0,51.839789
840.0,520.0,50.994857
880.0,520.0,50.51793
920.0,520.0,50.415166
960.0,520.0,50.694102
1000.0,520.0,51.362914
1040.0,520.0,52.425219
1080.0,520.0,53.879157
1120.0,520.0,55.721437
1160.0,520.0,57.943846
1200.0,520.0,60.539888
1240.0,520.0,63.502046
1280.0,520.0,66.818488
1320.0,520.0,70.479664
1360.0,520.0,74.472075
1400.0,520.0,78.783185
1440.0,520.0,83.396872
1480.0,520.0,88.298327
1520.0,520.0,93.469392
1560.0,520.0,98.900239
1600.0,520.0,104.586587
1640.0,520.0,110.526275
1680.0,520.0,116.714402
1720.0,520.0,123.14982
-1680.0,560.0,
-1640.0,560.0,
-1600.0,560.0,
-1560.0,560.0,
-1520.0,560.0,
-1480.0,560.0,
-1440.0,560.0,
-1400.0,560.0,
-1360.0,560.0,467.305102
-1320.0,560.0,453.650965
-1280.0,560.0,440.225341
-1240.0,560.0,427.027371
-1200.0,560.0,414.056727
-1160.0,560.0,401.311806
-1120.0,560.0,388.792963
-1080.0,560.0,376.498392
-1040.0,560.0,364.42812
-1000.0,560.0,352.581533
-960.0,560.0,340.957186
-920.0,560.0,329.555266
-880.0,560.0,318.375062
-840.0,560.0,307.415373
-800.0,560.0,296.676271
-760.0,560.0,286.157202
-720.0,560.0,275.857401
-680.0,560.0,265.776435
-640.0,560.0,255.914084
-600.0,560.0,246.269952
-560.0,560.0,236.843662
-520.0,560.0,227.634702
-480.0,560.0,218.643061
-440.0,560.0,209.868538
-400.0,560.0,201.310987
-360.0,560.0,192.970323
-320.0,560.0,184.846525
-280.0,560.0,176.939617
-240.0,560.0,169.249683
-200.0,560.0,161.776984
-160.0,560.0,154.521788
-120.0,560.0,147.484446
-80.0,560.0,140.665387
-40.0,560.0,134.065121
0.0,560.0,127.684235
40.0,560.0,121.523413
80.0,560.0,115.5838
120.0,560.0,109.867375
160.0,560.0,104.376923
200.0,560.0,99.115921
240.0,560.0,94.088609
280.0,560.0,89.299722
320.0,560.0,84.754401
360.0,560.0,80.458456
400.0,560.0,76.417949
440.0,560.0,72.639088
480.0,560.0,69.128716
520.0,560.0,65.893643
560.0,560.0,62.940619
600.0,560.0,60.276943
640.0,560.0,57.909849
680.0,560.0,55.846386
720.0,560.0,54.094158
760.0,560.0,52.66068
800.0,560.0,51.55222
840.0,560.0,50.776474
880.0,560.0,50.341074
920.0,560.0,50.252131
960.0,560.0,50.516008
1000.0,560.0,51.140942
1040.0,560.0,52.130926
1080.0,560.0,53.483306
1120.0,560.0,55.195048
1160.0,560.0,57.259469
1200.0,560.0,59.668544
1240.0,560.0,62.416457
1280.0,560.0,65.49261
1320.0,560.0,68.886137
1360.0,560.0,72.587398
1400.0,560.0,76.581346
1440.0,560.0,80.855734
1480.0,560.0,85.394609
1520.0,560.0,90.182139
1560.0,560.0,95.208526
1600.0,560.0,100.470868
1640.0,560.0,105.967217
1680.0,560.0,111.69425
-1680.0,600.0,
-1640.0,600.0,
-1600.0,600.0,
-1560.0,600.0,
-1520.0,600.0,
-1480.0,600.0,
-1440.0,600.0,
-1400.0,600.0,
-1360.0,600.0,437.818471
-1320.0,600.0,425.150616
-1280.0,600.0,412.692496
-1240.0,600.0,400.444247
-1200.0,600.0,388.40401
-1160.0,600.0,376.572484
-1120.0,600.0,364.948368
-1080.0,600.0,353.531187
-1040.0,600.0,342.320891
-1000.0,600.0,331.316238
-960.0,600.0,320.517129
-920.0,600.0,309.923294
-880.0,600.0,299.533875
-840.0,600.0,289.348485
-800.0,600.0,279.366997
-760.0,600.0,269.589002
-720.0,600.0,260.013773
-680.0,600.0,250.641257
-640.0,600.0,241.471232
-600.0,600.0,232.50343
-560.0,600.0,223.737604
-520.0,600.0,215.173367
-480.0,600.0,206.810809
-440.0,600.0,198.649834
-400.0,600.0,190.690397
-360.0,600.0,182.932502
-320.0,600.0,175.376212
-280.0,600.0,168.021647
-240.0,600.0,160.868956
-200.0,600.0,153.918383
-160.0,600.0,147.170279
-120.0,600.0,140.625016
-80.0,600.0,134.283031
-40.0,600.0,128.144827
0.0,600.0,122.210964
40.0,600.0,116.48208
80.0,600.0,110.959228
120.0,600.0,105.644226
160.0,600.0,100.53964
200.0,600.0,95.648672
240.0,600.0,90.975234
280.0,600.0,86.523697
320.0,600.0,82.298807
360.0,600.0,78.306028
400.0,600.0,74.550954
440.0,600.0,71.039345
480.0,600.0,67.777556
520.0,600.0,64.771921
560.0,600.0,62.028685
600.0,600.0,59.554617
640.0,600.0,57.356438
680.0,600.0,55.440656
720.0,600.0,53.814326
760.0,600.0,52.484454
800.0,600.0,51.456976
840.0,600.0,50.738843
880.0,600.0,50.337398
920.0,600.0,50.258438
960.0,600.0,50.508299
1000.0,600.0,51.094386
1040.0,600.0,52.020873
1080.0,600.0,53.285808
1120.0,600.0,54.885068
1160.0,600.0,56.81281
1200.0,600.0,59.062362
1240.0,600.0,61.626352
1280.0,600.0,64.49615
1320.0,600.0,67.661395
1360.0,600.0,71.111733
1400.0,600.0,74.835478
1440.0,600.0,78.817771
1480.0,600.0,83.046164
1520.0,600.0,87.504083
1560.0,600.0,92.182776
1600.0,600.0,97.080664
1640.0,600.0,102.194883
1680.0,600.0,107.524883
-1680.0,640.0,
-1640.0,640.0,
-1600.0,640.0,
-1560.0,640.0,
-1520.0,640.0,
-1480.0,640.0,
-1440.0,640.0,
-1400.0,640.0,
-1360.0,640.0,
-1320.0,640.0,400.583931
-1280.0,640.0,388.961072
-1240.0,640.0,377.531322
-1200.0,640.0,366.295327
-1160.0,640.0,355.252427
-1120.0,640.0,344.401533
-1080.0,640.0,333.743056
-1040.0,640.0,323.276267
-1000.0,640.0,313.000379
-960.0,640.0,302.915606
-920.0,640.0,293.02155
-880.0,640.0,283.317229
-840.0,640.0,273.802898
-800.0,640.0,264.47826
-760.0,640.0,255.343007
-720.0,640.0,246.39648
-680.0,640.0,237.63886
-640.0,640.0,229.069943
-600.0,640.0,220.689553
-560.0,640.0,212.497552
-520.0,640.0,204.493618
-480.0,640.0,196.677924
-440.0,640.0,189.050448
-400.0,640.0,181.611216
-360.0,640.0,174.360293
-320.0,640.0,167.297799
-280.0,640.0,160.423897
-240.0,640.0,153.738807
-200.0,640.0,147.242776
-160.0,640.0,140.936125
-120.0,640.0,134.819265
-80.0,640.0,128.892625
-40.0,640.0,123.156683
0.0,640.0,117.611962
40.0,640.0,112.259043
80.0,640.0,107.098886
120.0,640.0,102.133156
160.0,640.0,97.364216
200.0,640.0,92.795015
240.0,640.0,88.429149
280.0,640.0,84.270658
320.0,640.0,80.324028
360.0,640.0,76.594292
400.0,640.0,73.08667
440.0,640.0,69.806529
480.0,640.0,66.7598
520.0,640.0,63.952413
560.0,640.0,61.390189
600.0,640.0,59.079432
640.0,640.0,57.026485
680.0,640.0,55.237397
720.0,640.0,53.718783
760.0,640.0,52.477248
800.0,640.0,51.518459
840.0,640.0,50.848804
880.0,640.0,50.475396
920.0,640.0,50.403767
960.0,640.0,50.640319
1000.0,640.0,51.191725
1040.0,640.0,52.062334
1080.0,640.0,53.250458
1120.0,640.0,54.752117
1160.0,640.0,56.561158
1200.0,640.0,58.671768
1240.0,640.0,61.07708
1280.0,640.0,63.767839
1320.0,640.0,66.735476
1360.0,640.0,69.969265
1400.0,640.0,73.457646
1440.0,640.0,77.188633
1480.0,640.0,81.146902
1520.0,640.0,85.319424
1560.0,640.0,89.696565
1600.0,640.0,94.277217
1640.0,640.0,99.060495
1680.0,640.0,104.043524
-1640.0,680.0,
-1600.0,680.0,
-1560.0,680.0,
-1520.0,680.0,
-1480.0,680.0,
-1440.0,680.0,
-1400.0,680.0,
-1360.0,680.0,
-1320.0,680.0,379.215182
-1280.0,680.0,368.319717
-1240.0,680.0,357.604862
-1200.0,680.0,347.070674
-1160.0,680.0,336.715762
-1120.0,680.0,326.540601
-1080.0,680.0,316.544941
-1040.0,680.0,306.727734
-1000.0,680.0,297.089187
-960.0,680.0,287.629137
-920.0,680.0,278.347082
-880.0,680.0,269.242537
-840.0,680.0,260.315663
-800.0,680.0,251.566224
-760.0,680.0,242.993929
-720.0,680.0,234.598354
-680.0,680.0,226.379668
-640.0,680.0,218.337739
-600.0,680.0,210.472464
-560.0,680.0,202.78377
-520.0,680.0,195.271443
-480.0,680.0,187.935635
-440.0,680.0,180.776411
-400.0,680.0,173.793841
-360.0,680.0,166.988036
-320.0,680.0,160.359146
-280.0,680.0,153.907364
-240.0,680.0,147.632929
-200.0,680.0,141.536119
-160.0,680.0,135.61726
-120.0,680.0,129.876689
-80.0,680.0,124.314844
-40.0,680.0,118.932178
0.0,680.0,113.729169
40.0,680.0,108.706338
80.0,680.0,103.864553
120.0,680.0,99.205337
160.0,680.0,94.730865
200.0,680.0,90.443819
240.0,680.0,86.347563
280.0,680.0,82.44589
320.0,680.0,78.742934
360.0,680.0,75.243388
400.0,680.0,71.952144
440.0,680.0,68.874221
480.0,680.0,66.015182
520.0,680.0,63.380605
560.0,680.0,60.975954
600.0,680.0,58.807129
640.0,680.0,56.880189
680.0,680.0,55.200795
720.0,680.0,53.775203
760.0,680.0,52.609701
800.0,680.0,51.709733
840.0,680.0,51.081265
880.0,680.0,50.73122
920.0,680.0,50.664928
960.0,680.0,50.888714
1000.0,680.0,51.409062
1040.0,680.0,52.230079
1080.0,680.0,53.350273
1120.0,680.0,54.76631
1160.0,680.0,56.471292
1200.0,680.0,58.460074
1240.0,680.0,60.726703
1280.0,680.0,63.26121
1320.0,680.0,66.055636
1360.0,680.0,69.100826
1400.0,680.0,72.383824
1440.0,680.0,75.893798
1480.0,680.0,79.617544
1520.0,680.0,83.539483
1560.0,680.0,87.65317
1600.0,680.0,91.956293
1640.0,680.0,96.448478
-1640.0,720.0,
-1600.0,720.0,
-1560.0,720.0,
-1520.0,720.0,
-1480.0,720.0,
-1440.0,720.0,
-1400.0,720.0,
-1360.0,720.0,
-1320.0,720.0,
-1280.0,720.0,350.227068
-1240.0,720.0,340.141757
-1200.0,720.0,330.225154
-1160.0,720.0,320.476899
-1120.0,720.0,310.897247
-1080.0,720.0,301.485664
-1040.0,720.0,292.241524
-1000.0,720.0,283.165159
-960.0,720.0,274.25632
-920.0,720.0,265.514398
-880.0,720.0,256.939365
-840.0,720.0,248.531243
-800.0,720.0,240.289859
-760.0,720.0,232.214947
-720.0,720.0,224.306244
-680.0,720.0,216.563917
-640.0,720.0,208.987888
-600.0,720.0,201.578107
-560.0,720.0,194.334551
-520.0,720.0,187.257104
-480.0,720.0,180.345861
-440.0,720.0,173.600967
-400.0,720.0,167.022524
-360.0,720.0,160.610668
-320.0,720.0,154.36557
-280.0,720.0,148.287437
-240.0,720.0,142.376513
-200.0,720.0,136.633077
-160.0,720.0,131.057443
-120.0,720.0,125.649959
-80.0,720.0,120.411005
-40.0,720.0,115.340987
0.0,720.0,110.440337
40.0,720.0,105.709515
80.0,720.0,101.149301
120.0,720.0,96.761085
160.0,720.0,92.546872
200.0,720.0,88.509173
240.0,720.0,84.651085
280.0,720.0,80.976137
320.0,720.0,77.488184
360.0,720.0,74.191615
400.0,720.0,71.091028
440.0,720.0,68.191136
480.0,720.0,65.497176
520.0,720.0,63.014428
560.0,720.0,60.748047
600.0,720.0,58.703572
640.0,720.0,56.886862
680.0,720.0,55.303242
720.0,720.0,53.958671
760.0,720.0,52.859182
800.0,720.0,52.010029
840.0,720.0,51.416872
880.0,720.0,51.086467
920.0,720.0,51.023988
960.0,720.0,51.235606
1000.0,720.0,51.727925
1040.0,720.0,52.504598
1080.0,720.0,53.564394
1120.0,720.0,54.904234
1160.0,720.0,56.517523
1200.0,720.0,58.398778
1240.0,720.0,60.542573
1280.0,720.0,62.939952
1320.0,720.0,65.581846
1360.0,720.0,68.46008
1400.0,720.0,71.56314
1440.0,720.0,74.87848
1480.0,720.0,78.394599
1520.0,720.0,82.096879
1560.0,720.0,85.977268
1600.0,720.0,90.036209
1640.0,720.0,94.271575
-1600.0,760.0,
-1560.0,760.0,
-1520.0,760.0,
-1480.0,760.0,
-1440.0,760.0,
-1400.0,760.0,
-1360.0,760.0,
-1320.0,760.0,
-1280.0,760.0,334.261796
-1240.0,760.0,324.735216
-1200.0,760.0,315.366847
-1160.0,760.0,306.157451
-1120.0,760.0,297.106777
-1080.0,760.0,288.214029
-1040.0,760.0,279.479334
-1000.0,760.0,270.902718
-960.0,760.0,262.48399
-920.0,760.0,254.222464
-880.0,760.0,246.118463
-840.0,760.0,238.171899
-800.0,760.0,230.382651
-760.0,760.0,222.750483
-720.0,760.0,215.275232
-680.0,760.0,207.957072
-640.0,760.0,200.795968
-600.0,760.0,193.791907
-560.0,760.0,186.944902
-520.0,760.0,180.254934
-480.0,760.0,173.722008
-440.0,760.0,167.346347
-400.0,760.0,161.128074
-360.0,760.0,155.067338
-320.0,760.0,149.164322
-280.0,760.0,143.419236
-240.0,760.0,137.832322
-200.0,760.0,132.403848
-160.0,760.0,127.134114
-120.0,760.0,122.023444
-80.0,760.0,117.072184
-40.0,760.0,112.280703
0.0,760.0,107.649381
40.0,760.0,103.178623
80.0,760.0,98.869125
120.0,760.0,94.722153
160.0,760.0,90.739559
200.0,760.0,86.923666
240.0,760.0,83.277349
280.0,760.0,79.803907
320.0,760.0,76.506942
360.0,760.0,73.390572
400.0,760.0,70.459134
440.0,760.0,67.717068
480.0,760.0,65.169324
520.0,760.0,62.820922
560.0,760.0,60.676717
600.0,760.0,58.742027
640.0,760.0,57.022473
680.0,760.0,55.523116
720.0,760.0,54.249667
760.0,760.0,53.207955
800.0,760.0,52.403045
840.0,760.0,51.840439
880.0,760.0,51.526685
920.0,760.0,51.466852
960.0,760.0,51.666987
1000.0,760.0,52.133782
1040.0,760.0,52.870538
1080.0,760.0,53.876249
1120.0,760.0,55.14797
1160.0,760.0,56.679659
1200.0,760.0,58.465283
1240.0,760.0,60.499947
1280.0,760.0,62.775249
1320.0,760.0,65.282109
1360.0,760.0,68.012244
1400.0,760.0,70.955046
1440.0,760.0,74.098389
1480.0,760.0,77.430052
1520.0,760.0,80.937062
1560.0,760.0,84.611059
1600.0,760.0,88.452007
-1600.0,800.0,
-1560.0,800.0,
-1520.0,800.0,
-1480.0,800.0,
-1440.0,800.0,
-1400.0,800.0,
-1360.0,800.0,
-1320.0,800.0,
-1280.0,800.0,
-1240.0,800.0,311.06352
-1200.0,800.0,302.185819
-1160.0,800.0,293.458307
-1120.0,800.0,284.880712
-1080.0,800.0,276.452239
-1040.0,800.0,268.173419
-1000.0,800.0,260.044092
-960.0,800.0,252.064035
-920.0,800.0,244.232739
-880.0,800.0,236.550565
-840.0,800.0,229.017416
-800.0,800.0,221.63321
-760.0,800.0,214.397752
-720.0,800.0,207.310926
-680.0,800.0,200.372925
-640.0,800.0,193.583745
-600.0,800.0,186.9434
-560.0,800.0,180.45193
-520.0,800.0,174.109395
-480.0,800.0,167.915725
-440.0,800.0,161.871184
-400.0,800.0,155.975915
-360.0,800.0,150.230079
-320.0,800.0,144.633857
-280.0,800.0,139.187458
-240.0,800.0,133.891115
-200.0,800.0,128.745083
-160.0,800.0,123.749641
-120.0,800.0,118.905084
-80.0,800.0,114.211727
-40.0,800.0,109.669897
0.0,800.0,105.279928
40.0,800.0,101.042168
80.0,800.0,96.957234
120.0,800.0,93.026284
160.0,800.0,89.251029
200.0,800.0,85.633621
240.0,800.0,82.176737
280.0,800.0,78.88347
320.0,800.0,75.757195
360.0,800.0,72.801785
400.0,800.0,70.021344
440.0,800.0,67.420071
480.0,800.0,65.002662
520.0,800.0,62.773909
560.0,800.0,60.738369
600.0,800.0,58.901265
640.0,800.0,57.267934
680.0,800.0,55.843236
720.0,800.0,54.632676
760.0,800.0,53.641911
800.0,800.0,52.875852
840.0,800.0,52.339861
880.0,800.0,52.040342
920.0,800.0,51.982264
960.0,800.0,52.17157
1000.0,800.0,52.615002
1040.0,800.0,53.315629
1080.0,800.0,54.272597
1120.0,800.0,55.483105
1160.0,800.0,56.941458
1200.0,800.0,58.641571
1240.0,800.0,60.5786
1280.0,800.0,62.744495
1320.0,800.0,65.13096
1360.0,800.0,67.728822
1400.0,800.0,70.528259
1440.0,800.0,73.518163
1480.0,800.0,76.685239
1520.0,800.0,80.017299
1560.0,800.0,83.507385
1600.0,800.0,87.153756
-1560.0,840.0,
-1520.0,840.0,
-1480.0,840.0,
-1440.0,840.0,
-1400.0,840.0,
-1360.0,840.0,
-1320.0,840.0,
-1280.0,840.0,
-1240.0,840.0,
-1200.0,840.0,290.433692
-1160.0,840.0,282.139783
-1120.0,840.0,273.98776
-1080.0,840.0,265.977408
-1040.0,840.0,258.109009
-1000.0,840.0,250.382441
-960.0,840.0,242.797424
-920.0,840.0,235.353696
-880.0,840.0,228.051534
-840.0,840.0,220.890872
-800.0,840.0,213.871658
-760.0,840.0,206.993747
-720.0,840.0,200.257026
-680.0,840.0,193.661716
-640.0,840.0,187.207836
-600.0,840.0,180.895421
-560.0,840.0,174.724528
-520.0,840.0,168.695233
-480.0,840.0,162.807562
-440.0,840.0,157.061625
-400.0,840.0,151.45765
-360.0,840.0,145.995796
-320.0,840.0,140.676242
-280.0,840.0,135.49919
-240.0,840.0,130.464859
-200.0,840.0,125.573488
-160.0,840.0,120.825331
-120.0,840.0,116.220657
-80.0,840.0,111.759746
-40.0,840.0,107.442883
0.0,840.0,103.27036
40.0,840.0,99.242471
80.0,840.0,95.359762
120.0,840.0,91.62329
160.0,840.0,88.03464
200.0,840.0,84.595811
240.0,840.0,81.309301
280.0,840.0,78.178017
320.0,840.0,75.205133
360.0,840.0,72.394298
400.0,840.0,69.749412
440.0,840.0,67.274458
480.0,840.0,64.973905
520.0,840.0,62.852336
560.0,840.0,60.914057
600.0,840.0,59.164212
640.0,840.0,57.60789
680.0,840.0,56.249776
720.0,840.0,55.095199
760.0,840.0,54.149674
800.0,840.0,53.417983
840.0,840.0,52.905354
880.0,840.0,52.618104
920.0,840.0,52.561104
960.0,840.0,52.740204
1000.0,840.0,53.162083
1040.0,840.0,53.829917
1080.0,840.0,54.742705
1120.0,840.0,55.897875
1160.0,840.0,57.289878
1200.0,840.0,58.913077
1240.0,840.0,60.762208
1280.0,840.0,62.82968
1320.0,840.0,65.107597
1360.0,840.0,67.586857
1400.0,840.0,70.257486
1440.0,840.0,73.108873
1480.0,840.0,76.128772
1520.0,840.0,79.303699
1560.0,840.0,82.627639
-1560.0,880.0,
-1520.0,880.0,
-1480.0,880.0,
-1440.0,880.0,
-1400.0,880.0,
-1360.0,880.0,
-1320.0,880.0,
-1280.0,880.0,
-1240.0,880.0,
-1200.0,880.0,279.909077
-1160.0,880.0,272.007479
-1120.0,880.0,264.240584
-1080.0,880.0,256.608652
-1040.0,880.0,249.111759
-1000.0,880.0,241.749814
-960.0,880.0,234.522498
-920.0,880.0,227.429734
-880.0,880.0,220.471734
-840.0,880.0,213.648457
-800.0,880.0,206.959877
-760.0,880.0,200.405904
-720.0,880.0,193.986392
-680.0,880.0,187.701599
-640.0,880.0,181.551561
-600.0,880.0,175.536328
-560.0,880.0,169.655968
-520.0,880.0,163.910566
-480.0,880.0,158.300226
-440.0,880.0,152.824946
-400.0,880.0,147.484981
-360.0,880.0,142.280505
-320.0,880.0,137.21169
-280.0,880.0,132.278726
-240.0,880.0,127.481819
-200.0,880.0,122.821187
-160.0,880.0,118.29706
-120.0,880.0,113.909679
-80.0,880.0,109.659289
-40.0,880.0,105.546139
0.0,880.0,101.570477
40.0,880.0,97.732549
80.0,880.0,94.032833
120.0,880.0,90.472299
160.0,880.0,87.052416
200.0,880.0,83.775047
240.0,880.0,80.642527
280.0,880.0,77.657599
320.0,880.0,74.823251
360.0,880.0,72.142938
400.0,880.0,69.620374
440.0,880.0,67.259347
480.0,880.0,65.064123
520.0,880.0,63.039024
560.0,880.0,61.188357
600.0,880.0,59.516984
640.0,880.0,58.029844
680.0,880.0,56.731475
720.0,880.0,55.627047
760.0,880.0,54.721957
800.0,880.0,54.020857
840.0,880.0,53.528905
880.0,880.0,53.252316
920.0,880.0,53.195882
960.0,880.0,53.365369
1000.0,880.0,53.767398
1040.0,880.0,54.405226
1080.0,880.0,55.277763
1120.0,880.0,56.382632
1160.0,880.0,57.714427
1200.0,880.0,59.267893
1240.0,880.0,61.037433
1280.0,880.0,63.015853
1320.0,880.0,65.195414
1360.0,880.0,67.567646
1400.0,880.0,70.12189
1440.0,880.0,72.848151
1480.0,880.0,75.734843
1520.0,880.0,78.768134
1560.0,880.0,81.942049
-1520.0,920.0,
-1480.0,920.0,
-1440.0,920.0,
-1400.0,920.0,
-1360.0,920.0,
-1320.0,920.0,
-1280.0,920.0,
-1240.0,920.0,
-1200.0,920.0,
-1160.0,920.0,262.902
-1120.0,920.0,255.485364
-1080.0,920.0,248.197598
-1040.0,920.0,241.038625
-1000.0,920.0,234.008376
-960.0,920.0,227.106518
-920.0,920.0,220.333094
-880.0,920.0,213.688278
-840.0,920.0,207.172047
-800.0,920.0,200.784395
-760.0,920.0,194.525292
-720.0,920.0,188.39453
-680.0,920.0,182.392413
-640.0,920.0,176.518988
-600.0,920.0,170.774316
-560.0,920.0,165.15847
-520.0,920.0,159.671543
-480.0,920.0,154.31364
-440.0,920.0,149.084857
-400.0,920.0,143.985255
-360.0,920.0,139.015094
-320.0,920.0,134.174538
-280.0,920.0,129.463762
-240.0,920.0,124.882956
-200.0,920.0,120.432318
-160.0,920.0,116.112053
-120.0,920.0,111.922374
-80.0,920.0,107.863493
-40.0,920.0,103.935624
0.0,920.0,100.138974
40.0,920.0,96.473746
80.0,920.0,92.940359
120.0,920.0,89.539699
160.0,920.0,86.273133
200.0,920.0,83.142402
240.0,920.0,80.149695
280.0,920.0,77.297606
320.0,920.0,74.58896
360.0,920.0,72.027031
400.0,920.0,69.61537
440.0,920.0,67.35759
480.0,920.0,65.257732
520.0,920.0,63.319999
560.0,920.0,61.548597
600.0,920.0,59.94817
640.0,920.0,58.523522
680.0,920.0,57.27906
720.0,920.0,56.219818
760.0,920.0,55.351092
800.0,920.0,54.677392
840.0,920.0,54.203875
880.0,920.0,53.936626
920.0,920.0,53.880374
960.0,920.0,54.040809
1000.0,920.0,54.424499
1040.0,920.0,55.034754
1080.0,920.0,55.870449
1120.0,920.0,56.929373
1160.0,920.0,58.206252
1200.0,920.0,59.696103
1240.0,920.0,61.393258
1280.0,920.0,63.290678
1320.0,920.0,65.380828
1360.0,920.0,67.655682
1400.0,920.0,70.104322
1440.0,920.0,72.716974
1480.0,920.0,75.482345
1520.0,920.0,78.387479
-1520.0,960.0,
-1480.0,960.0,
-1440.0,960.0,
-1400.0,960.0,
-1360.0,960.0,
-1320.0,960.0,
-1280.0,960.0,
-1240.0,960.0,
-1200.0,960.0,
-1160.0,960.0,
-1120.0,960.0,247.594729
-1080.0,960.0,240.62136
-1040.0,960.0,233.771108
-1000.0,960.0,227.043925
-960.0,960.0,220.439477
-920.0,960.0,213.957881
-880.0,960.0,207.599289
-840.0,960.0,201.363694
-800.0,960.0,195.251102
-760.0,960.0,189.261529
-720.0,960.0,183.394752
-680.0,960.0,177.651053
-640.0,960.0,172.030511
-600.0,960.0,166.533193
-560.0,960.0,161.159178
-520.0,960.0,155.908558
-480.0,960.0,150.781439
-440.0,960.0,145.777939
-400.0,960.0,140.898146
-360.0,960.0,136.142177
-320.0,960.0,131.510261
-280.0,960.0,127.00256
-240.0,960.0,122.619245
-200.0,960.0,118.360494
-160.0,960.0,114.226488
-120.0,960.0,110.217412
-80.0,960.0,106.333449
-40.0,960.0,102.574778
0.0,960.0,98.941569
40.0,960.0,95.433986
80.0,960.0,92.052393
120.0,960.0,88.797604
160.0,960.0,85.670892
200.0,960.0,82.673889
240.0,960.0,79.808652
280.0,960.0,77.077642
320.0,960.0,74.483536
360.0,960.0,72.029447
400.0,960.0,69.718777
440.0,960.0,67.554966
480.0,960.0,65.541841
520.0,960.0,63.683619
560.0,960.0,61.984275
600.0,960.0,60.448302
640.0,960.0,59.080388
680.0,960.0,57.884824
720.0,960.0,56.866519
760.0,960.0,56.030681
800.0,960.0,55.38168
840.0,960.0,54.924702
880.0,960.0,54.665701
920.0,960.0,54.609349
960.0,960.0,54.761263
1000.0,960.0,55.127963
1040.0,960.0,55.712786
1080.0,960.0,56.514616
1120.0,960.0,57.531384
1160.0,960.0,58.757945
1200.0,960.0,60.189436
1240.0,960.0,61.820489
1280.0,960.0,63.643876
1320.0,960.0,65.652354
1360.0,960.0,67.838032
1400.0,960.0,70.19054
1440.0,960.0,72.69955
1480.0,960.0,75.354282
1520.0,960.0,78.142322
-1480.0,1000.0,
-1440.0,1000.0,
-1400.0,1000.0,
-1360.0,1000.0,
-1320.0,1000.0,
-1280.0,1000.0,
-1240.0,1000.0,
-1200.0,1000.0,
-1160.0,1000.0,
-1120.0,1000.0,
-1080.0,1000.0,233.777269
-1040.0,1000.0,227.210188
-1000.0,1000.0,220.761011
-960.0,1000.0,214.429419
-920.0,1000.0,208.215559
-880.0,1000.0,202.119578
-840.0,1000.0,196.141481
-800.0,1000.0,190.281285
-760.0,1000.0,184.539014
-720.0,1000.0,178.914531
-680.0,1000.0,173.407979
-640.0,1000.0,168.019509
-600.0,1000.0,162.749191
-560.0,1000.0,157.597106
-520.0,1000.0,152.563345
-480.0,1000.0,147.64801
-440.0,1000.0,142.851214
-400.0,1000.0,138.17308
-360.0,1000.0,133.613706
-320.0,1000.0,129.173208
-280.0,1000.0,124.851801
-240.0,1000.0,120.649639
-200.0,1000.0,116.566879
-160.0,1000.0,112.603679
-120.0,1000.0,108.760197
-80.0,1000.0,105.036589
-40.0,1000.0,101.433001
0.0,1000.0,97.949572
40.0,1000.0,94.586429
80.0,1000.0,91.343885
120.0,1000.0,88.222692
160.0,1000.0,85.224035
200.0,1000.0,82.349452
240.0,1000.0,79.600879
280.0,1000.0,76.980659
320.0,1000.0,74.491334
360.0,1000.0,72.135873
400.0,1000.0,69.917526
440.0,1000.0,67.839533
480.0,1000.0,65.905744
520.0,1000.0,64.120152
560.0,1000.0,62.486603
600.0,1000.0,61.009455
640.0,1000.0,59.693291
680.0,1000.0,58.542297
720.0,1000.0,57.56127
760.0,1000.0,56.755336
800.0,1000.0,56.128727
840.0,1000.0,55.686682
880.0,1000.0,55.435023
920.0,1000.0,55.378366
960.0,1000.0,55.522262
1000.0,1000.0,55.873181
1040.0,1000.0,56.434466
1080.0,1000.0,57.205051
1120.0,1000.0,58.182984
1160.0,1000.0,59.363241
1200.0,1000.0,60.741079
1240.0,1000.0,62.311385
1280.0,1000.0,64.066805
1320.0,1000.0,66.000346
1360.0,1000.0,68.104243
1400.0,1000.0,70.368607
1440.0,1000.0,72.782655
1480.0,1000.0,75.336051
-1440.0,1040.0,
-1400.0,1040.0,
-1360.0,1040.0,
-1320.0,1040.0,
-1280.0,1040.0,
-1240.0,1040.0,
-1200.0,1040.0,
-1160.0,1040.0,
-1120.0,1040.0,
-1080.0,1040.0,
-1040.0,1040.0,221.272467
-1000.0,1040.0,215.079232
-960.0,1040.0,208.998873
-920.0,1040.0,203.031528
-880.0,1040.0,197.177355
-840.0,1040.0,191.436368
-800.0,1040.0,185.808591
-760.0,1040.0,180.294056
-720.0,1040.0,174.892716
-680.0,1040.0,169.604555
-640.0,1040.0,164.429804
-600.0,1040.0,159.368532
-560.0,1040.0,154.42082
-520.0,1040.0,149.586757
-480.0,1040.0,144.86644
-440.0,1040.0,140.259976
-400.0,1040.0,135.767479
-360.0,1040.0,131.389071
-320.0,1040.0,127.12487
-280.0,1040.0,122.974947
-240.0,1040.0,118.939517
-200.0,1040.0,115.018718
-160.0,1040.0,111.212686
-120.0,1040.0,107.521555
-80.0,1040.0,103.945452
-40.0,1040.0,100.484499
0.0,1040.0,97.138801
40.0,1040.0,93.908453
80.0,1040.0,90.793725
120.0,1040.0,87.795312
160.0,1040.0,84.91432
200.0,1040.0,82.1522
240.0,1040.0,79.510785
280.0,1040.0,76.992305
320.0,1040.0,74.599186
360.0,1040.0,72.334226
400.0,1040.0,70.200547
440.0,1040.0,68.201388
480.0,1040.0,66.340378
520.0,1040.0,64.621398
560.0,1040.0,63.048175
600.0,1040.0,61.624943
640.0,1040.0,60.35619
680.0,1040.0,59.246005
720.0,1040.0,58.299084
760.0,1040.0,57.52048
800.0,1040.0,56.91428
840.0,1040.0,56.485801
880.0,1040.0,56.240726
920.0,1040.0,56.183623
960.0,1040.0,56.319974
1000.0,1040.0,56.656202
1040.0,1040.0,57.195635
1080.0,1040.0,57.937292
1120.0,1040.0,58.879315
1160.0,1040.0,60.0168
1200.0,1040.0,61.345116
1240.0,1040.0,62.859369
1280.0,1040.0,64.552137
1320.0,1040.0,66.416638
1360.0,1040.0,68.445228
1400.0,1040.0,70.628343
1440.0,1040.0,72.955125
-1440.0,1080.0,
-1400.0,1080.0,
-1360.0,1080.0,
-1320.0,1080.0,
-1280.0,1080.0,
-1240.0,1080.0,
-1200.0,1080.0,
-1160.0,1080.0,
-1120.0,1080.0,
-1080.0,1080.0,
-1040.0,1080.0,
-1000.0,1080.0,209.930368
-960.0,1080.0,204.082098
-920.0,1080.0,198.342476
-880.0,1080.0,192.711687
-840.0,1080.0,187.18975
-800.0,1080.0,181.776694
-760.0,1080.0,176.472556
-720.0,1080.0,171.277381
-680.0,1080.0,166.190991
-640.0,1080.0,161.213687
-600.0,1080.0,156.345543
-560.0,1080.0,151.586637
-520.0,1080.0,146.937054
-480.0,1080.0,142.396886
-440.0,1080.0,137.966232
-400.0,1080.0,133.645197
-360.0,1080.0,129.433891
-320.0,1080.0,125.332429
-280.0,1080.0,121.340928
-240.0,1080.0,117.459475
-200.0,1080.0,113.688195
-160.0,1080.0,110.027237
-120.0,1080.0,106.476713
-80.0,1080.0,103.036727
-40.0,1080.0,99.707372
0.0,1080.0,96.488729
40.0,1080.0,93.380862
80.0,1080.0,90.384002
120.0,1080.0,87.498794
160.0,1080.0,84.726271
200.0,1080.0,82.067811
240.0,1080.0,79.525146
280.0,1080.0,77.100413
320.0,1080.0,74.795853
360.0,1080.0,72.614243
400.0,1080.0,70.558622
440.0,1080.0,68.632059
480.0,1080.0,66.838059
520.0,1080.0,65.180399
560.0,1080.0,63.6627
600.0,1080.0,62.28908
640.0,1080.0,61.06394
680.0,1080.0,59.991281
720.0,1080.0,59.075702
760.0,1080.0,58.322111
800.0,1080.0,57.734686
840.0,1080.0,57.318602
880.0,1080.0,57.079479
920.0,1080.0,57.021835
960.0,1080.0,57.151086
1000.0,1080.0,57.47361
1040.0,1080.0,57.9927
1080.0,1080.0,58.70749
1120.0,1080.0,59.616196
1160.0,1080.0,60.714032
1200.0,1080.0,61.996473
1240.0,1080.0,63.458809
1280.0,1080.0,65.093606
1320.0,1080.0,66.894261
1360.0,1080.0,68.853242
1400.0,1080.0,70.961134
1440.0,1080.0,73.207468
-1400.0,1120.0,
-1360.0,1120.0,
-1320.0,1120.0,
-1280.0,1120.0,
-1240.0,1120.0,
-1200.0,1120.0,
-1160.0,1120.0,
-1120.0,1120.0,
-1080.0,1120.0,
-1040.0,1120.0,
-1000.0,1120.0,
-960.0,1120.0,199.622942
-920.0,1120.0,194.094321
-880.0,1120.0,188.670516
-840.0,1120.0,183.351552
-800.0,1120.0,178.137461
-760.0,1120.0,173.028282
-720.0,1120.0,168.024062
-680.0,1120.0,163.12473
-640.0,1120.0,158.330382
-600.0,1120.0,153.641186
-560.0,1120.0,149.057218
-520.0,1120.0,144.578557
-480.0,1120.0,140.205289
-440.0,1120.0,135.937505
-400.0,1120.0,131.775301
-360.0,1120.0,127.718776
-320.0,1120.0,123.768031
-280.0,1120.0,119.923169
-240.0,1120.0,116.184292
-200.0,1120.0,112.5515
-160.0,1120.0,109.024884
-120.0,1120.0,105.604509
-80.0,1120.0,102.290497
-40.0,1120.0,99.082918
0.0,1120.0,95.981827
40.0,1120.0,92.987264
80.0,1120.0,90.099424
120.0,1120.0,87.318907
160.0,1120.0,84.646682
200.0,1120.0,82.084043
240.0,1120.0,79.632616
280.0,1120.0,77.294474
320.0,1120.0,75.071832
360.0,1120.0,72.967293
400.0,1120.0,70.983799
440.0,1120.0,69.124312
480.0,1120.0,67.392221
520.0,1120.0,65.791209
560.0,1120.0,64.324797
600.0,1120.0,62.996995
640.0,1120.0,61.812128
680.0,1120.0,60.774112
720.0,1120.0,59.887456
760.0,1120.0,59.156907
800.0,1120.0,58.586788
840.0,1120.0,58.18209
880.0,1120.0,57.948385
920.0,1120.0,57.890142
960.0,1120.0,58.012713
1000.0,1120.0,58.32243
1040.0,1120.0,58.822532
1080.0,1120.0,59.512297
1120.0,1120.0,60.389998
1160.0,1120.0,61.450958
1200.0,1120.0,62.690761
1240.0,1120.0,64.104848
1280.0,1120.0,65.685821
1320.0,1120.0,67.427226
1360.0,1120.0,69.321641
1400.0,1120.0,71.359792
-1360.0,1160.0,
-1320.0,1160.0,
-1280.0,1160.0,
-1240.0,1160.0,
-1200.0,1160.0,
-1160.0,1160.0,
-1120.0,1160.0,
-1080.0,1160.0,
-1040.0,1160.0,
-1000.0,1160.0,
-960.0,1160.0,
-920.0,1160.0,190.240581
-880.0,1160.0,185.0091
-840.0,1160.0,179.878734
-800.0,1160.0,174.849517
-760.0,1160.0,169.921491
-720.0,1160.0,165.094701
-680.0,1160.0,160.369189
-640.0,1160.0,155.74483
-600.0,1160.0,151.221896
-560.0,1160.0,146.800456
-520.0,1160.0,142.480586
-480.0,1160.0,138.262363
-440.0,1160.0,134.145872
-400.0,1160.0,130.131197
-360.0,1160.0,126.218426
-320.0,1160.0,122.407649
-280.0,1160.0,118.698954
-240.0,1160.0,115.092427
-200.0,1160.0,111.588153
-160.0,1160.0,108.186208
-120.0,1160.0,104.886665
-80.0,1160.0,101.689585
-40.0,1160.0,98.595017
0.0,1160.0,95.602994
40.0,1160.0,92.713536
80.0,1160.0,89.926802
120.0,1160.0,87.243355
160.0,1160.0,84.664107
200.0,1160.0,82.190304
240.0,1160.0,79.823512
280.0,1160.0,77.5657
320.0,1160.0,75.418993
360.0,1160.0,73.385893
400.0,1160.0,71.469253
440.0,1160.0,69.671935
480.0,1160.0,67.997222
520.0,1160.0,66.448713
560.0,1160.0,65.029832
600.0,1160.0,63.744494
640.0,1160.0,62.596947
680.0,1160.0,61.59103
720.0,1160.0,60.731111
760.0,1160.0,60.021941
800.0,1160.0,59.467832
840.0,1160.0,59.073646
880.0,1160.0,58.844909
920.0,1160.0,58.78604
960.0,1160.0,58.902326
1000.0,1160.0,59.200051
1040.0,1160.0,59.68239
1080.0,1160.0,60.348787
1120.0,1160.0,61.197548
1160.0,1160.0,62.224113
1200.0,1160.0,63.424163
1240.0,1160.0,64.793268
1280.0,1160.0,66.324107
1320.0,1160.0,68.01035
1360.0,1160.0,69.844682
-1320.0,1200.0,
-1280.0,1200.0,
-1240.0,1200.0,
-1200.0,1200.0,
-1160.0,1200.0,
-1120.0,1200.0,
-1080.0,1200.0,
-1040.0,1200.0,
-1000.0,1200.0,
-960.0,1200.0,
-920.0,1200.0,
-880.0,1200.0,181.688767
-840.0,1200.0,176.734093
-800.0,1200.0,171.8771
-760.0,1200.0,167.117827
-720.0,1200.0,162.456321
-680.0,1200.0,157.892634
-640.0,1200.0,153.426723
-600.0,1200.0,149.058655
-560.0,1200.0,144.788598
-520.0,1200.0,140.61662
-480.0,1200.0,136.542793
-440.0,1200.0,132.567192
-400.0,1200.0,128.689893
-360.0,1200.0,124.910973
-320.0,1200.0,121.230509
-280.0,1200.0,117.648575
-240.0,1200.0,114.165244
-200.0,1200.0,110.780585
-160.0,1200.0,107.494658
-120.0,1200.0,104.307517
-80.0,1200.0,101.219205
-40.0,1200.0,98.229754
0.0,1200.0,95.339177
40.0,1200.0,92.547474
80.0,1200.0,89.854776
120.0,1200.0,87.261611
160.0,1200.0,84.768837
200.0,1200.0,82.377649
240.0,1200.0,80.089537
280.0,1200.0,77.906399
320.0,1200.0,75.830277
360.0,1200.0,73.863584
400.0,1200.0,72.009087
440.0,1200.0,70.26956
480.0,1200.0,68.648187
520.0,1200.0,67.148485
560.0,1200.0,65.773795
600.0,1200.0,64.527936
640.0,1200.0,63.415087
680.0,1200.0,62.439015
720.0,1200.0,61.603888
760.0,1200.0,60.914642
800.0,1200.0,60.375407
840.0,1200.0,59.990973
880.0,1200.0,59.76682
920.0,1200.0,59.707318
960.0,1200.0,59.817689
1000.0,1200.0,60.10417
1040.0,1200.0,60.569856
1080.0,1200.0,61.214385
1120.0,1200.0,62.036059
1160.0,1200.0,63.030453
1200.0,1200.0,64.193337
1240.0,1200.0,65.520376
1280.0,1200.0,67.004388
1320.0,1200.0,68.639122
-1280.0,1240.0,
-1240.0,1240.0,
-1200.0,1240.0,
-1160.0,1240.0,
-1120.0,1240.0,
-1080.0,1240.0,
-1040.0,1240.0,
-1000.0,1240.0,
-960.0,1240.0,
-920.0,1240.0,
-880.0,1240.0,
-840.0,1240.0,
-800.0,1240.0,169.189135
-760.0,1240.0,164.58744
-720.0,1240.0,160.080269
-680.0,1240.0,155.667669
-640.0,1240.0,151.349694
-600.0,1240.0,147.126248
-560.0,1240.0,142.997523
-520.0,1240.0,138.963613
-480.0,1240.0,135.02458
-440.0,1240.0,131.180493
-400.0,1240.0,127.431416
-360.0,1240.0,123.777418
-320.0,1240.0,120.218563
-280.0,1240.0,116.754913
-240.0,1240.0,113.386528
-200.0,1240.0,110.113461
-160.0,1240.0,106.935759
-120.0,1240.0,103.853459
-80.0,1240.0,100.866589
-40.0,1240.0,97.975161
0.0,1240.0,95.179175
40.0,1240.0,92.478613
80.0,1240.0,89.87358
120.0,1240.0,87.364573
160.0,1240.0,84.952403
200.0,1240.0,82.638216
240.0,1240.0,80.423434
280.0,1240.0,78.309893
320.0,1240.0,76.299558
360.0,1240.0,74.394757
400.0,1240.0,72.598183
440.0,1240.0,70.912525
480.0,1240.0,69.340875
520.0,1240.0,67.886677
560.0,1240.0,66.553191
600.0,1240.0,65.344146
640.0,1240.0,64.263659
680.0,1240.0,63.315333
720.0,1240.0,62.503411
760.0,1240.0,61.83275
800.0,1240.0,61.307385
840.0,1240.0,60.932038
880.0,1240.0,60.712142
920.0,1240.0,60.652018
960.0,1240.0,60.756822
1000.0,1240.0,61.032685
1040.0,1240.0,61.482785
1080.0,1240.0,62.106798
1120.0,1240.0,62.903065
1160.0,1240.0,63.867293
1200.0,1240.0,64.995339
1240.0,1240.0,66.282948
1280.0,1240.0,67.723088
-1240.0,1280.0,
-1200.0,1280.0,
-1160.0,1280.0,
-1120.0,1280.0,
-1080.0,1280.0,
-1040.0,1280.0,
-1000.0,1280.0,
-960.0,1280.0,
-920.0,1280.0,
-880.0,1280.0,
-840.0,1280.0,
-800.0,1280.0,
-760.0,1280.0,162.30427
-720.0,1280.0,157.941528
-680.0,1280.0,153.670315
-640.0,1280.0,149.490682
-600.0,1280.0,145.402663
-560.0,1280.0,141.406179
-520.0,1280.0,137.501445
-480.0,1280.0,133.688521
-440.0,1280.0,129.967463
-400.0,1280.0,126.33833
-360.0,1280.0,122.801177
-320.0,1280.0,119.356059
-280.0,1280.0,116.003027
-240.0,1280.0,112.742128
-200.0,1280.0,109.573401
-160.0,1280.0,106.49688
-120.0,1280.0,103.512589
-80.0,1280.0,100.620538
-40.0,1280.0,97.820729
0.0,1280.0,95.113144
40.0,1280.0,92.497751
80.0,1280.0,89.974633
120.0,1280.0,87.544259
160.0,1280.0,85.207398
200.0,1280.0,82.965151
240.0,1280.0,80.818882
280.0,1280.0,78.770361
320.0,1280.0,76.821492
360.0,1280.0,74.97452
400.0,1280.0,73.232072
440.0,1280.0,71.596756
480.0,1280.0,70.071581
520.0,1280.0,68.659921
560.0,1280.0,67.364959
600.0,1280.0,66.190341
640.0,1280.0,65.140083
680.0,1280.0,64.217708
720.0,1280.0,63.427532
760.0,1280.0,62.774264
800.0,1280.0,62.261881
840.0,1280.0,61.895036
880.0,1280.0,61.679115
920.0,1280.0,61.618392
960.0,1280.0,61.717955
1000.0,1280.0,61.983798
1040.0,1280.0,62.419266
1080.0,1280.0,63.02399
1120.0,1280.0,63.796373
1160.0,1280.0,64.73225
1200.0,1280.0,65.82756
1240.0,1280.0,67.078118
-1200.0,1320.0,
-1160.0,1320.0,
-1120.0,1320.0,
-1080.0,1320.0,
-1040.0,1320.0,
-1000.0,1320.0,
-960.0,1320.0,
-920.0,1320.0,
-880.0,1320.0,
-840.0,1320.0,
-800.0,1320.0,
-760.0,1320.0,
-720.0,1320.0,
-680.0,1320.0,151.879532
-640.0,1320.0,147.82962
-600.0,1320.0,143.868472
-560.0,1320.0,139.9961
-520.0,1320.0,136.212476
-480.0,1320.0,132.517777
-440.0,1320.0,128.91205
-400.0,1320.0,125.395346
-360.0,1320.0,121.967711
-320.0,1320.0,118.629189
-280.0,1320.0,115.379821
-240.0,1320.0,112.219641
-200.0,1320.0,109.148678
-160.0,1320.0,106.166952
-120.0,1320.0,103.274474
-80.0,1320.0,100.471244
-40.0,1320.0,97.757247
0.0,1320.0,95.132456
40.0,1320.0,92.596826
80.0,1320.0,90.150417
120.0,1320.0,87.793676
160.0,1320.0,85.527334
200.0,1320.0,83.352451
240.0,1320.0,81.270338
280.0,1320.0,79.282704
320.0,1320.0,77.391396
360.0,1320.0,75.598586
400.0,1320.0,73.906835
440.0,1320.0,72.318682
480.0,1320.0,70.837051
520.0,1320.0,69.465256
560.0,1320.0,68.206405
600.0,1320.0,67.064055
640.0,1320.0,66.042056
680.0,1320.0,65.144118
720.0,1320.0,64.374349
760.0,1320.0,63.737407
800.0,1320.0,63.237214
840.0,1320.0,62.878353
880.0,1320.0,62.666166
920.0,1320.0,62.604876
960.0,1320.0,62.699504
1000.0,1320.0,62.955898
1040.0,1320.0,63.377584
1080.0,1320.0,63.964141
1120.0,1320.0,64.714025
1160.0,1320.0,65.6232
1200.0,1320.0,66.687682
-1160.0,1360.0,
-1120.0,1360.0,
-1080.0,1360.0,
-1040.0,1360.0,
-1000.0,1360.0,
-960.0,1360.0,
-920.0,1360.0,
-880.0,1360.0,
-840.0,1360.0,
-800.0,1360.0,
-760.0,1360.0,
-720.0,1360.0,
-680.0,1360.0,
-640.0,1360.0,
-600.0,1360.0,142.506783
-560.0,1360.0,138.75092
-520.0,1360.0,135.081173
-480.0,1360.0,131.497523
-440.0,1360.0,128.000121
-400.0,1360.0,124.589008
-360.0,1360.0,121.264222
-320.0,1360.0,118.025798
-280.0,1360.0,114.873767
-240.0,1360.0,111.808151
-200.0,1360.0,108.82897
-160.0,1360.0,105.936233
-120.0,1360.0,103.129938
-80.0,1360.0,100.410074
-40.0,1360.0,97.776616
0.0,1360.0,95.229525
40.0,1360.0,92.768746
80.0,1360.0,90.394322
120.0,1360.0,88.106676
160.0,1360.0,85.906506
200.0,1360.0,83.794834
240.0,1360.0,81.772927
280.0,1360.0,79.842432
320.0,1360.0,78.005149
360.0,1360.0,76.263177
400.0,1360.0,74.619022
440.0,1360.0,73.075152
480.0,1360.0,71.634416
520.0,1360.0,70.300068
560.0,1360.0,69.075142
600.0,1360.0,67.96299
640.0,1360.0,66.967687
680.0,1360.0,66.092733
720.0,1360.0,65.342166
760.0,1360.0,64.720593
800.0,1360.0,64.23188
840.0,1360.0,63.880544
880.0,1360.0,63.671881
920.0,1360.0,63.610062
960.0,1360.0,63.700015
1000.0,1360.0,63.947514
1040.0,1360.0,64.3562
1080.0,1360.0,64.925614
1120.0,1360.0,65.654265
1160.0,1360.0,66.538239
-1120.0,1400.0,
-1080.0,1400.0,
-1040.0,1400.0,
-1000.0,1400.0,
-960.0,1400.0,
-920.0,1400.0,
-880.0,1400.0,
-840.0,1400.0,
-800.0,1400.0,
-760.0,1400.0,
-720.0,1400.0,
-680.0,1400.0,
-640.0,1400.0,
-600.0,1400.0,
-560.0,1400.0,
-520.0,1400.0,134.09369
-480.0,1400.0,130.614656
-440.0,1400.0,127.219183
-400.0,1400.0,123.907422
-360.0,1400.0,120.679401
-320.0,1400.0,117.535147
-280.0,1400.0,114.47468
-240.0,1400.0,111.498016
-200.0,1400.0,108.605162
-160.0,1400.0,105.796118
-120.0,1400.0,103.070872
-80.0,1400.0,100.429405
-40.0,1400.0,97.87168
0.0,1400.0,95.397649
40.0,1400.0,93.007249
80.0,1400.0,90.700507
120.0,1400.0,88.477825
160.0,1400.0,86.339872
200.0,1400.0,84.287637
240.0,1400.0,82.322342
280.0,1400.0,80.44558
320.0,1400.0,78.659107
360.0,1400.0,76.964955
400.0,1400.0,75.365577
440.0,1400.0,73.863376
480.0,1400.0,72.461131
520.0,1400.0,71.162015
560.0,1400.0,69.968913
600.0,1400.0,68.885346
640.0,1400.0,67.915202
680.0,1400.0,67.061919
720.0,1400.0,66.329464
760.0,1400.0,65.722397
800.0,1400.0,65.244528
840.0,1400.0,64.900307
880.0,1400.0,64.694984
920.0,1400.0,64.63268
960.0,1400.0,64.718133
1000.0,1400.0,64.957318
1040.0,1400.0,65.353722
1080.0,1400.0,65.906933
1120.0,1400.0,66.61551
-1080.0,1440.0,
-1040.0,1440.0,
-1000.0,1440.0,
-960.0,1440.0,
-920.0,1440.0,
-880.0,1440.0,
-840.0,1440.0,
-800.0,1440.0,
-760.0,1440.0,
-720.0,1440.0,
-680.0,1440.0,
-640.0,1440.0,
-600.0,1440.0,
-560.0,1440.0,
-520.0,1440.0,
-480.0,1440.0,
-440.0,1440.0,
-400.0,1440.0,123.340039
-360.0,1440.0,120.203217
-320.0,1440.0,117.147709
-280.0,1440.0,114.173529
-240.0,1440.0,111.280682
-200.0,1440.0,108.469168
-160.0,1440.0,105.738978
-120.0,1440.0,103.090091
-80.0,1440.0,100.522478
-40.0,1440.0,98.036096
0.0,1440.0,95.630889
40.0,1440.0,93.306784
80.0,1440.0,91.063797
120.0,1440.0,88.90231
160.0,1440.0,86.822965
200.0,1440.0,84.826723
240.0,1440.0,82.914764
280.0,1440.0,81.08863
320.0,1440.0,79.350037
360.0,1440.0,77.700956
400.0,1440.0,76.143788
440.0,1440.0,74.680877
480.0,1440.0,73.314874
520.0,1440.0,72.048919
560.0,1440.0,70.885978
600.0,1440.0,69.829398
640.0,1440.0,68.883017
680.0,1440.0,68.050212
720.0,1440.0,67.334881
760.0,1440.0,66.741539
800.0,1440.0,66.273939
840.0,1440.0,65.936464
880.0,1440.0,65.734321
920.0,1440.0,65.671576
960.0,1440.0,65.752785
1000.0,1440.0,65.984104
1040.0,1440.0,66.368889
1080.0,1440.0,66.906761
-1000.0,1480.0,
-960.0,1480.0,
-920.0,1480.0,
-880.0,1480.0,
-840.0,1480.0,
-800.0,1480.0,
-760.0,1480.0,
-720.0,1480.0,
-680.0,1480.0,
-640.0,1480.0,
-600.0,1480.0,
-560.0,1480.0,
-520.0,1480.0,
-480.0,1480.0,
-440.0,1480.0,
-400.0,1480.0,
-360.0,1480.0,
-320.0,1480.0,
-280.0,1480.0,
-240.0,1480.0,
-200.0,1480.0,108.413798
-160.0,1480.0,105.758026
-120.0,1480.0,103.1812
-80.0,1480.0,100.683283
-40.0,1480.0,98.264223
0.0,1480.0,95.923959
40.0,1480.0,93.662412
80.0,1480.0,91.479586
120.0,1480.0,89.375846
160.0,1480.0,87.35181
200.0,1480.0,85.408411
240.0,1480.0,83.546793
280.0,1480.0,81.768449
320.0,1480.0,80.07506
360.0,1480.0,78.468541
400.0,1480.0,76.951222
440.0,1480.0,75.525328
480.0,1480.0,74.193578
520.0,1480.0,72.959067
560.0,1480.0,71.824647
600.0,1480.0,70.793597
640.0,1480.0,69.869705
680.0,1480.0,69.056292
720.0,1480.0,68.357187
760.0,1480.0,67.776859
800.0,1480.0,67.319007
840.0,1480.0,66.987947
880.0,1480.0,66.788841
920.0,1480.0,66.725574
960.0,1480.0,66.802898
1000.0,1480.0,67.026776
-960.0,1520.0,
-920.0,1520.0,
-880.0,1520.0,
-840.0,1520.0,
-800.0,1520.0,
-760.0,1520.0,
-720.0,1520.0,
-680.0,1520.0,
-640.0,1520.0,
-600.0,1520.0,
-560.0,1520.0,
-520.0,1520.0,
-480.0,1520.0,
-440.0,1520.0,
-400.0,1520.0,
-360.0,1520.0,
-320.0,1520.0,
-280.0,1520.0,
-240.0,1520.0,
-200.0,1520.0,
-160.0,1520.0,
-120.0,1520.0,
-80.0,1520.0,
-40.0,1520.0,
0.0,1520.0,
40.0,1520.0,
80.0,1520.0,
120.0,1520.0,
160.0,1520.0,
200.0,1520.0,
240.0,1520.0,
280.0,1520.0,
320.0,1520.0,
360.0,1520.0,
400.0,1520.0,
440.0,1520.0,
480.0,1520.0,
520.0,1520.0,
560.0,1520.0,
600.0,1520.0,
640.0,1520.0,
680.0,1520.0,
720.0,1520.0,
760.0,1520.0,
800.0,1520.0,
840.0,1520.0,
880.0,1520.0,
920.0,1520.0,
960.0,1520.0,
-880.0,1560.0,
-840.0,1560.0,
-800.0,1560.0,
-760.0,1560.0,
-720.0,1560.0,
-680.0,1560.0,
-640.0,1560.0,
-600.0,1560.0,
-560.0,1560.0,
-520.0,1560.0,
-480.0,1560.0,
-440.0,1560.0,
-400.0,1560.0,
-360.0,1560.0,
-320.0,1560.0,
-280.0,1560.0,
-240.0,1560.0,
-200.0,1560.0,
-160.0,1560.0,
-120.0,1560.0,
-80.0,1560.0,
-40.0,1560.0,
0.0,1560.0,
40.0,1560.0,
80.0,1560.0,
120.0,1560.0,
160.0,1560.0,
200.0,1560.0,
240.0,1560.0,
280.0,1560.0,
320.0,1560.0,
360.0,1560.0,
400.0,1560.0,
440.0,1560.0,
480.0,1560.0,
520.0,1560.0,
560.0,1560.0,
600.0,1560.0,
640.0,1560.0,
680.0,1560.0,
720.0,1560.0,
760.0,1560.0,
800.0,1560.0,
840.0,1560.0,
880.0,1560.0,
-800.0,1600.0,
-760.0,1600.0,
-720.0,1600.0,
-680.0,1600.0,
-640.0,1600.0,
-600.0,1600.0,
-560.0,1600.0,
-520.0,1600.0,
-480.0,1600.0,
-440.0,1600.0,
-400.0,1600.0,
-360.0,1600.0,
-320.0,1600.0,
-280.0,1600.0,
-240.0,1600.0,
-200.0,1600.0,
-160.0,1600.0,
-120.0,1600.0,
-80.0,1600.0,
-40.0,1600.0,
0.0,1600.0,
40.0,1600.0,
80.0,1600.0,
120.0,1600.0,
160.0,1600.0,
200.0,1600.0,
240.0,1600.0,
280.0,1600.0,
320.0,1600.0,
360.0,1600.0,
400.0,1600.0,
440.0,1600.0,
480.0,1600.0,
520.0,1600.0,
560.0,1600.0,
600.0,1600.0,
640.0,1600.0,
680.0,1600.0,
720.0,1600.0,
760.0,1600.0,
800.0,1600.0,
-720.0,1640.0,
-680.0,1640.0,
-640.0,1640.0,
-600.0,1640.0,
-560.0,1640.0,
-520.0,1640.0,
-480.0,1640.0,
-440.0,1640.0,
-400.0,1640.0,
-360.0,1640.0,
-320.0,1640.0,
-280.0,1640.0,
-240.0,1640.0,
-200.0,1640.0,
-160.0,1640.0,
-120.0,1640.0,
-80.0,1640.0,
-40.0,1640.0,
0.0,1640.0,
40.0,1640.0,
80.0,1640.0,
120.0,1640.0,
160.0,1640.0,
200.0,1640.0,
240.0,1640.0,
280.0,1640.0,
320.0,1640.0,
360.0,1640.0,
400.0,1640.0,
440.0,1640.0,
480.0,1640.0,
520.0,1640.0,
560.0,1640.0,
600.0,1640.0,
640.0,1640.0,
680.0,1640.0,
720.0,1640.0,
-640.0,1680.0,
-600.0,1680.0,
-560.0,1680.0,
-520.0,1680.0,
-480.0,1680.0,
-440.0,1680.0,
-400.0,1680.0,
-360.0,1680.0,
-320.0,1680.0,
-280.0,1680.0,
-240.0,1680.0,
-200.0,1680.0,
-160.0,1680.0,
-120.0,1680.0,
-80.0,1680.0,
-40.0,1680.0,
0.0,1680.0,
40.0,1680.0,
80.0,1680.0,
120.0,1680.0,
160.0,1680.0,
200.0,1680.0,
240.0,1680.0,
280.0,1680.0,
320.0,1680.0,
360.0,1680.0,
400.0,1680.0,
440.0,1680.0,
480.0,1680.0,
520.0,1680.0,
560.0,1680.0,
600.0,1680.0,
640.0,1680.0,
-520.0,1720.0,
-480.0,1720.0,
-440.0,1720.0,
-400.0,1720.0,
-360.0,1720.0,
-320.0,1720.0,
-280.0,1720.0,
-240.0,1720.0,
-200.0,1720.0,
-160.0,1720.0,
-120.0,1720.0,
-80.0,1720.0,
-40.0,1720.0,
0.0,1720.0,
40.0,1720.0,
80.0,1720.0,
120.0,1720.0,
160.0,1720.0,
200.0,1720.0,
240.0,1720.0,
280.0,1720.0,
320.0,1720.0,
360.0,1720.0,
400.0,1720.0,
440.0,1720.0,
480.0,1720.0,
520.0,1720.0,
-360.0,1760.0,
-320.0,1760.0,
-280.0,1760.0,
-240.0,1760.0,
-200.0,1760.0,
-160.0,1760.0,
-120.0,1760.0,
-80.0,1760.0,
-40.0,1760.0,
0.0,1760.0,
40.0,1760.0,
80.0,1760.0,
120.0,1760.0,
160.0,1760.0,
200.0,1760.0,
240.0,1760.0,
280.0,1760.0,
320.0,1760.0,
360.0,1760.0,
0.0,1800.0,
