x_m,y_m,E_diam_given_detectable_m
0.0,-1800.0,
-360.0,-1760.0,
-320.0,-1760.0,
-280.0,-1760.0,
-240.0,-1760.0,
-200.0,-1760.0,
-160.0,-1760.0,
-120.0,-1760.0,
-80.0,-1760.0,
-40.0,-1760.0,
0.0,-1760.0,
40.0,-1760.0,
80.0,-1760.0,
120.0,-1760.0,
160.0,-1760.0,
200.0,-1760.0,
240.0,-1760.0,
280.0,-1760.0,
320.0,-1760.0,
360.0,-1760.0,
-520.0,-1720.0,
-480.0,-1720.0,
-440.0,-1720.0,
-400.0,-1720.0,
-360.0,-1720.0,
-320.0,-1720.0,
-280.0,-1720.0,
-240.0,-1720.0,
-200.0,-1720.0,
-160.0,-1720.0,
-120.0,-1720.0,
-80.0,-1720.0,
-40.0,-1720.0,
0.0,-1720.0,
40.0,-1720.0,
80.0,-1720.0,
120.0,-1720.0,
160.0,-1720.0,
200.0,-1720.0,
240.0,-1720.0,
280.0,-1720.0,
320.0,-1720.0,
360.0,-1720.0,
400.0,-1720.0,
440.0,-1720.0,
480.0,-1720.0,
520.0,-1720.0,
-640.0,-1680.0,
-600.0,-1680.0,
-560.0,-1680.0,
-520.0,-1680.0,
-480.0,-1680.0,
-440.0,-1680.0,
-400.0,-1680.0,
-360.0,-1680.0,
-320.0,-1680.0,
-280.0,-1680.0,
-240.0,-1680.0,
-200.0,-1680.0,
-160.0,-1680.0,
-120.0,-1680.0,
-80.0,-1680.0,
-40.0,-1680.0,
0.0,-1680.0,
40.0,-1680.0,
80.0,-1680.0,
120.0,-1680.0,
160.0,-1680.0,
200.0,-1680.0,
240.0,-1680.0,
280.0,-1680.0,
320.0,-1680.0,
360.0,-1680.0,
400.0,-1680.0,
440.0,-1680.0,
480.0,-1680.0,
520.0,-1680.0,
560.0,-1680.0,
600.0,-1680.0,
640.0,-1680.0,
-720.0,-1640.0,
-680.0,-1640.0,
-640.0,-1640.0,
-600.0,-1640.0,
-560.0,-1640.0,
-520.0,-1640.0,
-480.0,-1640.0,
-440.0,-1640.0,
-400.0,-1640.0,
-360.0,-1640.0,
-320.0,-1640.0,
-280.0,-1640.0,
-240.0,-1640.0,
-200.0,-1640.0,
-160.0,-1640.0,
-120.0,-1640.0,
-80.0,-1640.0,
-40.0,-1640.0,
0.0,-1640.0,
40.0,-1640.0,
80.0,-1640.0,
120.0,-1640.0,
160.0,-1640.0,
200.0,-1640.0,
240.0,-1640.0,
280.0,-1640.0,
320.0,-1640.0,
360.0,-1640.0,
400.0,-1640.0,
440.0,-1640.0,
480.0,-1640.0,
520.0,-1640.0,
560.0,-1640.0,
600.0,-1640.0,
640.0,-1640.0,
680.0,-1640.0,
720.0,-1640.0,
-800.0,-1600.0,
-760.0,-1600.0,
-720.0,-1600.0,
-680.0,-1600.0,
-640.0,-1600.0,
-600.0,-1600.0,
-560.0,-1600.0,
-520.0,-1600.0,
-480.0,-1600.0,
-440.0,-1600.0,
-400.0,-1600.0,
-360.0,-1600.0,
-320.0,-1600.0,
-280.0,-1600.0,
-240.0,-1600.0,
-200.0,-1600.0,
-160.0,-1600.0,
-120.0,-1600.0,
-80.0,-1600.0,
-40.0,-1600.0,
0.0,-1600.0,
40.0,-1600.0,
80.0,-1600.0,
120.0,-1600.0,
160.0,-1600.0,
200.0,-1600.0,
240.0,-1600.0,
280.0,-1600.0,
320.0,-1600.0,
360.0,-1600.0,
400.0,-1600.0,
440.0,-1600.0,
480.0,-1600.0,
520.0,-1600.0,
560.0,-1600.0,
600.0,-1600.0,
640.0,-1600.0,
680.0,-1600.0,
720.0,-1600.0,
760.0,-1600.0,
800.0,-1600.0,
-880.0,-1560.0,
-840.0,-1560.0,
-800.0,-1560.0,
-760.0,-1560.0,
-720.0,-1560.0,
-680.0,-1560.0,
-640.0,-1560.0,
-600.0,-1560.0,
-560.0,-1560.0,
-520.0,-1560.0,
-480.0,-1560.0,
-440.0,-1560.0,
-400.0,-1560.0,
-360.0,-1560.0,
-320.0,-1560.0,
-280.0,-1560.0,
-240.0,-1560.0,
-200.0,-1560.0,
-160.0,-1560.0,
-120.0,-1560.0,
-80.0,-1560.0,
-40.0,-1560.0,
0.0,-1560.0,
40.0,-1560.0,
80.0,-1560.0,
120.0,-1560.0,
160.0,-1560.0,
200.0,-1560.0,
240.0,-1560.0,
280.0,-1560.0,
320.0,-1560.0,
360.0,-1560.0,
400.0,-1560.0,
440.0,-1560.0,
480.0,-1560.0,
520.0,-1560.0,
560.0,-1560.0,
600.0,-1560.0,
640.0,-1560.0,
680.0,-1560.0,
720.0,-1560.0,
760.0,-1560.0,
800.0,-1560.0,
840.0,-1560.0,
880.0,-1560.0,
-960.0,-1520.0,
-920.0,-1520.0,
-880.0,-1520.0,
-840.0,-1520.0,
-800.0,-1520.0,
-760.0,-1520.0,
-720.0,-1520.0,
-680.0,-1520.0,
-640.0,-1520.0,
-600.0,-1520.0,
-560.0,-1520.0,
-520.0,-1520.0,
-480.0,-1520.0,
-440.0,-1520.0,
-400.0,-1520.0,
-360.0,-1520.0,
-320.0,-1520.0,
-280.0,-1520.0,
-240.0,-1520.0,
-200.0,-1520.0,
-160.0,-1520.0,
-120.0,-1520.0,
-80.0,-1520.0,
-40.0,-1520.0,
0.0,-1520.0,
40.0,-1520.0,
80.0,-1520.0,
120.0,-1520.0,
160.0,-1520.0,
200.0,-1520.0,
240.0,-1520.0,
280.0,-1520.0,
320.0,-1520.0,
360.0,-1520.0,
400.0,-1520.0,
440.0,-1520.0,
480.0,-1520.0,
520.0,-1520.0,
560.0,-1520.0,
600.0,-1520.0,
640.0,-1520.0,
680.0,-1520.0,
720.0,-1520.0,
760.0,-1520.0,
800.0,-1520.0,
840.0,-1520.0,
880.0,-1520.0,
920.0,-1520.0,
960.0,-1520.0,
-1000.0,-1480.0,
-960.0,-1480.0,
-920.0,-1480.0,
-880.0,-1480.0,
-840.0,-1480.0,
-800.0,-1480.0,
-760.0,-1480.0,
-720.0,-1480.0,
-680.0,-1480.0,
-640.0,-1480.0,
-600.0,-1480.0,
-560.0,-1480.0,
-520.0,-1480.0,
-480.0,-1480.0,
-440.0,-1480.0,
-400.0,-1480.0,
-360.0,-1480.0,
-320.0,-1480.0,
-280.0,-1480.0,
-240.0,-1480.0,
-200.0,-1480.0,62.633018
-160.0,-1480.0,61.460582
-120.0,-1480.0,60.36335
-80.0,-1480.0,59.341221
-40.0,-1480.0,58.394087
0.0,-1480.0,57.521842
40.0,-1480.0,56.724379
80.0,-1480.0,56.002333
120.0,-1480.0,55.359292
160.0,-1480.0,54.801047
200.0,-1480.0,54.335715
240.0,-1480.0,53.973709
280.0,-1480.0,53.727703
320.0,-1480.0,53.612576
360.0,-1480.0,53.645353
400.0,-1480.0,53.845014
440.0,-1480.0,54.232745
480.0,-1480.0,54.796739
520.0,-1480.0,55.441889
560.0,-1480.0,56.161096
600.0,-1480.0,56.954282
640.0,-1480.0,57.821532
680.0,-1480.0,58.763121
720.0,-1480.0,
760.0,-1480.0,
800.0,-1480.0,
840.0,-1480.0,
880.0,-1480.0,
920.0,-1480.0,
960.0,-1480.0,
1000.0,-1480.0,
-1080.0,-1440.0,
-1040.0,-1440.0,
-1000.0,-1440.0,
-960.0,-1440.0,
-920.0,-1440.0,
-880.0,-1440.0,
-840.0,-1440.0,
-800.0,-1440.0,
-760.0,-1440.0,
-720.0,-1440.0,
-680.0,-1440.0,
-640.0,-1440.0,
-600.0,-1440.0,
-560.0,-1440.0,
-520.0,-1440.0,
-480.0,-1440.0,
-440.0,-1440.0,
-400.0,-1440.0,68.717822
-360.0,-1440.0,67.125376
-320.0,-1440.0,65.610736
-280.0,-1440.0,64.173815
-240.0,-1440.0,62.814524
-200.0,-1440.0,61.532766
-160.0,-1440.0,60.328439
-120.0,-1440.0,59.201435
-80.0,-1440.0,58.151643
-40.0,-1440.0,57.178946
0.0,-1440.0,56.283227
40.0,-1440.0,55.464369
80.0,-1440.0,54.723051
120.0,-1440.0,54.062944
160.0,-1440.0,53.489989
200.0,-1440.0,53.012509
240.0,-1440.0,52.641192
280.0,-1440.0,52.38904
320.0,-1440.0,52.27131
360.0,-1440.0,52.305458
400.0,-1440.0,52.511071
440.0,-1440.0,52.909804
480.0,-1440.0,53.489001
520.0,-1440.0,54.151423
560.0,-1440.0,54.88991
600.0,-1440.0,55.704576
640.0,-1440.0,56.595359
680.0,-1440.0,57.562324
720.0,-1440.0,58.605795
760.0,-1440.0,59.725884
800.0,-1440.0,60.922203
840.0,-1440.0,62.195348
880.0,-1440.0,
920.0,-1440.0,
960.0,-1440.0,
1000.0,-1440.0,
1040.0,-1440.0,
1080.0,-1440.0,
-1120.0,-1400.0,
-1080.0,-1400.0,
-1040.0,-1400.0,
-1000.0,-1400.0,
-960.0,-1400.0,
-920.0,-1400.0,
-880.0,-1400.0,
-840.0,-1400.0,
-800.0,-1400.0,
-760.0,-1400.0,
-720.0,-1400.0,
-680.0,-1400.0,
-640.0,-1400.0,
-600.0,-1400.0,
-560.0,-1400.0,
-520.0,-1400.0,73.229486
-480.0,-1400.0,71.35159
-440.0,-1400.0,69.553771
-400.0,-1400.0,67.83613
-360.0,-1400.0,66.198657
-320.0,-1400.0,64.641267
-280.0,-1400.0,63.163872
-240.0,-1400.0,61.766375
-200.0,-1400.0,60.448601
-160.0,-1400.0,59.210477
-120.0,-1400.0,58.051942
-80.0,-1400.0,56.972876
-40.0,-1400.0,55.973152
0.0,-1400.0,55.052639
40.0,-1400.0,54.211211
80.0,-1400.0,53.449591
120.0,-1400.0,52.771537
160.0,-1400.0,52.183144
200.0,-1400.0,51.692957
240.0,-1400.0,51.311951
280.0,-1400.0,51.05336
320.0,-1400.0,50.932903
360.0,-1400.0,50.96851
400.0,-1400.0,51.180263
440.0,-1400.0,51.590353
480.0,-1400.0,52.185808
520.0,-1400.0,52.866568
560.0,-1400.0,53.625387
600.0,-1400.0,54.462523
640.0,-1400.0,55.378104
680.0,-1400.0,56.372034
720.0,-1400.0,57.444462
760.0,-1400.0,58.595706
800.0,-1400.0,59.825712
840.0,-1400.0,61.134411
880.0,-1400.0,62.522271
920.0,-1400.0,63.989006
960.0,-1400.0,65.534825
1000.0,-1400.0,
1040.0,-1400.0,
1080.0,-1400.0,
1120.0,-1400.0,
-1160.0,-1360.0,
-1120.0,-1360.0,
-1080.0,-1360.0,
-1040.0,-1360.0,
-1000.0,-1360.0,
-960.0,-1360.0,
-920.0,-1360.0,
-880.0,-1360.0,
-840.0,-1360.0,
-800.0,-1360.0,
-760.0,-1360.0,
-720.0,-1360.0,
-680.0,-1360.0,
-640.0,-1360.0,
-600.0,-1360.0,76.64929
-560.0,-1360.0,74.550807
-520.0,-1360.0,72.535172
-480.0,-1360.0,70.602028
-440.0,-1360.0,68.75161
-400.0,-1360.0,66.983862
-360.0,-1360.0,65.298704
-320.0,-1360.0,63.696048
-280.0,-1360.0,62.175642
-240.0,-1360.0,60.737546
-200.0,-1360.0,59.381667
-160.0,-1360.0,58.107887
-120.0,-1360.0,56.916081
-80.0,-1360.0,55.806115
-40.0,-1360.0,54.777853
0.0,-1360.0,53.831149
40.0,-1360.0,52.965865
80.0,-1360.0,52.182771
120.0,-1360.0,51.485716
160.0,-1360.0,50.880954
200.0,-1360.0,50.377266
240.0,-1360.0,49.985928
280.0,-1360.0,49.720651
320.0,-1360.0,49.597499
360.0,-1360.0,49.634753
400.0,-1360.0,49.852999
440.0,-1360.0,50.275079
480.0,-1360.0,50.887436
520.0,-1360.0,51.58759
560.0,-1360.0,52.368082
600.0,-1360.0,53.228951
640.0,-1360.0,54.170546
680.0,-1360.0,55.193016
720.0,-1360.0,56.296171
760.0,-1360.0,57.48035
800.0,-1360.0,58.745815
840.0,-1360.0,60.09227
880.0,-1360.0,61.520102
920.0,-1360.0,63.029481
960.0,-1360.0,64.620004
1000.0,-1360.0,66.292356
1040.0,-1360.0,68.04597
1080.0,-1360.0,69.881401
1120.0,-1360.0,
1160.0,-1360.0,
-1200.0,-1320.0,
-1160.0,-1320.0,
-1120.0,-1320.0,
-1080.0,-1320.0,
-1040.0,-1320.0,
-1000.0,-1320.0,
-960.0,-1320.0,
-920.0,-1320.0,
-880.0,-1320.0,
-840.0,-1320.0,
-800.0,-1320.0,
-760.0,-1320.0,
-720.0,-1320.0,
-680.0,-1320.0,80.701456
-640.0,-1320.0,78.368471
-600.0,-1320.0,76.121025
-560.0,-1320.0,73.959065
-520.0,-1320.0,71.882206
-480.0,-1320.0,69.890722
-440.0,-1320.0,67.984563
-400.0,-1320.0,66.163653
-360.0,-1320.0,64.427771
-320.0,-1320.0,62.776896
-280.0,-1320.0,61.211018
-240.0,-1320.0,59.730029
-200.0,-1320.0,58.333809
-160.0,-1320.0,57.022234
-120.0,-1320.0,55.795166
-80.0,-1320.0,54.652463
-40.0,-1320.0,53.593973
0.0,-1320.0,52.619538
40.0,-1320.0,51.729004
80.0,-1320.0,50.923189
120.0,-1320.0,50.206035
160.0,-1320.0,49.583967
200.0,-1320.0,49.066014
240.0,-1320.0,48.663777
280.0,-1320.0,48.391331
320.0,-1320.0,48.265184
360.0,-1320.0,48.304201
400.0,-1320.0,48.529528
440.0,-1320.0,48.964342
480.0,-1320.0,49.594563
520.0,-1320.0,50.315052
560.0,-1320.0,51.118385
600.0,-1320.0,52.004588
640.0,-1320.0,52.973711
680.0,-1320.0,54.026148
720.0,-1320.0,55.162054
760.0,-1320.0,56.381114
800.0,-1320.0,57.683948
840.0,-1320.0,59.070576
880.0,-1320.0,60.540772
920.0,-1320.0,62.095134
960.0,-1320.0,63.733242
1000.0,-1320.0,65.455528
1040.0,-1320.0,67.261851
1080.0,-1320.0,69.15228
1120.0,-1320.0,71.126873
1160.0,-1320.0,73.185566
1200.0,-1320.0,
-1240.0,-1280.0,
-1200.0,-1280.0,
-1160.0,-1280.0,
-1120.0,-1280.0,
-1080.0,-1280.0,
-1040.0,-1280.0,
-1000.0,-1280.0,
-960.0,-1280.0,
-920.0,-1280.0,
-880.0,-1280.0,
-840.0,-1280.0,
-800.0,-1280.0,
-760.0,-1280.0,85.446243
-720.0,-1280.0,82.864083
-680.0,-1280.0,80.369842
-640.0,-1280.0,77.963869
-600.0,-1280.0,75.646183
-560.0,-1280.0,73.416418
-520.0,-1280.0,71.27479
-480.0,-1280.0,69.221305
-440.0,-1280.0,67.255891
-400.0,-1280.0,65.378219
-360.0,-1280.0,63.588473
-320.0,-1280.0,61.886564
-280.0,-1280.0,60.272387
-240.0,-1280.0,58.745827
-200.0,-1280.0,57.306758
-160.0,-1280.0,55.95497
-120.0,-1280.0,54.690383
-80.0,-1280.0,53.51287
-40.0,-1280.0,52.422266
0.0,-1280.0,51.418397
40.0,-1280.0,50.501094
80.0,-1280.0,49.671224
120.0,-1280.0,48.932826
160.0,-1280.0,48.292502
200.0,-1280.0,47.759552
240.0,-1280.0,47.345819
280.0,-1280.0,47.065804
320.0,-1280.0,46.936512
360.0,-1280.0,46.977327
400.0,-1280.0,47.209959
440.0,-1280.0,47.658378
480.0,-1280.0,48.307673
520.0,-1280.0,49.049697
560.0,-1280.0,49.877094
600.0,-1280.0,50.790048
640.0,-1280.0,51.788551
680.0,-1280.0,52.872762
720.0,-1280.0,54.043067
760.0,-1280.0,55.299446
800.0,-1280.0,56.641936
840.0,-1280.0,58.071015
880.0,-1280.0,59.586356
920.0,-1280.0,61.188387
960.0,-1280.0,62.877108
1000.0,-1280.0,64.652441
1040.0,-1280.0,66.514733
1080.0,-1280.0,68.463604
1120.0,-1280.0,70.499519
1160.0,-1280.0,72.622052
1200.0,-1280.0,74.831513
1240.0,-1280.0,
-1280.0,-1240.0,
-1240.0,-1240.0,
-1200.0,-1240.0,
-1160.0,-1240.0,
-1120.0,-1240.0,
-1080.0,-1240.0,
-1040.0,-1240.0,
-1000.0,-1240.0,
-960.0,-1240.0,
-920.0,-1240.0,
-880.0,-1240.0,
-840.0,-1240.0,
-800.0,-1240.0,88.10425
-760.0,-1240.0,85.347167
-720.0,-1240.0,82.681175
-680.0,-1240.0,80.106177
-640.0,-1240.0,77.622443
-600.0,-1240.0,75.229682
-560.0,-1240.0,72.927939
-520.0,-1240.0,70.717334
-480.0,-1240.0,68.597765
-440.0,-1240.0,66.568946
-400.0,-1240.0,64.631074
-360.0,-1240.0,62.784061
-320.0,-1240.0,61.027809
-280.0,-1240.0,59.362182
-240.0,-1240.0,57.786958
-200.0,-1240.0,56.302153
-160.0,-1240.0,54.907621
-120.0,-1240.0,53.603205
-80.0,-1240.0,52.388734
-40.0,-1240.0,51.264029
0.0,-1240.0,50.228899
40.0,-1240.0,49.283154
80.0,-1240.0,48.427715
120.0,-1240.0,47.666718
160.0,-1240.0,47.006959
200.0,-1240.0,46.45802
240.0,-1240.0,46.032163
280.0,-1240.0,45.744289
320.0,-1240.0,45.611808
360.0,-1240.0,45.654557
400.0,-1240.0,45.894961
440.0,-1240.0,46.357619
480.0,-1240.0,47.027081
520.0,-1240.0,47.792173
560.0,-1240.0,48.645106
600.0,-1240.0,49.586314
640.0,-1240.0,50.616012
680.0,-1240.0,51.734094
720.0,-1240.0,52.940943
760.0,-1240.0,54.23688
800.0,-1240.0,55.621629
840.0,-1240.0,57.095721
880.0,-1240.0,58.659193
920.0,-1240.0,60.311948
960.0,-1240.0,62.054502
1000.0,-1240.0,63.8863
1040.0,-1240.0,65.80814
1080.0,-1240.0,67.819233
1120.0,-1240.0,69.920407
1160.0,-1240.0,72.110922
1200.0,-1240.0,74.391336
1240.0,-1240.0,76.761288
1280.0,-1240.0,79.220717
-1320.0,-1200.0,
-1280.0,-1200.0,
-1240.0,-1200.0,
-1200.0,-1200.0,
-1160.0,-1200.0,
-1120.0,-1200.0,
-1080.0,-1200.0,
-1040.0,-1200.0,
-1000.0,-1200.0,
-960.0,-1200.0,
-920.0,-1200.0,
-880.0,-1200.0,94.165302
-840.0,-1200.0,91.127369
-800.0,-1200.0,88.183418
-760.0,-1200.0,85.333949
-720.0,-1200.0,82.578416
-680.0,-1200.0,79.917271
-640.0,-1200.0,77.350401
-600.0,-1200.0,74.877565
-560.0,-1200.0,72.499055
-520.0,-1200.0,70.214784
-480.0,-1200.0,68.024425
-440.0,-1200.0,65.928226
-400.0,-1200.0,63.926106
-360.0,-1200.0,62.017976
-320.0,-1200.0,60.20356
-280.0,-1200.0,58.48291
-240.0,-1200.0,56.85593
-200.0,-1200.0,55.322478
-160.0,-1200.0,53.882399
-120.0,-1200.0,52.535524
-80.0,-1200.0,51.281668
-40.0,-1200.0,50.120635
0.0,-1200.0,49.052213
40.0,-1200.0,48.076195
80.0,-1200.0,47.193552
120.0,-1200.0,46.408526
160.0,-1200.0,45.728117
200.0,-1200.0,45.162198
240.0,-1200.0,44.723396
280.0,-1200.0,44.427057
320.0,-1200.0,44.291152
360.0,-1200.0,44.336181
400.0,-1200.0,44.584956
440.0,-1200.0,45.062758
480.0,-1200.0,45.753517
520.0,-1200.0,46.542971
560.0,-1200.0,47.42329
600.0,-1200.0,48.394546
640.0,-1200.0,49.457223
680.0,-1200.0,50.611539
720.0,-1200.0,51.857297
760.0,-1200.0,53.195151
800.0,-1200.0,54.625113
840.0,-1200.0,56.147179
880.0,-1200.0,57.761909
920.0,-1200.0,59.468771
960.0,-1200.0,61.268559
1000.0,-1200.0,63.160733
1040.0,-1200.0,65.145922
1080.0,-1200.0,67.223544
1120.0,-1200.0,69.394312
1160.0,-1200.0,71.65737
1200.0,-1200.0,74.013461
1240.0,-1200.0,76.462099
1280.0,-1200.0,79.003257
1320.0,-1200.0,81.637202
-1360.0,-1160.0,
-1320.0,-1160.0,
-1280.0,-1160.0,
-1240.0,-1160.0,
-1200.0,-1160.0,
-1160.0,-1160.0,
-1120.0,-1160.0,
-1080.0,-1160.0,
-1040.0,-1160.0,
-1000.0,-1160.0,
-960.0,-1160.0,
-920.0,-1160.0,97.794832
-880.0,-1160.0,94.553671
-840.0,-1160.0,91.409989
-800.0,-1160.0,88.363837
-760.0,-1160.0,85.415311
-720.0,-1160.0,82.564204
-680.0,-1160.0,79.810883
-640.0,-1160.0,77.154901
-600.0,-1160.0,74.596574
-560.0,-1160.0,72.135926
-520.0,-1160.0,69.772569
-480.0,-1160.0,67.50677
-440.0,-1160.0,65.338486
-400.0,-1160.0,63.26759
-360.0,-1160.0,61.29385
-320.0,-1160.0,59.417374
-280.0,-1160.0,57.638042
-240.0,-1160.0,55.955723
-200.0,-1160.0,54.370267
-160.0,-1160.0,52.881511
-120.0,-1160.0,51.489202
-80.0,-1160.0,50.19322
-40.0,-1160.0,48.993361
0.0,-1160.0,47.889394
40.0,-1160.0,46.88109
80.0,-1160.0,45.96947
120.0,-1160.0,45.158889
160.0,-1160.0,44.456568
200.0,-1160.0,43.872614
240.0,-1160.0,43.420058
280.0,-1160.0,43.114746
320.0,-1160.0,42.975187
360.0,-1160.0,43.022484
400.0,-1160.0,43.280235
440.0,-1160.0,43.774356
480.0,-1160.0,44.487773
520.0,-1160.0,45.303081
560.0,-1160.0,46.212422
600.0,-1160.0,47.215902
640.0,-1160.0,48.313738
680.0,-1160.0,49.506409
720.0,-1160.0,50.793946
760.0,-1160.0,52.176546
800.0,-1160.0,53.654706
840.0,-1160.0,55.228065
880.0,-1160.0,56.897324
920.0,-1160.0,58.662215
960.0,-1160.0,60.523111
1000.0,-1160.0,62.479866
1040.0,-1160.0,64.532763
1080.0,-1160.0,66.681516
1120.0,-1160.0,68.926612
1160.0,-1160.0,71.267314
1200.0,-1160.0,73.704301
1240.0,-1160.0,76.237099
1280.0,-1160.0,78.865627
1320.0,-1160.0,81.590135
1360.0,-1160.0,84.410097
-1400.0,-1120.0,
-1360.0,-1120.0,
-1320.0,-1120.0,
-1280.0,-1120.0,
-1240.0,-1120.0,
-1200.0,-1120.0,
-1160.0,-1120.0,
-1120.0,-1120.0,
-1080.0,-1120.0,
-1040.0,-1120.0,
-1000.0,-1120.0,
-960.0,-1120.0,101.886351
-920.0,-1120.0,98.42719
-880.0,-1120.0,95.069261
-840.0,-1120.0,91.812192
-800.0,-1120.0,88.656426
-760.0,-1120.0,85.601636
-720.0,-1120.0,82.648074
-680.0,-1120.0,79.795703
-640.0,-1120.0,77.044362
-600.0,-1120.0,74.394344
-560.0,-1120.0,71.845347
-520.0,-1120.0,69.397454
-480.0,-1120.0,67.050748
-440.0,-1120.0,64.805079
-400.0,-1120.0,62.660262
-360.0,-1120.0,60.616416
-320.0,-1120.0,58.673434
-280.0,-1120.0,56.831195
-240.0,-1120.0,55.089505
-200.0,-1120.0,53.448193
-160.0,-1120.0,51.907178
-120.0,-1120.0,50.466266
-80.0,-1120.0,49.125242
-40.0,-1120.0,47.88387
0.0,-1120.0,46.741897
40.0,-1120.0,45.699068
80.0,-1120.0,44.75646
120.0,-1120.0,43.918539
160.0,-1120.0,43.192764
200.0,-1120.0,42.589618
240.0,-1120.0,42.12254
280.0,-1120.0,41.807827
320.0,-1120.0,41.664418
360.0,-1120.0,41.71418
400.0,-1120.0,41.981402
440.0,-1120.0,42.492807
480.0,-1120.0,43.230623
520.0,-1120.0,44.073511
560.0,-1120.0,45.013725
600.0,-1120.0,46.051584
640.0,-1120.0,47.187097
680.0,-1120.0,48.420744
720.0,-1120.0,49.752935
760.0,-1120.0,51.183432
800.0,-1120.0,52.712964
840.0,-1120.0,54.341429
880.0,-1120.0,56.069089
920.0,-1120.0,57.89611
960.0,-1120.0,59.822484
1000.0,-1120.0,61.848411
1040.0,-1120.0,63.973879
1080.0,-1120.0,66.19884
1120.0,-1120.0,68.523595
1160.0,-1120.0,70.947514
1200.0,-1120.0,73.471186
1240.0,-1120.0,76.094212
1280.0,-1120.0,78.816364
1320.0,-1120.0,81.637918
1360.0,-1120.0,84.558597
1400.0,-1120.0,87.577822
-1440.0,-1080.0,
-1400.0,-1080.0,
-1360.0,-1080.0,
-1320.0,-1080.0,
-1280.0,-1080.0,
-1240.0,-1080.0,
-1200.0,-1080.0,
-1160.0,-1080.0,
-1120.0,-1080.0,
-1080.0,-1080.0,
-1040.0,-1080.0,
-1000.0,-1080.0,106.491786
-960.0,-1080.0,102.798497
-920.0,-1080.0,99.209809
-880.0,-1080.0,95.726311
-840.0,-1080.0,92.347366
-800.0,-1080.0,89.073721
-760.0,-1080.0,85.904716
-720.0,-1080.0,82.840986
-680.0,-1080.0,79.882063
-640.0,-1080.0,77.028262
-600.0,-1080.0,74.279536
-560.0,-1080.0,71.635655
-520.0,-1080.0,69.096895
-480.0,-1080.0,66.66313
-440.0,-1080.0,64.334124
-400.0,-1080.0,62.11006
-360.0,-1080.0,59.990845
-320.0,-1080.0,57.976356
-280.0,-1080.0,56.066324
-240.0,-1080.0,54.260794
-200.0,-1080.0,52.559603
-160.0,-1080.0,50.962566
-120.0,-1080.0,49.469477
-80.0,-1080.0,48.080104
-40.0,-1080.0,46.79419
0.0,-1080.0,45.611457
40.0,-1080.0,44.531624
80.0,-1080.0,43.555823
120.0,-1080.0,42.688639
160.0,-1080.0,41.93778
200.0,-1080.0,41.314068
240.0,-1080.0,40.831379
280.0,-1080.0,40.506547
320.0,-1080.0,40.359249
360.0,-1080.0,40.411813
400.0,-1080.0,40.689198
440.0,-1080.0,41.219022
480.0,-1080.0,41.9827
520.0,-1080.0,42.85532
560.0,-1080.0,43.82856
600.0,-1080.0,44.903032
640.0,-1080.0,46.079054
680.0,-1080.0,47.356611
720.0,-1080.0,48.736426
760.0,-1080.0,50.218521
800.0,-1080.0,51.803178
840.0,-1080.0,53.490765
880.0,-1080.0,55.281136
920.0,-1080.0,57.174852
960.0,-1080.0,59.171567
1000.0,-1080.0,61.271779
1040.0,-1080.0,63.475231
1080.0,-1080.0,65.782051
1120.0,-1080.0,68.192421
1160.0,-1080.0,70.705738
1200.0,-1080.0,73.322535
1240.0,-1080.0,76.042544
1280.0,-1080.0,78.865278
1320.0,-1080.0,81.791085
1360.0,-1080.0,84.819791
1400.0,-1080.0,87.950854
1440.0,-1080.0,91.184185
-1440.0,-1040.0,
-1400.0,-1040.0,
-1360.0,-1040.0,
-1320.0,-1040.0,
-1280.0,-1040.0,
-1240.0,-1040.0,
-1200.0,-1040.0,
-1160.0,-1040.0,
-1120.0,-1040.0,
-1080.0,-1040.0,
-1040.0,-1040.0,111.671494
-1000.0,-1040.0,107.725459
-960.0,-1040.0,103.888494
-920.0,-1040.0,100.160185
-880.0,-1040.0,96.541173
-840.0,-1040.0,93.030981
-800.0,-1040.0,89.630071
-760.0,-1040.0,86.338119
-720.0,-1040.0,83.155501
-680.0,-1040.0,80.081827
-640.0,-1040.0,77.117552
-600.0,-1040.0,74.26227
-560.0,-1040.0,71.51624
-520.0,-1040.0,68.879507
-480.0,-1040.0,66.351676
-440.0,-1040.0,63.933046
-400.0,-1040.0,61.623543
-360.0,-1040.0,59.422987
-320.0,-1040.0,57.331241
-280.0,-1040.0,55.348327
-240.0,-1040.0,53.4741
-200.0,-1040.0,51.708392
-160.0,-1040.0,50.05101
-120.0,-1040.0,48.501734
-80.0,-1040.0,47.060261
-40.0,-1040.0,45.726384
0.0,-1040.0,44.499802
40.0,-1040.0,43.380207
80.0,-1040.0,42.368784
120.0,-1040.0,41.47025
160.0,-1040.0,40.692522
200.0,-1040.0,40.046788
240.0,-1040.0,39.547413
280.0,-1040.0,39.211783
320.0,-1040.0,39.060208
360.0,-1040.0,39.1158
400.0,-1040.0,39.40432
440.0,-1040.0,39.953888
480.0,-1040.0,40.745216
520.0,-1040.0,41.649515
560.0,-1040.0,42.658367
600.0,-1040.0,43.772128
640.0,-1040.0,44.991414
680.0,-1040.0,46.316352
720.0,-1040.0,47.747365
760.0,-1040.0,49.284926
800.0,-1040.0,50.928902
840.0,-1040.0,52.680082
880.0,-1040.0,54.537993
920.0,-1040.0,56.503507
960.0,-1040.0,58.576
1000.0,-1040.0,60.756211
1040.0,-1040.0,63.043697
1080.0,-1040.0,65.438693
1120.0,-1040.0,67.941333
1160.0,-1040.0,70.550955
1200.0,-1040.0,73.268072
1240.0,-1040.0,76.092558
1280.0,-1040.0,79.02369
1320.0,-1040.0,82.061801
1360.0,-1040.0,85.206739
1400.0,-1040.0,88.458284
1440.0,-1040.0,91.815898
-1480.0,-1000.0,
-1440.0,-1000.0,
-1400.0,-1000.0,
-1360.0,-1000.0,
-1320.0,-1000.0,
-1280.0,-1000.0,
-1240.0,-1000.0,
-1200.0,-1000.0,
-1160.0,-1000.0,
-1120.0,-1000.0,
-1080.0,-1000.0,117.495497
-1040.0,-1000.0,113.276122
-1000.0,-1000.0,109.170241
-960.0,-1000.0,105.177902
-920.0,-1000.0,101.298648
-880.0,-1000.0,97.533129
-840.0,-1000.0,93.88101
-800.0,-1000.0,90.342515
-760.0,-1000.0,86.917609
-720.0,-1000.0,83.606343
-680.0,-1000.0,80.408698
-640.0,-1000.0,77.324827
-600.0,-1000.0,74.354475
-560.0,-1000.0,71.49798
-520.0,-1000.0,68.755047
-480.0,-1000.0,66.125771
-440.0,-1000.0,63.610222
-400.0,-1000.0,61.208212
-360.0,-1000.0,58.919645
-320.0,-1000.0,56.744568
-280.0,-1000.0,54.68286
-240.0,-1000.0,52.734375
-200.0,-1000.0,50.89886
-160.0,-1000.0,49.176169
-120.0,-1000.0,47.566118
-80.0,-1000.0,46.068442
-40.0,-1000.0,44.682841
0.0,-1000.0,43.40898
40.0,-1000.0,42.24652
80.0,-1000.0,41.196699
120.0,-1000.0,40.264379
160.0,-1000.0,39.457793
200.0,-1000.0,38.788516
240.0,-1000.0,38.271383
280.0,-1000.0,37.924234
320.0,-1000.0,37.768142
360.0,-1000.0,37.826974
400.0,-1000.0,38.127318
440.0,-1000.0,38.698351
480.0,-1000.0,39.519361
520.0,-1000.0,40.457614
560.0,-1000.0,41.504711
600.0,-1000.0,42.660836
640.0,-1000.0,43.926658
680.0,-1000.0,45.302669
720.0,-1000.0,46.788883
760.0,-1000.0,48.386133
800.0,-1000.0,50.094243
840.0,-1000.0,51.913906
880.0,-1000.0,53.844907
920.0,-1000.0,55.887868
960.0,-1000.0,58.042324
1000.0,-1000.0,60.308949
1040.0,-1000.0,62.687262
1080.0,-1000.0,65.17752
1120.0,-1000.0,67.779853
1160.0,-1000.0,70.493575
1200.0,-1000.0,73.319082
1240.0,-1000.0,76.25627
1280.0,-1000.0,79.304748
1320.0,-1000.0,82.464187
1360.0,-1000.0,85.734691
1400.0,-1000.0,89.11601
1440.0,-1000.0,92.607877
1480.0,-1000.0,96.210002
-1520.0,-960.0,
-1480.0,-960.0,
-1440.0,-960.0,
-1400.0,-960.0,
-1360.0,-960.0,
-1320.0,-960.0,
-1280.0,-960.0,
-1240.0,-960.0,
-1200.0,-960.0,
-1160.0,-960.0,
-1120.0,-960.0,124.045043
-1080.0,-960.0,119.529623
-1040.0,-960.0,115.132074
-1000.0,-960.0,110.85282
-960.0,-960.0,106.691919
-920.0,-960.0,102.648955
-880.0,-960.0,98.724542
-840.0,-960.0,94.918457
-800.0,-960.0,91.230743
-760.0,-960.0,87.661609
-720.0,-960.0,84.210817
-680.0,-960.0,80.878685
-640.0,-960.0,77.665004
-600.0,-960.0,74.569919
-560.0,-960.0,71.593486
-520.0,-960.0,68.735465
-480.0,-960.0,65.996135
-440.0,-960.0,63.375348
-400.0,-960.0,60.872945
-360.0,-960.0,58.489058
-320.0,-960.0,56.223587
-280.0,-960.0,54.076359
-240.0,-960.0,52.047182
-200.0,-960.0,50.136007
-160.0,-960.0,48.342628
-120.0,-960.0,46.666802
-80.0,-960.0,45.108248
-40.0,-960.0,43.666641
0.0,-960.0,42.341618
40.0,-960.0,41.132806
80.0,-960.0,40.041497
120.0,-960.0,39.072708
160.0,-960.0,38.234959
200.0,-960.0,37.540241
240.0,-960.0,37.003908
280.0,-960.0,36.644552
320.0,-960.0,36.483818
360.0,-960.0,36.546224
400.0,-960.0,36.859339
440.0,-960.0,37.453256
480.0,-960.0,38.306453
520.0,-960.0,39.281281
560.0,-960.0,40.369442
600.0,-960.0,41.571426
640.0,-960.0,42.887508
680.0,-960.0,44.318544
720.0,-960.0,45.864614
760.0,-960.0,47.526375
800.0,-960.0,49.303983
840.0,-960.0,51.197831
880.0,-960.0,53.207996
920.0,-960.0,55.334873
960.0,-960.0,57.57817
1000.0,-960.0,59.938443
1040.0,-960.0,62.415241
1080.0,-960.0,65.008755
1120.0,-960.0,67.719091
1160.0,-960.0,70.545753
1200.0,-960.0,73.488745
1240.0,-960.0,76.548084
1280.0,-960.0,79.723558
1320.0,-960.0,83.01473
1360.0,-960.0,86.421309
1400.0,-960.0,89.943257
1440.0,-960.0,93.580274
1480.0,-960.0,97.332042
1520.0,-960.0,101.198221
-1520.0,-920.0,
-1480.0,-920.0,
-1440.0,-920.0,
-1400.0,-920.0,
-1360.0,-920.0,
-1320.0,-920.0,
-1280.0,-920.0,
-1240.0,-920.0,
-1200.0,-920.0,
-1160.0,-920.0,131.416721
-1120.0,-920.0,126.578884
-1080.0,-920.0,121.864021
-1040.0,-920.0,117.27254
-1000.0,-920.0,112.804587
-960.0,-920.0,108.460185
-920.0,-920.0,104.23905
-880.0,-920.0,100.141708
-840.0,-920.0,96.168022
-800.0,-920.0,92.317916
-760.0,-920.0,88.591782
-720.0,-920.0,84.989145
-680.0,-920.0,81.510616
-640.0,-920.0,78.155659
-600.0,-920.0,74.924791
-560.0,-920.0,71.817684
-520.0,-920.0,68.834516
-480.0,-920.0,65.97536
-440.0,-920.0,63.239881
-400.0,-920.0,60.628351
-360.0,-920.0,58.140695
-320.0,-920.0,55.776702
-280.0,-920.0,53.536313
-240.0,-920.0,51.419476
-200.0,-920.0,49.426021
-160.0,-920.0,47.555735
-120.0,-920.0,45.80837
-80.0,-920.0,44.183627
-40.0,-920.0,42.681133
0.0,-920.0,41.300533
40.0,-920.0,40.04143
80.0,-920.0,38.905167
120.0,-920.0,37.89689
160.0,-920.0,37.025435
200.0,-920.0,36.303247
240.0,-920.0,35.746233
280.0,-920.0,35.373641
320.0,-920.0,35.207902
360.0,-920.0,35.274472
400.0,-920.0,35.601461
440.0,-920.0,36.220097
480.0,-920.0,37.107831
520.0,-920.0,38.122359
560.0,-920.0,39.254931
600.0,-920.0,40.506404
640.0,-920.0,41.877083
680.0,-920.0,43.367736
720.0,-920.0,44.978804
760.0,-920.0,46.710631
800.0,-920.0,48.563725
840.0,-920.0,50.538221
880.0,-920.0,52.634434
920.0,-920.0,54.852591
960.0,-920.0,57.192498
1000.0,-920.0,59.65462
1040.0,-920.0,62.238584
1080.0,-920.0,64.944408
1120.0,-920.0,67.772216
1160.0,-920.0,70.721773
1200.0,-920.0,73.792544
1240.0,-920.0,76.984732
1280.0,-920.0,80.298088
1320.0,-920.0,83.732338
1360.0,-920.0,87.287183
1400.0,-920.0,90.962193
1440.0,-920.0,94.757022
1480.0,-920.0,98.671473
1520.0,-920.0,102.705177
-1560.0,-880.0,
-1520.0,-880.0,
-1480.0,-880.0,
-1440.0,-880.0,
-1400.0,-880.0,
-1360.0,-880.0,
-1320.0,-880.0,
-1280.0,-880.0,
-1240.0,-880.0,
-1200.0,-880.0,139.724507
-1160.0,-880.0,134.53428
-1120.0,-880.0,129.472725
-1080.0,-880.0,124.540207
-1040.0,-880.0,119.736839
-1000.0,-880.0,115.062725
-960.0,-880.0,110.517803
-920.0,-880.0,106.102024
-880.0,-880.0,101.81577
-840.0,-880.0,97.658955
-800.0,-880.0,93.631454
-760.0,-880.0,89.733701
-720.0,-880.0,85.96527
-680.0,-880.0,82.326646
-640.0,-880.0,78.817496
-600.0,-880.0,75.438206
-560.0,-880.0,72.188399
-520.0,-880.0,69.06848
-480.0,-880.0,66.078183
-440.0,-880.0,63.217604
-400.0,-880.0,60.48682
-360.0,-880.0,57.885626
-320.0,-880.0,55.414003
-280.0,-880.0,53.07195
-240.0,-880.0,50.859336
-200.0,-880.0,48.775991
-160.0,-880.0,46.821614
-120.0,-880.0,44.996049
-80.0,-880.0,43.299001
-40.0,-880.0,41.730103
0.0,-880.0,40.288927
40.0,-880.0,38.975032
80.0,-880.0,37.789816
120.0,-880.0,36.738644
160.0,-880.0,35.83068
200.0,-880.0,35.078827
240.0,-880.0,34.499498
280.0,-880.0,34.112668
320.0,-880.0,33.941587
360.0,-880.0,34.012577
400.0,-880.0,34.354899
440.0,-880.0,35.000345
480.0,-880.0,35.92541
520.0,-880.0,36.982931
560.0,-880.0,38.163764
600.0,-880.0,39.468916
640.0,-880.0,40.899037
680.0,-880.0,42.454596
720.0,-880.0,44.13645
760.0,-880.0,45.94467
800.0,-880.0,47.880075
840.0,-880.0,49.942588
880.0,-880.0,52.132701
920.0,-880.0,54.450533
960.0,-880.0,56.895905
1000.0,-880.0,59.469223
1040.0,-880.0,62.17024
1080.0,-880.0,64.998686
1120.0,-880.0,67.954749
1160.0,-880.0,71.038233
1200.0,-880.0,74.248797
1240.0,-880.0,77.586002
1280.0,-880.0,81.049859
1320.0,-880.0,84.640054
1360.0,-880.0,88.356249
1400.0,-880.0,92.198084
1440.0,-880.0,96.165179
1480.0,-880.0,100.257137
1520.0,-880.0,104.473541
1560.0,-880.0,108.813958
-1560.0,-840.0,
-1520.0,-840.0,
-1480.0,-840.0,
-1440.0,-840.0,
-1400.0,-840.0,
-1360.0,-840.0,
-1320.0,-840.0,
-1280.0,-840.0,
-1240.0,-840.0,
-1200.0,-840.0,143.52745
-1160.0,-840.0,138.085633
-1120.0,-840.0,132.779019
-1080.0,-840.0,127.607735
-1040.0,-840.0,122.571895
-1000.0,-840.0,117.671605
-960.0,-840.0,112.906658
-920.0,-840.0,108.277362
-880.0,-840.0,103.783885
-840.0,-840.0,99.426151
-800.0,-840.0,95.20407
-760.0,-840.0,91.118042
-720.0,-840.0,87.167752
-680.0,-840.0,83.353507
-640.0,-840.0,79.67521
-600.0,-840.0,76.132974
-560.0,-840.0,72.726744
-520.0,-840.0,69.456717
-480.0,-840.0,66.322624
-440.0,-840.0,63.324775
-400.0,-840.0,60.463022
-360.0,-840.0,57.737277
-320.0,-840.0,55.147647
-280.0,-840.0,52.69404
-240.0,-840.0,50.376248
-200.0,-840.0,48.19415
-160.0,-840.0,46.147614
-120.0,-840.0,44.236381
-80.0,-840.0,42.460135
-40.0,-840.0,40.818489
0.0,-840.0,39.310984
40.0,-840.0,37.937146
80.0,-840.0,36.698428
120.0,-840.0,35.600392
160.0,-840.0,34.652565
200.0,-840.0,33.868352
240.0,-840.0,33.264883
280.0,-840.0,32.862834
320.0,-840.0,32.686089
360.0,-840.0,32.762024
400.0,-840.0,33.120879
440.0,-840.0,33.795703
480.0,-840.0,34.761317
520.0,-840.0,35.865437
560.0,-840.0,37.098976
600.0,-840.0,38.462681
640.0,-840.0,39.957676
680.0,-840.0,41.584205
720.0,-840.0,43.343439
760.0,-840.0,45.235347
800.0,-840.0,47.26089
840.0,-840.0,49.419874
880.0,-840.0,51.712892
920.0,-840.0,54.140025
960.0,-840.0,56.701018
1000.0,-840.0,59.396243
1040.0,-840.0,62.225606
1080.0,-840.0,65.188524
1120.0,-840.0,68.285188
1160.0,-840.0,71.515393
1200.0,-840.0,74.878863
1240.0,-840.0,78.375283
1280.0,-840.0,82.00427
1320.0,-840.0,85.765349
1360.0,-840.0,89.658335
1400.0,-840.0,93.682827
1440.0,-840.0,97.838403
1480.0,-840.0,102.124624
1520.0,-840.0,106.541036
1560.0,-840.0,111.087104
-1600.0,-800.0,
-1560.0,-800.0,
-1520.0,-800.0,
-1480.0,-800.0,
-1440.0,-800.0,
-1400.0,-800.0,
-1360.0,-800.0,
-1320.0,-800.0,
-1280.0,-800.0,
-1240.0,-800.0,153.717377
-1200.0,-800.0,147.856411
-1160.0,-800.0,142.137482
-1120.0,-800.0,136.560721
-1080.0,-800.0,131.12625
-1040.0,-800.0,125.834182
-1000.0,-800.0,120.684417
-960.0,-800.0,115.677151
-920.0,-800.0,110.812565
-880.0,-800.0,106.090747
-840.0,-800.0,101.511585
-800.0,-800.0,97.075111
-760.0,-800.0,92.781641
-720.0,-800.0,88.63094
-680.0,-800.0,84.623198
-640.0,-800.0,80.758498
-600.0,-800.0,77.036725
-560.0,-800.0,73.458105
-520.0,-800.0,70.022536
-480.0,-800.0,66.730096
-440.0,-800.0,63.580926
-400.0,-800.0,60.574745
-360.0,-800.0,57.711823
-320.0,-800.0,54.992108
-280.0,-800.0,52.415384
-240.0,-800.0,49.981668
-200.0,-800.0,47.690862
-160.0,-800.0,45.542773
-120.0,-800.0,43.53715
-80.0,-800.0,41.673671
-40.0,-800.0,39.951937
0.0,-800.0,38.37146
40.0,-800.0,36.931732
80.0,-800.0,35.634268
120.0,-800.0,34.484846
160.0,-800.0,33.493385
200.0,-800.0,32.673833
240.0,-800.0,32.043992
280.0,-800.0,31.625323
320.0,-800.0,31.442748
360.0,-800.0,31.524278
400.0,-800.0,31.901292
440.0,-800.0,32.608009
480.0,-800.0,33.617991
520.0,-800.0,34.773
560.0,-800.0,36.064118
600.0,-800.0,37.492018
640.0,-800.0,39.058016
680.0,-800.0,40.762625
720.0,-800.0,42.606832
760.0,-800.0,44.590866
800.0,-800.0,46.715587
840.0,-800.0,48.980805
880.0,-800.0,51.387128
920.0,-800.0,53.934676
960.0,-800.0,56.623006
1000.0,-800.0,59.452494
1040.0,-800.0,62.422994
1080.0,-800.0,65.534269
1120.0,-800.0,68.785758
1160.0,-800.0,72.177512
1200.0,-800.0,75.709199
1240.0,-800.0,79.380453
1280.0,-800.0,83.190884
1320.0,-800.0,87.140074
1360.0,-800.0,91.227584
1400.0,-800.0,95.452957
1440.0,-800.0,99.815717
1480.0,-800.0,104.315373
1520.0,-800.0,108.951415
1560.0,-800.0,113.72332
1600.0,-800.0,118.630551
-1600.0,-760.0,
-1560.0,-760.0,
-1520.0,-760.0,
-1480.0,-760.0,
-1440.0,-760.0,
-1400.0,-760.0,
-1360.0,-760.0,
-1320.0,-760.0,
-1280.0,-760.0,165.297151
-1240.0,-760.0,158.971892
-1200.0,-760.0,152.796205
-1160.0,-760.0,146.770232
-1120.0,-760.0,140.894106
-1080.0,-760.0,135.167954
-1040.0,-760.0,129.591893
-1000.0,-760.0,124.16603
-960.0,-760.0,118.890469
-920.0,-760.0,113.765301
-880.0,-760.0,108.790611
-840.0,-760.0,103.966198
-800.0,-760.0,99.292326
-760.0,-760.0,94.769159
-720.0,-760.0,90.396513
-680.0,-760.0,86.174524
-640.0,-760.0,82.103393
-600.0,-760.0,78.182827
-560.0,-760.0,74.413287
-520.0,-760.0,70.794407
-480.0,-760.0,67.326584
-440.0,-760.0,64.00964
-400.0,-760.0,60.843665
-360.0,-760.0,57.828778
-320.0,-760.0,54.964792
-280.0,-760.0,52.25177
-240.0,-760.0,49.689698
-200.0,-760.0,47.278456
-160.0,-760.0,45.017859
-120.0,-760.0,42.907611
-80.0,-760.0,40.947487
-40.0,-760.0,39.137082
0.0,-760.0,37.475883
40.0,-760.0,35.963353
80.0,-760.0,34.601076
120.0,-760.0,33.395072
160.0,-760.0,32.355689
200.0,-760.0,31.497405
240.0,-760.0,30.838728
280.0,-760.0,30.401991
320.0,-760.0,30.213033
360.0,-760.0,30.301034
400.0,-760.0,30.698112
440.0,-760.0,31.439762
480.0,-760.0,32.498303
520.0,-760.0,33.709155
560.0,-760.0,35.063413
600.0,-760.0,36.562099
640.0,-760.0,38.206389
680.0,-760.0,39.997163
720.0,-760.0,41.935271
760.0,-760.0,44.021148
800.0,-760.0,46.255567
840.0,-760.0,48.638376
880.0,-760.0,51.170096
920.0,-760.0,53.850839
960.0,-760.0,56.680259
1000.0,-760.0,59.658359
1040.0,-760.0,62.785069
1080.0,-760.0,66.060116
1120.0,-760.0,69.483177
1160.0,-760.0,73.053883
1200.0,-760.0,76.771671
1240.0,-760.0,80.636313
1280.0,-760.0,84.647369
1320.0,-760.0,88.804366
1360.0,-760.0,93.106814
1400.0,-760.0,97.554159
1440.0,-760.0,102.145643
1480.0,-760.0,106.880886
1520.0,-760.0,111.759321
1560.0,-760.0,116.780369
1600.0,-760.0,121.943436
-1640.0,-720.0,
-1600.0,-720.0,
-1560.0,-720.0,
-1520.0,-720.0,
-1480.0,-720.0,
-1440.0,-720.0,
-1400.0,-720.0,
-1360.0,-720.0,
-1320.0,-720.0,
-1280.0,-720.0,171.661166
-1240.0,-720.0,164.97644
-1200.0,-720.0,158.449987
-1160.0,-720.0,152.081937
-1120.0,-720.0,145.872408
-1080.0,-720.0,139.821513
-1040.0,-720.0,133.929358
-1000.0,-720.0,128.19604
-960.0,-720.0,122.621651
-920.0,-720.0,117.206274
-880.0,-720.0,111.949863
-840.0,-720.0,106.852439
-800.0,-720.0,101.91424
-760.0,-720.0,97.135334
-720.0,-720.0,92.515546
-680.0,-720.0,88.055035
-640.0,-720.0,83.754028
-600.0,-720.0,79.612164
-560.0,-720.0,75.629943
-520.0,-720.0,71.807061
-480.0,-720.0,68.143908
-440.0,-720.0,64.640168
-400.0,-720.0,61.296217
-360.0,-720.0,58.111944
-320.0,-720.0,55.087337
-280.0,-720.0,52.222522
-240.0,-720.0,49.517448
-200.0,-720.0,46.971923
-160.0,-720.0,44.585898
-120.0,-720.0,42.359191
-80.0,-720.0,40.291503
-40.0,-720.0,38.382429
0.0,-720.0,36.631443
40.0,-720.0,35.037984
80.0,-720.0,33.603719
120.0,-720.0,32.334941
160.0,-720.0,31.242467
200.0,-720.0,30.341465
240.0,-720.0,29.651225
280.0,-720.0,29.194782
320.0,-720.0,28.999024
360.0,-720.0,29.094189
400.0,-720.0,29.513684
440.0,-720.0,30.293824
480.0,-720.0,31.405597
520.0,-720.0,32.678147
560.0,-720.0,34.102167
600.0,-720.0,35.679186
640.0,-720.0,37.410296
680.0,-720.0,39.296709
720.0,-720.0,41.339192
760.0,-720.0,43.538311
800.0,-720.0,45.894767
840.0,-720.0,48.408483
880.0,-720.0,51.079775
920.0,-720.0,53.908743
960.0,-720.0,56.895257
1000.0,-720.0,60.038793
1040.0,-720.0,63.339337
1080.0,-720.0,66.796573
1120.0,-720.0,70.410101
1160.0,-720.0,74.179477
1200.0,-720.0,78.104229
1240.0,-720.0,82.183853
1280.0,-720.0,86.417826
1320.0,-720.0,90.805605
1360.0,-720.0,95.346629
1400.0,-720.0,100.040322
1440.0,-720.0,104.886094
1480.0,-720.0,109.882977
1520.0,-720.0,115.03031
1560.0,-720.0,120.327709
1600.0,-720.0,125.774521
1640.0,-720.0,131.369265
-1640.0,-680.0,
-1600.0,-680.0,
-1560.0,-680.0,
-1520.0,-680.0,
-1480.0,-680.0,
-1440.0,-680.0,
-1400.0,-680.0,
-1360.0,-680.0,
-1320.0,-680.0,186.209516
-1280.0,-680.0,178.954143
-1240.0,-680.0,171.866635
-1200.0,-680.0,164.947111
-1160.0,-680.0,158.195687
-1120.0,-680.0,151.612473
-1080.0,-680.0,145.197558
-1040.0,-680.0,138.951026
-1000.0,-680.0,132.873067
-960.0,-680.0,126.963666
-920.0,-680.0,121.222917
-880.0,-680.0,115.650907
-840.0,-680.0,110.247705
-800.0,-680.0,105.013379
-760.0,-680.0,99.947989
-720.0,-680.0,95.051319
-680.0,-680.0,90.323639
-640.0,-680.0,85.765087
-600.0,-680.0,81.37538
-560.0,-680.0,77.154899
-520.0,-680.0,73.103514
-480.0,-680.0,69.221405
-440.0,-680.0,65.508525
-400.0,-680.0,61.965134
-360.0,-680.0,58.591006
-320.0,-680.0,55.386458
-280.0,-680.0,52.351499
-240.0,-680.0,49.485964
-200.0,-680.0,46.789972
-160.0,-680.0,44.263433
-120.0,-680.0,41.906173
-80.0,-680.0,39.717923
-40.0,-680.0,37.698296
0.0,-680.0,35.846766
40.0,-680.0,34.162758
80.0,-680.0,32.648043
120.0,-680.0,31.309225
160.0,-680.0,30.157645
200.0,-680.0,29.209167
240.0,-680.0,28.483904
280.0,-680.0,28.005951
320.0,-680.0,27.802981
360.0,-680.0,27.906344
400.0,-680.0,28.350682
440.0,-680.0,29.17359
480.0,-680.0,30.344209
520.0,-680.0,31.685125
560.0,-680.0,33.186689
600.0,-680.0,34.85094
640.0,-680.0,36.678948
680.0,-680.0,38.672211
720.0,-680.0,40.831468
760.0,-680.0,43.157323
800.0,-680.0,45.650419
840.0,-680.0,48.310795
880.0,-680.0,51.138414
920.0,-680.0,54.133395
960.0,-680.0,57.29551
1000.0,-680.0,60.62444
1040.0,-680.0,64.119785
1080.0,-680.0,67.781002
1120.0,-680.0,71.607683
1160.0,-680.0,75.599352
1200.0,-680.0,79.755455
1240.0,-680.0,84.075381
1280.0,-680.0,88.558343
1320.0,-680.0,93.203841
1360.0,-680.0,98.011239
1400.0,-680.0,102.979888
1440.0,-680.0,108.109128
1480.0,-680.0,113.397949
1520.0,-680.0,118.845304
1560.0,-680.0,124.451007
1600.0,-680.0,130.213997
1640.0,-680.0,136.132662
-1680.0,-640.0,
-1640.0,-640.0,
-1600.0,-640.0,
-1560.0,-640.0,
-1520.0,-640.0,
-1480.0,-640.0,
-1440.0,-640.0,
-1400.0,-640.0,
-1360.0,-640.0,
-1320.0,-640.0,195.076491
-1280.0,-640.0,187.355151
-1240.0,-640.0,179.812754
-1200.0,-640.0,172.449396
-1160.0,-640.0,165.264883
-1120.0,-640.0,158.25952
-1080.0,-640.0,151.433577
-1040.0,-640.0,144.787119
-1000.0,-640.0,138.320206
-960.0,-640.0,132.032898
-920.0,-640.0,125.925246
-880.0,-640.0,119.997303
-840.0,-640.0,114.249117
-800.0,-640.0,108.680733
-760.0,-640.0,103.292122
-720.0,-640.0,98.083193
-680.0,-640.0,93.054203
-640.0,-640.0,88.205209
-600.0,-640.0,83.535969
-560.0,-640.0,79.046803
-520.0,-640.0,74.737696
-480.0,-640.0,70.608657
-440.0,-640.0,66.659867
-400.0,-640.0,62.891352
-360.0,-640.0,59.30319
-320.0,-640.0,55.895596
-280.0,-640.0,52.668462
-240.0,-640.0,49.621964
-200.0,-640.0,46.75615
-160.0,-640.0,44.070974
-120.0,-640.0,41.566292
-80.0,-640.0,39.241881
-40.0,-640.0,37.097448
0.0,-640.0,35.132483
40.0,-640.0,33.346416
80.0,-640.0,31.741153
120.0,-640.0,30.323662
160.0,-640.0,29.105845
200.0,-640.0,28.104288
240.0,-640.0,27.340046
280.0,-640.0,26.838193
320.0,-640.0,26.627581
360.0,-640.0,26.740415
400.0,-640.0,27.212599
440.0,-640.0,28.083178
480.0,-640.0,29.31924
520.0,-640.0,30.736352
560.0,-640.0,32.324761
600.0,-640.0,34.086852
640.0,-640.0,36.023803
680.0,-640.0,38.137322
720.0,-640.0,40.428184
760.0,-640.0,42.896916
800.0,-640.0,45.544104
840.0,-640.0,48.36986
880.0,-640.0,51.373887
920.0,-640.0,54.556087
960.0,-640.0,57.9162
1000.0,-640.0,61.453781
1040.0,-640.0,65.168316
1080.0,-640.0,69.059238
1120.0,-640.0,73.12594
1160.0,-640.0,77.367786
1200.0,-640.0,81.78412
1240.0,-640.0,86.374269
1280.0,-640.0,91.137546
1320.0,-640.0,96.072972
1360.0,-640.0,101.179695
1400.0,-640.0,106.457264
1440.0,-640.0,111.904939
1480.0,-640.0,117.521129
1520.0,-640.0,123.305401
1560.0,-640.0,129.257188
1600.0,-640.0,135.374154
1640.0,-640.0,141.656887
1680.0,-640.0,148.102602
-1680.0,-600.0,
-1640.0,-600.0,
-1600.0,-600.0,
-1560.0,-600.0,
-1520.0,-600.0,
-1480.0,-600.0,
-1440.0,-600.0,
-1400.0,-600.0,
-1360.0,-600.0,213.786095
-1320.0,-600.0,205.34372
-1280.0,-600.0,197.09216
-1240.0,-600.0,189.031731
-1200.0,-600.0,181.163059
-1160.0,-600.0,173.485572
-1120.0,-600.0,166.000033
-1080.0,-600.0,158.706543
-1040.0,-600.0,151.605135
-1000.0,-600.0,144.695813
-960.0,-600.0,137.97853
-920.0,-600.0,131.453499
-880.0,-600.0,125.120732
-840.0,-600.0,118.980244
-800.0,-600.0,113.031932
-760.0,-600.0,107.275854
-720.0,-600.0,101.712077
-680.0,-600.0,96.340636
-640.0,-600.0,91.161568
-600.0,-600.0,86.174628
-560.0,-600.0,81.380144
-520.0,-600.0,76.778139
-480.0,-600.0,72.368496
-440.0,-600.0,68.151576
-400.0,-600.0,64.127199
-360.0,-600.0,60.295718
-320.0,-600.0,56.657154
-280.0,-600.0,53.211603
-240.0,-600.0,49.959287
-200.0,-600.0,46.900276
-160.0,-600.0,44.034489
-120.0,-600.0,41.362017
-80.0,-600.0,38.88272
-40.0,-600.0,36.596315
0.0,-600.0,34.502341
40.0,-600.0,32.600262
80.0,-600.0,30.892154
120.0,-600.0,29.385423
160.0,-600.0,28.092676
200.0,-600.0,27.031389
240.0,-600.0,26.223448
280.0,-600.0,25.694997
320.0,-600.0,25.476003
360.0,-600.0,25.599942
400.0,-600.0,26.103607
440.0,-600.0,27.027544
480.0,-600.0,28.33699
520.0,-600.0,29.8397
560.0,-600.0,31.52612
600.0,-600.0,33.398832
640.0,-600.0,35.459318
680.0,-600.0,37.709321
720.0,-600.0,40.149733
760.0,-600.0,42.780856
800.0,-600.0,45.603221
840.0,-600.0,48.616798
880.0,-600.0,51.821348
920.0,-600.0,55.216471
960.0,-600.0,58.801616
1000.0,-600.0,62.57618
1040.0,-600.0,66.539593
1080.0,-600.0,70.691121
1120.0,-600.0,75.029911
1160.0,-600.0,79.55527
1200.0,-600.0,84.266429
1240.0,-600.0,89.162607
1280.0,-600.0,94.24302
1320.0,-600.0,99.506565
1360.0,-600.0,104.952086
1400.0,-600.0,110.579258
1440.0,-600.0,116.386736
1480.0,-600.0,122.373205
1520.0,-600.0,128.538467
1560.0,-600.0,134.879962
1600.0,-600.0,141.398115
1640.0,-600.0,148.090098
1680.0,-600.0,154.955816
-1680.0,-560.0,
-1640.0,-560.0,
-1600.0,-560.0,
-1560.0,-560.0,
-1520.0,-560.0,
-1480.0,-560.0,
-1440.0,-560.0,
-1400.0,-560.0,
-1360.0,-560.0,226.388583
-1320.0,-560.0,217.321894
-1280.0,-560.0,208.4608
-1240.0,-560.0,199.805011
-1200.0,-560.0,191.355513
-1160.0,-560.0,183.112001
-1120.0,-560.0,175.074837
-1080.0,-560.0,167.244384
-1040.0,-560.0,159.620341
-1000.0,-560.0,152.202865
-960.0,-560.0,144.992156
-920.0,-560.0,137.98818
-880.0,-560.0,131.190903
-840.0,-560.0,124.600298
-800.0,-560.0,118.21634
-760.0,-560.0,112.03901
-720.0,-560.0,106.068294
-680.0,-560.0,100.304188
-640.0,-560.0,94.746642
-600.0,-560.0,89.39551
-560.0,-560.0,84.251045
-520.0,-560.0,79.313268
-480.0,-560.0,74.58199
-440.0,-560.0,70.057632
-400.0,-560.0,65.74
-360.0,-560.0,61.629524
-320.0,-560.0,57.726065
-280.0,-560.0,54.030032
-240.0,-560.0,50.541569
-200.0,-560.0,47.260705
-160.0,-560.0,44.187715
-120.0,-560.0,41.322659
-80.0,-560.0,38.665502
-40.0,-560.0,36.216068
0.0,-560.0,33.973977
40.0,-560.0,31.938772
80.0,-560.0,30.112762
120.0,-560.0,28.503887
160.0,-560.0,27.125534
200.0,-560.0,25.996144
240.0,-560.0,25.138762
280.0,-560.0,24.580488
320.0,-560.0,24.352387
360.0,-560.0,24.489171
400.0,-560.0,25.028807
440.0,-560.0,26.013067
480.0,-560.0,27.405356
520.0,-560.0,29.005152
560.0,-560.0,30.803144
600.0,-560.0,32.802205
640.0,-560.0,35.004043
680.0,-560.0,37.410428
720.0,-560.0,40.022248
760.0,-560.0,42.839786
800.0,-560.0,45.863106
840.0,-560.0,49.092108
880.0,-560.0,52.52634
920.0,-560.0,56.165194
960.0,-560.0,60.007952
1000.0,-560.0,64.053826
1040.0,-560.0,68.301982
1080.0,-560.0,72.751559
1120.0,-560.0,77.401682
1160.0,-560.0,82.251258
1200.0,-560.0,87.299181
1240.0,-560.0,92.544839
1280.0,-560.0,97.987338
1320.0,-560.0,103.62488
1360.0,-560.0,109.457049
1400.0,-560.0,115.482695
1440.0,-560.0,121.700072
1480.0,-560.0,128.108795
1520.0,-560.0,134.706686
1560.0,-560.0,141.493049
1600.0,-560.0,148.466493
1640.0,-560.0,155.624618
1680.0,-560.0,162.966926
-1720.0,-520.0,
-1680.0,-520.0,
-1640.0,-520.0,
-1600.0,-520.0,
-1560.0,-520.0,
-1520.0,-520.0,
-1480.0,-520.0,
-1440.0,-520.0,
-1400.0,-520.0,251.227343
-1360.0,-520.0,241.213442
-1320.0,-520.0,231.421171
-1280.0,-520.0,221.851445
-1240.0,-520.0,212.504516
-1200.0,-520.0,203.380143
-1160.0,-520.0,194.479518
-1120.0,-520.0,185.801684
-1080.0,-520.0,177.347808
-1040.0,-520.0,169.117354
-1000.0,-520.0,161.110506
-960.0,-520.0,153.32746
-920.0,-520.0,145.768104
-880.0,-520.0,138.432211
-840.0,-520.0,131.319805
-800.0,-520.0,124.43089
-760.0,-520.0,117.765372
-720.0,-520.0,111.323169
-680.0,-520.0,105.104185
-640.0,-520.0,99.108234
-600.0,-520.0,93.335421
-560.0,-520.0,87.785741
-520.0,-520.0,82.459191
-480.0,-520.0,77.355572
-440.0,-520.0,72.475254
-400.0,-520.0,67.818137
-360.0,-520.0,63.384499
-320.0,-520.0,59.174401
-280.0,-520.0,55.188222
-240.0,-520.0,51.426022
-200.0,-520.0,47.888184
-160.0,-520.0,44.574963
-120.0,-520.0,41.48655
-80.0,-520.0,38.623022
-40.0,-520.0,35.984379
0.0,-520.0,33.570408
40.0,-520.0,31.380784
80.0,-520.0,29.418142
120.0,-520.0,27.691071
160.0,-520.0,26.21384
200.0,-520.0,25.006036
240.0,-520.0,24.091891
280.0,-520.0,23.499776
320.0,-520.0,23.261692
360.0,-520.0,23.413534
400.0,-520.0,23.99458
440.0,-520.0,25.047718
480.0,-520.0,26.534402
520.0,-520.0,28.245474
560.0,-520.0,30.171869
600.0,-520.0,32.31681
640.0,-520.0,34.682227
680.0,-520.0,37.269756
720.0,-520.0,40.080177
760.0,-520.0,43.113677
800.0,-520.0,46.370027
840.0,-520.0,49.848692
880.0,-520.0,53.548919
920.0,-520.0,57.469835
960.0,-520.0,61.610454
1000.0,-520.0,65.96976
1040.0,-520.0,70.546713
1080.0,-520.0,75.340268
1120.0,-520.0,80.349382
1160.0,-520.0,85.572728
1200.0,-520.0,91.008951
1240.0,-520.0,96.657476
1280.0,-520.0,102.516553
1320.0,-520.0,108.585135
1360.0,-520.0,114.86206
1400.0,-520.0,121.345713
1440.0,-520.0,128.034826
1480.0,-520.0,134.928354
1520.0,-520.0,142.023586
1560.0,-520.0,149.320062
1600.0,-520.0,156.815972
1640.0,-520.0,164.508809
1680.0,-520.0,172.396865
1720.0,-520.0,180.478449
-1720.0,-480.0,
-1680.0,-480.0,
-1640.0,-480.0,
-1600.0,-480.0,
-1560.0,-480.0,
-1520.0,-480.0,
-1480.0,-480.0,
-1440.0,-480.0,
-1400.0,-480.0,269.729799
-1360.0,-480.0,258.841863
-1320.0,-480.0,248.195787
-1280.0,-480.0,237.792171
-1240.0,-480.0,227.631534
-1200.0,-480.0,217.713855
-1160.0,-480.0,208.039525
-1120.0,-480.0,198.609211
-1080.0,-480.0,189.4222
-1040.0,-480.0,180.479431
-1000.0,-480.0,171.780081
-960.0,-480.0,163.324829
-920.0,-480.0,155.113227
-880.0,-480.0,147.145089
-840.0,-480.0,139.420525
-800.0,-480.0,131.939327
-760.0,-480.0,124.701303
-720.0,-480.0,117.706275
-680.0,-480.0,110.954091
-640.0,-480.0,104.444616
-600.0,-480.0,98.177742
-560.0,-480.0,92.15339
-520.0,-480.0,86.371454
-480.0,-480.0,80.831794
-440.0,-480.0,75.534646
-400.0,-480.0,70.479958
-360.0,-480.0,65.667873
-320.0,-480.0,61.098616
-280.0,-480.0,56.772434
-240.0,-480.0,52.689578
-200.0,-480.0,48.850503
-160.0,-480.0,45.255536
-120.0,-480.0,41.904984
-80.0,-480.0,38.79923
-40.0,-480.0,35.93845
0.0,-480.0,33.322618
40.0,-480.0,30.951624
80.0,-480.0,28.828549
120.0,-480.0,26.962832
160.0,-480.0,25.369943
200.0,-480.0,24.070671
240.0,-480.0,23.090565
280.0,-480.0,22.459305
320.0,-480.0,22.210151
360.0,-480.0,22.379856
400.0,-480.0,23.009036
440.0,-480.0,24.141718
480.0,-480.0,25.737225
520.0,-480.0,27.577437
560.0,-480.0,29.653527
600.0,-480.0,31.969065
640.0,-480.0,34.526251
680.0,-480.0,37.326255
720.0,-480.0,40.369683
760.0,-480.0,43.656348
800.0,-480.0,47.185621
840.0,-480.0,50.956575
880.0,-480.0,54.968097
920.0,-480.0,59.218972
960.0,-480.0,63.707938
1000.0,-480.0,68.433568
1040.0,-480.0,73.394325
1080.0,-480.0,78.589233
1120.0,-480.0,84.01707
1160.0,-480.0,89.675656
1200.0,-480.0,95.56449
1240.0,-480.0,101.681647
1280.0,-480.0,108.025958
1320.0,-480.0,114.595592
1360.0,-480.0,121.389762
1400.0,-480.0,128.405457
1440.0,-480.0,135.642204
1480.0,-480.0,143.098126
1520.0,-480.0,150.770869
1560.0,-480.0,158.658318
1600.0,-480.0,166.758831
1640.0,-480.0,175.07014
1680.0,-480.0,183.589863
1720.0,-480.0,192.315507
-1720.0,-440.0,
-1680.0,-440.0,
-1640.0,-440.0,
-1600.0,-440.0,
-1560.0,-440.0,
-1520.0,-440.0,
-1480.0,-440.0,
-1440.0,-440.0,
-1400.0,-440.0,292.014688
-1360.0,-440.0,280.081744
-1320.0,-440.0,268.41482
-1280.0,-440.0,257.014519
-1240.0,-440.0,245.881372
-1200.0,-440.0,235.015827
-1160.0,-440.0,224.418253
-1120.0,-440.0,214.088937
-1080.0,-440.0,204.028081
-1040.0,-440.0,194.234989
-1000.0,-440.0,184.710444
-960.0,-440.0,175.453838
-920.0,-440.0,166.465395
-880.0,-440.0,157.744411
-840.0,-440.0,149.291143
-800.0,-440.0,141.105215
-760.0,-440.0,133.186091
-720.0,-440.0,125.533689
-680.0,-440.0,118.14775
-640.0,-440.0,111.027991
-600.0,-440.0,104.174164
-560.0,-440.0,97.586062
-520.0,-440.0,91.263375
-480.0,-440.0,85.206093
-440.0,-440.0,79.414206
-400.0,-440.0,73.887639
-360.0,-440.0,68.626424
-320.0,-440.0,63.630869
-280.0,-440.0,58.901063
-240.0,-440.0,54.43749
-200.0,-440.0,50.24057
-160.0,-440.0,46.310715
-120.0,-440.0,42.648573
-80.0,-440.0,39.254668
-40.0,-440.0,36.129449
0.0,-440.0,33.273188
40.0,-440.0,30.686105
80.0,-440.0,28.371898
120.0,-440.0,26.341096
160.0,-440.0,24.610607
200.0,-440.0,23.202857
240.0,-440.0,22.144853
280.0,-440.0,21.467621
320.0,-440.0,21.205723
360.0,-440.0,21.39683
400.0,-440.0,22.082658
440.0,-440.0,23.308517
480.0,-440.0,25.031281
520.0,-440.0,27.023643
560.0,-440.0,29.276956
600.0,-440.0,31.795088
640.0,-440.0,34.580203
680.0,-440.0,37.633176
720.0,-440.0,40.953908
760.0,-440.0,44.541626
800.0,-440.0,48.395117
840.0,-440.0,52.512919
880.0,-440.0,56.893439
920.0,-440.0,61.535049
960.0,-440.0,66.43613
1000.0,-440.0,71.594806
1040.0,-440.0,77.009273
1080.0,-440.0,82.678443
1120.0,-440.0,88.599897
1160.0,-440.0,94.772741
1200.0,-440.0,101.194558
1240.0,-440.0,107.864567
1280.0,-440.0,114.779809
1320.0,-440.0,121.939354
1360.0,-440.0,129.341331
1400.0,-440.0,136.983481
1440.0,-440.0,144.863287
1480.0,-440.0,152.979104
1520.0,-440.0,161.328559
1560.0,-440.0,169.909165
1600.0,-440.0,178.71832
1640.0,-440.0,187.753299
1680.0,-440.0,197.011259
1720.0,-440.0,206.488556
-1720.0,-400.0,
-1680.0,-400.0,
-1640.0,-400.0,
-1600.0,-400.0,
-1560.0,-400.0,
-1520.0,-400.0,
-1480.0,-400.0,
-1440.0,-400.0,332.796341
-1400.0,-400.0,319.294401
-1360.0,-400.0,306.087254
-1320.0,-400.0,293.176608
-1280.0,-400.0,280.562732
-1240.0,-400.0,268.246028
-1200.0,-400.0,256.227383
-1160.0,-400.0,244.507048
-1120.0,-400.0,233.085194
-1080.0,-400.0,221.961921
-1040.0,-400.0,211.136896
-1000.0,-400.0,200.61014
-960.0,-400.0,190.381736
-920.0,-400.0,180.451058
-880.0,-400.0,170.817868
-840.0,-400.0,161.481791
-800.0,-400.0,152.442531
-760.0,-400.0,143.699242
-720.0,-400.0,135.251841
-680.0,-400.0,127.099784
-640.0,-400.0,119.242567
-600.0,-400.0,111.679738
-560.0,-400.0,104.410896
-520.0,-400.0,97.4357
-480.0,-400.0,90.753877
-440.0,-400.0,84.365224
-400.0,-400.0,78.269547
-360.0,-400.0,72.466775
-320.0,-400.0,66.957155
-280.0,-400.0,61.740679
-240.0,-400.0,56.817917
-200.0,-400.0,52.189181
-160.0,-400.0,47.855205
-120.0,-400.0,43.816731
-80.0,-400.0,40.074552
-40.0,-400.0,36.629434
0.0,-400.0,33.482094
40.0,-400.0,30.633237
80.0,-400.0,28.087413
120.0,-400.0,25.856539
160.0,-400.0,23.959399
200.0,-400.0,22.420383
240.0,-400.0,21.268423
280.0,-400.0,20.535963
320.0,-400.0,20.258869
360.0,-400.0,20.475879
400.0,-400.0,21.22951
440.0,-400.0,22.566312
480.0,-400.0,24.44054
520.0,-400.0,26.615479
560.0,-400.0,29.0825
600.0,-400.0,31.845602
640.0,-400.0,34.906508
680.0,-400.0,38.26536
720.0,-400.0,41.921218
760.0,-400.0,45.872466
800.0,-400.0,50.117124
840.0,-400.0,54.652947
880.0,-400.0,59.477468
920.0,-400.0,64.588831
960.0,-400.0,69.984962
1000.0,-400.0,75.663
1040.0,-400.0,81.6219
1080.0,-400.0,87.858597
1120.0,-400.0,94.372119
1160.0,-400.0,101.159471
1200.0,-400.0,108.219151
1240.0,-400.0,115.549201
1280.0,-400.0,123.147348
1320.0,-400.0,131.010684
1360.0,-400.0,139.137454
1400.0,-400.0,147.52514
1440.0,-400.0,156.171105
1480.0,-400.0,165.072595
1520.0,-400.0,174.226734
1560.0,-400.0,183.629685
1600.0,-400.0,193.278628
1640.0,-400.0,203.170402
1680.0,-400.0,213.30157
1720.0,-400.0,223.666107
-1760.0,-360.0,
-1720.0,-360.0,
-1680.0,-360.0,
-1640.0,-360.0,
-1600.0,-360.0,
-1560.0,-360.0,
-1520.0,-360.0,
-1480.0,-360.0,
-1440.0,-360.0,368.503811
-1400.0,-360.0,353.373778
-1360.0,-360.0,338.577193
-1320.0,-360.0,324.115047
-1280.0,-360.0,309.987774
-1240.0,-360.0,296.196848
-1200.0,-360.0,282.742504
-1160.0,-360.0,269.624668
-1120.0,-360.0,256.844045
-1080.0,-360.0,244.400488
-1040.0,-360.0,232.293786
-1000.0,-360.0,220.523667
-960.0,-360.0,209.089788
-920.0,-360.0,197.991736
-880.0,-360.0,187.228559
-840.0,-360.0,176.79996
-800.0,-360.0,166.705325
-760.0,-360.0,156.943592
-720.0,-360.0,147.514283
-680.0,-360.0,138.416679
-640.0,-360.0,129.649709
-600.0,-360.0,121.212856
-560.0,-360.0,113.105427
-520.0,-360.0,105.326756
-480.0,-360.0,97.876264
-440.0,-360.0,90.753475
-400.0,-360.0,83.95791
-360.0,-360.0,77.489389
-320.0,-360.0,71.347885
-280.0,-360.0,65.533327
-240.0,-360.0,60.046113
-200.0,-360.0,54.886605
-160.0,-360.0,50.055615
-120.0,-360.0,45.553994
-80.0,-360.0,41.382824
-40.0,-360.0,37.543361
0.0,-360.0,34.036802
40.0,-360.0,30.864506
80.0,-360.0,28.032193
120.0,-360.0,25.553764
160.0,-360.0,23.450351
200.0,-360.0,21.748838
240.0,-360.0,20.480518
280.0,-360.0,19.679824
320.0,-360.0,19.383865
360.0,-360.0,19.632474
400.0,-360.0,20.468876
440.0,-360.0,21.940599
480.0,-360.0,23.99912
520.0,-360.0,26.397918
560.0,-360.0,29.128504
600.0,-360.0,32.194262
640.0,-360.0,35.595877
680.0,-360.0,39.332192
720.0,-360.0,43.400939
760.0,-360.0,47.799293
800.0,-360.0,52.524237
840.0,-360.0,57.572458
880.0,-360.0,62.940908
920.0,-360.0,68.627184
960.0,-360.0,74.62765
1000.0,-360.0,80.940644
1040.0,-360.0,87.562898
1080.0,-360.0,94.492169
1120.0,-360.0,101.726209
1160.0,-360.0,109.262411
1200.0,-360.0,117.097839
1240.0,-360.0,125.230056
1280.0,-360.0,133.656459
1320.0,-360.0,142.374183
1360.0,-360.0,151.380142
1400.0,-360.0,160.670626
1440.0,-360.0,170.242771
1480.0,-360.0,180.093185
1520.0,-360.0,190.218121
1560.0,-360.0,200.611953
1600.0,-360.0,211.272497
1640.0,-360.0,222.193152
1680.0,-360.0,233.37097
1720.0,-360.0,244.798225
1760.0,-360.0,256.471649
-1760.0,-320.0,
-1720.0,-320.0,
-1680.0,-320.0,
-1640.0,-320.0,
-1600.0,-320.0,
-1560.0,-320.0,
-1520.0,-320.0,
-1480.0,-320.0,
-1440.0,-320.0,414.298346
-1400.0,-320.0,397.072622
-1360.0,-320.0,380.230324
-1320.0,-320.0,363.77296
-1280.0,-320.0,347.701821
-1240.0,-320.0,332.017963
-1200.0,-320.0,316.722124
-1160.0,-320.0,301.813533
-1120.0,-320.0,287.293804
-1080.0,-320.0,273.161264
-1040.0,-320.0,259.416598
-1000.0,-320.0,246.059047
-960.0,-320.0,233.08777
-920.0,-320.0,220.50188
-880.0,-320.0,208.300448
-840.0,-320.0,196.482492
-800.0,-320.0,185.04698
-760.0,-320.0,173.992712
-720.0,-320.0,163.318106
-680.0,-320.0,153.022473
-640.0,-320.0,143.104059
-600.0,-320.0,133.561937
-560.0,-320.0,124.394905
-520.0,-320.0,115.601769
-480.0,-320.0,107.181455
-440.0,-320.0,99.133024
-400.0,-320.0,91.455681
-360.0,-320.0,84.148801
-320.0,-320.0,77.211945
-280.0,-320.0,70.644781
-240.0,-320.0,64.447405
-200.0,-320.0,58.620122
-160.0,-320.0,53.163616
-120.0,-320.0,48.078816
-80.0,-320.0,43.367149
-40.0,-320.0,39.030251
0.0,-320.0,35.069959
40.0,-320.0,31.488501
80.0,-320.0,28.293188
120.0,-320.0,25.500523
160.0,-320.0,23.134904
200.0,-320.0,21.226533
240.0,-320.0,19.809721
280.0,-320.0,18.921539
320.0,-320.0,18.600775
360.0,-320.0,18.88844
400.0,-320.0,19.828359
440.0,-320.0,21.468679
480.0,-320.0,23.757758
520.0,-320.0,26.438916
560.0,-320.0,29.503042
600.0,-320.0,32.952181
640.0,-320.0,36.785029
680.0,-320.0,40.998239
720.0,-320.0,45.587289
760.0,-320.0,50.547946
800.0,-320.0,55.875655
840.0,-320.0,61.565821
880.0,-320.0,67.614971
920.0,-320.0,74.019071
960.0,-320.0,80.774682
1000.0,-320.0,87.878839
1040.0,-320.0,95.328274
1080.0,-320.0,103.11974
1120.0,-320.0,111.249946
1160.0,-320.0,119.716002
1200.0,-320.0,128.514354
1240.0,-320.0,137.641605
1280.0,-320.0,147.094359
1320.0,-320.0,156.869042
1360.0,-320.0,166.961481
1400.0,-320.0,177.366514
1440.0,-320.0,188.081399
1480.0,-320.0,199.098827
1520.0,-320.0,210.416068
1560.0,-320.0,222.025715
1600.0,-320.0,233.922518
1640.0,-320.0,246.100629
1680.0,-320.0,258.553075
1720.0,-320.0,271.272487
1760.0,-320.0,284.250961
-1760.0,-280.0,
-1720.0,-280.0,
-1680.0,-280.0,
-1640.0,-280.0,
-1600.0,-280.0,
-1560.0,-280.0,
-1520.0,-280.0,
-1480.0,-280.0,
-1440.0,-280.0,475.117018
-1400.0,-280.0,455.077217
-1360.0,-280.0,435.4907
-1320.0,-280.0,416.361531
-1280.0,-280.0,397.689446
-1240.0,-280.0,379.476204
-1200.0,-280.0,361.722386
-1160.0,-280.0,344.428037
-1120.0,-280.0,327.593003
-1080.0,-280.0,311.21692
-1040.0,-280.0,295.298139
-1000.0,-280.0,279.836674
-960.0,-280.0,264.83052
-920.0,-280.0,250.278784
-880.0,-280.0,236.179331
-840.0,-280.0,222.530422
-800.0,-280.0,209.33035
-760.0,-280.0,196.57711
-720.0,-280.0,184.268389
-680.0,-280.0,172.402319
-640.0,-280.0,160.976987
-600.0,-280.0,149.989842
-560.0,-280.0,139.439327
-520.0,-280.0,129.323115
-480.0,-280.0,119.639472
-440.0,-280.0,110.386684
-400.0,-280.0,101.563142
-360.0,-280.0,93.167462
-320.0,-280.0,85.198511
-280.0,-280.0,77.655349
-240.0,-280.0,70.537537
-200.0,-280.0,63.844986
-160.0,-280.0,57.577977
-120.0,-280.0,51.737451
-80.0,-280.0,46.324873
-40.0,-280.0,41.34226
0.0,-280.0,36.792125
40.0,-280.0,32.677818
80.0,-280.0,29.008737
120.0,-280.0,25.804905
160.0,-280.0,23.09509
200.0,-280.0,20.914147
240.0,-280.0,19.30056
280.0,-280.0,18.295204
320.0,-280.0,17.939569
360.0,-280.0,18.276282
400.0,-280.0,19.349671
440.0,-280.0,21.208079
480.0,-280.0,23.795967
520.0,-280.0,26.845736
560.0,-280.0,30.346226
600.0,-280.0,34.29636
640.0,-280.0,38.691212
680.0,-280.0,43.523785
720.0,-280.0,48.787033
760.0,-280.0,54.474156
800.0,-280.0,60.57883
840.0,-280.0,67.095221
880.0,-280.0,74.018607
920.0,-280.0,81.344252
960.0,-280.0,89.067742
1000.0,-280.0,97.184887
1040.0,-280.0,105.691638
1080.0,-280.0,114.584013
1120.0,-280.0,123.858046
1160.0,-280.0,133.509738
1200.0,-280.0,143.534339
1240.0,-280.0,153.926896
1280.0,-280.0,164.683558
1320.0,-280.0,175.797583
1360.0,-280.0,187.264558
1400.0,-280.0,199.078658
1440.0,-280.0,211.231948
1480.0,-280.0,223.718651
1520.0,-280.0,236.531438
1560.0,-280.0,249.662356
1600.0,-280.0,263.103006
1640.0,-280.0,276.844538
1680.0,-280.0,290.877647
1720.0,-280.0,305.190492
1760.0,-280.0,319.77379
-1760.0,-240.0,
-1720.0,-240.0,
-1680.0,-240.0,
-1640.0,-240.0,
-1600.0,-240.0,
-1560.0,-240.0,
-1520.0,-240.0,
-1480.0,-240.0,
-1440.0,-240.0,559.913918
-1400.0,-240.0,535.861564
-1360.0,-240.0,512.372165
-1320.0,-240.0,489.448466
-1280.0,-240.0,467.09172
-1240.0,-240.0,445.302817
-1200.0,-240.0,424.081663
-1160.0,-240.0,403.427508
-1120.0,-240.0,383.3402
-1080.0,-240.0,363.818024
-1040.0,-240.0,344.858564
-1000.0,-240.0,326.460245
-960.0,-240.0,308.62049
-920.0,-240.0,291.33583
-880.0,-240.0,274.603944
-840.0,-240.0,258.421376
-800.0,-240.0,242.78457
-760.0,-240.0,227.689843
-720.0,-240.0,213.133815
-680.0,-240.0,199.112709
-640.0,-240.0,185.622828
-600.0,-240.0,172.660548
-560.0,-240.0,160.221898
-520.0,-240.0,148.303784
-480.0,-240.0,136.902479
-440.0,-240.0,126.014966
-400.0,-240.0,115.638107
-360.0,-240.0,105.769085
-320.0,-240.0,96.405435
-280.0,-240.0,87.545085
-240.0,-240.0,79.186418
-200.0,-240.0,71.32834
-160.0,-240.0,63.970257
-120.0,-240.0,57.112592
-80.0,-240.0,50.756435
-40.0,-240.0,44.903925
0.0,-240.0,39.558194
40.0,-240.0,34.723769
80.0,-240.0,30.412808
120.0,-240.0,26.650023
160.0,-240.0,23.470079
200.0,-240.0,20.914316
240.0,-240.0,19.027652
280.0,-240.0,17.85689
320.0,-240.0,17.448489
360.0,-240.0,17.848076
400.0,-240.0,19.100805
440.0,-240.0,21.254032
480.0,-240.0,24.246902
520.0,-240.0,27.799143
560.0,-240.0,31.894156
600.0,-240.0,36.524658
640.0,-240.0,41.679065
680.0,-240.0,47.345577
720.0,-240.0,53.512732
760.0,-240.0,60.171166
800.0,-240.0,67.312383
840.0,-240.0,74.929008
880.0,-240.0,83.014539
920.0,-240.0,91.563104
960.0,-240.0,100.569271
1000.0,-240.0,110.02789
1040.0,-240.0,119.933122
1080.0,-240.0,130.279699
1120.0,-240.0,141.062254
1160.0,-240.0,152.274662
1200.0,-240.0,163.910192
1240.0,-240.0,175.962923
1280.0,-240.0,188.42545
1320.0,-240.0,201.289904
1360.0,-240.0,214.547931
1400.0,-240.0,228.190682
1440.0,-240.0,242.208803
1480.0,-240.0,256.592428
1520.0,-240.0,271.330207
1560.0,-240.0,286.409431
1600.0,-240.0,301.82018
1640.0,-240.0,317.545321
1680.0,-240.0,333.573977
1720.0,-240.0,349.890027
1760.0,-240.0,366.475409
-1760.0,-200.0,
-1720.0,-200.0,
-1680.0,-200.0,
-1640.0,-200.0,
-1600.0,-200.0,
-1560.0,-200.0,
-1520.0,-200.0,
-1480.0,-200.0,718.143091
-1440.0,-200.0,687.058109
-1400.0,-200.0,656.727083
-1360.0,-200.0,627.153315
-1320.0,-200.0,598.337708
-1280.0,-200.0,570.280033
-1240.0,-200.0,542.979629
-1200.0,-200.0,516.433861
-1160.0,-200.0,490.640834
-1120.0,-200.0,465.595909
-1080.0,-200.0,441.295828
-1040.0,-200.0,417.735736
-1000.0,-200.0,394.909699
-960.0,-200.0,372.812528
-920.0,-200.0,351.437883
-880.0,-200.0,330.779508
-840.0,-200.0,310.830388
-800.0,-200.0,291.583585
-760.0,-200.0,273.032201
-720.0,-200.0,255.169298
-680.0,-200.0,237.986936
-640.0,-200.0,221.478644
-600.0,-200.0,205.637096
-560.0,-200.0,190.455217
-520.0,-200.0,175.926207
-480.0,-200.0,162.043531
-440.0,-200.0,148.800696
-400.0,-200.0,136.191745
-360.0,-200.0,124.210898
-320.0,-200.0,112.853032
-280.0,-200.0,102.11339
-240.0,-200.0,91.987869
-200.0,-200.0,82.473112
-160.0,-200.0,73.566546
-120.0,-200.0,65.266855
-80.0,-200.0,57.573819
-40.0,-200.0,50.488885
0.0,-200.0,44.015139
40.0,-200.0,38.158107
80.0,-200.0,32.933246
120.0,-200.0,28.371483
160.0,-200.0,24.51552
200.0,-200.0,21.415907
240.0,-200.0,19.127701
280.0,-200.0,17.708097
320.0,-200.0,17.213255
360.0,-200.0,17.695641
400.0,-200.0,19.202587
440.0,-200.0,21.778597
480.0,-200.0,25.353568
520.0,-200.0,29.629427
560.0,-200.0,34.577969
600.0,-200.0,40.178408
640.0,-200.0,46.409296
680.0,-200.0,53.25105
720.0,-200.0,60.687404
760.0,-200.0,68.705125
800.0,-200.0,77.293348
840.0,-200.0,86.442934
880.0,-200.0,96.144965
920.0,-200.0,106.3923
960.0,-200.0,117.177025
1000.0,-200.0,128.492357
1040.0,-200.0,140.329829
1080.0,-200.0,152.681581
1120.0,-200.0,165.539453
1160.0,-200.0,178.894402
1200.0,-200.0,192.736561
1240.0,-200.0,207.054632
1280.0,-200.0,221.838634
1320.0,-200.0,237.076147
1360.0,-200.0,252.752989
1400.0,-200.0,268.856025
1440.0,-200.0,285.370505
1480.0,-200.0,302.278122
1520.0,-200.0,319.562501
1560.0,-200.0,337.205063
1600.0,-200.0,355.185716
1640.0,-200.0,373.483262
1680.0,-200.0,392.073016
1720.0,-200.0,410.932136
1760.0,-200.0,430.036461
-1760.0,-160.0,
-1720.0,-160.0,
-1680.0,-160.0,
-1640.0,-160.0,
-1600.0,-160.0,
-1560.0,-160.0,
-1520.0,-160.0,
-1480.0,-160.0,945.468788
-1440.0,-160.0,902.330833
-1400.0,-160.0,860.412037
-1360.0,-160.0,819.70189
-1320.0,-160.0,780.19041
-1280.0,-160.0,741.866976
-1240.0,-160.0,704.717954
-1200.0,-160.0,668.730133
-1160.0,-160.0,633.889055
-1120.0,-160.0,600.181514
-1080.0,-160.0,567.590498
-1040.0,-160.0,536.101253
-1000.0,-160.0,505.697495
-960.0,-160.0,476.361662
-920.0,-160.0,448.078349
-880.0,-160.0,420.82945
-840.0,-160.0,394.598354
-800.0,-160.0,369.367599
-760.0,-160.0,345.12095
-720.0,-160.0,321.840785
-680.0,-160.0,299.510893
-640.0,-160.0,278.114734
-600.0,-160.0,257.636362
-560.0,-160.0,238.059733
-520.0,-160.0,219.37017
-480.0,-160.0,201.55263
-440.0,-160.0,184.593168
-400.0,-160.0,168.478225
-360.0,-160.0,153.195268
-320.0,-160.0,138.732325
-280.0,-160.0,125.078344
-240.0,-160.0,112.223159
-200.0,-160.0,100.157924
-160.0,-160.0,88.87497
-120.0,-160.0,78.368311
-80.0,-160.0,68.633771
-40.0,-160.0,59.669617
0.0,-160.0,51.47692
40.0,-160.0,44.060857
80.0,-160.0,37.440173
120.0,-160.0,31.653462
160.0,-160.0,26.754193
200.0,-160.0,22.806462
240.0,-160.0,19.882005
280.0,-160.0,18.057221
320.0,-160.0,17.408082
360.0,-160.0,18.003454
400.0,-160.0,19.897882
440.0,-160.0,23.130245
480.0,-160.0,27.6102
520.0,-160.0,33.009071
560.0,-160.0,39.270073
600.0,-160.0,46.348676
640.0,-160.0,54.206731
680.0,-160.0,62.814966
720.0,-160.0,72.15042
760.0,-160.0,82.196692
800.0,-160.0,92.938486
840.0,-160.0,104.364235
880.0,-160.0,116.462268
920.0,-160.0,129.221323
960.0,-160.0,142.630177
1000.0,-160.0,156.677404
1040.0,-160.0,171.34957
1080.0,-160.0,186.634303
1120.0,-160.0,202.516475
1160.0,-160.0,218.981523
1200.0,-160.0,236.0119
1240.0,-160.0,253.588638
1280.0,-160.0,271.692901
1320.0,-160.0,290.301942
1360.0,-160.0,309.39345
1400.0,-160.0,328.943358
1440.0,-160.0,348.92316
1480.0,-160.0,369.30521
1520.0,-160.0,390.056834
1560.0,-160.0,411.147038
1600.0,-160.0,432.53971
1640.0,-160.0,454.196659
1680.0,-160.0,476.077612
1720.0,-160.0,498.140211
1760.0,-160.0,520.340016
-1760.0,-120.0,
-1720.0,-120.0,
-1680.0,-120.0,
-1640.0,-120.0,
-1600.0,-120.0,
-1560.0,-120.0,
-1520.0,-120.0,
-1480.0,-120.0,1445.507306
-1440.0,-120.0,1369.621514
-1400.0,-120.0,1296.981478
-1360.0,-120.0,1227.42845
-1320.0,-120.0,1160.820938
-1280.0,-120.0,1097.029076
-1240.0,-120.0,1035.932118
-1200.0,-120.0,977.417975
-1160.0,-120.0,921.38496
-1120.0,-120.0,867.734877
-1080.0,-120.0,816.378258
-1040.0,-120.0,767.228357
-1000.0,-120.0,720.205835
-960.0,-120.0,675.232533
-920.0,-120.0,632.237562
-880.0,-120.0,591.151237
-840.0,-120.0,551.908067
-800.0,-120.0,514.444865
-760.0,-120.0,478.70191
-720.0,-120.0,444.621866
-680.0,-120.0,412.150998
-640.0,-120.0,381.236706
-600.0,-120.0,351.829472
-560.0,-120.0,323.882628
-520.0,-120.0,297.350602
-480.0,-120.0,272.191482
-440.0,-120.0,248.36479
-400.0,-120.0,225.832768
-360.0,-120.0,204.559675
-320.0,-120.0,184.512286
-280.0,-120.0,165.659581
-240.0,-120.0,147.972842
-200.0,-120.0,131.426103
-160.0,-120.0,115.995856
-120.0,-120.0,101.661559
-80.0,-120.0,88.406006
-40.0,-120.0,76.216045
0.0,-120.0,65.083457
40.0,-120.0,55.007238
80.0,-120.0,46.006315
120.0,-120.0,38.126685
160.0,-120.0,31.435217
200.0,-120.0,26.01655
240.0,-120.0,21.971215
280.0,-120.0,19.41208
320.0,-120.0,18.456816
360.0,-120.0,19.214096
400.0,-120.0,21.764016
440.0,-120.0,26.136617
480.0,-120.0,32.192931
520.0,-120.0,39.530151
560.0,-120.0,48.023639
600.0,-120.0,57.585444
640.0,-120.0,68.15382
680.0,-120.0,79.687052
720.0,-120.0,92.155485
760.0,-120.0,105.535939
800.0,-120.0,119.808974
840.0,-120.0,134.954366
880.0,-120.0,150.954511
920.0,-120.0,167.789315
960.0,-120.0,185.437627
1000.0,-120.0,203.876988
1040.0,-120.0,223.08347
1080.0,-120.0,243.030346
1120.0,-120.0,263.687505
1160.0,-120.0,285.023887
1200.0,-120.0,307.005291
1240.0,-120.0,329.5936
1280.0,-120.0,352.747977
1320.0,-120.0,376.424849
1360.0,-120.0,400.577894
1400.0,-120.0,425.151498
1440.0,-120.0,450.096823
1480.0,-120.0,475.349795
1520.0,-120.0,500.850098
1560.0,-120.0,526.530755
1600.0,-120.0,552.320045
1640.0,-120.0,578.142422
1680.0,-120.0,603.917417
1720.0,-120.0,629.555801
1760.0,-120.0,654.974605
-1760.0,-80.0,
-1720.0,-80.0,
-1680.0,-80.0,
-1640.0,-80.0,
-1600.0,-80.0,
-1560.0,-80.0,
-1520.0,-80.0,
-1480.0,-80.0,4234.702526
-1440.0,-80.0,3773.779545
-1400.0,-80.0,3384.696795
-1360.0,-80.0,3052.186374
-1320.0,-80.0,2765.080465
-1280.0,-80.0,2515.006874
-1240.0,-80.0,2295.556966
-1200.0,-80.0,2101.21629
-1160.0,-80.0,1926.639461
-1120.0,-80.0,1768.854195
-1080.0,-80.0,1625.553002
-1040.0,-80.0,1494.85931
-1000.0,-80.0,1375.227248
-960.0,-80.0,1265.376172
-920.0,-80.0,1164.230531
-880.0,-80.0,1070.880875
-840.0,-80.0,984.55203
-800.0,-80.0,904.579226
-760.0,-80.0,830.386792
-720.0,-80.0,761.472968
-680.0,-80.0,697.399904
-640.0,-80.0,637.781094
-600.0,-80.0,582.27381
-560.0,-80.0,530.574351
-520.0,-80.0,482.411813
-480.0,-80.0,437.54294
-440.0,-80.0,395.749932
-400.0,-80.0,356.836547
-360.0,-80.0,320.626232
-320.0,-80.0,286.959577
-280.0,-80.0,255.693102
-240.0,-80.0,226.697661
-200.0,-80.0,199.857106
-160.0,-80.0,175.067617
-120.0,-80.0,152.236764
-80.0,-80.0,131.283556
-40.0,-80.0,112.138386
0.0,-80.0,94.744119
40.0,-80.0,79.060049
80.0,-80.0,65.080415
120.0,-80.0,52.842781
160.0,-80.0,42.422489
200.0,-80.0,33.932874
240.0,-80.0,27.524381
280.0,-80.0,23.380632
320.0,-80.0,21.708643
360.0,-80.0,22.718444
400.0,-80.0,26.578027
440.0,-80.0,33.327722
480.0,-80.0,42.682596
520.0,-80.0,54.001348
560.0,-80.0,66.985355
600.0,-80.0,81.472622
640.0,-80.0,97.372956
680.0,-80.0,114.62903
720.0,-80.0,133.197355
760.0,-80.0,153.036463
800.0,-80.0,174.108806
840.0,-80.0,196.372681
880.0,-80.0,219.783649
920.0,-80.0,244.293494
960.0,-80.0,269.846538
1000.0,-80.0,296.38619
1040.0,-80.0,323.847093
1080.0,-80.0,352.157781
1120.0,-80.0,381.24119
1160.0,-80.0,411.014085
1200.0,-80.0,441.38032
1240.0,-80.0,472.244997
1280.0,-80.0,503.49957
1320.0,-80.0,535.027546
1360.0,-80.0,566.705009
1400.0,-80.0,598.400616
1440.0,-80.0,629.97129
1480.0,-80.0,661.265237
1520.0,-80.0,692.121098
1560.0,-80.0,722.370073
1600.0,-80.0,751.829827
1640.0,-80.0,780.308791
1680.0,-80.0,807.606156
1720.0,-80.0,834.650705
1760.0,-80.0,862.39335
-1760.0,-40.0,
-1720.0,-40.0,
-1680.0,-40.0,
-1640.0,-40.0,
-1600.0,-40.0,
-1560.0,-40.0,
-1520.0,-40.0,
-1480.0,-40.0,
-1440.0,-40.0,
-1400.0,-40.0,
-1360.0,-40.0,
-1320.0,-40.0,
-1280.0,-40.0,
-1240.0,-40.0,
-1200.0,-40.0,
-1160.0,-40.0,
-1120.0,-40.0,436682.717072
-1080.0,-40.0,687589.921965
-1040.0,-40.0,47964.860371
-1000.0,-40.0,40786.364337
-960.0,-40.0,36866.998912
-920.0,-40.0,34846.49246
-880.0,-40.0,34312.699435
-840.0,-40.0,35457.978662
-800.0,-40.0,39561.637586
-760.0,-40.0,52876.238986
-720.0,-40.0,214467.763843
-680.0,-40.0,9102.519708
-640.0,-40.0,4795.572791
-600.0,-40.0,3334.828509
-560.0,-40.0,2526.406437
-520.0,-40.0,1999.001273
-480.0,-40.0,1623.521256
-440.0,-40.0,1341.104233
-400.0,-40.0,1120.488052
-360.0,-40.0,943.324788
-320.0,-40.0,798.05365
-280.0,-40.0,676.990335
-240.0,-40.0,574.809779
-200.0,-40.0,487.696937
-160.0,-40.0,412.843808
-120.0,-40.0,348.137655
-80.0,-40.0,291.960307
-40.0,-40.0,243.055779
0.0,-40.0,200.440637
40.0,-40.0,163.349909
80.0,-40.0,131.22827
120.0,-40.0,103.717692
160.0,-40.0,80.637129
200.0,-40.0,61.967399
240.0,-40.0,47.835805
280.0,-40.0,38.501369
320.0,-40.0,34.33811
360.0,-40.0,35.809102
400.0,-40.0,43.401708
440.0,-40.0,57.384633
480.0,-40.0,76.897058
520.0,-40.0,100.041609
560.0,-40.0,126.013197
600.0,-40.0,154.54233
640.0,-40.0,185.471705
680.0,-40.0,218.664254
720.0,-40.0,253.979803
760.0,-40.0,291.261098
800.0,-40.0,330.341452
840.0,-40.0,371.03141
880.0,-40.0,413.120963
920.0,-40.0,456.378862
960.0,-40.0,500.550474
1000.0,-40.0,545.359822
1040.0,-40.0,590.50228
1080.0,-40.0,635.648937
1120.0,-40.0,680.446521
1160.0,-40.0,724.649869
1200.0,-40.0,769.271225
1240.0,-40.0,813.842216
1280.0,-40.0,857.268018
1320.0,-40.0,902.080634
1360.0,-40.0,948.609585
1400.0,-40.0,996.639743
1440.0,-40.0,1046.002431
1480.0,-40.0,1096.563524
1520.0,-40.0,1148.215036
1560.0,-40.0,1200.869045
1600.0,-40.0,
1640.0,-40.0,
1680.0,-40.0,
1720.0,-40.0,
1760.0,-40.0,
-1760.0,40.0,
-1720.0,40.0,
-1680.0,40.0,
-1640.0,40.0,
-1600.0,40.0,
-1560.0,40.0,
-1520.0,40.0,
-1480.0,40.0,
-1440.0,40.0,
-1400.0,40.0,
-1360.0,40.0,
-1320.0,40.0,
-1280.0,40.0,
-1240.0,40.0,
-1200.0,40.0,
-1160.0,40.0,
-1120.0,40.0,436682.717074
-1080.0,40.0,687589.922039
-1040.0,40.0,47964.860371
-1000.0,40.0,40786.364337
-960.0,40.0,36866.998912
-920.0,40.0,34846.49246
-880.0,40.0,34312.699435
-840.0,40.0,35457.978663
-800.0,40.0,39561.637585
-760.0,40.0,52876.238989
-720.0,40.0,214467.763838
-680.0,40.0,9102.519708
-640.0,40.0,4795.572791
-600.0,40.0,3334.828509
-560.0,40.0,2526.406437
-520.0,40.0,1999.001273
-480.0,40.0,1623.521256
-440.0,40.0,1341.104233
-400.0,40.0,1120.488052
-360.0,40.0,943.324788
-320.0,40.0,798.05365
-280.0,40.0,676.990335
-240.0,40.0,574.809779
-200.0,40.0,487.696937
-160.0,40.0,412.843808
-120.0,40.0,348.137655
-80.0,40.0,291.960307
-40.0,40.0,243.055779
0.0,40.0,200.440637
40.0,40.0,163.349909
80.0,40.0,131.22827
120.0,40.0,103.717692
160.0,40.0,80.637129
200.0,40.0,61.967399
240.0,40.0,47.835805
280.0,40.0,38.501369
320.0,40.0,34.33811
360.0,40.0,35.809102
400.0,40.0,43.401708
440.0,40.0,57.384633
480.0,40.0,76.897058
520.0,40.0,100.041609
560.0,40.0,126.013197
600.0,40.0,154.54233
640.0,40.0,185.471705
680.0,40.0,218.664254
720.0,40.0,253.979803
760.0,40.0,291.261098
800.0,40.0,330.341452
840.0,40.0,371.03141
880.0,40.0,413.120963
920.0,40.0,456.378862
960.0,40.0,500.550474
1000.0,40.0,545.359822
1040.0,40.0,590.50228
1080.0,40.0,635.648937
1120.0,40.0,680.446521
1160.0,40.0,724.649869
1200.0,40.0,769.271225
1240.0,40.0,813.842216
1280.0,40.0,857.268018
1320.0,40.0,902.080634
1360.0,40.0,948.609585
1400.0,40.0,996.639743
1440.0,40.0,1046.002431
1480.0,40.0,1096.563524
1520.0,40.0,1148.215036
1560.0,40.0,1200.869045
1600.0,40.0,
1640.0,40.0,
1680.0,40.0,
1720.0,40.0,
1760.0,40.0,
-1760.0,80.0,
-1720.0,80.0,
-1680.0,80.0,
-1640.0,80.0,
-1600.0,80.0,
-1560.0,80.0,
-1520.0,80.0,
-1480.0,80.0,4234.702526
-1440.0,80.0,3773.779545
-1400.0,80.0,3384.696795
-1360.0,80.0,3052.186374
-1320.0,80.0,2765.080465
-1280.0,80.0,2515.006874
-1240.0,80.0,2295.556966
-1200.0,80.0,2101.21629
-1160.0,80.0,1926.639461
-1120.0,80.0,1768.854195
-1080.0,80.0,1625.553002
-1040.0,80.0,1494.85931
-1000.0,80.0,1375.227248
-960.0,80.0,1265.376172
-920.0,80.0,1164.230531
-880.0,80.0,1070.880875
-840.0,80.0,984.55203
-800.0,80.0,904.579226
-760.0,80.0,830.386792
-720.0,80.0,761.472968
-680.0,80.0,697.399904
-640.0,80.0,637.781094
-600.0,80.0,582.27381
-560.0,80.0,530.574351
-520.0,80.0,482.411813
-480.0,80.0,437.54294
-440.0,80.0,395.749932
-400.0,80.0,356.836547
-360.0,80.0,320.626232
-320.0,80.0,286.959577
-280.0,80.0,255.693102
-240.0,80.0,226.697661
-200.0,80.0,199.857106
-160.0,80.0,175.067617
-120.0,80.0,152.236764
-80.0,80.0,131.283556
-40.0,80.0,112.138386
0.0,80.0,94.744119
40.0,80.0,79.060049
80.0,80.0,65.080415
120.0,80.0,52.842781
160.0,80.0,42.422489
200.0,80.0,33.932874
240.0,80.0,27.524381
280.0,80.0,23.380632
320.0,80.0,21.708643
360.0,80.0,22.718444
400.0,80.0,26.578027
440.0,80.0,33.327722
480.0,80.0,42.682596
520.0,80.0,54.001348
560.0,80.0,66.985355
600.0,80.0,81.472622
640.0,80.0,97.372956
680.0,80.0,114.62903
720.0,80.0,133.197355
760.0,80.0,153.036463
800.0,80.0,174.108806
840.0,80.0,196.372681
880.0,80.0,219.783649
920.0,80.0,244.293494
960.0,80.0,269.846538
1000.0,80.0,296.38619
1040.0,80.0,323.847093
1080.0,80.0,352.157781
1120.0,80.0,381.24119
1160.0,80.0,411.014085
1200.0,80.0,441.38032
1240.0,80.0,472.244997
1280.0,80.0,503.49957
1320.0,80.0,535.027546
1360.0,80.0,566.705009
1400.0,80.0,598.400616
1440.0,80.0,629.97129
1480.0,80.0,661.265237
1520.0,80.0,692.121098
1560.0,80.0,722.370073
1600.0,80.0,751.829827
1640.0,80.0,780.308791
1680.0,80.0,807.606156
1720.0,80.0,834.650705
1760.0,80.0,862.39335
-1760.0,120.0,
-1720.0,120.0,
-1680.0,120.0,
-1640.0,120.0,
-1600.0,120.0,
-1560.0,120.0,
-1520.0,120.0,
-1480.0,120.0,1445.507306
-1440.0,120.0,1369.621514
-1400.0,120.0,1296.981478
-1360.0,120.0,1227.42845
-1320.0,120.0,1160.820938
-1280.0,120.0,1097.029076
-1240.0,120.0,1035.932118
-1200.0,120.0,977.417975
-1160.0,120.0,921.38496
-1120.0,120.0,867.734877
-1080.0,120.0,816.378258
-1040.0,120.0,767.228357
-1000.0,120.0,720.205835
-960.0,120.0,675.232533
-920.0,120.0,632.237562
-880.0,120.0,591.151237
-840.0,120.0,551.908067
-800.0,120.0,514.444865
-760.0,120.0,478.70191
-720.0,120.0,444.621866
-680.0,120.0,412.150998
-640.0,120.0,381.236706
-600.0,120.0,351.829472
-560.0,120.0,323.882628
-520.0,120.0,297.350602
-480.0,120.0,272.191482
-440.0,120.0,248.36479
-400.0,120.0,225.832768
-360.0,120.0,204.559675
-320.0,120.0,184.512286
-280.0,120.0,165.659581
-240.0,120.0,147.972842
-200.0,120.0,131.426103
-160.0,120.0,115.995856
-120.0,120.0,101.661559
-80.0,120.0,88.406006
-40.0,120.0,76.216045
0.0,120.0,65.083457
40.0,120.0,55.007238
80.0,120.0,46.006315
120.0,120.0,38.126685
160.0,120.0,31.435217
200.0,120.0,26.01655
240.0,120.0,21.971215
280.0,120.0,19.41208
320.0,120.0,18.456816
360.0,120.0,19.214096
400.0,120.0,21.764016
440.0,120.0,26.136617
480.0,120.0,32.192931
520.0,120.0,39.530151
560.0,120.0,48.023639
600.0,120.0,57.585444
640.0,120.0,68.15382
680.0,120.0,79.687052
720.0,120.0,92.155485
760.0,120.0,105.535939
800.0,120.0,119.808974
840.0,120.0,134.954366
880.0,120.0,150.954511
920.0,120.0,167.789315
960.0,120.0,185.437627
1000.0,120.0,203.876988
1040.0,120.0,223.08347
1080.0,120.0,243.030346
1120.0,120.0,263.687505
1160.0,120.0,285.023887
1200.0,120.0,307.005291
1240.0,120.0,329.5936
1280.0,120.0,352.747977
1320.0,120.0,376.424849
1360.0,120.0,400.577894
1400.0,120.0,425.151498
1440.0,120.0,450.096823
1480.0,120.0,475.349795
1520.0,120.0,500.850098
1560.0,120.0,526.530755
1600.0,120.0,552.320045
1640.0,120.0,578.142422
1680.0,120.0,603.917417
1720.0,120.0,629.555801
1760.0,120.0,654.974605
-1760.0,160.0,
-1720.0,160.0,
-1680.0,160.0,
-1640.0,160.0,
-1600.0,160.0,
-1560.0,160.0,
-1520.0,160.0,
-1480.0,160.0,945.468788
-1440.0,160.0,902.330833
-1400.0,160.0,860.412037
-1360.0,160.0,819.70189
-1320.0,160.0,780.19041
-1280.0,160.0,741.866976
-1240.0,160.0,704.717954
-1200.0,160.0,668.730133
-1160.0,160.0,633.889055
-1120.0,160.0,600.181514
-1080.0,160.0,567.590498
-1040.0,160.0,536.101253
-1000.0,160.0,505.697495
-960.0,160.0,476.361662
-920.0,160.0,448.078349
-880.0,160.0,420.82945
-840.0,160.0,394.598354
-800.0,160.0,369.367599
-760.0,160.0,345.12095
-720.0,160.0,321.840785
-680.0,160.0,299.510893
-640.0,160.0,278.114734
-600.0,160.0,257.636362
-560.0,160.0,238.059733
-520.0,160.0,219.37017
-480.0,160.0,201.55263
-440.0,160.0,184.593168
-400.0,160.0,168.478225
-360.0,160.0,153.195268
-320.0,160.0,138.732325
-280.0,160.0,125.078344
-240.0,160.0,112.223159
-200.0,160.0,100.157924
-160.0,160.0,88.87497
-120.0,160.0,78.368311
-80.0,160.0,68.633771
-40.0,160.0,59.669617
0.0,160.0,51.47692
40.0,160.0,44.060857
80.0,160.0,37.440173
120.0,160.0,31.653462
160.0,160.0,26.754193
200.0,160.0,22.806462
240.0,160.0,19.882005
280.0,160.0,18.057221
320.0,160.0,17.408082
360.0,160.0,18.003454
400.0,160.0,19.897882
440.0,160.0,23.130245
480.0,160.0,27.6102
520.0,160.0,33.009071
560.0,160.0,39.270073
600.0,160.0,46.348676
640.0,160.0,54.206731
680.0,160.0,62.814966
720.0,160.0,72.15042
760.0,160.0,82.196692
800.0,160.0,92.938486
840.0,160.0,104.364235
880.0,160.0,116.462268
920.0,160.0,129.221323
960.0,160.0,142.630177
1000.0,160.0,156.677404
1040.0,160.0,171.34957
1080.0,160.0,186.634303
1120.0,160.0,202.516475
1160.0,160.0,218.981523
1200.0,160.0,236.0119
1240.0,160.0,253.588638
1280.0,160.0,271.692901
1320.0,160.0,290.301942
1360.0,160.0,309.39345
1400.0,160.0,328.943358
1440.0,160.0,348.92316
1480.0,160.0,369.30521
1520.0,160.0,390.056834
1560.0,160.0,411.147038
1600.0,160.0,432.53971
1640.0,160.0,454.196659
1680.0,160.0,476.077612
1720.0,160.0,498.140211
1760.0,160.0,520.340016
-1760.0,200.0,
-1720.0,200.0,
-1680.0,200.0,
-1640.0,200.0,
-1600.0,200.0,
-1560.0,200.0,
-1520.0,200.0,
-1480.0,200.0,718.143091
-1440.0,200.0,687.058109
-1400.0,200.0,656.727083
-1360.0,200.0,627.153315
-1320.0,200.0,598.337708
-1280.0,200.0,570.280033
-1240.0,200.0,542.979629
-1200.0,200.0,516.433861
-1160.0,200.0,490.640834
-1120.0,200.0,465.595909
-1080.0,200.0,441.295828
-1040.0,200.0,417.735736
-1000.0,200.0,394.909699
-960.0,200.0,372.812528
-920.0,200.0,351.437883
-880.0,200.0,330.779508
-840.0,200.0,310.830388
-800.0,200.0,291.583585
-760.0,200.0,273.032201
-720.0,200.0,255.169298
-680.0,200.0,237.986936
-640.0,200.0,221.478644
-600.0,200.0,205.637096
-560.0,200.0,190.455217
-520.0,200.0,175.926207
-480.0,200.0,162.043531
-440.0,200.0,148.800696
-400.0,200.0,136.191745
-360.0,200.0,124.210898
-320.0,200.0,112.853032
-280.0,200.0,102.11339
-240.0,200.0,91.987869
-200.0,200.0,82.473112
-160.0,200.0,73.566546
-120.0,200.0,65.266855
-80.0,200.0,57.573819
-40.0,200.0,50.488885
0.0,200.0,44.015139
40.0,200.0,38.158107
80.0,200.0,32.933246
120.0,200.0,28.371483
160.0,200.0,24.51552
200.0,200.0,21.415907
240.0,200.0,19.127701
280.0,200.0,17.708097
320.0,200.0,17.213255
360.0,200.0,17.695641
400.0,200.0,19.202587
440.0,200.0,21.778597
480.0,200.0,25.353568
520.0,200.0,29.629427
560.0,200.0,34.577969
600.0,200.0,40.178408
640.0,200.0,46.409296
680.0,200.0,53.25105
720.0,200.0,60.687404
760.0,200.0,68.705125
800.0,200.0,77.293348
840.0,200.0,86.442934
880.0,200.0,96.144965
920.0,200.0,106.3923
960.0,200.0,117.177025
1000.0,200.0,128.492357
1040.0,200.0,140.329829
1080.0,200.0,152.681581
1120.0,200.0,165.539453
1160.0,200.0,178.894402
1200.0,200.0,192.736561
1240.0,200.0,207.054632
1280.0,200.0,221.838634
1320.0,200.0,237.076147
1360.0,200.0,252.752989
1400.0,200.0,268.856025
1440.0,200.0,285.370505
1480.0,200.0,302.278122
1520.0,200.0,319.562501
1560.0,200.0,337.205063
1600.0,200.0,355.185716
1640.0,200.0,373.483262
1680.0,200.0,392.073016
1720.0,200.0,410.932136
1760.0,200.0,430.036461
-1760.0,240.0,
-1720.0,240.0,
-1680.0,240.0,
-1640.0,240.0,
-1600.0,240.0,
-1560.0,240.0,
-1520.0,240.0,
-1480.0,240.0,
-1440.0,240.0,559.913918
-1400.0,240.0,535.861564
-1360.0,240.0,512.372165
-1320.0,240.0,489.448466
-1280.0,240.0,467.09172
-1240.0,240.0,445.302817
-1200.0,240.0,424.081663
-1160.0,240.0,403.427508
-1120.0,240.0,383.3402
-1080.0,240.0,363.818024
-1040.0,240.0,344.858564
-1000.0,240.0,326.460245
-960.0,240.0,308.62049
-920.0,240.0,291.33583
-880.0,240.0,274.603944
-840.0,240.0,258.421376
-800.0,240.0,242.78457
-760.0,240.0,227.689843
-720.0,240.0,213.133815
-680.0,240.0,199.112709
-640.0,240.0,185.622828
-600.0,240.0,172.660548
-560.0,240.0,160.221898
-520.0,240.0,148.303784
-480.0,240.0,136.902479
-440.0,240.0,126.014966
-400.0,240.0,115.638107
-360.0,240.0,105.769085
-320.0,240.0,96.405435
-280.0,240.0,87.545085
-240.0,240.0,79.186418
-200.0,240.0,71.32834
-160.0,240.0,63.970257
-120.0,240.0,57.112592
-80.0,240.0,50.756435
-40.0,240.0,44.903925
0.0,240.0,39.558194
40.0,240.0,34.723769
80.0,240.0,30.412808
120.0,240.0,26.650023
160.0,240.0,23.470079
200.0,240.0,20.914316
240.0,240.0,19.027652
280.0,240.0,17.85689
320.0,240.0,17.448489
360.0,240.0,17.848076
400.0,240.0,19.100805
440.0,240.0,21.254032
480.0,240.0,24.246902
520.0,240.0,27.799143
560.0,240.0,31.894156
600.0,240.0,36.524658
640.0,240.0,41.679065
680.0,240.0,47.345577
720.0,240.0,53.512732
760.0,240.0,60.171166
800.0,240.0,67.312383
840.0,240.0,74.929008
880.0,240.0,83.014539
920.0,240.0,91.563104
960.0,240.0,100.569271
1000.0,240.0,110.02789
1040.0,240.0,119.933122
1080.0,240.0,130.279699
1120.0,240.0,141.062254
1160.0,240.0,152.274662
1200.0,240.0,163.910192
1240.0,240.0,175.962923
1280.0,240.0,188.42545
1320.0,240.0,201.289904
1360.0,240.0,214.547931
1400.0,240.0,228.190682
1440.0,240.0,242.208803
1480.0,240.0,256.592428
1520.0,240.0,271.330207
1560.0,240.0,286.409431
1600.0,240.0,301.82018
1640.0,240.0,317.545321
1680.0,240.0,333.573977
1720.0,240.0,349.890027
1760.0,240.0,366.475409
-1760.0,280.0,
-1720.0,280.0,
-1680.0,280.0,
-1640.0,280.0,
-1600.0,280.0,
-1560.0,280.0,
-1520.0,280.0,
-1480.0,280.0,
-1440.0,280.0,475.117018
-1400.0,280.0,455.077217
-1360.0,280.0,435.4907
-1320.0,280.0,416.361531
-1280.0,280.0,397.689446
-1240.0,280.0,379.476204
-1200.0,280.0,361.722386
-1160.0,280.0,344.428037
-1120.0,280.0,327.593003
-1080.0,280.0,311.21692
-1040.0,280.0,295.298139
-1000.0,280.0,279.836674
-960.0,280.0,264.83052
-920.0,280.0,250.278784
-880.0,280.0,236.179331
-840.0,280.0,222.530422
-800.0,280.0,209.33035
-760.0,280.0,196.57711
-720.0,280.0,184.268389
-680.0,280.0,172.402319
-640.0,280.0,160.976987
-600.0,280.0,149.989842
-560.0,280.0,139.439327
-520.0,280.0,129.323115
-480.0,280.0,119.639472
-440.0,280.0,110.386684
-400.0,280.0,101.563142
-360.0,280.0,93.167462
-320.0,280.0,85.198511
-280.0,280.0,77.655349
-240.0,280.0,70.537537
-200.0,280.0,63.844986
-160.0,280.0,57.577977
-120.0,280.0,51.737451
-80.0,280.0,46.324873
-40.0,280.0,41.34226
0.0,280.0,36.792125
40.0,280.0,32.677818
80.0,280.0,29.008737
120.0,280.0,25.804905
160.0,280.0,23.09509
200.0,280.0,20.914147
240.0,280.0,19.30056
280.0,280.0,18.295204
320.0,280.0,17.939569
360.0,280.0,18.276282
400.0,280.0,19.349671
440.0,280.0,21.208079
480.0,280.0,23.795967
520.0,280.0,26.845736
560.0,280.0,30.346226
600.0,280.0,34.29636
640.0,280.0,38.691212
680.0,280.0,43.523785
720.0,280.0,48.787033
760.0,280.0,54.474156
800.0,280.0,60.57883
840.0,280.0,67.095221
880.0,280.0,74.018607
920.0,280.0,81.344252
960.0,280.0,89.067742
1000.0,280.0,97.184887
1040.0,280.0,105.691638
1080.0,280.0,114.584013
1120.0,280.0,123.858046
1160.0,280.0,133.509738
1200.0,280.0,143.534339
1240.0,280.0,153.926896
1280.0,280.0,164.683558
1320.0,280.0,175.797583
1360.0,280.0,187.264558
1400.0,280.0,199.078658
1440.0,280.0,211.231948
1480.0,280.0,223.718651
1520.0,280.0,236.531438
1560.0,280.0,249.662356
1600.0,280.0,263.103006
1640.0,280.0,276.844538
1680.0,280.0,290.877647
1720.0,280.0,305.190492
1760.0,280.0,319.77379
-1760.0,320.0,
-1720.0,320.0,
-1680.0,320.0,
-1640.0,320.0,
-1600.0,320.0,
-1560.0,320.0,
-1520.0,320.0,
-1480.0,320.0,
-1440.0,320.0,414.298346
-1400.0,320.0,397.072622
-1360.0,320.0,380.230324
-1320.0,320.0,363.77296
-1280.0,320.0,347.701821
-1240.0,320.0,332.017963
-1200.0,320.0,316.722124
-1160.0,320.0,301.813533
-1120.0,320.0,287.293804
-1080.0,320.0,273.161264
-1040.0,320.0,259.416598
-1000.0,320.0,246.059047
-960.0,320.0,233.08777
-920.0,320.0,220.50188
-880.0,320.0,208.300448
-840.0,320.0,196.482492
-800.0,320.0,185.04698
-760.0,320.0,173.992712
-720.0,320.0,163.318106
-680.0,320.0,153.022473
-640.0,320.0,143.104059
-600.0,320.0,133.561937
-560.0,320.0,124.394905
-520.0,320.0,115.601769
-480.0,320.0,107.181455
-440.0,320.0,99.133024
-400.0,320.0,91.455681
-360.0,320.0,84.148801
-320.0,320.0,77.211945
-280.0,320.0,70.644781
-240.0,320.0,64.447405
-200.0,320.0,58.620122
-160.0,320.0,53.163616
-120.0,320.0,48.078816
-80.0,320.0,43.367149
-40.0,320.0,39.030251
0.0,320.0,35.069959
40.0,320.0,31.488501
80.0,320.0,28.293188
120.0,320.0,25.500523
160.0,320.0,23.134904
200.0,320.0,21.226533
240.0,320.0,19.809721
280.0,320.0,18.921539
320.0,320.0,18.600775
360.0,320.0,18.88844
400.0,320.0,19.828359
440.0,320.0,21.468679
480.0,320.0,23.757758
520.0,320.0,26.438916
560.0,320.0,29.503042
600.0,320.0,32.952181
640.0,320.0,36.785029
680.0,320.0,40.998239
720.0,320.0,45.587289
760.0,320.0,50.547946
800.0,320.0,55.875655
840.0,320.0,61.565821
880.0,320.0,67.614971
920.0,320.0,74.019071
960.0,320.0,80.774682
1000.0,320.0,87.878839
1040.0,320.0,95.328274
1080.0,320.0,103.11974
1120.0,320.0,111.249946
1160.0,320.0,119.716002
1200.0,320.0,128.514354
1240.0,320.0,137.641605
1280.0,320.0,147.094359
1320.0,320.0,156.869042
1360.0,320.0,166.961481
1400.0,320.0,177.366514
1440.0,320.0,188.081399
1480.0,320.0,199.098827
1520.0,320.0,210.416068
1560.0,320.0,222.025715
1600.0,320.0,233.922518
1640.0,320.0,246.100629
1680.0,320.0,258.553075
1720.0,320.0,271.272487
1760.0,320.0,284.250961
-1760.0,360.0,
-1720.0,360.0,
-1680.0,360.0,
-1640.0,360.0,
-1600.0,360.0,
-1560.0,360.0,
-1520.0,360.0,
-1480.0,360.0,
-1440.0,360.0,368.503811
-1400.0,360.0,353.373778
-1360.0,360.0,338.577193
-1320.0,360.0,324.115047
-1280.0,360.0,309.987774
-1240.0,360.0,296.196848
-1200.0,360.0,282.742504
-1160.0,360.0,269.624668
-1120.0,360.0,256.844045
-1080.0,360.0,244.400488
-1040.0,360.0,232.293786
-1000.0,360.0,220.523667
-960.0,360.0,209.089788
-920.0,360.0,197.991736
-880.0,360.0,187.228559
-840.0,360.0,176.79996
-800.0,360.0,166.705325
-760.0,360.0,156.943592
-720.0,360.0,147.514283
-680.0,360.0,138.416679
-640.0,360.0,129.649709
-600.0,360.0,121.212856
-560.0,360.0,113.105427
-520.0,360.0,105.326756
-480.0,360.0,97.876264
-440.0,360.0,90.753475
-400.0,360.0,83.95791
-360.0,360.0,77.489389
-320.0,360.0,71.347885
-280.0,360.0,65.533327
-240.0,360.0,60.046113
-200.0,360.0,54.886605
-160.0,360.0,50.055615
-120.0,360.0,45.553994
-80.0,360.0,41.382824
-40.0,360.0,37.543361
0.0,360.0,34.036802
40.0,360.0,30.864506
80.0,360.0,28.032193
120.0,360.0,25.553764
160.0,360.0,23.450351
200.0,360.0,21.748838
240.0,360.0,20.480518
280.0,360.0,19.679824
320.0,360.0,19.383865
360.0,360.0,19.632474
400.0,360.0,20.468876
440.0,360.0,21.940599
480.0,360.0,23.99912
520.0,360.0,26.397918
560.0,360.0,29.128504
600.0,360.0,32.194262
640.0,360.0,35.595877
680.0,360.0,39.332192
720.0,360.0,43.400939
760.0,360.0,47.799293
800.0,360.0,52.524237
840.0,360.0,57.572458
880.0,360.0,62.940908
920.0,360.0,68.627184
960.0,360.0,74.62765
1000.0,360.0,80.940644
1040.0,360.0,87.562898
1080.0,360.0,94.492169
1120.0,360.0,101.726209
1160.0,360.0,109.262411
1200.0,360.0,117.097839
1240.0,360.0,125.230056
1280.0,360.0,133.656459
1320.0,360.0,142.374183
1360.0,360.0,151.380142
1400.0,360.0,160.670626
1440.0,360.0,170.242771
1480.0,360.0,180.093185
1520.0,360.0,190.218121
1560.0,360.0,200.611953
1600.0,360.0,211.272497
1640.0,360.0,222.193152
1680.0,360.0,233.37097
1720.0,360.0,244.798225
1760.0,360.0,256.471649
-1720.0,400.0,
-1680.0,400.0,
-1640.0,400.0,
-1600.0,400.0,
-1560.0,400.0,
-1520.0,400.0,
-1480.0,400.0,
-1440.0,400.0,332.796341
-1400.0,400.0,319.294401
-1360.0,400.0,306.087254
-1320.0,400.0,293.176608
-1280.0,400.0,280.562732
-1240.0,400.0,268.246028
-1200.0,400.0,256.227383
-1160.0,400.0,244.507048
-1120.0,400.0,233.085194
-1080.0,400.0,221.961921
-1040.0,400.0,211.136896
-1000.0,400.0,200.61014
-960.0,400.0,190.381736
-920.0,400.0,180.451058
-880.0,400.0,170.817868
-840.0,400.0,161.481791
-800.0,400.0,152.442531
-760.0,400.0,143.699242
-720.0,400.0,135.251841
-680.0,400.0,127.099784
-640.0,400.0,119.242567
-600.0,400.0,111.679738
-560.0,400.0,104.410896
-520.0,400.0,97.4357
-480.0,400.0,90.753877
-440.0,400.0,84.365224
-400.0,400.0,78.269547
-360.0,400.0,72.466775
-320.0,400.0,66.957155
-280.0,400.0,61.740679
-240.0,400.0,56.817917
-200.0,400.0,52.189181
-160.0,400.0,47.855205
-120.0,400.0,43.816731
-80.0,400.0,40.074552
-40.0,400.0,36.629434
0.0,400.0,33.482094
40.0,400.0,30.633237
80.0,400.0,28.087413
120.0,400.0,25.856539
160.0,400.0,23.959399
200.0,400.0,22.420383
240.0,400.0,21.268423
280.0,400.0,20.535963
320.0,400.0,20.258869
360.0,400.0,20.475879
400.0,400.0,21.22951
440.0,400.0,22.566312
480.0,400.0,24.44054
520.0,400.0,26.615479
560.0,400.0,29.0825
600.0,400.0,31.845602
640.0,400.0,34.906508
680.0,400.0,38.26536
720.0,400.0,41.921218
760.0,400.0,45.872466
800.0,400.0,50.117124
840.0,400.0,54.652947
880.0,400.0,59.477468
920.0,400.0,64.588831
960.0,400.0,69.984962
1000.0,400.0,75.663
1040.0,400.0,81.6219
1080.0,400.0,87.858597
1120.0,400.0,94.372119
1160.0,400.0,101.159471
1200.0,400.0,108.219151
1240.0,400.0,115.549201
1280.0,400.0,123.147348
1320.0,400.0,131.010684
1360.0,400.0,139.137454
1400.0,400.0,147.52514
1440.0,400.0,156.171105
1480.0,400.0,165.072595
1520.0,400.0,174.226734
1560.0,400.0,183.629685
1600.0,400.0,193.278628
1640.0,400.0,203.170402
1680.0,400.0,213.30157
1720.0,400.0,223.666107
-1720.0,440.0,
-1680.0,440.0,
-1640.0,440.0,
-1600.0,440.0,
-1560.0,440.0,
-1520.0,440.0,
-1480.0,440.0,
-1440.0,440.0,
-1400.0,440.0,292.014688
-1360.0,440.0,280.081744
-1320.0,440.0,268.41482
-1280.0,440.0,257.014519
-1240.0,440.0,245.881372
-1200.0,440.0,235.015827
-1160.0,440.0,224.418253
-1120.0,440.0,214.088937
-1080.0,440.0,204.028081
-1040.0,440.0,194.234989
-1000.0,440.0,184.710444
-960.0,440.0,175.453838
-920.0,440.0,166.465395
-880.0,440.0,157.744411
-840.0,440.0,149.291143
-800.0,440.0,141.105215
-760.0,440.0,133.186091
-720.0,440.0,125.533689
-680.0,440.0,118.14775
-640.0,440.0,111.027991
-600.0,440.0,104.174164
-560.0,440.0,97.586062
-520.0,440.0,91.263375
-480.0,440.0,85.206093
-440.0,440.0,79.414206
-400.0,440.0,73.887639
-360.0,440.0,68.626424
-320.0,440.0,63.630869
-280.0,440.0,58.901063
-240.0,440.0,54.43749
-200.0,440.0,50.24057
-160.0,440.0,46.310715
-120.0,440.0,42.648573
-80.0,440.0,39.254668
-40.0,440.0,36.129449
0.0,440.0,33.273188
40.0,440.0,30.686105
80.0,440.0,28.371898
120.0,440.0,26.341096
160.0,440.0,24.610607
200.0,440.0,23.202857
240.0,440.0,22.144853
280.0,440.0,21.467621
320.0,440.0,21.205723
360.0,440.0,21.39683
400.0,440.0,22.082658
440.0,440.0,23.308517
480.0,440.0,25.031281
520.0,440.0,27.023643
560.0,440.0,29.276956
600.0,440.0,31.795088
640.0,440.0,34.580203
680.0,440.0,37.633176
720.0,440.0,40.953908
760.0,440.0,44.541626
800.0,440.0,48.395117
840.0,440.0,52.512919
880.0,440.0,56.893439
920.0,440.0,61.535049
960.0,440.0,66.43613
1000.0,440.0,71.594806
1040.0,440.0,77.009273
1080.0,440.0,82.678443
1120.0,440.0,88.599897
1160.0,440.0,94.772741
1200.0,440.0,101.194558
1240.0,440.0,107.864567
1280.0,440.0,114.779809
1320.0,440.0,121.939354
1360.0,440.0,129.341331
1400.0,440.0,136.983481
1440.0,440.0,144.863287
1480.0,440.0,152.979104
1520.0,440.0,161.328559
1560.0,440.0,169.909165
1600.0,440.0,178.71832
1640.0,440.0,187.753299
1680.0,440.0,197.011259
1720.0,440.0,206.488556
-1720.0,480.0,
-1680.0,480.0,
-1640.0,480.0,
-1600.0,480.0,
-1560.0,480.0,
-1520.0,480.0,
-1480.0,480.0,
-1440.0,480.0,
-1400.0,480.0,269.729799
-1360.0,480.0,258.841863
-1320.0,480.0,248.195787
-1280.0,480.0,237.792171
-1240.0,480.0,227.631534
-1200.0,480.0,217.713855
-1160.0,480.0,208.039525
-1120.0,480.0,198.609211
-1080.0,480.0,189.4222
-1040.0,480.0,180.479431
-1000.0,480.0,171.780081
-960.0,480.0,163.324829
-920.0,480.0,155.113227
-880.0,480.0,147.145089
-840.0,480.0,139.420525
-800.0,480.0,131.939327
-760.0,480.0,124.701303
-720.0,480.0,117.706275
-680.0,480.0,110.954091
-640.0,480.0,104.444616
-600.0,480.0,98.177742
-560.0,480.0,92.15339
-520.0,480.0,86.371454
-480.0,480.0,80.831794
-440.0,480.0,75.534646
-400.0,480.0,70.479958
-360.0,480.0,65.667873
-320.0,480.0,61.098616
-280.0,480.0,56.772434
-240.0,480.0,52.689578
-200.0,480.0,48.850503
-160.0,480.0,45.255536
-120.0,480.0,41.904984
-80.0,480.0,38.79923
-40.0,480.0,35.93845
0.0,480.0,33.322618
40.0,480.0,30.951624
80.0,480.0,28.828549
120.0,480.0,26.962832
160.0,480.0,25.369943
200.0,480.0,24.070671
240.0,480.0,23.090565
280.0,480.0,22.459305
320.0,480.0,22.210151
360.0,480.0,22.379856
400.0,480.0,23.009036
440.0,480.0,24.141718
480.0,480.0,25.737225
520.0,480.0,27.577437
560.0,480.0,29.653527
600.0,480.0,31.969065
640.0,480.0,34.526251
680.0,480.0,37.326255
720.0,480.0,40.369683
760.0,480.0,43.656348
800.0,480.0,47.185621
840.0,480.0,50.956575
880.0,480.0,54.968097
920.0,480.0,59.218972
960.0,480.0,63.707938
1000.0,480.0,68.433568
1040.0,480.0,73.394325
1080.0,480.0,78.589233
1120.0,480.0,84.01707
1160.0,480.0,89.675656
1200.0,480.0,95.56449
1240.0,480.0,101.681647
1280.0,480.0,108.025958
1320.0,480.0,114.595592
1360.0,480.0,121.389762
1400.0,480.0,128.405457
1440.0,480.0,135.642204
1480.0,480.0,143.098126
1520.0,480.0,150.770869
1560.0,480.0,158.658318
1600.0,480.0,166.758831
1640.0,480.0,175.07014
1680.0,480.0,183.589863
1720.0,480.0,192.315507
-1720.0,520.0,
-1680.0,520.0,
-1640.0,520.0,
-1600.0,520.0,
-1560.0,520.0,
-1520.0,520.0,
-1480.0,520.0,
-1440.0,520.0,
-1400.0,520.0,251.227343
-1360.0,520.0,241.213442
-1320.0,520.0,231.421171
-1280.0,520.0,221.851445
-1240.0,520.0,212.504516
-1200.0,520.0,203.380143
-1160.0,520.0,194.479518
-1120.0,520.0,185.801684
-1080.0,520.0,177.347808
-1040.0,520.0,169.117354
-1000.0,520.0,161.110506
-960.0,520.0,153.32746
-920.0,520.0,145.768104
-880.0,520.0,138.432211
-840.0,520.0,131.319805
-800.0,520.0,124.43089
-760.0,520.0,117.765372
-720.0,520.0,111.323169
-680.0,520.0,105.104185
-640.0,520.0,99.108234
-600.0,520.0,93.335421
-560.0,520.0,87.785741
-520.0,520.0,82.459191
-480.0,520.0,77.355572
-440.0,520.0,72.475254
-400.0,520.0,67.818137
-360.0,520.0,63.384499
-320.0,520.0,59.174401
-280.0,520.0,55.188222
-240.0,520.0,51.426022
-200.0,520.0,47.888184
-160.0,520.0,44.574963
-120.0,520.0,41.48655
-80.0,520.0,38.623022
-40.0,520.0,35.984379
0.0,520.0,33.570408
40.0,520.0,31.380784
80.0,520.0,29.418142
120.0,520.0,27.691071
160.0,520.0,26.21384
200.0,520.0,25.006036
240.0,520.0,24.091891
280.0,520.0,23.499776
320.0,520.0,23.261692
360.0,520.0,23.413534
400.0,520.0,23.99458
440.0,520.0,25.047718
480.0,520.0,26.534402
520.0,520.0,28.245474
560.0,520.0,30.171869
600.0,520.0,32.31681
640.0,520.0,34.682227
680.0,520.0,37.269756
720.0,520.0,40.080177
760.0,520.0,43.113677
800.0,520.0,46.370027
840.0,520.0,49.848692
880.0,520.0,53.548919
920.0,520.0,57.469835
960.0,520.0,61.610454
1000.0,520.0,65.96976
1040.0,520.0,70.546713
1080.0,520.0,75.340268
1120.0,520.0,80.349382
1160.0,520.0,85.572728
1200.0,520.0,91.008951
1240.0,520.0,96.657476
1280.0,520.0,102.516553
1320.0,520.0,108.585135
1360.0,520.0,114.86206
1400.0,520.0,121.345713
1440.0,520.0,128.034826
1480.0,520.0,134.928354
1520.0,520.0,142.023586
1560.0,520.0,149.320062
1600.0,520.0,156.815972
1640.0,520.0,164.508809
1680.0,520.0,172.396865
1720.0,520.0,180.478449
-1680.0,560.0,
-1640.0,560.0,
-1600.0,560.0,
-1560.0,560.0,
-1520.0,560.0,
-1480.0,560.0,
-1440.0,560.0,
-1400.0,560.0,
-1360.0,560.0,226.388583
-1320.0,560.0,217.321894
-1280.0,560.0,208.4608
-1240.0,560.0,199.805011
-1200.0,560.0,191.355513
-1160.0,560.0,183.112001
-1120.0,560.0,175.074837
-1080.0,560.0,167.244384
-1040.0,560.0,159.620341
-1000.0,560.0,152.202865
-960.0,560.0,144.992156
-920.0,560.0,137.98818
-880.0,560.0,131.190903
-840.0,560.0,124.600298
-800.0,560.0,118.21634
-760.0,560.0,112.03901
-720.0,560.0,106.068294
-680.0,560.0,100.304188
-640.0,560.0,94.746642
-600.0,560.0,89.39551
-560.0,560.0,84.251045
-520.0,560.0,79.313268
-480.0,560.0,74.58199
-440.0,560.0,70.057632
-400.0,560.0,65.74
-360.0,560.0,61.629524
-320.0,560.0,57.726065
-280.0,560.0,54.030032
-240.0,560.0,50.541569
-200.0,560.0,47.260705
-160.0,560.0,44.187715
-120.0,560.0,41.322659
-80.0,560.0,38.665502
-40.0,560.0,36.216068
0.0,560.0,33.973977
40.0,560.0,31.938772
80.0,560.0,30.112762
120.0,560.0,28.503887
160.0,560.0,27.125534
200.0,560.0,25.996144
240.0,560.0,25.138762
280.0,560.0,24.580488
320.0,560.0,24.352387
360.0,560.0,24.489171
400.0,560.0,25.028807
440.0,560.0,26.013067
480.0,560.0,27.405356
520.0,560.0,29.005152
560.0,560.0,30.803144
600.0,560.0,32.802205
640.0,560.0,35.004043
680.0,560.0,37.410428
720.0,560.0,40.022248
760.0,560.0,42.839786
800.0,560.0,45.863106
840.0,560.0,49.092108
880.0,560.0,52.52634
920.0,560.0,56.165194
960.0,560.0,60.007952
1000.0,560.0,64.053826
1040.0,560.0,68.301982
1080.0,560.0,72.751559
1120.0,560.0,77.401682
1160.0,560.0,82.251258
1200.0,560.0,87.299181
1240.0,560.0,92.544839
1280.0,560.0,97.987338
1320.0,560.0,103.62488
1360.0,560.0,109.457049
1400.0,560.0,115.482695
1440.0,560.0,121.700072
1480.0,560.0,128.108795
1520.0,560.0,134.706686
1560.0,560.0,141.493049
1600.0,560.0,148.466493
1640.0,560.0,155.624618
1680.0,560.0,162.966926
-1680.0,600.0,
-1640.0,600.0,
-1600.0,600.0,
-1560.0,600.0,
-1520.0,600.0,
-1480.0,600.0,
-1440.0,600.0,
-1400.0,600.0,
-1360.0,600.0,213.786095
-1320.0,600.0,205.34372
-1280.0,600.0,197.09216
-1240.0,600.0,189.031731
-1200.0,600.0,181.163059
-1160.0,600.0,173.485572
-1120.0,600.0,166.000033
-1080.0,600.0,158.706543
-1040.0,600.0,151.605135
-1000.0,600.0,144.695813
-960.0,600.0,137.97853
-920.0,600.0,131.453499
-880.0,600.0,125.120732
-840.0,600.0,118.980244
-800.0,600.0,113.031932
-760.0,600.0,107.275854
-720.0,600.0,101.712077
-680.0,600.0,96.340636
-640.0,600.0,91.161568
-600.0,600.0,86.174628
-560.0,600.0,81.380144
-520.0,600.0,76.778139
-480.0,600.0,72.368496
-440.0,600.0,68.151576
-400.0,600.0,64.127199
-360.0,600.0,60.295718
-320.0,600.0,56.657154
-280.0,600.0,53.211603
-240.0,600.0,49.959287
-200.0,600.0,46.900276
-160.0,600.0,44.034489
-120.0,600.0,41.362017
-80.0,600.0,38.88272
-40.0,600.0,36.596315
0.0,600.0,34.502341
40.0,600.0,32.600262
80.0,600.0,30.892154
120.0,600.0,29.385423
160.0,600.0,28.092676
200.0,600.0,27.031389
240.0,600.0,26.223448
280.0,600.0,25.694997
320.0,600.0,25.476003
360.0,600.0,25.599942
400.0,600.0,26.103607
440.0,600.0,27.027544
480.0,600.0,28.33699
520.0,600.0,29.8397
560.0,600.0,31.52612
600.0,600.0,33.398832
640.0,600.0,35.459318
680.0,600.0,37.709321
720.0,600.0,40.149733
760.0,600.0,42.780856
800.0,600.0,45.603221
840.0,600.0,48.616798
880.0,600.0,51.821348
920.0,600.0,55.216471
960.0,600.0,58.801616
1000.0,600.0,62.57618
1040.0,600.0,66.539593
1080.0,600.0,70.691121
1120.0,600.0,75.029911
1160.0,600.0,79.55527
1200.0,600.0,84.266429
1240.0,600.0,89.162607
1280.0,600.0,94.24302
1320.0,600.0,99.506565
1360.0,600.0,104.952086
1400.0,600.0,110.579258
1440.0,600.0,116.386736
1480.0,600.0,122.373205
1520.0,600.0,128.538467
1560.0,600.0,134.879962
1600.0,600.0,141.398115
1640.0,600.0,148.090098
1680.0,600.0,154.955816
-1680.0,640.0,
-1640.0,640.0,
-1600.0,640.0,
-1560.0,640.0,
-1520.0,640.0,
-1480.0,640.0,
-1440.0,640.0,
-1400.0,640.0,
-1360.0,640.0,
-1320.0,640.0,195.076491
-1280.0,640.0,187.355151
-1240.0,640.0,179.812754
-1200.0,640.0,172.449396
-1160.0,640.0,165.264883
-1120.0,640.0,158.25952
-1080.0,640.0,151.433577
-1040.0,640.0,144.787119
-1000.0,640.0,138.320206
-960.0,640.0,132.032898
-920.0,640.0,125.925246
-880.0,640.0,119.997303
-840.0,640.0,114.249117
-800.0,640.0,108.680733
-760.0,640.0,103.292122
-720.0,640.0,98.083193
-680.0,640.0,93.054203
-640.0,640.0,88.205209
-600.0,640.0,83.535969
-560.0,640.0,79.046803
-520.0,640.0,74.737696
-480.0,640.0,70.608657
-440.0,640.0,66.659867
-400.0,640.0,62.891352
-360.0,640.0,59.30319
-320.0,640.0,55.895596
-280.0,640.0,52.668462
-240.0,640.0,49.621964
-200.0,640.0,46.75615
-160.0,640.0,44.070974
-120.0,640.0,41.566292
-80.0,640.0,39.241881
-40.0,640.0,37.097448
0.0,640.0,35.132483
40.0,640.0,33.346416
80.0,640.0,31.741153
120.0,640.0,30.323662
160.0,640.0,29.105845
200.0,640.0,28.104288
240.0,640.0,27.340046
280.0,640.0,26.838193
320.0,640.0,26.627581
360.0,640.0,26.740415
400.0,640.0,27.212599
440.0,640.0,28.083178
480.0,640.0,29.31924
520.0,640.0,30.736352
560.0,640.0,32.324761
600.0,640.0,34.086852
640.0,640.0,36.023803
680.0,640.0,38.137322
720.0,640.0,40.428184
760.0,640.0,42.896916
800.0,640.0,45.544104
840.0,640.0,48.36986
880.0,640.0,51.373887
920.0,640.0,54.556087
960.0,640.0,57.9162
1000.0,640.0,61.453781
1040.0,640.0,65.168316
1080.0,640.0,69.059238
1120.0,640.0,73.12594
1160.0,640.0,77.367786
1200.0,640.0,81.78412
1240.0,640.0,86.374269
1280.0,640.0,91.137546
1320.0,640.0,96.072972
1360.0,640.0,101.179695
1400.0,640.0,106.457264
1440.0,640.0,111.904939
1480.0,640.0,117.521129
1520.0,640.0,123.305401
1560.0,640.0,129.257188
1600.0,640.0,135.374154
1640.0,640.0,141.656887
1680.0,640.0,148.102602
-1640.0,680.0,
-1600.0,680.0,
-1560.0,680.0,
-1520.0,680.0,
-1480.0,680.0,
-1440.0,680.0,
-1400.0,680.0,
-1360.0,680.0,
-1320.0,680.0,186.209516
-1280.0,680.0,178.954143
-1240.0,680.0,171.866635
-1200.0,680.0,164.947111
-1160.0,680.0,158.195687
-1120.0,680.0,151.612473
-1080.0,680.0,145.197558
-1040.0,680.0,138.951026
-1000.0,680.0,132.873067
-960.0,680.0,126.963666
-920.0,680.0,121.222917
-880.0,680.0,115.650907
-840.0,680.0,110.247705
-800.0,680.0,105.013379
-760.0,680.0,99.947989
-720.0,680.0,95.051319
-680.0,680.0,90.323639
-640.0,680.0,85.765087
-600.0,680.0,81.37538
-560.0,680.0,77.154899
-520.0,680.0,73.103514
-480.0,680.0,69.221405
-440.0,680.0,65.508525
-400.0,680.0,61.965134
-360.0,680.0,58.591006
-320.0,680.0,55.386458
-280.0,680.0,52.351499
-240.0,680.0,49.485964
-200.0,680.0,46.789972
-160.0,680.0,44.263433
-120.0,680.0,41.906173
-80.0,680.0,39.717923
-40.0,680.0,37.698296
0.0,680.0,35.846766
40.0,680.0,34.162758
80.0,680.0,32.648043
120.0,680.0,31.309225
160.0,680.0,30.157645
200.0,680.0,29.209167
240.0,680.0,28.483904
280.0,680.0,28.005951
320.0,680.0,27.802981
360.0,680.0,27.906344
400.0,680.0,28.350682
440.0,680.0,29.17359
480.0,680.0,30.344209
520.0,680.0,31.685125
560.0,680.0,33.186689
600.0,680.0,34.85094
640.0,680.0,36.678948
680.0,680.0,38.672211
720.0,680.0,40.831468
760.0,680.0,43.157323
800.0,680.0,45.650419
840.0,680.0,48.310795
880.0,680.0,51.138414
920.0,680.0,54.133395
960.0,680.0,57.29551
1000.0,680.0,60.62444
1040.0,680.0,64.119785
1080.0,680.0,67.781002
1120.0,680.0,71.607683
1160.0,680.0,75.599352
1200.0,680.0,79.755455
1240.0,680.0,84.075381
1280.0,680.0,88.558343
1320.0,680.0,93.203841
1360.0,680.0,98.011239
1400.0,680.0,102.979888
1440.0,680.0,108.109128
1480.0,680.0,113.397949
1520.0,680.0,118.845304
1560.0,680.0,124.451007
1600.0,680.0,130.213997
1640.0,680.0,136.132662
-1640.0,720.0,
-1600.0,720.0,
-1560.0,720.0,
-1520.0,720.0,
-1480.0,720.0,
-1440.0,720.0,
-1400.0,720.0,
-1360.0,720.0,
-1320.0,720.0,
-1280.0,720.0,171.661166
-1240.0,720.0,164.97644
-1200.0,720.0,158.449987
-1160.0,720.0,152.081937
-1120.0,720.0,145.872408
-1080.0,720.0,139.821513
-1040.0,720.0,133.929358
-1000.0,720.0,128.19604
-960.0,720.0,122.621651
-920.0,720.0,117.206274
-880.0,720.0,111.949863
-840.0,720.0,106.852439
-800.0,720.0,101.91424
-760.0,720.0,97.135334
-720.0,720.0,92.515546
-680.0,720.0,88.055035
-640.0,720.0,83.754028
-600.0,720.0,79.612164
-560.0,720.0,75.629943
-520.0,720.0,71.807061
-480.0,720.0,68.143908
-440.0,720.0,64.640168
-400.0,720.0,61.296217
-360.0,720.0,58.111944
-320.0,720.0,55.087337
-280.0,720.0,52.222522
-240.0,720.0,49.517448
-200.0,720.0,46.971923
-160.0,720.0,44.585898
-120.0,720.0,42.359191
-80.0,720.0,40.291503
-40.0,720.0,38.382429
0.0,720.0,36.631443
40.0,720.0,35.037984
80.0,720.0,33.603719
120.0,720.0,32.334941
160.0,720.0,31.242467
200.0,720.0,30.341465
240.0,720.0,29.651225
280.0,720.0,29.194782
320.0,720.0,28.999024
360.0,720.0,29.094189
400.0,720.0,29.513684
440.0,720.0,30.293824
480.0,720.0,31.405597
520.0,720.0,32.678147
560.0,720.0,34.102167
600.0,720.0,35.679186
640.0,720.0,37.410296
680.0,720.0,39.296709
720.0,720.0,41.339192
760.0,720.0,43.538311
800.0,720.0,45.894767
840.0,720.0,48.408483
880.0,720.0,51.079775
920.0,720.0,53.908743
960.0,720.0,56.895257
1000.0,720.0,60.038793
1040.0,720.0,63.339337
1080.0,720.0,66.796573
1120.0,720.0,70.410101
1160.0,720.0,74.179477
1200.0,720.0,78.104229
1240.0,720.0,82.183853
1280.0,720.0,86.417826
1320.0,720.0,90.805605
1360.0,720.0,95.346629
1400.0,720.0,100.040322
1440.0,720.0,104.886094
1480.0,720.0,109.882977
1520.0,720.0,115.03031
1560.0,720.0,120.327709
1600.0,720.0,125.774521
1640.0,720.0,131.369265
-1600.0,760.0,
-1560.0,760.0,
-1520.0,760.0,
-1480.0,760.0,
-1440.0,760.0,
-1400.0,760.0,
-1360.0,760.0,
-1320.0,760.0,
-1280.0,760.0,165.297151
-1240.0,760.0,158.971892
-1200.0,760.0,152.796205
-1160.0,760.0,146.770232
-1120.0,760.0,140.894106
-1080.0,760.0,135.167954
-1040.0,760.0,129.591893
-1000.0,760.0,124.16603
-960.0,760.0,118.890469
-920.0,760.0,113.765301
-880.0,760.0,108.790611
-840.0,760.0,103.966198
-800.0,760.0,99.292326
-760.0,760.0,94.769159
-720.0,760.0,90.396513
-680.0,760.0,86.174524
-640.0,760.0,82.103393
-600.0,760.0,78.182827
-560.0,760.0,74.413287
-520.0,760.0,70.794407
-480.0,760.0,67.326584
-440.0,760.0,64.00964
-400.0,760.0,60.843665
-360.0,760.0,57.828778
-320.0,760.0,54.964792
-280.0,760.0,52.25177
-240.0,760.0,49.689698
-200.0,760.0,47.278456
-160.0,760.0,45.017859
-120.0,760.0,42.907611
-80.0,760.0,40.947487
-40.0,760.0,39.137082
0.0,760.0,37.475883
40.0,760.0,35.963353
80.0,760.0,34.601076
120.0,760.0,33.395072
160.0,760.0,32.355689
200.0,760.0,31.497405
240.0,760.0,30.838728
280.0,760.0,30.401991
320.0,760.0,30.213033
360.0,760.0,30.301034
400.0,760.0,30.698112
440.0,760.0,31.439762
480.0,760.0,32.498303
520.0,760.0,33.709155
560.0,760.0,35.063413
600.0,760.0,36.562099
640.0,760.0,38.206389
680.0,760.0,39.997163
720.0,760.0,41.935271
760.0,760.0,44.021148
800.0,760.0,46.255567
840.0,760.0,48.638376
880.0,760.0,51.170096
920.0,760.0,53.850839
960.0,760.0,56.680259
1000.0,760.0,59.658359
1040.0,760.0,62.785069
1080.0,760.0,66.060116
1120.0,760.0,69.483177
1160.0,760.0,73.053883
1200.0,760.0,76.771671
1240.0,760.0,80.636313
1280.0,760.0,84.647369
1320.0,760.0,88.804366
1360.0,760.0,93.106814
1400.0,760.0,97.554159
1440.0,760.0,102.145643
1480.0,760.0,106.880886
1520.0,760.0,111.759321
1560.0,760.0,116.780369
1600.0,760.0,121.943436
-1600.0,800.0,
-1560.0,800.0,
-1520.0,800.0,
-1480.0,800.0,
-1440.0,800.0,
-1400.0,800.0,
-1360.0,800.0,
-1320.0,800.0,
-1280.0,800.0,
-1240.0,800.0,153.717377
-1200.0,800.0,147.856411
-1160.0,800.0,142.137482
-1120.0,800.0,136.560721
-1080.0,800.0,131.12625
-1040.0,800.0,125.834182
-1000.0,800.0,120.684417
-960.0,800.0,115.677151
-920.0,800.0,110.812565
-880.0,800.0,106.090747
-840.0,800.0,101.511585
-800.0,800.0,97.075111
-760.0,800.0,92.781641
-720.0,800.0,88.63094
-680.0,800.0,84.623198
-640.0,800.0,80.758498
-600.0,800.0,77.036725
-560.0,800.0,73.458105
-520.0,800.0,70.022536
-480.0,800.0,66.730096
-440.0,800.0,63.580926
-400.0,800.0,60.574745
-360.0,800.0,57.711823
-320.0,800.0,54.992108
-280.0,800.0,52.415384
-240.0,800.0,49.981668
-200.0,800.0,47.690862
-160.0,800.0,45.542773
-120.0,800.0,43.53715
-80.0,800.0,41.673671
-40.0,800.0,39.951937
0.0,800.0,38.37146
40.0,800.0,36.931732
80.0,800.0,35.634268
120.0,800.0,34.484846
160.0,800.0,33.493385
200.0,800.0,32.673833
240.0,800.0,32.043992
280.0,800.0,31.625323
320.0,800.0,31.442748
360.0,800.0,31.524278
400.0,800.0,31.901292
440.0,800.0,32.608009
480.0,800.0,33.617991
520.0,800.0,34.773
560.0,800.0,36.064118
600.0,800.0,37.492018
640.0,800.0,39.058016
680.0,800.0,40.762625
720.0,800.0,42.606832
760.0,800.0,44.590866
800.0,800.0,46.715587
840.0,800.0,48.980805
880.0,800.0,51.387128
920.0,800.0,53.934676
960.0,800.0,56.623006
1000.0,800.0,59.452494
1040.0,800.0,62.422994
1080.0,800.0,65.534269
1120.0,800.0,68.785758
1160.0,800.0,72.177512
1200.0,800.0,75.709199
1240.0,800.0,79.380453
1280.0,800.0,83.190884
1320.0,800.0,87.140074
1360.0,800.0,91.227584
1400.0,800.0,95.452957
1440.0,800.0,99.815717
1480.0,800.0,104.315373
1520.0,800.0,108.951415
1560.0,800.0,113.72332
1600.0,800.0,118.630551
-1560.0,840.0,
-1520.0,840.0,
-1480.0,840.0,
-1440.0,840.0,
-1400.0,840.0,
-1360.0,840.0,
-1320.0,840.0,
-1280.0,840.0,
-1240.0,840.0,
-1200.0,840.0,143.52745
-1160.0,840.0,138.085633
-1120.0,840.0,132.779019
-1080.0,840.0,127.607735
-1040.0,840.0,122.571895
-1000.0,840.0,117.671605
-960.0,840.0,112.906658
-920.0,840.0,108.277362
-880.0,840.0,103.783885
-840.0,840.0,99.426151
-800.0,840.0,95.20407
-760.0,840.0,91.118042
-720.0,840.0,87.167752
-680.0,840.0,83.353507
-640.0,840.0,79.67521
-600.0,840.0,76.132974
-560.0,840.0,72.726744
-520.0,840.0,69.456717
-480.0,840.0,66.322624
-440.0,840.0,63.324775
-400.0,840.0,60.463022
-360.0,840.0,57.737277
-320.0,840.0,55.147647
-280.0,840.0,52.69404
-240.0,840.0,50.376248
-200.0,840.0,48.19415
-160.0,840.0,46.147614
-120.0,840.0,44.236381
-80.0,840.0,42.460135
-40.0,840.0,40.818489
0.0,840.0,39.310984
40.0,840.0,37.937146
80.0,840.0,36.698428
120.0,840.0,35.600392
160.0,840.0,34.652565
200.0,840.0,33.868352
240.0,840.0,33.264883
280.0,840.0,32.862834
320.0,840.0,32.686089
360.0,840.0,32.762024
400.0,840.0,33.120879
440.0,840.0,33.795703
480.0,840.0,34.761317
520.0,840.0,35.865437
560.0,840.0,37.098976
600.0,840.0,38.462681
640.0,840.0,39.957676
680.0,840.0,41.584205
720.0,840.0,43.343439
760.0,840.0,45.235347
800.0,840.0,47.26089
840.0,840.0,49.419874
880.0,840.0,51.712892
920.0,840.0,54.140025
960.0,840.0,56.701018
1000.0,840.0,59.396243
1040.0,840.0,62.225606
1080.0,840.0,65.188524
1120.0,840.0,68.285188
1160.0,840.0,71.515393
1200.0,840.0,74.878863
1240.0,840.0,78.375283
1280.0,840.0,82.00427
1320.0,840.0,85.765349
1360.0,840.0,89.658335
1400.0,840.0,93.682827
1440.0,840.0,97.838403
1480.0,840.0,102.124624
1520.0,840.0,106.541036
1560.0,840.0,111.087104
-1560.0,880.0,
-1520.0,880.0,
-1480.0,880.0,
-1440.0,880.0,
-1400.0,880.0,
-1360.0,880.0,
-1320.0,880.0,
-1280.0,880.0,
-1240.0,880.0,
-1200.0,880.0,139.724507
-1160.0,880.0,134.53428
-1120.0,880.0,129.472725
-1080.0,880.0,124.540207
-1040.0,880.0,119.736839
-1000.0,880.0,115.062725
-960.0,880.0,110.517803
-920.0,880.0,106.102024
-880.0,880.0,101.81577
-840.0,880.0,97.658955
-800.0,880.0,93.631454
-760.0,880.0,89.733701
-720.0,880.0,85.96527
-680.0,880.0,82.326646
-640.0,880.0,78.817496
-600.0,880.0,75.438206
-560.0,880.0,72.188399
-520.0,880.0,69.06848
-480.0,880.0,66.078183
-440.0,880.0,63.217604
-400.0,880.0,60.48682
-360.0,880.0,57.885626
-320.0,880.0,55.414003
-280.0,880.0,53.07195
-240.0,880.0,50.859336
-200.0,880.0,48.775991
-160.0,880.0,46.821614
-120.0,880.0,44.996049
-80.0,880.0,43.299001
-40.0,880.0,41.730103
0.0,880.0,40.288927
40.0,880.0,38.975032
80.0,880.0,37.789816
120.0,880.0,36.738644
160.0,880.0,35.83068
200.0,880.0,35.078827
240.0,880.0,34.499498
280.0,880.0,34.112668
320.0,880.0,33.941587
360.0,880.0,34.012577
400.0,880.0,34.354899
440.0,880.0,35.000345
480.0,880.0,35.92541
520.0,880.0,36.982931
560.0,880.0,38.163764
600.0,880.0,39.468916
640.0,880.0,40.899037
680.0,880.0,42.454596
720.0,880.0,44.13645
760.0,880.0,45.94467
800.0,880.0,47.880075
840.0,880.0,49.942588
880.0,880.0,52.132701
920.0,880.0,54.450533
960.0,880.0,56.895905
1000.0,880.0,59.469223
1040.0,880.0,62.17024
1080.0,880.0,64.998686
1120.0,880.0,67.954749
1160.0,880.0,71.038233
1200.0,880.0,74.248797
1240.0,880.0,77.586002
1280.0,880.0,81.049859
1320.0,880.0,84.640054
1360.0,880.0,88.356249
1400.0,880.0,92.198084
1440.0,880.0,96.165179
1480.0,880.0,100.257137
1520.0,880.0,104.473541
1560.0,880.0,108.813958
-1520.0,920.0,
-1480.0,920.0,
-1440.0,920.0,
-1400.0,920.0,
-1360.0,920.0,
-1320.0,920.0,
-1280.0,920.0,
-1240.0,920.0,
-1200.0,920.0,
-1160.0,920.0,131.416721
-1120.0,920.0,126.578884
-1080.0,920.0,121.864021
-1040.0,920.0,117.27254
-1000.0,920.0,112.804587
-960.0,920.0,108.460185
-920.0,920.0,104.23905
-880.0,920.0,100.141708
-840.0,920.0,96.168022
-800.0,920.0,92.317916
-760.0,920.0,88.591782
-720.0,920.0,84.989145
-680.0,920.0,81.510616
-640.0,920.0,78.155659
-600.0,920.0,74.924791
-560.0,920.0,71.817684
-520.0,920.0,68.834516
-480.0,920.0,65.97536
-440.0,920.0,63.239881
-400.0,920.0,60.628351
-360.0,920.0,58.140695
-320.0,920.0,55.776702
-280.0,920.0,53.536313
-240.0,920.0,51.419476
-200.0,920.0,49.426021
-160.0,920.0,47.555735
-120.0,920.0,45.80837
-80.0,920.0,44.183627
-40.0,920.0,42.681133
0.0,920.0,41.300533
40.0,920.0,40.04143
80.0,920.0,38.905167
120.0,920.0,37.89689
160.0,920.0,37.025435
200.0,920.0,36.303247
240.0,920.0,35.746233
280.0,920.0,35.373641
320.0,920.0,35.207902
360.0,920.0,35.274472
400.0,920.0,35.601461
440.0,920.0,36.220097
480.0,920.0,37.107831
520.0,920.0,38.122359
560.0,920.0,39.254931
600.0,920.0,40.506404
640.0,920.0,41.877083
680.0,920.0,43.367736
720.0,920.0,44.978804
760.0,920.0,46.710631
800.0,920.0,48.563725
840.0,920.0,50.538221
880.0,920.0,52.634434
920.0,920.0,54.852591
960.0,920.0,57.192498
1000.0,920.0,59.65462
1040.0,920.0,62.238584
1080.0,920.0,64.944408
1120.0,920.0,67.772216
1160.0,920.0,70.721773
1200.0,920.0,73.792544
1240.0,920.0,76.984732
1280.0,920.0,80.298088
1320.0,920.0,83.732338
1360.0,920.0,87.287183
1400.0,920.0,90.962193
1440.0,920.0,94.757022
1480.0,920.0,98.671473
1520.0,920.0,102.705177
-1520.0,960.0,
-1480.0,960.0,
-1440.0,960.0,
-1400.0,960.0,
-1360.0,960.0,
-1320.0,960.0,
-1280.0,960.0,
-1240.0,960.0,
-1200.0,960.0,
-1160.0,960.0,
-1120.0,960.0,124.045043
-1080.0,960.0,119.529623
-1040.0,960.0,115.132074
-1000.0,960.0,110.85282
-960.0,960.0,106.691919
-920.0,960.0,102.648955
-880.0,960.0,98.724542
-840.0,960.0,94.918457
-800.0,960.0,91.230743
-760.0,960.0,87.661609
-720.0,960.0,84.210817
-680.0,960.0,80.878685
-640.0,960.0,77.665004
-600.0,960.0,74.569919
-560.0,960.0,71.593486
-520.0,960.0,68.735465
-480.0,960.0,65.996135
-440.0,960.0,63.375348
-400.0,960.0,60.872945
-360.0,960.0,58.489058
-320.0,960.0,56.223587
-280.0,960.0,54.076359
-240.0,960.0,52.047182
-200.0,960.0,50.136007
-160.0,960.0,48.342628
-120.0,960.0,46.666802
-80.0,960.0,45.108248
-40.0,960.0,43.666641
0.0,960.0,42.341618
40.0,960.0,41.132806
80.0,960.0,40.041497
120.0,960.0,39.072708
160.0,960.0,38.234959
200.0,960.0,37.540241
240.0,960.0,37.003908
280.0,960.0,36.644552
320.0,960.0,36.483818
360.0,960.0,36.546224
400.0,960.0,36.859339
440.0,960.0,37.453256
480.0,960.0,38.306453
520.0,960.0,39.281281
560.0,960.0,40.369442
600.0,960.0,41.571426
640.0,960.0,42.887508
680.0,960.0,44.318544
720.0,960.0,45.864614
760.0,960.0,47.526375
800.0,960.0,49.303983
840.0,960.0,51.197831
880.0,960.0,53.207996
920.0,960.0,55.334873
960.0,960.0,57.57817
1000.0,960.0,59.938443
1040.0,960.0,62.415241
1080.0,960.0,65.008755
1120.0,960.0,67.719091
1160.0,960.0,70.545753
1200.0,960.0,73.488745
1240.0,960.0,76.548084
1280.0,960.0,79.723558
1320.0,960.0,83.01473
1360.0,960.0,86.421309
1400.0,960.0,89.943257
1440.0,960.0,93.580274
1480.0,960.0,97.332042
1520.0,960.0,101.198221
-1480.0,1000.0,
-1440.0,1000.0,
-1400.0,1000.0,
-1360.0,1000.0,
-1320.0,1000.0,
-1280.0,1000.0,
-1240.0,1000.0,
-1200.0,1000.0,
-1160.0,1000.0,
-1120.0,1000.0,
-1080.0,1000.0,117.495497
-1040.0,1000.0,113.276122
-1000.0,1000.0,109.170241
-960.0,1000.0,105.177902
-920.0,1000.0,101.298648
-880.0,1000.0,97.533129
-840.0,1000.0,93.88101
-800.0,1000.0,90.342515
-760.0,1000.0,86.917609
-720.0,1000.0,83.606343
-680.0,1000.0,80.408698
-640.0,1000.0,77.324827
-600.0,1000.0,74.354475
-560.0,1000.0,71.49798
-520.0,1000.0,68.755047
-480.0,1000.0,66.125771
-440.0,1000.0,63.610222
-400.0,1000.0,61.208212
-360.0,1000.0,58.919645
-320.0,1000.0,56.744568
-280.0,1000.0,54.68286
-240.0,1000.0,52.734375
-200.0,1000.0,50.89886
-160.0,1000.0,49.176169
-120.0,1000.0,47.566118
-80.0,1000.0,46.068442
-40.0,1000.0,44.682841
0.0,1000.0,43.40898
40.0,1000.0,42.24652
80.0,1000.0,41.196699
120.0,1000.0,40.264379
160.0,1000.0,39.457793
200.0,1000.0,38.788516
240.0,1000.0,38.271383
280.0,1000.0,37.924234
320.0,1000.0,37.768142
360.0,1000.0,37.826974
400.0,1000.0,38.127318
440.0,1000.0,38.698351
480.0,1000.0,39.519361
520.0,1000.0,40.457614
560.0,1000.0,41.504711
600.0,1000.0,42.660836
640.0,1000.0,43.926658
680.0,1000.0,45.302669
720.0,1000.0,46.788883
760.0,1000.0,48.386133
800.0,1000.0,50.094243
840.0,1000.0,51.913906
880.0,1000.0,53.844907
920.0,1000.0,55.887868
960.0,1000.0,58.042324
1000.0,1000.0,60.308949
1040.0,1000.0,62.687262
1080.0,1000.0,65.17752
1120.0,1000.0,67.779853
1160.0,1000.0,70.493575
1200.0,1000.0,73.319082
1240.0,1000.0,76.25627
1280.0,1000.0,79.304748
1320.0,1000.0,82.464187
1360.0,1000.0,85.734691
1400.0,1000.0,89.11601
1440.0,1000.0,92.607877
1480.0,1000.0,96.210002
-1440.0,1040.0,
-1400.0,1040.0,
-1360.0,1040.0,
-1320.0,1040.0,
-1280.0,1040.0,
-1240.0,1040.0,
-1200.0,1040.0,
-1160.0,1040.0,
-1120.0,1040.0,
-1080.0,1040.0,
-1040.0,1040.0,111.671494
-1000.0,1040.0,107.725459
-960.0,1040.0,103.888494
-920.0,1040.0,100.160185
-880.0,1040.0,96.541173
-840.0,1040.0,93.030981
-800.0,1040.0,89.630071
-760.0,1040.0,86.338119
-720.0,1040.0,83.155501
-680.0,1040.0,80.081827
-640.0,1040.0,77.117552
-600.0,1040.0,74.26227
-560.0,1040.0,71.51624
-520.0,1040.0,68.879507
-480.0,1040.0,66.351676
-440.0,1040.0,63.933046
-400.0,1040.0,61.623543
-360.0,1040.0,59.422987
-320.0,1040.0,57.331241
-280.0,1040.0,55.348327
-240.0,1040.0,53.4741
-200.0,1040.0,51.708392
-160.0,1040.0,50.05101
-120.0,1040.0,48.501734
-80.0,1040.0,47.060261
-40.0,1040.0,45.726384
0.0,1040.0,44.499802
40.0,1040.0,43.380207
80.0,1040.0,42.368784
120.0,1040.0,41.47025
160.0,1040.0,40.692522
200.0,1040.0,40.046788
240.0,1040.0,39.547413
280.0,1040.0,39.211783
320.0,1040.0,39.060208
360.0,1040.0,39.1158
400.0,1040.0,39.40432
440.0,1040.0,39.953888
480.0,1040.0,40.745216
520.0,1040.0,41.649515
560.0,1040.0,42.658367
600.0,1040.0,43.772128
640.0,1040.0,44.991414
680.0,1040.0,46.316352
720.0,1040.0,47.747365
760.0,1040.0,49.284926
800.0,1040.0,50.928902
840.0,1040.0,52.680082
880.0,1040.0,54.537993
920.0,1040.0,56.503507
960.0,1040.0,58.576
1000.0,1040.0,60.756211
1040.0,1040.0,63.043697
1080.0,1040.0,65.438693
1120.0,1040.0,67.941333
1160.0,1040.0,70.550955
1200.0,1040.0,73.268072
1240.0,1040.0,76.092558
1280.0,1040.0,79.02369
1320.0,1040.0,82.061801
1360.0,1040.0,85.206739
1400.0,1040.0,88.458284
1440.0,1040.0,91.815898
-1440.0,1080.0,
-1400.0,1080.0,
-1360.0,1080.0,
-1320.0,1080.0,
-1280.0,1080.0,
-1240.0,1080.0,
-1200.0,1080.0,
-1160.0,1080.0,
-1120.0,1080.0,
-1080.0,1080.0,
-1040.0,1080.0,
-1000.0,1080.0,106.491786
-960.0,1080.0,102.798497
-920.0,1080.0,99.209809
-880.0,1080.0,95.726311
-840.0,1080.0,92.347366
-800.0,1080.0,89.073721
-760.0,1080.0,85.904716
-720.0,1080.0,82.840986
-680.0,1080.0,79.882063
-640.0,1080.0,77.028262
-600.0,1080.0,74.279536
-560.0,1080.0,71.635655
-520.0,1080.0,69.096895
-480.0,1080.0,66.66313
-440.0,1080.0,64.334124
-400.0,1080.0,62.11006
-360.0,1080.0,59.990845
-320.0,1080.0,57.976356
-280.0,1080.0,56.066324
-240.0,1080.0,54.260794
-200.0,1080.0,52.559603
-160.0,1080.0,50.962566
-120.0,1080.0,49.469477
-80.0,1080.0,48.080104
-40.0,1080.0,46.79419
0.0,1080.0,45.611457
40.0,1080.0,44.531624
80.0,1080.0,43.555823
120.0,1080.0,42.688639
160.0,1080.0,41.93778
200.0,1080.0,41.314068
240.0,1080.0,40.831379
280.0,1080.0,40.506547
320.0,1080.0,40.359249
360.0,1080.0,40.411813
400.0,1080.0,40.689198
440.0,1080.0,41.219022
480.0,1080.0,41.9827
520.0,1080.0,42.85532
560.0,1080.0,43.82856
600.0,1080.0,44.903032
640.0,1080.0,46.079054
680.0,1080.0,47.356611
720.0,1080.0,48.736426
760.0,1080.0,50.218521
800.0,1080.0,51.803178
840.0,1080.0,53.490765
880.0,1080.0,55.281136
920.0,1080.0,57.174852
960.0,1080.0,59.171567
1000.0,1080.0,61.271779
1040.0,1080.0,63.475231
1080.0,1080.0,65.782051
1120.0,1080.0,68.192421
1160.0,1080.0,70.705738
1200.0,1080.0,73.322535
1240.0,1080.0,76.042544
1280.0,1080.0,78.865278
1320.0,1080.0,81.791085
1360.0,1080.0,84.819791
1400.0,1080.0,87.950854
1440.0,1080.0,91.184185
-1400.0,1120.0,
-1360.0,1120.0,
-1320.0,1120.0,
-1280.0,1120.0,
-1240.0,1120.0,
-1200.0,1120.0,
-1160.0,1120.0,
-1120.0,1120.0,
-1080.0,1120.0,
-1040.0,1120.0,
-1000.0,1120.0,
-960.0,1120.0,101.886351
-920.0,1120.0,98.42719
-880.0,1120.0,95.069261
-840.0,1120.0,91.812192
-800.0,1120.0,88.656426
-760.0,1120.0,85.601636
-720.0,1120.0,82.648074
-680.0,1120.0,79.795703
-640.0,1120.0,77.044362
-600.0,1120.0,74.394344
-560.0,1120.0,71.845347
-520.0,1120.0,69.397454
-480.0,1120.0,67.050748
-440.0,1120.0,64.805079
-400.0,1120.0,62.660262
-360.0,1120.0,60.616416
-320.0,1120.0,58.673434
-280.0,1120.0,56.831195
-240.0,1120.0,55.089505
-200.0,1120.0,53.448193
-160.0,1120.0,51.907178
-120.0,1120.0,50.466266
-80.0,1120.0,49.125242
-40.0,1120.0,47.88387
0.0,1120.0,46.741897
40.0,1120.0,45.699068
80.0,1120.0,44.75646
120.0,1120.0,43.918539
160.0,1120.0,43.192764
200.0,1120.0,42.589618
240.0,1120.0,42.12254
280.0,1120.0,41.807827
320.0,1120.0,41.664418
360.0,1120.0,41.71418
400.0,1120.0,41.981402
440.0,1120.0,42.492807
480.0,1120.0,43.230623
520.0,1120.0,44.073511
560.0,1120.0,45.013725
600.0,1120.0,46.051584
640.0,1120.0,47.187097
680.0,1120.0,48.420744
720.0,1120.0,49.752935
760.0,1120.0,51.183432
800.0,1120.0,52.712964
840.0,1120.0,54.341429
880.0,1120.0,56.069089
920.0,1120.0,57.89611
960.0,1120.0,59.822484
1000.0,1120.0,61.848411
1040.0,1120.0,63.973879
1080.0,1120.0,66.19884
1120.0,1120.0,68.523595
1160.0,1120.0,70.947514
1200.0,1120.0,73.471186
1240.0,1120.0,76.094212
1280.0,1120.0,78.816364
1320.0,1120.0,81.637918
1360.0,1120.0,84.558597
1400.0,1120.0,87.577822
-1360.0,1160.0,
-1320.0,1160.0,
-1280.0,1160.0,
-1240.0,1160.0,
-1200.0,1160.0,
-1160.0,1160.0,
-1120.0,1160.0,
-1080.0,1160.0,
-1040.0,1160.0,
-1000.0,1160.0,
-960.0,1160.0,
-920.0,1160.0,97.794832
-880.0,1160.0,94.553671
-840.0,1160.0,91.409989
-800.0,1160.0,88.363837
-760.0,1160.0,85.415311
-720.0,1160.0,82.564204
-680.0,1160.0,79.810883
-640.0,1160.0,77.154901
-600.0,1160.0,74.596574
-560.0,1160.0,72.135926
-520.0,1160.0,69.772569
-480.0,1160.0,67.50677
-440.0,1160.0,65.338486
-400.0,1160.0,63.26759
-360.0,1160.0,61.29385
-320.0,1160.0,59.417374
-280.0,1160.0,57.638042
-240.0,1160.0,55.955723
-200.0,1160.0,54.370267
-160.0,1160.0,52.881511
-120.0,1160.0,51.489202
-80.0,1160.0,50.19322
-40.0,1160.0,48.993361
0.0,1160.0,47.889394
40.0,1160.0,46.88109
80.0,1160.0,45.96947
120.0,1160.0,45.158889
160.0,1160.0,44.456568
200.0,1160.0,43.872614
240.0,1160.0,43.420058
280.0,1160.0,43.114746
320.0,1160.0,42.975187
360.0,1160.0,43.022484
400.0,1160.0,43.280235
440.0,1160.0,43.774356
480.0,1160.0,44.487773
520.0,1160.0,45.303081
560.0,1160.0,46.212422
600.0,1160.0,47.215902
640.0,1160.0,48.313738
680.0,1160.0,49.506409
720.0,1160.0,50.793946
760.0,1160.0,52.176546
800.0,1160.0,53.654706
840.0,1160.0,55.228065
880.0,1160.0,56.897324
920.0,1160.0,58.662215
960.0,1160.0,60.523111
1000.0,1160.0,62.479866
1040.0,1160.0,64.532763
1080.0,1160.0,66.681516
1120.0,1160.0,68.926612
1160.0,1160.0,71.267314
1200.0,1160.0,73.704301
1240.0,1160.0,76.237099
1280.0,1160.0,78.865627
1320.0,1160.0,81.590135
1360.0,1160.0,84.410097
-1320.0,1200.0,
-1280.0,1200.0,
-1240.0,1200.0,
-1200.0,1200.0,
-1160.0,1200.0,
-1120.0,1200.0,
-1080.0,1200.0,
-1040.0,1200.0,
-1000.0,1200.0,
-960.0,1200.0,
-920.0,1200.0,
-880.0,1200.0,94.165302
-840.0,1200.0,91.127369
-800.0,1200.0,88.183418
-760.0,1200.0,85.333949
-720.0,1200.0,82.578416
-680.0,1200.0,79.917271
-640.0,1200.0,77.350401
-600.0,1200.0,74.877565
-560.0,1200.0,72.499055
-520.0,1200.0,70.214784
-480.0,1200.0,68.024425
-440.0,1200.0,65.928226
-400.0,1200.0,63.926106
-360.0,1200.0,62.017976
-320.0,1200.0,60.20356
-280.0,1200.0,58.48291
-240.0,1200.0,56.85593
-200.0,1200.0,55.322478
-160.0,1200.0,53.882399
-120.0,1200.0,52.535524
-80.0,1200.0,51.281668
-40.0,1200.0,50.120635
0.0,1200.0,49.052213
40.0,1200.0,48.076195
80.0,1200.0,47.193552
120.0,1200.0,46.408526
160.0,1200.0,45.728117
200.0,1200.0,45.162198
240.0,1200.0,44.723396
280.0,1200.0,44.427057
320.0,1200.0,44.291152
360.0,1200.0,44.336181
400.0,1200.0,44.584956
440.0,1200.0,45.062758
480.0,1200.0,45.753517
520.0,1200.0,46.542971
560.0,1200.0,47.42329
600.0,1200.0,48.394546
640.0,1200.0,49.457223
680.0,1200.0,50.611539
720.0,1200.0,51.857297
760.0,1200.0,53.195151
800.0,1200.0,54.625113
840.0,1200.0,56.147179
880.0,1200.0,57.761909
920.0,1200.0,59.468771
960.0,1200.0,61.268559
1000.0,1200.0,63.160733
1040.0,1200.0,65.145922
1080.0,1200.0,67.223544
1120.0,1200.0,69.394312
1160.0,1200.0,71.65737
1200.0,1200.0,74.013461
1240.0,1200.0,76.462099
1280.0,1200.0,79.003257
1320.0,1200.0,81.637202
-1280.0,1240.0,
-1240.0,1240.0,
-1200.0,1240.0,
-1160.0,1240.0,
-1120.0,1240.0,
-1080.0,1240.0,
-1040.0,1240.0,
-1000.0,1240.0,
-960.0,1240.0,
-920.0,1240.0,
-880.0,1240.0,
-840.0,1240.0,
-800.0,1240.0,88.10425
-760.0,1240.0,85.347167
-720.0,1240.0,82.681175
-680.0,1240.0,80.106177
-640.0,1240.0,77.622443
-600.0,1240.0,75.229682
-560.0,1240.0,72.927939
-520.0,1240.0,70.717334
-480.0,1240.0,68.597765
-440.0,1240.0,66.568946
-400.0,1240.0,64.631074
-360.0,1240.0,62.784061
-320.0,1240.0,61.027809
-280.0,1240.0,59.362182
-240.0,1240.0,57.786958
-200.0,1240.0,56.302153
-160.0,1240.0,54.907621
-120.0,1240.0,53.603205
-80.0,1240.0,52.388734
-40.0,1240.0,51.264029
0.0,1240.0,50.228899
40.0,1240.0,49.283154
80.0,1240.0,48.427715
120.0,1240.0,47.666718
160.0,1240.0,47.006959
200.0,1240.0,46.45802
240.0,1240.0,46.032163
280.0,1240.0,45.744289
320.0,1240.0,45.611808
360.0,1240.0,45.654557
400.0,1240.0,45.894961
440.0,1240.0,46.357619
480.0,1240.0,47.027081
520.0,1240.0,47.792173
560.0,1240.0,48.645106
600.0,1240.0,49.586314
640.0,1240.0,50.616012
680.0,1240.0,51.734094
720.0,1240.0,52.940943
760.0,1240.0,54.23688
800.0,1240.0,55.621629
840.0,1240.0,57.095721
880.0,1240.0,58.659193
920.0,1240.0,60.311948
960.0,1240.0,62.054502
1000.0,1240.0,63.8863
1040.0,1240.0,65.80814
1080.0,1240.0,67.819233
1120.0,1240.0,69.920407
1160.0,1240.0,72.110922
1200.0,1240.0,74.391336
1240.0,1240.0,76.761288
1280.0,1240.0,79.220717
-1240.0,1280.0,
-1200.0,1280.0,
-1160.0,1280.0,
-1120.0,1280.0,
-1080.0,1280.0,
-1040.0,1280.0,
-1000.0,1280.0,
-960.0,1280.0,
-920.0,1280.0,
-880.0,1280.0,
-840.0,1280.0,
-800.0,1280.0,
-760.0,1280.0,85.446243
-720.0,1280.0,82.864083
-680.0,1280.0,80.369842
-640.0,1280.0,77.963869
-600.0,1280.0,75.646183
-560.0,1280.0,73.416418
-520.0,1280.0,71.27479
-480.0,1280.0,69.221305
-440.0,1280.0,67.255891
-400.0,1280.0,65.378219
-360.0,1280.0,63.588473
-320.0,1280.0,61.886564
-280.0,1280.0,60.272387
-240.0,1280.0,58.745827
-200.0,1280.0,57.306758
-160.0,1280.0,55.95497
-120.0,1280.0,54.690383
-80.0,1280.0,53.51287
-40.0,1280.0,52.422266
0.0,1280.0,51.418397
40.0,1280.0,50.501094
80.0,1280.0,49.671224
120.0,1280.0,48.932826
160.0,1280.0,48.292502
200.0,1280.0,47.759552
240.0,1280.0,47.345819
280.0,1280.0,47.065804
320.0,1280.0,46.936512
360.0,1280.0,46.977327
400.0,1280.0,47.209959
440.0,1280.0,47.658378
480.0,1280.0,48.307673
520.0,1280.0,49.049697
560.0,1280.0,49.877094
600.0,1280.0,50.790048
640.0,1280.0,51.788551
680.0,1280.0,52.872762
720.0,1280.0,54.043067
760.0,1280.0,55.299446
800.0,1280.0,56.641936
840.0,1280.0,58.071015
880.0,1280.0,59.586356
920.0,1280.0,61.188387
960.0,1280.0,62.877108
1000.0,1280.0,64.652441
1040.0,1280.0,66.514733
1080.0,1280.0,68.463604
1120.0,1280.0,70.499519
1160.0,1280.0,72.622052
1200.0,1280.0,74.831513
1240.0,1280.0,
-1200.0,1320.0,
-1160.0,1320.0,
-1120.0,1320.0,
-1080.0,1320.0,
-1040.0,1320.0,
-1000.0,1320.0,
-960.0,1320.0,
-920.0,1320.0,
-880.0,1320.0,
-840.0,1320.0,
-800.0,1320.0,
-760.0,1320.0,
-720.0,1320.0,
-680.0,1320.0,80.701456
-640.0,1320.0,78.368471
-600.0,1320.0,76.121025
-560.0,1320.0,73.959065
-520.0,1320.0,71.882206
-480.0,1320.0,69.890722
-440.0,1320.0,67.984563
-400.0,1320.0,66.163653
-360.0,1320.0,64.427771
-320.0,1320.0,62.776896
-280.0,1320.0,61.211018
-240.0,1320.0,59.730029
-200.0,1320.0,58.333809
-160.0,1320.0,57.022234
-120.0,1320.0,55.795166
-80.0,1320.0,54.652463
-40.0,1320.0,53.593973
0.0,1320.0,52.619538
40.0,1320.0,51.729004
80.0,1320.0,50.923189
120.0,1320.0,50.206035
160.0,1320.0,49.583967
200.0,1320.0,49.066014
240.0,1320.0,48.663777
280.0,1320.0,48.391331
320.0,1320.0,48.265184
360.0,1320.0,48.304201
400.0,1320.0,48.529528
440.0,1320.0,48.964342
480.0,1320.0,49.594563
520.0,1320.0,50.315052
560.0,1320.0,51.118385
600.0,1320.0,52.004588
640.0,1320.0,52.973711
680.0,1320.0,54.026148
720.0,1320.0,55.162054
760.0,1320.0,56.381114
800.0,1320.0,57.683948
840.0,1320.0,59.070576
880.0,1320.0,60.540772
920.0,1320.0,62.095134
960.0,1320.0,63.733242
1000.0,1320.0,65.455528
1040.0,1320.0,67.261851
1080.0,1320.0,69.15228
1120.0,1320.0,71.126873
1160.0,1320.0,73.185566
1200.0,1320.0,
-1160.0,1360.0,
-1120.0,1360.0,
-1080.0,1360.0,
-1040.0,1360.0,
-1000.0,1360.0,
-960.0,1360.0,
-920.0,1360.0,
-880.0,1360.0,
-840.0,1360.0,
-800.0,1360.0,
-760.0,1360.0,
-720.0,1360.0,
-680.0,1360.0,
-640.0,1360.0,
-600.0,1360.0,76.64929
-560.0,1360.0,74.550807
-520.0,1360.0,72.535172
-480.0,1360.0,70.602028
-440.0,1360.0,68.75161
-400.0,1360.0,66.983862
-360.0,1360.0,65.298704
-320.0,1360.0,63.696048
-280.0,1360.0,62.175642
-240.0,1360.0,60.737546
-200.0,1360.0,59.381667
-160.0,1360.0,58.107887
-120.0,1360.0,56.916081
-80.0,1360.0,55.806115
-40.0,1360.0,54.777853
0.0,1360.0,53.831149
40.0,1360.0,52.965865
80.0,1360.0,52.182771
120.0,1360.0,51.485716
160.0,1360.0,50.880954
200.0,1360.0,50.377266
240.0,1360.0,49.985928
280.0,1360.0,49.720651
320.0,1360.0,49.597499
360.0,1360.0,49.634753
400.0,1360.0,49.852999
440.0,1360.0,50.275079
480.0,1360.0,50.887436
520.0,1360.0,51.58759
560.0,1360.0,52.368082
600.0,1360.0,53.228951
640.0,1360.0,54.170546
680.0,1360.0,55.193016
720.0,1360.0,56.296171
760.0,1360.0,57.48035
800.0,1360.0,58.745815
840.0,1360.0,60.09227
880.0,1360.0,61.520102
920.0,1360.0,63.029481
960.0,1360.0,64.620004
1000.0,1360.0,66.292356
1040.0,1360.0,68.04597
1080.0,1360.0,69.881401
1120.0,1360.0,
1160.0,1360.0,
-1120.0,1400.0,
-1080.0,1400.0,
-1040.0,1400.0,
-1000.0,1400.0,
-960.0,1400.0,
-920.0,1400.0,
-880.0,1400.0,
-840.0,1400.0,
-800.0,1400.0,
-760.0,1400.0,
-720.0,1400.0,
-680.0,1400.0,
-640.0,1400.0,
-600.0,1400.0,
-560.0,1400.0,
-520.0,1400.0,73.229486
-480.0,1400.0,71.35159
-440.0,1400.0,69.553771
-400.0,1400.0,67.83613
-360.0,1400.0,66.198657
-320.0,1400.0,64.641267
-280.0,1400.0,63.163872
-240.0,1400.0,61.766375
-200.0,1400.0,60.448601
-160.0,1400.0,59.210477
-120.0,1400.0,58.051942
-80.0,1400.0,56.972876
-40.0,1400.0,55.973152
0.0,1400.0,55.052639
40.0,1400.0,54.211211
80.0,1400.0,53.449591
120.0,1400.0,52.771537
160.0,1400.0,52.183144
200.0,1400.0,51.692957
240.0,1400.0,51.311951
280.0,1400.0,51.05336
320.0,1400.0,50.932903
360.0,1400.0,50.96851
400.0,1400.0,51.180263
440.0,1400.0,51.590353
480.0,1400.0,52.185808
520.0,1400.0,52.866568
560.0,1400.0,53.625387
600.0,1400.0,54.462523
640.0,1400.0,55.378104
680.0,1400.0,56.372034
720.0,1400.0,57.444462
760.0,1400.0,58.595706
800.0,1400.0,59.825712
840.0,1400.0,61.134411
880.0,1400.0,62.522271
920.0,1400.0,63.989006
960.0,1400.0,65.534825
1000.0,1400.0,
1040.0,1400.0,
1080.0,1400.0,
1120.0,1400.0,
-1080.0,1440.0,
-1040.0,1440.0,
-1000.0,1440.0,
-960.0,1440.0,
-920.0,1440.0,
-880.0,1440.0,
-840.0,1440.0,
-800.0,1440.0,
-760.0,1440.0,
-720.0,1440.0,
-680.0,1440.0,
-640.0,1440.0,
-600.0,1440.0,
-560.0,1440.0,
-520.0,1440.0,
-480.0,1440.0,
-440.0,1440.0,
-400.0,1440.0,68.717822
-360.0,1440.0,67.125376
-320.0,1440.0,65.610736
-280.0,1440.0,64.173815
-240.0,1440.0,62.814524
-200.0,1440.0,61.532766
-160.0,1440.0,60.328439
-120.0,1440.0,59.201435
-80.0,1440.0,58.151643
-40.0,1440.0,57.178946
0.0,1440.0,56.283227
40.0,1440.0,55.464369
80.0,1440.0,54.723051
120.0,1440.0,54.062944
160.0,1440.0,53.489989
200.0,1440.0,53.012509
240.0,1440.0,52.641192
280.0,1440.0,52.38904
320.0,1440.0,52.27131
360.0,1440.0,52.305458
400.0,1440.0,52.511071
440.0,1440.0,52.909804
480.0,1440.0,53.489001
520.0,1440.0,54.151423
560.0,1440.0,54.88991
600.0,1440.0,55.704576
640.0,1440.0,56.595359
680.0,1440.0,57.562324
720.0,1440.0,58.605795
760.0,1440.0,59.725884
800.0,1440.0,60.922203
840.0,1440.0,62.195348
880.0,1440.0,
920.0,1440.0,
960.0,1440.0,
1000.0,1440.0,
1040.0,1440.0,
1080.0,1440.0,
-1000.0,1480.0,
-960.0,1480.0,
-920.0,1480.0,
-880.0,1480.0,
-840.0,1480.0,
-800.0,1480.0,
-760.0,1480.0,
-720.0,1480.0,
-680.0,1480.0,
-640.0,1480.0,
-600.0,1480.0,
-560.0,1480.0,
-520.0,1480.0,
-480.0,1480.0,
-440.0,1480.0,
-400.0,1480.0,
-360.0,1480.0,
-320.0,1480.0,
-280.0,1480.0,
-240.0,1480.0,
-200.0,1480.0,62.633018
-160.0,1480.0,61.460582
-120.0,1480.0,60.36335
-80.0,1480.0,59.341221
-40.0,1480.0,58.394087
0.0,1480.0,57.521842
40.0,1480.0,56.724379
80.0,1480.0,56.002333
120.0,1480.0,55.359292
160.0,1480.0,54.801047
200.0,1480.0,54.335715
240.0,1480.0,53.973709
280.0,1480.0,53.727703
320.0,1480.0,53.612576
360.0,1480.0,53.645353
400.0,1480.0,53.845014
440.0,1480.0,54.232745
480.0,1480.0,54.796739
520.0,1480.0,55.441889
560.0,1480.0,56.161096
600.0,1480.0,56.954282
640.0,1480.0,57.821532
680.0,1480.0,58.763121
720.0,1480.0,
760.0,1480.0,
800.0,1480.0,
840.0,1480.0,
880.0,1480.0,
920.0,1480.0,
960.0,1480.0,
1000.0,1480.0,
-960.0,1520.0,
-920.0,1520.0,
-880.0,1520.0,
-840.0,1520.0,
-800.0,1520.0,
-760.0,1520.0,
-720.0,1520.0,
-680.0,1520.0,
-640.0,1520.0,
-600.0,1520.0,
-560.0,1520.0,
-520.0,1520.0,
-480.0,1520.0,
-440.0,1520.0,
-400.0,1520.0,
-360.0,1520.0,
-320.0,1520.0,
-280.0,1520.0,
-240.0,1520.0,
-200.0,1520.0,
-160.0,1520.0,
-120.0,1520.0,
-80.0,1520.0,
-40.0,1520.0,
0.0,1520.0,
40.0,1520.0,
80.0,1520.0,
120.0,1520.0,
160.0,1520.0,
200.0,1520.0,
240.0,1520.0,
280.0,1520.0,
320.0,1520.0,
360.0,1520.0,
400.0,1520.0,
440.0,1520.0,
480.0,1520.0,
520.0,1520.0,
560.0,1520.0,
600.0,1520.0,
640.0,1520.0,
680.0,1520.0,
720.0,1520.0,
760.0,1520.0,
800.0,1520.0,
840.0,1520.0,
880.0,1520.0,
920.0,1520.0,
960.0,1520.0,
-880.0,1560.0,
-840.0,1560.0,
-800.0,1560.0,
-760.0,1560.0,
-720.0,1560.0,
-680.0,1560.0,
-640.0,1560.0,
-600.0,1560.0,
-560.0,1560.0,
-520.0,1560.0,
-480.0,1560.0,
-440.0,1560.0,
-400.0,1560.0,
-360.0,1560.0,
-320.0,1560.0,
-280.0,1560.0,
-240.0,1560.0,
-200.0,1560.0,
-160.0,1560.0,
-120.0,1560.0,
-80.0,1560.0,
-40.0,1560.0,
0.0,1560.0,
40.0,1560.0,
80.0,1560.0,
120.0,1560.0,
160.0,1560.0,
200.0,1560.0,
240.0,1560.0,
280.0,1560.0,
320.0,1560.0,
360.0,1560.0,
400.0,1560.0,
440.0,1560.0,
480.0,1560.0,
520.0,1560.0,
560.0,1560.0,
600.0,1560.0,
640.0,1560.0,
680.0,1560.0,
720.0,1560.0,
760.0,1560.0,
800.0,1560.0,
840.0,1560.0,
880.0,1560.0,
-800.0,1600.0,
-760.0,1600.0,
-720.0,1600.0,
-680.0,1600.0,
-640.0,1600.0,
-600.0,1600.0,
-560.0,1600.0,
-520.0,1600.0,
-480.0,1600.0,
-440.0,1600.0,
-400.0,1600.0,
-360.0,1600.0,
-320.0,1600.0,
-280.0,1600.0,
-240.0,1600.0,
-200.0,1600.0,
-160.0,1600.0,
-120.0,1600.0,
-80.0,1600.0,
-40.0,1600.0,
0.0,1600.0,
40.0,1600.0,
80.0,1600.0,
120.0,1600.0,
160.0,1600.0,
200.0,1600.0,
240.0,1600.0,
280.0,1600.0,
320.0,1600.0,
360.0,1600.0,
400.0,1600.0,
440.0,1600.0,
480.0,1600.0,
520.0,1600.0,
560.0,1600.0,
600.0,1600.0,
640.0,1600.0,
680.0,1600.0,
720.0,1600.0,
760.0,1600.0,
800.0,1600.0,
-720.0,1640.0,
-680.0,1640.0,
-640.0,1640.0,
-600.0,1640.0,
-560.0,1640.0,
-520.0,1640.0,
-480.0,1640.0,
-440.0,1640.0,
-400.0,1640.0,
-360.0,1640.0,
-320.0,1640.0,
-280.0,1640.0,
-240.0,1640.0,
-200.0,1640.0,
-160.0,1640.0,
-120.0,1640.0,
-80.0,1640.0,
-40.0,1640.0,
0.0,1640.0,
40.0,1640.0,
80.0,1640.0,
120.0,1640.0,
160.0,1640.0,
200.0,1640.0,
240.0,1640.0,
280.0,1640.0,
320.0,1640.0,
360.0,1640.0,
400.0,1640.0,
440.0,1640.0,
480.0,1640.0,
520.0,1640.0,
560.0,1640.0,
600.0,1640.0,
640.0,1640.0,
680.0,1640.0,
720.0,1640.0,
-640.0,1680.0,
-600.0,1680.0,
-560.0,1680.0,
-520.0,1680.0,
-480.0,1680.0,
-440.0,1680.0,
-400.0,1680.0,
-360.0,1680.0,
-320.0,1680.0,
-280.0,1680.0,
-240.0,1680.0,
-200.0,1680.0,
-160.0,1680.0,
-120.0,1680.0,
-80.0,1680.0,
-40.0,1680.0,
0.0,1680.0,
40.0,1680.0,
80.0,1680.0,
120.0,1680.0,
160.0,1680.0,
200.0,1680.0,
240.0,1680.0,
280.0,1680.0,
320.0,1680.0,
360.0,1680.0,
400.0,1680.0,
440.0,1680.0,
480.0,1680.0,
520.0,1680.0,
560.0,1680.0,
600.0,1680.0,
640.0,1680.0,
-520.0,1720.0,
-480.0,1720.0,
-440.0,1720.0,
-400.0,1720.0,
-360.0,1720.0,
-320.0,1720.0,
-280.0,1720.0,
-240.0,1720.0,
-200.0,1720.0,
-160.0,1720.0,
-120.0,1720.0,
-80.0,1720.0,
-40.0,1720.0,
0.0,1720.0,
40.0,1720.0,
80.0,1720.0,
120.0,1720.0,
160.0,1720.0,
200.0,1720.0,
240.0,1720.0,
280.0,1720.0,
320.0,1720.0,
360.0,1720.0,
400.0,1720.0,
440.0,1720.0,
480.0,1720.0,
520.0,1720.0,
-360.0,1760.0,
-320.0,1760.0,
-280.0,1760.0,
-240.0,1760.0,
-200.0,1760.0,
-160.0,1760.0,
-120.0,1760.0,
-80.0,1760.0,
-40.0,1760.0,
0.0,1760.0,
40.0,1760.0,
80.0,1760.0,
120.0,1760.0,
160.0,1760.0,
200.0,1760.0,
240.0,1760.0,
280.0,1760.0,
320.0,1760.0,
360.0,1760.0,
0.0,1800.0,
