x_m,y_m,E_diam_given_detectable_m
0.0,-1800.0,
-360.0,-1760.0,
-320.0,-1760.0,
-280.0,-1760.0,
-240.0,-1760.0,
-200.0,-1760.0,
-160.0,-1760.0,
-120.0,-1760.0,
-80.0,-1760.0,
-40.0,-1760.0,
0.0,-1760.0,
40.0,-1760.0,
80.0,-1760.0,
120.0,-1760.0,
160.0,-1760.0,
200.0,-1760.0,
240.0,-1760.0,
280.0,-1760.0,
320.0,-1760.0,
360.0,-1760.0,
-520.0,-1720.0,
-480.0,-1720.0,
-440.0,-1720.0,
-400.0,-1720.0,
-360.0,-1720.0,
-320.0,-1720.0,
-280.0,-1720.0,
-240.0,-1720.0,
-200.0,-1720.0,
-160.0,-1720.0,
-120.0,-1720.0,
-80.0,-1720.0,
-40.0,-1720.0,
0.0,-1720.0,
40.0,-1720.0,
80.0,-1720.0,
120.0,-1720.0,
160.0,-1720.0,
200.0,-1720.0,
240.0,-1720.0,
280.0,-1720.0,
320.0,-1720.0,
360.0,-1720.0,
400.0,-1720.0,
440.0,-1720.0,
480.0,-1720.0,
520.0,-1720.0,
-640.0,-1680.0,
-600.0,-1680.0,
-560.0,-1680.0,
-520.0,-1680.0,
-480.0,-1680.0,
-440.0,-1680.0,
-400.0,-1680.0,
-360.0,-1680.0,
-320.0,-1680.0,
-280.0,-1680.0,
-240.0,-1680.0,
-200.0,-1680.0,
-160.0,-1680.0,
-120.0,-1680.0,
-80.0,-1680.0,
-40.0,-1680.0,
0.0,-1680.0,
40.0,-1680.0,
80.0,-1680.0,
120.0,-1680.0,
160.0,-1680.0,
200.0,-1680.0,
240.0,-1680.0,
280.0,-1680.0,
320.0,-1680.0,
360.0,-1680.0,
400.0,-1680.0,
440.0,-1680.0,
480.0,-1680.0,
520.0,-1680.0,
560.0,-1680.0,
600.0,-1680.0,
640.0,-1680.0,
-720.0,-1640.0,
-680.0,-1640.0,
-640.0,-1640.0,
-600.0,-1640.0,
-560.0,-1640.0,
-520.0,-1640.0,
-480.0,-1640.0,
-440.0,-1640.0,
-400.0,-1640.0,
-360.0,-1640.0,
-320.0,-1640.0,
-280.0,-1640.0,
-240.0,-1640.0,
-200.0,-1640.0,
-160.0,-1640.0,
-120.0,-1640.0,
-80.0,-1640.0,
-40.0,-1640.0,
0.0,-1640.0,
40.0,-1640.0,
80.0,-1640.0,
120.0,-1640.0,
160.0,-1640.0,
200.0,-1640.0,
240.0,-1640.0,
280.0,-1640.0,
320.0,-1640.0,
360.0,-1640.0,
400.0,-1640.0,
440.0,-1640.0,
480.0,-1640.0,
520.0,-1640.0,
560.0,-1640.0,
600.0,-1640.0,
640.0,-1640.0,
680.0,-1640.0,
720.0,-1640.0,
-800.0,-1600.0,
-760.0,-1600.0,
-720.0,-1600.0,
-680.0,-1600.0,
-640.0,-1600.0,
-600.0,-1600.0,
-560.0,-1600.0,
-520.0,-1600.0,
-480.0,-1600.0,
-440.0,-1600.0,
-400.0,-1600.0,
-360.0,-1600.0,
-320.0,-1600.0,
-280.0,-1600.0,
-240.0,-1600.0,
-200.0,-1600.0,
-160.0,-1600.0,
-120.0,-1600.0,
-80.0,-1600.0,
-40.0,-1600.0,
0.0,-1600.0,
40.0,-1600.0,
80.0,-1600.0,
120.0,-1600.0,
160.0,-1600.0,
200.0,-1600.0,
240.0,-1600.0,
280.0,-1600.0,
320.0,-1600.0,
360.0,-1600.0,
400.0,-1600.0,
440.0,-1600.0,
480.0,-1600.0,
520.0,-1600.0,
560.0,-1600.0,
600.0,-1600.0,
640.0,-1600.0,
680.0,-1600.0,
720.0,-1600.0,
760.0,-1600.0,
800.0,-1600.0,
-880.0,-1560.0,
-840.0,-1560.0,
-800.0,-1560.0,
-760.0,-1560.0,
-720.0,-1560.0,
-680.0,-1560.0,
-640.0,-1560.0,
-600.0,-1560.0,
-560.0,-1560.0,
-520.0,-1560.0,
-480.0,-1560.0,
-440.0,-1560.0,
-400.0,-1560.0,
-360.0,-1560.0,
-320.0,-1560.0,
-280.0,-1560.0,
-240.0,-1560.0,
-200.0,-1560.0,
-160.0,-1560.0,
-120.0,-1560.0,
-80.0,-1560.0,
-40.0,-1560.0,
0.0,-1560.0,
40.0,-1560.0,
80.0,-1560.0,
120.0,-1560.0,
160.0,-1560.0,
200.0,-1560.0,
240.0,-1560.0,
280.0,-1560.0,
320.0,-1560.0,
360.0,-1560.0,
400.0,-1560.0,
440.0,-1560.0,
480.0,-1560.0,
520.0,-1560.0,
560.0,-1560.0,
600.0,-1560.0,
640.0,-1560.0,
680.0,-1560.0,
720.0,-1560.0,
760.0,-1560.0,
800.0,-1560.0,
840.0,-1560.0,
880.0,-1560.0,
-960.0,-1520.0,
-920.0,-1520.0,
-880.0,-1520.0,
-840.0,-1520.0,
-800.0,-1520.0,
-760.0,-1520.0,
-720.0,-1520.0,
-680.0,-1520.0,
-640.0,-1520.0,
-600.0,-1520.0,
-560.0,-1520.0,
-520.0,-1520.0,
-480.0,-1520.0,
-440.0,-1520.0,
-400.0,-1520.0,
-360.0,-1520.0,
-320.0,-1520.0,
-280.0,-1520.0,
-240.0,-1520.0,
-200.0,-1520.0,
-160.0,-1520.0,
-120.0,-1520.0,
-80.0,-1520.0,
-40.0,-1520.0,
0.0,-1520.0,
40.0,-1520.0,
80.0,-1520.0,
120.0,-1520.0,
160.0,-1520.0,
200.0,-1520.0,
240.0,-1520.0,
280.0,-1520.0,
320.0,-1520.0,
360.0,-1520.0,
400.0,-1520.0,
440.0,-1520.0,
480.0,-1520.0,
520.0,-1520.0,
560.0,-1520.0,
600.0,-1520.0,
640.0,-1520.0,
680.0,-1520.0,
720.0,-1520.0,
760.0,-1520.0,
800.0,-1520.0,
840.0,-1520.0,
880.0,-1520.0,
920.0,-1520.0,
960.0,-1520.0,
-1000.0,-1480.0,
-960.0,-1480.0,
-920.0,-1480.0,
-880.0,-1480.0,
-840.0,-1480.0,
-800.0,-1480.0,
-760.0,-1480.0,
-720.0,-1480.0,
-680.0,-1480.0,
-640.0,-1480.0,
-600.0,-1480.0,
-560.0,-1480.0,
-520.0,-1480.0,
-480.0,-1480.0,
-440.0,-1480.0,
-400.0,-1480.0,
-360.0,-1480.0,
-320.0,-1480.0,
-280.0,-1480.0,
-240.0,-1480.0,
-200.0,-1480.0,68.392401
-160.0,-1480.0,66.951495
-120.0,-1480.0,65.586193
-80.0,-1480.0,64.296361
-40.0,-1480.0,63.08183
0.0,-1480.0,61.942492
40.0,-1480.0,60.878192
80.0,-1480.0,59.889184
120.0,-1480.0,58.977365
160.0,-1480.0,58.145853
200.0,-1480.0,57.399107
240.0,-1480.0,56.742886
280.0,-1480.0,56.184159
320.0,-1480.0,55.7312
360.0,-1480.0,55.393403
400.0,-1480.0,55.181478
440.0,-1480.0,55.107074
480.0,-1480.0,55.183205
520.0,-1480.0,55.423689
560.0,-1480.0,55.843347
600.0,-1480.0,56.458356
640.0,-1480.0,57.222584
680.0,-1480.0,58.060556
720.0,-1480.0,58.972116
760.0,-1480.0,59.957212
800.0,-1480.0,61.016123
840.0,-1480.0,62.149156
880.0,-1480.0,
920.0,-1480.0,
960.0,-1480.0,
1000.0,-1480.0,
-1080.0,-1440.0,
-1040.0,-1440.0,
-1000.0,-1440.0,
-960.0,-1440.0,
-920.0,-1440.0,
-880.0,-1440.0,
-840.0,-1440.0,
-800.0,-1440.0,
-760.0,-1440.0,
-720.0,-1440.0,
-680.0,-1440.0,
-640.0,-1440.0,
-600.0,-1440.0,
-560.0,-1440.0,
-520.0,-1440.0,
-480.0,-1440.0,
-440.0,-1440.0,
-400.0,-1440.0,76.009363
-360.0,-1440.0,74.138668
-320.0,-1440.0,72.346311
-280.0,-1440.0,70.6322
-240.0,-1440.0,68.996224
-200.0,-1440.0,67.438192
-160.0,-1440.0,65.958087
-120.0,-1440.0,64.555776
-80.0,-1440.0,63.231117
-40.0,-1440.0,61.983958
0.0,-1440.0,60.814137
40.0,-1440.0,59.721487
80.0,-1440.0,58.706279
120.0,-1440.0,57.770462
160.0,-1440.0,56.917249
200.0,-1440.0,56.151189
240.0,-1440.0,55.478174
280.0,-1440.0,54.905327
320.0,-1440.0,54.441048
360.0,-1440.0,54.095047
400.0,-1440.0,53.878267
440.0,-1440.0,53.802636
480.0,-1440.0,53.881481
520.0,-1440.0,54.128902
560.0,-1440.0,54.56028
600.0,-1440.0,55.191784
640.0,-1440.0,55.976011
680.0,-1440.0,56.835955
720.0,-1440.0,57.771489
760.0,-1440.0,58.78282
800.0,-1440.0,59.869798
840.0,-1440.0,61.032927
880.0,-1440.0,62.272442
920.0,-1440.0,63.588476
960.0,-1440.0,64.980821
1000.0,-1440.0,66.450084
1040.0,-1440.0,
1080.0,-1440.0,
-1120.0,-1400.0,
-1080.0,-1400.0,
-1040.0,-1400.0,
-1000.0,-1400.0,
-960.0,-1400.0,
-920.0,-1400.0,
-880.0,-1400.0,
-840.0,-1400.0,
-800.0,-1400.0,
-760.0,-1400.0,
-720.0,-1400.0,
-680.0,-1400.0,
-640.0,-1400.0,
-600.0,-1400.0,
-560.0,-1400.0,
-520.0,-1400.0,81.576621
-480.0,-1400.0,79.410477
-440.0,-1400.0,77.325232
-400.0,-1400.0,75.320818
-360.0,-1400.0,73.397157
-320.0,-1400.0,71.554118
-280.0,-1400.0,69.791566
-240.0,-1400.0,68.109499
-200.0,-1400.0,66.5078
-160.0,-1400.0,64.986341
-120.0,-1400.0,63.544982
-80.0,-1400.0,62.183574
-40.0,-1400.0,60.901952
0.0,-1400.0,59.699944
40.0,-1400.0,58.577368
80.0,-1400.0,57.534514
120.0,-1400.0,56.573369
160.0,-1400.0,55.697223
200.0,-1400.0,54.910741
240.0,-1400.0,54.219955
280.0,-1400.0,53.632207
320.0,-1400.0,53.156154
360.0,-1400.0,52.801679
400.0,-1400.0,52.579822
440.0,-1400.0,52.502937
480.0,-1400.0,52.584673
520.0,-1400.0,52.839426
560.0,-1400.0,53.282948
600.0,-1400.0,53.931912
640.0,-1400.0,54.737293
680.0,-1400.0,55.620376
720.0,-1400.0,56.581168
760.0,-1400.0,57.619898
800.0,-1400.0,58.736699
840.0,-1400.0,59.931571
880.0,-1400.0,61.205038
920.0,-1400.0,62.557311
960.0,-1400.0,63.988242
1000.0,-1400.0,65.498172
1040.0,-1400.0,67.087456
1080.0,-1400.0,68.755897
1120.0,-1400.0,70.503697
-1160.0,-1360.0,
-1120.0,-1360.0,
-1080.0,-1360.0,
-1040.0,-1360.0,
-1000.0,-1360.0,
-960.0,-1360.0,
-920.0,-1360.0,
-880.0,-1360.0,
-840.0,-1360.0,
-800.0,-1360.0,
-760.0,-1360.0,
-720.0,-1360.0,
-680.0,-1360.0,
-640.0,-1360.0,
-600.0,-1360.0,85.821403
-560.0,-1360.0,83.424794
-520.0,-1360.0,81.111672
-480.0,-1360.0,78.881983
-440.0,-1360.0,76.735668
-400.0,-1360.0,74.672657
-360.0,-1360.0,72.692706
-320.0,-1360.0,70.795914
-280.0,-1360.0,68.982184
-240.0,-1360.0,67.251406
-200.0,-1360.0,65.603462
-160.0,-1360.0,64.038215
-120.0,-1360.0,62.55552
-80.0,-1360.0,61.155218
-40.0,-1360.0,59.837133
0.0,-1360.0,58.601079
40.0,-1360.0,57.446862
80.0,-1360.0,56.374789
120.0,-1360.0,55.386886
160.0,-1360.0,54.486527
200.0,-1360.0,53.678494
240.0,-1360.0,52.968969
280.0,-1360.0,52.365491
320.0,-1360.0,51.876922
360.0,-1360.0,51.51341
400.0,-1360.0,51.2864
440.0,-1360.0,51.208356
480.0,-1360.0,51.293172
520.0,-1360.0,51.555687
560.0,-1360.0,52.01203
600.0,-1360.0,52.679216
640.0,-1360.0,53.506985
680.0,-1360.0,54.414548
720.0,-1360.0,55.401987
760.0,-1360.0,56.469639
800.0,-1360.0,57.61776
840.0,-1360.0,58.846314
880.0,-1360.0,60.155661
920.0,-1360.0,61.546182
960.0,-1360.0,63.01796
1000.0,-1360.0,64.570908
1040.0,-1360.0,66.205626
1080.0,-1360.0,67.922105
1120.0,-1360.0,69.72018
1160.0,-1360.0,71.600479
-1200.0,-1320.0,
-1160.0,-1320.0,
-1120.0,-1320.0,
-1080.0,-1320.0,
-1040.0,-1320.0,
-1000.0,-1320.0,
-960.0,-1320.0,
-920.0,-1320.0,
-880.0,-1320.0,
-840.0,-1320.0,
-800.0,-1320.0,
-760.0,-1320.0,
-720.0,-1320.0,
-680.0,-1320.0,90.751494
-640.0,-1320.0,88.110048
-600.0,-1320.0,85.554565
-560.0,-1320.0,83.08524
-520.0,-1320.0,80.702028
-480.0,-1320.0,78.404878
-440.0,-1320.0,76.193657
-400.0,-1320.0,74.068254
-360.0,-1320.0,72.028728
-320.0,-1320.0,70.074992
-280.0,-1320.0,68.206948
-240.0,-1320.0,66.424484
-200.0,-1320.0,64.727474
-160.0,-1320.0,63.11578
-120.0,-1320.0,61.589247
-80.0,-1320.0,60.147706
-40.0,-1320.0,58.790972
0.0,-1320.0,57.518845
40.0,-1320.0,56.331114
80.0,-1320.0,55.228107
120.0,-1320.0,54.211888
160.0,-1320.0,53.285921
200.0,-1320.0,52.455111
240.0,-1320.0,51.725795
280.0,-1320.0,51.10572
320.0,-1320.0,50.60396
360.0,-1320.0,50.230939
400.0,-1320.0,49.998367
440.0,-1320.0,49.919097
480.0,-1320.0,50.007407
520.0,-1320.0,50.278156
560.0,-1320.0,50.748055
600.0,-1320.0,51.434481
640.0,-1320.0,52.285685
680.0,-1320.0,53.219268
720.0,-1320.0,54.234877
760.0,-1320.0,55.333103
800.0,-1320.0,56.514245
840.0,-1320.0,57.778524
880.0,-1320.0,59.125851
920.0,-1320.0,60.556875
960.0,-1320.0,62.071836
1000.0,-1320.0,63.670437
1040.0,-1320.0,65.353315
1080.0,-1320.0,67.120702
1120.0,-1320.0,68.972094
1160.0,-1320.0,70.90831
1200.0,-1320.0,72.929108
-1240.0,-1280.0,
-1200.0,-1280.0,
-1160.0,-1280.0,
-1120.0,-1280.0,
-1080.0,-1280.0,
-1040.0,-1280.0,
-1000.0,-1280.0,
-960.0,-1280.0,
-920.0,-1280.0,
-880.0,-1280.0,
-840.0,-1280.0,
-800.0,-1280.0,
-760.0,-1280.0,96.433074
-720.0,-1280.0,93.530789
-680.0,-1280.0,90.717527
-640.0,-1280.0,87.99292
-600.0,-1280.0,85.357299
-560.0,-1280.0,82.810628
-520.0,-1280.0,80.352866
-480.0,-1280.0,77.983847
-440.0,-1280.0,75.70353
-400.0,-1280.0,73.511968
-360.0,-1280.0,71.409086
-320.0,-1280.0,69.394797
-280.0,-1280.0,67.469001
-240.0,-1280.0,65.631585
-200.0,-1280.0,63.882419
-160.0,-1280.0,62.221285
-120.0,-1280.0,60.648109
-80.0,-1280.0,59.162715
-40.0,-1280.0,57.764907
0.0,-1280.0,56.454472
40.0,-1280.0,55.231183
80.0,-1280.0,54.095383
120.0,-1280.0,53.049184
160.0,-1280.0,52.096138
200.0,-1280.0,51.241282
240.0,-1280.0,50.491073
280.0,-1280.0,49.853458
320.0,-1280.0,49.337777
360.0,-1280.0,48.954741
400.0,-1280.0,48.716337
440.0,-1280.0,48.635757
480.0,-1280.0,48.727602
520.0,-1280.0,49.00732
560.0,-1280.0,49.491614
600.0,-1280.0,50.198382
640.0,-1280.0,51.074363
680.0,-1280.0,52.035217
720.0,-1280.0,53.080873
760.0,-1280.0,54.211475
800.0,-1280.0,55.427601
840.0,-1280.0,56.729561
880.0,-1280.0,58.117331
920.0,-1280.0,59.591326
960.0,-1280.0,61.151973
1000.0,-1280.0,62.799164
1040.0,-1280.0,64.533188
1080.0,-1280.0,66.354502
1120.0,-1280.0,68.262669
1160.0,-1280.0,70.258308
1200.0,-1280.0,72.341391
1240.0,-1280.0,74.511731
-1280.0,-1240.0,
-1240.0,-1240.0,
-1200.0,-1240.0,
-1160.0,-1240.0,
-1120.0,-1240.0,
-1080.0,-1240.0,
-1040.0,-1240.0,
-1000.0,-1240.0,
-960.0,-1240.0,
-920.0,-1240.0,
-880.0,-1240.0,
-840.0,-1240.0,
-800.0,-1240.0,99.760403
-760.0,-1240.0,96.671796
-720.0,-1240.0,93.675204
-680.0,-1240.0,90.770375
-640.0,-1240.0,87.957386
-600.0,-1240.0,85.236357
-560.0,-1240.0,82.607254
-520.0,-1240.0,80.069918
-480.0,-1240.0,77.624301
-440.0,-1240.0,75.270491
-400.0,-1240.0,73.008425
-360.0,-1240.0,70.838029
-320.0,-1240.0,68.759218
-280.0,-1240.0,66.771852
-240.0,-1240.0,64.875778
-200.0,-1240.0,63.070959
-160.0,-1240.0,61.357246
-120.0,-1240.0,59.73447
-80.0,-1240.0,58.202444
-40.0,-1240.0,56.760959
0.0,-1240.0,55.409787
40.0,-1240.0,54.148685
80.0,-1240.0,52.978015
120.0,-1240.0,51.899936
160.0,-1240.0,50.918088
200.0,-1240.0,50.037656
240.0,-1240.0,49.265304
280.0,-1240.0,48.609227
320.0,-1240.0,48.07894
360.0,-1240.0,47.68534
400.0,-1240.0,47.440814
440.0,-1240.0,47.358905
480.0,-1240.0,47.454551
520.0,-1240.0,47.743583
560.0,-1240.0,48.24333
600.0,-1240.0,48.971675
640.0,-1240.0,49.87389
680.0,-1240.0,50.86364
720.0,-1240.0,51.941001
760.0,-1240.0,53.106078
800.0,-1240.0,54.359339
840.0,-1240.0,55.701257
880.0,-1240.0,57.132035
920.0,-1240.0,58.65171
960.0,-1240.0,60.26094
1000.0,-1240.0,61.959798
1040.0,-1240.0,63.74825
1080.0,-1240.0,65.626942
1120.0,-1240.0,67.59555
1160.0,-1240.0,69.654468
1200.0,-1240.0,71.803855
1240.0,-1240.0,74.04338
1280.0,-1240.0,76.373758
-1320.0,-1200.0,
-1280.0,-1200.0,
-1240.0,-1200.0,
-1200.0,-1200.0,
-1160.0,-1200.0,
-1120.0,-1200.0,
-1080.0,-1200.0,
-1040.0,-1200.0,
-1000.0,-1200.0,
-960.0,-1200.0,
-920.0,-1200.0,
-880.0,-1200.0,106.881641
-840.0,-1200.0,103.499107
-800.0,-1200.0,100.211422
-760.0,-1200.0,97.018935
-720.0,-1200.0,93.921565
-680.0,-1200.0,90.919027
-640.0,-1200.0,88.011648
-600.0,-1200.0,85.199402
-560.0,-1200.0,82.482173
-520.0,-1200.0,79.85983
-480.0,-1200.0,77.332535
-440.0,-1200.0,74.900236
-400.0,-1200.0,72.562874
-360.0,-1200.0,70.320379
-320.0,-1200.0,68.172517
-280.0,-1200.0,66.119351
-240.0,-1200.0,64.160771
-200.0,-1200.0,62.296644
-160.0,-1200.0,60.526816
-120.0,-1200.0,58.851114
-80.0,-1200.0,57.269341
-40.0,-1200.0,55.781277
0.0,-1200.0,54.386678
40.0,-1200.0,53.085284
80.0,-1200.0,51.877477
120.0,-1200.0,50.765463
160.0,-1200.0,49.75298
200.0,-1200.0,48.845364
240.0,-1200.0,48.049457
280.0,-1200.0,47.373692
320.0,-1200.0,46.827845
360.0,-1200.0,46.423232
400.0,-1200.0,46.172358
440.0,-1200.0,46.089105
480.0,-1200.0,46.188847
520.0,-1200.0,46.487814
560.0,-1200.0,47.003761
600.0,-1200.0,47.755202
640.0,-1200.0,48.685245
680.0,-1200.0,49.705666
720.0,-1200.0,50.816598
760.0,-1200.0,52.018402
800.0,-1200.0,53.311156
840.0,-1200.0,54.695597
880.0,-1200.0,56.172088
920.0,-1200.0,57.740479
960.0,-1200.0,59.401487
1000.0,-1200.0,61.1554
1040.0,-1200.0,63.001897
1080.0,-1200.0,64.941797
1120.0,-1200.0,66.974867
1160.0,-1200.0,69.101314
1200.0,-1200.0,71.321437
1240.0,-1200.0,73.634814
1280.0,-1200.0,76.042183
1320.0,-1200.0,78.542673
-1360.0,-1160.0,
-1320.0,-1160.0,
-1280.0,-1160.0,
-1240.0,-1160.0,
-1200.0,-1160.0,
-1160.0,-1160.0,
-1120.0,-1160.0,
-1080.0,-1160.0,
-1040.0,-1160.0,
-1000.0,-1160.0,
-960.0,-1160.0,
-920.0,-1160.0,111.291254
-880.0,-1160.0,107.69236
-840.0,-1160.0,104.191724
-800.0,-1160.0,100.78947
-760.0,-1160.0,97.485797
-720.0,-1160.0,94.280427
-680.0,-1160.0,91.173463
-640.0,-1160.0,88.165051
-600.0,-1160.0,85.255155
-560.0,-1160.0,82.443478
-520.0,-1160.0,79.730294
-480.0,-1160.0,77.115567
-440.0,-1160.0,74.599252
-400.0,-1160.0,72.18124
-360.0,-1160.0,69.861395
-320.0,-1160.0,67.639777
-280.0,-1160.0,65.51629
-240.0,-1160.0,63.49082
-200.0,-1160.0,61.563233
-160.0,-1160.0,59.733374
-120.0,-1160.0,58.001064
-80.0,-1160.0,56.366097
-40.0,-1160.0,54.828242
0.0,-1160.0,53.38724
40.0,-1160.0,52.042812
80.0,-1160.0,50.795363
120.0,-1160.0,49.647148
160.0,-1160.0,48.602006
200.0,-1160.0,47.665437
240.0,-1160.0,46.844468
280.0,-1160.0,46.147781
320.0,-1160.0,45.585411
360.0,-1160.0,45.168997
400.0,-1160.0,44.911435
440.0,-1160.0,44.826987
480.0,-1160.0,44.931157
520.0,-1160.0,45.24074
560.0,-1160.0,45.773942
600.0,-1160.0,46.549698
640.0,-1160.0,47.509525
680.0,-1160.0,48.562563
720.0,-1160.0,49.709224
760.0,-1160.0,50.949974
800.0,-1160.0,52.284972
840.0,-1160.0,53.714764
880.0,-1160.0,55.2399
920.0,-1160.0,56.860416
960.0,-1160.0,58.57673
1000.0,-1160.0,60.389373
1040.0,-1160.0,62.297991
1080.0,-1160.0,64.303337
1120.0,-1160.0,66.405314
1160.0,-1160.0,68.603995
1200.0,-1160.0,70.899758
1240.0,-1160.0,73.292148
1280.0,-1160.0,75.781859
1320.0,-1160.0,78.368116
1360.0,-1160.0,81.051709
-1400.0,-1120.0,
-1360.0,-1120.0,
-1320.0,-1120.0,
-1280.0,-1120.0,
-1240.0,-1120.0,
-1200.0,-1120.0,
-1160.0,-1120.0,
-1120.0,-1120.0,
-1080.0,-1120.0,
-1040.0,-1120.0,
-1000.0,-1120.0,
-960.0,-1120.0,116.221076
-920.0,-1120.0,112.389808
-880.0,-1120.0,108.660768
-840.0,-1120.0,105.033454
-800.0,-1120.0,101.508286
-760.0,-1120.0,98.085314
-720.0,-1120.0,94.764108
-680.0,-1120.0,91.545106
-640.0,-1120.0,88.428293
-600.0,-1120.0,85.41343
-560.0,-1120.0,82.500628
-520.0,-1120.0,79.689973
-480.0,-1120.0,76.981432
-440.0,-1120.0,74.374887
-400.0,-1120.0,71.870248
-360.0,-1120.0,69.467591
-320.0,-1120.0,67.166842
-280.0,-1120.0,64.967909
-240.0,-1120.0,62.87068
-200.0,-1120.0,60.875023
-160.0,-1120.0,58.980781
-120.0,-1120.0,57.187726
-80.0,-1120.0,55.49569
-40.0,-1120.0,53.904449
0.0,-1120.0,52.413727
40.0,-1120.0,51.023227
80.0,-1120.0,49.733377
120.0,-1120.0,48.546484
160.0,-1120.0,47.466499
200.0,-1120.0,46.499036
240.0,-1120.0,45.651347
280.0,-1120.0,44.932375
320.0,-1120.0,44.352442
360.0,-1120.0,43.923519
400.0,-1120.0,43.65883
440.0,-1120.0,43.573058
480.0,-1120.0,43.682224
520.0,-1120.0,44.003181
560.0,-1120.0,44.554797
600.0,-1120.0,45.356436
640.0,-1120.0,46.347856
680.0,-1120.0,47.435763
720.0,-1120.0,48.620533
760.0,-1120.0,49.902802
800.0,-1120.0,51.282959
840.0,-1120.0,52.761233
880.0,-1120.0,54.338406
920.0,-1120.0,56.014686
960.0,-1120.0,57.790224
1000.0,-1120.0,59.665727
1040.0,-1120.0,61.640938
1080.0,-1120.0,63.716435
1120.0,-1120.0,65.892259
1160.0,-1120.0,68.168394
1200.0,-1120.0,70.545243
1240.0,-1120.0,73.022375
1280.0,-1120.0,75.600369
1320.0,-1120.0,78.278619
1360.0,-1120.0,81.057632
1400.0,-1120.0,83.936929
-1440.0,-1080.0,
-1400.0,-1080.0,
-1360.0,-1080.0,
-1320.0,-1080.0,
-1280.0,-1080.0,
-1240.0,-1080.0,
-1200.0,-1080.0,
-1160.0,-1080.0,
-1120.0,-1080.0,
-1080.0,-1080.0,
-1040.0,-1080.0,
-1000.0,-1080.0,121.729648
-960.0,-1080.0,117.648737
-920.0,-1080.0,113.673593
-880.0,-1080.0,109.804529
-840.0,-1080.0,106.041039
-800.0,-1080.0,102.383669
-760.0,-1080.0,98.83223
-720.0,-1080.0,95.386607
-680.0,-1080.0,92.047094
-640.0,-1080.0,88.813598
-600.0,-1080.0,85.685925
-560.0,-1080.0,82.664342
-520.0,-1080.0,79.748832
-480.0,-1080.0,76.939301
-440.0,-1080.0,74.235626
-400.0,-1080.0,71.637944
-360.0,-1080.0,69.1462
-320.0,-1080.0,66.760324
-280.0,-1080.0,64.480232
-240.0,-1080.0,62.305787
-200.0,-1080.0,60.236821
-160.0,-1080.0,58.273263
-120.0,-1080.0,56.414927
-80.0,-1080.0,54.661595
-40.0,-1080.0,53.013017
0.0,-1080.0,51.468903
40.0,-1080.0,50.028937
80.0,-1080.0,48.69357
120.0,-1080.0,47.465166
160.0,-1080.0,46.347801
200.0,-1080.0,45.347307
240.0,-1080.0,44.471144
280.0,-1080.0,43.728465
320.0,-1080.0,43.129822
360.0,-1080.0,42.687615
400.0,-1080.0,42.415404
440.0,-1080.0,42.328286
480.0,-1080.0,42.442682
520.0,-1080.0,42.776059
560.0,-1080.0,43.347371
600.0,-1080.0,44.176632
640.0,-1080.0,45.201656
680.0,-1080.0,46.326889
720.0,-1080.0,47.5524
760.0,-1080.0,48.879098
800.0,-1080.0,50.307549
840.0,-1080.0,51.837833
880.0,-1080.0,53.470817
920.0,-1080.0,55.206912
960.0,-1080.0,57.046036
1000.0,-1080.0,58.98906
1040.0,-1080.0,61.035793
1080.0,-1080.0,63.186685
1120.0,-1080.0,65.441861
1160.0,-1080.0,67.801271
1200.0,-1080.0,70.265273
1240.0,-1080.0,72.833532
1280.0,-1080.0,75.506424
1320.0,-1080.0,78.283602
1360.0,-1080.0,81.165187
1400.0,-1080.0,84.151152
1440.0,-1080.0,87.241028
-1440.0,-1040.0,
-1400.0,-1040.0,
-1360.0,-1040.0,
-1320.0,-1040.0,
-1280.0,-1040.0,
-1240.0,-1040.0,
-1200.0,-1040.0,
-1160.0,-1040.0,
-1120.0,-1040.0,
-1080.0,-1040.0,
-1040.0,-1040.0,127.885128
-1000.0,-1040.0,123.534863
-960.0,-1040.0,119.294547
-920.0,-1040.0,115.164235
-880.0,-1040.0,111.144106
-840.0,-1040.0,107.233833
-800.0,-1040.0,103.433882
-760.0,-1040.0,99.743915
-720.0,-1040.0,96.164104
-680.0,-1040.0,92.69461
-640.0,-1040.0,89.335166
-600.0,-1040.0,86.08593
-560.0,-1040.0,82.947009
-520.0,-1040.0,79.918374
-480.0,-1040.0,76.999788
-440.0,-1040.0,74.191483
-400.0,-1040.0,71.493427
-360.0,-1040.0,68.905575
-320.0,-1040.0,66.427865
-280.0,-1040.0,64.060094
-240.0,-1040.0,61.802298
-200.0,-1040.0,59.65436
-160.0,-1040.0,57.616128
-120.0,-1040.0,55.687418
-80.0,-1040.0,53.868009
-40.0,-1040.0,52.157639
0.0,-1040.0,50.556007
40.0,-1040.0,49.062779
80.0,-1040.0,47.678431
120.0,-1040.0,46.405391
160.0,-1040.0,45.247865
200.0,-1040.0,44.211864
240.0,-1040.0,43.305088
280.0,-1040.0,42.536984
320.0,-1040.0,41.918491
360.0,-1040.0,41.462203
400.0,-1040.0,41.182044
440.0,-1040.0,41.093593
480.0,-1040.0,41.213676
520.0,-1040.0,41.560248
560.0,-1040.0,42.152848
600.0,-1040.0,43.011654
640.0,-1040.0,44.072613
680.0,-1040.0,45.237654
720.0,-1040.0,46.506967
760.0,-1040.0,47.881332
800.0,-1040.0,49.361522
840.0,-1040.0,50.947806
880.0,-1040.0,52.640818
920.0,-1040.0,54.441237
960.0,-1040.0,56.348853
1000.0,-1040.0,58.364612
1040.0,-1040.0,60.488385
1080.0,-1040.0,62.720544
1120.0,-1040.0,65.061233
1160.0,-1040.0,67.510431
1200.0,-1040.0,70.068375
1240.0,-1040.0,72.7349
1280.0,-1040.0,75.510088
1320.0,-1040.0,78.393946
1360.0,-1040.0,81.386096
1400.0,-1040.0,84.487056
1440.0,-1040.0,87.695694
-1480.0,-1000.0,
-1440.0,-1000.0,
-1400.0,-1000.0,
-1360.0,-1000.0,
-1320.0,-1000.0,
-1280.0,-1000.0,
-1240.0,-1000.0,
-1200.0,-1000.0,
-1160.0,-1000.0,
-1120.0,-1000.0,
-1080.0,-1000.0,134.766646
-1040.0,-1000.0,130.124909
-1000.0,-1000.0,125.597728
-960.0,-1000.0,121.18502
-920.0,-1000.0,116.886869
-880.0,-1000.0,112.703367
-840.0,-1000.0,108.634324
-800.0,-1000.0,104.680148
-760.0,-1000.0,100.840364
-720.0,-1000.0,97.1154
-680.0,-1000.0,93.505262
-640.0,-1000.0,90.009635
-600.0,-1000.0,86.628891
-560.0,-1000.0,83.363028
-520.0,-1000.0,80.211834
-480.0,-1000.0,77.175448
-440.0,-1000.0,74.253935
-400.0,-1000.0,71.447272
-360.0,-1000.0,68.75539
-320.0,-1000.0,66.178151
-280.0,-1000.0,63.715629
-240.0,-1000.0,61.367735
-200.0,-1000.0,59.134353
-160.0,-1000.0,57.015338
-120.0,-1000.0,55.010507
-80.0,-1000.0,53.119638
-40.0,-1000.0,51.342466
0.0,-1000.0,49.678675
40.0,-1000.0,48.127918
80.0,-1000.0,46.690694
120.0,-1000.0,45.369506
160.0,-1000.0,44.168699
200.0,-1000.0,43.094475
240.0,-1000.0,42.154791
280.0,-1000.0,41.359373
320.0,-1000.0,40.719493
360.0,-1000.0,40.248208
400.0,-1000.0,39.95975
440.0,-1000.0,39.86999
480.0,-1000.0,39.996289
520.0,-1000.0,40.357072
560.0,-1000.0,40.972484
600.0,-1000.0,41.86306
640.0,-1000.0,42.962543
680.0,-1000.0,44.170267
720.0,-1000.0,45.486685
760.0,-1000.0,46.912342
800.0,-1000.0,48.44826
840.0,-1000.0,50.09489
880.0,-1000.0,51.852668
920.0,-1000.0,53.722447
960.0,-1000.0,55.704099
1000.0,-1000.0,57.798456
1040.0,-1000.0,60.005476
1080.0,-1000.0,62.325501
1120.0,-1000.0,64.758629
1160.0,-1000.0,67.304935
1200.0,-1000.0,69.964447
1240.0,-1000.0,72.737258
1280.0,-1000.0,75.623051
1320.0,-1000.0,78.62229
1360.0,-1000.0,81.733974
1400.0,-1000.0,84.958851
1440.0,-1000.0,88.296312
1480.0,-1000.0,91.746069
-1520.0,-960.0,
-1480.0,-960.0,
-1440.0,-960.0,
-1400.0,-960.0,
-1360.0,-960.0,
-1320.0,-960.0,
-1280.0,-960.0,
-1240.0,-960.0,
-1200.0,-960.0,
-1160.0,-960.0,
-1120.0,-960.0,142.46665
-1080.0,-960.0,137.508625
-1040.0,-960.0,132.67006
-1000.0,-960.0,127.950896
-960.0,-960.0,123.351151
-920.0,-960.0,118.870876
-880.0,-960.0,114.510127
-840.0,-960.0,110.268802
-800.0,-960.0,106.147227
-760.0,-960.0,102.144949
-720.0,-960.0,98.262474
-680.0,-960.0,94.499613
-640.0,-960.0,90.856326
-600.0,-960.0,87.332865
-560.0,-960.0,83.92914
-520.0,-960.0,80.645041
-480.0,-960.0,77.480795
-440.0,-960.0,74.436399
-400.0,-960.0,71.511798
-360.0,-960.0,68.706874
-320.0,-960.0,66.021752
-280.0,-960.0,63.456377
-240.0,-960.0,61.010673
-200.0,-960.0,58.684537
-160.0,-960.0,56.477833
-120.0,-960.0,54.390386
-80.0,-960.0,52.421959
-40.0,-960.0,50.572291
0.0,-960.0,48.841085
40.0,-960.0,47.227977
80.0,-960.0,45.7335
120.0,-960.0,44.360229
160.0,-960.0,43.11262
200.0,-960.0,41.997113
240.0,-960.0,41.021936
280.0,-960.0,40.197114
320.0,-960.0,39.534278
360.0,-960.0,39.046847
400.0,-960.0,38.749515
440.0,-960.0,38.658625
480.0,-960.0,38.791743
520.0,-960.0,39.167924
560.0,-960.0,39.807813
600.0,-960.0,40.732633
640.0,-960.0,41.87353
680.0,-960.0,43.127205
720.0,-960.0,44.494345
760.0,-960.0,45.975407
800.0,-960.0,47.571547
840.0,-960.0,49.283426
880.0,-960.0,51.111315
920.0,-960.0,53.056229
960.0,-960.0,55.118095
1000.0,-960.0,57.297675
1040.0,-960.0,59.594952
1080.0,-960.0,62.0103
1120.0,-960.0,64.543689
1160.0,-960.0,67.195368
1200.0,-960.0,69.965055
1240.0,-960.0,72.8532
1280.0,-960.0,75.858967
1320.0,-960.0,78.983046
1360.0,-960.0,82.224726
1400.0,-960.0,85.583987
1440.0,-960.0,89.060984
1480.0,-960.0,92.654804
1520.0,-960.0,96.365638
-1520.0,-920.0,
-1480.0,-920.0,
-1440.0,-920.0,
-1400.0,-920.0,
-1360.0,-920.0,
-1320.0,-920.0,
-1280.0,-920.0,
-1240.0,-920.0,
-1200.0,-920.0,
-1160.0,-920.0,151.093957
-1120.0,-920.0,145.791744
-1080.0,-920.0,140.613885
-1040.0,-920.0,135.561011
-1000.0,-920.0,130.632789
-960.0,-920.0,125.829412
-920.0,-920.0,121.150823
-880.0,-920.0,116.597108
-840.0,-920.0,112.168195
-800.0,-920.0,107.86432
-760.0,-920.0,103.685166
-720.0,-920.0,99.631182
-680.0,-920.0,95.702045
-640.0,-920.0,91.897968
-600.0,-920.0,88.219091
-560.0,-920.0,84.665168
-520.0,-920.0,81.23641
-480.0,-920.0,77.932906
-440.0,-920.0,74.754647
-400.0,-920.0,71.701458
-360.0,-920.0,68.773547
-320.0,-920.0,65.970895
-280.0,-920.0,63.293467
-240.0,-920.0,60.741202
-200.0,-920.0,58.313992
-160.0,-920.0,56.011679
-120.0,-920.0,53.834175
-80.0,-920.0,51.781268
-40.0,-920.0,49.852692
0.0,-920.0,48.048118
40.0,-920.0,46.367173
80.0,-920.0,44.810422
120.0,-920.0,43.38054
160.0,-920.0,42.082192
200.0,-920.0,40.922006
240.0,-920.0,39.908471
280.0,-920.0,39.051886
320.0,-920.0,38.364313
360.0,-920.0,37.859555
400.0,-920.0,37.552727
440.0,-920.0,37.460681
480.0,-920.0,37.601431
520.0,-920.0,37.994347
560.0,-920.0,38.660701
600.0,-920.0,39.622308
640.0,-920.0,40.807975
680.0,-920.0,42.111281
720.0,-920.0,43.533174
760.0,-920.0,45.07434
800.0,-920.0,46.735794
840.0,-920.0,48.51848
880.0,-920.0,50.42255
920.0,-920.0,52.44916
960.0,-920.0,54.598255
1000.0,-920.0,56.870584
1040.0,-920.0,59.26608
1080.0,-920.0,61.785216
1120.0,-920.0,64.427745
1160.0,-920.0,67.194171
1200.0,-920.0,70.083796
1240.0,-920.0,73.097293
1280.0,-920.0,76.233891
1320.0,-920.0,79.493787
1360.0,-920.0,82.877034
1400.0,-920.0,86.382542
1440.0,-920.0,90.010871
1480.0,-920.0,93.761767
1520.0,-920.0,97.634334
-1560.0,-880.0,
-1520.0,-880.0,
-1480.0,-880.0,
-1440.0,-880.0,
-1400.0,-880.0,
-1360.0,-880.0,
-1320.0,-880.0,
-1280.0,-880.0,
-1240.0,-880.0,
-1200.0,-880.0,160.778095
-1160.0,-880.0,155.099124
-1120.0,-880.0,149.550787
-1080.0,-880.0,144.132777
-1040.0,-880.0,138.845671
-1000.0,-880.0,133.68893
-960.0,-880.0,128.663008
-920.0,-880.0,123.767664
-880.0,-880.0,119.003074
-840.0,-880.0,114.369135
-800.0,-880.0,109.866047
-760.0,-880.0,105.49358
-720.0,-880.0,101.252145
-680.0,-880.0,97.141302
-640.0,-880.0,93.161481
-600.0,-880.0,89.312667
-560.0,-880.0,85.594648
-520.0,-880.0,82.007755
-480.0,-880.0,78.552008
-440.0,-880.0,75.227244
-400.0,-880.0,72.033631
-360.0,-880.0,68.971235
-320.0,-880.0,66.040058
-280.0,-880.0,63.240083
-240.0,-880.0,60.571169
-200.0,-880.0,58.033357
-160.0,-880.0,55.626561
-120.0,-880.0,53.350633
-80.0,-880.0,51.205378
-40.0,-880.0,49.190536
0.0,-880.0,47.305779
40.0,-880.0,45.55073
80.0,-880.0,43.925991
120.0,-880.0,42.434345
160.0,-880.0,41.080641
200.0,-880.0,39.87175
240.0,-880.0,38.816507
280.0,-880.0,37.925587
320.0,-880.0,37.211301
360.0,-880.0,36.687884
400.0,-880.0,36.370921
440.0,-880.0,36.277734
480.0,-880.0,36.426883
520.0,-880.0,36.838116
560.0,-880.0,37.533186
600.0,-880.0,38.534545
640.0,-880.0,39.768668
680.0,-880.0,41.125766
720.0,-880.0,42.607109
760.0,-880.0,44.213608
800.0,-880.0,45.94618
840.0,-880.0,47.805996
880.0,-880.0,49.7932
920.0,-880.0,51.908998
960.0,-880.0,54.15334
1000.0,-880.0,56.527013
1040.0,-880.0,59.029821
1080.0,-880.0,61.662409
1120.0,-880.0,64.424207
1160.0,-880.0,67.315918
1200.0,-880.0,70.336767
1240.0,-880.0,73.487121
1280.0,-880.0,76.766825
1320.0,-880.0,80.175098
1360.0,-880.0,83.712358
1400.0,-880.0,87.378276
1440.0,-880.0,91.17187
1480.0,-880.0,95.093526
1520.0,-880.0,99.142908
1560.0,-880.0,103.319566
-1560.0,-840.0,
-1520.0,-840.0,
-1480.0,-840.0,
-1440.0,-840.0,
-1400.0,-840.0,
-1360.0,-840.0,
-1320.0,-840.0,
-1280.0,-840.0,
-1240.0,-840.0,
-1200.0,-840.0,165.580968
-1160.0,-840.0,159.625593
-1120.0,-840.0,153.806931
-1080.0,-840.0,148.125432
-1040.0,-840.0,142.581202
-1000.0,-840.0,137.173666
-960.0,-840.0,131.903519
-920.0,-840.0,126.770277
-880.0,-840.0,121.774289
-840.0,-840.0,116.915344
-800.0,-840.0,112.193665
-760.0,-840.0,107.609051
-720.0,-840.0,103.16186
-680.0,-840.0,98.85168
-640.0,-840.0,94.678988
-600.0,-840.0,90.643607
-560.0,-840.0,86.745571
-520.0,-840.0,82.985107
-480.0,-840.0,79.362148
-440.0,-840.0,75.876671
-400.0,-840.0,72.528888
-360.0,-840.0,69.31883
-320.0,-840.0,66.246504
-280.0,-840.0,63.311808
-240.0,-840.0,60.514876
-200.0,-840.0,57.855667
-160.0,-840.0,55.334108
-120.0,-840.0,52.950078
-80.0,-840.0,50.7034
-40.0,-840.0,48.593832
0.0,-840.0,46.621053
40.0,-840.0,44.784687
80.0,-840.0,43.085389
120.0,-840.0,41.526057
160.0,-840.0,40.111754
200.0,-840.0,38.849614
240.0,-840.0,37.748811
280.0,-840.0,36.820379
320.0,-840.0,36.077135
360.0,-840.0,35.53362
400.0,-840.0,35.205805
440.0,-840.0,35.111567
480.0,-840.0,35.26992
520.0,-840.0,35.701287
560.0,-840.0,36.427633
600.0,-840.0,37.472155
640.0,-840.0,38.758838
680.0,-840.0,40.1745
720.0,-840.0,41.72066
760.0,-840.0,43.398483
800.0,-840.0,45.208833
840.0,-840.0,47.153064
880.0,-840.0,49.231374
920.0,-840.0,51.444976
960.0,-840.0,53.79378
1000.0,-840.0,56.278678
1040.0,-840.0,58.899244
1080.0,-840.0,61.656281
1120.0,-840.0,64.549075
1160.0,-840.0,67.578135
1200.0,-840.0,70.743166
1240.0,-840.0,74.043681
1280.0,-840.0,77.479965
1320.0,-840.0,81.051458
1360.0,-840.0,84.757632
1400.0,-840.0,88.598622
1440.0,-840.0,92.574069
1480.0,-840.0,96.683158
1520.0,-840.0,100.925688
1560.0,-840.0,105.301484
-1600.0,-800.0,
-1560.0,-800.0,
-1520.0,-800.0,
-1480.0,-800.0,
-1440.0,-800.0,
-1400.0,-800.0,
-1360.0,-800.0,
-1320.0,-800.0,
-1280.0,-800.0,
-1240.0,-800.0,177.417937
-1200.0,-800.0,171.013377
-1160.0,-800.0,164.752752
-1120.0,-800.0,158.636311
-1080.0,-800.0,152.664255
-1040.0,-800.0,146.836276
-1000.0,-800.0,141.152424
-960.0,-800.0,135.613027
-920.0,-800.0,130.217493
-880.0,-800.0,124.966428
-840.0,-800.0,119.85943
-800.0,-800.0,114.89681
-760.0,-800.0,110.078334
-720.0,-800.0,105.404319
-680.0,-800.0,100.874437
-640.0,-800.0,96.489131
-600.0,-800.0,92.248107
-560.0,-800.0,88.151611
-520.0,-800.0,84.199782
-480.0,-800.0,80.392417
-440.0,-800.0,76.729786
-400.0,-800.0,73.211985
-360.0,-800.0,69.839057
-320.0,-800.0,66.610902
-280.0,-800.0,63.527734
-240.0,-800.0,60.589573
-200.0,-800.0,57.796414
-160.0,-800.0,55.148216
-120.0,-800.0,52.644892
-80.0,-800.0,50.286296
-40.0,-800.0,48.07221
0.0,-800.0,46.002329
40.0,-800.0,44.076296
80.0,-800.0,42.294822
120.0,-800.0,40.660948
160.0,-800.0,39.179972
200.0,-800.0,37.859323
240.0,-800.0,36.708543
280.0,-800.0,35.739054
320.0,-800.0,34.964111
360.0,-800.0,34.398761
400.0,-800.0,34.059358
440.0,-800.0,33.964178
480.0,-800.0,34.13278
520.0,-800.0,34.586152
560.0,-800.0,35.346805
600.0,-800.0,36.438381
640.0,-800.0,37.782267
680.0,-800.0,39.26202
720.0,-800.0,40.87918
760.0,-800.0,42.635242
800.0,-800.0,44.531071
840.0,-800.0,46.568184
880.0,-800.0,48.746793
920.0,-800.0,51.068174
960.0,-800.0,53.532107
1000.0,-800.0,56.139588
1040.0,-800.0,58.890062
1080.0,-800.0,61.784173
1120.0,-800.0,64.821583
1160.0,-800.0,68.002064
1200.0,-800.0,71.325812
1240.0,-800.0,74.792089
1280.0,-800.0,78.400751
1320.0,-800.0,82.151718
1360.0,-800.0,86.044533
1400.0,-800.0,90.078275
1440.0,-800.0,94.253096
1480.0,-800.0,98.568557
1520.0,-800.0,103.024201
1560.0,-800.0,107.619558
1600.0,-800.0,112.353768
-1600.0,-760.0,
-1560.0,-760.0,
-1520.0,-760.0,
-1480.0,-760.0,
-1440.0,-760.0,
-1400.0,-760.0,
-1360.0,-760.0,
-1320.0,-760.0,
-1280.0,-760.0,190.830217
-1240.0,-760.0,183.927359
-1200.0,-760.0,177.176421
-1160.0,-760.0,170.577746
-1120.0,-760.0,164.131351
-1080.0,-760.0,157.837119
-1040.0,-760.0,151.694745
-1000.0,-760.0,145.704689
-960.0,-760.0,139.86678
-920.0,-760.0,134.180763
-880.0,-760.0,128.647101
-840.0,-760.0,123.265272
-800.0,-760.0,118.035749
-760.0,-760.0,112.958189
-720.0,-760.0,108.032924
-680.0,-760.0,103.259658
-640.0,-760.0,98.638815
-600.0,-760.0,94.170001
-560.0,-760.0,89.85364
-520.0,-760.0,85.689716
-480.0,-760.0,81.678131
-440.0,-760.0,77.819194
-400.0,-760.0,74.112975
-360.0,-760.0,70.55939
-320.0,-760.0,67.158657
-280.0,-760.0,63.910882
-240.0,-760.0,60.816123
-200.0,-760.0,57.874415
-160.0,-760.0,55.085745
-120.0,-760.0,52.450037
-80.0,-760.0,49.967251
-40.0,-760.0,47.637206
0.0,-760.0,45.45963
40.0,-760.0,43.434184
80.0,-760.0,41.561666
120.0,-760.0,39.845282
160.0,-760.0,38.290599
200.0,-760.0,36.905341
240.0,-760.0,35.699435
280.0,-760.0,34.684758
320.0,-760.0,33.875031
360.0,-760.0,33.285751
400.0,-760.0,32.933836
440.0,-760.0,32.837897
480.0,-760.0,33.017959
520.0,-760.0,33.49559
560.0,-760.0,34.293954
600.0,-760.0,35.437061
640.0,-760.0,36.843608
680.0,-760.0,38.393738
720.0,-760.0,40.089079
760.0,-760.0,41.931432
800.0,-760.0,43.921716
840.0,-760.0,46.061587
880.0,-760.0,48.351221
920.0,-760.0,50.79195
960.0,-760.0,53.383513
1000.0,-760.0,56.126728
1040.0,-760.0,59.021338
1080.0,-760.0,62.067364
1120.0,-760.0,65.264978
1160.0,-760.0,68.613326
1200.0,-760.0,72.112588
1240.0,-760.0,75.762509
1280.0,-760.0,79.562345
1320.0,-760.0,83.511682
1360.0,-760.0,87.610362
1400.0,-760.0,91.857902
1440.0,-760.0,96.253803
1480.0,-760.0,100.797205
1520.0,-760.0,105.487827
1560.0,-760.0,110.325261
1600.0,-760.0,115.308969
-1640.0,-720.0,
-1600.0,-720.0,
-1560.0,-720.0,
-1520.0,-720.0,
-1480.0,-720.0,
-1440.0,-720.0,
-1400.0,-720.0,
-1360.0,-720.0,
-1320.0,-720.0,
-1280.0,-720.0,198.629589
-1240.0,-720.0,191.331838
-1200.0,-720.0,184.195247
-1160.0,-720.0,177.219819
-1120.0,-720.0,170.405342
-1080.0,-720.0,163.751759
-1040.0,-720.0,157.25932
-1000.0,-720.0,150.928011
-960.0,-720.0,144.757359
-920.0,-720.0,138.747745
-880.0,-720.0,132.899186
-840.0,-720.0,127.211215
-800.0,-720.0,121.684384
-760.0,-720.0,116.31821
-720.0,-720.0,111.113106
-680.0,-720.0,106.068736
-640.0,-720.0,101.185506
-600.0,-720.0,96.463025
-560.0,-720.0,91.901754
-520.0,-720.0,87.501546
-480.0,-720.0,83.262505
-440.0,-720.0,79.184861
-400.0,-720.0,75.268604
-360.0,-720.0,71.513817
-320.0,-720.0,67.920737
-280.0,-720.0,64.48947
-240.0,-720.0,61.220115
-200.0,-720.0,58.112672
-160.0,-720.0,55.167279
-120.0,-720.0,52.383964
-80.0,-720.0,49.76268
-40.0,-720.0,47.303298
0.0,-720.0,45.005591
40.0,-720.0,42.869264
80.0,-720.0,40.895216
120.0,-720.0,39.086855
160.0,-720.0,37.45006
200.0,-720.0,35.992964
240.0,-720.0,34.725964
280.0,-720.0,33.661259
320.0,-720.0,32.813124
360.0,-720.0,32.197541
400.0,-720.0,31.831908
440.0,-720.0,31.735455
480.0,-720.0,31.928389
520.0,-720.0,32.432949
560.0,-720.0,33.272922
600.0,-720.0,34.47277
640.0,-720.0,35.948325
680.0,-720.0,37.576177
720.0,-720.0,39.358116
760.0,-720.0,41.296218
800.0,-720.0,43.391515
840.0,-720.0,45.645687
880.0,-720.0,48.059044
920.0,-720.0,50.632685
960.0,-720.0,53.366609
1000.0,-720.0,56.261122
1040.0,-720.0,59.316437
1080.0,-720.0,62.531771
1120.0,-720.0,65.907487
1160.0,-720.0,69.443243
1200.0,-720.0,73.138048
1240.0,-720.0,76.991923
1280.0,-720.0,81.004429
1320.0,-720.0,85.175032
1360.0,-720.0,89.502934
1400.0,-720.0,93.987574
1440.0,-720.0,98.628619
1480.0,-720.0,103.425479
1520.0,-720.0,108.377559
1560.0,-720.0,113.484254
1600.0,-720.0,118.744951
1640.0,-720.0,124.159033
-1640.0,-680.0,
-1600.0,-680.0,
-1560.0,-680.0,
-1520.0,-680.0,
-1480.0,-680.0,
-1440.0,-680.0,
-1400.0,-680.0,
-1360.0,-680.0,
-1320.0,-680.0,215.447592
-1280.0,-680.0,207.535531
-1240.0,-680.0,199.794606
-1200.0,-680.0,192.224837
-1160.0,-680.0,184.826269
-1120.0,-680.0,177.59888
-1080.0,-680.0,170.54264
-1040.0,-680.0,163.657516
-1000.0,-680.0,156.943098
-960.0,-680.0,150.399635
-920.0,-680.0,144.02719
-880.0,-680.0,137.825441
-840.0,-680.0,131.794417
-800.0,-680.0,125.93435
-760.0,-680.0,120.244679
-720.0,-680.0,114.725968
-680.0,-680.0,109.377767
-640.0,-680.0,104.200487
-600.0,-680.0,99.193763
-560.0,-680.0,94.358035
-520.0,-680.0,89.693053
-480.0,-680.0,85.199093
-440.0,-680.0,80.876316
-400.0,-680.0,76.724599
-360.0,-680.0,72.744286
-320.0,-680.0,68.935532
-280.0,-680.0,65.298481
-240.0,-680.0,61.833157
-200.0,-680.0,58.539837
-160.0,-680.0,55.418639
-120.0,-680.0,52.469644
-80.0,-680.0,49.692875
-40.0,-680.0,47.088275
0.0,-680.0,44.655683
40.0,-680.0,42.39487
80.0,-680.0,40.306864
120.0,-680.0,38.395324
160.0,-680.0,36.666483
200.0,-680.0,35.128913
240.0,-680.0,33.793515
280.0,-680.0,32.673081
320.0,-680.0,31.782267
360.0,-680.0,31.13756
400.0,-680.0,30.756884
440.0,-680.0,30.659995
480.0,-680.0,30.867548
520.0,-680.0,31.40217
560.0,-680.0,32.288273
600.0,-680.0,33.551023
640.0,-680.0,35.103042
680.0,-680.0,36.817288
720.0,-680.0,38.695797
760.0,-680.0,40.740873
800.0,-680.0,42.953724
840.0,-680.0,45.335948
880.0,-680.0,47.888063
920.0,-680.0,50.610782
960.0,-680.0,53.504453
1000.0,-680.0,56.568692
1040.0,-680.0,59.803851
1080.0,-680.0,63.209504
1120.0,-680.0,66.784887
1160.0,-680.0,70.529975
1200.0,-680.0,74.444221
1240.0,-680.0,78.52695
1280.0,-680.0,82.777207
1320.0,-680.0,87.194763
1360.0,-680.0,91.778963
1400.0,-680.0,96.52914
1440.0,-680.0,101.444621
1480.0,-680.0,106.524728
1520.0,-680.0,111.768781
1560.0,-680.0,117.176094
1600.0,-680.0,122.745978
1640.0,-680.0,128.47774
-1680.0,-640.0,
-1640.0,-640.0,
-1600.0,-640.0,
-1560.0,-640.0,
-1520.0,-640.0,
-1480.0,-640.0,
-1440.0,-640.0,
-1400.0,-640.0,
-1360.0,-640.0,
-1320.0,-640.0,226.185791
-1280.0,-640.0,217.761095
-1240.0,-640.0,209.519201
-1200.0,-640.0,201.460053
-1160.0,-640.0,193.583592
-1120.0,-640.0,185.889753
-1080.0,-640.0,178.378188
-1040.0,-640.0,171.04905
-1000.0,-640.0,163.902306
-960.0,-640.0,156.937887
-920.0,-640.0,150.155597
-880.0,-640.0,143.555165
-840.0,-640.0,137.136882
-800.0,-640.0,130.900533
-760.0,-640.0,124.84589
-720.0,-640.0,118.973291
-680.0,-640.0,113.28223
-640.0,-640.0,107.773185
-600.0,-640.0,102.445742
-560.0,-640.0,97.300346
-520.0,-640.0,92.336651
-480.0,-640.0,87.55506
-440.0,-640.0,82.955592
-400.0,-640.0,78.538266
-360.0,-640.0,74.303415
-320.0,-640.0,70.251202
-280.0,-640.0,66.381684
-240.0,-640.0,62.695178
-200.0,-640.0,59.19191
-160.0,-640.0,55.87207
-120.0,-640.0,52.735822
-80.0,-640.0,49.783276
-40.0,-640.0,47.01447
0.0,-640.0,44.429334
40.0,-640.0,42.027732
80.0,-640.0,39.810864
120.0,-640.0,37.78269
160.0,-640.0,35.949869
200.0,-640.0,34.321484
240.0,-640.0,32.909006
280.0,-640.0,31.725787
320.0,-640.0,30.787156
360.0,-640.0,30.109943
400.0,-640.0,29.712613
440.0,-640.0,29.615436
480.0,-640.0,29.83959
520.0,-640.0,30.407993
560.0,-640.0,31.345693
600.0,-640.0,32.678547
640.0,-640.0,34.315894
680.0,-640.0,36.126895
720.0,-640.0,38.113922
760.0,-640.0,40.279442
800.0,-640.0,42.624902
840.0,-640.0,45.151686
880.0,-640.0,47.860585
920.0,-640.0,50.751747
960.0,-640.0,53.825683
1000.0,-640.0,57.081953
1040.0,-640.0,60.520195
1080.0,-640.0,64.140218
1120.0,-640.0,67.941437
1160.0,-640.0,71.922827
1200.0,-640.0,76.083912
1240.0,-640.0,80.424082
1280.0,-640.0,84.942577
1320.0,-640.0,89.638626
1360.0,-640.0,94.511453
1400.0,-640.0,99.560281
1440.0,-640.0,104.784334
1480.0,-640.0,110.182836
1520.0,-640.0,115.755015
1560.0,-640.0,121.500099
1600.0,-640.0,127.417317
1640.0,-640.0,133.505895
1680.0,-640.0,139.765057
-1680.0,-600.0,
-1640.0,-600.0,
-1600.0,-600.0,
-1560.0,-600.0,
-1520.0,-600.0,
-1480.0,-600.0,
-1440.0,-600.0,
-1400.0,-600.0,
-1360.0,-600.0,247.795077
-1320.0,-600.0,238.589634
-1280.0,-600.0,229.580378
-1240.0,-600.0,220.767207
-1200.0,-600.0,212.150013
-1160.0,-600.0,203.728687
-1120.0,-600.0,195.503115
-1080.0,-600.0,187.473181
-1040.0,-600.0,179.638766
-1000.0,-600.0,171.99975
-960.0,-600.0,164.555744
-920.0,-600.0,157.30681
-880.0,-600.0,150.252921
-840.0,-600.0,143.39397
-800.0,-600.0,136.729466
-760.0,-600.0,130.259677
-720.0,-600.0,123.984517
-680.0,-600.0,117.903593
-640.0,-600.0,112.017307
-600.0,-600.0,106.325186
-560.0,-600.0,100.82769
-520.0,-600.0,95.524408
-480.0,-600.0,90.415793
-440.0,-600.0,85.501734
-400.0,-600.0,80.782412
-360.0,-600.0,76.258099
-320.0,-600.0,71.928893
-280.0,-600.0,67.795026
-240.0,-600.0,63.856844
-200.0,-600.0,60.114615
-160.0,-600.0,56.56861
-120.0,-600.0,53.21908
-80.0,-600.0,50.066222
-40.0,-600.0,47.110242
0.0,-600.0,44.351193
40.0,-600.0,41.789068
80.0,-600.0,39.425288
120.0,-600.0,37.264189
160.0,-600.0,35.312903
200.0,-600.0,33.581117
240.0,-600.0,32.080974
280.0,-600.0,30.826471
320.0,-600.0,29.833566
360.0,-600.0,29.119749
400.0,-600.0,28.703761
440.0,-600.0,28.606472
480.0,-600.0,28.849537
520.0,-600.0,29.456184
560.0,-600.0,30.452048
600.0,-600.0,31.863659
640.0,-600.0,33.597014
680.0,-600.0,35.517312
720.0,-600.0,37.627358
760.0,-600.0,39.929689
800.0,-600.0,42.426048
840.0,-600.0,45.117432
880.0,-600.0,48.004825
920.0,-600.0,51.088019
960.0,-600.0,54.36712
1000.0,-600.0,57.841891
1040.0,-600.0,61.511634
1080.0,-600.0,65.375378
1120.0,-600.0,69.432683
1160.0,-600.0,73.682688
1200.0,-600.0,78.124496
1240.0,-600.0,82.757195
1280.0,-600.0,87.579866
1320.0,-600.0,92.591595
1360.0,-600.0,97.791474
1400.0,-600.0,103.178605
1440.0,-600.0,108.752099
1480.0,-600.0,114.511079
1520.0,-600.0,120.454672
1560.0,-600.0,126.582013
1600.0,-600.0,132.892243
1640.0,-600.0,139.384499
1680.0,-600.0,146.057924
-1680.0,-560.0,
-1640.0,-560.0,
-1600.0,-560.0,
-1560.0,-560.0,
-1520.0,-560.0,
-1480.0,-560.0,
-1440.0,-560.0,
-1400.0,-560.0,
-1360.0,-560.0,262.925084
-1320.0,-560.0,253.030874
-1280.0,-560.0,243.348456
-1240.0,-560.0,233.877643
-1200.0,-560.0,224.61825
-1160.0,-560.0,215.570087
-1120.0,-560.0,206.732969
-1080.0,-560.0,198.106706
-1040.0,-560.0,189.691111
-1000.0,-560.0,181.485998
-960.0,-560.0,173.491182
-920.0,-560.0,165.706478
-880.0,-560.0,158.131709
-840.0,-560.0,150.766349
-800.0,-560.0,143.610578
-760.0,-560.0,136.664263
-720.0,-560.0,129.927025
-680.0,-560.0,123.398821
-640.0,-560.0,117.079737
-600.0,-560.0,110.969297
-560.0,-560.0,105.067935
-520.0,-560.0,99.3752
-480.0,-560.0,93.891528
-440.0,-560.0,88.616701
-400.0,-560.0,83.551019
-360.0,-560.0,78.694692
-320.0,-560.0,74.047724
-280.0,-560.0,69.610582
-240.0,-560.0,65.383565
-200.0,-560.0,61.367009
-160.0,-560.0,57.561214
-120.0,-560.0,53.966613
-80.0,-560.0,50.583577
-40.0,-560.0,47.41241
0.0,-560.0,44.453323
40.0,-560.0,41.706481
80.0,-560.0,39.17359
120.0,-560.0,36.859454
160.0,-560.0,34.77186
200.0,-560.0,32.921226
240.0,-560.0,31.320341
280.0,-560.0,29.98402
320.0,-560.0,28.928932
360.0,-560.0,28.173193
400.0,-560.0,27.73607
440.0,-560.0,27.638803
480.0,-560.0,27.903496
520.0,-560.0,28.55386
560.0,-560.0,29.615891
600.0,-560.0,31.116814
640.0,-560.0,32.959241
680.0,-560.0,35.004247
720.0,-560.0,37.255165
760.0,-560.0,39.714466
800.0,-560.0,42.384195
840.0,-560.0,45.26485
880.0,-560.0,48.357249
920.0,-560.0,51.66135
960.0,-560.0,55.176379
1000.0,-560.0,58.901783
1040.0,-560.0,62.836825
1080.0,-560.0,66.980502
1120.0,-560.0,71.33174
1160.0,-560.0,75.889435
1200.0,-560.0,80.652334
1240.0,-560.0,85.619474
1280.0,-560.0,90.78983
1320.0,-560.0,96.162342
1360.0,-560.0,101.735975
1400.0,-560.0,107.509579
1440.0,-560.0,113.482035
1480.0,-560.0,119.65248
1520.0,-560.0,126.019937
1560.0,-560.0,132.583443
1600.0,-560.0,139.342037
1640.0,-560.0,146.294245
1680.0,-560.0,153.438803
-1720.0,-520.0,
-1680.0,-520.0,
-1640.0,-520.0,
-1600.0,-520.0,
-1560.0,-520.0,
-1520.0,-520.0,
-1480.0,-520.0,
-1440.0,-520.0,
-1400.0,-520.0,291.624952
-1360.0,-520.0,280.698511
-1320.0,-520.0,270.002431
-1280.0,-520.0,259.535838
-1240.0,-520.0,249.299269
-1200.0,-520.0,239.292416
-1160.0,-520.0,229.514974
-1120.0,-520.0,219.966643
-1080.0,-520.0,210.647126
-1040.0,-520.0,201.556129
-1000.0,-520.0,192.693365
-960.0,-520.0,184.058551
-920.0,-520.0,175.651409
-880.0,-520.0,167.471669
-840.0,-520.0,159.519071
-800.0,-520.0,151.793361
-760.0,-520.0,144.29417
-720.0,-520.0,137.021177
-680.0,-520.0,129.974429
-640.0,-520.0,123.153611
-600.0,-520.0,116.558465
-560.0,-520.0,110.189165
-520.0,-520.0,104.045243
-480.0,-520.0,98.127097
-440.0,-520.0,92.434408
-400.0,-520.0,86.967527
-360.0,-520.0,81.726524
-320.0,-520.0,76.71155
-280.0,-520.0,71.923018
-240.0,-520.0,67.361267
-200.0,-520.0,63.02661
-160.0,-520.0,58.919589
-120.0,-520.0,55.040719
-80.0,-520.0,51.390504
-40.0,-520.0,47.969425
0.0,-520.0,44.777893
40.0,-520.0,41.8163
80.0,-520.0,39.086716
120.0,-520.0,36.594531
160.0,-520.0,34.348292
200.0,-520.0,32.359303
240.0,-520.0,30.641353
280.0,-520.0,29.209955
320.0,-520.0,28.082668
360.0,-520.0,27.27829
400.0,-520.0,26.816727
440.0,-520.0,26.719525
480.0,-520.0,27.009227
520.0,-520.0,27.709958
560.0,-520.0,28.848072
600.0,-520.0,30.451402
640.0,-520.0,32.419162
680.0,-520.0,34.608127
720.0,-520.0,37.022248
760.0,-520.0,39.663727
800.0,-520.0,42.534602
840.0,-520.0,45.635561
880.0,-520.0,48.966189
920.0,-520.0,52.526388
960.0,-520.0,56.315275
1000.0,-520.0,60.331715
1040.0,-520.0,64.574413
1080.0,-520.0,69.041791
1120.0,-520.0,73.732737
1160.0,-520.0,78.645879
1200.0,-520.0,83.779871
1240.0,-520.0,89.133402
1280.0,-520.0,94.705203
1320.0,-520.0,100.494046
1360.0,-520.0,106.498431
1400.0,-520.0,112.717251
1440.0,-520.0,119.149483
1480.0,-520.0,125.794016
1520.0,-520.0,132.649761
1560.0,-520.0,139.714867
1600.0,-520.0,146.988364
1640.0,-520.0,154.469631
1680.0,-520.0,162.156599
1720.0,-520.0,170.048054
-1720.0,-480.0,
-1680.0,-480.0,
-1640.0,-480.0,
-1600.0,-480.0,
-1560.0,-480.0,
-1520.0,-480.0,
-1480.0,-480.0,
-1440.0,-480.0,
-1400.0,-480.0,313.710975
-1360.0,-480.0,301.81526
-1320.0,-480.0,290.171208
-1280.0,-480.0,278.779714
-1240.0,-480.0,267.639843
-1200.0,-480.0,256.751263
-1160.0,-480.0,246.113998
-1120.0,-480.0,235.727575
-1080.0,-480.0,225.59153
-1040.0,-480.0,215.705216
-1000.0,-480.0,206.068474
-960.0,-480.0,196.68088
-920.0,-480.0,187.541996
-880.0,-480.0,178.651396
-840.0,-480.0,170.008559
-800.0,-480.0,161.613086
-760.0,-480.0,153.464694
-720.0,-480.0,145.563041
-680.0,-480.0,137.907802
-640.0,-480.0,130.498366
-600.0,-480.0,123.334787
-560.0,-480.0,116.416804
-520.0,-480.0,109.744034
-480.0,-480.0,103.316674
-440.0,-480.0,97.134343
-400.0,-480.0,91.197361
-360.0,-480.0,85.505658
-320.0,-480.0,80.059476
-280.0,-480.0,74.859166
-240.0,-480.0,69.905009
-200.0,-480.0,65.197488
-160.0,-480.0,60.737209
-120.0,-480.0,56.524793
-80.0,-480.0,52.560914
-40.0,-480.0,48.846262
0.0,-480.0,45.381492
40.0,-480.0,42.167286
80.0,-480.0,39.206177
120.0,-480.0,36.504288
160.0,-480.0,34.071114
200.0,-480.0,31.919042
240.0,-480.0,30.062967
280.0,-480.0,28.519553
320.0,-480.0,27.307135
360.0,-480.0,26.445392
400.0,-480.0,25.954937
440.0,-480.0,25.857646
480.0,-480.0,26.176496
520.0,-480.0,26.935931
560.0,-480.0,28.162646
600.0,-480.0,29.884962
640.0,-480.0,31.998691
680.0,-480.0,34.356121
720.0,-480.0,36.961613
760.0,-480.0,39.817593
800.0,-480.0,42.925163
840.0,-480.0,46.284796
880.0,-480.0,49.895905
920.0,-480.0,53.75736
960.0,-480.0,57.867402
1000.0,-480.0,62.224668
1040.0,-480.0,66.827403
1080.0,-480.0,71.673837
1120.0,-480.0,76.762228
1160.0,-480.0,82.090888
1200.0,-480.0,87.658203
1240.0,-480.0,93.462627
1280.0,-480.0,99.502536
1320.0,-480.0,105.776201
1360.0,-480.0,112.282566
1400.0,-480.0,119.020319
1440.0,-480.0,125.988185
1480.0,-480.0,133.183778
1520.0,-480.0,140.6066
1560.0,-480.0,148.255628
1600.0,-480.0,156.127689
1640.0,-480.0,164.223218
1680.0,-480.0,172.539335
1720.0,-480.0,181.075408
-1720.0,-440.0,
-1680.0,-440.0,
-1640.0,-440.0,
-1600.0,-440.0,
-1560.0,-440.0,
-1520.0,-440.0,
-1480.0,-440.0,
-1440.0,-440.0,
-1400.0,-440.0,340.308613
-1360.0,-440.0,327.248774
-1320.0,-440.0,314.467611
-1280.0,-440.0,301.966288
-1240.0,-440.0,289.743062
-1200.0,-440.0,277.798635
-1160.0,-440.0,266.13153
-1120.0,-440.0,254.741726
-1080.0,-440.0,243.628754
-1040.0,-440.0,232.791856
-1000.0,-440.0,222.230124
-960.0,-440.0,211.943314
-920.0,-440.0,201.930766
-880.0,-440.0,192.191837
-840.0,-440.0,182.72591
-800.0,-440.0,173.532388
-760.0,-440.0,164.610698
-720.0,-440.0,155.960229
-680.0,-440.0,147.580347
-640.0,-440.0,139.470765
-600.0,-440.0,131.631057
-560.0,-440.0,124.060642
-520.0,-440.0,116.759279
-480.0,-440.0,109.726808
-440.0,-440.0,102.962803
-400.0,-440.0,96.467439
-360.0,-440.0,90.240501
-320.0,-440.0,84.282239
-280.0,-440.0,78.592901
-240.0,-440.0,73.172696
-200.0,-440.0,68.022256
-160.0,-440.0,63.142191
-120.0,-440.0,58.533239
-80.0,-440.0,54.196246
-40.0,-440.0,50.132116
0.0,-440.0,46.341837
40.0,-440.0,42.826453
80.0,-440.0,39.589075
120.0,-440.0,36.636721
160.0,-440.0,33.98007
200.0,-440.0,31.632862
240.0,-440.0,29.611365
280.0,-440.0,27.933574
320.0,-440.0,26.61901
360.0,-440.0,25.688245
400.0,-440.0,25.162731
440.0,-440.0,25.064899
480.0,-440.0,25.418032
520.0,-440.0,26.246834
560.0,-440.0,27.578308
600.0,-440.0,29.441072
640.0,-440.0,31.727396
680.0,-440.0,34.285303
720.0,-440.0,37.118958
760.0,-440.0,40.230746
800.0,-440.0,43.621259
840.0,-440.0,47.28964
880.0,-440.0,51.234594
920.0,-440.0,55.454235
960.0,-440.0,59.946327
1000.0,-440.0,64.708529
1040.0,-440.0,69.738505
1080.0,-440.0,75.033993
1120.0,-440.0,80.59284
1160.0,-440.0,86.413014
1200.0,-440.0,92.492554
1240.0,-440.0,98.829093
1280.0,-440.0,105.421379
1320.0,-440.0,112.267798
1360.0,-440.0,119.36662
1400.0,-440.0,126.715306
1440.0,-440.0,134.313432
1480.0,-440.0,142.158655
1520.0,-440.0,150.249281
1560.0,-440.0,158.584134
1600.0,-440.0,167.160631
1640.0,-440.0,175.977725
1680.0,-440.0,185.033322
1720.0,-440.0,194.324876
-1720.0,-400.0,
-1680.0,-400.0,
-1640.0,-400.0,
-1600.0,-400.0,
-1560.0,-400.0,
-1520.0,-400.0,
-1480.0,-400.0,
-1440.0,-400.0,387.687641
-1400.0,-400.0,372.886465
-1360.0,-400.0,358.399704
-1320.0,-400.0,344.226983
-1280.0,-400.0,330.367415
-1240.0,-400.0,316.820116
-1200.0,-400.0,303.585295
-1160.0,-400.0,290.660943
-1120.0,-400.0,278.047602
-1080.0,-400.0,265.743224
-1040.0,-400.0,253.74782
-1000.0,-400.0,242.060418
-960.0,-400.0,230.679569
-920.0,-400.0,219.604798
-880.0,-400.0,208.835195
-840.0,-400.0,198.369815
-800.0,-400.0,188.207748
-760.0,-400.0,178.34812
-720.0,-400.0,168.790096
-680.0,-400.0,159.532882
-640.0,-400.0,150.575732
-600.0,-400.0,141.917818
-560.0,-400.0,133.558498
-520.0,-400.0,125.497349
-480.0,-400.0,117.733761
-440.0,-400.0,110.267277
-400.0,-400.0,103.097757
-360.0,-400.0,96.224822
-320.0,-400.0,89.648602
-280.0,-400.0,83.369142
-240.0,-400.0,77.386678
-200.0,-400.0,71.701754
-160.0,-400.0,66.314999
-120.0,-400.0,61.227195
-80.0,-400.0,56.439393
-40.0,-400.0,51.952786
0.0,-400.0,47.768652
40.0,-400.0,43.88847
80.0,-400.0,40.316075
120.0,-400.0,37.059671
160.0,-400.0,34.131406
200.0,-400.0,31.546626
240.0,-400.0,29.323376
280.0,-400.0,27.48131
320.0,-400.0,26.041532
360.0,-400.0,25.02576
400.0,-400.0,24.456552
440.0,-400.0,24.357051
480.0,-400.0,24.750945
520.0,-400.0,25.66308
560.0,-400.0,27.120628
600.0,-400.0,29.152433
640.0,-400.0,31.646815
680.0,-400.0,34.447593
720.0,-400.0,37.558539
760.0,-400.0,40.980969
800.0,-400.0,44.714528
840.0,-400.0,48.757327
880.0,-400.0,53.106669
920.0,-400.0,57.75946
960.0,-400.0,62.712479
1000.0,-400.0,67.962564
1040.0,-400.0,73.506702
1080.0,-400.0,79.342078
1120.0,-400.0,85.466063
1160.0,-400.0,91.875557
1200.0,-400.0,98.568862
1240.0,-400.0,105.543907
1280.0,-400.0,112.798048
1320.0,-400.0,120.329297
1360.0,-400.0,128.136477
1400.0,-400.0,136.215928
1440.0,-400.0,144.567784
1480.0,-400.0,153.187739
1520.0,-400.0,162.075873
1560.0,-400.0,171.22869
1600.0,-400.0,180.644451
1640.0,-400.0,190.321544
1680.0,-400.0,200.256747
1720.0,-400.0,210.447478
-1760.0,-360.0,
-1720.0,-360.0,
-1680.0,-360.0,
-1640.0,-360.0,
-1600.0,-360.0,
-1560.0,-360.0,
-1520.0,-360.0,
-1480.0,-360.0,
-1440.0,-360.0,430.283397
-1400.0,-360.0,413.644669
-1360.0,-360.0,397.365374
-1320.0,-360.0,381.444707
-1280.0,-360.0,365.881809
-1240.0,-360.0,350.675432
-1200.0,-360.0,335.824419
-1160.0,-360.0,321.328164
-1120.0,-360.0,307.185424
-1080.0,-360.0,293.394215
-1040.0,-360.0,279.954378
-1000.0,-360.0,266.863389
-960.0,-360.0,254.120922
-920.0,-360.0,241.725219
-880.0,-360.0,229.674729
-840.0,-360.0,217.968448
-800.0,-360.0,206.604959
-760.0,-360.0,195.582899
-720.0,-360.0,184.900965
-680.0,-360.0,174.557912
-640.0,-360.0,164.552562
-600.0,-360.0,154.8838
-560.0,-360.0,145.550588
-520.0,-360.0,136.551968
-480.0,-360.0,127.886828
-440.0,-360.0,119.554668
-400.0,-360.0,111.554788
-360.0,-360.0,103.88659
-320.0,-360.0,96.549894
-280.0,-360.0,89.544459
-240.0,-360.0,82.870405
-200.0,-360.0,76.528097
-160.0,-360.0,70.518039
-120.0,-360.0,64.8411
-80.0,-360.0,59.498444
-40.0,-360.0,54.49147
0.0,-360.0,49.821804
40.0,-360.0,45.491427
80.0,-360.0,41.505057
120.0,-360.0,37.872341
160.0,-360.0,34.60729
200.0,-360.0,31.727414
240.0,-360.0,29.25282
280.0,-360.0,27.205392
320.0,-360.0,25.608315
360.0,-360.0,24.484992
400.0,-360.0,23.859541
440.0,-360.0,23.756139
480.0,-360.0,24.19911
520.0,-360.0,25.213408
560.0,-360.0,26.826017
600.0,-360.0,29.066021
640.0,-360.0,31.817204
680.0,-360.0,34.918604
720.0,-360.0,38.373295
760.0,-360.0,42.181109
800.0,-360.0,46.339593
840.0,-360.0,50.844952
880.0,-360.0,55.692755
920.0,-360.0,60.878429
960.0,-360.0,66.397543
1000.0,-360.0,72.245967
1040.0,-360.0,78.419849
1080.0,-360.0,84.915089
1120.0,-360.0,91.729139
1160.0,-360.0,98.859195
1200.0,-360.0,106.301299
1240.0,-360.0,114.054142
1280.0,-360.0,122.114276
1320.0,-360.0,130.479981
1360.0,-360.0,139.147948
1400.0,-360.0,148.117031
1440.0,-360.0,157.383209
1480.0,-360.0,166.945052
1520.0,-360.0,176.800186
1560.0,-360.0,186.945666
1600.0,-360.0,197.377881
1640.0,-360.0,208.094924
1680.0,-360.0,219.093718
1720.0,-360.0,230.371055
1760.0,-360.0,241.923595
-1760.0,-320.0,
-1720.0,-320.0,
-1680.0,-320.0,
-1640.0,-320.0,
-1600.0,-320.0,
-1560.0,-320.0,
-1520.0,-320.0,
-1480.0,-320.0,
-1440.0,-320.0,485.078626
-1400.0,-320.0,466.049943
-1360.0,-320.0,447.441725
-1320.0,-320.0,429.253374
-1280.0,-320.0,411.483469
-1240.0,-320.0,394.13027
-1200.0,-320.0,377.192019
-1160.0,-320.0,360.666931
-1120.0,-320.0,344.55319
-1080.0,-320.0,328.848945
-1040.0,-320.0,313.551664
-1000.0,-320.0,298.659777
-960.0,-320.0,284.171478
-920.0,-320.0,270.083848
-880.0,-320.0,256.395702
-840.0,-320.0,243.104354
-800.0,-320.0,230.207936
-760.0,-320.0,217.704542
-720.0,-320.0,205.592079
-680.0,-320.0,193.868545
-640.0,-320.0,182.532035
-600.0,-320.0,171.58074
-560.0,-320.0,161.012956
-520.0,-320.0,150.827087
-480.0,-320.0,141.021658
-440.0,-320.0,131.595324
-400.0,-320.0,122.546738
-360.0,-320.0,113.874957
-320.0,-320.0,105.579189
-280.0,-320.0,97.658753
-240.0,-320.0,90.113406
-200.0,-320.0,82.943149
-160.0,-320.0,76.148221
-120.0,-320.0,69.729426
-80.0,-320.0,63.68788
-40.0,-320.0,58.025123
0.0,-320.0,52.743102
40.0,-320.0,47.844333
80.0,-320.0,43.334585
120.0,-320.0,39.225286
160.0,-320.0,35.532769
200.0,-320.0,32.277233
240.0,-320.0,29.481592
280.0,-320.0,27.170548
320.0,-320.0,25.370193
360.0,-320.0,24.106505
400.0,-320.0,23.405979
440.0,-320.0,23.294509
480.0,-320.0,23.797423
520.0,-320.0,24.940197
560.0,-320.0,26.748889
600.0,-320.0,29.252041
640.0,-320.0,32.329032
680.0,-320.0,35.81311
720.0,-320.0,39.70525
760.0,-320.0,44.002421
800.0,-320.0,48.699148
840.0,-320.0,53.788855
880.0,-320.0,59.264773
920.0,-320.0,65.120459
960.0,-320.0,71.349828
1000.0,-320.0,77.947153
1040.0,-320.0,84.908303
1080.0,-320.0,92.228583
1120.0,-320.0,99.903986
1160.0,-320.0,107.931381
1200.0,-320.0,116.306906
1240.0,-320.0,125.027656
1280.0,-320.0,134.091137
1320.0,-320.0,143.492824
1360.0,-320.0,153.230959
1400.0,-320.0,163.302457
1440.0,-320.0,173.704106
1480.0,-320.0,184.432604
1520.0,-320.0,195.48439
1560.0,-320.0,206.856182
1600.0,-320.0,218.544572
1640.0,-320.0,230.545216
1680.0,-320.0,242.854424
1720.0,-320.0,255.468116
1760.0,-320.0,268.382056
-1760.0,-280.0,
-1720.0,-280.0,
-1680.0,-280.0,
-1640.0,-280.0,
-1600.0,-280.0,
-1560.0,-280.0,
-1520.0,-280.0,
-1480.0,-280.0,
-1440.0,-280.0,558.213366
-1400.0,-280.0,535.929981
-1360.0,-280.0,514.157536
-1320.0,-280.0,492.894317
-1280.0,-280.0,472.137595
-1240.0,-280.0,451.884418
-1200.0,-280.0,432.131483
-1160.0,-280.0,412.876355
-1120.0,-280.0,394.115637
-1080.0,-280.0,375.84597
-1040.0,-280.0,358.064032
-1000.0,-280.0,340.766524
-960.0,-280.0,323.950165
-920.0,-280.0,307.611681
-880.0,-280.0,291.747476
-840.0,-280.0,276.354044
-800.0,-280.0,261.428534
-760.0,-280.0,246.967056
-720.0,-280.0,232.966774
-680.0,-280.0,219.42452
-640.0,-280.0,206.336995
-600.0,-280.0,193.701243
-560.0,-280.0,181.514508
-520.0,-280.0,169.774039
-480.0,-280.0,158.477259
-440.0,-280.0,147.621646
-400.0,-280.0,137.205094
-360.0,-280.0,127.225678
-320.0,-280.0,117.681589
-280.0,-280.0,108.571401
-240.0,-280.0,99.894078
-200.0,-280.0,91.6489
-160.0,-280.0,83.835604
-120.0,-280.0,76.454521
-80.0,-280.0,69.50649
-40.0,-280.0,62.992983
0.0,-280.0,56.916114
40.0,-280.0,51.278913
80.0,-280.0,46.088319
120.0,-280.0,41.357925
160.0,-280.0,37.106941
200.0,-280.0,33.35893
240.0,-280.0,30.140506
280.0,-280.0,27.480195
320.0,-280.0,25.408232
360.0,-280.0,23.954655
400.0,-280.0,23.149697
440.0,-280.0,23.022589
480.0,-280.0,23.600343
520.0,-280.0,24.909165
560.0,-280.0,26.974341
600.0,-280.0,29.82232
640.0,-280.0,33.326582
680.0,-280.0,37.313268
720.0,-280.0,41.779136
760.0,-280.0,46.716191
800.0,-280.0,52.114253
840.0,-280.0,57.962806
880.0,-280.0,64.251553
920.0,-280.0,70.971677
960.0,-280.0,78.115998
1000.0,-280.0,85.676515
1040.0,-280.0,93.648872
1080.0,-280.0,102.026401
1120.0,-280.0,110.805499
1160.0,-280.0,119.981884
1200.0,-280.0,129.550335
1240.0,-280.0,139.507869
1280.0,-280.0,149.85062
1320.0,-280.0,160.574672
1360.0,-280.0,171.67608
1400.0,-280.0,183.150838
1440.0,-280.0,194.99485
1480.0,-280.0,207.20391
1520.0,-280.0,219.77368
1560.0,-280.0,232.699216
1600.0,-280.0,245.974467
1640.0,-280.0,259.595892
1680.0,-280.0,273.557803
1720.0,-280.0,287.852251
1760.0,-280.0,302.476488
-1760.0,-240.0,
-1720.0,-240.0,
-1680.0,-240.0,
-1640.0,-240.0,
-1600.0,-240.0,
-1560.0,-240.0,
-1520.0,-240.0,
-1480.0,-240.0,
-1440.0,-240.0,661.011953
-1400.0,-240.0,633.995534
-1360.0,-240.0,607.635636
-1320.0,-240.0,581.928157
-1280.0,-240.0,556.867604
-1240.0,-240.0,532.4485
-1200.0,-240.0,508.664282
-1160.0,-240.0,485.51012
-1120.0,-240.0,462.980354
-1080.0,-240.0,441.067915
-1040.0,-240.0,419.767857
-1000.0,-240.0,399.074035
-960.0,-240.0,378.979995
-920.0,-240.0,359.479945
-880.0,-240.0,340.568107
-840.0,-240.0,322.238358
-800.0,-240.0,304.484905
-760.0,-240.0,287.302291
-720.0,-240.0,270.68481
-680.0,-240.0,254.626653
-640.0,-240.0,239.122845
-600.0,-240.0,224.16811
-560.0,-240.0,209.757183
-520.0,-240.0,195.885526
-480.0,-240.0,182.548507
-440.0,-240.0,169.741774
-400.0,-240.0,157.46127
-360.0,-240.0,145.703246
-320.0,-240.0,134.464141
-280.0,-240.0,123.741122
-240.0,-240.0,113.531532
-200.0,-240.0,103.833284
-160.0,-240.0,94.644909
-120.0,-240.0,85.965657
-80.0,-240.0,77.795495
-40.0,-240.0,70.135354
0.0,-240.0,62.98716
40.0,-240.0,56.354151
80.0,-240.0,50.244507
120.0,-240.0,44.674336
160.0,-240.0,39.666302
200.0,-240.0,35.248207
240.0,-240.0,31.4515
280.0,-240.0,28.310114
320.0,-240.0,25.860364
360.0,-240.0,24.138818
400.0,-240.0,23.18195
440.0,-240.0,23.024863
480.0,-240.0,23.698642
520.0,-240.0,25.230866
560.0,-240.0,27.645253
600.0,-240.0,30.964242
640.0,-240.0,35.052755
680.0,-240.0,39.726579
720.0,-240.0,44.974204
760.0,-240.0,50.779161
800.0,-240.0,57.123222
840.0,-240.0,63.99101
880.0,-240.0,71.367955
920.0,-240.0,79.242948
960.0,-240.0,87.605213
1000.0,-240.0,96.447402
1040.0,-240.0,105.762267
1080.0,-240.0,115.543088
1120.0,-240.0,125.784135
1160.0,-240.0,136.480372
1200.0,-240.0,147.626645
1240.0,-240.0,159.217935
1280.0,-240.0,171.248858
1320.0,-240.0,183.713916
1360.0,-240.0,196.608473
1400.0,-240.0,209.92734
1440.0,-240.0,223.663268
1480.0,-240.0,237.811052
1520.0,-240.0,252.364296
1560.0,-240.0,267.315453
1600.0,-240.0,282.65748
1640.0,-240.0,298.383913
1680.0,-240.0,314.483603
1720.0,-240.0,330.949999
1760.0,-240.0,347.773889
-1760.0,-200.0,
-1720.0,-200.0,
-1680.0,-200.0,
-1640.0,-200.0,
-1600.0,-200.0,
-1560.0,-200.0,
-1520.0,-200.0,
-1480.0,-200.0,852.859173
-1440.0,-200.0,817.266291
-1400.0,-200.0,782.617829
-1360.0,-200.0,748.901377
-1320.0,-200.0,716.103418
-1280.0,-200.0,684.211085
-1240.0,-200.0,653.212792
-1200.0,-200.0,623.09351
-1160.0,-200.0,593.842233
-1120.0,-200.0,565.445678
-1080.0,-200.0,537.89099
-1040.0,-200.0,511.165678
-1000.0,-200.0,485.257562
-960.0,-200.0,460.154725
-920.0,-200.0,435.843983
-880.0,-200.0,412.314861
-840.0,-200.0,389.554693
-800.0,-200.0,367.552509
-760.0,-200.0,346.297231
-720.0,-200.0,325.777955
-680.0,-200.0,305.984157
-640.0,-200.0,286.905277
-600.0,-200.0,268.531679
-560.0,-200.0,250.853829
-520.0,-200.0,233.862383
-480.0,-200.0,217.54854
-440.0,-200.0,201.904037
-400.0,-200.0,186.920886
-360.0,-200.0,172.591623
-320.0,-200.0,158.90933
-280.0,-200.0,145.867664
-240.0,-200.0,133.46081
-200.0,-200.0,121.683824
-160.0,-200.0,110.532481
-120.0,-200.0,100.003555
-80.0,-200.0,90.094858
-40.0,-200.0,80.805615
0.0,-200.0,72.13649
40.0,-200.0,64.090164
80.0,-200.0,56.675694
120.0,-200.0,49.911907
160.0,-200.0,43.825496
200.0,-200.0,38.44942
240.0,-200.0,33.82156
280.0,-200.0,29.983674
320.0,-200.0,26.981263
360.0,-200.0,24.861451
400.0,-200.0,23.671632
440.0,-200.0,23.457283
480.0,-200.0,24.257975
520.0,-200.0,26.105475
560.0,-200.0,29.021317
600.0,-200.0,33.019968
640.0,-200.0,37.951749
680.0,-200.0,43.614435
720.0,-200.0,49.979949
760.0,-200.0,57.017319
800.0,-200.0,64.698021
840.0,-200.0,72.998117
880.0,-200.0,81.899332
920.0,-200.0,91.386615
960.0,-200.0,101.447779
1000.0,-200.0,112.072678
1040.0,-200.0,123.252582
1080.0,-200.0,134.979719
1120.0,-200.0,147.246948
1160.0,-200.0,160.04719
1200.0,-200.0,173.37216
1240.0,-200.0,187.216778
1280.0,-200.0,201.571696
1320.0,-200.0,216.4315
1360.0,-200.0,231.785171
1400.0,-200.0,247.62671
1440.0,-200.0,263.946759
1480.0,-200.0,280.735272
1520.0,-200.0,297.981211
1560.0,-200.0,315.674869
1600.0,-200.0,333.804726
1640.0,-200.0,352.358351
1680.0,-200.0,371.321592
1720.0,-200.0,390.681918
1760.0,-200.0,410.425311
-1760.0,-160.0,
-1720.0,-160.0,
-1680.0,-160.0,
-1640.0,-160.0,
-1600.0,-160.0,
-1560.0,-160.0,
-1520.0,-160.0,
-1480.0,-160.0,1139.553522
-1440.0,-160.0,1088.479543
-1400.0,-160.0,1039.060919
-1360.0,-160.0,991.251595
-1320.0,-160.0,945.00849
-1280.0,-160.0,900.289479
-1240.0,-160.0,857.052835
-1200.0,-160.0,815.260921
-1160.0,-160.0,774.874839
-1120.0,-160.0,735.859186
-1080.0,-160.0,698.178642
-1040.0,-160.0,661.799573
-1000.0,-160.0,626.688353
-960.0,-160.0,592.814693
-920.0,-160.0,560.146845
-880.0,-160.0,528.656294
-840.0,-160.0,498.314485
-800.0,-160.0,469.094152
-760.0,-160.0,440.968289
-720.0,-160.0,413.912374
-680.0,-160.0,387.901341
-640.0,-160.0,362.912242
-600.0,-160.0,338.922452
-560.0,-160.0,315.910472
-520.0,-160.0,293.85586
-480.0,-160.0,272.738936
-440.0,-160.0,252.541138
-400.0,-160.0,233.2449
-360.0,-160.0,214.833674
-320.0,-160.0,197.291813
-280.0,-160.0,180.604802
-240.0,-160.0,164.759272
-200.0,-160.0,149.743045
-160.0,-160.0,135.545167
-120.0,-160.0,122.156236
-80.0,-160.0,109.568472
-40.0,-160.0,97.776144
0.0,-160.0,86.77581
40.0,-160.0,76.567182
80.0,-160.0,67.158599
120.0,-160.0,58.570874
160.0,-160.0,50.834734
200.0,-160.0,43.98921
240.0,-160.0,38.080795
280.0,-160.0,33.162845
320.0,-160.0,29.29509
360.0,-160.0,26.541729
400.0,-160.0,24.969235
440.0,-160.0,24.642764
480.0,-160.0,25.619134
520.0,-160.0,27.941423
560.0,-160.0,31.630759
600.0,-160.0,36.684565
640.0,-160.0,42.924078
680.0,-160.0,50.11104
720.0,-160.0,58.184464
760.0,-160.0,67.08876
800.0,-160.0,76.779992
840.0,-160.0,87.225625
880.0,-160.0,98.401628
920.0,-160.0,110.288625
960.0,-160.0,122.872497
1000.0,-160.0,136.140958
1040.0,-160.0,150.081037
1080.0,-160.0,164.683598
1120.0,-160.0,179.937732
1160.0,-160.0,195.8316
1200.0,-160.0,212.355521
1240.0,-160.0,229.497888
1280.0,-160.0,247.246586
1320.0,-160.0,265.58892
1360.0,-160.0,284.511569
1400.0,-160.0,303.998661
1440.0,-160.0,324.035331
1480.0,-160.0,344.607003
1520.0,-160.0,365.691968
1560.0,-160.0,387.27644
1600.0,-160.0,409.334569
1640.0,-160.0,431.849494
1680.0,-160.0,454.797933
1720.0,-160.0,478.155215
1760.0,-160.0,501.894151
-1760.0,-120.0,
-1720.0,-120.0,
-1680.0,-120.0,
-1640.0,-120.0,
-1600.0,-120.0,
-1560.0,-120.0,
-1520.0,-120.0,
-1480.0,-120.0,1806.706841
-1440.0,-120.0,1709.723449
-1400.0,-120.0,1617.660967
-1360.0,-120.0,1530.192431
-1320.0,-120.0,1447.027927
-1280.0,-120.0,1367.900547
-1240.0,-120.0,1292.57022
-1200.0,-120.0,1220.819736
-1160.0,-120.0,1152.446875
-1120.0,-120.0,1087.269341
-1080.0,-120.0,1025.117893
-1040.0,-120.0,965.838848
-1000.0,-120.0,909.287598
-960.0,-120.0,855.331102
-920.0,-120.0,803.846865
-880.0,-120.0,754.720157
-840.0,-120.0,707.844362
-800.0,-120.0,663.119716
-760.0,-120.0,620.453682
-720.0,-120.0,579.759254
-680.0,-120.0,540.955432
-640.0,-120.0,503.965774
-600.0,-120.0,468.719133
-560.0,-120.0,435.149123
-520.0,-120.0,403.193104
-480.0,-120.0,372.792684
-440.0,-120.0,343.892971
-400.0,-120.0,316.442877
-360.0,-120.0,290.394826
-320.0,-120.0,265.704291
-280.0,-120.0,242.330095
-240.0,-120.0,220.23395
-200.0,-120.0,199.380802
-160.0,-120.0,179.738573
-120.0,-120.0,161.2784
-80.0,-120.0,143.974644
-40.0,-120.0,127.805451
0.0,-120.0,112.75317
40.0,-120.0,98.805705
80.0,-120.0,85.963778
120.0,-120.0,74.245222
160.0,-120.0,63.681704
200.0,-120.0,54.317895
240.0,-120.0,46.211255
280.0,-120.0,39.431986
320.0,-120.0,34.062623
360.0,-120.0,30.195516
400.0,-120.0,27.930111
440.0,-120.0,27.368856
480.0,-120.0,28.605758
520.0,-120.0,31.71428
560.0,-120.0,36.723448
600.0,-120.0,43.599895
640.0,-120.0,52.092912
680.0,-120.0,61.879261
720.0,-120.0,72.829501
760.0,-120.0,84.847079
800.0,-120.0,97.868726
840.0,-120.0,111.85122
880.0,-120.0,126.764965
920.0,-120.0,142.586048
960.0,-120.0,159.294256
1000.0,-120.0,176.871293
1040.0,-120.0,195.299728
1080.0,-120.0,214.562352
1120.0,-120.0,234.638097
1160.0,-120.0,255.511141
1200.0,-120.0,277.157216
1240.0,-120.0,299.557219
1280.0,-120.0,322.68684
1320.0,-120.0,346.52018
1360.0,-120.0,371.02971
1400.0,-120.0,396.186241
1440.0,-120.0,421.958898
1480.0,-120.0,448.315105
1520.0,-120.0,475.220571
1560.0,-120.0,502.632363
1600.0,-120.0,530.516532
1640.0,-120.0,558.823839
1680.0,-120.0,587.514465
1720.0,-120.0,616.539098
1760.0,-120.0,645.842851
-1760.0,-80.0,
-1720.0,-80.0,
-1680.0,-80.0,
-1640.0,-80.0,
-1600.0,-80.0,
-1560.0,-80.0,
-1520.0,-80.0,
-1480.0,-80.0,6728.680892
-1440.0,-80.0,5806.540156
-1400.0,-80.0,5081.361754
-1360.0,-80.0,4494.597708
-1320.0,-80.0,4008.034587
-1280.0,-80.0,3597.24702
-1240.0,-80.0,3245.389021
-1200.0,-80.0,2940.370456
-1160.0,-80.0,2673.269271
-1120.0,-80.0,2437.348458
-1080.0,-80.0,2227.416657
-1040.0,-80.0,2039.410716
-1000.0,-80.0,1870.095052
-960.0,-80.0,1716.866874
-920.0,-80.0,1577.599465
-880.0,-80.0,1450.543657
-840.0,-80.0,1334.24217
-800.0,-80.0,1227.471178
-760.0,-80.0,1129.197012
-720.0,-80.0,1038.537036
-680.0,-80.0,954.733742
-640.0,-80.0,877.133778
-600.0,-80.0,805.169442
-560.0,-80.0,738.344738
-520.0,-80.0,676.225253
-480.0,-80.0,618.428296
-440.0,-80.0,564.615858
-400.0,-80.0,514.487905
-360.0,-80.0,467.777789
-320.0,-80.0,424.247645
-280.0,-80.0,383.685433
-240.0,-80.0,345.901408
-200.0,-80.0,310.726116
-160.0,-80.0,278.007876
-120.0,-80.0,247.61153
-80.0,-80.0,219.416878
-40.0,-80.0,193.318094
0.0,-80.0,169.22339
40.0,-80.0,147.056661
80.0,-80.0,126.767403
120.0,-80.0,108.335205
160.0,-80.0,91.766301
200.0,-80.0,77.094294
240.0,-80.0,64.380192
280.0,-80.0,53.711795
320.0,-80.0,45.203121
360.0,-80.0,38.991485
400.0,-80.0,35.234914
440.0,-80.0,34.106265
480.0,-80.0,35.781085
520.0,-80.0,40.41403
560.0,-80.0,48.088352
600.0,-80.0,58.718486
640.0,-80.0,71.841049
680.0,-80.0,86.875324
720.0,-80.0,103.538424
760.0,-80.0,121.677243
800.0,-80.0,141.20423
840.0,-80.0,162.065105
880.0,-80.0,184.216032
920.0,-80.0,207.618456
960.0,-80.0,232.235546
1000.0,-80.0,258.030377
1040.0,-80.0,284.964493
1080.0,-80.0,312.992245
1120.0,-80.0,342.072351
1160.0,-80.0,372.155347
1200.0,-80.0,403.18738
1240.0,-80.0,435.112446
1280.0,-80.0,467.868579
1320.0,-80.0,501.391558
1360.0,-80.0,535.613002
1400.0,-80.0,570.455494
1440.0,-80.0,605.840333
1480.0,-80.0,641.679937
1520.0,-80.0,677.887074
1560.0,-80.0,714.364092
1600.0,-80.0,751.008143
1640.0,-80.0,787.711175
1680.0,-80.0,824.359932
1720.0,-80.0,860.835946
1760.0,-80.0,897.015541
-1760.0,-40.0,
-1720.0,-40.0,
-1680.0,-40.0,
-1640.0,-40.0,
-1600.0,-40.0,
-1560.0,-40.0,
-1520.0,-40.0,
-1480.0,-40.0,
-1440.0,-40.0,
-1400.0,-40.0,
-1360.0,-40.0,
-1320.0,-40.0,
-1280.0,-40.0,
-1240.0,-40.0,
-1200.0,-40.0,
-1160.0,-40.0,
-1120.0,-40.0,118054.265162
-1080.0,-40.0,142061.782942
-1040.0,-40.0,54768.225913
-1000.0,-40.0,34860.915583
-960.0,-40.0,48162.301527
-920.0,-40.0,29714.639538
-880.0,-40.0,77627.383558
-840.0,-40.0,29248.156131
-800.0,-40.0,21256.02057
-760.0,-40.0,35717.595971
-720.0,-40.0,21498.441008
-680.0,-40.0,16986.591479
-640.0,-40.0,24166.752765
-600.0,-40.0,17314.536399
-560.0,-40.0,39459.169365
-520.0,-40.0,6564.879069
-480.0,-40.0,3988.940486
-440.0,-40.0,2896.077969
-400.0,-40.0,2247.018434
-360.0,-40.0,1806.359056
-320.0,-40.0,1484.058857
-280.0,-40.0,1236.754585
-240.0,-40.0,1040.531815
-200.0,-40.0,880.95108
-160.0,-40.0,748.707925
-120.0,-40.0,637.504551
-80.0,-40.0,542.911513
-40.0,-40.0,461.717605
0.0,-40.0,391.538025
40.0,-40.0,330.57226
80.0,-40.0,277.463095
120.0,-40.0,231.199527
160.0,-40.0,191.043878
200.0,-40.0,156.480699
240.0,-40.0,127.178333
280.0,-40.0,102.95964
320.0,-40.0,83.780346
360.0,-40.0,69.710461
400.0,-40.0,60.919249
440.0,-40.0,57.663361
480.0,-40.0,60.266683
520.0,-40.0,69.095076
560.0,-40.0,84.472564
600.0,-40.0,106.340748
640.0,-40.0,133.277623
680.0,-40.0,163.50514
720.0,-40.0,196.396972
760.0,-40.0,231.718711
800.0,-40.0,269.325784
840.0,-40.0,309.090431
880.0,-40.0,350.882311
920.0,-40.0,394.5649
960.0,-40.0,439.993344
1000.0,-40.0,487.008802
1040.0,-40.0,535.437473
1080.0,-40.0,585.092914
1120.0,-40.0,635.775847
1160.0,-40.0,687.333157
1200.0,-40.0,740.11174
1240.0,-40.0,794.01446
1280.0,-40.0,848.962973
1320.0,-40.0,904.396186
1360.0,-40.0,960.401444
1400.0,-40.0,1016.098039
1440.0,-40.0,1071.143976
1480.0,-40.0,1125.115072
1520.0,-40.0,1175.964654
1560.0,-40.0,1226.298297
1600.0,-40.0,1278.071002
1640.0,-40.0,1330.402431
1680.0,-40.0,1384.039227
1720.0,-40.0,1438.157179
1760.0,-40.0,
-1760.0,40.0,
-1720.0,40.0,
-1680.0,40.0,
-1640.0,40.0,
-1600.0,40.0,
-1560.0,40.0,
-1520.0,40.0,
-1480.0,40.0,
-1440.0,40.0,
-1400.0,40.0,
-1360.0,40.0,
-1320.0,40.0,
-1280.0,40.0,
-1240.0,40.0,
-1200.0,40.0,
-1160.0,40.0,
-1120.0,40.0,118054.265162
-1080.0,40.0,142061.782942
-1040.0,40.0,54768.225913
-1000.0,40.0,34860.915583
-960.0,40.0,48162.301527
-920.0,40.0,29714.639538
-880.0,40.0,77627.383558
-840.0,40.0,29248.156131
-800.0,40.0,21256.02057
-760.0,40.0,35717.595972
-720.0,40.0,21498.441008
-680.0,40.0,16986.591479
-640.0,40.0,24166.752765
-600.0,40.0,17314.536399
-560.0,40.0,39459.169366
-520.0,40.0,6564.879069
-480.0,40.0,3988.940486
-440.0,40.0,2896.077969
-400.0,40.0,2247.018434
-360.0,40.0,1806.359056
-320.0,40.0,1484.058857
-280.0,40.0,1236.754585
-240.0,40.0,1040.531815
-200.0,40.0,880.95108
-160.0,40.0,748.707925
-120.0,40.0,637.504551
-80.0,40.0,542.911513
-40.0,40.0,461.717605
0.0,40.0,391.538025
40.0,40.0,330.57226
80.0,40.0,277.463095
120.0,40.0,231.199527
160.0,40.0,191.043878
200.0,40.0,156.480699
240.0,40.0,127.178333
280.0,40.0,102.95964
320.0,40.0,83.780346
360.0,40.0,69.710461
400.0,40.0,60.919249
440.0,40.0,57.663361
480.0,40.0,60.266683
520.0,40.0,69.095076
560.0,40.0,84.472564
600.0,40.0,106.340748
640.0,40.0,133.277623
680.0,40.0,163.50514
720.0,40.0,196.396972
760.0,40.0,231.718711
800.0,40.0,269.325784
840.0,40.0,309.090431
880.0,40.0,350.882311
920.0,40.0,394.5649
960.0,40.0,439.993344
1000.0,40.0,487.008802
1040.0,40.0,535.437473
1080.0,40.0,585.092914
1120.0,40.0,635.775847
1160.0,40.0,687.333157
1200.0,40.0,740.11174
1240.0,40.0,794.01446
1280.0,40.0,848.962973
1320.0,40.0,904.396186
1360.0,40.0,960.401444
1400.0,40.0,1016.098039
1440.0,40.0,1071.143976
1480.0,40.0,1125.115072
1520.0,40.0,1175.964654
1560.0,40.0,1226.298297
1600.0,40.0,1278.071002
1640.0,40.0,1330.402431
1680.0,40.0,1384.039227
1720.0,40.0,1438.157179
1760.0,40.0,
-1760.0,80.0,
-1720.0,80.0,
-1680.0,80.0,
-1640.0,80.0,
-1600.0,80.0,
-1560.0,80.0,
-1520.0,80.0,
-1480.0,80.0,6728.680892
-1440.0,80.0,5806.540156
-1400.0,80.0,5081.361754
-1360.0,80.0,4494.597708
-1320.0,80.0,4008.034587
-1280.0,80.0,3597.24702
-1240.0,80.0,3245.389021
-1200.0,80.0,2940.370456
-1160.0,80.0,2673.269271
-1120.0,80.0,2437.348458
-1080.0,80.0,2227.416657
-1040.0,80.0,2039.410716
-1000.0,80.0,1870.095052
-960.0,80.0,1716.866874
-920.0,80.0,1577.599465
-880.0,80.0,1450.543657
-840.0,80.0,1334.24217
-800.0,80.0,1227.471178
-760.0,80.0,1129.197012
-720.0,80.0,1038.537036
-680.0,80.0,954.733742
-640.0,80.0,877.133778
-600.0,80.0,805.169442
-560.0,80.0,738.344738
-520.0,80.0,676.225253
-480.0,80.0,618.428296
-440.0,80.0,564.615858
-400.0,80.0,514.487905
-360.0,80.0,467.777789
-320.0,80.0,424.247645
-280.0,80.0,383.685433
-240.0,80.0,345.901408
-200.0,80.0,310.726116
-160.0,80.0,278.007876
-120.0,80.0,247.61153
-80.0,80.0,219.416878
-40.0,80.0,193.318094
0.0,80.0,169.22339
40.0,80.0,147.056661
80.0,80.0,126.767403
120.0,80.0,108.335205
160.0,80.0,91.766301
200.0,80.0,77.094294
240.0,80.0,64.380192
280.0,80.0,53.711795
320.0,80.0,45.203121
360.0,80.0,38.991485
400.0,80.0,35.234914
440.0,80.0,34.106265
480.0,80.0,35.781085
520.0,80.0,40.41403
560.0,80.0,48.088352
600.0,80.0,58.718486
640.0,80.0,71.841049
680.0,80.0,86.875324
720.0,80.0,103.538424
760.0,80.0,121.677243
800.0,80.0,141.20423
840.0,80.0,162.065105
880.0,80.0,184.216032
920.0,80.0,207.618456
960.0,80.0,232.235546
1000.0,80.0,258.030377
1040.0,80.0,284.964493
1080.0,80.0,312.992245
1120.0,80.0,342.072351
1160.0,80.0,372.155347
1200.0,80.0,403.18738
1240.0,80.0,435.112446
1280.0,80.0,467.868579
1320.0,80.0,501.391558
1360.0,80.0,535.613002
1400.0,80.0,570.455494
1440.0,80.0,605.840333
1480.0,80.0,641.679937
1520.0,80.0,677.887074
1560.0,80.0,714.364092
1600.0,80.0,751.008143
1640.0,80.0,787.711175
1680.0,80.0,824.359932
1720.0,80.0,860.835946
1760.0,80.0,897.015541
-1760.0,120.0,
-1720.0,120.0,
-1680.0,120.0,
-1640.0,120.0,
-1600.0,120.0,
-1560.0,120.0,
-1520.0,120.0,
-1480.0,120.0,1806.706841
-1440.0,120.0,1709.723449
-1400.0,120.0,1617.660967
-1360.0,120.0,1530.192431
-1320.0,120.0,1447.027927
-1280.0,120.0,1367.900547
-1240.0,120.0,1292.57022
-1200.0,120.0,1220.819736
-1160.0,120.0,1152.446875
-1120.0,120.0,1087.269341
-1080.0,120.0,1025.117893
-1040.0,120.0,965.838848
-1000.0,120.0,909.287598
-960.0,120.0,855.331102
-920.0,120.0,803.846865
-880.0,120.0,754.720157
-840.0,120.0,707.844362
-800.0,120.0,663.119716
-760.0,120.0,620.453682
-720.0,120.0,579.759254
-680.0,120.0,540.955432
-640.0,120.0,503.965774
-600.0,120.0,468.719133
-560.0,120.0,435.149123
-520.0,120.0,403.193104
-480.0,120.0,372.792684
-440.0,120.0,343.892971
-400.0,120.0,316.442877
-360.0,120.0,290.394826
-320.0,120.0,265.704291
-280.0,120.0,242.330095
-240.0,120.0,220.23395
-200.0,120.0,199.380802
-160.0,120.0,179.738573
-120.0,120.0,161.2784
-80.0,120.0,143.974644
-40.0,120.0,127.805451
0.0,120.0,112.75317
40.0,120.0,98.805705
80.0,120.0,85.963778
120.0,120.0,74.245222
160.0,120.0,63.681704
200.0,120.0,54.317895
240.0,120.0,46.211255
280.0,120.0,39.431986
320.0,120.0,34.062623
360.0,120.0,30.195516
400.0,120.0,27.930111
440.0,120.0,27.368856
480.0,120.0,28.605758
520.0,120.0,31.71428
560.0,120.0,36.723448
600.0,120.0,43.599895
640.0,120.0,52.092912
680.0,120.0,61.879261
720.0,120.0,72.829501
760.0,120.0,84.847079
800.0,120.0,97.868726
840.0,120.0,111.85122
880.0,120.0,126.764965
920.0,120.0,142.586048
960.0,120.0,159.294256
1000.0,120.0,176.871293
1040.0,120.0,195.299728
1080.0,120.0,214.562352
1120.0,120.0,234.638097
1160.0,120.0,255.511141
1200.0,120.0,277.157216
1240.0,120.0,299.557219
1280.0,120.0,322.68684
1320.0,120.0,346.52018
1360.0,120.0,371.02971
1400.0,120.0,396.186241
1440.0,120.0,421.958898
1480.0,120.0,448.315105
1520.0,120.0,475.220571
1560.0,120.0,502.632363
1600.0,120.0,530.516532
1640.0,120.0,558.823839
1680.0,120.0,587.514465
1720.0,120.0,616.539098
1760.0,120.0,645.842851
-1760.0,160.0,
-1720.0,160.0,
-1680.0,160.0,
-1640.0,160.0,
-1600.0,160.0,
-1560.0,160.0,
-1520.0,160.0,
-1480.0,160.0,1139.553522
-1440.0,160.0,1088.479543
-1400.0,160.0,1039.060919
-1360.0,160.0,991.251595
-1320.0,160.0,945.00849
-1280.0,160.0,900.289479
-1240.0,160.0,857.052835
-1200.0,160.0,815.260921
-1160.0,160.0,774.874839
-1120.0,160.0,735.859186
-1080.0,160.0,698.178642
-1040.0,160.0,661.799573
-1000.0,160.0,626.688353
-960.0,160.0,592.814693
-920.0,160.0,560.146845
-880.0,160.0,528.656294
-840.0,160.0,498.314485
-800.0,160.0,469.094152
-760.0,160.0,440.968289
-720.0,160.0,413.912374
-680.0,160.0,387.901341
-640.0,160.0,362.912242
-600.0,160.0,338.922452
-560.0,160.0,315.910472
-520.0,160.0,293.85586
-480.0,160.0,272.738936
-440.0,160.0,252.541138
-400.0,160.0,233.2449
-360.0,160.0,214.833674
-320.0,160.0,197.291813
-280.0,160.0,180.604802
-240.0,160.0,164.759272
-200.0,160.0,149.743045
-160.0,160.0,135.545167
-120.0,160.0,122.156236
-80.0,160.0,109.568472
-40.0,160.0,97.776144
0.0,160.0,86.77581
40.0,160.0,76.567182
80.0,160.0,67.158599
120.0,160.0,58.570874
160.0,160.0,50.834734
200.0,160.0,43.98921
240.0,160.0,38.080795
280.0,160.0,33.162845
320.0,160.0,29.29509
360.0,160.0,26.541729
400.0,160.0,24.969235
440.0,160.0,24.642764
480.0,160.0,25.619134
520.0,160.0,27.941423
560.0,160.0,31.630759
600.0,160.0,36.684565
640.0,160.0,42.924078
680.0,160.0,50.11104
720.0,160.0,58.184464
760.0,160.0,67.08876
800.0,160.0,76.779992
840.0,160.0,87.225625
880.0,160.0,98.401628
920.0,160.0,110.288625
960.0,160.0,122.872497
1000.0,160.0,136.140958
1040.0,160.0,150.081037
1080.0,160.0,164.683598
1120.0,160.0,179.937732
1160.0,160.0,195.8316
1200.0,160.0,212.355521
1240.0,160.0,229.497888
1280.0,160.0,247.246586
1320.0,160.0,265.58892
1360.0,160.0,284.511569
1400.0,160.0,303.998661
1440.0,160.0,324.035331
1480.0,160.0,344.607003
1520.0,160.0,365.691968
1560.0,160.0,387.27644
1600.0,160.0,409.334569
1640.0,160.0,431.849494
1680.0,160.0,454.797933
1720.0,160.0,478.155215
1760.0,160.0,501.894151
-1760.0,200.0,
-1720.0,200.0,
-1680.0,200.0,
-1640.0,200.0,
-1600.0,200.0,
-1560.0,200.0,
-1520.0,200.0,
-1480.0,200.0,852.859173
-1440.0,200.0,817.266291
-1400.0,200.0,782.617829
-1360.0,200.0,748.901377
-1320.0,200.0,716.103418
-1280.0,200.0,684.211085
-1240.0,200.0,653.212792
-1200.0,200.0,623.09351
-1160.0,200.0,593.842233
-1120.0,200.0,565.445678
-1080.0,200.0,537.89099
-1040.0,200.0,511.165678
-1000.0,200.0,485.257562
-960.0,200.0,460.154725
-920.0,200.0,435.843983
-880.0,200.0,412.314861
-840.0,200.0,389.554693
-800.0,200.0,367.552509
-760.0,200.0,346.297231
-720.0,200.0,325.777955
-680.0,200.0,305.984157
-640.0,200.0,286.905277
-600.0,200.0,268.531679
-560.0,200.0,250.853829
-520.0,200.0,233.862383
-480.0,200.0,217.54854
-440.0,200.0,201.904037
-400.0,200.0,186.920886
-360.0,200.0,172.591623
-320.0,200.0,158.90933
-280.0,200.0,145.867664
-240.0,200.0,133.46081
-200.0,200.0,121.683824
-160.0,200.0,110.532481
-120.0,200.0,100.003555
-80.0,200.0,90.094858
-40.0,200.0,80.805615
0.0,200.0,72.13649
40.0,200.0,64.090164
80.0,200.0,56.675694
120.0,200.0,49.911907
160.0,200.0,43.825496
200.0,200.0,38.44942
240.0,200.0,33.82156
280.0,200.0,29.983674
320.0,200.0,26.981263
360.0,200.0,24.861451
400.0,200.0,23.671632
440.0,200.0,23.457283
480.0,200.0,24.257975
520.0,200.0,26.105475
560.0,200.0,29.021317
600.0,200.0,33.019968
640.0,200.0,37.951749
680.0,200.0,43.614435
720.0,200.0,49.979949
760.0,200.0,57.017319
800.0,200.0,64.698021
840.0,200.0,72.998117
880.0,200.0,81.899332
920.0,200.0,91.386615
960.0,200.0,101.447779
1000.0,200.0,112.072678
1040.0,200.0,123.252582
1080.0,200.0,134.979719
1120.0,200.0,147.246948
1160.0,200.0,160.04719
1200.0,200.0,173.37216
1240.0,200.0,187.216778
1280.0,200.0,201.571696
1320.0,200.0,216.4315
1360.0,200.0,231.785171
1400.0,200.0,247.62671
1440.0,200.0,263.946759
1480.0,200.0,280.735272
1520.0,200.0,297.981211
1560.0,200.0,315.674869
1600.0,200.0,333.804726
1640.0,200.0,352.358351
1680.0,200.0,371.321592
1720.0,200.0,390.681918
1760.0,200.0,410.425311
-1760.0,240.0,
-1720.0,240.0,
-1680.0,240.0,
-1640.0,240.0,
-1600.0,240.0,
-1560.0,240.0,
-1520.0,240.0,
-1480.0,240.0,
-1440.0,240.0,661.011953
-1400.0,240.0,633.995534
-1360.0,240.0,607.635636
-1320.0,240.0,581.928157
-1280.0,240.0,556.867604
-1240.0,240.0,532.4485
-1200.0,240.0,508.664282
-1160.0,240.0,485.51012
-1120.0,240.0,462.980354
-1080.0,240.0,441.067915
-1040.0,240.0,419.767857
-1000.0,240.0,399.074035
-960.0,240.0,378.979995
-920.0,240.0,359.479945
-880.0,240.0,340.568107
-840.0,240.0,322.238358
-800.0,240.0,304.484905
-760.0,240.0,287.302291
-720.0,240.0,270.68481
-680.0,240.0,254.626653
-640.0,240.0,239.122845
-600.0,240.0,224.16811
-560.0,240.0,209.757183
-520.0,240.0,195.885526
-480.0,240.0,182.548507
-440.0,240.0,169.741774
-400.0,240.0,157.46127
-360.0,240.0,145.703246
-320.0,240.0,134.464141
-280.0,240.0,123.741122
-240.0,240.0,113.531532
-200.0,240.0,103.833284
-160.0,240.0,94.644909
-120.0,240.0,85.965657
-80.0,240.0,77.795495
-40.0,240.0,70.135354
0.0,240.0,62.98716
40.0,240.0,56.354151
80.0,240.0,50.244507
120.0,240.0,44.674336
160.0,240.0,39.666302
200.0,240.0,35.248207
240.0,240.0,31.4515
280.0,240.0,28.310114
320.0,240.0,25.860364
360.0,240.0,24.138818
400.0,240.0,23.18195
440.0,240.0,23.024863
480.0,240.0,23.698642
520.0,240.0,25.230866
560.0,240.0,27.645253
600.0,240.0,30.964242
640.0,240.0,35.052755
680.0,240.0,39.726579
720.0,240.0,44.974204
760.0,240.0,50.779161
800.0,240.0,57.123222
840.0,240.0,63.99101
880.0,240.0,71.367955
920.0,240.0,79.242948
960.0,240.0,87.605213
1000.0,240.0,96.447402
1040.0,240.0,105.762267
1080.0,240.0,115.543088
1120.0,240.0,125.784135
1160.0,240.0,136.480372
1200.0,240.0,147.626645
1240.0,240.0,159.217935
1280.0,240.0,171.248858
1320.0,240.0,183.713916
1360.0,240.0,196.608473
1400.0,240.0,209.92734
1440.0,240.0,223.663268
1480.0,240.0,237.811052
1520.0,240.0,252.364296
1560.0,240.0,267.315453
1600.0,240.0,282.65748
1640.0,240.0,298.383913
1680.0,240.0,314.483603
1720.0,240.0,330.949999
1760.0,240.0,347.773889
-1760.0,280.0,
-1720.0,280.0,
-1680.0,280.0,
-1640.0,280.0,
-1600.0,280.0,
-1560.0,280.0,
-1520.0,280.0,
-1480.0,280.0,
-1440.0,280.0,558.213366
-1400.0,280.0,535.929981
-1360.0,280.0,514.157536
-1320.0,280.0,492.894317
-1280.0,280.0,472.137595
-1240.0,280.0,451.884418
-1200.0,280.0,432.131483
-1160.0,280.0,412.876355
-1120.0,280.0,394.115637
-1080.0,280.0,375.84597
-1040.0,280.0,358.064032
-1000.0,280.0,340.766524
-960.0,280.0,323.950165
-920.0,280.0,307.611681
-880.0,280.0,291.747476
-840.0,280.0,276.354044
-800.0,280.0,261.428534
-760.0,280.0,246.967056
-720.0,280.0,232.966774
-680.0,280.0,219.42452
-640.0,280.0,206.336995
-600.0,280.0,193.701243
-560.0,280.0,181.514508
-520.0,280.0,169.774039
-480.0,280.0,158.477259
-440.0,280.0,147.621646
-400.0,280.0,137.205094
-360.0,280.0,127.225678
-320.0,280.0,117.681589
-280.0,280.0,108.571401
-240.0,280.0,99.894078
-200.0,280.0,91.6489
-160.0,280.0,83.835604
-120.0,280.0,76.454521
-80.0,280.0,69.50649
-40.0,280.0,62.992983
0.0,280.0,56.916114
40.0,280.0,51.278913
80.0,280.0,46.088319
120.0,280.0,41.357925
160.0,280.0,37.106941
200.0,280.0,33.35893
240.0,280.0,30.140506
280.0,280.0,27.480195
320.0,280.0,25.408232
360.0,280.0,23.954655
400.0,280.0,23.149697
440.0,280.0,23.022589
480.0,280.0,23.600343
520.0,280.0,24.909165
560.0,280.0,26.974341
600.0,280.0,29.82232
640.0,280.0,33.326582
680.0,280.0,37.313268
720.0,280.0,41.779136
760.0,280.0,46.716191
800.0,280.0,52.114253
840.0,280.0,57.962806
880.0,280.0,64.251553
920.0,280.0,70.971677
960.0,280.0,78.115998
1000.0,280.0,85.676515
1040.0,280.0,93.648872
1080.0,280.0,102.026401
1120.0,280.0,110.805499
1160.0,280.0,119.981884
1200.0,280.0,129.550335
1240.0,280.0,139.507869
1280.0,280.0,149.85062
1320.0,280.0,160.574672
1360.0,280.0,171.67608
1400.0,280.0,183.150838
1440.0,280.0,194.99485
1480.0,280.0,207.20391
1520.0,280.0,219.77368
1560.0,280.0,232.699216
1600.0,280.0,245.974467
1640.0,280.0,259.595892
1680.0,280.0,273.557803
1720.0,280.0,287.852251
1760.0,280.0,302.476488
-1760.0,320.0,
-1720.0,320.0,
-1680.0,320.0,
-1640.0,320.0,
-1600.0,320.0,
-1560.0,320.0,
-1520.0,320.0,
-1480.0,320.0,
-1440.0,320.0,485.078626
-1400.0,320.0,466.049943
-1360.0,320.0,447.441725
-1320.0,320.0,429.253374
-1280.0,320.0,411.483469
-1240.0,320.0,394.13027
-1200.0,320.0,377.192019
-1160.0,320.0,360.666931
-1120.0,320.0,344.55319
-1080.0,320.0,328.848945
-1040.0,320.0,313.551664
-1000.0,320.0,298.659777
-960.0,320.0,284.171478
-920.0,320.0,270.083848
-880.0,320.0,256.395702
-840.0,320.0,243.104354
-800.0,320.0,230.207936
-760.0,320.0,217.704542
-720.0,320.0,205.592079
-680.0,320.0,193.868545
-640.0,320.0,182.532035
-600.0,320.0,171.58074
-560.0,320.0,161.012956
-520.0,320.0,150.827087
-480.0,320.0,141.021658
-440.0,320.0,131.595324
-400.0,320.0,122.546738
-360.0,320.0,113.874957
-320.0,320.0,105.579189
-280.0,320.0,97.658753
-240.0,320.0,90.113406
-200.0,320.0,82.943149
-160.0,320.0,76.148221
-120.0,320.0,69.729426
-80.0,320.0,63.68788
-40.0,320.0,58.025123
0.0,320.0,52.743102
40.0,320.0,47.844333
80.0,320.0,43.334585
120.0,320.0,39.225286
160.0,320.0,35.532769
200.0,320.0,32.277233
240.0,320.0,29.481592
280.0,320.0,27.170548
320.0,320.0,25.370193
360.0,320.0,24.106505
400.0,320.0,23.405979
440.0,320.0,23.294509
480.0,320.0,23.797423
520.0,320.0,24.940197
560.0,320.0,26.748889
600.0,320.0,29.252041
640.0,320.0,32.329032
680.0,320.0,35.81311
720.0,320.0,39.70525
760.0,320.0,44.002421
800.0,320.0,48.699148
840.0,320.0,53.788855
880.0,320.0,59.264773
920.0,320.0,65.120459
960.0,320.0,71.349828
1000.0,320.0,77.947153
1040.0,320.0,84.908303
1080.0,320.0,92.228583
1120.0,320.0,99.903986
1160.0,320.0,107.931381
1200.0,320.0,116.306906
1240.0,320.0,125.027656
1280.0,320.0,134.091137
1320.0,320.0,143.492824
1360.0,320.0,153.230959
1400.0,320.0,163.302457
1440.0,320.0,173.704106
1480.0,320.0,184.432604
1520.0,320.0,195.48439
1560.0,320.0,206.856182
1600.0,320.0,218.544572
1640.0,320.0,230.545216
1680.0,320.0,242.854424
1720.0,320.0,255.468116
1760.0,320.0,268.382056
-1760.0,360.0,
-1720.0,360.0,
-1680.0,360.0,
-1640.0,360.0,
-1600.0,360.0,
-1560.0,360.0,
-1520.0,360.0,
-1480.0,360.0,
-1440.0,360.0,430.283397
-1400.0,360.0,413.644669
-1360.0,360.0,397.365374
-1320.0,360.0,381.444707
-1280.0,360.0,365.881809
-1240.0,360.0,350.675432
-1200.0,360.0,335.824419
-1160.0,360.0,321.328164
-1120.0,360.0,307.185424
-1080.0,360.0,293.394215
-1040.0,360.0,279.954378
-1000.0,360.0,266.863389
-960.0,360.0,254.120922
-920.0,360.0,241.725219
-880.0,360.0,229.674729
-840.0,360.0,217.968448
-800.0,360.0,206.604959
-760.0,360.0,195.582899
-720.0,360.0,184.900965
-680.0,360.0,174.557912
-640.0,360.0,164.552562
-600.0,360.0,154.8838
-560.0,360.0,145.550588
-520.0,360.0,136.551968
-480.0,360.0,127.886828
-440.0,360.0,119.554668
-400.0,360.0,111.554788
-360.0,360.0,103.88659
-320.0,360.0,96.549894
-280.0,360.0,89.544459
-240.0,360.0,82.870405
-200.0,360.0,76.528097
-160.0,360.0,70.518039
-120.0,360.0,64.8411
-80.0,360.0,59.498444
-40.0,360.0,54.49147
0.0,360.0,49.821804
40.0,360.0,45.491427
80.0,360.0,41.505057
120.0,360.0,37.872341
160.0,360.0,34.60729
200.0,360.0,31.727414
240.0,360.0,29.25282
280.0,360.0,27.205392
320.0,360.0,25.608315
360.0,360.0,24.484992
400.0,360.0,23.859541
440.0,360.0,23.756139
480.0,360.0,24.19911
520.0,360.0,25.213408
560.0,360.0,26.826017
600.0,360.0,29.066021
640.0,360.0,31.817204
680.0,360.0,34.918604
720.0,360.0,38.373295
760.0,360.0,42.181109
800.0,360.0,46.339593
840.0,360.0,50.844952
880.0,360.0,55.692755
920.0,360.0,60.878429
960.0,360.0,66.397543
1000.0,360.0,72.245967
1040.0,360.0,78.419849
1080.0,360.0,84.915089
1120.0,360.0,91.729139
1160.0,360.0,98.859195
1200.0,360.0,106.301299
1240.0,360.0,114.054142
1280.0,360.0,122.114276
1320.0,360.0,130.479981
1360.0,360.0,139.147948
1400.0,360.0,148.117031
1440.0,360.0,157.383209
1480.0,360.0,166.945052
1520.0,360.0,176.800186
1560.0,360.0,186.945666
1600.0,360.0,197.377881
1640.0,360.0,208.094924
1680.0,360.0,219.093718
1720.0,360.0,230.371055
1760.0,360.0,241.923595
-1720.0,400.0,
-1680.0,400.0,
-1640.0,400.0,
-1600.0,400.0,
-1560.0,400.0,
-1520.0,400.0,
-1480.0,400.0,
-1440.0,400.0,387.687641
-1400.0,400.0,372.886465
-1360.0,400.0,358.399704
-1320.0,400.0,344.226983
-1280.0,400.0,330.367415
-1240.0,400.0,316.820116
-1200.0,400.0,303.585295
-1160.0,400.0,290.660943
-1120.0,400.0,278.047602
-1080.0,400.0,265.743224
-1040.0,400.0,253.74782
-1000.0,400.0,242.060418
-960.0,400.0,230.679569
-920.0,400.0,219.604798
-880.0,400.0,208.835195
-840.0,400.0,198.369815
-800.0,400.0,188.207748
-760.0,400.0,178.34812
-720.0,400.0,168.790096
-680.0,400.0,159.532882
-640.0,400.0,150.575732
-600.0,400.0,141.917818
-560.0,400.0,133.558498
-520.0,400.0,125.497349
-480.0,400.0,117.733761
-440.0,400.0,110.267277
-400.0,400.0,103.097757
-360.0,400.0,96.224822
-320.0,400.0,89.648602
-280.0,400.0,83.369142
-240.0,400.0,77.386678
-200.0,400.0,71.701754
-160.0,400.0,66.314999
-120.0,400.0,61.227195
-80.0,400.0,56.439393
-40.0,400.0,51.952786
0.0,400.0,47.768652
40.0,400.0,43.88847
80.0,400.0,40.316075
120.0,400.0,37.059671
160.0,400.0,34.131406
200.0,400.0,31.546626
240.0,400.0,29.323376
280.0,400.0,27.48131
320.0,400.0,26.041532
360.0,400.0,25.02576
400.0,400.0,24.456552
440.0,400.0,24.357051
480.0,400.0,24.750945
520.0,400.0,25.66308
560.0,400.0,27.120628
600.0,400.0,29.152433
640.0,400.0,31.646815
680.0,400.0,34.447593
720.0,400.0,37.558539
760.0,400.0,40.980969
800.0,400.0,44.714528
840.0,400.0,48.757327
880.0,400.0,53.106669
920.0,400.0,57.75946
960.0,400.0,62.712479
1000.0,400.0,67.962564
1040.0,400.0,73.506702
1080.0,400.0,79.342078
1120.0,400.0,85.466063
1160.0,400.0,91.875557
1200.0,400.0,98.568862
1240.0,400.0,105.543907
1280.0,400.0,112.798048
1320.0,400.0,120.329297
1360.0,400.0,128.136477
1400.0,400.0,136.215928
1440.0,400.0,144.567784
1480.0,400.0,153.187739
1520.0,400.0,162.075873
1560.0,400.0,171.22869
1600.0,400.0,180.644451
1640.0,400.0,190.321544
1680.0,400.0,200.256747
1720.0,400.0,210.447478
-1720.0,440.0,
-1680.0,440.0,
-1640.0,440.0,
-1600.0,440.0,
-1560.0,440.0,
-1520.0,440.0,
-1480.0,440.0,
-1440.0,440.0,
-1400.0,440.0,340.308613
-1360.0,440.0,327.248774
-1320.0,440.0,314.467611
-1280.0,440.0,301.966288
-1240.0,440.0,289.743062
-1200.0,440.0,277.798635
-1160.0,440.0,266.13153
-1120.0,440.0,254.741726
-1080.0,440.0,243.628754
-1040.0,440.0,232.791856
-1000.0,440.0,222.230124
-960.0,440.0,211.943314
-920.0,440.0,201.930766
-880.0,440.0,192.191837
-840.0,440.0,182.72591
-800.0,440.0,173.532388
-760.0,440.0,164.610698
-720.0,440.0,155.960229
-680.0,440.0,147.580347
-640.0,440.0,139.470765
-600.0,440.0,131.631057
-560.0,440.0,124.060642
-520.0,440.0,116.759279
-480.0,440.0,109.726808
-440.0,440.0,102.962803
-400.0,440.0,96.467439
-360.0,440.0,90.240501
-320.0,440.0,84.282239
-280.0,440.0,78.592901
-240.0,440.0,73.172696
-200.0,440.0,68.022256
-160.0,440.0,63.142191
-120.0,440.0,58.533239
-80.0,440.0,54.196246
-40.0,440.0,50.132116
0.0,440.0,46.341837
40.0,440.0,42.826453
80.0,440.0,39.589075
120.0,440.0,36.636721
160.0,440.0,33.98007
200.0,440.0,31.632862
240.0,440.0,29.611365
280.0,440.0,27.933574
320.0,440.0,26.61901
360.0,440.0,25.688245
400.0,440.0,25.162731
440.0,440.0,25.064899
480.0,440.0,25.418032
520.0,440.0,26.246834
560.0,440.0,27.578308
600.0,440.0,29.441072
640.0,440.0,31.727396
680.0,440.0,34.285303
720.0,440.0,37.118958
760.0,440.0,40.230746
800.0,440.0,43.621259
840.0,440.0,47.28964
880.0,440.0,51.234594
920.0,440.0,55.454235
960.0,440.0,59.946327
1000.0,440.0,64.708529
1040.0,440.0,69.738505
1080.0,440.0,75.033993
1120.0,440.0,80.59284
1160.0,440.0,86.413014
1200.0,440.0,92.492554
1240.0,440.0,98.829093
1280.0,440.0,105.421379
1320.0,440.0,112.267798
1360.0,440.0,119.36662
1400.0,440.0,126.715306
1440.0,440.0,134.313432
1480.0,440.0,142.158655
1520.0,440.0,150.249281
1560.0,440.0,158.584134
1600.0,440.0,167.160631
1640.0,440.0,175.977725
1680.0,440.0,185.033322
1720.0,440.0,194.324876
-1720.0,480.0,
-1680.0,480.0,
-1640.0,480.0,
-1600.0,480.0,
-1560.0,480.0,
-1520.0,480.0,
-1480.0,480.0,
-1440.0,480.0,
-1400.0,480.0,313.710975
-1360.0,480.0,301.81526
-1320.0,480.0,290.171208
-1280.0,480.0,278.779714
-1240.0,480.0,267.639843
-1200.0,480.0,256.751263
-1160.0,480.0,246.113998
-1120.0,480.0,235.727575
-1080.0,480.0,225.59153
-1040.0,480.0,215.705216
-1000.0,480.0,206.068474
-960.0,480.0,196.68088
-920.0,480.0,187.541996
-880.0,480.0,178.651396
-840.0,480.0,170.008559
-800.0,480.0,161.613086
-760.0,480.0,153.464694
-720.0,480.0,145.563041
-680.0,480.0,137.907802
-640.0,480.0,130.498366
-600.0,480.0,123.334787
-560.0,480.0,116.416804
-520.0,480.0,109.744034
-480.0,480.0,103.316674
-440.0,480.0,97.134343
-400.0,480.0,91.197361
-360.0,480.0,85.505658
-320.0,480.0,80.059476
-280.0,480.0,74.859166
-240.0,480.0,69.905009
-200.0,480.0,65.197488
-160.0,480.0,60.737209
-120.0,480.0,56.524793
-80.0,480.0,52.560914
-40.0,480.0,48.846262
0.0,480.0,45.381492
40.0,480.0,42.167286
80.0,480.0,39.206177
120.0,480.0,36.504288
160.0,480.0,34.071114
200.0,480.0,31.919042
240.0,480.0,30.062967
280.0,480.0,28.519553
320.0,480.0,27.307135
360.0,480.0,26.445392
400.0,480.0,25.954937
440.0,480.0,25.857646
480.0,480.0,26.176496
520.0,480.0,26.935931
560.0,480.0,28.162646
600.0,480.0,29.884962
640.0,480.0,31.998691
680.0,480.0,34.356121
720.0,480.0,36.961613
760.0,480.0,39.817593
800.0,480.0,42.925163
840.0,480.0,46.284796
880.0,480.0,49.895905
920.0,480.0,53.75736
960.0,480.0,57.867402
1000.0,480.0,62.224668
1040.0,480.0,66.827403
1080.0,480.0,71.673837
1120.0,480.0,76.762228
1160.0,480.0,82.090888
1200.0,480.0,87.658203
1240.0,480.0,93.462627
1280.0,480.0,99.502536
1320.0,480.0,105.776201
1360.0,480.0,112.282566
1400.0,480.0,119.020319
1440.0,480.0,125.988185
1480.0,480.0,133.183778
1520.0,480.0,140.6066
1560.0,480.0,148.255628
1600.0,480.0,156.127689
1640.0,480.0,164.223218
1680.0,480.0,172.539335
1720.0,480.0,181.075408
-1720.0,520.0,
-1680.0,520.0,
-1640.0,520.0,
-1600.0,520.0,
-1560.0,520.0,
-1520.0,520.0,
-1480.0,520.0,
-1440.0,520.0,
-1400.0,520.0,291.624952
-1360.0,520.0,280.698511
-1320.0,520.0,270.002431
-1280.0,520.0,259.535838
-1240.0,520.0,249.299269
-1200.0,520.0,239.292416
-1160.0,520.0,229.514974
-1120.0,520.0,219.966643
-1080.0,520.0,210.647126
-1040.0,520.0,201.556129
-1000.0,520.0,192.693365
-960.0,520.0,184.058551
-920.0,520.0,175.651409
-880.0,520.0,167.471669
-840.0,520.0,159.519071
-800.0,520.0,151.793361
-760.0,520.0,144.29417
-720.0,520.0,137.021177
-680.0,520.0,129.974429
-640.0,520.0,123.153611
-600.0,520.0,116.558465
-560.0,520.0,110.189165
-520.0,520.0,104.045243
-480.0,520.0,98.127097
-440.0,520.0,92.434408
-400.0,520.0,86.967527
-360.0,520.0,81.726524
-320.0,520.0,76.71155
-280.0,520.0,71.923018
-240.0,520.0,67.361267
-200.0,520.0,63.02661
-160.0,520.0,58.919589
-120.0,520.0,55.040719
-80.0,520.0,51.390504
-40.0,520.0,47.969425
0.0,520.0,44.777893
40.0,520.0,41.8163
80.0,520.0,39.086716
120.0,520.0,36.594531
160.0,520.0,34.348292
200.0,520.0,32.359303
240.0,520.0,30.641353
280.0,520.0,29.209955
320.0,520.0,28.082668
360.0,520.0,27.27829
400.0,520.0,26.816727
440.0,520.0,26.719525
480.0,520.0,27.009227
520.0,520.0,27.709958
560.0,520.0,28.848072
600.0,520.0,30.451402
640.0,520.0,32.419162
680.0,520.0,34.608127
720.0,520.0,37.022248
760.0,520.0,39.663727
800.0,520.0,42.534602
840.0,520.0,45.635561
880.0,520.0,48.966189
920.0,520.0,52.526388
960.0,520.0,56.315275
1000.0,520.0,60.331715
1040.0,520.0,64.574413
1080.0,520.0,69.041791
1120.0,520.0,73.732737
1160.0,520.0,78.645879
1200.0,520.0,83.779871
1240.0,520.0,89.133402
1280.0,520.0,94.705203
1320.0,520.0,100.494046
1360.0,520.0,106.498431
1400.0,520.0,112.717251
1440.0,520.0,119.149483
1480.0,520.0,125.794016
1520.0,520.0,132.649761
1560.0,520.0,139.714867
1600.0,520.0,146.988364
1640.0,520.0,154.469631
1680.0,520.0,162.156599
1720.0,520.0,170.048054
-1680.0,560.0,
-1640.0,560.0,
-1600.0,560.0,
-1560.0,560.0,
-1520.0,560.0,
-1480.0,560.0,
-1440.0,560.0,
-1400.0,560.0,
-1360.0,560.0,262.925084
-1320.0,560.0,253.030874
-1280.0,560.0,243.348456
-1240.0,560.0,233.877643
-1200.0,560.0,224.61825
-1160.0,560.0,215.570087
-1120.0,560.0,206.732969
-1080.0,560.0,198.106706
-1040.0,560.0,189.691111
-1000.0,560.0,181.485998
-960.0,560.0,173.491182
-920.0,560.0,165.706478
-880.0,560.0,158.131709
-840.0,560.0,150.766349
-800.0,560.0,143.610578
-760.0,560.0,136.664263
-720.0,560.0,129.927025
-680.0,560.0,123.398821
-640.0,560.0,117.079737
-600.0,560.0,110.969297
-560.0,560.0,105.067935
-520.0,560.0,99.3752
-480.0,560.0,93.891528
-440.0,560.0,88.616701
-400.0,560.0,83.551019
-360.0,560.0,78.694692
-320.0,560.0,74.047724
-280.0,560.0,69.610582
-240.0,560.0,65.383565
-200.0,560.0,61.367009
-160.0,560.0,57.561214
-120.0,560.0,53.966613
-80.0,560.0,50.583577
-40.0,560.0,47.41241
0.0,560.0,44.453323
40.0,560.0,41.706481
80.0,560.0,39.17359
120.0,560.0,36.859454
160.0,560.0,34.77186
200.0,560.0,32.921226
240.0,560.0,31.320341
280.0,560.0,29.98402
320.0,560.0,28.928932
360.0,560.0,28.173193
400.0,560.0,27.73607
440.0,560.0,27.638803
480.0,560.0,27.903496
520.0,560.0,28.55386
560.0,560.0,29.615891
600.0,560.0,31.116814
640.0,560.0,32.959241
680.0,560.0,35.004247
720.0,560.0,37.255165
760.0,560.0,39.714466
800.0,560.0,42.384195
840.0,560.0,45.26485
880.0,560.0,48.357249
920.0,560.0,51.66135
960.0,560.0,55.176379
1000.0,560.0,58.901783
1040.0,560.0,62.836825
1080.0,560.0,66.980502
1120.0,560.0,71.33174
1160.0,560.0,75.889435
1200.0,560.0,80.652334
1240.0,560.0,85.619474
1280.0,560.0,90.78983
1320.0,560.0,96.162342
1360.0,560.0,101.735975
1400.0,560.0,107.509579
1440.0,560.0,113.482035
1480.0,560.0,119.65248
1520.0,560.0,126.019937
1560.0,560.0,132.583443
1600.0,560.0,139.342037
1640.0,560.0,146.294245
1680.0,560.0,153.438803
-1680.0,600.0,
-1640.0,600.0,
-1600.0,600.0,
-1560.0,600.0,
-1520.0,600.0,
-1480.0,600.0,
-1440.0,600.0,
-1400.0,600.0,
-1360.0,600.0,247.795077
-1320.0,600.0,238.589634
-1280.0,600.0,229.580378
-1240.0,600.0,220.767207
-1200.0,600.0,212.150013
-1160.0,600.0,203.728687
-1120.0,600.0,195.503115
-1080.0,600.0,187.473181
-1040.0,600.0,179.638766
-1000.0,600.0,171.99975
-960.0,600.0,164.555744
-920.0,600.0,157.30681
-880.0,600.0,150.252921
-840.0,600.0,143.39397
-800.0,600.0,136.729466
-760.0,600.0,130.259677
-720.0,600.0,123.984517
-680.0,600.0,117.903593
-640.0,600.0,112.017307
-600.0,600.0,106.325186
-560.0,600.0,100.82769
-520.0,600.0,95.524408
-480.0,600.0,90.415793
-440.0,600.0,85.501734
-400.0,600.0,80.782412
-360.0,600.0,76.258099
-320.0,600.0,71.928893
-280.0,600.0,67.795026
-240.0,600.0,63.856844
-200.0,600.0,60.114615
-160.0,600.0,56.56861
-120.0,600.0,53.21908
-80.0,600.0,50.066222
-40.0,600.0,47.110242
0.0,600.0,44.351193
40.0,600.0,41.789068
80.0,600.0,39.425288
120.0,600.0,37.264189
160.0,600.0,35.312903
200.0,600.0,33.581117
240.0,600.0,32.080974
280.0,600.0,30.826471
320.0,600.0,29.833566
360.0,600.0,29.119749
400.0,600.0,28.703761
440.0,600.0,28.606472
480.0,600.0,28.849537
520.0,600.0,29.456184
560.0,600.0,30.452048
600.0,600.0,31.863659
640.0,600.0,33.597014
680.0,600.0,35.517312
720.0,600.0,37.627358
760.0,600.0,39.929689
800.0,600.0,42.426048
840.0,600.0,45.117432
880.0,600.0,48.004825
920.0,600.0,51.088019
960.0,600.0,54.36712
1000.0,600.0,57.841891
1040.0,600.0,61.511634
1080.0,600.0,65.375378
1120.0,600.0,69.432683
1160.0,600.0,73.682688
1200.0,600.0,78.124496
1240.0,600.0,82.757195
1280.0,600.0,87.579866
1320.0,600.0,92.591595
1360.0,600.0,97.791474
1400.0,600.0,103.178605
1440.0,600.0,108.752099
1480.0,600.0,114.511079
1520.0,600.0,120.454672
1560.0,600.0,126.582013
1600.0,600.0,132.892243
1640.0,600.0,139.384499
1680.0,600.0,146.057924
-1680.0,640.0,
-1640.0,640.0,
-1600.0,640.0,
-1560.0,640.0,
-1520.0,640.0,
-1480.0,640.0,
-1440.0,640.0,
-1400.0,640.0,
-1360.0,640.0,
-1320.0,640.0,226.185791
-1280.0,640.0,217.761095
-1240.0,640.0,209.519201
-1200.0,640.0,201.460053
-1160.0,640.0,193.583592
-1120.0,640.0,185.889753
-1080.0,640.0,178.378188
-1040.0,640.0,171.04905
-1000.0,640.0,163.902306
-960.0,640.0,156.937887
-920.0,640.0,150.155597
-880.0,640.0,143.555165
-840.0,640.0,137.136882
-800.0,640.0,130.900533
-760.0,640.0,124.84589
-720.0,640.0,118.973291
-680.0,640.0,113.28223
-640.0,640.0,107.773185
-600.0,640.0,102.445742
-560.0,640.0,97.300346
-520.0,640.0,92.336651
-480.0,640.0,87.55506
-440.0,640.0,82.955592
-400.0,640.0,78.538266
-360.0,640.0,74.303415
-320.0,640.0,70.251202
-280.0,640.0,66.381684
-240.0,640.0,62.695178
-200.0,640.0,59.19191
-160.0,640.0,55.87207
-120.0,640.0,52.735822
-80.0,640.0,49.783276
-40.0,640.0,47.01447
0.0,640.0,44.429334
40.0,640.0,42.027732
80.0,640.0,39.810864
120.0,640.0,37.78269
160.0,640.0,35.949869
200.0,640.0,34.321484
240.0,640.0,32.909006
280.0,640.0,31.725787
320.0,640.0,30.787156
360.0,640.0,30.109943
400.0,640.0,29.712613
440.0,640.0,29.615436
480.0,640.0,29.83959
520.0,640.0,30.407993
560.0,640.0,31.345693
600.0,640.0,32.678547
640.0,640.0,34.315894
680.0,640.0,36.126895
720.0,640.0,38.113922
760.0,640.0,40.279442
800.0,640.0,42.624902
840.0,640.0,45.151686
880.0,640.0,47.860585
920.0,640.0,50.751747
960.0,640.0,53.825683
1000.0,640.0,57.081953
1040.0,640.0,60.520195
1080.0,640.0,64.140218
1120.0,640.0,67.941437
1160.0,640.0,71.922827
1200.0,640.0,76.083912
1240.0,640.0,80.424082
1280.0,640.0,84.942577
1320.0,640.0,89.638626
1360.0,640.0,94.511453
1400.0,640.0,99.560281
1440.0,640.0,104.784334
1480.0,640.0,110.182836
1520.0,640.0,115.755015
1560.0,640.0,121.500099
1600.0,640.0,127.417317
1640.0,640.0,133.505895
1680.0,640.0,139.765057
-1640.0,680.0,
-1600.0,680.0,
-1560.0,680.0,
-1520.0,680.0,
-1480.0,680.0,
-1440.0,680.0,
-1400.0,680.0,
-1360.0,680.0,
-1320.0,680.0,215.447592
-1280.0,680.0,207.535531
-1240.0,680.0,199.794606
-1200.0,680.0,192.224837
-1160.0,680.0,184.826269
-1120.0,680.0,177.59888
-1080.0,680.0,170.54264
-1040.0,680.0,163.657516
-1000.0,680.0,156.943098
-960.0,680.0,150.399635
-920.0,680.0,144.02719
-880.0,680.0,137.825441
-840.0,680.0,131.794417
-800.0,680.0,125.93435
-760.0,680.0,120.244679
-720.0,680.0,114.725968
-680.0,680.0,109.377767
-640.0,680.0,104.200487
-600.0,680.0,99.193763
-560.0,680.0,94.358035
-520.0,680.0,89.693053
-480.0,680.0,85.199093
-440.0,680.0,80.876316
-400.0,680.0,76.724599
-360.0,680.0,72.744286
-320.0,680.0,68.935532
-280.0,680.0,65.298481
-240.0,680.0,61.833157
-200.0,680.0,58.539837
-160.0,680.0,55.418639
-120.0,680.0,52.469644
-80.0,680.0,49.692875
-40.0,680.0,47.088275
0.0,680.0,44.655683
40.0,680.0,42.39487
80.0,680.0,40.306864
120.0,680.0,38.395324
160.0,680.0,36.666483
200.0,680.0,35.128913
240.0,680.0,33.793515
280.0,680.0,32.673081
320.0,680.0,31.782267
360.0,680.0,31.13756
400.0,680.0,30.756884
440.0,680.0,30.659995
480.0,680.0,30.867548
520.0,680.0,31.40217
560.0,680.0,32.288273
600.0,680.0,33.551023
640.0,680.0,35.103042
680.0,680.0,36.817288
720.0,680.0,38.695797
760.0,680.0,40.740873
800.0,680.0,42.953724
840.0,680.0,45.335948
880.0,680.0,47.888063
920.0,680.0,50.610782
960.0,680.0,53.504453
1000.0,680.0,56.568692
1040.0,680.0,59.803851
1080.0,680.0,63.209504
1120.0,680.0,66.784887
1160.0,680.0,70.529975
1200.0,680.0,74.444221
1240.0,680.0,78.52695
1280.0,680.0,82.777207
1320.0,680.0,87.194763
1360.0,680.0,91.778963
1400.0,680.0,96.52914
1440.0,680.0,101.444621
1480.0,680.0,106.524728
1520.0,680.0,111.768781
1560.0,680.0,117.176094
1600.0,680.0,122.745978
1640.0,680.0,128.47774
-1640.0,720.0,
-1600.0,720.0,
-1560.0,720.0,
-1520.0,720.0,
-1480.0,720.0,
-1440.0,720.0,
-1400.0,720.0,
-1360.0,720.0,
-1320.0,720.0,
-1280.0,720.0,198.629589
-1240.0,720.0,191.331838
-1200.0,720.0,184.195247
-1160.0,720.0,177.219819
-1120.0,720.0,170.405342
-1080.0,720.0,163.751759
-1040.0,720.0,157.25932
-1000.0,720.0,150.928011
-960.0,720.0,144.757359
-920.0,720.0,138.747745
-880.0,720.0,132.899186
-840.0,720.0,127.211215
-800.0,720.0,121.684384
-760.0,720.0,116.31821
-720.0,720.0,111.113106
-680.0,720.0,106.068736
-640.0,720.0,101.185506
-600.0,720.0,96.463025
-560.0,720.0,91.901754
-520.0,720.0,87.501546
-480.0,720.0,83.262505
-440.0,720.0,79.184861
-400.0,720.0,75.268604
-360.0,720.0,71.513817
-320.0,720.0,67.920737
-280.0,720.0,64.48947
-240.0,720.0,61.220115
-200.0,720.0,58.112672
-160.0,720.0,55.167279
-120.0,720.0,52.383964
-80.0,720.0,49.76268
-40.0,720.0,47.303298
0.0,720.0,45.005591
40.0,720.0,42.869264
80.0,720.0,40.895216
120.0,720.0,39.086855
160.0,720.0,37.45006
200.0,720.0,35.992964
240.0,720.0,34.725964
280.0,720.0,33.661259
320.0,720.0,32.813124
360.0,720.0,32.197541
400.0,720.0,31.831908
440.0,720.0,31.735455
480.0,720.0,31.928389
520.0,720.0,32.432949
560.0,720.0,33.272922
600.0,720.0,34.47277
640.0,720.0,35.948325
680.0,720.0,37.576177
720.0,720.0,39.358116
760.0,720.0,41.296218
800.0,720.0,43.391515
840.0,720.0,45.645687
880.0,720.0,48.059044
920.0,720.0,50.632685
960.0,720.0,53.366609
1000.0,720.0,56.261122
1040.0,720.0,59.316437
1080.0,720.0,62.531771
1120.0,720.0,65.907487
1160.0,720.0,69.443243
1200.0,720.0,73.138048
1240.0,720.0,76.991923
1280.0,720.0,81.004429
1320.0,720.0,85.175032
1360.0,720.0,89.502934
1400.0,720.0,93.987574
1440.0,720.0,98.628619
1480.0,720.0,103.425479
1520.0,720.0,108.377559
1560.0,720.0,113.484254
1600.0,720.0,118.744951
1640.0,720.0,124.159033
-1600.0,760.0,
-1560.0,760.0,
-1520.0,760.0,
-1480.0,760.0,
-1440.0,760.0,
-1400.0,760.0,
-1360.0,760.0,
-1320.0,760.0,
-1280.0,760.0,190.830217
-1240.0,760.0,183.927359
-1200.0,760.0,177.176421
-1160.0,760.0,170.577746
-1120.0,760.0,164.131351
-1080.0,760.0,157.837119
-1040.0,760.0,151.694745
-1000.0,760.0,145.704689
-960.0,760.0,139.86678
-920.0,760.0,134.180763
-880.0,760.0,128.647101
-840.0,760.0,123.265272
-800.0,760.0,118.035749
-760.0,760.0,112.958189
-720.0,760.0,108.032924
-680.0,760.0,103.259658
-640.0,760.0,98.638815
-600.0,760.0,94.170001
-560.0,760.0,89.85364
-520.0,760.0,85.689716
-480.0,760.0,81.678131
-440.0,760.0,77.819194
-400.0,760.0,74.112975
-360.0,760.0,70.55939
-320.0,760.0,67.158657
-280.0,760.0,63.910882
-240.0,760.0,60.816123
-200.0,760.0,57.874415
-160.0,760.0,55.085745
-120.0,760.0,52.450037
-80.0,760.0,49.967251
-40.0,760.0,47.637206
0.0,760.0,45.45963
40.0,760.0,43.434184
80.0,760.0,41.561666
120.0,760.0,39.845282
160.0,760.0,38.290599
200.0,760.0,36.905341
240.0,760.0,35.699435
280.0,760.0,34.684758
320.0,760.0,33.875031
360.0,760.0,33.285751
400.0,760.0,32.933836
440.0,760.0,32.837897
480.0,760.0,33.017959
520.0,760.0,33.49559
560.0,760.0,34.293954
600.0,760.0,35.437061
640.0,760.0,36.843608
680.0,760.0,38.393738
720.0,760.0,40.089079
760.0,760.0,41.931432
800.0,760.0,43.921716
840.0,760.0,46.061587
880.0,760.0,48.351221
920.0,760.0,50.79195
960.0,760.0,53.383513
1000.0,760.0,56.126728
1040.0,760.0,59.021338
1080.0,760.0,62.067364
1120.0,760.0,65.264978
1160.0,760.0,68.613326
1200.0,760.0,72.112588
1240.0,760.0,75.762509
1280.0,760.0,79.562345
1320.0,760.0,83.511682
1360.0,760.0,87.610362
1400.0,760.0,91.857902
1440.0,760.0,96.253803
1480.0,760.0,100.797205
1520.0,760.0,105.487827
1560.0,760.0,110.325261
1600.0,760.0,115.308969
-1600.0,800.0,
-1560.0,800.0,
-1520.0,800.0,
-1480.0,800.0,
-1440.0,800.0,
-1400.0,800.0,
-1360.0,800.0,
-1320.0,800.0,
-1280.0,800.0,
-1240.0,800.0,177.417937
-1200.0,800.0,171.013377
-1160.0,800.0,164.752752
-1120.0,800.0,158.636311
-1080.0,800.0,152.664255
-1040.0,800.0,146.836276
-1000.0,800.0,141.152424
-960.0,800.0,135.613027
-920.0,800.0,130.217493
-880.0,800.0,124.966428
-840.0,800.0,119.85943
-800.0,800.0,114.89681
-760.0,800.0,110.078334
-720.0,800.0,105.404319
-680.0,800.0,100.874437
-640.0,800.0,96.489131
-600.0,800.0,92.248107
-560.0,800.0,88.151611
-520.0,800.0,84.199782
-480.0,800.0,80.392417
-440.0,800.0,76.729786
-400.0,800.0,73.211985
-360.0,800.0,69.839057
-320.0,800.0,66.610902
-280.0,800.0,63.527734
-240.0,800.0,60.589573
-200.0,800.0,57.796414
-160.0,800.0,55.148216
-120.0,800.0,52.644892
-80.0,800.0,50.286296
-40.0,800.0,48.07221
0.0,800.0,46.002329
40.0,800.0,44.076296
80.0,800.0,42.294822
120.0,800.0,40.660948
160.0,800.0,39.179972
200.0,800.0,37.859323
240.0,800.0,36.708543
280.0,800.0,35.739054
320.0,800.0,34.964111
360.0,800.0,34.398761
400.0,800.0,34.059358
440.0,800.0,33.964178
480.0,800.0,34.13278
520.0,800.0,34.586152
560.0,800.0,35.346805
600.0,800.0,36.438381
640.0,800.0,37.782267
680.0,800.0,39.26202
720.0,800.0,40.87918
760.0,800.0,42.635242
800.0,800.0,44.531071
840.0,800.0,46.568184
880.0,800.0,48.746793
920.0,800.0,51.068174
960.0,800.0,53.532107
1000.0,800.0,56.139588
1040.0,800.0,58.890062
1080.0,800.0,61.784173
1120.0,800.0,64.821583
1160.0,800.0,68.002064
1200.0,800.0,71.325812
1240.0,800.0,74.792089
1280.0,800.0,78.400751
1320.0,800.0,82.151718
1360.0,800.0,86.044533
1400.0,800.0,90.078275
1440.0,800.0,94.253096
1480.0,800.0,98.568557
1520.0,800.0,103.024201
1560.0,800.0,107.619558
1600.0,800.0,112.353768
-1560.0,840.0,
-1520.0,840.0,
-1480.0,840.0,
-1440.0,840.0,
-1400.0,840.0,
-1360.0,840.0,
-1320.0,840.0,
-1280.0,840.0,
-1240.0,840.0,
-1200.0,840.0,165.580968
-1160.0,840.0,159.625593
-1120.0,840.0,153.806931
-1080.0,840.0,148.125432
-1040.0,840.0,142.581202
-1000.0,840.0,137.173666
-960.0,840.0,131.903519
-920.0,840.0,126.770277
-880.0,840.0,121.774289
-840.0,840.0,116.915344
-800.0,840.0,112.193665
-760.0,840.0,107.609051
-720.0,840.0,103.16186
-680.0,840.0,98.85168
-640.0,840.0,94.678988
-600.0,840.0,90.643607
-560.0,840.0,86.745571
-520.0,840.0,82.985107
-480.0,840.0,79.362148
-440.0,840.0,75.876671
-400.0,840.0,72.528888
-360.0,840.0,69.31883
-320.0,840.0,66.246504
-280.0,840.0,63.311808
-240.0,840.0,60.514876
-200.0,840.0,57.855667
-160.0,840.0,55.334108
-120.0,840.0,52.950078
-80.0,840.0,50.7034
-40.0,840.0,48.593832
0.0,840.0,46.621053
40.0,840.0,44.784687
80.0,840.0,43.085389
120.0,840.0,41.526057
160.0,840.0,40.111754
200.0,840.0,38.849614
240.0,840.0,37.748811
280.0,840.0,36.820379
320.0,840.0,36.077135
360.0,840.0,35.53362
400.0,840.0,35.205805
440.0,840.0,35.111567
480.0,840.0,35.26992
520.0,840.0,35.701287
560.0,840.0,36.427633
600.0,840.0,37.472155
640.0,840.0,38.758838
680.0,840.0,40.1745
720.0,840.0,41.72066
760.0,840.0,43.398483
800.0,840.0,45.208833
840.0,840.0,47.153064
880.0,840.0,49.231374
920.0,840.0,51.444976
960.0,840.0,53.79378
1000.0,840.0,56.278678
1040.0,840.0,58.899244
1080.0,840.0,61.656281
1120.0,840.0,64.549075
1160.0,840.0,67.578135
1200.0,840.0,70.743166
1240.0,840.0,74.043681
1280.0,840.0,77.479965
1320.0,840.0,81.051458
1360.0,840.0,84.757632
1400.0,840.0,88.598622
1440.0,840.0,92.574069
1480.0,840.0,96.683158
1520.0,840.0,100.925688
1560.0,840.0,105.301484
-1560.0,880.0,
-1520.0,880.0,
-1480.0,880.0,
-1440.0,880.0,
-1400.0,880.0,
-1360.0,880.0,
-1320.0,880.0,
-1280.0,880.0,
-1240.0,880.0,
-1200.0,880.0,160.778095
-1160.0,880.0,155.099124
-1120.0,880.0,149.550787
-1080.0,880.0,144.132777
-1040.0,880.0,138.845671
-1000.0,880.0,133.68893
-960.0,880.0,128.663008
-920.0,880.0,123.767664
-880.0,880.0,119.003074
-840.0,880.0,114.369135
-800.0,880.0,109.866047
-760.0,880.0,105.49358
-720.0,880.0,101.252145
-680.0,880.0,97.141302
-640.0,880.0,93.161481
-600.0,880.0,89.312667
-560.0,880.0,85.594648
-520.0,880.0,82.007755
-480.0,880.0,78.552008
-440.0,880.0,75.227244
-400.0,880.0,72.033631
-360.0,880.0,68.971235
-320.0,880.0,66.040058
-280.0,880.0,63.240083
-240.0,880.0,60.571169
-200.0,880.0,58.033357
-160.0,880.0,55.626561
-120.0,880.0,53.350633
-80.0,880.0,51.205378
-40.0,880.0,49.190536
0.0,880.0,47.305779
40.0,880.0,45.55073
80.0,880.0,43.925991
120.0,880.0,42.434345
160.0,880.0,41.080641
200.0,880.0,39.87175
240.0,880.0,38.816507
280.0,880.0,37.925587
320.0,880.0,37.211301
360.0,880.0,36.687884
400.0,880.0,36.370921
440.0,880.0,36.277734
480.0,880.0,36.426883
520.0,880.0,36.838116
560.0,880.0,37.533186
600.0,880.0,38.534545
640.0,880.0,39.768668
680.0,880.0,41.125766
720.0,880.0,42.607109
760.0,880.0,44.213608
800.0,880.0,45.94618
840.0,880.0,47.805996
880.0,880.0,49.7932
920.0,880.0,51.908998
960.0,880.0,54.15334
1000.0,880.0,56.527013
1040.0,880.0,59.029821
1080.0,880.0,61.662409
1120.0,880.0,64.424207
1160.0,880.0,67.315918
1200.0,880.0,70.336767
1240.0,880.0,73.487121
1280.0,880.0,76.766825
1320.0,880.0,80.175098
1360.0,880.0,83.712358
1400.0,880.0,87.378276
1440.0,880.0,91.17187
1480.0,880.0,95.093526
1520.0,880.0,99.142908
1560.0,880.0,103.319566
-1520.0,920.0,
-1480.0,920.0,
-1440.0,920.0,
-1400.0,920.0,
-1360.0,920.0,
-1320.0,920.0,
-1280.0,920.0,
-1240.0,920.0,
-1200.0,920.0,
-1160.0,920.0,151.093957
-1120.0,920.0,145.791744
-1080.0,920.0,140.613885
-1040.0,920.0,135.561011
-1000.0,920.0,130.632789
-960.0,920.0,125.829412
-920.0,920.0,121.150823
-880.0,920.0,116.597108
-840.0,920.0,112.168195
-800.0,920.0,107.86432
-760.0,920.0,103.685166
-720.0,920.0,99.631182
-680.0,920.0,95.702045
-640.0,920.0,91.897968
-600.0,920.0,88.219091
-560.0,920.0,84.665168
-520.0,920.0,81.23641
-480.0,920.0,77.932906
-440.0,920.0,74.754647
-400.0,920.0,71.701458
-360.0,920.0,68.773547
-320.0,920.0,65.970895
-280.0,920.0,63.293467
-240.0,920.0,60.741202
-200.0,920.0,58.313992
-160.0,920.0,56.011679
-120.0,920.0,53.834175
-80.0,920.0,51.781268
-40.0,920.0,49.852692
0.0,920.0,48.048118
40.0,920.0,46.367173
80.0,920.0,44.810422
120.0,920.0,43.38054
160.0,920.0,42.082192
200.0,920.0,40.922006
240.0,920.0,39.908471
280.0,920.0,39.051886
320.0,920.0,38.364313
360.0,920.0,37.859555
400.0,920.0,37.552727
440.0,920.0,37.460681
480.0,920.0,37.601431
520.0,920.0,37.994347
560.0,920.0,38.660701
600.0,920.0,39.622308
640.0,920.0,40.807975
680.0,920.0,42.111281
720.0,920.0,43.533174
760.0,920.0,45.07434
800.0,920.0,46.735794
840.0,920.0,48.51848
880.0,920.0,50.42255
920.0,920.0,52.44916
960.0,920.0,54.598255
1000.0,920.0,56.870584
1040.0,920.0,59.26608
1080.0,920.0,61.785216
1120.0,920.0,64.427745
1160.0,920.0,67.194171
1200.0,920.0,70.083796
1240.0,920.0,73.097293
1280.0,920.0,76.233891
1320.0,920.0,79.493787
1360.0,920.0,82.877034
1400.0,920.0,86.382542
1440.0,920.0,90.010871
1480.0,920.0,93.761767
1520.0,920.0,97.634334
-1520.0,960.0,
-1480.0,960.0,
-1440.0,960.0,
-1400.0,960.0,
-1360.0,960.0,
-1320.0,960.0,
-1280.0,960.0,
-1240.0,960.0,
-1200.0,960.0,
-1160.0,960.0,
-1120.0,960.0,142.46665
-1080.0,960.0,137.508625
-1040.0,960.0,132.67006
-1000.0,960.0,127.950896
-960.0,960.0,123.351151
-920.0,960.0,118.870876
-880.0,960.0,114.510127
-840.0,960.0,110.268802
-800.0,960.0,106.147227
-760.0,960.0,102.144949
-720.0,960.0,98.262474
-680.0,960.0,94.499613
-640.0,960.0,90.856326
-600.0,960.0,87.332865
-560.0,960.0,83.92914
-520.0,960.0,80.645041
-480.0,960.0,77.480795
-440.0,960.0,74.436399
-400.0,960.0,71.511798
-360.0,960.0,68.706874
-320.0,960.0,66.021752
-280.0,960.0,63.456377
-240.0,960.0,61.010673
-200.0,960.0,58.684537
-160.0,960.0,56.477833
-120.0,960.0,54.390386
-80.0,960.0,52.421959
-40.0,960.0,50.572291
0.0,960.0,48.841085
40.0,960.0,47.227977
80.0,960.0,45.7335
120.0,960.0,44.360229
160.0,960.0,43.11262
200.0,960.0,41.997113
240.0,960.0,41.021936
280.0,960.0,40.197114
320.0,960.0,39.534278
360.0,960.0,39.046847
400.0,960.0,38.749515
440.0,960.0,38.658625
480.0,960.0,38.791743
520.0,960.0,39.167924
560.0,960.0,39.807813
600.0,960.0,40.732633
640.0,960.0,41.87353
680.0,960.0,43.127205
720.0,960.0,44.494345
760.0,960.0,45.975407
800.0,960.0,47.571547
840.0,960.0,49.283426
880.0,960.0,51.111315
920.0,960.0,53.056229
960.0,960.0,55.118095
1000.0,960.0,57.297675
1040.0,960.0,59.594952
1080.0,960.0,62.0103
1120.0,960.0,64.543689
1160.0,960.0,67.195368
1200.0,960.0,69.965055
1240.0,960.0,72.8532
1280.0,960.0,75.858967
1320.0,960.0,78.983046
1360.0,960.0,82.224726
1400.0,960.0,85.583987
1440.0,960.0,89.060984
1480.0,960.0,92.654804
1520.0,960.0,96.365638
-1480.0,1000.0,
-1440.0,1000.0,
-1400.0,1000.0,
-1360.0,1000.0,
-1320.0,1000.0,
-1280.0,1000.0,
-1240.0,1000.0,
-1200.0,1000.0,
-1160.0,1000.0,
-1120.0,1000.0,
-1080.0,1000.0,134.766646
-1040.0,1000.0,130.124909
-1000.0,1000.0,125.597728
-960.0,1000.0,121.18502
-920.0,1000.0,116.886869
-880.0,1000.0,112.703367
-840.0,1000.0,108.634324
-800.0,1000.0,104.680148
-760.0,1000.0,100.840364
-720.0,1000.0,97.1154
-680.0,1000.0,93.505262
-640.0,1000.0,90.009635
-600.0,1000.0,86.628891
-560.0,1000.0,83.363028
-520.0,1000.0,80.211834
-480.0,1000.0,77.175448
-440.0,1000.0,74.253935
-400.0,1000.0,71.447272
-360.0,1000.0,68.75539
-320.0,1000.0,66.178151
-280.0,1000.0,63.715629
-240.0,1000.0,61.367735
-200.0,1000.0,59.134353
-160.0,1000.0,57.015338
-120.0,1000.0,55.010507
-80.0,1000.0,53.119638
-40.0,1000.0,51.342466
0.0,1000.0,49.678675
40.0,1000.0,48.127918
80.0,1000.0,46.690694
120.0,1000.0,45.369506
160.0,1000.0,44.168699
200.0,1000.0,43.094475
240.0,1000.0,42.154791
280.0,1000.0,41.359373
320.0,1000.0,40.719493
360.0,1000.0,40.248208
400.0,1000.0,39.95975
440.0,1000.0,39.86999
480.0,1000.0,39.996289
520.0,1000.0,40.357072
560.0,1000.0,40.972484
600.0,1000.0,41.86306
640.0,1000.0,42.962543
680.0,1000.0,44.170267
720.0,1000.0,45.486685
760.0,1000.0,46.912342
800.0,1000.0,48.44826
840.0,1000.0,50.09489
880.0,1000.0,51.852668
920.0,1000.0,53.722447
960.0,1000.0,55.704099
1000.0,1000.0,57.798456
1040.0,1000.0,60.005476
1080.0,1000.0,62.325501
1120.0,1000.0,64.758629
1160.0,1000.0,67.304935
1200.0,1000.0,69.964447
1240.0,1000.0,72.737258
1280.0,1000.0,75.623051
1320.0,1000.0,78.62229
1360.0,1000.0,81.733974
1400.0,1000.0,84.958851
1440.0,1000.0,88.296312
1480.0,1000.0,91.746069
-1440.0,1040.0,
-1400.0,1040.0,
-1360.0,1040.0,
-1320.0,1040.0,
-1280.0,1040.0,
-1240.0,1040.0,
-1200.0,1040.0,
-1160.0,1040.0,
-1120.0,1040.0,
-1080.0,1040.0,
-1040.0,1040.0,127.885128
-1000.0,1040.0,123.534863
-960.0,1040.0,119.294547
-920.0,1040.0,115.164235
-880.0,1040.0,111.144106
-840.0,1040.0,107.233833
-800.0,1040.0,103.433882
-760.0,1040.0,99.743915
-720.0,1040.0,96.164104
-680.0,1040.0,92.69461
-640.0,1040.0,89.335166
-600.0,1040.0,86.08593
-560.0,1040.0,82.947009
-520.0,1040.0,79.918374
-480.0,1040.0,76.999788
-440.0,1040.0,74.191483
-400.0,1040.0,71.493427
-360.0,1040.0,68.905575
-320.0,1040.0,66.427865
-280.0,1040.0,64.060094
-240.0,1040.0,61.802298
-200.0,1040.0,59.65436
-160.0,1040.0,57.616128
-120.0,1040.0,55.687418
-80.0,1040.0,53.868009
-40.0,1040.0,52.157639
0.0,1040.0,50.556007
40.0,1040.0,49.062779
80.0,1040.0,47.678431
120.0,1040.0,46.405391
160.0,1040.0,45.247865
200.0,1040.0,44.211864
240.0,1040.0,43.305088
280.0,1040.0,42.536984
320.0,1040.0,41.918491
360.0,1040.0,41.462203
400.0,1040.0,41.182044
440.0,1040.0,41.093593
480.0,1040.0,41.213676
520.0,1040.0,41.560248
560.0,1040.0,42.152848
600.0,1040.0,43.011654
640.0,1040.0,44.072613
680.0,1040.0,45.237654
720.0,1040.0,46.506967
760.0,1040.0,47.881332
800.0,1040.0,49.361522
840.0,1040.0,50.947806
880.0,1040.0,52.640818
920.0,1040.0,54.441237
960.0,1040.0,56.348853
1000.0,1040.0,58.364612
1040.0,1040.0,60.488385
1080.0,1040.0,62.720544
1120.0,1040.0,65.061233
1160.0,1040.0,67.510431
1200.0,1040.0,70.068375
1240.0,1040.0,72.7349
1280.0,1040.0,75.510088
1320.0,1040.0,78.393946
1360.0,1040.0,81.386096
1400.0,1040.0,84.487056
1440.0,1040.0,87.695694
-1440.0,1080.0,
-1400.0,1080.0,
-1360.0,1080.0,
-1320.0,1080.0,
-1280.0,1080.0,
-1240.0,1080.0,
-1200.0,1080.0,
-1160.0,1080.0,
-1120.0,1080.0,
-1080.0,1080.0,
-1040.0,1080.0,
-1000.0,1080.0,121.729648
-960.0,1080.0,117.648737
-920.0,1080.0,113.673593
-880.0,1080.0,109.804529
-840.0,1080.0,106.041039
-800.0,1080.0,102.383669
-760.0,1080.0,98.83223
-720.0,1080.0,95.386607
-680.0,1080.0,92.047094
-640.0,1080.0,88.813598
-600.0,1080.0,85.685925
-560.0,1080.0,82.664342
-520.0,1080.0,79.748832
-480.0,1080.0,76.939301
-440.0,1080.0,74.235626
-400.0,1080.0,71.637944
-360.0,1080.0,69.1462
-320.0,1080.0,66.760324
-280.0,1080.0,64.480232
-240.0,1080.0,62.305787
-200.0,1080.0,60.236821
-160.0,1080.0,58.273263
-120.0,1080.0,56.414927
-80.0,1080.0,54.661595
-40.0,1080.0,53.013017
0.0,1080.0,51.468903
40.0,1080.0,50.028937
80.0,1080.0,48.69357
120.0,1080.0,47.465166
160.0,1080.0,46.347801
200.0,1080.0,45.347307
240.0,1080.0,44.471144
280.0,1080.0,43.728465
320.0,1080.0,43.129822
360.0,1080.0,42.687615
400.0,1080.0,42.415404
440.0,1080.0,42.328286
480.0,1080.0,42.442682
520.0,1080.0,42.776059
560.0,1080.0,43.347371
600.0,1080.0,44.176632
640.0,1080.0,45.201656
680.0,1080.0,46.326889
720.0,1080.0,47.5524
760.0,1080.0,48.879098
800.0,1080.0,50.307549
840.0,1080.0,51.837833
880.0,1080.0,53.470817
920.0,1080.0,55.206912
960.0,1080.0,57.046036
1000.0,1080.0,58.98906
1040.0,1080.0,61.035793
1080.0,1080.0,63.186685
1120.0,1080.0,65.441861
1160.0,1080.0,67.801271
1200.0,1080.0,70.265273
1240.0,1080.0,72.833532
1280.0,1080.0,75.506424
1320.0,1080.0,78.283602
1360.0,1080.0,81.165187
1400.0,1080.0,84.151152
1440.0,1080.0,87.241028
-1400.0,1120.0,
-1360.0,1120.0,
-1320.0,1120.0,
-1280.0,1120.0,
-1240.0,1120.0,
-1200.0,1120.0,
-1160.0,1120.0,
-1120.0,1120.0,
-1080.0,1120.0,
-1040.0,1120.0,
-1000.0,1120.0,
-960.0,1120.0,116.221076
-920.0,1120.0,112.389808
-880.0,1120.0,108.660768
-840.0,1120.0,105.033454
-800.0,1120.0,101.508286
-760.0,1120.0,98.085314
-720.0,1120.0,94.764108
-680.0,1120.0,91.545106
-640.0,1120.0,88.428293
-600.0,1120.0,85.41343
-560.0,1120.0,82.500628
-520.0,1120.0,79.689973
-480.0,1120.0,76.981432
-440.0,1120.0,74.374887
-400.0,1120.0,71.870248
-360.0,1120.0,69.467591
-320.0,1120.0,67.166842
-280.0,1120.0,64.967909
-240.0,1120.0,62.87068
-200.0,1120.0,60.875023
-160.0,1120.0,58.980781
-120.0,1120.0,57.187726
-80.0,1120.0,55.49569
-40.0,1120.0,53.904449
0.0,1120.0,52.413727
40.0,1120.0,51.023227
80.0,1120.0,49.733377
120.0,1120.0,48.546484
160.0,1120.0,47.466499
200.0,1120.0,46.499036
240.0,1120.0,45.651347
280.0,1120.0,44.932375
320.0,1120.0,44.352442
360.0,1120.0,43.923519
400.0,1120.0,43.65883
440.0,1120.0,43.573058
480.0,1120.0,43.682224
520.0,1120.0,44.003181
560.0,1120.0,44.554797
600.0,1120.0,45.356436
640.0,1120.0,46.347856
680.0,1120.0,47.435763
720.0,1120.0,48.620533
760.0,1120.0,49.902802
800.0,1120.0,51.282959
840.0,1120.0,52.761233
880.0,1120.0,54.338406
920.0,1120.0,56.014686
960.0,1120.0,57.790224
1000.0,1120.0,59.665727
1040.0,1120.0,61.640938
1080.0,1120.0,63.716435
1120.0,1120.0,65.892259
1160.0,1120.0,68.168394
1200.0,1120.0,70.545243
1240.0,1120.0,73.022375
1280.0,1120.0,75.600369
1320.0,1120.0,78.278619
1360.0,1120.0,81.057632
1400.0,1120.0,83.936929
-1360.0,1160.0,
-1320.0,1160.0,
-1280.0,1160.0,
-1240.0,1160.0,
-1200.0,1160.0,
-1160.0,1160.0,
-1120.0,1160.0,
-1080.0,1160.0,
-1040.0,1160.0,
-1000.0,1160.0,
-960.0,1160.0,
-920.0,1160.0,111.291254
-880.0,1160.0,107.69236
-840.0,1160.0,104.191724
-800.0,1160.0,100.78947
-760.0,1160.0,97.485797
-720.0,1160.0,94.280427
-680.0,1160.0,91.173463
-640.0,1160.0,88.165051
-600.0,1160.0,85.255155
-560.0,1160.0,82.443478
-520.0,1160.0,79.730294
-480.0,1160.0,77.115567
-440.0,1160.0,74.599252
-400.0,1160.0,72.18124
-360.0,1160.0,69.861395
-320.0,1160.0,67.639777
-280.0,1160.0,65.51629
-240.0,1160.0,63.49082
-200.0,1160.0,61.563233
-160.0,1160.0,59.733374
-120.0,1160.0,58.001064
-80.0,1160.0,56.366097
-40.0,1160.0,54.828242
0.0,1160.0,53.38724
40.0,1160.0,52.042812
80.0,1160.0,50.795363
120.0,1160.0,49.647148
160.0,1160.0,48.602006
200.0,1160.0,47.665437
240.0,1160.0,46.844468
280.0,1160.0,46.147781
320.0,1160.0,45.585411
360.0,1160.0,45.168997
400.0,1160.0,44.911435
440.0,1160.0,44.826987
480.0,1160.0,44.931157
520.0,1160.0,45.24074
560.0,1160.0,45.773942
600.0,1160.0,46.549698
640.0,1160.0,47.509525
680.0,1160.0,48.562563
720.0,1160.0,49.709224
760.0,1160.0,50.949974
800.0,1160.0,52.284972
840.0,1160.0,53.714764
880.0,1160.0,55.2399
920.0,1160.0,56.860416
960.0,1160.0,58.57673
1000.0,1160.0,60.389373
1040.0,1160.0,62.297991
1080.0,1160.0,64.303337
1120.0,1160.0,66.405314
1160.0,1160.0,68.603995
1200.0,1160.0,70.899758
1240.0,1160.0,73.292148
1280.0,1160.0,75.781859
1320.0,1160.0,78.368116
1360.0,1160.0,81.051709
-1320.0,1200.0,
-1280.0,1200.0,
-1240.0,1200.0,
-1200.0,1200.0,
-1160.0,1200.0,
-1120.0,1200.0,
-1080.0,1200.0,
-1040.0,1200.0,
-1000.0,1200.0,
-960.0,1200.0,
-920.0,1200.0,
-880.0,1200.0,106.881641
-840.0,1200.0,103.499107
-800.0,1200.0,100.211422
-760.0,1200.0,97.018935
-720.0,1200.0,93.921565
-680.0,1200.0,90.919027
-640.0,1200.0,88.011648
-600.0,1200.0,85.199402
-560.0,1200.0,82.482173
-520.0,1200.0,79.85983
-480.0,1200.0,77.332535
-440.0,1200.0,74.900236
-400.0,1200.0,72.562874
-360.0,1200.0,70.320379
-320.0,1200.0,68.172517
-280.0,1200.0,66.119351
-240.0,1200.0,64.160771
-200.0,1200.0,62.296644
-160.0,1200.0,60.526816
-120.0,1200.0,58.851114
-80.0,1200.0,57.269341
-40.0,1200.0,55.781277
0.0,1200.0,54.386678
40.0,1200.0,53.085284
80.0,1200.0,51.877477
120.0,1200.0,50.765463
160.0,1200.0,49.75298
200.0,1200.0,48.845364
240.0,1200.0,48.049457
280.0,1200.0,47.373692
320.0,1200.0,46.827845
360.0,1200.0,46.423232
400.0,1200.0,46.172358
440.0,1200.0,46.089105
480.0,1200.0,46.188847
520.0,1200.0,46.487814
560.0,1200.0,47.003761
600.0,1200.0,47.755202
640.0,1200.0,48.685245
680.0,1200.0,49.705666
720.0,1200.0,50.816598
760.0,1200.0,52.018402
800.0,1200.0,53.311156
840.0,1200.0,54.695597
880.0,1200.0,56.172088
920.0,1200.0,57.740479
960.0,1200.0,59.401487
1000.0,1200.0,61.1554
1040.0,1200.0,63.001897
1080.0,1200.0,64.941797
1120.0,1200.0,66.974867
1160.0,1200.0,69.101314
1200.0,1200.0,71.321437
1240.0,1200.0,73.634814
1280.0,1200.0,76.042183
1320.0,1200.0,78.542673
-1280.0,1240.0,
-1240.0,1240.0,
-1200.0,1240.0,
-1160.0,1240.0,
-1120.0,1240.0,
-1080.0,1240.0,
-1040.0,1240.0,
-1000.0,1240.0,
-960.0,1240.0,
-920.0,1240.0,
-880.0,1240.0,
-840.0,1240.0,
-800.0,1240.0,99.760403
-760.0,1240.0,96.671796
-720.0,1240.0,93.675204
-680.0,1240.0,90.770375
-640.0,1240.0,87.957386
-600.0,1240.0,85.236357
-560.0,1240.0,82.607254
-520.0,1240.0,80.069918
-480.0,1240.0,77.624301
-440.0,1240.0,75.270491
-400.0,1240.0,73.008425
-360.0,1240.0,70.838029
-320.0,1240.0,68.759218
-280.0,1240.0,66.771852
-240.0,1240.0,64.875778
-200.0,1240.0,63.070959
-160.0,1240.0,61.357246
-120.0,1240.0,59.73447
-80.0,1240.0,58.202444
-40.0,1240.0,56.760959
0.0,1240.0,55.409787
40.0,1240.0,54.148685
80.0,1240.0,52.978015
120.0,1240.0,51.899936
160.0,1240.0,50.918088
200.0,1240.0,50.037656
240.0,1240.0,49.265304
280.0,1240.0,48.609227
320.0,1240.0,48.07894
360.0,1240.0,47.68534
400.0,1240.0,47.440814
440.0,1240.0,47.358905
480.0,1240.0,47.454551
520.0,1240.0,47.743583
560.0,1240.0,48.24333
600.0,1240.0,48.971675
640.0,1240.0,49.87389
680.0,1240.0,50.86364
720.0,1240.0,51.941001
760.0,1240.0,53.106078
800.0,1240.0,54.359339
840.0,1240.0,55.701257
880.0,1240.0,57.132035
920.0,1240.0,58.65171
960.0,1240.0,60.26094
1000.0,1240.0,61.959798
1040.0,1240.0,63.74825
1080.0,1240.0,65.626942
1120.0,1240.0,67.59555
1160.0,1240.0,69.654468
1200.0,1240.0,71.803855
1240.0,1240.0,74.04338
1280.0,1240.0,76.373758
-1240.0,1280.0,
-1200.0,1280.0,
-1160.0,1280.0,
-1120.0,1280.0,
-1080.0,1280.0,
-1040.0,1280.0,
-1000.0,1280.0,
-960.0,1280.0,
-920.0,1280.0,
-880.0,1280.0,
-840.0,1280.0,
-800.0,1280.0,
-760.0,1280.0,96.433074
-720.0,1280.0,93.530789
-680.0,1280.0,90.717527
-640.0,1280.0,87.99292
-600.0,1280.0,85.357299
-560.0,1280.0,82.810628
-520.0,1280.0,80.352866
-480.0,1280.0,77.983847
-440.0,1280.0,75.70353
-400.0,1280.0,73.511968
-360.0,1280.0,71.409086
-320.0,1280.0,69.394797
-280.0,1280.0,67.469001
-240.0,1280.0,65.631585
-200.0,1280.0,63.882419
-160.0,1280.0,62.221285
-120.0,1280.0,60.648109
-80.0,1280.0,59.162715
-40.0,1280.0,57.764907
0.0,1280.0,56.454472
40.0,1280.0,55.231183
80.0,1280.0,54.095383
120.0,1280.0,53.049184
160.0,1280.0,52.096138
200.0,1280.0,51.241282
240.0,1280.0,50.491073
280.0,1280.0,49.853458
320.0,1280.0,49.337777
360.0,1280.0,48.954741
400.0,1280.0,48.716337
440.0,1280.0,48.635757
480.0,1280.0,48.727602
520.0,1280.0,49.00732
560.0,1280.0,49.491614
600.0,1280.0,50.198382
640.0,1280.0,51.074363
680.0,1280.0,52.035217
720.0,1280.0,53.080873
760.0,1280.0,54.211475
800.0,1280.0,55.427601
840.0,1280.0,56.729561
880.0,1280.0,58.117331
920.0,1280.0,59.591326
960.0,1280.0,61.151973
1000.0,1280.0,62.799164
1040.0,1280.0,64.533188
1080.0,1280.0,66.354502
1120.0,1280.0,68.262669
1160.0,1280.0,70.258308
1200.0,1280.0,72.341391
1240.0,1280.0,74.511731
-1200.0,1320.0,
-1160.0,1320.0,
-1120.0,1320.0,
-1080.0,1320.0,
-1040.0,1320.0,
-1000.0,1320.0,
-960.0,1320.0,
-920.0,1320.0,
-880.0,1320.0,
-840.0,1320.0,
-800.0,1320.0,
-760.0,1320.0,
-720.0,1320.0,
-680.0,1320.0,90.751494
-640.0,1320.0,88.110048
-600.0,1320.0,85.554565
-560.0,1320.0,83.08524
-520.0,1320.0,80.702028
-480.0,1320.0,78.404878
-440.0,1320.0,76.193657
-400.0,1320.0,74.068254
-360.0,1320.0,72.028728
-320.0,1320.0,70.074992
-280.0,1320.0,68.206948
-240.0,1320.0,66.424484
-200.0,1320.0,64.727474
-160.0,1320.0,63.11578
-120.0,1320.0,61.589247
-80.0,1320.0,60.147706
-40.0,1320.0,58.790972
0.0,1320.0,57.518845
40.0,1320.0,56.331114
80.0,1320.0,55.228107
120.0,1320.0,54.211888
160.0,1320.0,53.285921
200.0,1320.0,52.455111
240.0,1320.0,51.725795
280.0,1320.0,51.10572
320.0,1320.0,50.60396
360.0,1320.0,50.230939
400.0,1320.0,49.998367
440.0,1320.0,49.919097
480.0,1320.0,50.007407
520.0,1320.0,50.278156
560.0,1320.0,50.748055
600.0,1320.0,51.434481
640.0,1320.0,52.285685
680.0,1320.0,53.219268
720.0,1320.0,54.234877
760.0,1320.0,55.333103
800.0,1320.0,56.514245
840.0,1320.0,57.778524
880.0,1320.0,59.125851
920.0,1320.0,60.556875
960.0,1320.0,62.071836
1000.0,1320.0,63.670437
1040.0,1320.0,65.353315
1080.0,1320.0,67.120702
1120.0,1320.0,68.972094
1160.0,1320.0,70.90831
1200.0,1320.0,72.929108
-1160.0,1360.0,
-1120.0,1360.0,
-1080.0,1360.0,
-1040.0,1360.0,
-1000.0,1360.0,
-960.0,1360.0,
-920.0,1360.0,
-880.0,1360.0,
-840.0,1360.0,
-800.0,1360.0,
-760.0,1360.0,
-720.0,1360.0,
-680.0,1360.0,
-640.0,1360.0,
-600.0,1360.0,85.821403
-560.0,1360.0,83.424794
-520.0,1360.0,81.111672
-480.0,1360.0,78.881983
-440.0,1360.0,76.735668
-400.0,1360.0,74.672657
-360.0,1360.0,72.692706
-320.0,1360.0,70.795914
-280.0,1360.0,68.982184
-240.0,1360.0,67.251406
-200.0,1360.0,65.603462
-160.0,1360.0,64.038215
-120.0,1360.0,62.55552
-80.0,1360.0,61.155218
-40.0,1360.0,59.837133
0.0,1360.0,58.601079
40.0,1360.0,57.446862
80.0,1360.0,56.374789
120.0,1360.0,55.386886
160.0,1360.0,54.486527
200.0,1360.0,53.678494
240.0,1360.0,52.968969
280.0,1360.0,52.365491
320.0,1360.0,51.876922
360.0,1360.0,51.51341
400.0,1360.0,51.2864
440.0,1360.0,51.208356
480.0,1360.0,51.293172
520.0,1360.0,51.555687
560.0,1360.0,52.01203
600.0,1360.0,52.679216
640.0,1360.0,53.506985
680.0,1360.0,54.414548
720.0,1360.0,55.401987
760.0,1360.0,56.469639
800.0,1360.0,57.61776
840.0,1360.0,58.846314
880.0,1360.0,60.155661
920.0,1360.0,61.546182
960.0,1360.0,63.01796
1000.0,1360.0,64.570908
1040.0,1360.0,66.205626
1080.0,1360.0,67.922105
1120.0,1360.0,69.72018
1160.0,1360.0,71.600479
-1120.0,1400.0,
-1080.0,1400.0,
-1040.0,1400.0,
-1000.0,1400.0,
-960.0,1400.0,
-920.0,1400.0,
-880.0,1400.0,
-840.0,1400.0,
-800.0,1400.0,
-760.0,1400.0,
-720.0,1400.0,
-680.0,1400.0,
-640.0,1400.0,
-600.0,1400.0,
-560.0,1400.0,
-520.0,1400.0,81.576621
-480.0,1400.0,79.410477
-440.0,1400.0,77.325232
-400.0,1400.0,75.320818
-360.0,1400.0,73.397157
-320.0,1400.0,71.554118
-280.0,1400.0,69.791566
-240.0,1400.0,68.109499
-200.0,1400.0,66.5078
-160.0,1400.0,64.986341
-120.0,1400.0,63.544982
-80.0,1400.0,62.183574
-40.0,1400.0,60.901952
0.0,1400.0,59.699944
40.0,1400.0,58.577368
80.0,1400.0,57.534514
120.0,1400.0,56.573369
160.0,1400.0,55.697223
200.0,1400.0,54.910741
240.0,1400.0,54.219955
280.0,1400.0,53.632207
320.0,1400.0,53.156154
360.0,1400.0,52.801679
400.0,1400.0,52.579822
440.0,1400.0,52.502937
480.0,1400.0,52.584673
520.0,1400.0,52.839426
560.0,1400.0,53.282948
600.0,1400.0,53.931912
640.0,1400.0,54.737293
680.0,1400.0,55.620376
720.0,1400.0,56.581168
760.0,1400.0,57.619898
800.0,1400.0,58.736699
840.0,1400.0,59.931571
880.0,1400.0,61.205038
920.0,1400.0,62.557311
960.0,1400.0,63.988242
1000.0,1400.0,65.498172
1040.0,1400.0,67.087456
1080.0,1400.0,68.755897
1120.0,1400.0,70.503697
-1080.0,1440.0,
-1040.0,1440.0,
-1000.0,1440.0,
-960.0,1440.0,
-920.0,1440.0,
-880.0,1440.0,
-840.0,1440.0,
-800.0,1440.0,
-760.0,1440.0,
-720.0,1440.0,
-680.0,1440.0,
-640.0,1440.0,
-600.0,1440.0,
-560.0,1440.0,
-520.0,1440.0,
-480.0,1440.0,
-440.0,1440.0,
-400.0,1440.0,76.009363
-360.0,1440.0,74.138668
-320.0,1440.0,72.346311
-280.0,1440.0,70.6322
-240.0,1440.0,68.996224
-200.0,1440.0,67.438192
-160.0,1440.0,65.958087
-120.0,1440.0,64.555776
-80.0,1440.0,63.231117
-40.0,1440.0,61.983958
0.0,1440.0,60.814137
40.0,1440.0,59.721487
80.0,1440.0,58.706279
120.0,1440.0,57.770462
160.0,1440.0,56.917249
200.0,1440.0,56.151189
240.0,1440.0,55.478174
280.0,1440.0,54.905327
320.0,1440.0,54.441048
360.0,1440.0,54.095047
400.0,1440.0,53.878267
440.0,1440.0,53.802636
480.0,1440.0,53.881481
520.0,1440.0,54.128902
560.0,1440.0,54.56028
600.0,1440.0,55.191784
640.0,1440.0,55.976011
680.0,1440.0,56.835955
720.0,1440.0,57.771489
760.0,1440.0,58.78282
800.0,1440.0,59.869798
840.0,1440.0,61.032927
880.0,1440.0,62.272442
920.0,1440.0,63.588476
960.0,1440.0,64.980821
1000.0,1440.0,66.450084
1040.0,1440.0,
1080.0,1440.0,
-1000.0,1480.0,
-960.0,1480.0,
-920.0,1480.0,
-880.0,1480.0,
-840.0,1480.0,
-800.0,1480.0,
-760.0,1480.0,
-720.0,1480.0,
-680.0,1480.0,
-640.0,1480.0,
-600.0,1480.0,
-560.0,1480.0,
-520.0,1480.0,
-480.0,1480.0,
-440.0,1480.0,
-400.0,1480.0,
-360.0,1480.0,
-320.0,1480.0,
-280.0,1480.0,
-240.0,1480.0,
-200.0,1480.0,68.392401
-160.0,1480.0,66.951495
-120.0,1480.0,65.586193
-80.0,1480.0,64.296361
-40.0,1480.0,63.08183
0.0,1480.0,61.942492
40.0,1480.0,60.878192
80.0,1480.0,59.889184
120.0,1480.0,58.977365
160.0,1480.0,58.145853
200.0,1480.0,57.399107
240.0,1480.0,56.742886
280.0,1480.0,56.184159
320.0,1480.0,55.7312
360.0,1480.0,55.393403
400.0,1480.0,55.181478
440.0,1480.0,55.107074
480.0,1480.0,55.183205
520.0,1480.0,55.423689
560.0,1480.0,55.843347
600.0,1480.0,56.458356
640.0,1480.0,57.222584
680.0,1480.0,58.060556
720.0,1480.0,58.972116
760.0,1480.0,59.957212
800.0,1480.0,61.016123
840.0,1480.0,62.149156
880.0,1480.0,
920.0,1480.0,
960.0,1480.0,
1000.0,1480.0,
-960.0,1520.0,
-920.0,1520.0,
-880.0,1520.0,
-840.0,1520.0,
-800.0,1520.0,
-760.0,1520.0,
-720.0,1520.0,
-680.0,1520.0,
-640.0,1520.0,
-600.0,1520.0,
-560.0,1520.0,
-520.0,1520.0,
-480.0,1520.0,
-440.0,1520.0,
-400.0,1520.0,
-360.0,1520.0,
-320.0,1520.0,
-280.0,1520.0,
-240.0,1520.0,
-200.0,1520.0,
-160.0,1520.0,
-120.0,1520.0,
-80.0,1520.0,
-40.0,1520.0,
0.0,1520.0,
40.0,1520.0,
80.0,1520.0,
120.0,1520.0,
160.0,1520.0,
200.0,1520.0,
240.0,1520.0,
280.0,1520.0,
320.0,1520.0,
360.0,1520.0,
400.0,1520.0,
440.0,1520.0,
480.0,1520.0,
520.0,1520.0,
560.0,1520.0,
600.0,1520.0,
640.0,1520.0,
680.0,1520.0,
720.0,1520.0,
760.0,1520.0,
800.0,1520.0,
840.0,1520.0,
880.0,1520.0,
920.0,1520.0,
960.0,1520.0,
-880.0,1560.0,
-840.0,1560.0,
-800.0,1560.0,
-760.0,1560.0,
-720.0,1560.0,
-680.0,1560.0,
-640.0,1560.0,
-600.0,1560.0,
-560.0,1560.0,
-520.0,1560.0,
-480.0,1560.0,
-440.0,1560.0,
-400.0,1560.0,
-360.0,1560.0,
-320.0,1560.0,
-280.0,1560.0,
-240.0,1560.0,
-200.0,1560.0,
-160.0,1560.0,
-120.0,1560.0,
-80.0,1560.0,
-40.0,1560.0,
0.0,1560.0,
40.0,1560.0,
80.0,1560.0,
120.0,1560.0,
160.0,1560.0,
200.0,1560.0,
240.0,1560.0,
280.0,1560.0,
320.0,1560.0,
360.0,1560.0,
400.0,1560.0,
440.0,1560.0,
480.0,1560.0,
520.0,1560.0,
560.0,1560.0,
600.0,1560.0,
640.0,1560.0,
680.0,1560.0,
720.0,1560.0,
760.0,1560.0,
800.0,1560.0,
840.0,1560.0,
880.0,1560.0,
-800.0,1600.0,
-760.0,1600.0,
-720.0,1600.0,
-680.0,1600.0,
-640.0,1600.0,
-600.0,1600.0,
-560.0,1600.0,
-520.0,1600.0,
-480.0,1600.0,
-440.0,1600.0,
-400.0,1600.0,
-360.0,1600.0,
-320.0,1600.0,
-280.0,1600.0,
-240.0,1600.0,
-200.0,1600.0,
-160.0,1600.0,
-120.0,1600.0,
-80.0,1600.0,
-40.0,1600.0,
0.0,1600.0,
40.0,1600.0,
80.0,1600.0,
120.0,1600.0,
160.0,1600.0,
200.0,1600.0,
240.0,1600.0,
280.0,1600.0,
320.0,1600.0,
360.0,1600.0,
400.0,1600.0,
440.0,1600.0,
480.0,1600.0,
520.0,1600.0,
560.0,1600.0,
600.0,1600.0,
640.0,1600.0,
680.0,1600.0,
720.0,1600.0,
760.0,1600.0,
800.0,1600.0,
-720.0,1640.0,
-680.0,1640.0,
-640.0,1640.0,
-600.0,1640.0,
-560.0,1640.0,
-520.0,1640.0,
-480.0,1640.0,
-440.0,1640.0,
-400.0,1640.0,
-360.0,1640.0,
-320.0,1640.0,
-280.0,1640.0,
-240.0,1640.0,
-200.0,1640.0,
-160.0,1640.0,
-120.0,1640.0,
-80.0,1640.0,
-40.0,1640.0,
0.0,1640.0,
40.0,1640.0,
80.0,1640.0,
120.0,1640.0,
160.0,1640.0,
200.0,1640.0,
240.0,1640.0,
280.0,1640.0,
320.0,1640.0,
360.0,1640.0,
400.0,1640.0,
440.0,1640.0,
480.0,1640.0,
520.0,1640.0,
560.0,1640.0,
600.0,1640.0,
640.0,1640.0,
680.0,1640.0,
720.0,1640.0,
-640.0,1680.0,
-600.0,1680.0,
-560.0,1680.0,
-520.0,1680.0,
-480.0,1680.0,
-440.0,1680.0,
-400.0,1680.0,
-360.0,1680.0,
-320.0,1680.0,
-280.0,1680.0,
-240.0,1680.0,
-200.0,1680.0,
-160.0,1680.0,
-120.0,1680.0,
-80.0,1680.0,
-40.0,1680.0,
0.0,1680.0,
40.0,1680.0,
80.0,1680.0,
120.0,1680.0,
160.0,1680.0,
200.0,1680.0,
240.0,1680.0,
280.0,1680.0,
320.0,1680.0,
360.0,1680.0,
400.0,1680.0,
440.0,1680.0,
480.0,1680.0,
520.0,1680.0,
560.0,1680.0,
600.0,1680.0,
640.0,1680.0,
-520.0,1720.0,
-480.0,1720.0,
-440.0,1720.0,
-400.0,1720.0,
-360.0,1720.0,
-320.0,1720.0,
-280.0,1720.0,
-240.0,1720.0,
-200.0,1720.0,
-160.0,1720.0,
-120.0,1720.0,
-80.0,1720.0,
-40.0,1720.0,
0.0,1720.0,
40.0,1720.0,
80.0,1720.0,
120.0,1720.0,
160.0,1720.0,
200.0,1720.0,
240.0,1720.0,
280.0,1720.0,
320.0,1720.0,
360.0,1720.0,
400.0,1720.0,
440.0,1720.0,
480.0,1720.0,
520.0,1720.0,
-360.0,1760.0,
-320.0,1760.0,
-280.0,1760.0,
-240.0,1760.0,
-200.0,1760.0,
-160.0,1760.0,
-120.0,1760.0,
-80.0,1760.0,
-40.0,1760.0,
0.0,1760.0,
40.0,1760.0,
80.0,1760.0,
120.0,1760.0,
160.0,1760.0,
200.0,1760.0,
240.0,1760.0,
280.0,1760.0,
320.0,1760.0,
360.0,1760.0,
0.0,1800.0,
